episode_id,source,modality,prompt_condition,condition,model,hmm_group_true,hmm_group_scored_by,length,mean_loglik_per_step
human__ex_bckp1-B-DC_sim1.pkl,human,human,human,human,human,human,human,79,-1.4430860167293031
human__ex_bckp1-B-DC_sim1.pkl,human,human,human,human,human,human,qwen25_vl_3b__chart__normal,79,-3.8558627552056572
human__ex_bckp1-B-DC_sim1.pkl,human,human,human,human,human,human,qwen25_vl_3b__chart__student,79,-3.8733982360884314
human__ex_bckp1-B-DC_sim1.pkl,human,human,human,human,human,human,qwen25_vl_3b__simulation__normal,79,-3.270647332165039
human__ex_bckp1-B-DC_sim1.pkl,human,human,human,human,human,human,qwen25_vl_3b__simulation__student,79,-2.418831175222142
human__ex_bckp1-B-DC_sim1.pkl,human,human,human,human,human,human,qwen25_vl_7b__chart__normal,79,-2.395770327536665
human__ex_bckp1-B-DC_sim1.pkl,human,human,human,human,human,human,qwen25_vl_7b__chart__student,79,-2.3483298663378798
human__ex_bckp1-B-DC_sim1.pkl,human,human,human,human,human,human,qwen25_vl_7b__simulation__normal,79,-3.1962803994499116
human__ex_bckp1-B-DC_sim1.pkl,human,human,human,human,human,human,qwen25_vl_7b__simulation__student,79,-3.249793484228642
human__ex_bckp1-B-DC_sim1.pkl,human,human,human,human,human,human,qwen35_4b__text__normal,79,-3.6458832339393554
human__ex_bckp1-B-DC_sim1.pkl,human,human,human,human,human,human,qwen35_4b__text__student,79,-2.374932038866142
human__ex_bckp1-B-DC_sim1.pkl,human,human,human,human,human,human,qwen35_9b__text__normal,79,-4.115396749787765
human__ex_bckp1-B-DC_sim1.pkl,human,human,human,human,human,human,qwen35_9b__text__student,79,-2.1152916134204447
human__ex_bckp1-B-DI_sim1.pkl,human,human,human,human,human,human,human,21,-1.2778942945346545
human__ex_bckp1-B-DI_sim1.pkl,human,human,human,human,human,human,qwen25_vl_3b__chart__normal,21,-4.484811967981262
human__ex_bckp1-B-DI_sim1.pkl,human,human,human,human,human,human,qwen25_vl_3b__chart__student,21,-3.5612393418271444
human__ex_bckp1-B-DI_sim1.pkl,human,human,human,human,human,human,qwen25_vl_3b__simulation__normal,21,-3.264079996512414
human__ex_bckp1-B-DI_sim1.pkl,human,human,human,human,human,human,qwen25_vl_3b__simulation__student,21,-2.590961575365453
human__ex_bckp1-B-DI_sim1.pkl,human,human,human,human,human,human,qwen25_vl_7b__chart__normal,21,-2.283170537473447
human__ex_bckp1-B-DI_sim1.pkl,human,human,human,human,human,human,qwen25_vl_7b__chart__student,21,-1.987738247764895
human__ex_bckp1-B-DI_sim1.pkl,human,human,human,human,human,human,qwen25_vl_7b__simulation__normal,21,-1.901817284079163
human__ex_bckp1-B-DI_sim1.pkl,human,human,human,human,human,human,qwen25_vl_7b__simulation__student,21,-4.440994862455036
human__ex_bckp1-B-DI_sim1.pkl,human,human,human,human,human,human,qwen35_4b__text__normal,21,-4.289483176756367
human__ex_bckp1-B-DI_sim1.pkl,human,human,human,human,human,human,qwen35_4b__text__student,21,-3.301606811602161
human__ex_bckp1-B-DI_sim1.pkl,human,human,human,human,human,human,qwen35_9b__text__normal,21,-3.9888993039808427
human__ex_bckp1-B-DI_sim1.pkl,human,human,human,human,human,human,qwen35_9b__text__student,21,-2.7215855316168063
human__ex_bckp2-B-DC_sim1.pkl,human,human,human,human,human,human,human,55,-1.3959584836354357
human__ex_bckp2-B-DC_sim1.pkl,human,human,human,human,human,human,qwen25_vl_3b__chart__normal,55,-4.5311044213858835
human__ex_bckp2-B-DC_sim1.pkl,human,human,human,human,human,human,qwen25_vl_3b__chart__student,55,-4.520846487483364
human__ex_bckp2-B-DC_sim1.pkl,human,human,human,human,human,human,qwen25_vl_3b__simulation__normal,55,-3.712748080287297
human__ex_bckp2-B-DC_sim1.pkl,human,human,human,human,human,human,qwen25_vl_3b__simulation__student,55,-2.0448608954303507
human__ex_bckp2-B-DC_sim1.pkl,human,human,human,human,human,human,qwen25_vl_7b__chart__normal,55,-2.597864813234625
human__ex_bckp2-B-DC_sim1.pkl,human,human,human,human,human,human,qwen25_vl_7b__chart__student,55,-2.6386598454714236
human__ex_bckp2-B-DC_sim1.pkl,human,human,human,human,human,human,qwen25_vl_7b__simulation__normal,55,-2.551042326324246
human__ex_bckp2-B-DC_sim1.pkl,human,human,human,human,human,human,qwen25_vl_7b__simulation__student,55,-4.087349549527286
human__ex_bckp2-B-DC_sim1.pkl,human,human,human,human,human,human,qwen35_4b__text__normal,55,-4.990842235156175
human__ex_bckp2-B-DC_sim1.pkl,human,human,human,human,human,human,qwen35_4b__text__student,55,-2.3104500750794936
human__ex_bckp2-B-DC_sim1.pkl,human,human,human,human,human,human,qwen35_9b__text__normal,55,-4.493775266734848
human__ex_bckp2-B-DC_sim1.pkl,human,human,human,human,human,human,qwen35_9b__text__student,55,-2.2020198005122595
human__ex_bckp3-B-DC_sim1.pkl,human,human,human,human,human,human,human,33,-1.2750749451659722
human__ex_bckp3-B-DC_sim1.pkl,human,human,human,human,human,human,qwen25_vl_3b__chart__normal,33,-4.4584568793910515
human__ex_bckp3-B-DC_sim1.pkl,human,human,human,human,human,human,qwen25_vl_3b__chart__student,33,-2.575762585145061
human__ex_bckp3-B-DC_sim1.pkl,human,human,human,human,human,human,qwen25_vl_3b__simulation__normal,33,-2.503357969841204
human__ex_bckp3-B-DC_sim1.pkl,human,human,human,human,human,human,qwen25_vl_3b__simulation__student,33,-2.62781618537548
human__ex_bckp3-B-DC_sim1.pkl,human,human,human,human,human,human,qwen25_vl_7b__chart__normal,33,-2.2187497637872395
human__ex_bckp3-B-DC_sim1.pkl,human,human,human,human,human,human,qwen25_vl_7b__chart__student,33,-2.4583441659612832
human__ex_bckp3-B-DC_sim1.pkl,human,human,human,human,human,human,qwen25_vl_7b__simulation__normal,33,-3.1745096932365633
human__ex_bckp3-B-DC_sim1.pkl,human,human,human,human,human,human,qwen25_vl_7b__simulation__student,33,-3.61154300628206
human__ex_bckp3-B-DC_sim1.pkl,human,human,human,human,human,human,qwen35_4b__text__normal,33,-2.2137998710206186
human__ex_bckp3-B-DC_sim1.pkl,human,human,human,human,human,human,qwen35_4b__text__student,33,-3.0378078288285373
human__ex_bckp3-B-DC_sim1.pkl,human,human,human,human,human,human,qwen35_9b__text__normal,33,-3.6559194186655155
human__ex_bckp3-B-DC_sim1.pkl,human,human,human,human,human,human,qwen35_9b__text__student,33,-1.8224765162209415
human__ex_bckp3-B-DI_sim1.pkl,human,human,human,human,human,human,human,43,-1.4091700749438816
human__ex_bckp3-B-DI_sim1.pkl,human,human,human,human,human,human,qwen25_vl_3b__chart__normal,43,-3.739999495187124
human__ex_bckp3-B-DI_sim1.pkl,human,human,human,human,human,human,qwen25_vl_3b__chart__student,43,-4.676689344381087
human__ex_bckp3-B-DI_sim1.pkl,human,human,human,human,human,human,qwen25_vl_3b__simulation__normal,43,-4.8632250957560235
human__ex_bckp3-B-DI_sim1.pkl,human,human,human,human,human,human,qwen25_vl_3b__simulation__student,43,-2.722708506916295
human__ex_bckp3-B-DI_sim1.pkl,human,human,human,human,human,human,qwen25_vl_7b__chart__normal,43,-3.013349845054633
human__ex_bckp3-B-DI_sim1.pkl,human,human,human,human,human,human,qwen25_vl_7b__chart__student,43,-2.6907246754831924
human__ex_bckp3-B-DI_sim1.pkl,human,human,human,human,human,human,qwen25_vl_7b__simulation__normal,43,-2.3297877865797667
human__ex_bckp3-B-DI_sim1.pkl,human,human,human,human,human,human,qwen25_vl_7b__simulation__student,43,-3.1859272911840866
human__ex_bckp3-B-DI_sim1.pkl,human,human,human,human,human,human,qwen35_4b__text__normal,43,-3.1379080781685125
human__ex_bckp3-B-DI_sim1.pkl,human,human,human,human,human,human,qwen35_4b__text__student,43,-2.217827404903666
human__ex_bckp3-B-DI_sim1.pkl,human,human,human,human,human,human,qwen35_9b__text__normal,43,-5.4784625036489345
human__ex_bckp3-B-DI_sim1.pkl,human,human,human,human,human,human,qwen35_9b__text__student,43,-1.9722474131341023
human__ex_bckp4-B-DC_sim1.pkl,human,human,human,human,human,human,human,22,-1.8419244239367887
human__ex_bckp4-B-DC_sim1.pkl,human,human,human,human,human,human,qwen25_vl_3b__chart__normal,22,-4.792583773578052
human__ex_bckp4-B-DC_sim1.pkl,human,human,human,human,human,human,qwen25_vl_3b__chart__student,22,-4.155147935483832
human__ex_bckp4-B-DC_sim1.pkl,human,human,human,human,human,human,qwen25_vl_3b__simulation__normal,22,-4.1711169551196114
human__ex_bckp4-B-DC_sim1.pkl,human,human,human,human,human,human,qwen25_vl_3b__simulation__student,22,-3.546051810578165
human__ex_bckp4-B-DC_sim1.pkl,human,human,human,human,human,human,qwen25_vl_7b__chart__normal,22,-2.537811518251465
human__ex_bckp4-B-DC_sim1.pkl,human,human,human,human,human,human,qwen25_vl_7b__chart__student,22,-2.907817976151353
human__ex_bckp4-B-DC_sim1.pkl,human,human,human,human,human,human,qwen25_vl_7b__simulation__normal,22,-3.5845017576884786
human__ex_bckp4-B-DC_sim1.pkl,human,human,human,human,human,human,qwen25_vl_7b__simulation__student,22,-3.7761393582582543
human__ex_bckp4-B-DC_sim1.pkl,human,human,human,human,human,human,qwen35_4b__text__normal,22,-3.96997488423531
human__ex_bckp4-B-DC_sim1.pkl,human,human,human,human,human,human,qwen35_4b__text__student,22,-2.7139720306411985
human__ex_bckp4-B-DC_sim1.pkl,human,human,human,human,human,human,qwen35_9b__text__normal,22,-4.528131824578683
human__ex_bckp4-B-DC_sim1.pkl,human,human,human,human,human,human,qwen35_9b__text__student,22,-2.229403537152621
human__ex_bckp4-B-DI_sim1.pkl,human,human,human,human,human,human,human,33,-1.890539019934834
human__ex_bckp4-B-DI_sim1.pkl,human,human,human,human,human,human,qwen25_vl_3b__chart__normal,33,-4.764978921730732
human__ex_bckp4-B-DI_sim1.pkl,human,human,human,human,human,human,qwen25_vl_3b__chart__student,33,-4.003329545097822
human__ex_bckp4-B-DI_sim1.pkl,human,human,human,human,human,human,qwen25_vl_3b__simulation__normal,33,-3.9831860632127096
human__ex_bckp4-B-DI_sim1.pkl,human,human,human,human,human,human,qwen25_vl_3b__simulation__student,33,-3.661243304901812
human__ex_bckp4-B-DI_sim1.pkl,human,human,human,human,human,human,qwen25_vl_7b__chart__normal,33,-3.104099647960897
human__ex_bckp4-B-DI_sim1.pkl,human,human,human,human,human,human,qwen25_vl_7b__chart__student,33,-3.768567473845937
human__ex_bckp4-B-DI_sim1.pkl,human,human,human,human,human,human,qwen25_vl_7b__simulation__normal,33,-3.5326209561237683
human__ex_bckp4-B-DI_sim1.pkl,human,human,human,human,human,human,qwen25_vl_7b__simulation__student,33,-4.488516526429767
human__ex_bckp4-B-DI_sim1.pkl,human,human,human,human,human,human,qwen35_4b__text__normal,33,-3.8985572248760176
human__ex_bckp4-B-DI_sim1.pkl,human,human,human,human,human,human,qwen35_4b__text__student,33,-2.667823271061972
human__ex_bckp4-B-DI_sim1.pkl,human,human,human,human,human,human,qwen35_9b__text__normal,33,-4.436340829272453
human__ex_bckp4-B-DI_sim1.pkl,human,human,human,human,human,human,qwen35_9b__text__student,33,-2.630393923201829
human__ex_bckp5-B-DI_sim1.pkl,human,human,human,human,human,human,human,30,-1.5684520032456986
human__ex_bckp5-B-DI_sim1.pkl,human,human,human,human,human,human,qwen25_vl_3b__chart__normal,30,-2.699582648997429
human__ex_bckp5-B-DI_sim1.pkl,human,human,human,human,human,human,qwen25_vl_3b__chart__student,30,-3.2478844986370463
human__ex_bckp5-B-DI_sim1.pkl,human,human,human,human,human,human,qwen25_vl_3b__simulation__normal,30,-3.1171148298510514
human__ex_bckp5-B-DI_sim1.pkl,human,human,human,human,human,human,qwen25_vl_3b__simulation__student,30,-3.05487927415016
human__ex_bckp5-B-DI_sim1.pkl,human,human,human,human,human,human,qwen25_vl_7b__chart__normal,30,-1.8464257415483791
human__ex_bckp5-B-DI_sim1.pkl,human,human,human,human,human,human,qwen25_vl_7b__chart__student,30,-3.185116348894021
human__ex_bckp5-B-DI_sim1.pkl,human,human,human,human,human,human,qwen25_vl_7b__simulation__normal,30,-3.5290654309699483
human__ex_bckp5-B-DI_sim1.pkl,human,human,human,human,human,human,qwen25_vl_7b__simulation__student,30,-2.5991676066925202
human__ex_bckp5-B-DI_sim1.pkl,human,human,human,human,human,human,qwen35_4b__text__normal,30,-4.683473729307279
human__ex_bckp5-B-DI_sim1.pkl,human,human,human,human,human,human,qwen35_4b__text__student,30,-2.2302056227619573
human__ex_bckp5-B-DI_sim1.pkl,human,human,human,human,human,human,qwen35_9b__text__normal,30,-4.464054292235095
human__ex_bckp5-B-DI_sim1.pkl,human,human,human,human,human,human,qwen35_9b__text__student,30,-2.119900105644849
human__k1-25oz4ao2_sim1.pkl,human,human,human,human,human,human,human,69,-1.3135632501944006
human__k1-25oz4ao2_sim1.pkl,human,human,human,human,human,human,qwen25_vl_3b__chart__normal,69,-4.813279688797108
human__k1-25oz4ao2_sim1.pkl,human,human,human,human,human,human,qwen25_vl_3b__chart__student,69,-5.0188325504769065
human__k1-25oz4ao2_sim1.pkl,human,human,human,human,human,human,qwen25_vl_3b__simulation__normal,69,-4.313721244097673
human__k1-25oz4ao2_sim1.pkl,human,human,human,human,human,human,qwen25_vl_3b__simulation__student,69,-2.7906289315733215
human__k1-25oz4ao2_sim1.pkl,human,human,human,human,human,human,qwen25_vl_7b__chart__normal,69,-2.2726671929362086
human__k1-25oz4ao2_sim1.pkl,human,human,human,human,human,human,qwen25_vl_7b__chart__student,69,-2.625926324775442
human__k1-25oz4ao2_sim1.pkl,human,human,human,human,human,human,qwen25_vl_7b__simulation__normal,69,-2.4064719904364757
human__k1-25oz4ao2_sim1.pkl,human,human,human,human,human,human,qwen25_vl_7b__simulation__student,69,-4.041273416632561
human__k1-25oz4ao2_sim1.pkl,human,human,human,human,human,human,qwen35_4b__text__normal,69,-4.481529842551247
human__k1-25oz4ao2_sim1.pkl,human,human,human,human,human,human,qwen35_4b__text__student,69,-2.097781198891343
human__k1-25oz4ao2_sim1.pkl,human,human,human,human,human,human,qwen35_9b__text__normal,69,-5.362828749612655
human__k1-25oz4ao2_sim1.pkl,human,human,human,human,human,human,qwen35_9b__text__student,69,-1.8897194526452612
human__k1-2amr9p8_sim1.pkl,human,human,human,human,human,human,human,42,-1.7161533777688367
human__k1-2amr9p8_sim1.pkl,human,human,human,human,human,human,qwen25_vl_3b__chart__normal,42,-4.063648712781534
human__k1-2amr9p8_sim1.pkl,human,human,human,human,human,human,qwen25_vl_3b__chart__student,42,-3.348758323144124
human__k1-2amr9p8_sim1.pkl,human,human,human,human,human,human,qwen25_vl_3b__simulation__normal,42,-3.676442582824137
human__k1-2amr9p8_sim1.pkl,human,human,human,human,human,human,qwen25_vl_3b__simulation__student,42,-3.2883447696677606
human__k1-2amr9p8_sim1.pkl,human,human,human,human,human,human,qwen25_vl_7b__chart__normal,42,-3.0413490548213558
human__k1-2amr9p8_sim1.pkl,human,human,human,human,human,human,qwen25_vl_7b__chart__student,42,-3.0952532418134546
human__k1-2amr9p8_sim1.pkl,human,human,human,human,human,human,qwen25_vl_7b__simulation__normal,42,-3.231302944483218
human__k1-2amr9p8_sim1.pkl,human,human,human,human,human,human,qwen25_vl_7b__simulation__student,42,-3.5298260518722717
human__k1-2amr9p8_sim1.pkl,human,human,human,human,human,human,qwen35_4b__text__normal,42,-3.5435680468121484
human__k1-2amr9p8_sim1.pkl,human,human,human,human,human,human,qwen35_4b__text__student,42,-2.703263362098323
human__k1-2amr9p8_sim1.pkl,human,human,human,human,human,human,qwen35_9b__text__normal,42,-4.121525738999235
human__k1-2amr9p8_sim1.pkl,human,human,human,human,human,human,qwen35_9b__text__student,42,-2.399662723399408
human__k1-2c6xw4w_sim1.pkl,human,human,human,human,human,human,human,58,-1.3876877235320935
human__k1-2c6xw4w_sim1.pkl,human,human,human,human,human,human,qwen25_vl_3b__chart__normal,58,-4.266332456363684
human__k1-2c6xw4w_sim1.pkl,human,human,human,human,human,human,qwen25_vl_3b__chart__student,58,-3.76570680292881
human__k1-2c6xw4w_sim1.pkl,human,human,human,human,human,human,qwen25_vl_3b__simulation__normal,58,-3.3857743912223635
human__k1-2c6xw4w_sim1.pkl,human,human,human,human,human,human,qwen25_vl_3b__simulation__student,58,-2.434036331779964
human__k1-2c6xw4w_sim1.pkl,human,human,human,human,human,human,qwen25_vl_7b__chart__normal,58,-2.5541896073951516
human__k1-2c6xw4w_sim1.pkl,human,human,human,human,human,human,qwen25_vl_7b__chart__student,58,-3.284196856642757
human__k1-2c6xw4w_sim1.pkl,human,human,human,human,human,human,qwen25_vl_7b__simulation__normal,58,-2.2598230751220574
human__k1-2c6xw4w_sim1.pkl,human,human,human,human,human,human,qwen25_vl_7b__simulation__student,58,-3.8669068212113498
human__k1-2c6xw4w_sim1.pkl,human,human,human,human,human,human,qwen35_4b__text__normal,58,-3.1350827298576815
human__k1-2c6xw4w_sim1.pkl,human,human,human,human,human,human,qwen35_4b__text__student,58,-2.257481290261271
human__k1-2c6xw4w_sim1.pkl,human,human,human,human,human,human,qwen35_9b__text__normal,58,-4.322768791557815
human__k1-2c6xw4w_sim1.pkl,human,human,human,human,human,human,qwen35_9b__text__student,58,-1.989845600845827
human__k1-2evmd4o_sim1.pkl,human,human,human,human,human,human,human,23,-1.6581950120773585
human__k1-2evmd4o_sim1.pkl,human,human,human,human,human,human,qwen25_vl_3b__chart__normal,23,-4.677763023726885
human__k1-2evmd4o_sim1.pkl,human,human,human,human,human,human,qwen25_vl_3b__chart__student,23,-4.577202748910327
human__k1-2evmd4o_sim1.pkl,human,human,human,human,human,human,qwen25_vl_3b__simulation__normal,23,-4.24056684308059
human__k1-2evmd4o_sim1.pkl,human,human,human,human,human,human,qwen25_vl_3b__simulation__student,23,-2.491228724775155
human__k1-2evmd4o_sim1.pkl,human,human,human,human,human,human,qwen25_vl_7b__chart__normal,23,-2.6061932601645377
human__k1-2evmd4o_sim1.pkl,human,human,human,human,human,human,qwen25_vl_7b__chart__student,23,-2.375576592727839
human__k1-2evmd4o_sim1.pkl,human,human,human,human,human,human,qwen25_vl_7b__simulation__normal,23,-2.2645641090012005
human__k1-2evmd4o_sim1.pkl,human,human,human,human,human,human,qwen25_vl_7b__simulation__student,23,-3.800211360991758
human__k1-2evmd4o_sim1.pkl,human,human,human,human,human,human,qwen35_4b__text__normal,23,-4.372693224360349
human__k1-2evmd4o_sim1.pkl,human,human,human,human,human,human,qwen35_4b__text__student,23,-2.8670959448766427
human__k1-2evmd4o_sim1.pkl,human,human,human,human,human,human,qwen35_9b__text__normal,23,-4.622074330624714
human__k1-2evmd4o_sim1.pkl,human,human,human,human,human,human,qwen35_9b__text__student,23,-2.1490023800684974
human__k1-2gyhzyv_sim1.pkl,human,human,human,human,human,human,human,20,-1.4989187246209774
human__k1-2gyhzyv_sim1.pkl,human,human,human,human,human,human,qwen25_vl_3b__chart__normal,20,-3.6579844634736047
human__k1-2gyhzyv_sim1.pkl,human,human,human,human,human,human,qwen25_vl_3b__chart__student,20,-4.711519367721414
human__k1-2gyhzyv_sim1.pkl,human,human,human,human,human,human,qwen25_vl_3b__simulation__normal,20,-4.091252627499129
human__k1-2gyhzyv_sim1.pkl,human,human,human,human,human,human,qwen25_vl_3b__simulation__student,20,-3.085592818446231
human__k1-2gyhzyv_sim1.pkl,human,human,human,human,human,human,qwen25_vl_7b__chart__normal,20,-2.535165062383635
human__k1-2gyhzyv_sim1.pkl,human,human,human,human,human,human,qwen25_vl_7b__chart__student,20,-2.305193672952421
human__k1-2gyhzyv_sim1.pkl,human,human,human,human,human,human,qwen25_vl_7b__simulation__normal,20,-1.743669243507312
human__k1-2gyhzyv_sim1.pkl,human,human,human,human,human,human,qwen25_vl_7b__simulation__student,20,-3.072706143020394
human__k1-2gyhzyv_sim1.pkl,human,human,human,human,human,human,qwen35_4b__text__normal,20,-5.043489668810037
human__k1-2gyhzyv_sim1.pkl,human,human,human,human,human,human,qwen35_4b__text__student,20,-2.484997272738664
human__k1-2gyhzyv_sim1.pkl,human,human,human,human,human,human,qwen35_9b__text__normal,20,-4.80556495509566
human__k1-2gyhzyv_sim1.pkl,human,human,human,human,human,human,qwen35_9b__text__student,20,-1.916753910741253
human__k1-2ry26mia_sim1.pkl,human,human,human,human,human,human,human,9,-2.1487770692414956
human__k1-2ry26mia_sim1.pkl,human,human,human,human,human,human,qwen25_vl_3b__chart__normal,9,-4.104897656958624
human__k1-2ry26mia_sim1.pkl,human,human,human,human,human,human,qwen25_vl_3b__chart__student,9,-3.189232823085675
human__k1-2ry26mia_sim1.pkl,human,human,human,human,human,human,qwen25_vl_3b__simulation__normal,9,-2.661045422404589
human__k1-2ry26mia_sim1.pkl,human,human,human,human,human,human,qwen25_vl_3b__simulation__student,9,-3.6868780482420984
human__k1-2ry26mia_sim1.pkl,human,human,human,human,human,human,qwen25_vl_7b__chart__normal,9,-2.128929150905066
human__k1-2ry26mia_sim1.pkl,human,human,human,human,human,human,qwen25_vl_7b__chart__student,9,-3.4060417721995626
human__k1-2ry26mia_sim1.pkl,human,human,human,human,human,human,qwen25_vl_7b__simulation__normal,9,-4.5367410346605705
human__k1-2ry26mia_sim1.pkl,human,human,human,human,human,human,qwen25_vl_7b__simulation__student,9,-3.5686068245429845
human__k1-2ry26mia_sim1.pkl,human,human,human,human,human,human,qwen35_4b__text__normal,9,-3.858907752121478
human__k1-2ry26mia_sim1.pkl,human,human,human,human,human,human,qwen35_4b__text__student,9,-3.3326232824584063
human__k1-2ry26mia_sim1.pkl,human,human,human,human,human,human,qwen35_9b__text__normal,9,-4.255688558484874
human__k1-2ry26mia_sim1.pkl,human,human,human,human,human,human,qwen35_9b__text__student,9,-3.416458777990392
human__k1-3ar8diu9_sim1.pkl,human,human,human,human,human,human,human,89,-1.6925051028286353
human__k1-3ar8diu9_sim1.pkl,human,human,human,human,human,human,qwen25_vl_3b__chart__normal,89,-3.56585607637411
human__k1-3ar8diu9_sim1.pkl,human,human,human,human,human,human,qwen25_vl_3b__chart__student,89,-2.4208158340422656
human__k1-3ar8diu9_sim1.pkl,human,human,human,human,human,human,qwen25_vl_3b__simulation__normal,89,-2.0924898123855695
human__k1-3ar8diu9_sim1.pkl,human,human,human,human,human,human,qwen25_vl_3b__simulation__student,89,-2.251210557273187
human__k1-3ar8diu9_sim1.pkl,human,human,human,human,human,human,qwen25_vl_7b__chart__normal,89,-2.1673109175725283
human__k1-3ar8diu9_sim1.pkl,human,human,human,human,human,human,qwen25_vl_7b__chart__student,89,-2.233603166464255
human__k1-3ar8diu9_sim1.pkl,human,human,human,human,human,human,qwen25_vl_7b__simulation__normal,89,-3.016583323691443
human__k1-3ar8diu9_sim1.pkl,human,human,human,human,human,human,qwen25_vl_7b__simulation__student,89,-3.6113937615993454
human__k1-3ar8diu9_sim1.pkl,human,human,human,human,human,human,qwen35_4b__text__normal,89,-3.8756369496615037
human__k1-3ar8diu9_sim1.pkl,human,human,human,human,human,human,qwen35_4b__text__student,89,-2.91104276622745
human__k1-3ar8diu9_sim1.pkl,human,human,human,human,human,human,qwen35_9b__text__normal,89,-3.1767719576074565
human__k1-3ar8diu9_sim1.pkl,human,human,human,human,human,human,qwen35_9b__text__student,89,-1.9205284133009717
human__k1-3wo8c2w_sim1.pkl,human,human,human,human,human,human,human,93,-1.3024965800636983
human__k1-3wo8c2w_sim1.pkl,human,human,human,human,human,human,qwen25_vl_3b__chart__normal,93,-4.551355476361026
human__k1-3wo8c2w_sim1.pkl,human,human,human,human,human,human,qwen25_vl_3b__chart__student,93,-4.742477162689167
human__k1-3wo8c2w_sim1.pkl,human,human,human,human,human,human,qwen25_vl_3b__simulation__normal,93,-4.038013425456751
human__k1-3wo8c2w_sim1.pkl,human,human,human,human,human,human,qwen25_vl_3b__simulation__student,93,-2.492900952643111
human__k1-3wo8c2w_sim1.pkl,human,human,human,human,human,human,qwen25_vl_7b__chart__normal,93,-2.080543326262104
human__k1-3wo8c2w_sim1.pkl,human,human,human,human,human,human,qwen25_vl_7b__chart__student,93,-2.885539271747879
human__k1-3wo8c2w_sim1.pkl,human,human,human,human,human,human,qwen25_vl_7b__simulation__normal,93,-2.2044342412243014
human__k1-3wo8c2w_sim1.pkl,human,human,human,human,human,human,qwen25_vl_7b__simulation__student,93,-3.8058685061905426
human__k1-3wo8c2w_sim1.pkl,human,human,human,human,human,human,qwen35_4b__text__normal,93,-5.021708581126736
human__k1-3wo8c2w_sim1.pkl,human,human,human,human,human,human,qwen35_4b__text__student,93,-2.2356332156515077
human__k1-3wo8c2w_sim1.pkl,human,human,human,human,human,human,qwen35_9b__text__normal,93,-4.828445898303005
human__k1-3wo8c2w_sim1.pkl,human,human,human,human,human,human,qwen35_9b__text__student,93,-2.021665275107492
human__k1-4oujvbay_sim1.pkl,human,human,human,human,human,human,human,35,-1.4987139129015514
human__k1-4oujvbay_sim1.pkl,human,human,human,human,human,human,qwen25_vl_3b__chart__normal,35,-4.447198325568045
human__k1-4oujvbay_sim1.pkl,human,human,human,human,human,human,qwen25_vl_3b__chart__student,35,-2.8565496674759596
human__k1-4oujvbay_sim1.pkl,human,human,human,human,human,human,qwen25_vl_3b__simulation__normal,35,-2.5406588879476617
human__k1-4oujvbay_sim1.pkl,human,human,human,human,human,human,qwen25_vl_3b__simulation__student,35,-2.0715539120026785
human__k1-4oujvbay_sim1.pkl,human,human,human,human,human,human,qwen25_vl_7b__chart__normal,35,-1.7895103967844657
human__k1-4oujvbay_sim1.pkl,human,human,human,human,human,human,qwen25_vl_7b__chart__student,35,-2.0407530691221107
human__k1-4oujvbay_sim1.pkl,human,human,human,human,human,human,qwen25_vl_7b__simulation__normal,35,-3.4593751712986873
human__k1-4oujvbay_sim1.pkl,human,human,human,human,human,human,qwen25_vl_7b__simulation__student,35,-3.645448569725939
human__k1-4oujvbay_sim1.pkl,human,human,human,human,human,human,qwen35_4b__text__normal,35,-2.691397227305172
human__k1-4oujvbay_sim1.pkl,human,human,human,human,human,human,qwen35_4b__text__student,35,-2.517785430430434
human__k1-4oujvbay_sim1.pkl,human,human,human,human,human,human,qwen35_9b__text__normal,35,-3.265730685604345
human__k1-4oujvbay_sim1.pkl,human,human,human,human,human,human,qwen35_9b__text__student,35,-2.012248536162973
human__k1-5cx5i7tg_sim1.pkl,human,human,human,human,human,human,human,85,-1.205861109122422
human__k1-5cx5i7tg_sim1.pkl,human,human,human,human,human,human,qwen25_vl_3b__chart__normal,85,-4.532851078842851
human__k1-5cx5i7tg_sim1.pkl,human,human,human,human,human,human,qwen25_vl_3b__chart__student,85,-4.01609036674772
human__k1-5cx5i7tg_sim1.pkl,human,human,human,human,human,human,qwen25_vl_3b__simulation__normal,85,-3.5435843447152693
human__k1-5cx5i7tg_sim1.pkl,human,human,human,human,human,human,qwen25_vl_3b__simulation__student,85,-2.7359731773931633
human__k1-5cx5i7tg_sim1.pkl,human,human,human,human,human,human,qwen25_vl_7b__chart__normal,85,-2.261350395883335
human__k1-5cx5i7tg_sim1.pkl,human,human,human,human,human,human,qwen25_vl_7b__chart__student,85,-2.7740831977360196
human__k1-5cx5i7tg_sim1.pkl,human,human,human,human,human,human,qwen25_vl_7b__simulation__normal,85,-2.3841302899479486
human__k1-5cx5i7tg_sim1.pkl,human,human,human,human,human,human,qwen25_vl_7b__simulation__student,85,-4.351492661824789
human__k1-5cx5i7tg_sim1.pkl,human,human,human,human,human,human,qwen35_4b__text__normal,85,-3.8756624189725155
human__k1-5cx5i7tg_sim1.pkl,human,human,human,human,human,human,qwen35_4b__text__student,85,-2.4456149060209267
human__k1-5cx5i7tg_sim1.pkl,human,human,human,human,human,human,qwen35_9b__text__normal,85,-4.673353268448683
human__k1-5cx5i7tg_sim1.pkl,human,human,human,human,human,human,qwen35_9b__text__student,85,-2.0430040956908595
human__k1-6poawdbw_sim1.pkl,human,human,human,human,human,human,human,44,-1.2392933038464058
human__k1-6poawdbw_sim1.pkl,human,human,human,human,human,human,qwen25_vl_3b__chart__normal,44,-4.06084187407227
human__k1-6poawdbw_sim1.pkl,human,human,human,human,human,human,qwen25_vl_3b__chart__student,44,-3.5594252673877107
human__k1-6poawdbw_sim1.pkl,human,human,human,human,human,human,qwen25_vl_3b__simulation__normal,44,-3.028763040561141
human__k1-6poawdbw_sim1.pkl,human,human,human,human,human,human,qwen25_vl_3b__simulation__student,44,-2.2794633386391294
human__k1-6poawdbw_sim1.pkl,human,human,human,human,human,human,qwen25_vl_7b__chart__normal,44,-2.0539458232257943
human__k1-6poawdbw_sim1.pkl,human,human,human,human,human,human,qwen25_vl_7b__chart__student,44,-2.970969982311165
human__k1-6poawdbw_sim1.pkl,human,human,human,human,human,human,qwen25_vl_7b__simulation__normal,44,-2.2833144108517125
human__k1-6poawdbw_sim1.pkl,human,human,human,human,human,human,qwen25_vl_7b__simulation__student,44,-3.4773942615025546
human__k1-6poawdbw_sim1.pkl,human,human,human,human,human,human,qwen35_4b__text__normal,44,-3.783104389554907
human__k1-6poawdbw_sim1.pkl,human,human,human,human,human,human,qwen35_4b__text__student,44,-2.555129126791712
human__k1-6poawdbw_sim1.pkl,human,human,human,human,human,human,qwen35_9b__text__normal,44,-3.810204887511205
human__k1-6poawdbw_sim1.pkl,human,human,human,human,human,human,qwen35_9b__text__student,44,-2.072202690348288
human__k1-6x2on43m_sim1.pkl,human,human,human,human,human,human,human,174,-1.2979829530728637
human__k1-6x2on43m_sim1.pkl,human,human,human,human,human,human,qwen25_vl_3b__chart__normal,174,-3.923217949795297
human__k1-6x2on43m_sim1.pkl,human,human,human,human,human,human,qwen25_vl_3b__chart__student,174,-4.512591962468481
human__k1-6x2on43m_sim1.pkl,human,human,human,human,human,human,qwen25_vl_3b__simulation__normal,174,-3.942261679342029
human__k1-6x2on43m_sim1.pkl,human,human,human,human,human,human,qwen25_vl_3b__simulation__student,174,-2.3244094438503753
human__k1-6x2on43m_sim1.pkl,human,human,human,human,human,human,qwen25_vl_7b__chart__normal,174,-2.3882516006987156
human__k1-6x2on43m_sim1.pkl,human,human,human,human,human,human,qwen25_vl_7b__chart__student,174,-2.711099666443041
human__k1-6x2on43m_sim1.pkl,human,human,human,human,human,human,qwen25_vl_7b__simulation__normal,174,-2.243173921543511
human__k1-6x2on43m_sim1.pkl,human,human,human,human,human,human,qwen25_vl_7b__simulation__student,174,-3.934559658170454
human__k1-6x2on43m_sim1.pkl,human,human,human,human,human,human,qwen35_4b__text__normal,174,-3.947434611529022
human__k1-6x2on43m_sim1.pkl,human,human,human,human,human,human,qwen35_4b__text__student,174,-2.267346636357291
human__k1-6x2on43m_sim1.pkl,human,human,human,human,human,human,qwen35_9b__text__normal,174,-5.1558073998107
human__k1-6x2on43m_sim1.pkl,human,human,human,human,human,human,qwen35_9b__text__student,174,-1.8720777119666538
human__k1-7fg7oyno_sim1.pkl,human,human,human,human,human,human,human,7,-2.1479662458546462
human__k1-7fg7oyno_sim1.pkl,human,human,human,human,human,human,qwen25_vl_3b__chart__normal,7,-5.38214304850315
human__k1-7fg7oyno_sim1.pkl,human,human,human,human,human,human,qwen25_vl_3b__chart__student,7,-3.14471803068822
human__k1-7fg7oyno_sim1.pkl,human,human,human,human,human,human,qwen25_vl_3b__simulation__normal,7,-4.906735087146532
human__k1-7fg7oyno_sim1.pkl,human,human,human,human,human,human,qwen25_vl_3b__simulation__student,7,-3.794074787591331
human__k1-7fg7oyno_sim1.pkl,human,human,human,human,human,human,qwen25_vl_7b__chart__normal,7,-3.530014277613733
human__k1-7fg7oyno_sim1.pkl,human,human,human,human,human,human,qwen25_vl_7b__chart__student,7,-1.7691783685410791
human__k1-7fg7oyno_sim1.pkl,human,human,human,human,human,human,qwen25_vl_7b__simulation__normal,7,-4.147273422149863
human__k1-7fg7oyno_sim1.pkl,human,human,human,human,human,human,qwen25_vl_7b__simulation__student,7,-3.9027155303937513
human__k1-7fg7oyno_sim1.pkl,human,human,human,human,human,human,qwen35_4b__text__normal,7,-5.2047030061326085
human__k1-7fg7oyno_sim1.pkl,human,human,human,human,human,human,qwen35_4b__text__student,7,-3.7600155747433326
human__k1-7fg7oyno_sim1.pkl,human,human,human,human,human,human,qwen35_9b__text__normal,7,-3.6543525323739594
human__k1-7fg7oyno_sim1.pkl,human,human,human,human,human,human,qwen35_9b__text__student,7,-3.74335798104594
human__k1-7tn4j5r_sim1.pkl,human,human,human,human,human,human,human,17,-2.259731235613034
human__k1-7tn4j5r_sim1.pkl,human,human,human,human,human,human,qwen25_vl_3b__chart__normal,17,-3.6541557250141965
human__k1-7tn4j5r_sim1.pkl,human,human,human,human,human,human,qwen25_vl_3b__chart__student,17,-4.308449223352068
human__k1-7tn4j5r_sim1.pkl,human,human,human,human,human,human,qwen25_vl_3b__simulation__normal,17,-3.9241563826886114
human__k1-7tn4j5r_sim1.pkl,human,human,human,human,human,human,qwen25_vl_3b__simulation__student,17,-3.656336380968557
human__k1-7tn4j5r_sim1.pkl,human,human,human,human,human,human,qwen25_vl_7b__chart__normal,17,-2.7425318280539237
human__k1-7tn4j5r_sim1.pkl,human,human,human,human,human,human,qwen25_vl_7b__chart__student,17,-3.9673936313804745
human__k1-7tn4j5r_sim1.pkl,human,human,human,human,human,human,qwen25_vl_7b__simulation__normal,17,-2.843302768743249
human__k1-7tn4j5r_sim1.pkl,human,human,human,human,human,human,qwen25_vl_7b__simulation__student,17,-4.110244765927382
human__k1-7tn4j5r_sim1.pkl,human,human,human,human,human,human,qwen35_4b__text__normal,17,-5.05074593573189
human__k1-7tn4j5r_sim1.pkl,human,human,human,human,human,human,qwen35_4b__text__student,17,-2.9683453727105813
human__k1-7tn4j5r_sim1.pkl,human,human,human,human,human,human,qwen35_9b__text__normal,17,-4.10397967802057
human__k1-7tn4j5r_sim1.pkl,human,human,human,human,human,human,qwen35_9b__text__student,17,-2.5592585077870718
human__k1-7v5rqcw_sim1.pkl,human,human,human,human,human,human,human,87,-1.3324318900456043
human__k1-7v5rqcw_sim1.pkl,human,human,human,human,human,human,qwen25_vl_3b__chart__normal,87,-4.165099287426168
human__k1-7v5rqcw_sim1.pkl,human,human,human,human,human,human,qwen25_vl_3b__chart__student,87,-3.454235056186626
human__k1-7v5rqcw_sim1.pkl,human,human,human,human,human,human,qwen25_vl_3b__simulation__normal,87,-3.108354706150237
human__k1-7v5rqcw_sim1.pkl,human,human,human,human,human,human,qwen25_vl_3b__simulation__student,87,-2.5494783082013934
human__k1-7v5rqcw_sim1.pkl,human,human,human,human,human,human,qwen25_vl_7b__chart__normal,87,-2.3570234303247277
human__k1-7v5rqcw_sim1.pkl,human,human,human,human,human,human,qwen25_vl_7b__chart__student,87,-2.4765910019160287
human__k1-7v5rqcw_sim1.pkl,human,human,human,human,human,human,qwen25_vl_7b__simulation__normal,87,-2.818280319230846
human__k1-7v5rqcw_sim1.pkl,human,human,human,human,human,human,qwen25_vl_7b__simulation__student,87,-4.030193717364421
human__k1-7v5rqcw_sim1.pkl,human,human,human,human,human,human,qwen35_4b__text__normal,87,-3.0020900237093056
human__k1-7v5rqcw_sim1.pkl,human,human,human,human,human,human,qwen35_4b__text__student,87,-2.4719574693850395
human__k1-7v5rqcw_sim1.pkl,human,human,human,human,human,human,qwen35_9b__text__normal,87,-3.8287266774542674
human__k1-7v5rqcw_sim1.pkl,human,human,human,human,human,human,qwen35_9b__text__student,87,-1.9839877011454767
human__k1-844jdzzv_sim1.pkl,human,human,human,human,human,human,human,196,-1.2686658456013
human__k1-844jdzzv_sim1.pkl,human,human,human,human,human,human,qwen25_vl_3b__chart__normal,196,-5.004165075568396
human__k1-844jdzzv_sim1.pkl,human,human,human,human,human,human,qwen25_vl_3b__chart__student,196,-5.371860505218912
human__k1-844jdzzv_sim1.pkl,human,human,human,human,human,human,qwen25_vl_3b__simulation__normal,196,-3.9928562804118735
human__k1-844jdzzv_sim1.pkl,human,human,human,human,human,human,qwen25_vl_3b__simulation__student,196,-2.2457923195144023
human__k1-844jdzzv_sim1.pkl,human,human,human,human,human,human,qwen25_vl_7b__chart__normal,196,-1.628771528668694
human__k1-844jdzzv_sim1.pkl,human,human,human,human,human,human,qwen25_vl_7b__chart__student,196,-2.317698477893353
human__k1-844jdzzv_sim1.pkl,human,human,human,human,human,human,qwen25_vl_7b__simulation__normal,196,-2.0107588076906304
human__k1-844jdzzv_sim1.pkl,human,human,human,human,human,human,qwen25_vl_7b__simulation__student,196,-4.979133813510919
human__k1-844jdzzv_sim1.pkl,human,human,human,human,human,human,qwen35_4b__text__normal,196,-5.951499720721816
human__k1-844jdzzv_sim1.pkl,human,human,human,human,human,human,qwen35_4b__text__student,196,-2.3511573877219534
human__k1-844jdzzv_sim1.pkl,human,human,human,human,human,human,qwen35_9b__text__normal,196,-5.249453824570142
human__k1-844jdzzv_sim1.pkl,human,human,human,human,human,human,qwen35_9b__text__student,196,-2.0742205633323363
human__k1-8sivzms8_sim1.pkl,human,human,human,human,human,human,human,52,-1.3754679739010167
human__k1-8sivzms8_sim1.pkl,human,human,human,human,human,human,qwen25_vl_3b__chart__normal,52,-4.1971987951356775
human__k1-8sivzms8_sim1.pkl,human,human,human,human,human,human,qwen25_vl_3b__chart__student,52,-4.857050819328228
human__k1-8sivzms8_sim1.pkl,human,human,human,human,human,human,qwen25_vl_3b__simulation__normal,52,-4.557090762959387
human__k1-8sivzms8_sim1.pkl,human,human,human,human,human,human,qwen25_vl_3b__simulation__student,52,-3.2538201359850634
human__k1-8sivzms8_sim1.pkl,human,human,human,human,human,human,qwen25_vl_7b__chart__normal,52,-2.5524959117976014
human__k1-8sivzms8_sim1.pkl,human,human,human,human,human,human,qwen25_vl_7b__chart__student,52,-2.6643510935836185
human__k1-8sivzms8_sim1.pkl,human,human,human,human,human,human,qwen25_vl_7b__simulation__normal,52,-3.0056678117379882
human__k1-8sivzms8_sim1.pkl,human,human,human,human,human,human,qwen25_vl_7b__simulation__student,52,-3.9493100055351147
human__k1-8sivzms8_sim1.pkl,human,human,human,human,human,human,qwen35_4b__text__normal,52,-3.503607673623495
human__k1-8sivzms8_sim1.pkl,human,human,human,human,human,human,qwen35_4b__text__student,52,-2.4221257724929997
human__k1-8sivzms8_sim1.pkl,human,human,human,human,human,human,qwen35_9b__text__normal,52,-5.8793281661318435
human__k1-8sivzms8_sim1.pkl,human,human,human,human,human,human,qwen35_9b__text__student,52,-1.716443248277718
human__k1-8wnwvt2o_sim1.pkl,human,human,human,human,human,human,human,14,-1.2978861089895077
human__k1-8wnwvt2o_sim1.pkl,human,human,human,human,human,human,qwen25_vl_3b__chart__normal,14,-4.309258668645486
human__k1-8wnwvt2o_sim1.pkl,human,human,human,human,human,human,qwen25_vl_3b__chart__student,14,-3.5207874643172126
human__k1-8wnwvt2o_sim1.pkl,human,human,human,human,human,human,qwen25_vl_3b__simulation__normal,14,-2.6824420947909857
human__k1-8wnwvt2o_sim1.pkl,human,human,human,human,human,human,qwen25_vl_3b__simulation__student,14,-1.921892925400369
human__k1-8wnwvt2o_sim1.pkl,human,human,human,human,human,human,qwen25_vl_7b__chart__normal,14,-1.574674572062396
human__k1-8wnwvt2o_sim1.pkl,human,human,human,human,human,human,qwen25_vl_7b__chart__student,14,-1.7683533677317664
human__k1-8wnwvt2o_sim1.pkl,human,human,human,human,human,human,qwen25_vl_7b__simulation__normal,14,-2.4663716618546863
human__k1-8wnwvt2o_sim1.pkl,human,human,human,human,human,human,qwen25_vl_7b__simulation__student,14,-3.920423398671324
human__k1-8wnwvt2o_sim1.pkl,human,human,human,human,human,human,qwen35_4b__text__normal,14,-3.231991677119568
human__k1-8wnwvt2o_sim1.pkl,human,human,human,human,human,human,qwen35_4b__text__student,14,-2.3423568315194805
human__k1-8wnwvt2o_sim1.pkl,human,human,human,human,human,human,qwen35_9b__text__normal,14,-4.3226966793161
human__k1-8wnwvt2o_sim1.pkl,human,human,human,human,human,human,qwen35_9b__text__student,14,-2.64780497054752
human__k1-8yhczhdd_sim1.pkl,human,human,human,human,human,human,human,13,-1.7108495059008226
human__k1-8yhczhdd_sim1.pkl,human,human,human,human,human,human,qwen25_vl_3b__chart__normal,13,-5.4837738468682335
human__k1-8yhczhdd_sim1.pkl,human,human,human,human,human,human,qwen25_vl_3b__chart__student,13,-3.595116835695094
human__k1-8yhczhdd_sim1.pkl,human,human,human,human,human,human,qwen25_vl_3b__simulation__normal,13,-4.333953565114225
human__k1-8yhczhdd_sim1.pkl,human,human,human,human,human,human,qwen25_vl_3b__simulation__student,13,-2.792716186179835
human__k1-8yhczhdd_sim1.pkl,human,human,human,human,human,human,qwen25_vl_7b__chart__normal,13,-3.152383543728663
human__k1-8yhczhdd_sim1.pkl,human,human,human,human,human,human,qwen25_vl_7b__chart__student,13,-1.8066191307859358
human__k1-8yhczhdd_sim1.pkl,human,human,human,human,human,human,qwen25_vl_7b__simulation__normal,13,-2.8974554554759857
human__k1-8yhczhdd_sim1.pkl,human,human,human,human,human,human,qwen25_vl_7b__simulation__student,13,-4.263910762418915
human__k1-8yhczhdd_sim1.pkl,human,human,human,human,human,human,qwen35_4b__text__normal,13,-5.450255797915386
human__k1-8yhczhdd_sim1.pkl,human,human,human,human,human,human,qwen35_4b__text__student,13,-3.5401999165150926
human__k1-8yhczhdd_sim1.pkl,human,human,human,human,human,human,qwen35_9b__text__normal,13,-3.8115701457320483
human__k1-8yhczhdd_sim1.pkl,human,human,human,human,human,human,qwen35_9b__text__student,13,-2.247934944633104
human__k1-9k2w3mio_sim1.pkl,human,human,human,human,human,human,human,34,-1.5990574642899213
human__k1-9k2w3mio_sim1.pkl,human,human,human,human,human,human,qwen25_vl_3b__chart__normal,34,-4.172607192637756
human__k1-9k2w3mio_sim1.pkl,human,human,human,human,human,human,qwen25_vl_3b__chart__student,34,-3.428896065964373
human__k1-9k2w3mio_sim1.pkl,human,human,human,human,human,human,qwen25_vl_3b__simulation__normal,34,-3.554652467767642
human__k1-9k2w3mio_sim1.pkl,human,human,human,human,human,human,qwen25_vl_3b__simulation__student,34,-3.162546023006913
human__k1-9k2w3mio_sim1.pkl,human,human,human,human,human,human,qwen25_vl_7b__chart__normal,34,-2.6884230014124295
human__k1-9k2w3mio_sim1.pkl,human,human,human,human,human,human,qwen25_vl_7b__chart__student,34,-2.550985636358267
human__k1-9k2w3mio_sim1.pkl,human,human,human,human,human,human,qwen25_vl_7b__simulation__normal,34,-2.4712374647669635
human__k1-9k2w3mio_sim1.pkl,human,human,human,human,human,human,qwen25_vl_7b__simulation__student,34,-3.918809777903824
human__k1-9k2w3mio_sim1.pkl,human,human,human,human,human,human,qwen35_4b__text__normal,34,-3.648036325346058
human__k1-9k2w3mio_sim1.pkl,human,human,human,human,human,human,qwen35_4b__text__student,34,-2.788992298077215
human__k1-9k2w3mio_sim1.pkl,human,human,human,human,human,human,qwen35_9b__text__normal,34,-3.7503033711256553
human__k1-9k2w3mio_sim1.pkl,human,human,human,human,human,human,qwen35_9b__text__student,34,-2.189812603819284
human__k1-9uwp7vnf_sim1.pkl,human,human,human,human,human,human,human,40,-1.2205338232235323
human__k1-9uwp7vnf_sim1.pkl,human,human,human,human,human,human,qwen25_vl_3b__chart__normal,40,-5.045412810653091
human__k1-9uwp7vnf_sim1.pkl,human,human,human,human,human,human,qwen25_vl_3b__chart__student,40,-3.3026628671277694
human__k1-9uwp7vnf_sim1.pkl,human,human,human,human,human,human,qwen25_vl_3b__simulation__normal,40,-3.193559915655274
human__k1-9uwp7vnf_sim1.pkl,human,human,human,human,human,human,qwen25_vl_3b__simulation__student,40,-2.6493537503897993
human__k1-9uwp7vnf_sim1.pkl,human,human,human,human,human,human,qwen25_vl_7b__chart__normal,40,-2.055033053874393
human__k1-9uwp7vnf_sim1.pkl,human,human,human,human,human,human,qwen25_vl_7b__chart__student,40,-2.4753912913888247
human__k1-9uwp7vnf_sim1.pkl,human,human,human,human,human,human,qwen25_vl_7b__simulation__normal,40,-2.280794290518961
human__k1-9uwp7vnf_sim1.pkl,human,human,human,human,human,human,qwen25_vl_7b__simulation__student,40,-4.149166678561725
human__k1-9uwp7vnf_sim1.pkl,human,human,human,human,human,human,qwen35_4b__text__normal,40,-3.3635538926629365
human__k1-9uwp7vnf_sim1.pkl,human,human,human,human,human,human,qwen35_4b__text__student,40,-2.9247810426279632
human__k1-9uwp7vnf_sim1.pkl,human,human,human,human,human,human,qwen35_9b__text__normal,40,-3.485475088878588
human__k1-9uwp7vnf_sim1.pkl,human,human,human,human,human,human,qwen35_9b__text__student,40,-2.0066453298912825
human__k1-a9vxzvuf_sim1.pkl,human,human,human,human,human,human,human,61,-1.3760948303540732
human__k1-a9vxzvuf_sim1.pkl,human,human,human,human,human,human,qwen25_vl_3b__chart__normal,61,-4.055000104125713
human__k1-a9vxzvuf_sim1.pkl,human,human,human,human,human,human,qwen25_vl_3b__chart__student,61,-4.462841569375751
human__k1-a9vxzvuf_sim1.pkl,human,human,human,human,human,human,qwen25_vl_3b__simulation__normal,61,-3.8601046472230145
human__k1-a9vxzvuf_sim1.pkl,human,human,human,human,human,human,qwen25_vl_3b__simulation__student,61,-2.9417538193386767
human__k1-a9vxzvuf_sim1.pkl,human,human,human,human,human,human,qwen25_vl_7b__chart__normal,61,-2.496114371329653
human__k1-a9vxzvuf_sim1.pkl,human,human,human,human,human,human,qwen25_vl_7b__chart__student,61,-2.577985640525338
human__k1-a9vxzvuf_sim1.pkl,human,human,human,human,human,human,qwen25_vl_7b__simulation__normal,61,-2.8336273727387726
human__k1-a9vxzvuf_sim1.pkl,human,human,human,human,human,human,qwen25_vl_7b__simulation__student,61,-3.9902964500142253
human__k1-a9vxzvuf_sim1.pkl,human,human,human,human,human,human,qwen35_4b__text__normal,61,-3.0934347725180262
human__k1-a9vxzvuf_sim1.pkl,human,human,human,human,human,human,qwen35_4b__text__student,61,-2.31389128353175
human__k1-a9vxzvuf_sim1.pkl,human,human,human,human,human,human,qwen35_9b__text__normal,61,-5.2136691839540115
human__k1-a9vxzvuf_sim1.pkl,human,human,human,human,human,human,qwen35_9b__text__student,61,-1.9349305532224859
human__k1-e4s6ose8_sim1.pkl,human,human,human,human,human,human,human,84,-0.9379948490600182
human__k1-e4s6ose8_sim1.pkl,human,human,human,human,human,human,qwen25_vl_3b__chart__normal,84,-5.665902988884365
human__k1-e4s6ose8_sim1.pkl,human,human,human,human,human,human,qwen25_vl_3b__chart__student,84,-5.373300619344751
human__k1-e4s6ose8_sim1.pkl,human,human,human,human,human,human,qwen25_vl_3b__simulation__normal,84,-4.144007610923244
human__k1-e4s6ose8_sim1.pkl,human,human,human,human,human,human,qwen25_vl_3b__simulation__student,84,-1.4169520882562678
human__k1-e4s6ose8_sim1.pkl,human,human,human,human,human,human,qwen25_vl_7b__chart__normal,84,-1.574193364433018
human__k1-e4s6ose8_sim1.pkl,human,human,human,human,human,human,qwen25_vl_7b__chart__student,84,-1.6499292434217228
human__k1-e4s6ose8_sim1.pkl,human,human,human,human,human,human,qwen25_vl_7b__simulation__normal,84,-1.3280628019391023
human__k1-e4s6ose8_sim1.pkl,human,human,human,human,human,human,qwen25_vl_7b__simulation__student,84,-5.548732912536377
human__k1-e4s6ose8_sim1.pkl,human,human,human,human,human,human,qwen35_4b__text__normal,84,-6.380861373591581
human__k1-e4s6ose8_sim1.pkl,human,human,human,human,human,human,qwen35_4b__text__student,84,-2.792353691761267
human__k1-e4s6ose8_sim1.pkl,human,human,human,human,human,human,qwen35_9b__text__normal,84,-5.3366746197477095
human__k1-e4s6ose8_sim1.pkl,human,human,human,human,human,human,qwen35_9b__text__student,84,-1.9452371441218288
human__k1-egrbxr77_sim1.pkl,human,human,human,human,human,human,human,38,-1.0824114320204377
human__k1-egrbxr77_sim1.pkl,human,human,human,human,human,human,qwen25_vl_3b__chart__normal,38,-4.412211703068815
human__k1-egrbxr77_sim1.pkl,human,human,human,human,human,human,qwen25_vl_3b__chart__student,38,-3.0404556914991336
human__k1-egrbxr77_sim1.pkl,human,human,human,human,human,human,qwen25_vl_3b__simulation__normal,38,-2.838723856591125
human__k1-egrbxr77_sim1.pkl,human,human,human,human,human,human,qwen25_vl_3b__simulation__student,38,-1.9032951642489113
human__k1-egrbxr77_sim1.pkl,human,human,human,human,human,human,qwen25_vl_7b__chart__normal,38,-1.9471499367662652
human__k1-egrbxr77_sim1.pkl,human,human,human,human,human,human,qwen25_vl_7b__chart__student,38,-1.9615531406679196
human__k1-egrbxr77_sim1.pkl,human,human,human,human,human,human,qwen25_vl_7b__simulation__normal,38,-1.9158807750070839
human__k1-egrbxr77_sim1.pkl,human,human,human,human,human,human,qwen25_vl_7b__simulation__student,38,-4.0636244412893605
human__k1-egrbxr77_sim1.pkl,human,human,human,human,human,human,qwen35_4b__text__normal,38,-3.5687496055027506
human__k1-egrbxr77_sim1.pkl,human,human,human,human,human,human,qwen35_4b__text__student,38,-2.370278216347153
human__k1-egrbxr77_sim1.pkl,human,human,human,human,human,human,qwen35_9b__text__normal,38,-3.461680809634359
human__k1-egrbxr77_sim1.pkl,human,human,human,human,human,human,qwen35_9b__text__student,38,-2.265255808403593
human__k1-ey55om7m_sim1.pkl,human,human,human,human,human,human,human,133,-1.0355081324750983
human__k1-ey55om7m_sim1.pkl,human,human,human,human,human,human,qwen25_vl_3b__chart__normal,133,-4.1559735188023
human__k1-ey55om7m_sim1.pkl,human,human,human,human,human,human,qwen25_vl_3b__chart__student,133,-2.7448532760627105
human__k1-ey55om7m_sim1.pkl,human,human,human,human,human,human,qwen25_vl_3b__simulation__normal,133,-2.504389567396263
human__k1-ey55om7m_sim1.pkl,human,human,human,human,human,human,qwen25_vl_3b__simulation__student,133,-2.1785600724111522
human__k1-ey55om7m_sim1.pkl,human,human,human,human,human,human,qwen25_vl_7b__chart__normal,133,-1.8249539620399935
human__k1-ey55om7m_sim1.pkl,human,human,human,human,human,human,qwen25_vl_7b__chart__student,133,-2.255667364775264
human__k1-ey55om7m_sim1.pkl,human,human,human,human,human,human,qwen25_vl_7b__simulation__normal,133,-2.246338113429348
human__k1-ey55om7m_sim1.pkl,human,human,human,human,human,human,qwen25_vl_7b__simulation__student,133,-3.565218904523596
human__k1-ey55om7m_sim1.pkl,human,human,human,human,human,human,qwen35_4b__text__normal,133,-2.741414718010385
human__k1-ey55om7m_sim1.pkl,human,human,human,human,human,human,qwen35_4b__text__student,133,-2.4554930522374727
human__k1-ey55om7m_sim1.pkl,human,human,human,human,human,human,qwen35_9b__text__normal,133,-3.0825150388978444
human__k1-ey55om7m_sim1.pkl,human,human,human,human,human,human,qwen35_9b__text__student,133,-1.9700329925360305
human__k1-f4pc8r3d_sim1.pkl,human,human,human,human,human,human,human,102,-1.0461956411319777
human__k1-f4pc8r3d_sim1.pkl,human,human,human,human,human,human,qwen25_vl_3b__chart__normal,102,-4.43737578485228
human__k1-f4pc8r3d_sim1.pkl,human,human,human,human,human,human,qwen25_vl_3b__chart__student,102,-3.4623862644250796
human__k1-f4pc8r3d_sim1.pkl,human,human,human,human,human,human,qwen25_vl_3b__simulation__normal,102,-3.263508594820473
human__k1-f4pc8r3d_sim1.pkl,human,human,human,human,human,human,qwen25_vl_3b__simulation__student,102,-1.9704173058487258
human__k1-f4pc8r3d_sim1.pkl,human,human,human,human,human,human,qwen25_vl_7b__chart__normal,102,-1.778588904436905
human__k1-f4pc8r3d_sim1.pkl,human,human,human,human,human,human,qwen25_vl_7b__chart__student,102,-2.031972867105147
human__k1-f4pc8r3d_sim1.pkl,human,human,human,human,human,human,qwen25_vl_7b__simulation__normal,102,-2.142718290898508
human__k1-f4pc8r3d_sim1.pkl,human,human,human,human,human,human,qwen25_vl_7b__simulation__student,102,-4.396582512542373
human__k1-f4pc8r3d_sim1.pkl,human,human,human,human,human,human,qwen35_4b__text__normal,102,-3.616760897354097
human__k1-f4pc8r3d_sim1.pkl,human,human,human,human,human,human,qwen35_4b__text__student,102,-2.6263271636438588
human__k1-f4pc8r3d_sim1.pkl,human,human,human,human,human,human,qwen35_9b__text__normal,102,-3.908615760847428
human__k1-f4pc8r3d_sim1.pkl,human,human,human,human,human,human,qwen35_9b__text__student,102,-1.9846460594343922
human__k1-f5cxv3ih_sim1.pkl,human,human,human,human,human,human,human,152,-1.110789847373196
human__k1-f5cxv3ih_sim1.pkl,human,human,human,human,human,human,qwen25_vl_3b__chart__normal,152,-4.852727479723735
human__k1-f5cxv3ih_sim1.pkl,human,human,human,human,human,human,qwen25_vl_3b__chart__student,152,-4.335104617756815
human__k1-f5cxv3ih_sim1.pkl,human,human,human,human,human,human,qwen25_vl_3b__simulation__normal,152,-3.792575376968205
human__k1-f5cxv3ih_sim1.pkl,human,human,human,human,human,human,qwen25_vl_3b__simulation__student,152,-2.2041686099650097
human__k1-f5cxv3ih_sim1.pkl,human,human,human,human,human,human,qwen25_vl_7b__chart__normal,152,-1.9974469214482504
human__k1-f5cxv3ih_sim1.pkl,human,human,human,human,human,human,qwen25_vl_7b__chart__student,152,-2.3777438324192977
human__k1-f5cxv3ih_sim1.pkl,human,human,human,human,human,human,qwen25_vl_7b__simulation__normal,152,-2.0773220980924476
human__k1-f5cxv3ih_sim1.pkl,human,human,human,human,human,human,qwen25_vl_7b__simulation__student,152,-4.677865873422245
human__k1-f5cxv3ih_sim1.pkl,human,human,human,human,human,human,qwen35_4b__text__normal,152,-4.376345633008951
human__k1-f5cxv3ih_sim1.pkl,human,human,human,human,human,human,qwen35_4b__text__student,152,-2.5910911543669997
human__k1-f5cxv3ih_sim1.pkl,human,human,human,human,human,human,qwen35_9b__text__normal,152,-4.560625660352465
human__k1-f5cxv3ih_sim1.pkl,human,human,human,human,human,human,qwen35_9b__text__student,152,-1.9783670749639386
human__k1-f5m9gdjy_sim1.pkl,human,human,human,human,human,human,human,229,-1.2893442692014299
human__k1-f5m9gdjy_sim1.pkl,human,human,human,human,human,human,qwen25_vl_3b__chart__normal,229,-4.05462216532521
human__k1-f5m9gdjy_sim1.pkl,human,human,human,human,human,human,qwen25_vl_3b__chart__student,229,-4.53648597880397
human__k1-f5m9gdjy_sim1.pkl,human,human,human,human,human,human,qwen25_vl_3b__simulation__normal,229,-4.3157913143337945
human__k1-f5m9gdjy_sim1.pkl,human,human,human,human,human,human,qwen25_vl_3b__simulation__student,229,-3.0963965849875548
human__k1-f5m9gdjy_sim1.pkl,human,human,human,human,human,human,qwen25_vl_7b__chart__normal,229,-2.231099760367905
human__k1-f5m9gdjy_sim1.pkl,human,human,human,human,human,human,qwen25_vl_7b__chart__student,229,-2.931650817426218
human__k1-f5m9gdjy_sim1.pkl,human,human,human,human,human,human,qwen25_vl_7b__simulation__normal,229,-2.6817321802582015
human__k1-f5m9gdjy_sim1.pkl,human,human,human,human,human,human,qwen25_vl_7b__simulation__student,229,-3.373293229398098
human__k1-f5m9gdjy_sim1.pkl,human,human,human,human,human,human,qwen35_4b__text__normal,229,-3.1685105599799193
human__k1-f5m9gdjy_sim1.pkl,human,human,human,human,human,human,qwen35_4b__text__student,229,-2.1089368828101414
human__k1-f5m9gdjy_sim1.pkl,human,human,human,human,human,human,qwen35_9b__text__normal,229,-5.005094497473568
human__k1-f5m9gdjy_sim1.pkl,human,human,human,human,human,human,qwen35_9b__text__student,229,-1.9242446874958288
human__k1-fcu4bpjs_sim1.pkl,human,human,human,human,human,human,human,126,-0.9349945006310465
human__k1-fcu4bpjs_sim1.pkl,human,human,human,human,human,human,qwen25_vl_3b__chart__normal,126,-6.033758850053436
human__k1-fcu4bpjs_sim1.pkl,human,human,human,human,human,human,qwen25_vl_3b__chart__student,126,-5.596040015773165
human__k1-fcu4bpjs_sim1.pkl,human,human,human,human,human,human,qwen25_vl_3b__simulation__normal,126,-4.929464997992604
human__k1-fcu4bpjs_sim1.pkl,human,human,human,human,human,human,qwen25_vl_3b__simulation__student,126,-1.3241154312080112
human__k1-fcu4bpjs_sim1.pkl,human,human,human,human,human,human,qwen25_vl_7b__chart__normal,126,-1.598266365339302
human__k1-fcu4bpjs_sim1.pkl,human,human,human,human,human,human,qwen25_vl_7b__chart__student,126,-1.717031676199222
human__k1-fcu4bpjs_sim1.pkl,human,human,human,human,human,human,qwen25_vl_7b__simulation__normal,126,-1.3776525344492374
human__k1-fcu4bpjs_sim1.pkl,human,human,human,human,human,human,qwen25_vl_7b__simulation__student,126,-5.9366090513178715
human__k1-fcu4bpjs_sim1.pkl,human,human,human,human,human,human,qwen35_4b__text__normal,126,-5.877977626298536
human__k1-fcu4bpjs_sim1.pkl,human,human,human,human,human,human,qwen35_4b__text__student,126,-2.860776423039025
human__k1-fcu4bpjs_sim1.pkl,human,human,human,human,human,human,qwen35_9b__text__normal,126,-5.962778182394097
human__k1-fcu4bpjs_sim1.pkl,human,human,human,human,human,human,qwen35_9b__text__student,126,-2.0218308510313507
human__k1-g69gsa77_sim1.pkl,human,human,human,human,human,human,human,78,-1.3206047204769618
human__k1-g69gsa77_sim1.pkl,human,human,human,human,human,human,qwen25_vl_3b__chart__normal,78,-4.476038038572312
human__k1-g69gsa77_sim1.pkl,human,human,human,human,human,human,qwen25_vl_3b__chart__student,78,-4.407345517047985
human__k1-g69gsa77_sim1.pkl,human,human,human,human,human,human,qwen25_vl_3b__simulation__normal,78,-3.8925682837061086
human__k1-g69gsa77_sim1.pkl,human,human,human,human,human,human,qwen25_vl_3b__simulation__student,78,-2.9536994176048696
human__k1-g69gsa77_sim1.pkl,human,human,human,human,human,human,qwen25_vl_7b__chart__normal,78,-2.3666188329844724
human__k1-g69gsa77_sim1.pkl,human,human,human,human,human,human,qwen25_vl_7b__chart__student,78,-3.1319353567110895
human__k1-g69gsa77_sim1.pkl,human,human,human,human,human,human,qwen25_vl_7b__simulation__normal,78,-2.621323364854692
human__k1-g69gsa77_sim1.pkl,human,human,human,human,human,human,qwen25_vl_7b__simulation__student,78,-4.184552258273069
human__k1-g69gsa77_sim1.pkl,human,human,human,human,human,human,qwen35_4b__text__normal,78,-3.8042545705555666
human__k1-g69gsa77_sim1.pkl,human,human,human,human,human,human,qwen35_4b__text__student,78,-2.3896602301797985
human__k1-g69gsa77_sim1.pkl,human,human,human,human,human,human,qwen35_9b__text__normal,78,-4.8345053273084675
human__k1-g69gsa77_sim1.pkl,human,human,human,human,human,human,qwen35_9b__text__student,78,-1.863516035511419
human__k1-gak3udqp_sim1.pkl,human,human,human,human,human,human,human,77,-1.721703261059551
human__k1-gak3udqp_sim1.pkl,human,human,human,human,human,human,qwen25_vl_3b__chart__normal,77,-4.654121128961161
human__k1-gak3udqp_sim1.pkl,human,human,human,human,human,human,qwen25_vl_3b__chart__student,77,-5.277290412151819
human__k1-gak3udqp_sim1.pkl,human,human,human,human,human,human,qwen25_vl_3b__simulation__normal,77,-4.332859758064104
human__k1-gak3udqp_sim1.pkl,human,human,human,human,human,human,qwen25_vl_3b__simulation__student,77,-3.5462609057719106
human__k1-gak3udqp_sim1.pkl,human,human,human,human,human,human,qwen25_vl_7b__chart__normal,77,-2.4501417008066007
human__k1-gak3udqp_sim1.pkl,human,human,human,human,human,human,qwen25_vl_7b__chart__student,77,-3.4105617658806486
human__k1-gak3udqp_sim1.pkl,human,human,human,human,human,human,qwen25_vl_7b__simulation__normal,77,-3.5404079751853734
human__k1-gak3udqp_sim1.pkl,human,human,human,human,human,human,qwen25_vl_7b__simulation__student,77,-4.751056118779609
human__k1-gak3udqp_sim1.pkl,human,human,human,human,human,human,qwen35_4b__text__normal,77,-4.6677148643576665
human__k1-gak3udqp_sim1.pkl,human,human,human,human,human,human,qwen35_4b__text__student,77,-2.5473965366735127
human__k1-gak3udqp_sim1.pkl,human,human,human,human,human,human,qwen35_9b__text__normal,77,-5.484296563768127
human__k1-gak3udqp_sim1.pkl,human,human,human,human,human,human,qwen35_9b__text__student,77,-2.1245447342901826
human__k1-gsck6mfh_sim1.pkl,human,human,human,human,human,human,human,59,-1.495681498022405
human__k1-gsck6mfh_sim1.pkl,human,human,human,human,human,human,qwen25_vl_3b__chart__normal,59,-4.3321325011735405
human__k1-gsck6mfh_sim1.pkl,human,human,human,human,human,human,qwen25_vl_3b__chart__student,59,-5.409175345785628
human__k1-gsck6mfh_sim1.pkl,human,human,human,human,human,human,qwen25_vl_3b__simulation__normal,59,-4.310843386041646
human__k1-gsck6mfh_sim1.pkl,human,human,human,human,human,human,qwen25_vl_3b__simulation__student,59,-2.8570434188342255
human__k1-gsck6mfh_sim1.pkl,human,human,human,human,human,human,qwen25_vl_7b__chart__normal,59,-2.8703305277968023
human__k1-gsck6mfh_sim1.pkl,human,human,human,human,human,human,qwen25_vl_7b__chart__student,59,-2.9934476761626563
human__k1-gsck6mfh_sim1.pkl,human,human,human,human,human,human,qwen25_vl_7b__simulation__normal,59,-2.593432218680649
human__k1-gsck6mfh_sim1.pkl,human,human,human,human,human,human,qwen25_vl_7b__simulation__student,59,-4.017402799824556
human__k1-gsck6mfh_sim1.pkl,human,human,human,human,human,human,qwen35_4b__text__normal,59,-4.3338029840262635
human__k1-gsck6mfh_sim1.pkl,human,human,human,human,human,human,qwen35_4b__text__student,59,-2.4293506927373
human__k1-gsck6mfh_sim1.pkl,human,human,human,human,human,human,qwen35_9b__text__normal,59,-5.818645464347426
human__k1-gsck6mfh_sim1.pkl,human,human,human,human,human,human,qwen35_9b__text__student,59,-1.990502465042847
human__k1-h68szyda_sim1.pkl,human,human,human,human,human,human,human,93,-1.1936763218264335
human__k1-h68szyda_sim1.pkl,human,human,human,human,human,human,qwen25_vl_3b__chart__normal,93,-5.29249194025841
human__k1-h68szyda_sim1.pkl,human,human,human,human,human,human,qwen25_vl_3b__chart__student,93,-5.354847810193241
human__k1-h68szyda_sim1.pkl,human,human,human,human,human,human,qwen25_vl_3b__simulation__normal,93,-4.5207561142181305
human__k1-h68szyda_sim1.pkl,human,human,human,human,human,human,qwen25_vl_3b__simulation__student,93,-2.5772213553196597
human__k1-h68szyda_sim1.pkl,human,human,human,human,human,human,qwen25_vl_7b__chart__normal,93,-1.9876335110407795
human__k1-h68szyda_sim1.pkl,human,human,human,human,human,human,qwen25_vl_7b__chart__student,93,-2.5951606032507546
human__k1-h68szyda_sim1.pkl,human,human,human,human,human,human,qwen25_vl_7b__simulation__normal,93,-2.5785014932703927
human__k1-h68szyda_sim1.pkl,human,human,human,human,human,human,qwen25_vl_7b__simulation__student,93,-5.200533820333876
human__k1-h68szyda_sim1.pkl,human,human,human,human,human,human,qwen35_4b__text__normal,93,-5.07901099215674
human__k1-h68szyda_sim1.pkl,human,human,human,human,human,human,qwen35_4b__text__student,93,-2.659628543140392
human__k1-h68szyda_sim1.pkl,human,human,human,human,human,human,qwen35_9b__text__normal,93,-5.703406837895448
human__k1-h68szyda_sim1.pkl,human,human,human,human,human,human,qwen35_9b__text__student,93,-2.0014564357176408
human__k1-hxf2dkio_sim1.pkl,human,human,human,human,human,human,human,34,-1.2187406280846598
human__k1-hxf2dkio_sim1.pkl,human,human,human,human,human,human,qwen25_vl_3b__chart__normal,34,-4.607026554128045
human__k1-hxf2dkio_sim1.pkl,human,human,human,human,human,human,qwen25_vl_3b__chart__student,34,-2.410328986455498
human__k1-hxf2dkio_sim1.pkl,human,human,human,human,human,human,qwen25_vl_3b__simulation__normal,34,-2.696784988976465
human__k1-hxf2dkio_sim1.pkl,human,human,human,human,human,human,qwen25_vl_3b__simulation__student,34,-2.5956191891358364
human__k1-hxf2dkio_sim1.pkl,human,human,human,human,human,human,qwen25_vl_7b__chart__normal,34,-2.43787967119847
human__k1-hxf2dkio_sim1.pkl,human,human,human,human,human,human,qwen25_vl_7b__chart__student,34,-2.622361377266725
human__k1-hxf2dkio_sim1.pkl,human,human,human,human,human,human,qwen25_vl_7b__simulation__normal,34,-2.076849593118177
human__k1-hxf2dkio_sim1.pkl,human,human,human,human,human,human,qwen25_vl_7b__simulation__student,34,-3.8446301183942535
human__k1-hxf2dkio_sim1.pkl,human,human,human,human,human,human,qwen35_4b__text__normal,34,-2.987818658928242
human__k1-hxf2dkio_sim1.pkl,human,human,human,human,human,human,qwen35_4b__text__student,34,-3.0273630198652146
human__k1-hxf2dkio_sim1.pkl,human,human,human,human,human,human,qwen35_9b__text__normal,34,-2.763213690221861
human__k1-hxf2dkio_sim1.pkl,human,human,human,human,human,human,qwen35_9b__text__student,34,-2.373568364005651
human__k1-ik93ja9j_sim1.pkl,human,human,human,human,human,human,human,28,-1.7888470599324384
human__k1-ik93ja9j_sim1.pkl,human,human,human,human,human,human,qwen25_vl_3b__chart__normal,28,-4.35915470651972
human__k1-ik93ja9j_sim1.pkl,human,human,human,human,human,human,qwen25_vl_3b__chart__student,28,-4.332916690404522
human__k1-ik93ja9j_sim1.pkl,human,human,human,human,human,human,qwen25_vl_3b__simulation__normal,28,-3.6703561418976896
human__k1-ik93ja9j_sim1.pkl,human,human,human,human,human,human,qwen25_vl_3b__simulation__student,28,-3.037345439882008
human__k1-ik93ja9j_sim1.pkl,human,human,human,human,human,human,qwen25_vl_7b__chart__normal,28,-2.7485795450216366
human__k1-ik93ja9j_sim1.pkl,human,human,human,human,human,human,qwen25_vl_7b__chart__student,28,-3.157593857198605
human__k1-ik93ja9j_sim1.pkl,human,human,human,human,human,human,qwen25_vl_7b__simulation__normal,28,-3.3017234413275913
human__k1-ik93ja9j_sim1.pkl,human,human,human,human,human,human,qwen25_vl_7b__simulation__student,28,-3.810609195100675
human__k1-ik93ja9j_sim1.pkl,human,human,human,human,human,human,qwen35_4b__text__normal,28,-4.174003258290219
human__k1-ik93ja9j_sim1.pkl,human,human,human,human,human,human,qwen35_4b__text__student,28,-2.250014262982817
human__k1-ik93ja9j_sim1.pkl,human,human,human,human,human,human,qwen35_9b__text__normal,28,-4.347199519192432
human__k1-ik93ja9j_sim1.pkl,human,human,human,human,human,human,qwen35_9b__text__student,28,-2.2632040792501806
human__k1-ipoaq6dm_sim1.pkl,human,human,human,human,human,human,human,31,-1.0506416229442057
human__k1-ipoaq6dm_sim1.pkl,human,human,human,human,human,human,qwen25_vl_3b__chart__normal,31,-4.797126416736805
human__k1-ipoaq6dm_sim1.pkl,human,human,human,human,human,human,qwen25_vl_3b__chart__student,31,-3.9439361159866535
human__k1-ipoaq6dm_sim1.pkl,human,human,human,human,human,human,qwen25_vl_3b__simulation__normal,31,-4.008864855076048
human__k1-ipoaq6dm_sim1.pkl,human,human,human,human,human,human,qwen25_vl_3b__simulation__student,31,-1.6036991617321565
human__k1-ipoaq6dm_sim1.pkl,human,human,human,human,human,human,qwen25_vl_7b__chart__normal,31,-1.7581869848525908
human__k1-ipoaq6dm_sim1.pkl,human,human,human,human,human,human,qwen25_vl_7b__chart__student,31,-1.5971149419618589
human__k1-ipoaq6dm_sim1.pkl,human,human,human,human,human,human,qwen25_vl_7b__simulation__normal,31,-1.211928726341412
human__k1-ipoaq6dm_sim1.pkl,human,human,human,human,human,human,qwen25_vl_7b__simulation__student,31,-4.34850972658433
human__k1-ipoaq6dm_sim1.pkl,human,human,human,human,human,human,qwen35_4b__text__normal,31,-6.260560957081028
human__k1-ipoaq6dm_sim1.pkl,human,human,human,human,human,human,qwen35_4b__text__student,31,-2.544454245637669
human__k1-ipoaq6dm_sim1.pkl,human,human,human,human,human,human,qwen35_9b__text__normal,31,-4.116094325843613
human__k1-ipoaq6dm_sim1.pkl,human,human,human,human,human,human,qwen35_9b__text__student,31,-2.491543477976103
human__k1-j35wegzc_sim1.pkl,human,human,human,human,human,human,human,53,-1.451304553758196
human__k1-j35wegzc_sim1.pkl,human,human,human,human,human,human,qwen25_vl_3b__chart__normal,53,-4.042107231708003
human__k1-j35wegzc_sim1.pkl,human,human,human,human,human,human,qwen25_vl_3b__chart__student,53,-4.3367322154545365
human__k1-j35wegzc_sim1.pkl,human,human,human,human,human,human,qwen25_vl_3b__simulation__normal,53,-3.4368850755502747
human__k1-j35wegzc_sim1.pkl,human,human,human,human,human,human,qwen25_vl_3b__simulation__student,53,-2.9061982905730406
human__k1-j35wegzc_sim1.pkl,human,human,human,human,human,human,qwen25_vl_7b__chart__normal,53,-2.152056119197636
human__k1-j35wegzc_sim1.pkl,human,human,human,human,human,human,qwen25_vl_7b__chart__student,53,-2.8002917545696673
human__k1-j35wegzc_sim1.pkl,human,human,human,human,human,human,qwen25_vl_7b__simulation__normal,53,-2.7721445672830076
human__k1-j35wegzc_sim1.pkl,human,human,human,human,human,human,qwen25_vl_7b__simulation__student,53,-3.7102796576887176
human__k1-j35wegzc_sim1.pkl,human,human,human,human,human,human,qwen35_4b__text__normal,53,-3.010633586799255
human__k1-j35wegzc_sim1.pkl,human,human,human,human,human,human,qwen35_4b__text__student,53,-2.141215803437166
human__k1-j35wegzc_sim1.pkl,human,human,human,human,human,human,qwen35_9b__text__normal,53,-4.656628894785088
human__k1-j35wegzc_sim1.pkl,human,human,human,human,human,human,qwen35_9b__text__student,53,-2.2226018112255796
human__k1-j44bm5u5_sim1.pkl,human,human,human,human,human,human,human,72,-1.413547398903634
human__k1-j44bm5u5_sim1.pkl,human,human,human,human,human,human,qwen25_vl_3b__chart__normal,72,-4.620968788203012
human__k1-j44bm5u5_sim1.pkl,human,human,human,human,human,human,qwen25_vl_3b__chart__student,72,-4.194135134433021
human__k1-j44bm5u5_sim1.pkl,human,human,human,human,human,human,qwen25_vl_3b__simulation__normal,72,-3.324329308967199
human__k1-j44bm5u5_sim1.pkl,human,human,human,human,human,human,qwen25_vl_3b__simulation__student,72,-2.0143692599000143
human__k1-j44bm5u5_sim1.pkl,human,human,human,human,human,human,qwen25_vl_7b__chart__normal,72,-2.169299722164907
human__k1-j44bm5u5_sim1.pkl,human,human,human,human,human,human,qwen25_vl_7b__chart__student,72,-2.0157684386959644
human__k1-j44bm5u5_sim1.pkl,human,human,human,human,human,human,qwen25_vl_7b__simulation__normal,72,-2.9225726151372005
human__k1-j44bm5u5_sim1.pkl,human,human,human,human,human,human,qwen25_vl_7b__simulation__student,72,-4.424332992154645
human__k1-j44bm5u5_sim1.pkl,human,human,human,human,human,human,qwen35_4b__text__normal,72,-4.537411199050284
human__k1-j44bm5u5_sim1.pkl,human,human,human,human,human,human,qwen35_4b__text__student,72,-2.462348642962632
human__k1-j44bm5u5_sim1.pkl,human,human,human,human,human,human,qwen35_9b__text__normal,72,-4.856799384730884
human__k1-j44bm5u5_sim1.pkl,human,human,human,human,human,human,qwen35_9b__text__student,72,-2.1981939197727964
human__k1-jxxtsxb4_sim1.pkl,human,human,human,human,human,human,human,40,-1.4739045646000604
human__k1-jxxtsxb4_sim1.pkl,human,human,human,human,human,human,qwen25_vl_3b__chart__normal,40,-4.489236299202775
human__k1-jxxtsxb4_sim1.pkl,human,human,human,human,human,human,qwen25_vl_3b__chart__student,40,-3.505257984195569
human__k1-jxxtsxb4_sim1.pkl,human,human,human,human,human,human,qwen25_vl_3b__simulation__normal,40,-4.2110074018394545
human__k1-jxxtsxb4_sim1.pkl,human,human,human,human,human,human,qwen25_vl_3b__simulation__student,40,-3.1530746909256195
human__k1-jxxtsxb4_sim1.pkl,human,human,human,human,human,human,qwen25_vl_7b__chart__normal,40,-2.4427431705409877
human__k1-jxxtsxb4_sim1.pkl,human,human,human,human,human,human,qwen25_vl_7b__chart__student,40,-2.770776189317536
human__k1-jxxtsxb4_sim1.pkl,human,human,human,human,human,human,qwen25_vl_7b__simulation__normal,40,-3.445355850041487
human__k1-jxxtsxb4_sim1.pkl,human,human,human,human,human,human,qwen25_vl_7b__simulation__student,40,-3.637029885459131
human__k1-jxxtsxb4_sim1.pkl,human,human,human,human,human,human,qwen35_4b__text__normal,40,-3.345305075552036
human__k1-jxxtsxb4_sim1.pkl,human,human,human,human,human,human,qwen35_4b__text__student,40,-2.431870536121905
human__k1-jxxtsxb4_sim1.pkl,human,human,human,human,human,human,qwen35_9b__text__normal,40,-4.327955958807605
human__k1-jxxtsxb4_sim1.pkl,human,human,human,human,human,human,qwen35_9b__text__student,40,-2.168671244397501
human__k1-k2ejoroe_sim1.pkl,human,human,human,human,human,human,human,47,-2.1077389662294546
human__k1-k2ejoroe_sim1.pkl,human,human,human,human,human,human,qwen25_vl_3b__chart__normal,47,-4.185651115865974
human__k1-k2ejoroe_sim1.pkl,human,human,human,human,human,human,qwen25_vl_3b__chart__student,47,-3.715576793635384
human__k1-k2ejoroe_sim1.pkl,human,human,human,human,human,human,qwen25_vl_3b__simulation__normal,47,-3.352819513427472
human__k1-k2ejoroe_sim1.pkl,human,human,human,human,human,human,qwen25_vl_3b__simulation__student,47,-3.0787803723890774
human__k1-k2ejoroe_sim1.pkl,human,human,human,human,human,human,qwen25_vl_7b__chart__normal,47,-3.3562236374252383
human__k1-k2ejoroe_sim1.pkl,human,human,human,human,human,human,qwen25_vl_7b__chart__student,47,-3.570873933529011
human__k1-k2ejoroe_sim1.pkl,human,human,human,human,human,human,qwen25_vl_7b__simulation__normal,47,-3.3938511851913917
human__k1-k2ejoroe_sim1.pkl,human,human,human,human,human,human,qwen25_vl_7b__simulation__student,47,-4.039568558316047
human__k1-k2ejoroe_sim1.pkl,human,human,human,human,human,human,qwen35_4b__text__normal,47,-3.9593749751440597
human__k1-k2ejoroe_sim1.pkl,human,human,human,human,human,human,qwen35_4b__text__student,47,-2.3715047098012283
human__k1-k2ejoroe_sim1.pkl,human,human,human,human,human,human,qwen35_9b__text__normal,47,-4.232210896776453
human__k1-k2ejoroe_sim1.pkl,human,human,human,human,human,human,qwen35_9b__text__student,47,-2.1980498153202865
human__k1-kewr99xr_sim1.pkl,human,human,human,human,human,human,human,74,-1.210289503648473
human__k1-kewr99xr_sim1.pkl,human,human,human,human,human,human,qwen25_vl_3b__chart__normal,74,-3.8172754074392077
human__k1-kewr99xr_sim1.pkl,human,human,human,human,human,human,qwen25_vl_3b__chart__student,74,-3.6545722051449574
human__k1-kewr99xr_sim1.pkl,human,human,human,human,human,human,qwen25_vl_3b__simulation__normal,74,-3.287839099629055
human__k1-kewr99xr_sim1.pkl,human,human,human,human,human,human,qwen25_vl_3b__simulation__student,74,-2.4003071432990253
human__k1-kewr99xr_sim1.pkl,human,human,human,human,human,human,qwen25_vl_7b__chart__normal,74,-2.4584935847330365
human__k1-kewr99xr_sim1.pkl,human,human,human,human,human,human,qwen25_vl_7b__chart__student,74,-2.5834631354427278
human__k1-kewr99xr_sim1.pkl,human,human,human,human,human,human,qwen25_vl_7b__simulation__normal,74,-2.3761797578557853
human__k1-kewr99xr_sim1.pkl,human,human,human,human,human,human,qwen25_vl_7b__simulation__student,74,-3.564279854628276
human__k1-kewr99xr_sim1.pkl,human,human,human,human,human,human,qwen35_4b__text__normal,74,-2.94372704324493
human__k1-kewr99xr_sim1.pkl,human,human,human,human,human,human,qwen35_4b__text__student,74,-2.3732782095428933
human__k1-kewr99xr_sim1.pkl,human,human,human,human,human,human,qwen35_9b__text__normal,74,-4.3298194201203755
human__k1-kewr99xr_sim1.pkl,human,human,human,human,human,human,qwen35_9b__text__student,74,-2.070583647340184
human__k1-khkmskrb_sim1.pkl,human,human,human,human,human,human,human,94,-1.418374539034546
human__k1-khkmskrb_sim1.pkl,human,human,human,human,human,human,qwen25_vl_3b__chart__normal,94,-3.6789727087398343
human__k1-khkmskrb_sim1.pkl,human,human,human,human,human,human,qwen25_vl_3b__chart__student,94,-3.7438063179599905
human__k1-khkmskrb_sim1.pkl,human,human,human,human,human,human,qwen25_vl_3b__simulation__normal,94,-3.09205894095771
human__k1-khkmskrb_sim1.pkl,human,human,human,human,human,human,qwen25_vl_3b__simulation__student,94,-2.2885897897543708
human__k1-khkmskrb_sim1.pkl,human,human,human,human,human,human,qwen25_vl_7b__chart__normal,94,-2.2729341840912665
human__k1-khkmskrb_sim1.pkl,human,human,human,human,human,human,qwen25_vl_7b__chart__student,94,-2.6060232568905675
human__k1-khkmskrb_sim1.pkl,human,human,human,human,human,human,qwen25_vl_7b__simulation__normal,94,-2.119903957786961
human__k1-khkmskrb_sim1.pkl,human,human,human,human,human,human,qwen25_vl_7b__simulation__student,94,-3.4197444399692865
human__k1-khkmskrb_sim1.pkl,human,human,human,human,human,human,qwen35_4b__text__normal,94,-4.510548165200871
human__k1-khkmskrb_sim1.pkl,human,human,human,human,human,human,qwen35_4b__text__student,94,-2.4204211291709257
human__k1-khkmskrb_sim1.pkl,human,human,human,human,human,human,qwen35_9b__text__normal,94,-4.356117954226551
human__k1-khkmskrb_sim1.pkl,human,human,human,human,human,human,qwen35_9b__text__student,94,-2.084387148958891
human__k1-koxiis8d_sim1.pkl,human,human,human,human,human,human,human,128,-1.0512531347120249
human__k1-koxiis8d_sim1.pkl,human,human,human,human,human,human,qwen25_vl_3b__chart__normal,128,-3.702249618720093
human__k1-koxiis8d_sim1.pkl,human,human,human,human,human,human,qwen25_vl_3b__chart__student,128,-3.535469310432855
human__k1-koxiis8d_sim1.pkl,human,human,human,human,human,human,qwen25_vl_3b__simulation__normal,128,-3.0665993334921775
human__k1-koxiis8d_sim1.pkl,human,human,human,human,human,human,qwen25_vl_3b__simulation__student,128,-2.288307580805499
human__k1-koxiis8d_sim1.pkl,human,human,human,human,human,human,qwen25_vl_7b__chart__normal,128,-1.961180236846536
human__k1-koxiis8d_sim1.pkl,human,human,human,human,human,human,qwen25_vl_7b__chart__student,128,-2.2613400894076645
human__k1-koxiis8d_sim1.pkl,human,human,human,human,human,human,qwen25_vl_7b__simulation__normal,128,-2.116836538473621
human__k1-koxiis8d_sim1.pkl,human,human,human,human,human,human,qwen25_vl_7b__simulation__student,128,-3.471955882111021
human__k1-koxiis8d_sim1.pkl,human,human,human,human,human,human,qwen35_4b__text__normal,128,-2.8742485283216257
human__k1-koxiis8d_sim1.pkl,human,human,human,human,human,human,qwen35_4b__text__student,128,-2.4494247430250082
human__k1-koxiis8d_sim1.pkl,human,human,human,human,human,human,qwen35_9b__text__normal,128,-4.065429077394867
human__k1-koxiis8d_sim1.pkl,human,human,human,human,human,human,qwen35_9b__text__student,128,-1.8890258905628294
human__k1-n7d48xur_sim1.pkl,human,human,human,human,human,human,human,40,-2.10280082756286
human__k1-n7d48xur_sim1.pkl,human,human,human,human,human,human,qwen25_vl_3b__chart__normal,40,-3.339216157942628
human__k1-n7d48xur_sim1.pkl,human,human,human,human,human,human,qwen25_vl_3b__chart__student,40,-3.4536122094526176
human__k1-n7d48xur_sim1.pkl,human,human,human,human,human,human,qwen25_vl_3b__simulation__normal,40,-3.375954597739588
human__k1-n7d48xur_sim1.pkl,human,human,human,human,human,human,qwen25_vl_3b__simulation__student,40,-3.5564620009878483
human__k1-n7d48xur_sim1.pkl,human,human,human,human,human,human,qwen25_vl_7b__chart__normal,40,-3.1042225164906654
human__k1-n7d48xur_sim1.pkl,human,human,human,human,human,human,qwen25_vl_7b__chart__student,40,-4.172778921732663
human__k1-n7d48xur_sim1.pkl,human,human,human,human,human,human,qwen25_vl_7b__simulation__normal,40,-3.3343827471028376
human__k1-n7d48xur_sim1.pkl,human,human,human,human,human,human,qwen25_vl_7b__simulation__student,40,-3.4866656077794778
human__k1-n7d48xur_sim1.pkl,human,human,human,human,human,human,qwen35_4b__text__normal,40,-3.777790323153802
human__k1-n7d48xur_sim1.pkl,human,human,human,human,human,human,qwen35_4b__text__student,40,-2.4485517006266098
human__k1-n7d48xur_sim1.pkl,human,human,human,human,human,human,qwen35_9b__text__normal,40,-3.8256736374535847
human__k1-n7d48xur_sim1.pkl,human,human,human,human,human,human,qwen35_9b__text__student,40,-2.3225813718632975
human__k1-nyupgx4w_sim1.pkl,human,human,human,human,human,human,human,71,-1.185304884792665
human__k1-nyupgx4w_sim1.pkl,human,human,human,human,human,human,qwen25_vl_3b__chart__normal,71,-3.3150935670149106
human__k1-nyupgx4w_sim1.pkl,human,human,human,human,human,human,qwen25_vl_3b__chart__student,71,-2.973282861026298
human__k1-nyupgx4w_sim1.pkl,human,human,human,human,human,human,qwen25_vl_3b__simulation__normal,71,-3.045722361316034
human__k1-nyupgx4w_sim1.pkl,human,human,human,human,human,human,qwen25_vl_3b__simulation__student,71,-2.3827689308984907
human__k1-nyupgx4w_sim1.pkl,human,human,human,human,human,human,qwen25_vl_7b__chart__normal,71,-2.210285848358698
human__k1-nyupgx4w_sim1.pkl,human,human,human,human,human,human,qwen25_vl_7b__chart__student,71,-2.494378389020144
human__k1-nyupgx4w_sim1.pkl,human,human,human,human,human,human,qwen25_vl_7b__simulation__normal,71,-2.3101496137739344
human__k1-nyupgx4w_sim1.pkl,human,human,human,human,human,human,qwen25_vl_7b__simulation__student,71,-2.775396253253906
human__k1-nyupgx4w_sim1.pkl,human,human,human,human,human,human,qwen35_4b__text__normal,71,-2.135775919636803
human__k1-nyupgx4w_sim1.pkl,human,human,human,human,human,human,qwen35_4b__text__student,71,-2.1574729309164242
human__k1-nyupgx4w_sim1.pkl,human,human,human,human,human,human,qwen35_9b__text__normal,71,-3.549615387827385
human__k1-nyupgx4w_sim1.pkl,human,human,human,human,human,human,qwen35_9b__text__student,71,-1.9433703223036183
human__k1-o65rmutz_sim1.pkl,human,human,human,human,human,human,human,66,-0.9216598762328223
human__k1-o65rmutz_sim1.pkl,human,human,human,human,human,human,qwen25_vl_3b__chart__normal,66,-4.031327210906023
human__k1-o65rmutz_sim1.pkl,human,human,human,human,human,human,qwen25_vl_3b__chart__student,66,-2.914978235898928
human__k1-o65rmutz_sim1.pkl,human,human,human,human,human,human,qwen25_vl_3b__simulation__normal,66,-2.2679129146773658
human__k1-o65rmutz_sim1.pkl,human,human,human,human,human,human,qwen25_vl_3b__simulation__student,66,-1.5843577831844815
human__k1-o65rmutz_sim1.pkl,human,human,human,human,human,human,qwen25_vl_7b__chart__normal,66,-1.3019429984703255
human__k1-o65rmutz_sim1.pkl,human,human,human,human,human,human,qwen25_vl_7b__chart__student,66,-1.823161603066934
human__k1-o65rmutz_sim1.pkl,human,human,human,human,human,human,qwen25_vl_7b__simulation__normal,66,-1.7209273964025944
human__k1-o65rmutz_sim1.pkl,human,human,human,human,human,human,qwen25_vl_7b__simulation__student,66,-3.463942745577829
human__k1-o65rmutz_sim1.pkl,human,human,human,human,human,human,qwen35_4b__text__normal,66,-4.329446503272918
human__k1-o65rmutz_sim1.pkl,human,human,human,human,human,human,qwen35_4b__text__student,66,-2.4447042136326322
human__k1-o65rmutz_sim1.pkl,human,human,human,human,human,human,qwen35_9b__text__normal,66,-2.9635168160092826
human__k1-o65rmutz_sim1.pkl,human,human,human,human,human,human,qwen35_9b__text__student,66,-2.0003544615146613
human__k1-o9wjcmsf_sim1.pkl,human,human,human,human,human,human,human,48,-1.2274287379223938
human__k1-o9wjcmsf_sim1.pkl,human,human,human,human,human,human,qwen25_vl_3b__chart__normal,48,-4.923142517079871
human__k1-o9wjcmsf_sim1.pkl,human,human,human,human,human,human,qwen25_vl_3b__chart__student,48,-4.16206905360007
human__k1-o9wjcmsf_sim1.pkl,human,human,human,human,human,human,qwen25_vl_3b__simulation__normal,48,-3.5110902141085756
human__k1-o9wjcmsf_sim1.pkl,human,human,human,human,human,human,qwen25_vl_3b__simulation__student,48,-1.859044447831245
human__k1-o9wjcmsf_sim1.pkl,human,human,human,human,human,human,qwen25_vl_7b__chart__normal,48,-1.8785906036132267
human__k1-o9wjcmsf_sim1.pkl,human,human,human,human,human,human,qwen25_vl_7b__chart__student,48,-1.775613893306408
human__k1-o9wjcmsf_sim1.pkl,human,human,human,human,human,human,qwen25_vl_7b__simulation__normal,48,-2.3449578314898587
human__k1-o9wjcmsf_sim1.pkl,human,human,human,human,human,human,qwen25_vl_7b__simulation__student,48,-4.552832634974956
human__k1-o9wjcmsf_sim1.pkl,human,human,human,human,human,human,qwen35_4b__text__normal,48,-5.2648944068666905
human__k1-o9wjcmsf_sim1.pkl,human,human,human,human,human,human,qwen35_4b__text__student,48,-2.494135731386007
human__k1-o9wjcmsf_sim1.pkl,human,human,human,human,human,human,qwen35_9b__text__normal,48,-4.680706514946889
human__k1-o9wjcmsf_sim1.pkl,human,human,human,human,human,human,qwen35_9b__text__student,48,-2.184215131330195
human__k1-oas8g9fo_sim1.pkl,human,human,human,human,human,human,human,63,-0.9017637317302182
human__k1-oas8g9fo_sim1.pkl,human,human,human,human,human,human,qwen25_vl_3b__chart__normal,63,-6.2043262927838105
human__k1-oas8g9fo_sim1.pkl,human,human,human,human,human,human,qwen25_vl_3b__chart__student,63,-5.870650199201542
human__k1-oas8g9fo_sim1.pkl,human,human,human,human,human,human,qwen25_vl_3b__simulation__normal,63,-4.638223856099038
human__k1-oas8g9fo_sim1.pkl,human,human,human,human,human,human,qwen25_vl_3b__simulation__student,63,-1.1140908364859956
human__k1-oas8g9fo_sim1.pkl,human,human,human,human,human,human,qwen25_vl_7b__chart__normal,63,-1.3306012539793857
human__k1-oas8g9fo_sim1.pkl,human,human,human,human,human,human,qwen25_vl_7b__chart__student,63,-1.4530645649737277
human__k1-oas8g9fo_sim1.pkl,human,human,human,human,human,human,qwen25_vl_7b__simulation__normal,63,-1.0644683552302177
human__k1-oas8g9fo_sim1.pkl,human,human,human,human,human,human,qwen25_vl_7b__simulation__student,63,-5.7128466570508305
human__k1-oas8g9fo_sim1.pkl,human,human,human,human,human,human,qwen35_4b__text__normal,63,-7.456601521538802
human__k1-oas8g9fo_sim1.pkl,human,human,human,human,human,human,qwen35_4b__text__student,63,-2.7386649158850607
human__k1-oas8g9fo_sim1.pkl,human,human,human,human,human,human,qwen35_9b__text__normal,63,-5.917275029217647
human__k1-oas8g9fo_sim1.pkl,human,human,human,human,human,human,qwen35_9b__text__student,63,-2.209976102907278
human__k1-oc7xo23m_sim1.pkl,human,human,human,human,human,human,human,42,-1.123179480986204
human__k1-oc7xo23m_sim1.pkl,human,human,human,human,human,human,qwen25_vl_3b__chart__normal,42,-5.057150612094437
human__k1-oc7xo23m_sim1.pkl,human,human,human,human,human,human,qwen25_vl_3b__chart__student,42,-4.220972330902682
human__k1-oc7xo23m_sim1.pkl,human,human,human,human,human,human,qwen25_vl_3b__simulation__normal,42,-4.0450175941733715
human__k1-oc7xo23m_sim1.pkl,human,human,human,human,human,human,qwen25_vl_3b__simulation__student,42,-2.104617754332447
human__k1-oc7xo23m_sim1.pkl,human,human,human,human,human,human,qwen25_vl_7b__chart__normal,42,-1.735245701042754
human__k1-oc7xo23m_sim1.pkl,human,human,human,human,human,human,qwen25_vl_7b__chart__student,42,-2.175340036954997
human__k1-oc7xo23m_sim1.pkl,human,human,human,human,human,human,qwen25_vl_7b__simulation__normal,42,-2.3503288820613197
human__k1-oc7xo23m_sim1.pkl,human,human,human,human,human,human,qwen25_vl_7b__simulation__student,42,-4.800698165526323
human__k1-oc7xo23m_sim1.pkl,human,human,human,human,human,human,qwen35_4b__text__normal,42,-4.365539839127998
human__k1-oc7xo23m_sim1.pkl,human,human,human,human,human,human,qwen35_4b__text__student,42,-2.843424898183019
human__k1-oc7xo23m_sim1.pkl,human,human,human,human,human,human,qwen35_9b__text__normal,42,-4.843751006453455
human__k1-oc7xo23m_sim1.pkl,human,human,human,human,human,human,qwen35_9b__text__student,42,-2.0253353220122
human__k1-oe26stt9_sim1.pkl,human,human,human,human,human,human,human,64,-1.2750660022700586
human__k1-oe26stt9_sim1.pkl,human,human,human,human,human,human,qwen25_vl_3b__chart__normal,64,-5.710711641734023
human__k1-oe26stt9_sim1.pkl,human,human,human,human,human,human,qwen25_vl_3b__chart__student,64,-6.365741498829662
human__k1-oe26stt9_sim1.pkl,human,human,human,human,human,human,qwen25_vl_3b__simulation__normal,64,-5.046397898126831
human__k1-oe26stt9_sim1.pkl,human,human,human,human,human,human,qwen25_vl_3b__simulation__student,64,-2.401102715063951
human__k1-oe26stt9_sim1.pkl,human,human,human,human,human,human,qwen25_vl_7b__chart__normal,64,-1.9899167715658346
human__k1-oe26stt9_sim1.pkl,human,human,human,human,human,human,qwen25_vl_7b__chart__student,64,-2.6632043355612334
human__k1-oe26stt9_sim1.pkl,human,human,human,human,human,human,qwen25_vl_7b__simulation__normal,64,-2.102735190428221
human__k1-oe26stt9_sim1.pkl,human,human,human,human,human,human,qwen25_vl_7b__simulation__student,64,-5.744527753746948
human__k1-oe26stt9_sim1.pkl,human,human,human,human,human,human,qwen35_4b__text__normal,64,-5.333992400393353
human__k1-oe26stt9_sim1.pkl,human,human,human,human,human,human,qwen35_4b__text__student,64,-2.7813999179711155
human__k1-oe26stt9_sim1.pkl,human,human,human,human,human,human,qwen35_9b__text__normal,64,-6.621911532518536
human__k1-oe26stt9_sim1.pkl,human,human,human,human,human,human,qwen35_9b__text__student,64,-1.8097201104408556
human__k1-og9iomhk_sim1.pkl,human,human,human,human,human,human,human,141,-1.3832905548810903
human__k1-og9iomhk_sim1.pkl,human,human,human,human,human,human,qwen25_vl_3b__chart__normal,141,-4.419919271094921
human__k1-og9iomhk_sim1.pkl,human,human,human,human,human,human,qwen25_vl_3b__chart__student,141,-3.8381198169530197
human__k1-og9iomhk_sim1.pkl,human,human,human,human,human,human,qwen25_vl_3b__simulation__normal,141,-3.449006167498528
human__k1-og9iomhk_sim1.pkl,human,human,human,human,human,human,qwen25_vl_3b__simulation__student,141,-2.365699492006729
human__k1-og9iomhk_sim1.pkl,human,human,human,human,human,human,qwen25_vl_7b__chart__normal,141,-2.0721151793022576
human__k1-og9iomhk_sim1.pkl,human,human,human,human,human,human,qwen25_vl_7b__chart__student,141,-2.4672998511812
human__k1-og9iomhk_sim1.pkl,human,human,human,human,human,human,qwen25_vl_7b__simulation__normal,141,-3.2207064460773482
human__k1-og9iomhk_sim1.pkl,human,human,human,human,human,human,qwen25_vl_7b__simulation__student,141,-4.349722747172245
human__k1-og9iomhk_sim1.pkl,human,human,human,human,human,human,qwen35_4b__text__normal,141,-3.63149685620117
human__k1-og9iomhk_sim1.pkl,human,human,human,human,human,human,qwen35_4b__text__student,141,-2.5399363949421194
human__k1-og9iomhk_sim1.pkl,human,human,human,human,human,human,qwen35_9b__text__normal,141,-4.193241485793425
human__k1-og9iomhk_sim1.pkl,human,human,human,human,human,human,qwen35_9b__text__student,141,-2.0442115971616146
human__k1-oty69e6s_sim1.pkl,human,human,human,human,human,human,human,65,-1.3403462699723336
human__k1-oty69e6s_sim1.pkl,human,human,human,human,human,human,qwen25_vl_3b__chart__normal,65,-3.9991351226738683
human__k1-oty69e6s_sim1.pkl,human,human,human,human,human,human,qwen25_vl_3b__chart__student,65,-2.5846237051810235
human__k1-oty69e6s_sim1.pkl,human,human,human,human,human,human,qwen25_vl_3b__simulation__normal,65,-2.284067361409789
human__k1-oty69e6s_sim1.pkl,human,human,human,human,human,human,qwen25_vl_3b__simulation__student,65,-2.2584040987324028
human__k1-oty69e6s_sim1.pkl,human,human,human,human,human,human,qwen25_vl_7b__chart__normal,65,-2.0569402023767753
human__k1-oty69e6s_sim1.pkl,human,human,human,human,human,human,qwen25_vl_7b__chart__student,65,-2.5024046903919905
human__k1-oty69e6s_sim1.pkl,human,human,human,human,human,human,qwen25_vl_7b__simulation__normal,65,-2.647093118424701
human__k1-oty69e6s_sim1.pkl,human,human,human,human,human,human,qwen25_vl_7b__simulation__student,65,-3.3706198363069584
human__k1-oty69e6s_sim1.pkl,human,human,human,human,human,human,qwen35_4b__text__normal,65,-2.6108695782100204
human__k1-oty69e6s_sim1.pkl,human,human,human,human,human,human,qwen35_4b__text__student,65,-2.335066466011682
human__k1-oty69e6s_sim1.pkl,human,human,human,human,human,human,qwen35_9b__text__normal,65,-2.9813298214521313
human__k1-oty69e6s_sim1.pkl,human,human,human,human,human,human,qwen35_9b__text__student,65,-2.160881160129396
human__k1-p9dyozie_sim1.pkl,human,human,human,human,human,human,human,39,-1.6749595926233236
human__k1-p9dyozie_sim1.pkl,human,human,human,human,human,human,qwen25_vl_3b__chart__normal,39,-3.9293857471719766
human__k1-p9dyozie_sim1.pkl,human,human,human,human,human,human,qwen25_vl_3b__chart__student,39,-4.306368508391136
human__k1-p9dyozie_sim1.pkl,human,human,human,human,human,human,qwen25_vl_3b__simulation__normal,39,-3.5989654921761938
human__k1-p9dyozie_sim1.pkl,human,human,human,human,human,human,qwen25_vl_3b__simulation__student,39,-2.6609972180504955
human__k1-p9dyozie_sim1.pkl,human,human,human,human,human,human,qwen25_vl_7b__chart__normal,39,-3.3320005031465394
human__k1-p9dyozie_sim1.pkl,human,human,human,human,human,human,qwen25_vl_7b__chart__student,39,-3.1980042799505677
human__k1-p9dyozie_sim1.pkl,human,human,human,human,human,human,qwen25_vl_7b__simulation__normal,39,-2.553286649635392
human__k1-p9dyozie_sim1.pkl,human,human,human,human,human,human,qwen25_vl_7b__simulation__student,39,-3.4050280466684066
human__k1-p9dyozie_sim1.pkl,human,human,human,human,human,human,qwen35_4b__text__normal,39,-3.1506974935078964
human__k1-p9dyozie_sim1.pkl,human,human,human,human,human,human,qwen35_4b__text__student,39,-2.115096675494776
human__k1-p9dyozie_sim1.pkl,human,human,human,human,human,human,qwen35_9b__text__normal,39,-4.807729881892996
human__k1-p9dyozie_sim1.pkl,human,human,human,human,human,human,qwen35_9b__text__student,39,-2.1712435814403324
human__k1-pzgsjqi7_sim1.pkl,human,human,human,human,human,human,human,87,-1.280568766164159
human__k1-pzgsjqi7_sim1.pkl,human,human,human,human,human,human,qwen25_vl_3b__chart__normal,87,-4.307166119885586
human__k1-pzgsjqi7_sim1.pkl,human,human,human,human,human,human,qwen25_vl_3b__chart__student,87,-3.848139369280343
human__k1-pzgsjqi7_sim1.pkl,human,human,human,human,human,human,qwen25_vl_3b__simulation__normal,87,-4.039723084165338
human__k1-pzgsjqi7_sim1.pkl,human,human,human,human,human,human,qwen25_vl_3b__simulation__student,87,-2.506077795899222
human__k1-pzgsjqi7_sim1.pkl,human,human,human,human,human,human,qwen25_vl_7b__chart__normal,87,-2.3921185617804084
human__k1-pzgsjqi7_sim1.pkl,human,human,human,human,human,human,qwen25_vl_7b__chart__student,87,-2.9153517915439204
human__k1-pzgsjqi7_sim1.pkl,human,human,human,human,human,human,qwen25_vl_7b__simulation__normal,87,-2.5106596563101333
human__k1-pzgsjqi7_sim1.pkl,human,human,human,human,human,human,qwen25_vl_7b__simulation__student,87,-4.054192721117101
human__k1-pzgsjqi7_sim1.pkl,human,human,human,human,human,human,qwen35_4b__text__normal,87,-3.699719500915987
human__k1-pzgsjqi7_sim1.pkl,human,human,human,human,human,human,qwen35_4b__text__student,87,-2.5227891671995715
human__k1-pzgsjqi7_sim1.pkl,human,human,human,human,human,human,qwen35_9b__text__normal,87,-4.547323289475945
human__k1-pzgsjqi7_sim1.pkl,human,human,human,human,human,human,qwen35_9b__text__student,87,-2.0548274935573443
human__k1-qdfhyyzw_sim1.pkl,human,human,human,human,human,human,human,69,-1.2129573402634746
human__k1-qdfhyyzw_sim1.pkl,human,human,human,human,human,human,qwen25_vl_3b__chart__normal,69,-3.5540871551613122
human__k1-qdfhyyzw_sim1.pkl,human,human,human,human,human,human,qwen25_vl_3b__chart__student,69,-4.04542114701805
human__k1-qdfhyyzw_sim1.pkl,human,human,human,human,human,human,qwen25_vl_3b__simulation__normal,69,-3.656268158924958
human__k1-qdfhyyzw_sim1.pkl,human,human,human,human,human,human,qwen25_vl_3b__simulation__student,69,-2.3713152350888635
human__k1-qdfhyyzw_sim1.pkl,human,human,human,human,human,human,qwen25_vl_7b__chart__normal,69,-2.3791328335592143
human__k1-qdfhyyzw_sim1.pkl,human,human,human,human,human,human,qwen25_vl_7b__chart__student,69,-2.3986177759284537
human__k1-qdfhyyzw_sim1.pkl,human,human,human,human,human,human,qwen25_vl_7b__simulation__normal,69,-2.0130689355542772
human__k1-qdfhyyzw_sim1.pkl,human,human,human,human,human,human,qwen25_vl_7b__simulation__student,69,-3.3872202195270584
human__k1-qdfhyyzw_sim1.pkl,human,human,human,human,human,human,qwen35_4b__text__normal,69,-3.2968059895347306
human__k1-qdfhyyzw_sim1.pkl,human,human,human,human,human,human,qwen35_4b__text__student,69,-2.0812057917226605
human__k1-qdfhyyzw_sim1.pkl,human,human,human,human,human,human,qwen35_9b__text__normal,69,-4.9131027079963765
human__k1-qdfhyyzw_sim1.pkl,human,human,human,human,human,human,qwen35_9b__text__student,69,-2.028263443863324
human__k1-qf3zo9v9_sim1.pkl,human,human,human,human,human,human,human,33,-1.2987671140302464
human__k1-qf3zo9v9_sim1.pkl,human,human,human,human,human,human,qwen25_vl_3b__chart__normal,33,-3.3583449822022904
human__k1-qf3zo9v9_sim1.pkl,human,human,human,human,human,human,qwen25_vl_3b__chart__student,33,-2.990898087003535
human__k1-qf3zo9v9_sim1.pkl,human,human,human,human,human,human,qwen25_vl_3b__simulation__normal,33,-2.165079526665804
human__k1-qf3zo9v9_sim1.pkl,human,human,human,human,human,human,qwen25_vl_3b__simulation__student,33,-2.412601079407789
human__k1-qf3zo9v9_sim1.pkl,human,human,human,human,human,human,qwen25_vl_7b__chart__normal,33,-1.9682533797477115
human__k1-qf3zo9v9_sim1.pkl,human,human,human,human,human,human,qwen25_vl_7b__chart__student,33,-1.9160301123323844
human__k1-qf3zo9v9_sim1.pkl,human,human,human,human,human,human,qwen25_vl_7b__simulation__normal,33,-1.6540633250271277
human__k1-qf3zo9v9_sim1.pkl,human,human,human,human,human,human,qwen25_vl_7b__simulation__student,33,-2.4742036368868563
human__k1-qf3zo9v9_sim1.pkl,human,human,human,human,human,human,qwen35_4b__text__normal,33,-5.261623944018075
human__k1-qf3zo9v9_sim1.pkl,human,human,human,human,human,human,qwen35_4b__text__student,33,-2.2945952304816384
human__k1-qf3zo9v9_sim1.pkl,human,human,human,human,human,human,qwen35_9b__text__normal,33,-2.6626093812410083
human__k1-qf3zo9v9_sim1.pkl,human,human,human,human,human,human,qwen35_9b__text__student,33,-2.154968202054537
human__k1-rjmvg8zc_sim1.pkl,human,human,human,human,human,human,human,50,-1.4568013614542468
human__k1-rjmvg8zc_sim1.pkl,human,human,human,human,human,human,qwen25_vl_3b__chart__normal,50,-4.24634023223617
human__k1-rjmvg8zc_sim1.pkl,human,human,human,human,human,human,qwen25_vl_3b__chart__student,50,-3.7051624564885977
human__k1-rjmvg8zc_sim1.pkl,human,human,human,human,human,human,qwen25_vl_3b__simulation__normal,50,-3.306645347783049
human__k1-rjmvg8zc_sim1.pkl,human,human,human,human,human,human,qwen25_vl_3b__simulation__student,50,-2.430047764792252
human__k1-rjmvg8zc_sim1.pkl,human,human,human,human,human,human,qwen25_vl_7b__chart__normal,50,-2.1032455710597393
human__k1-rjmvg8zc_sim1.pkl,human,human,human,human,human,human,qwen25_vl_7b__chart__student,50,-2.4117198638895143
human__k1-rjmvg8zc_sim1.pkl,human,human,human,human,human,human,qwen25_vl_7b__simulation__normal,50,-3.254437071679028
human__k1-rjmvg8zc_sim1.pkl,human,human,human,human,human,human,qwen25_vl_7b__simulation__student,50,-4.013373095894853
human__k1-rjmvg8zc_sim1.pkl,human,human,human,human,human,human,qwen35_4b__text__normal,50,-3.2480273677161007
human__k1-rjmvg8zc_sim1.pkl,human,human,human,human,human,human,qwen35_4b__text__student,50,-2.4495469165720407
human__k1-rjmvg8zc_sim1.pkl,human,human,human,human,human,human,qwen35_9b__text__normal,50,-4.239297442507707
human__k1-rjmvg8zc_sim1.pkl,human,human,human,human,human,human,qwen35_9b__text__student,50,-1.9835269340985087
human__k1-s5i3notu_sim1.pkl,human,human,human,human,human,human,human,143,-1.1449577018630184
human__k1-s5i3notu_sim1.pkl,human,human,human,human,human,human,qwen25_vl_3b__chart__normal,143,-4.833236942631672
human__k1-s5i3notu_sim1.pkl,human,human,human,human,human,human,qwen25_vl_3b__chart__student,143,-3.9863211837591854
human__k1-s5i3notu_sim1.pkl,human,human,human,human,human,human,qwen25_vl_3b__simulation__normal,143,-3.661733657838581
human__k1-s5i3notu_sim1.pkl,human,human,human,human,human,human,qwen25_vl_3b__simulation__student,143,-2.0869264812819432
human__k1-s5i3notu_sim1.pkl,human,human,human,human,human,human,qwen25_vl_7b__chart__normal,143,-2.1255729092212454
human__k1-s5i3notu_sim1.pkl,human,human,human,human,human,human,qwen25_vl_7b__chart__student,143,-2.4117962587042507
human__k1-s5i3notu_sim1.pkl,human,human,human,human,human,human,qwen25_vl_7b__simulation__normal,143,-2.2777614395150354
human__k1-s5i3notu_sim1.pkl,human,human,human,human,human,human,qwen25_vl_7b__simulation__student,143,-4.324221635817095
human__k1-s5i3notu_sim1.pkl,human,human,human,human,human,human,qwen35_4b__text__normal,143,-3.603401155201178
human__k1-s5i3notu_sim1.pkl,human,human,human,human,human,human,qwen35_4b__text__student,143,-2.497655284511391
human__k1-s5i3notu_sim1.pkl,human,human,human,human,human,human,qwen35_9b__text__normal,143,-4.46324868543143
human__k1-s5i3notu_sim1.pkl,human,human,human,human,human,human,qwen35_9b__text__student,143,-2.0357281634190527
human__k1-ucyvx7sm_sim1.pkl,human,human,human,human,human,human,human,37,-1.2467974681814793
human__k1-ucyvx7sm_sim1.pkl,human,human,human,human,human,human,qwen25_vl_3b__chart__normal,37,-3.5633157534269597
human__k1-ucyvx7sm_sim1.pkl,human,human,human,human,human,human,qwen25_vl_3b__chart__student,37,-2.3865741401191376
human__k1-ucyvx7sm_sim1.pkl,human,human,human,human,human,human,qwen25_vl_3b__simulation__normal,37,-2.3961153862752638
human__k1-ucyvx7sm_sim1.pkl,human,human,human,human,human,human,qwen25_vl_3b__simulation__student,37,-2.4350677386588258
human__k1-ucyvx7sm_sim1.pkl,human,human,human,human,human,human,qwen25_vl_7b__chart__normal,37,-2.3277206974857205
human__k1-ucyvx7sm_sim1.pkl,human,human,human,human,human,human,qwen25_vl_7b__chart__student,37,-2.8437812025157787
human__k1-ucyvx7sm_sim1.pkl,human,human,human,human,human,human,qwen25_vl_7b__simulation__normal,37,-2.47178117612254
human__k1-ucyvx7sm_sim1.pkl,human,human,human,human,human,human,qwen25_vl_7b__simulation__student,37,-3.462432789771321
human__k1-ucyvx7sm_sim1.pkl,human,human,human,human,human,human,qwen35_4b__text__normal,37,-2.3621762426813215
human__k1-ucyvx7sm_sim1.pkl,human,human,human,human,human,human,qwen35_4b__text__student,37,-2.384483541839956
human__k1-ucyvx7sm_sim1.pkl,human,human,human,human,human,human,qwen35_9b__text__normal,37,-2.6797312195930454
human__k1-ucyvx7sm_sim1.pkl,human,human,human,human,human,human,qwen35_9b__text__student,37,-1.9422793739639055
human__k1-udvx42mx_sim1.pkl,human,human,human,human,human,human,human,39,-1.388228214443
human__k1-udvx42mx_sim1.pkl,human,human,human,human,human,human,qwen25_vl_3b__chart__normal,39,-4.031499541233023
human__k1-udvx42mx_sim1.pkl,human,human,human,human,human,human,qwen25_vl_3b__chart__student,39,-3.382962675821415
human__k1-udvx42mx_sim1.pkl,human,human,human,human,human,human,qwen25_vl_3b__simulation__normal,39,-3.6204099752868424
human__k1-udvx42mx_sim1.pkl,human,human,human,human,human,human,qwen25_vl_3b__simulation__student,39,-1.6882315152880498
human__k1-udvx42mx_sim1.pkl,human,human,human,human,human,human,qwen25_vl_7b__chart__normal,39,-1.8403171007812933
human__k1-udvx42mx_sim1.pkl,human,human,human,human,human,human,qwen25_vl_7b__chart__student,39,-1.7603078378132784
human__k1-udvx42mx_sim1.pkl,human,human,human,human,human,human,qwen25_vl_7b__simulation__normal,39,-2.4200556967355666
human__k1-udvx42mx_sim1.pkl,human,human,human,human,human,human,qwen25_vl_7b__simulation__student,39,-3.7784028722054495
human__k1-udvx42mx_sim1.pkl,human,human,human,human,human,human,qwen35_4b__text__normal,39,-4.9506734768396115
human__k1-udvx42mx_sim1.pkl,human,human,human,human,human,human,qwen35_4b__text__student,39,-2.554448323886349
human__k1-udvx42mx_sim1.pkl,human,human,human,human,human,human,qwen35_9b__text__normal,39,-3.579237518898627
human__k1-udvx42mx_sim1.pkl,human,human,human,human,human,human,qwen35_9b__text__student,39,-2.5383827432300117
human__k1-v7mdsvjn_sim1.pkl,human,human,human,human,human,human,human,206,-1.1780971736183785
human__k1-v7mdsvjn_sim1.pkl,human,human,human,human,human,human,qwen25_vl_3b__chart__normal,206,-5.038314843187473
human__k1-v7mdsvjn_sim1.pkl,human,human,human,human,human,human,qwen25_vl_3b__chart__student,206,-5.83583970576614
human__k1-v7mdsvjn_sim1.pkl,human,human,human,human,human,human,qwen25_vl_3b__simulation__normal,206,-5.183726680450718
human__k1-v7mdsvjn_sim1.pkl,human,human,human,human,human,human,qwen25_vl_3b__simulation__student,206,-2.6951181987352246
human__k1-v7mdsvjn_sim1.pkl,human,human,human,human,human,human,qwen25_vl_7b__chart__normal,206,-1.8819075852346199
human__k1-v7mdsvjn_sim1.pkl,human,human,human,human,human,human,qwen25_vl_7b__chart__student,206,-2.5675340024983004
human__k1-v7mdsvjn_sim1.pkl,human,human,human,human,human,human,qwen25_vl_7b__simulation__normal,206,-2.3554389181661426
human__k1-v7mdsvjn_sim1.pkl,human,human,human,human,human,human,qwen25_vl_7b__simulation__student,206,-4.620288181801414
human__k1-v7mdsvjn_sim1.pkl,human,human,human,human,human,human,qwen35_4b__text__normal,206,-5.005064112066353
human__k1-v7mdsvjn_sim1.pkl,human,human,human,human,human,human,qwen35_4b__text__student,206,-2.181342696314886
human__k1-v7mdsvjn_sim1.pkl,human,human,human,human,human,human,qwen35_9b__text__normal,206,-6.270775206438901
human__k1-v7mdsvjn_sim1.pkl,human,human,human,human,human,human,qwen35_9b__text__student,206,-2.063040875793834
human__k1-v9zq6g87_sim1.pkl,human,human,human,human,human,human,human,39,-1.4365847507739362
human__k1-v9zq6g87_sim1.pkl,human,human,human,human,human,human,qwen25_vl_3b__chart__normal,39,-4.96482720497064
human__k1-v9zq6g87_sim1.pkl,human,human,human,human,human,human,qwen25_vl_3b__chart__student,39,-5.428281345655849
human__k1-v9zq6g87_sim1.pkl,human,human,human,human,human,human,qwen25_vl_3b__simulation__normal,39,-4.295559304269416
human__k1-v9zq6g87_sim1.pkl,human,human,human,human,human,human,qwen25_vl_3b__simulation__student,39,-3.1844281499953793
human__k1-v9zq6g87_sim1.pkl,human,human,human,human,human,human,qwen25_vl_7b__chart__normal,39,-1.810600741411128
human__k1-v9zq6g87_sim1.pkl,human,human,human,human,human,human,qwen25_vl_7b__chart__student,39,-3.2679589487045346
human__k1-v9zq6g87_sim1.pkl,human,human,human,human,human,human,qwen25_vl_7b__simulation__normal,39,-2.683584400578481
human__k1-v9zq6g87_sim1.pkl,human,human,human,human,human,human,qwen25_vl_7b__simulation__student,39,-4.978033031090269
human__k1-v9zq6g87_sim1.pkl,human,human,human,human,human,human,qwen35_4b__text__normal,39,-5.087035004213909
human__k1-v9zq6g87_sim1.pkl,human,human,human,human,human,human,qwen35_4b__text__student,39,-2.3516825571950015
human__k1-v9zq6g87_sim1.pkl,human,human,human,human,human,human,qwen35_9b__text__normal,39,-5.442690828127329
human__k1-v9zq6g87_sim1.pkl,human,human,human,human,human,human,qwen35_9b__text__student,39,-1.8069913810068254
human__k1-vwau7pb7_sim1.pkl,human,human,human,human,human,human,human,81,-1.1978088323185103
human__k1-vwau7pb7_sim1.pkl,human,human,human,human,human,human,qwen25_vl_3b__chart__normal,81,-4.056156529579747
human__k1-vwau7pb7_sim1.pkl,human,human,human,human,human,human,qwen25_vl_3b__chart__student,81,-3.961042147234823
human__k1-vwau7pb7_sim1.pkl,human,human,human,human,human,human,qwen25_vl_3b__simulation__normal,81,-3.4303244172684035
human__k1-vwau7pb7_sim1.pkl,human,human,human,human,human,human,qwen25_vl_3b__simulation__student,81,-2.637845749329365
human__k1-vwau7pb7_sim1.pkl,human,human,human,human,human,human,qwen25_vl_7b__chart__normal,81,-2.3342949056753515
human__k1-vwau7pb7_sim1.pkl,human,human,human,human,human,human,qwen25_vl_7b__chart__student,81,-2.7291985033702604
human__k1-vwau7pb7_sim1.pkl,human,human,human,human,human,human,qwen25_vl_7b__simulation__normal,81,-2.481201512601009
human__k1-vwau7pb7_sim1.pkl,human,human,human,human,human,human,qwen25_vl_7b__simulation__student,81,-3.383652670950135
human__k1-vwau7pb7_sim1.pkl,human,human,human,human,human,human,qwen35_4b__text__normal,81,-2.9967138199353323
human__k1-vwau7pb7_sim1.pkl,human,human,human,human,human,human,qwen35_4b__text__student,81,-2.2423045553716134
human__k1-vwau7pb7_sim1.pkl,human,human,human,human,human,human,qwen35_9b__text__normal,81,-4.232437854065688
human__k1-vwau7pb7_sim1.pkl,human,human,human,human,human,human,qwen35_9b__text__student,81,-2.211320770481503
human__k1-wiaebcd2_sim1.pkl,human,human,human,human,human,human,human,69,-1.1240719589131514
human__k1-wiaebcd2_sim1.pkl,human,human,human,human,human,human,qwen25_vl_3b__chart__normal,69,-4.757359703967979
human__k1-wiaebcd2_sim1.pkl,human,human,human,human,human,human,qwen25_vl_3b__chart__student,69,-4.915564780077635
human__k1-wiaebcd2_sim1.pkl,human,human,human,human,human,human,qwen25_vl_3b__simulation__normal,69,-4.248258891566234
human__k1-wiaebcd2_sim1.pkl,human,human,human,human,human,human,qwen25_vl_3b__simulation__student,69,-2.178973722206934
human__k1-wiaebcd2_sim1.pkl,human,human,human,human,human,human,qwen25_vl_7b__chart__normal,69,-1.9562844867550353
human__k1-wiaebcd2_sim1.pkl,human,human,human,human,human,human,qwen25_vl_7b__chart__student,69,-2.2753576161195213
human__k1-wiaebcd2_sim1.pkl,human,human,human,human,human,human,qwen25_vl_7b__simulation__normal,69,-2.0820642432019176
human__k1-wiaebcd2_sim1.pkl,human,human,human,human,human,human,qwen25_vl_7b__simulation__student,69,-5.220001016643491
human__k1-wiaebcd2_sim1.pkl,human,human,human,human,human,human,qwen35_4b__text__normal,69,-4.683251304783842
human__k1-wiaebcd2_sim1.pkl,human,human,human,human,human,human,qwen35_4b__text__student,69,-2.781180043745197
human__k1-wiaebcd2_sim1.pkl,human,human,human,human,human,human,qwen35_9b__text__normal,69,-5.092464059582738
human__k1-wiaebcd2_sim1.pkl,human,human,human,human,human,human,qwen35_9b__text__student,69,-2.172254162358444
human__k1-wqfzyqb9_sim1.pkl,human,human,human,human,human,human,human,46,-2.0301907171724154
human__k1-wqfzyqb9_sim1.pkl,human,human,human,human,human,human,qwen25_vl_3b__chart__normal,46,-4.039430808162234
human__k1-wqfzyqb9_sim1.pkl,human,human,human,human,human,human,qwen25_vl_3b__chart__student,46,-4.6564448602682385
human__k1-wqfzyqb9_sim1.pkl,human,human,human,human,human,human,qwen25_vl_3b__simulation__normal,46,-4.314635832684719
human__k1-wqfzyqb9_sim1.pkl,human,human,human,human,human,human,qwen25_vl_3b__simulation__student,46,-3.659245341510489
human__k1-wqfzyqb9_sim1.pkl,human,human,human,human,human,human,qwen25_vl_7b__chart__normal,46,-2.975812034505343
human__k1-wqfzyqb9_sim1.pkl,human,human,human,human,human,human,qwen25_vl_7b__chart__student,46,-3.8285119172452333
human__k1-wqfzyqb9_sim1.pkl,human,human,human,human,human,human,qwen25_vl_7b__simulation__normal,46,-3.480618593145329
human__k1-wqfzyqb9_sim1.pkl,human,human,human,human,human,human,qwen25_vl_7b__simulation__student,46,-3.775422270213429
human__k1-wqfzyqb9_sim1.pkl,human,human,human,human,human,human,qwen35_4b__text__normal,46,-3.441617055371392
human__k1-wqfzyqb9_sim1.pkl,human,human,human,human,human,human,qwen35_4b__text__student,46,-2.4448954245998644
human__k1-wqfzyqb9_sim1.pkl,human,human,human,human,human,human,qwen35_9b__text__normal,46,-5.407539793678462
human__k1-wqfzyqb9_sim1.pkl,human,human,human,human,human,human,qwen35_9b__text__student,46,-2.2670791376712005
human__k1-wtpst52k_sim1.pkl,human,human,human,human,human,human,human,77,-1.2406773925864807
human__k1-wtpst52k_sim1.pkl,human,human,human,human,human,human,qwen25_vl_3b__chart__normal,77,-3.438318416498784
human__k1-wtpst52k_sim1.pkl,human,human,human,human,human,human,qwen25_vl_3b__chart__student,77,-2.986634309871792
human__k1-wtpst52k_sim1.pkl,human,human,human,human,human,human,qwen25_vl_3b__simulation__normal,77,-2.677787404103254
human__k1-wtpst52k_sim1.pkl,human,human,human,human,human,human,qwen25_vl_3b__simulation__student,77,-2.253190686402776
human__k1-wtpst52k_sim1.pkl,human,human,human,human,human,human,qwen25_vl_7b__chart__normal,77,-2.1714539618384388
human__k1-wtpst52k_sim1.pkl,human,human,human,human,human,human,qwen25_vl_7b__chart__student,77,-3.0457604130109908
human__k1-wtpst52k_sim1.pkl,human,human,human,human,human,human,qwen25_vl_7b__simulation__normal,77,-2.182803504370854
human__k1-wtpst52k_sim1.pkl,human,human,human,human,human,human,qwen25_vl_7b__simulation__student,77,-3.139942171322749
human__k1-wtpst52k_sim1.pkl,human,human,human,human,human,human,qwen35_4b__text__normal,77,-2.485326436932156
human__k1-wtpst52k_sim1.pkl,human,human,human,human,human,human,qwen35_4b__text__student,77,-2.2053264697950596
human__k1-wtpst52k_sim1.pkl,human,human,human,human,human,human,qwen35_9b__text__normal,77,-3.5054982594441317
human__k1-wtpst52k_sim1.pkl,human,human,human,human,human,human,qwen35_9b__text__student,77,-2.012019466116839
human__k1-x7mv42mg_sim1.pkl,human,human,human,human,human,human,human,23,-1.5279750709485531
human__k1-x7mv42mg_sim1.pkl,human,human,human,human,human,human,qwen25_vl_3b__chart__normal,23,-3.8957658528462757
human__k1-x7mv42mg_sim1.pkl,human,human,human,human,human,human,qwen25_vl_3b__chart__student,23,-5.892600553177389
human__k1-x7mv42mg_sim1.pkl,human,human,human,human,human,human,qwen25_vl_3b__simulation__normal,23,-4.8849662919279515
human__k1-x7mv42mg_sim1.pkl,human,human,human,human,human,human,qwen25_vl_3b__simulation__student,23,-3.402706398178035
human__k1-x7mv42mg_sim1.pkl,human,human,human,human,human,human,qwen25_vl_7b__chart__normal,23,-2.335119747369774
human__k1-x7mv42mg_sim1.pkl,human,human,human,human,human,human,qwen25_vl_7b__chart__student,23,-3.315324149901462
human__k1-x7mv42mg_sim1.pkl,human,human,human,human,human,human,qwen25_vl_7b__simulation__normal,23,-2.997850904276792
human__k1-x7mv42mg_sim1.pkl,human,human,human,human,human,human,qwen25_vl_7b__simulation__student,23,-3.4901860079575644
human__k1-x7mv42mg_sim1.pkl,human,human,human,human,human,human,qwen35_4b__text__normal,23,-3.6004863448120874
human__k1-x7mv42mg_sim1.pkl,human,human,human,human,human,human,qwen35_4b__text__student,23,-2.2916540569011077
human__k1-x7mv42mg_sim1.pkl,human,human,human,human,human,human,qwen35_9b__text__normal,23,-6.235498792289851
human__k1-x7mv42mg_sim1.pkl,human,human,human,human,human,human,qwen35_9b__text__student,23,-1.8143158738208873
human__k1-xdeddfxs_sim1.pkl,human,human,human,human,human,human,human,87,-0.9824050977466814
human__k1-xdeddfxs_sim1.pkl,human,human,human,human,human,human,qwen25_vl_3b__chart__normal,87,-4.781462852983389
human__k1-xdeddfxs_sim1.pkl,human,human,human,human,human,human,qwen25_vl_3b__chart__student,87,-4.468649883674734
human__k1-xdeddfxs_sim1.pkl,human,human,human,human,human,human,qwen25_vl_3b__simulation__normal,87,-4.157455399017856
human__k1-xdeddfxs_sim1.pkl,human,human,human,human,human,human,qwen25_vl_3b__simulation__student,87,-1.583534141159632
human__k1-xdeddfxs_sim1.pkl,human,human,human,human,human,human,qwen25_vl_7b__chart__normal,87,-1.8246109358815636
human__k1-xdeddfxs_sim1.pkl,human,human,human,human,human,human,qwen25_vl_7b__chart__student,87,-2.039241761992205
human__k1-xdeddfxs_sim1.pkl,human,human,human,human,human,human,qwen25_vl_7b__simulation__normal,87,-1.559613509222672
human__k1-xdeddfxs_sim1.pkl,human,human,human,human,human,human,qwen25_vl_7b__simulation__student,87,-4.58981126515369
human__k1-xdeddfxs_sim1.pkl,human,human,human,human,human,human,qwen35_4b__text__normal,87,-6.026509457500942
human__k1-xdeddfxs_sim1.pkl,human,human,human,human,human,human,qwen35_4b__text__student,87,-2.437804510175881
human__k1-xdeddfxs_sim1.pkl,human,human,human,human,human,human,qwen35_9b__text__normal,87,-4.734879885614745
human__k1-xdeddfxs_sim1.pkl,human,human,human,human,human,human,qwen35_9b__text__student,87,-2.332630318238957
human__k1-xuydcgqp_sim1.pkl,human,human,human,human,human,human,human,73,-1.0379007347878024
human__k1-xuydcgqp_sim1.pkl,human,human,human,human,human,human,qwen25_vl_3b__chart__normal,73,-4.549208026944273
human__k1-xuydcgqp_sim1.pkl,human,human,human,human,human,human,qwen25_vl_3b__chart__student,73,-2.7108707237222185
human__k1-xuydcgqp_sim1.pkl,human,human,human,human,human,human,qwen25_vl_3b__simulation__normal,73,-2.456547229156047
human__k1-xuydcgqp_sim1.pkl,human,human,human,human,human,human,qwen25_vl_3b__simulation__student,73,-2.1716664895126847
human__k1-xuydcgqp_sim1.pkl,human,human,human,human,human,human,qwen25_vl_7b__chart__normal,73,-1.9060602957902408
human__k1-xuydcgqp_sim1.pkl,human,human,human,human,human,human,qwen25_vl_7b__chart__student,73,-2.182512542702438
human__k1-xuydcgqp_sim1.pkl,human,human,human,human,human,human,qwen25_vl_7b__simulation__normal,73,-2.271078162995292
human__k1-xuydcgqp_sim1.pkl,human,human,human,human,human,human,qwen25_vl_7b__simulation__student,73,-4.0724480135377
human__k1-xuydcgqp_sim1.pkl,human,human,human,human,human,human,qwen35_4b__text__normal,73,-2.4680279954190674
human__k1-xuydcgqp_sim1.pkl,human,human,human,human,human,human,qwen35_4b__text__student,73,-2.6244832799241737
human__k1-xuydcgqp_sim1.pkl,human,human,human,human,human,human,qwen35_9b__text__normal,73,-3.030031751137236
human__k1-xuydcgqp_sim1.pkl,human,human,human,human,human,human,qwen35_9b__text__student,73,-1.9838037040208159
human__k1-yjmnv8bt_sim1.pkl,human,human,human,human,human,human,human,171,-1.1024780978159388
human__k1-yjmnv8bt_sim1.pkl,human,human,human,human,human,human,qwen25_vl_3b__chart__normal,171,-4.5359641050463075
human__k1-yjmnv8bt_sim1.pkl,human,human,human,human,human,human,qwen25_vl_3b__chart__student,171,-4.524951320946851
human__k1-yjmnv8bt_sim1.pkl,human,human,human,human,human,human,qwen25_vl_3b__simulation__normal,171,-4.109785264668896
human__k1-yjmnv8bt_sim1.pkl,human,human,human,human,human,human,qwen25_vl_3b__simulation__student,171,-2.4217253131195204
human__k1-yjmnv8bt_sim1.pkl,human,human,human,human,human,human,qwen25_vl_7b__chart__normal,171,-2.175569607997334
human__k1-yjmnv8bt_sim1.pkl,human,human,human,human,human,human,qwen25_vl_7b__chart__student,171,-2.1733928343901856
human__k1-yjmnv8bt_sim1.pkl,human,human,human,human,human,human,qwen25_vl_7b__simulation__normal,171,-2.3369865462496886
human__k1-yjmnv8bt_sim1.pkl,human,human,human,human,human,human,qwen25_vl_7b__simulation__student,171,-3.883177162699513
human__k1-yjmnv8bt_sim1.pkl,human,human,human,human,human,human,qwen35_4b__text__normal,171,-3.6728977813380657
human__k1-yjmnv8bt_sim1.pkl,human,human,human,human,human,human,qwen35_4b__text__student,171,-2.306733365223307
human__k1-yjmnv8bt_sim1.pkl,human,human,human,human,human,human,qwen35_9b__text__normal,171,-5.134473384855874
human__k1-yjmnv8bt_sim1.pkl,human,human,human,human,human,human,qwen35_9b__text__student,171,-2.0677119325258255
human__k1-z9itzaam_sim1.pkl,human,human,human,human,human,human,human,68,-1.3055050384795106
human__k1-z9itzaam_sim1.pkl,human,human,human,human,human,human,qwen25_vl_3b__chart__normal,68,-5.401222273187397
human__k1-z9itzaam_sim1.pkl,human,human,human,human,human,human,qwen25_vl_3b__chart__student,68,-5.296480504639267
human__k1-z9itzaam_sim1.pkl,human,human,human,human,human,human,qwen25_vl_3b__simulation__normal,68,-5.437161252831876
human__k1-z9itzaam_sim1.pkl,human,human,human,human,human,human,qwen25_vl_3b__simulation__student,68,-2.4380280628119713
human__k1-z9itzaam_sim1.pkl,human,human,human,human,human,human,qwen25_vl_7b__chart__normal,68,-1.9433482366000707
human__k1-z9itzaam_sim1.pkl,human,human,human,human,human,human,qwen25_vl_7b__chart__student,68,-2.904569733818329
human__k1-z9itzaam_sim1.pkl,human,human,human,human,human,human,qwen25_vl_7b__simulation__normal,68,-2.7718207580569176
human__k1-z9itzaam_sim1.pkl,human,human,human,human,human,human,qwen25_vl_7b__simulation__student,68,-5.224660786048541
human__k1-z9itzaam_sim1.pkl,human,human,human,human,human,human,qwen35_4b__text__normal,68,-5.266586871182883
human__k1-z9itzaam_sim1.pkl,human,human,human,human,human,human,qwen35_4b__text__student,68,-2.3545139094487815
human__k1-z9itzaam_sim1.pkl,human,human,human,human,human,human,qwen35_9b__text__normal,68,-5.875126940961486
human__k1-z9itzaam_sim1.pkl,human,human,human,human,human,human,qwen35_9b__text__student,68,-2.1273036498382805
human__k1-zvm6hs9n_sim1.pkl,human,human,human,human,human,human,human,58,-1.259920914380403
human__k1-zvm6hs9n_sim1.pkl,human,human,human,human,human,human,qwen25_vl_3b__chart__normal,58,-4.443704519541521
human__k1-zvm6hs9n_sim1.pkl,human,human,human,human,human,human,qwen25_vl_3b__chart__student,58,-3.945460550420455
human__k1-zvm6hs9n_sim1.pkl,human,human,human,human,human,human,qwen25_vl_3b__simulation__normal,58,-3.756710746358689
human__k1-zvm6hs9n_sim1.pkl,human,human,human,human,human,human,qwen25_vl_3b__simulation__student,58,-3.004967531456273
human__k1-zvm6hs9n_sim1.pkl,human,human,human,human,human,human,qwen25_vl_7b__chart__normal,58,-2.275682587879275
human__k1-zvm6hs9n_sim1.pkl,human,human,human,human,human,human,qwen25_vl_7b__chart__student,58,-2.3961571943033366
human__k1-zvm6hs9n_sim1.pkl,human,human,human,human,human,human,qwen25_vl_7b__simulation__normal,58,-2.896794301281489
human__k1-zvm6hs9n_sim1.pkl,human,human,human,human,human,human,qwen25_vl_7b__simulation__student,58,-4.274002459830172
human__k1-zvm6hs9n_sim1.pkl,human,human,human,human,human,human,qwen35_4b__text__normal,58,-3.4617772568549494
human__k1-zvm6hs9n_sim1.pkl,human,human,human,human,human,human,qwen35_4b__text__student,58,-2.5919727061304885
human__k1-zvm6hs9n_sim1.pkl,human,human,human,human,human,human,qwen35_9b__text__normal,58,-4.346010337573274
human__k1-zvm6hs9n_sim1.pkl,human,human,human,human,human,human,qwen35_9b__text__student,58,-2.1339918983059367
human__kate_testing-B-DC_sim1.pkl,human,human,human,human,human,human,human,23,-1.5524291016625555
human__kate_testing-B-DC_sim1.pkl,human,human,human,human,human,human,qwen25_vl_3b__chart__normal,23,-5.481754592060488
human__kate_testing-B-DC_sim1.pkl,human,human,human,human,human,human,qwen25_vl_3b__chart__student,23,-3.711532314086522
human__kate_testing-B-DC_sim1.pkl,human,human,human,human,human,human,qwen25_vl_3b__simulation__normal,23,-3.788769602716005
human__kate_testing-B-DC_sim1.pkl,human,human,human,human,human,human,qwen25_vl_3b__simulation__student,23,-2.9164842283976777
human__kate_testing-B-DC_sim1.pkl,human,human,human,human,human,human,qwen25_vl_7b__chart__normal,23,-2.188871482447707
human__kate_testing-B-DC_sim1.pkl,human,human,human,human,human,human,qwen25_vl_7b__chart__student,23,-1.818266900845465
human__kate_testing-B-DC_sim1.pkl,human,human,human,human,human,human,qwen25_vl_7b__simulation__normal,23,-2.3602808372684887
human__kate_testing-B-DC_sim1.pkl,human,human,human,human,human,human,qwen25_vl_7b__simulation__student,23,-3.7351853461166464
human__kate_testing-B-DC_sim1.pkl,human,human,human,human,human,human,qwen35_4b__text__normal,23,-4.746038268084213
human__kate_testing-B-DC_sim1.pkl,human,human,human,human,human,human,qwen35_4b__text__student,23,-2.8584601758641637
human__kate_testing-B-DC_sim1.pkl,human,human,human,human,human,human,qwen35_9b__text__normal,23,-4.28373496966237
human__kate_testing-B-DC_sim1.pkl,human,human,human,human,human,human,qwen35_9b__text__student,23,-2.6531690280455407
model_000,model,simulation,student,simulation_student,qwen25_vl_3b,qwen25_vl_3b__simulation__student,human,5,-2.0286944328974363
model_000,model,simulation,student,simulation_student,qwen25_vl_3b,qwen25_vl_3b__simulation__student,qwen25_vl_3b__chart__normal,5,-1.0684313409459845
model_000,model,simulation,student,simulation_student,qwen25_vl_3b,qwen25_vl_3b__simulation__student,qwen25_vl_3b__chart__student,5,-1.7033535448544364
model_000,model,simulation,student,simulation_student,qwen25_vl_3b,qwen25_vl_3b__simulation__student,qwen25_vl_3b__simulation__normal,5,-1.0137252186981276
model_000,model,simulation,student,simulation_student,qwen25_vl_3b,qwen25_vl_3b__simulation__student,qwen25_vl_3b__simulation__student,5,-1.2882556517878592
model_000,model,simulation,student,simulation_student,qwen25_vl_3b,qwen25_vl_3b__simulation__student,qwen25_vl_7b__chart__normal,5,-1.5615355205969785
model_000,model,simulation,student,simulation_student,qwen25_vl_3b,qwen25_vl_3b__simulation__student,qwen25_vl_7b__chart__student,5,-1.2563803618559521
model_000,model,simulation,student,simulation_student,qwen25_vl_3b,qwen25_vl_3b__simulation__student,qwen25_vl_7b__simulation__normal,5,-1.3393891505848108
model_000,model,simulation,student,simulation_student,qwen25_vl_3b,qwen25_vl_3b__simulation__student,qwen25_vl_7b__simulation__student,5,-1.0351759656354405
model_000,model,simulation,student,simulation_student,qwen25_vl_3b,qwen25_vl_3b__simulation__student,qwen35_4b__text__normal,5,-0.8984944715998807
model_000,model,simulation,student,simulation_student,qwen25_vl_3b,qwen25_vl_3b__simulation__student,qwen35_4b__text__student,5,-4.423650083795065
model_000,model,simulation,student,simulation_student,qwen25_vl_3b,qwen25_vl_3b__simulation__student,qwen35_9b__text__normal,5,-1.5268852471340113
model_000,model,simulation,student,simulation_student,qwen25_vl_3b,qwen25_vl_3b__simulation__student,qwen35_9b__text__student,5,-2.198179930473972
model_001,model,simulation,student,simulation_student,qwen25_vl_7b,qwen25_vl_7b__simulation__student,human,5,-2.1707291475664174
model_001,model,simulation,student,simulation_student,qwen25_vl_7b,qwen25_vl_7b__simulation__student,qwen25_vl_3b__chart__normal,5,-5.11440150866135
model_001,model,simulation,student,simulation_student,qwen25_vl_7b,qwen25_vl_7b__simulation__student,qwen25_vl_3b__chart__student,5,-2.7305871498395926
model_001,model,simulation,student,simulation_student,qwen25_vl_7b,qwen25_vl_7b__simulation__student,qwen25_vl_3b__simulation__normal,5,-5.682875576691698
model_001,model,simulation,student,simulation_student,qwen25_vl_7b,qwen25_vl_7b__simulation__student,qwen25_vl_3b__simulation__student,5,-4.506593756533393
model_001,model,simulation,student,simulation_student,qwen25_vl_7b,qwen25_vl_7b__simulation__student,qwen25_vl_7b__chart__normal,5,-2.248055835114518
model_001,model,simulation,student,simulation_student,qwen25_vl_7b,qwen25_vl_7b__simulation__student,qwen25_vl_7b__chart__student,5,-3.757171752531248
model_001,model,simulation,student,simulation_student,qwen25_vl_7b,qwen25_vl_7b__simulation__student,qwen25_vl_7b__simulation__normal,5,-2.526572136027548
model_001,model,simulation,student,simulation_student,qwen25_vl_7b,qwen25_vl_7b__simulation__student,qwen25_vl_7b__simulation__student,5,-1.614252949100269
model_001,model,simulation,student,simulation_student,qwen25_vl_7b,qwen25_vl_7b__simulation__student,qwen35_4b__text__normal,5,-4.008571946086817
model_001,model,simulation,student,simulation_student,qwen25_vl_7b,qwen25_vl_7b__simulation__student,qwen35_4b__text__student,5,-4.1863588061718815
model_001,model,simulation,student,simulation_student,qwen25_vl_7b,qwen25_vl_7b__simulation__student,qwen35_9b__text__normal,5,-1.991325293172287
model_001,model,simulation,student,simulation_student,qwen25_vl_7b,qwen25_vl_7b__simulation__student,qwen35_9b__text__student,5,-2.4756125424524216
model_002,model,simulation,student,simulation_student,qwen25_vl_7b,qwen25_vl_7b__simulation__student,human,4,-3.0458200975300835
model_002,model,simulation,student,simulation_student,qwen25_vl_7b,qwen25_vl_7b__simulation__student,qwen25_vl_3b__chart__normal,4,-5.594871551287185
model_002,model,simulation,student,simulation_student,qwen25_vl_7b,qwen25_vl_7b__simulation__student,qwen25_vl_3b__chart__student,4,-2.4346700759056166
model_002,model,simulation,student,simulation_student,qwen25_vl_7b,qwen25_vl_7b__simulation__student,qwen25_vl_3b__simulation__normal,4,-5.463760407624638
model_002,model,simulation,student,simulation_student,qwen25_vl_7b,qwen25_vl_7b__simulation__student,qwen25_vl_3b__simulation__student,4,-4.912943681233515
model_002,model,simulation,student,simulation_student,qwen25_vl_7b,qwen25_vl_7b__simulation__student,qwen25_vl_7b__chart__normal,4,-1.9498283591274126
model_002,model,simulation,student,simulation_student,qwen25_vl_7b,qwen25_vl_7b__simulation__student,qwen25_vl_7b__chart__student,4,-2.2230425333773423
model_002,model,simulation,student,simulation_student,qwen25_vl_7b,qwen25_vl_7b__simulation__student,qwen25_vl_7b__simulation__normal,4,-2.120449130591727
model_002,model,simulation,student,simulation_student,qwen25_vl_7b,qwen25_vl_7b__simulation__student,qwen25_vl_7b__simulation__student,4,-1.5121114284869004
model_002,model,simulation,student,simulation_student,qwen25_vl_7b,qwen25_vl_7b__simulation__student,qwen35_4b__text__normal,4,-6.850223909778217
model_002,model,simulation,student,simulation_student,qwen25_vl_7b,qwen25_vl_7b__simulation__student,qwen35_4b__text__student,4,-5.135287921210577
model_002,model,simulation,student,simulation_student,qwen25_vl_7b,qwen25_vl_7b__simulation__student,qwen35_9b__text__normal,4,-1.5130358369139258
model_002,model,simulation,student,simulation_student,qwen25_vl_7b,qwen25_vl_7b__simulation__student,qwen35_9b__text__student,4,-5.276549354233036
model_003,model,simulation,student,simulation_student,qwen25_vl_3b,qwen25_vl_3b__simulation__student,human,6,-2.3356407430665804
model_003,model,simulation,student,simulation_student,qwen25_vl_3b,qwen25_vl_3b__simulation__student,qwen25_vl_3b__chart__normal,6,-3.54489399751852
model_003,model,simulation,student,simulation_student,qwen25_vl_3b,qwen25_vl_3b__simulation__student,qwen25_vl_3b__chart__student,6,-4.442012163547182
model_003,model,simulation,student,simulation_student,qwen25_vl_3b,qwen25_vl_3b__simulation__student,qwen25_vl_3b__simulation__normal,6,-3.6361558210289537
model_003,model,simulation,student,simulation_student,qwen25_vl_3b,qwen25_vl_3b__simulation__student,qwen25_vl_3b__simulation__student,6,-1.4564678653319119
model_003,model,simulation,student,simulation_student,qwen25_vl_3b,qwen25_vl_3b__simulation__student,qwen25_vl_7b__chart__normal,6,-2.069857820780584
model_003,model,simulation,student,simulation_student,qwen25_vl_3b,qwen25_vl_3b__simulation__student,qwen25_vl_7b__chart__student,6,-2.107285143720449
model_003,model,simulation,student,simulation_student,qwen25_vl_3b,qwen25_vl_3b__simulation__student,qwen25_vl_7b__simulation__normal,6,-1.6177840216136419
model_003,model,simulation,student,simulation_student,qwen25_vl_3b,qwen25_vl_3b__simulation__student,qwen25_vl_7b__simulation__student,6,-4.15985977259498
model_003,model,simulation,student,simulation_student,qwen25_vl_3b,qwen25_vl_3b__simulation__student,qwen35_4b__text__normal,6,-5.057643562044016
model_003,model,simulation,student,simulation_student,qwen25_vl_3b,qwen25_vl_3b__simulation__student,qwen35_4b__text__student,6,-3.8489133909846824
model_003,model,simulation,student,simulation_student,qwen25_vl_3b,qwen25_vl_3b__simulation__student,qwen35_9b__text__normal,6,-1.7108260489623996
model_003,model,simulation,student,simulation_student,qwen25_vl_3b,qwen25_vl_3b__simulation__student,qwen35_9b__text__student,6,-1.9492339682626205
model_004,model,simulation,student,simulation_student,qwen25_vl_3b,qwen25_vl_3b__simulation__student,human,4,-2.3525377203119797
model_004,model,simulation,student,simulation_student,qwen25_vl_3b,qwen25_vl_3b__simulation__student,qwen25_vl_3b__chart__normal,4,-4.912159279349088
model_004,model,simulation,student,simulation_student,qwen25_vl_3b,qwen25_vl_3b__simulation__student,qwen25_vl_3b__chart__student,4,-2.1700433945593742
model_004,model,simulation,student,simulation_student,qwen25_vl_3b,qwen25_vl_3b__simulation__student,qwen25_vl_3b__simulation__normal,4,-1.9737641594745594
model_004,model,simulation,student,simulation_student,qwen25_vl_3b,qwen25_vl_3b__simulation__student,qwen25_vl_3b__simulation__student,4,-1.1176749523605767
model_004,model,simulation,student,simulation_student,qwen25_vl_3b,qwen25_vl_3b__simulation__student,qwen25_vl_7b__chart__normal,4,-1.8487970626422574
model_004,model,simulation,student,simulation_student,qwen25_vl_3b,qwen25_vl_3b__simulation__student,qwen25_vl_7b__chart__student,4,-1.2942470972730071
model_004,model,simulation,student,simulation_student,qwen25_vl_3b,qwen25_vl_3b__simulation__student,qwen25_vl_7b__simulation__normal,4,-2.1888844096979345
model_004,model,simulation,student,simulation_student,qwen25_vl_3b,qwen25_vl_3b__simulation__student,qwen25_vl_7b__simulation__student,4,-1.397481493503142
model_004,model,simulation,student,simulation_student,qwen25_vl_3b,qwen25_vl_3b__simulation__student,qwen35_4b__text__normal,4,-0.980100422110849
model_004,model,simulation,student,simulation_student,qwen25_vl_3b,qwen25_vl_3b__simulation__student,qwen35_4b__text__student,4,-1.1136266520417368
model_004,model,simulation,student,simulation_student,qwen25_vl_3b,qwen25_vl_3b__simulation__student,qwen35_9b__text__normal,4,-1.69257185197439
model_004,model,simulation,student,simulation_student,qwen25_vl_3b,qwen25_vl_3b__simulation__student,qwen35_9b__text__student,4,-4.059936553677858
model_005,model,simulation,student,simulation_student,qwen25_vl_7b,qwen25_vl_7b__simulation__student,human,3,-2.1387391992699394
model_005,model,simulation,student,simulation_student,qwen25_vl_7b,qwen25_vl_7b__simulation__student,qwen25_vl_3b__chart__normal,3,-0.991498731694256
model_005,model,simulation,student,simulation_student,qwen25_vl_7b,qwen25_vl_7b__simulation__student,qwen25_vl_3b__chart__student,3,-1.485374839022276
model_005,model,simulation,student,simulation_student,qwen25_vl_7b,qwen25_vl_7b__simulation__student,qwen25_vl_3b__simulation__normal,3,-1.239529205415166
model_005,model,simulation,student,simulation_student,qwen25_vl_7b,qwen25_vl_7b__simulation__student,qwen25_vl_3b__simulation__student,3,-1.091340138897847
model_005,model,simulation,student,simulation_student,qwen25_vl_7b,qwen25_vl_7b__simulation__student,qwen25_vl_7b__chart__normal,3,-1.4940345865463032
model_005,model,simulation,student,simulation_student,qwen25_vl_7b,qwen25_vl_7b__simulation__student,qwen25_vl_7b__chart__student,3,-1.1916807642015732
model_005,model,simulation,student,simulation_student,qwen25_vl_7b,qwen25_vl_7b__simulation__student,qwen25_vl_7b__simulation__normal,3,-1.0028401700546146
model_005,model,simulation,student,simulation_student,qwen25_vl_7b,qwen25_vl_7b__simulation__student,qwen25_vl_7b__simulation__student,3,-1.256251806931269
model_005,model,simulation,student,simulation_student,qwen25_vl_7b,qwen25_vl_7b__simulation__student,qwen35_4b__text__normal,3,-1.5079871177953559
model_005,model,simulation,student,simulation_student,qwen25_vl_7b,qwen25_vl_7b__simulation__student,qwen35_4b__text__student,3,-5.312195547590094
model_005,model,simulation,student,simulation_student,qwen25_vl_7b,qwen25_vl_7b__simulation__student,qwen35_9b__text__normal,3,-4.309033558162175
model_005,model,simulation,student,simulation_student,qwen25_vl_7b,qwen25_vl_7b__simulation__student,qwen35_9b__text__student,3,-5.174167565365667
model_006,model,simulation,student,simulation_student,qwen25_vl_7b,qwen25_vl_7b__simulation__student,human,7,-2.0202851354646283
model_006,model,simulation,student,simulation_student,qwen25_vl_7b,qwen25_vl_7b__simulation__student,qwen25_vl_3b__chart__normal,7,-3.3421516177165107
model_006,model,simulation,student,simulation_student,qwen25_vl_7b,qwen25_vl_7b__simulation__student,qwen25_vl_3b__chart__student,7,-2.1076080139573934
model_006,model,simulation,student,simulation_student,qwen25_vl_7b,qwen25_vl_7b__simulation__student,qwen25_vl_3b__simulation__normal,7,-1.9530142326093134
model_006,model,simulation,student,simulation_student,qwen25_vl_7b,qwen25_vl_7b__simulation__student,qwen25_vl_3b__simulation__student,7,-1.4742025662997456
model_006,model,simulation,student,simulation_student,qwen25_vl_7b,qwen25_vl_7b__simulation__student,qwen25_vl_7b__chart__normal,7,-1.8477441759564304
model_006,model,simulation,student,simulation_student,qwen25_vl_7b,qwen25_vl_7b__simulation__student,qwen25_vl_7b__chart__student,7,-1.878925596290183
model_006,model,simulation,student,simulation_student,qwen25_vl_7b,qwen25_vl_7b__simulation__student,qwen25_vl_7b__simulation__normal,7,-2.046170350031344
model_006,model,simulation,student,simulation_student,qwen25_vl_7b,qwen25_vl_7b__simulation__student,qwen25_vl_7b__simulation__student,7,-1.524814920311467
model_006,model,simulation,student,simulation_student,qwen25_vl_7b,qwen25_vl_7b__simulation__student,qwen35_4b__text__normal,7,-1.0781247867284043
model_006,model,simulation,student,simulation_student,qwen25_vl_7b,qwen25_vl_7b__simulation__student,qwen35_4b__text__student,7,-1.8066027035677623
model_006,model,simulation,student,simulation_student,qwen25_vl_7b,qwen25_vl_7b__simulation__student,qwen35_9b__text__normal,7,-3.150090891747476
model_006,model,simulation,student,simulation_student,qwen25_vl_7b,qwen25_vl_7b__simulation__student,qwen35_9b__text__student,7,-3.247751306095219
model_007,model,simulation,student,simulation_student,qwen25_vl_3b,qwen25_vl_3b__simulation__student,human,5,-2.85755143396367
model_007,model,simulation,student,simulation_student,qwen25_vl_3b,qwen25_vl_3b__simulation__student,qwen25_vl_3b__chart__normal,5,-2.6322754494695757
model_007,model,simulation,student,simulation_student,qwen25_vl_3b,qwen25_vl_3b__simulation__student,qwen25_vl_3b__chart__student,5,-4.39938096029481
model_007,model,simulation,student,simulation_student,qwen25_vl_3b,qwen25_vl_3b__simulation__student,qwen25_vl_3b__simulation__normal,5,-1.9194095675155296
model_007,model,simulation,student,simulation_student,qwen25_vl_3b,qwen25_vl_3b__simulation__student,qwen25_vl_3b__simulation__student,5,-1.2564165491188983
model_007,model,simulation,student,simulation_student,qwen25_vl_3b,qwen25_vl_3b__simulation__student,qwen25_vl_7b__chart__normal,5,-1.730854989152108
model_007,model,simulation,student,simulation_student,qwen25_vl_3b,qwen25_vl_3b__simulation__student,qwen25_vl_7b__chart__student,5,-1.4325891597551395
model_007,model,simulation,student,simulation_student,qwen25_vl_3b,qwen25_vl_3b__simulation__student,qwen25_vl_7b__simulation__normal,5,-2.0376971869733986
model_007,model,simulation,student,simulation_student,qwen25_vl_3b,qwen25_vl_3b__simulation__student,qwen25_vl_7b__simulation__student,5,-3.304252379551756
model_007,model,simulation,student,simulation_student,qwen25_vl_3b,qwen25_vl_3b__simulation__student,qwen35_4b__text__normal,5,-3.2996636162730937
model_007,model,simulation,student,simulation_student,qwen25_vl_3b,qwen25_vl_3b__simulation__student,qwen35_4b__text__student,5,-1.7581658240117453
model_007,model,simulation,student,simulation_student,qwen25_vl_3b,qwen25_vl_3b__simulation__student,qwen35_9b__text__normal,5,-1.7027323952365279
model_007,model,simulation,student,simulation_student,qwen25_vl_3b,qwen25_vl_3b__simulation__student,qwen35_9b__text__student,5,-1.839470499412009
model_008,model,simulation,student,simulation_student,qwen25_vl_3b,qwen25_vl_3b__simulation__student,human,2,-2.7942118046515443
model_008,model,simulation,student,simulation_student,qwen25_vl_3b,qwen25_vl_3b__simulation__student,qwen25_vl_3b__chart__normal,2,-5.839144549903507
model_008,model,simulation,student,simulation_student,qwen25_vl_3b,qwen25_vl_3b__simulation__student,qwen25_vl_3b__chart__student,2,-1.868833630290795
model_008,model,simulation,student,simulation_student,qwen25_vl_3b,qwen25_vl_3b__simulation__student,qwen25_vl_3b__simulation__normal,2,-2.1354483238645896
model_008,model,simulation,student,simulation_student,qwen25_vl_3b,qwen25_vl_3b__simulation__student,qwen25_vl_3b__simulation__student,2,-0.8450164062692666
model_008,model,simulation,student,simulation_student,qwen25_vl_3b,qwen25_vl_3b__simulation__student,qwen25_vl_7b__chart__normal,2,-1.8316910164779785
model_008,model,simulation,student,simulation_student,qwen25_vl_3b,qwen25_vl_3b__simulation__student,qwen25_vl_7b__chart__student,2,-1.0256279851579666
model_008,model,simulation,student,simulation_student,qwen25_vl_3b,qwen25_vl_3b__simulation__student,qwen25_vl_7b__simulation__normal,2,-1.307955600655506
model_008,model,simulation,student,simulation_student,qwen25_vl_3b,qwen25_vl_3b__simulation__student,qwen25_vl_7b__simulation__student,2,-1.1526525458541361
model_008,model,simulation,student,simulation_student,qwen25_vl_3b,qwen25_vl_3b__simulation__student,qwen35_4b__text__normal,2,-4.995802696103646
model_008,model,simulation,student,simulation_student,qwen25_vl_3b,qwen25_vl_3b__simulation__student,qwen35_4b__text__student,2,-6.813824330422532
model_008,model,simulation,student,simulation_student,qwen25_vl_3b,qwen25_vl_3b__simulation__student,qwen35_9b__text__normal,2,-6.02438314436195
model_008,model,simulation,student,simulation_student,qwen25_vl_3b,qwen25_vl_3b__simulation__student,qwen35_9b__text__student,2,-6.982492623444016
model_009,model,simulation,student,simulation_student,qwen25_vl_3b,qwen25_vl_3b__simulation__student,human,5,-2.735521830994487
model_009,model,simulation,student,simulation_student,qwen25_vl_3b,qwen25_vl_3b__simulation__student,qwen25_vl_3b__chart__normal,5,-3.54433711602265
model_009,model,simulation,student,simulation_student,qwen25_vl_3b,qwen25_vl_3b__simulation__student,qwen25_vl_3b__chart__student,5,-1.812593883270749
model_009,model,simulation,student,simulation_student,qwen25_vl_3b,qwen25_vl_3b__simulation__student,qwen25_vl_3b__simulation__normal,5,-2.4074947735127368
model_009,model,simulation,student,simulation_student,qwen25_vl_3b,qwen25_vl_3b__simulation__student,qwen25_vl_3b__simulation__student,5,-1.8338506567531005
model_009,model,simulation,student,simulation_student,qwen25_vl_3b,qwen25_vl_3b__simulation__student,qwen25_vl_7b__chart__normal,5,-2.113333037239698
model_009,model,simulation,student,simulation_student,qwen25_vl_3b,qwen25_vl_3b__simulation__student,qwen25_vl_7b__chart__student,5,-4.093616432632475
model_009,model,simulation,student,simulation_student,qwen25_vl_3b,qwen25_vl_3b__simulation__student,qwen25_vl_7b__simulation__normal,5,-2.06759030083639
model_009,model,simulation,student,simulation_student,qwen25_vl_3b,qwen25_vl_3b__simulation__student,qwen25_vl_7b__simulation__student,5,-3.5700753672544274
model_009,model,simulation,student,simulation_student,qwen25_vl_3b,qwen25_vl_3b__simulation__student,qwen35_4b__text__normal,5,-4.106984616068514
model_009,model,simulation,student,simulation_student,qwen25_vl_3b,qwen25_vl_3b__simulation__student,qwen35_4b__text__student,5,-3.9927787473774607
model_009,model,simulation,student,simulation_student,qwen25_vl_3b,qwen25_vl_3b__simulation__student,qwen35_9b__text__normal,5,-3.671243071780406
model_009,model,simulation,student,simulation_student,qwen25_vl_3b,qwen25_vl_3b__simulation__student,qwen35_9b__text__student,5,-3.791331421845677
model_010,model,simulation,student,simulation_student,qwen25_vl_7b,qwen25_vl_7b__simulation__student,human,5,-2.5613355930678208
model_010,model,simulation,student,simulation_student,qwen25_vl_7b,qwen25_vl_7b__simulation__student,qwen25_vl_3b__chart__normal,5,-1.8318632026306854
model_010,model,simulation,student,simulation_student,qwen25_vl_7b,qwen25_vl_7b__simulation__student,qwen25_vl_3b__chart__student,5,-2.028635575782686
model_010,model,simulation,student,simulation_student,qwen25_vl_7b,qwen25_vl_7b__simulation__student,qwen25_vl_3b__simulation__normal,5,-4.321443149365765
model_010,model,simulation,student,simulation_student,qwen25_vl_7b,qwen25_vl_7b__simulation__student,qwen25_vl_3b__simulation__student,5,-3.7118498650386456
model_010,model,simulation,student,simulation_student,qwen25_vl_7b,qwen25_vl_7b__simulation__student,qwen25_vl_7b__chart__normal,5,-1.9590219035814704
model_010,model,simulation,student,simulation_student,qwen25_vl_7b,qwen25_vl_7b__simulation__student,qwen25_vl_7b__chart__student,5,-1.6416281839919837
model_010,model,simulation,student,simulation_student,qwen25_vl_7b,qwen25_vl_7b__simulation__student,qwen25_vl_7b__simulation__normal,5,-4.141164714900749
model_010,model,simulation,student,simulation_student,qwen25_vl_7b,qwen25_vl_7b__simulation__student,qwen25_vl_7b__simulation__student,5,-1.3211877098397626
model_010,model,simulation,student,simulation_student,qwen25_vl_7b,qwen25_vl_7b__simulation__student,qwen35_4b__text__normal,5,-1.0858880103058781
model_010,model,simulation,student,simulation_student,qwen25_vl_7b,qwen25_vl_7b__simulation__student,qwen35_4b__text__student,5,-1.2333560712104252
model_010,model,simulation,student,simulation_student,qwen25_vl_7b,qwen25_vl_7b__simulation__student,qwen35_9b__text__normal,5,-3.951210880059108
model_010,model,simulation,student,simulation_student,qwen25_vl_7b,qwen25_vl_7b__simulation__student,qwen35_9b__text__student,5,-2.063726358474059
model_011,model,simulation,student,simulation_student,qwen25_vl_7b,qwen25_vl_7b__simulation__student,human,5,-2.486467821109709
model_011,model,simulation,student,simulation_student,qwen25_vl_7b,qwen25_vl_7b__simulation__student,qwen25_vl_3b__chart__normal,5,-1.9788184569815652
model_011,model,simulation,student,simulation_student,qwen25_vl_7b,qwen25_vl_7b__simulation__student,qwen25_vl_3b__chart__student,5,-2.487728169757262
model_011,model,simulation,student,simulation_student,qwen25_vl_7b,qwen25_vl_7b__simulation__student,qwen25_vl_3b__simulation__normal,5,-1.9873817865823622
model_011,model,simulation,student,simulation_student,qwen25_vl_7b,qwen25_vl_7b__simulation__student,qwen25_vl_3b__simulation__student,5,-1.3687527372188713
model_011,model,simulation,student,simulation_student,qwen25_vl_7b,qwen25_vl_7b__simulation__student,qwen25_vl_7b__chart__normal,5,-2.026976708112949
model_011,model,simulation,student,simulation_student,qwen25_vl_7b,qwen25_vl_7b__simulation__student,qwen25_vl_7b__chart__student,5,-1.8613253994090537
model_011,model,simulation,student,simulation_student,qwen25_vl_7b,qwen25_vl_7b__simulation__student,qwen25_vl_7b__simulation__normal,5,-1.7489659344425021
model_011,model,simulation,student,simulation_student,qwen25_vl_7b,qwen25_vl_7b__simulation__student,qwen25_vl_7b__simulation__student,5,-0.8416138852026531
model_011,model,simulation,student,simulation_student,qwen25_vl_7b,qwen25_vl_7b__simulation__student,qwen35_4b__text__normal,5,-0.8450948296886892
model_011,model,simulation,student,simulation_student,qwen25_vl_7b,qwen25_vl_7b__simulation__student,qwen35_4b__text__student,5,-1.159811655197425
model_011,model,simulation,student,simulation_student,qwen25_vl_7b,qwen25_vl_7b__simulation__student,qwen35_9b__text__normal,5,-1.5179209718400277
model_011,model,simulation,student,simulation_student,qwen25_vl_7b,qwen25_vl_7b__simulation__student,qwen35_9b__text__student,5,-1.8348133808483258
model_012,model,simulation,student,simulation_student,qwen25_vl_3b,qwen25_vl_3b__simulation__student,human,4,-2.382023033833084
model_012,model,simulation,student,simulation_student,qwen25_vl_3b,qwen25_vl_3b__simulation__student,qwen25_vl_3b__chart__normal,4,-1.8813500609866824
model_012,model,simulation,student,simulation_student,qwen25_vl_3b,qwen25_vl_3b__simulation__student,qwen25_vl_3b__chart__student,4,-2.22959121077983
model_012,model,simulation,student,simulation_student,qwen25_vl_3b,qwen25_vl_3b__simulation__student,qwen25_vl_3b__simulation__normal,4,-1.768157757063908
model_012,model,simulation,student,simulation_student,qwen25_vl_3b,qwen25_vl_3b__simulation__student,qwen25_vl_3b__simulation__student,4,-1.074453055134436
model_012,model,simulation,student,simulation_student,qwen25_vl_3b,qwen25_vl_3b__simulation__student,qwen25_vl_7b__chart__normal,4,-1.572535158109027
model_012,model,simulation,student,simulation_student,qwen25_vl_3b,qwen25_vl_3b__simulation__student,qwen25_vl_7b__chart__student,4,-0.9889310499105
model_012,model,simulation,student,simulation_student,qwen25_vl_3b,qwen25_vl_3b__simulation__student,qwen25_vl_7b__simulation__normal,4,-2.2146887681132292
model_012,model,simulation,student,simulation_student,qwen25_vl_3b,qwen25_vl_3b__simulation__student,qwen25_vl_7b__simulation__student,4,-0.949619721041266
model_012,model,simulation,student,simulation_student,qwen25_vl_3b,qwen25_vl_3b__simulation__student,qwen35_4b__text__normal,4,-3.8285236602730137
model_012,model,simulation,student,simulation_student,qwen25_vl_3b,qwen25_vl_3b__simulation__student,qwen35_4b__text__student,4,-1.0559861820323044
model_012,model,simulation,student,simulation_student,qwen25_vl_3b,qwen25_vl_3b__simulation__student,qwen35_9b__text__normal,4,-1.751702099523325
model_012,model,simulation,student,simulation_student,qwen25_vl_3b,qwen25_vl_3b__simulation__student,qwen35_9b__text__student,4,-4.435532031766906
model_013,model,simulation,student,simulation_student,qwen25_vl_3b,qwen25_vl_3b__simulation__student,human,12,-1.9366195917401419
model_013,model,simulation,student,simulation_student,qwen25_vl_3b,qwen25_vl_3b__simulation__student,qwen25_vl_3b__chart__normal,12,-3.961625185636601
model_013,model,simulation,student,simulation_student,qwen25_vl_3b,qwen25_vl_3b__simulation__student,qwen25_vl_3b__chart__student,12,-2.729048234049406
model_013,model,simulation,student,simulation_student,qwen25_vl_3b,qwen25_vl_3b__simulation__student,qwen25_vl_3b__simulation__normal,12,-2.0516527835040796
model_013,model,simulation,student,simulation_student,qwen25_vl_3b,qwen25_vl_3b__simulation__student,qwen25_vl_3b__simulation__student,12,-1.4464594447676864
model_013,model,simulation,student,simulation_student,qwen25_vl_3b,qwen25_vl_3b__simulation__student,qwen25_vl_7b__chart__normal,12,-2.426766081908688
model_013,model,simulation,student,simulation_student,qwen25_vl_3b,qwen25_vl_3b__simulation__student,qwen25_vl_7b__chart__student,12,-1.877889267287811
model_013,model,simulation,student,simulation_student,qwen25_vl_3b,qwen25_vl_3b__simulation__student,qwen25_vl_7b__simulation__normal,12,-1.9336681808488334
model_013,model,simulation,student,simulation_student,qwen25_vl_3b,qwen25_vl_3b__simulation__student,qwen25_vl_7b__simulation__student,12,-2.1273349827072265
model_013,model,simulation,student,simulation_student,qwen25_vl_3b,qwen25_vl_3b__simulation__student,qwen35_4b__text__normal,12,-1.404622810003615
model_013,model,simulation,student,simulation_student,qwen25_vl_3b,qwen25_vl_3b__simulation__student,qwen35_4b__text__student,12,-1.5576344548282577
model_013,model,simulation,student,simulation_student,qwen25_vl_3b,qwen25_vl_3b__simulation__student,qwen35_9b__text__normal,12,-2.4417218960409
model_013,model,simulation,student,simulation_student,qwen25_vl_3b,qwen25_vl_3b__simulation__student,qwen35_9b__text__student,12,-2.619814111229972
model_014,model,simulation,student,simulation_student,qwen25_vl_3b,qwen25_vl_3b__simulation__student,human,25,-1.3002003387691026
model_014,model,simulation,student,simulation_student,qwen25_vl_3b,qwen25_vl_3b__simulation__student,qwen25_vl_3b__chart__normal,25,-4.069843808155808
model_014,model,simulation,student,simulation_student,qwen25_vl_3b,qwen25_vl_3b__simulation__student,qwen25_vl_3b__chart__student,25,-3.757966746908496
model_014,model,simulation,student,simulation_student,qwen25_vl_3b,qwen25_vl_3b__simulation__student,qwen25_vl_3b__simulation__normal,25,-3.473262927979406
model_014,model,simulation,student,simulation_student,qwen25_vl_3b,qwen25_vl_3b__simulation__student,qwen25_vl_3b__simulation__student,25,-1.2366286977921812
model_014,model,simulation,student,simulation_student,qwen25_vl_3b,qwen25_vl_3b__simulation__student,qwen25_vl_7b__chart__normal,25,-1.9563543075905983
model_014,model,simulation,student,simulation_student,qwen25_vl_3b,qwen25_vl_3b__simulation__student,qwen25_vl_7b__chart__student,25,-1.5904032867613134
model_014,model,simulation,student,simulation_student,qwen25_vl_3b,qwen25_vl_3b__simulation__student,qwen25_vl_7b__simulation__normal,25,-2.307848158110732
model_014,model,simulation,student,simulation_student,qwen25_vl_3b,qwen25_vl_3b__simulation__student,qwen25_vl_7b__simulation__student,25,-4.321972868854343
model_014,model,simulation,student,simulation_student,qwen25_vl_3b,qwen25_vl_3b__simulation__student,qwen35_4b__text__normal,25,-5.787683539434185
model_014,model,simulation,student,simulation_student,qwen25_vl_3b,qwen25_vl_3b__simulation__student,qwen35_4b__text__student,25,-2.488446394830539
model_014,model,simulation,student,simulation_student,qwen25_vl_3b,qwen25_vl_3b__simulation__student,qwen35_9b__text__normal,25,-4.133118744251707
model_014,model,simulation,student,simulation_student,qwen25_vl_3b,qwen25_vl_3b__simulation__student,qwen35_9b__text__student,25,-2.088343151764174
model_015,model,simulation,student,simulation_student,qwen25_vl_7b,qwen25_vl_7b__simulation__student,human,5,-2.486201906398524
model_015,model,simulation,student,simulation_student,qwen25_vl_7b,qwen25_vl_7b__simulation__student,qwen25_vl_3b__chart__normal,5,-4.476953596908835
model_015,model,simulation,student,simulation_student,qwen25_vl_7b,qwen25_vl_7b__simulation__student,qwen25_vl_3b__chart__student,5,-2.26130219380937
model_015,model,simulation,student,simulation_student,qwen25_vl_7b,qwen25_vl_7b__simulation__student,qwen25_vl_3b__simulation__normal,5,-1.9983545492163288
model_015,model,simulation,student,simulation_student,qwen25_vl_7b,qwen25_vl_7b__simulation__student,qwen25_vl_3b__simulation__student,5,-1.2749805523647142
model_015,model,simulation,student,simulation_student,qwen25_vl_7b,qwen25_vl_7b__simulation__student,qwen25_vl_7b__chart__normal,5,-2.1758617935139104
model_015,model,simulation,student,simulation_student,qwen25_vl_7b,qwen25_vl_7b__simulation__student,qwen25_vl_7b__chart__student,5,-1.6722085910981364
model_015,model,simulation,student,simulation_student,qwen25_vl_7b,qwen25_vl_7b__simulation__student,qwen25_vl_7b__simulation__normal,5,-1.9494543532268565
model_015,model,simulation,student,simulation_student,qwen25_vl_7b,qwen25_vl_7b__simulation__student,qwen25_vl_7b__simulation__student,5,-1.3370598307512351
model_015,model,simulation,student,simulation_student,qwen25_vl_7b,qwen25_vl_7b__simulation__student,qwen35_4b__text__normal,5,-0.9739825911906331
model_015,model,simulation,student,simulation_student,qwen25_vl_7b,qwen25_vl_7b__simulation__student,qwen35_4b__text__student,5,-1.183007444951393
model_015,model,simulation,student,simulation_student,qwen25_vl_7b,qwen25_vl_7b__simulation__student,qwen35_9b__text__normal,5,-1.6553823914277046
model_015,model,simulation,student,simulation_student,qwen25_vl_7b,qwen25_vl_7b__simulation__student,qwen35_9b__text__student,5,-1.4435570419988724
model_016,model,simulation,student,simulation_student,qwen25_vl_7b,qwen25_vl_7b__simulation__student,human,10,-1.9886464999092233
model_016,model,simulation,student,simulation_student,qwen25_vl_7b,qwen25_vl_7b__simulation__student,qwen25_vl_3b__chart__normal,10,-3.536423969641382
model_016,model,simulation,student,simulation_student,qwen25_vl_7b,qwen25_vl_7b__simulation__student,qwen25_vl_3b__chart__student,10,-3.8092565974760815
model_016,model,simulation,student,simulation_student,qwen25_vl_7b,qwen25_vl_7b__simulation__student,qwen25_vl_3b__simulation__normal,10,-2.878135529920112
model_016,model,simulation,student,simulation_student,qwen25_vl_7b,qwen25_vl_7b__simulation__student,qwen25_vl_3b__simulation__student,10,-2.9397098918467757
model_016,model,simulation,student,simulation_student,qwen25_vl_7b,qwen25_vl_7b__simulation__student,qwen25_vl_7b__chart__normal,10,-1.535379431105596
model_016,model,simulation,student,simulation_student,qwen25_vl_7b,qwen25_vl_7b__simulation__student,qwen25_vl_7b__chart__student,10,-1.8766497593328588
model_016,model,simulation,student,simulation_student,qwen25_vl_7b,qwen25_vl_7b__simulation__student,qwen25_vl_7b__simulation__normal,10,-1.8466118998037313
model_016,model,simulation,student,simulation_student,qwen25_vl_7b,qwen25_vl_7b__simulation__student,qwen25_vl_7b__simulation__student,10,-1.3019902958301781
model_016,model,simulation,student,simulation_student,qwen25_vl_7b,qwen25_vl_7b__simulation__student,qwen35_4b__text__normal,10,-4.864512731762249
model_016,model,simulation,student,simulation_student,qwen25_vl_7b,qwen25_vl_7b__simulation__student,qwen35_4b__text__student,10,-2.9375507202258158
model_016,model,simulation,student,simulation_student,qwen25_vl_7b,qwen25_vl_7b__simulation__student,qwen35_9b__text__normal,10,-2.82684573851995
model_016,model,simulation,student,simulation_student,qwen25_vl_7b,qwen25_vl_7b__simulation__student,qwen35_9b__text__student,10,-3.4391335032279926
model_017,model,simulation,student,simulation_student,qwen25_vl_7b,qwen25_vl_7b__simulation__student,human,3,-2.1387391992699394
model_017,model,simulation,student,simulation_student,qwen25_vl_7b,qwen25_vl_7b__simulation__student,qwen25_vl_3b__chart__normal,3,-0.991498731694256
model_017,model,simulation,student,simulation_student,qwen25_vl_7b,qwen25_vl_7b__simulation__student,qwen25_vl_3b__chart__student,3,-1.485374839022276
model_017,model,simulation,student,simulation_student,qwen25_vl_7b,qwen25_vl_7b__simulation__student,qwen25_vl_3b__simulation__normal,3,-1.239529205415166
model_017,model,simulation,student,simulation_student,qwen25_vl_7b,qwen25_vl_7b__simulation__student,qwen25_vl_3b__simulation__student,3,-1.091340138897847
model_017,model,simulation,student,simulation_student,qwen25_vl_7b,qwen25_vl_7b__simulation__student,qwen25_vl_7b__chart__normal,3,-1.4940345865463032
model_017,model,simulation,student,simulation_student,qwen25_vl_7b,qwen25_vl_7b__simulation__student,qwen25_vl_7b__chart__student,3,-1.1916807642015732
model_017,model,simulation,student,simulation_student,qwen25_vl_7b,qwen25_vl_7b__simulation__student,qwen25_vl_7b__simulation__normal,3,-1.0028401700546146
model_017,model,simulation,student,simulation_student,qwen25_vl_7b,qwen25_vl_7b__simulation__student,qwen25_vl_7b__simulation__student,3,-1.256251806931269
model_017,model,simulation,student,simulation_student,qwen25_vl_7b,qwen25_vl_7b__simulation__student,qwen35_4b__text__normal,3,-1.5079871177953559
model_017,model,simulation,student,simulation_student,qwen25_vl_7b,qwen25_vl_7b__simulation__student,qwen35_4b__text__student,3,-5.312195547590094
model_017,model,simulation,student,simulation_student,qwen25_vl_7b,qwen25_vl_7b__simulation__student,qwen35_9b__text__normal,3,-4.309033558162175
model_017,model,simulation,student,simulation_student,qwen25_vl_7b,qwen25_vl_7b__simulation__student,qwen35_9b__text__student,3,-5.174167565365667
model_018,model,simulation,student,simulation_student,qwen25_vl_7b,qwen25_vl_7b__simulation__student,human,4,-2.873944449195054
model_018,model,simulation,student,simulation_student,qwen25_vl_7b,qwen25_vl_7b__simulation__student,qwen25_vl_3b__chart__normal,4,-1.7761581552660382
model_018,model,simulation,student,simulation_student,qwen25_vl_7b,qwen25_vl_7b__simulation__student,qwen25_vl_3b__chart__student,4,-2.238543899649201
model_018,model,simulation,student,simulation_student,qwen25_vl_7b,qwen25_vl_7b__simulation__student,qwen25_vl_3b__simulation__normal,4,-2.0302748482148854
model_018,model,simulation,student,simulation_student,qwen25_vl_7b,qwen25_vl_7b__simulation__student,qwen25_vl_3b__simulation__student,4,-1.2371798433770063
model_018,model,simulation,student,simulation_student,qwen25_vl_7b,qwen25_vl_7b__simulation__student,qwen25_vl_7b__chart__normal,4,-1.9477562293628627
model_018,model,simulation,student,simulation_student,qwen25_vl_7b,qwen25_vl_7b__simulation__student,qwen25_vl_7b__chart__student,4,-1.530667834948392
model_018,model,simulation,student,simulation_student,qwen25_vl_7b,qwen25_vl_7b__simulation__student,qwen25_vl_7b__simulation__normal,4,-1.975110688475095
model_018,model,simulation,student,simulation_student,qwen25_vl_7b,qwen25_vl_7b__simulation__student,qwen25_vl_7b__simulation__student,4,-0.8322155218160346
model_018,model,simulation,student,simulation_student,qwen25_vl_7b,qwen25_vl_7b__simulation__student,qwen35_4b__text__normal,4,-0.8189906741392152
model_018,model,simulation,student,simulation_student,qwen25_vl_7b,qwen25_vl_7b__simulation__student,qwen35_4b__text__student,4,-1.084632511447918
model_018,model,simulation,student,simulation_student,qwen25_vl_7b,qwen25_vl_7b__simulation__student,qwen35_9b__text__normal,4,-1.5207465285742012
model_018,model,simulation,student,simulation_student,qwen25_vl_7b,qwen25_vl_7b__simulation__student,qwen35_9b__text__student,4,-4.494086079663773
model_019,model,chart,student,chart_student,qwen25_vl_3b,qwen25_vl_3b__chart__student,human,9,-2.30510710299988
model_019,model,chart,student,chart_student,qwen25_vl_3b,qwen25_vl_3b__chart__student,qwen25_vl_3b__chart__normal,9,-1.6684296200379858
model_019,model,chart,student,chart_student,qwen25_vl_3b,qwen25_vl_3b__chart__student,qwen25_vl_3b__chart__student,9,-1.5014257954752348
model_019,model,chart,student,chart_student,qwen25_vl_3b,qwen25_vl_3b__chart__student,qwen25_vl_3b__simulation__normal,9,-3.0063552069491033
model_019,model,chart,student,chart_student,qwen25_vl_3b,qwen25_vl_3b__chart__student,qwen25_vl_3b__simulation__student,9,-3.4334826074003004
model_019,model,chart,student,chart_student,qwen25_vl_3b,qwen25_vl_3b__chart__student,qwen25_vl_7b__chart__normal,9,-2.7995489880998905
model_019,model,chart,student,chart_student,qwen25_vl_3b,qwen25_vl_3b__chart__student,qwen25_vl_7b__chart__student,9,-1.8388917236517177
model_019,model,chart,student,chart_student,qwen25_vl_3b,qwen25_vl_3b__chart__student,qwen25_vl_7b__simulation__normal,9,-4.444835741698871
model_019,model,chart,student,chart_student,qwen25_vl_3b,qwen25_vl_3b__chart__student,qwen25_vl_7b__simulation__student,9,-2.1906647888948334
model_019,model,chart,student,chart_student,qwen25_vl_3b,qwen25_vl_3b__chart__student,qwen35_4b__text__normal,9,-2.550086702479531
model_019,model,chart,student,chart_student,qwen25_vl_3b,qwen25_vl_3b__chart__student,qwen35_4b__text__student,9,-1.745506952823919
model_019,model,chart,student,chart_student,qwen25_vl_3b,qwen25_vl_3b__chart__student,qwen35_9b__text__normal,9,-2.3410914204171145
model_019,model,chart,student,chart_student,qwen25_vl_3b,qwen25_vl_3b__chart__student,qwen35_9b__text__student,9,-1.7775122278096933
model_020,model,chart,student,chart_student,qwen25_vl_3b,qwen25_vl_3b__chart__student,human,5,-2.163275914965509
model_020,model,chart,student,chart_student,qwen25_vl_3b,qwen25_vl_3b__chart__student,qwen25_vl_3b__chart__normal,5,-1.2555298021378372
model_020,model,chart,student,chart_student,qwen25_vl_3b,qwen25_vl_3b__chart__student,qwen25_vl_3b__chart__student,5,-1.1598819672088472
model_020,model,chart,student,chart_student,qwen25_vl_3b,qwen25_vl_3b__chart__student,qwen25_vl_3b__simulation__normal,5,-2.996972729255764
model_020,model,chart,student,chart_student,qwen25_vl_3b,qwen25_vl_3b__chart__student,qwen25_vl_3b__simulation__student,5,-2.1920042915938613
model_020,model,chart,student,chart_student,qwen25_vl_3b,qwen25_vl_3b__chart__student,qwen25_vl_7b__chart__normal,5,-1.572693028980707
model_020,model,chart,student,chart_student,qwen25_vl_3b,qwen25_vl_3b__chart__student,qwen25_vl_7b__chart__student,5,-1.5491958750424448
model_020,model,chart,student,chart_student,qwen25_vl_3b,qwen25_vl_3b__chart__student,qwen25_vl_7b__simulation__normal,5,-4.0639667057082765
model_020,model,chart,student,chart_student,qwen25_vl_3b,qwen25_vl_3b__chart__student,qwen25_vl_7b__simulation__student,5,-1.797293042602729
model_020,model,chart,student,chart_student,qwen25_vl_3b,qwen25_vl_3b__chart__student,qwen35_4b__text__normal,5,-1.4401232972764373
model_020,model,chart,student,chart_student,qwen25_vl_3b,qwen25_vl_3b__chart__student,qwen35_4b__text__student,5,-3.6686665892103583
model_020,model,chart,student,chart_student,qwen25_vl_3b,qwen25_vl_3b__chart__student,qwen35_9b__text__normal,5,-1.6448284733890084
model_020,model,chart,student,chart_student,qwen25_vl_3b,qwen25_vl_3b__chart__student,qwen35_9b__text__student,5,-3.901295528187154
model_021,model,chart,student,chart_student,qwen25_vl_3b,qwen25_vl_3b__chart__student,human,5,-2.6446853989846364
model_021,model,chart,student,chart_student,qwen25_vl_3b,qwen25_vl_3b__chart__student,qwen25_vl_3b__chart__normal,5,-4.251953232834389
model_021,model,chart,student,chart_student,qwen25_vl_3b,qwen25_vl_3b__chart__student,qwen25_vl_3b__chart__student,5,-1.4488516256370958
model_021,model,chart,student,chart_student,qwen25_vl_3b,qwen25_vl_3b__chart__student,qwen25_vl_3b__simulation__normal,5,-3.700517770370916
model_021,model,chart,student,chart_student,qwen25_vl_3b,qwen25_vl_3b__chart__student,qwen25_vl_3b__simulation__student,5,-4.1760167503877295
model_021,model,chart,student,chart_student,qwen25_vl_3b,qwen25_vl_3b__chart__student,qwen25_vl_7b__chart__normal,5,-2.160979705526146
model_021,model,chart,student,chart_student,qwen25_vl_3b,qwen25_vl_3b__chart__student,qwen25_vl_7b__chart__student,5,-3.9579232065165515
model_021,model,chart,student,chart_student,qwen25_vl_3b,qwen25_vl_3b__chart__student,qwen25_vl_7b__simulation__normal,5,-6.72057584684435
model_021,model,chart,student,chart_student,qwen25_vl_3b,qwen25_vl_3b__chart__student,qwen25_vl_7b__simulation__student,5,-3.798726306832247
model_021,model,chart,student,chart_student,qwen25_vl_3b,qwen25_vl_3b__chart__student,qwen35_4b__text__normal,5,-1.985842201390461
model_021,model,chart,student,chart_student,qwen25_vl_3b,qwen25_vl_3b__chart__student,qwen35_4b__text__student,5,-3.794033236114177
model_021,model,chart,student,chart_student,qwen25_vl_3b,qwen25_vl_3b__chart__student,qwen35_9b__text__normal,5,-4.574172166388933
model_021,model,chart,student,chart_student,qwen25_vl_3b,qwen25_vl_3b__chart__student,qwen35_9b__text__student,5,-1.5459242011493686
model_022,model,chart,student,chart_student,qwen25_vl_3b,qwen25_vl_3b__chart__student,human,8,-2.6680679732155066
model_022,model,chart,student,chart_student,qwen25_vl_3b,qwen25_vl_3b__chart__student,qwen25_vl_3b__chart__normal,8,-4.913027544163393
model_022,model,chart,student,chart_student,qwen25_vl_3b,qwen25_vl_3b__chart__student,qwen25_vl_3b__chart__student,8,-1.746882579687554
model_022,model,chart,student,chart_student,qwen25_vl_3b,qwen25_vl_3b__chart__student,qwen25_vl_3b__simulation__normal,8,-5.027893170848814
model_022,model,chart,student,chart_student,qwen25_vl_3b,qwen25_vl_3b__chart__student,qwen25_vl_3b__simulation__student,8,-4.7954604283777655
model_022,model,chart,student,chart_student,qwen25_vl_3b,qwen25_vl_3b__chart__student,qwen25_vl_7b__chart__normal,8,-4.650036423117997
model_022,model,chart,student,chart_student,qwen25_vl_3b,qwen25_vl_3b__chart__student,qwen25_vl_7b__chart__student,8,-3.483189922958553
model_022,model,chart,student,chart_student,qwen25_vl_3b,qwen25_vl_3b__chart__student,qwen25_vl_7b__simulation__normal,8,-4.051079700208967
model_022,model,chart,student,chart_student,qwen25_vl_3b,qwen25_vl_3b__chart__student,qwen25_vl_7b__simulation__student,8,-2.4448747980010213
model_022,model,chart,student,chart_student,qwen25_vl_3b,qwen25_vl_3b__chart__student,qwen35_4b__text__normal,8,-4.761757733350743
model_022,model,chart,student,chart_student,qwen25_vl_3b,qwen25_vl_3b__chart__student,qwen35_4b__text__student,8,-3.626670785786991
model_022,model,chart,student,chart_student,qwen25_vl_3b,qwen25_vl_3b__chart__student,qwen35_9b__text__normal,8,-2.190204688109654
model_022,model,chart,student,chart_student,qwen25_vl_3b,qwen25_vl_3b__chart__student,qwen35_9b__text__student,8,-3.706820132064825
model_023,model,chart,student,chart_student,qwen25_vl_7b,qwen25_vl_7b__chart__student,human,3,-2.2695759212678306
model_023,model,chart,student,chart_student,qwen25_vl_7b,qwen25_vl_7b__chart__student,qwen25_vl_3b__chart__normal,3,-6.045735241973788
model_023,model,chart,student,chart_student,qwen25_vl_7b,qwen25_vl_7b__chart__student,qwen25_vl_3b__chart__student,3,-2.607992306454427
model_023,model,chart,student,chart_student,qwen25_vl_7b,qwen25_vl_7b__chart__student,qwen25_vl_3b__simulation__normal,3,-5.901353411233941
model_023,model,chart,student,chart_student,qwen25_vl_7b,qwen25_vl_7b__chart__student,qwen25_vl_3b__simulation__student,3,-5.463294977239072
model_023,model,chart,student,chart_student,qwen25_vl_7b,qwen25_vl_7b__chart__student,qwen25_vl_7b__chart__normal,3,-1.5203582691046786
model_023,model,chart,student,chart_student,qwen25_vl_7b,qwen25_vl_7b__chart__student,qwen25_vl_7b__chart__student,3,-1.296490644471156
model_023,model,chart,student,chart_student,qwen25_vl_7b,qwen25_vl_7b__chart__student,qwen25_vl_7b__simulation__normal,3,-1.850267493537423
model_023,model,chart,student,chart_student,qwen25_vl_7b,qwen25_vl_7b__chart__student,qwen25_vl_7b__simulation__student,3,-1.4615285570918306
model_023,model,chart,student,chart_student,qwen25_vl_7b,qwen25_vl_7b__chart__student,qwen35_4b__text__normal,3,-5.223999736418325
model_023,model,chart,student,chart_student,qwen25_vl_7b,qwen25_vl_7b__chart__student,qwen35_4b__text__student,3,-5.487387657218818
model_023,model,chart,student,chart_student,qwen25_vl_7b,qwen25_vl_7b__chart__student,qwen35_9b__text__normal,3,-2.1446768164909886
model_023,model,chart,student,chart_student,qwen25_vl_7b,qwen25_vl_7b__chart__student,qwen35_9b__text__student,3,-5.927107536448467
model_024,model,chart,student,chart_student,qwen25_vl_7b,qwen25_vl_7b__chart__student,human,10,-2.1644829392774714
model_024,model,chart,student,chart_student,qwen25_vl_7b,qwen25_vl_7b__chart__student,qwen25_vl_3b__chart__normal,10,-3.5050657507665015
model_024,model,chart,student,chart_student,qwen25_vl_7b,qwen25_vl_7b__chart__student,qwen25_vl_3b__chart__student,10,-3.450603775992488
model_024,model,chart,student,chart_student,qwen25_vl_7b,qwen25_vl_7b__chart__student,qwen25_vl_3b__simulation__normal,10,-1.9276920911662472
model_024,model,chart,student,chart_student,qwen25_vl_7b,qwen25_vl_7b__chart__student,qwen25_vl_3b__simulation__student,10,-1.4226664618812088
model_024,model,chart,student,chart_student,qwen25_vl_7b,qwen25_vl_7b__chart__student,qwen25_vl_7b__chart__normal,10,-2.666242349529573
model_024,model,chart,student,chart_student,qwen25_vl_7b,qwen25_vl_7b__chart__student,qwen25_vl_7b__chart__student,10,-1.505205294569335
model_024,model,chart,student,chart_student,qwen25_vl_7b,qwen25_vl_7b__chart__student,qwen25_vl_7b__simulation__normal,10,-2.2199329961096614
model_024,model,chart,student,chart_student,qwen25_vl_7b,qwen25_vl_7b__chart__student,qwen25_vl_7b__simulation__student,10,-1.344092121746725
model_024,model,chart,student,chart_student,qwen25_vl_7b,qwen25_vl_7b__chart__student,qwen35_4b__text__normal,10,-4.795169937519226
model_024,model,chart,student,chart_student,qwen25_vl_7b,qwen25_vl_7b__chart__student,qwen35_4b__text__student,10,-1.4857885737277639
model_024,model,chart,student,chart_student,qwen25_vl_7b,qwen25_vl_7b__chart__student,qwen35_9b__text__normal,10,-2.8918397858680924
model_024,model,chart,student,chart_student,qwen25_vl_7b,qwen25_vl_7b__chart__student,qwen35_9b__text__student,10,-2.9174785744747576
model_025,model,chart,student,chart_student,qwen25_vl_7b,qwen25_vl_7b__chart__student,human,2,-2.7942118046515443
model_025,model,chart,student,chart_student,qwen25_vl_7b,qwen25_vl_7b__chart__student,qwen25_vl_3b__chart__normal,2,-5.839144549903507
model_025,model,chart,student,chart_student,qwen25_vl_7b,qwen25_vl_7b__chart__student,qwen25_vl_3b__chart__student,2,-1.868833630290795
model_025,model,chart,student,chart_student,qwen25_vl_7b,qwen25_vl_7b__chart__student,qwen25_vl_3b__simulation__normal,2,-2.1354483238645896
model_025,model,chart,student,chart_student,qwen25_vl_7b,qwen25_vl_7b__chart__student,qwen25_vl_3b__simulation__student,2,-0.8450164062692666
model_025,model,chart,student,chart_student,qwen25_vl_7b,qwen25_vl_7b__chart__student,qwen25_vl_7b__chart__normal,2,-1.8316910164779785
model_025,model,chart,student,chart_student,qwen25_vl_7b,qwen25_vl_7b__chart__student,qwen25_vl_7b__chart__student,2,-1.0256279851579666
model_025,model,chart,student,chart_student,qwen25_vl_7b,qwen25_vl_7b__chart__student,qwen25_vl_7b__simulation__normal,2,-1.307955600655506
model_025,model,chart,student,chart_student,qwen25_vl_7b,qwen25_vl_7b__chart__student,qwen25_vl_7b__simulation__student,2,-1.1526525458541361
model_025,model,chart,student,chart_student,qwen25_vl_7b,qwen25_vl_7b__chart__student,qwen35_4b__text__normal,2,-4.995802696103646
model_025,model,chart,student,chart_student,qwen25_vl_7b,qwen25_vl_7b__chart__student,qwen35_4b__text__student,2,-6.813824330422532
model_025,model,chart,student,chart_student,qwen25_vl_7b,qwen25_vl_7b__chart__student,qwen35_9b__text__normal,2,-6.02438314436195
model_025,model,chart,student,chart_student,qwen25_vl_7b,qwen25_vl_7b__chart__student,qwen35_9b__text__student,2,-6.982492623444016
model_026,model,chart,student,chart_student,qwen25_vl_7b,qwen25_vl_7b__chart__student,human,4,-2.098315905340607
model_026,model,chart,student,chart_student,qwen25_vl_7b,qwen25_vl_7b__chart__student,qwen25_vl_3b__chart__normal,4,-3.2069250975368853
model_026,model,chart,student,chart_student,qwen25_vl_7b,qwen25_vl_7b__chart__student,qwen25_vl_3b__chart__student,4,-5.396828738680064
model_026,model,chart,student,chart_student,qwen25_vl_7b,qwen25_vl_7b__chart__student,qwen25_vl_3b__simulation__normal,4,-4.967817045106169
model_026,model,chart,student,chart_student,qwen25_vl_7b,qwen25_vl_7b__chart__student,qwen25_vl_3b__simulation__student,4,-5.591122462952591
model_026,model,chart,student,chart_student,qwen25_vl_7b,qwen25_vl_7b__chart__student,qwen25_vl_7b__chart__normal,4,-2.691190441904771
model_026,model,chart,student,chart_student,qwen25_vl_7b,qwen25_vl_7b__chart__student,qwen25_vl_7b__chart__student,4,-1.5274207187395248
model_026,model,chart,student,chart_student,qwen25_vl_7b,qwen25_vl_7b__chart__student,qwen25_vl_7b__simulation__normal,4,-5.703643771700567
model_026,model,chart,student,chart_student,qwen25_vl_7b,qwen25_vl_7b__chart__student,qwen25_vl_7b__simulation__student,4,-5.48874449082783
model_026,model,chart,student,chart_student,qwen25_vl_7b,qwen25_vl_7b__chart__student,qwen35_4b__text__normal,4,-5.536178194427768
model_026,model,chart,student,chart_student,qwen25_vl_7b,qwen25_vl_7b__chart__student,qwen35_4b__text__student,4,-4.893834875363851
model_026,model,chart,student,chart_student,qwen25_vl_7b,qwen25_vl_7b__chart__student,qwen35_9b__text__normal,4,-5.808061850552531
model_026,model,chart,student,chart_student,qwen25_vl_7b,qwen25_vl_7b__chart__student,qwen35_9b__text__student,4,-2.562642355102776
model_027,model,chart,student,chart_student,qwen25_vl_3b,qwen25_vl_3b__chart__student,human,5,-1.6099408876989443
model_027,model,chart,student,chart_student,qwen25_vl_3b,qwen25_vl_3b__chart__student,qwen25_vl_3b__chart__normal,5,-0.7896255191998889
model_027,model,chart,student,chart_student,qwen25_vl_3b,qwen25_vl_3b__chart__student,qwen25_vl_3b__chart__student,5,-1.2911465044952708
model_027,model,chart,student,chart_student,qwen25_vl_3b,qwen25_vl_3b__chart__student,qwen25_vl_3b__simulation__normal,5,-0.7480816580847776
model_027,model,chart,student,chart_student,qwen25_vl_3b,qwen25_vl_3b__chart__student,qwen25_vl_3b__simulation__student,5,-1.417961873985181
model_027,model,chart,student,chart_student,qwen25_vl_3b,qwen25_vl_3b__chart__student,qwen25_vl_7b__chart__normal,5,-1.1684721679568135
model_027,model,chart,student,chart_student,qwen25_vl_3b,qwen25_vl_3b__chart__student,qwen25_vl_7b__chart__student,5,-1.4352268939043502
model_027,model,chart,student,chart_student,qwen25_vl_3b,qwen25_vl_3b__chart__student,qwen25_vl_7b__simulation__normal,5,-0.7587478309086775
model_027,model,chart,student,chart_student,qwen25_vl_3b,qwen25_vl_3b__chart__student,qwen25_vl_7b__simulation__student,5,-1.342562100039644
model_027,model,chart,student,chart_student,qwen25_vl_3b,qwen25_vl_3b__chart__student,qwen35_4b__text__normal,5,-1.3379959695773977
model_027,model,chart,student,chart_student,qwen25_vl_3b,qwen25_vl_3b__chart__student,qwen35_4b__text__student,5,-4.14224284157042
model_027,model,chart,student,chart_student,qwen25_vl_3b,qwen25_vl_3b__chart__student,qwen35_9b__text__normal,5,-2.920271897400664
model_027,model,chart,student,chart_student,qwen25_vl_3b,qwen25_vl_3b__chart__student,qwen35_9b__text__student,5,-4.382701558383031
model_028,model,chart,student,chart_student,qwen25_vl_3b,qwen25_vl_3b__chart__student,human,7,-2.1613769371266676
model_028,model,chart,student,chart_student,qwen25_vl_3b,qwen25_vl_3b__chart__student,qwen25_vl_3b__chart__normal,7,-4.556596880453926
model_028,model,chart,student,chart_student,qwen25_vl_3b,qwen25_vl_3b__chart__student,qwen25_vl_3b__chart__student,7,-1.2098306971161328
model_028,model,chart,student,chart_student,qwen25_vl_3b,qwen25_vl_3b__chart__student,qwen25_vl_3b__simulation__normal,7,-4.355807603174102
model_028,model,chart,student,chart_student,qwen25_vl_3b,qwen25_vl_3b__chart__student,qwen25_vl_3b__simulation__student,7,-2.2945475213257533
model_028,model,chart,student,chart_student,qwen25_vl_3b,qwen25_vl_3b__chart__student,qwen25_vl_7b__chart__normal,7,-1.9048494812255097
model_028,model,chart,student,chart_student,qwen25_vl_3b,qwen25_vl_3b__chart__student,qwen25_vl_7b__chart__student,7,-1.8713058993617986
model_028,model,chart,student,chart_student,qwen25_vl_3b,qwen25_vl_3b__chart__student,qwen25_vl_7b__simulation__normal,7,-5.24781191942589
model_028,model,chart,student,chart_student,qwen25_vl_3b,qwen25_vl_3b__chart__student,qwen25_vl_7b__simulation__student,7,-2.3151638690823693
model_028,model,chart,student,chart_student,qwen25_vl_3b,qwen25_vl_3b__chart__student,qwen35_4b__text__normal,7,-2.1421924870851976
model_028,model,chart,student,chart_student,qwen25_vl_3b,qwen25_vl_3b__chart__student,qwen35_4b__text__student,7,-1.8570938230230691
model_028,model,chart,student,chart_student,qwen25_vl_3b,qwen25_vl_3b__chart__student,qwen35_9b__text__normal,7,-1.970929894870859
model_028,model,chart,student,chart_student,qwen25_vl_3b,qwen25_vl_3b__chart__student,qwen35_9b__text__student,7,-3.2994000094706015
model_029,model,chart,student,chart_student,qwen25_vl_3b,qwen25_vl_3b__chart__student,human,7,-1.8548106027265125
model_029,model,chart,student,chart_student,qwen25_vl_3b,qwen25_vl_3b__chart__student,qwen25_vl_3b__chart__normal,7,-3.238142689795057
model_029,model,chart,student,chart_student,qwen25_vl_3b,qwen25_vl_3b__chart__student,qwen25_vl_3b__chart__student,7,-1.640829856015987
model_029,model,chart,student,chart_student,qwen25_vl_3b,qwen25_vl_3b__chart__student,qwen25_vl_3b__simulation__normal,7,-3.5280762281796183
model_029,model,chart,student,chart_student,qwen25_vl_3b,qwen25_vl_3b__chart__student,qwen25_vl_3b__simulation__student,7,-3.4972667478734323
model_029,model,chart,student,chart_student,qwen25_vl_3b,qwen25_vl_3b__chart__student,qwen25_vl_7b__chart__normal,7,-3.603558959336219
model_029,model,chart,student,chart_student,qwen25_vl_3b,qwen25_vl_3b__chart__student,qwen25_vl_7b__chart__student,7,-3.6782105627928976
model_029,model,chart,student,chart_student,qwen25_vl_3b,qwen25_vl_3b__chart__student,qwen25_vl_7b__simulation__normal,7,-3.815378915718409
model_029,model,chart,student,chart_student,qwen25_vl_3b,qwen25_vl_3b__chart__student,qwen25_vl_7b__simulation__student,7,-2.141480694409091
model_029,model,chart,student,chart_student,qwen25_vl_3b,qwen25_vl_3b__chart__student,qwen35_4b__text__normal,7,-4.180950952580632
model_029,model,chart,student,chart_student,qwen25_vl_3b,qwen25_vl_3b__chart__student,qwen35_4b__text__student,7,-3.62588117771477
model_029,model,chart,student,chart_student,qwen25_vl_3b,qwen25_vl_3b__chart__student,qwen35_9b__text__normal,7,-3.2618727505579637
model_029,model,chart,student,chart_student,qwen25_vl_3b,qwen25_vl_3b__chart__student,qwen35_9b__text__student,7,-1.7325342550214418
model_030,model,chart,student,chart_student,qwen25_vl_3b,qwen25_vl_3b__chart__student,human,6,-3.1421631449321272
model_030,model,chart,student,chart_student,qwen25_vl_3b,qwen25_vl_3b__chart__student,qwen25_vl_3b__chart__normal,6,-3.6452687624077176
model_030,model,chart,student,chart_student,qwen25_vl_3b,qwen25_vl_3b__chart__student,qwen25_vl_3b__chart__student,6,-1.3335054265544584
model_030,model,chart,student,chart_student,qwen25_vl_3b,qwen25_vl_3b__chart__student,qwen25_vl_3b__simulation__normal,6,-4.467373754909564
model_030,model,chart,student,chart_student,qwen25_vl_3b,qwen25_vl_3b__chart__student,qwen25_vl_3b__simulation__student,6,-3.618334999897167
model_030,model,chart,student,chart_student,qwen25_vl_3b,qwen25_vl_3b__chart__student,qwen25_vl_7b__chart__normal,6,-3.4603990707215666
model_030,model,chart,student,chart_student,qwen25_vl_3b,qwen25_vl_3b__chart__student,qwen25_vl_7b__chart__student,6,-3.6871974210789245
model_030,model,chart,student,chart_student,qwen25_vl_3b,qwen25_vl_3b__chart__student,qwen25_vl_7b__simulation__normal,6,-4.044514275004934
model_030,model,chart,student,chart_student,qwen25_vl_3b,qwen25_vl_3b__chart__student,qwen25_vl_7b__simulation__student,6,-3.703692105632887
model_030,model,chart,student,chart_student,qwen25_vl_3b,qwen25_vl_3b__chart__student,qwen35_4b__text__normal,6,-5.614919885760383
model_030,model,chart,student,chart_student,qwen25_vl_3b,qwen25_vl_3b__chart__student,qwen35_4b__text__student,6,-3.793630949449551
model_030,model,chart,student,chart_student,qwen25_vl_3b,qwen25_vl_3b__chart__student,qwen35_9b__text__normal,6,-3.964990721344573
model_030,model,chart,student,chart_student,qwen25_vl_3b,qwen25_vl_3b__chart__student,qwen35_9b__text__student,6,-1.7623347423815687
model_031,model,chart,student,chart_student,qwen25_vl_3b,qwen25_vl_3b__chart__student,human,7,-2.1694845513312493
model_031,model,chart,student,chart_student,qwen25_vl_3b,qwen25_vl_3b__chart__student,qwen25_vl_3b__chart__normal,7,-3.187404820070971
model_031,model,chart,student,chart_student,qwen25_vl_3b,qwen25_vl_3b__chart__student,qwen25_vl_3b__chart__student,7,-1.110497778804141
model_031,model,chart,student,chart_student,qwen25_vl_3b,qwen25_vl_3b__chart__student,qwen25_vl_3b__simulation__normal,7,-3.4338678341922884
model_031,model,chart,student,chart_student,qwen25_vl_3b,qwen25_vl_3b__chart__student,qwen25_vl_3b__simulation__student,7,-2.3949680543058416
model_031,model,chart,student,chart_student,qwen25_vl_3b,qwen25_vl_3b__chart__student,qwen25_vl_7b__chart__normal,7,-1.6272081330951058
model_031,model,chart,student,chart_student,qwen25_vl_3b,qwen25_vl_3b__chart__student,qwen25_vl_7b__chart__student,7,-1.7826570778532924
model_031,model,chart,student,chart_student,qwen25_vl_3b,qwen25_vl_3b__chart__student,qwen25_vl_7b__simulation__normal,7,-5.325409628250541
model_031,model,chart,student,chart_student,qwen25_vl_3b,qwen25_vl_3b__chart__student,qwen25_vl_7b__simulation__student,7,-2.3851336213233485
model_031,model,chart,student,chart_student,qwen25_vl_3b,qwen25_vl_3b__chart__student,qwen35_4b__text__normal,7,-3.127071531697099
model_031,model,chart,student,chart_student,qwen25_vl_3b,qwen25_vl_3b__chart__student,qwen35_4b__text__student,7,-1.7331464403302945
model_031,model,chart,student,chart_student,qwen25_vl_3b,qwen25_vl_3b__chart__student,qwen35_9b__text__normal,7,-2.0220527642453647
model_031,model,chart,student,chart_student,qwen25_vl_3b,qwen25_vl_3b__chart__student,qwen35_9b__text__student,7,-1.628582011680339
model_032,model,chart,student,chart_student,qwen25_vl_7b,qwen25_vl_7b__chart__student,human,3,-2.438516396142674
model_032,model,chart,student,chart_student,qwen25_vl_7b,qwen25_vl_7b__chart__student,qwen25_vl_3b__chart__normal,3,-3.0486987056930306
model_032,model,chart,student,chart_student,qwen25_vl_7b,qwen25_vl_7b__chart__student,qwen25_vl_3b__chart__student,3,-6.564022463420618
model_032,model,chart,student,chart_student,qwen25_vl_7b,qwen25_vl_7b__chart__student,qwen25_vl_3b__simulation__normal,3,-5.5288949459614365
model_032,model,chart,student,chart_student,qwen25_vl_7b,qwen25_vl_7b__chart__student,qwen25_vl_3b__simulation__student,3,-5.75020862177723
model_032,model,chart,student,chart_student,qwen25_vl_7b,qwen25_vl_7b__chart__student,qwen25_vl_7b__chart__normal,3,-2.4306256183737123
model_032,model,chart,student,chart_student,qwen25_vl_7b,qwen25_vl_7b__chart__student,qwen25_vl_7b__chart__student,3,-1.483816574432855
model_032,model,chart,student,chart_student,qwen25_vl_7b,qwen25_vl_7b__chart__student,qwen25_vl_7b__simulation__normal,3,-2.808095726764659
model_032,model,chart,student,chart_student,qwen25_vl_7b,qwen25_vl_7b__chart__student,qwen25_vl_7b__simulation__student,3,-5.426679023434129
model_032,model,chart,student,chart_student,qwen25_vl_7b,qwen25_vl_7b__chart__student,qwen35_4b__text__normal,3,-5.530033961683213
model_032,model,chart,student,chart_student,qwen25_vl_7b,qwen25_vl_7b__chart__student,qwen35_4b__text__student,3,-6.133670177230531
model_032,model,chart,student,chart_student,qwen25_vl_7b,qwen25_vl_7b__chart__student,qwen35_9b__text__normal,3,-5.934260192980449
model_032,model,chart,student,chart_student,qwen25_vl_7b,qwen25_vl_7b__chart__student,qwen35_9b__text__student,3,-2.04962892002848
model_033,model,chart,student,chart_student,qwen25_vl_7b,qwen25_vl_7b__chart__student,human,5,-2.045368848813565
model_033,model,chart,student,chart_student,qwen25_vl_7b,qwen25_vl_7b__chart__student,qwen25_vl_3b__chart__normal,5,-3.59664713485465
model_033,model,chart,student,chart_student,qwen25_vl_7b,qwen25_vl_7b__chart__student,qwen25_vl_3b__chart__student,5,-1.9549081856117057
model_033,model,chart,student,chart_student,qwen25_vl_7b,qwen25_vl_7b__chart__student,qwen25_vl_3b__simulation__normal,5,-1.4460253420820819
model_033,model,chart,student,chart_student,qwen25_vl_7b,qwen25_vl_7b__chart__student,qwen25_vl_3b__simulation__student,5,-1.2109945316220672
model_033,model,chart,student,chart_student,qwen25_vl_7b,qwen25_vl_7b__chart__student,qwen25_vl_7b__chart__normal,5,-1.5769576252611073
model_033,model,chart,student,chart_student,qwen25_vl_7b,qwen25_vl_7b__chart__student,qwen25_vl_7b__chart__student,5,-1.340154891875333
model_033,model,chart,student,chart_student,qwen25_vl_7b,qwen25_vl_7b__chart__student,qwen25_vl_7b__simulation__normal,5,-1.8296288865206194
model_033,model,chart,student,chart_student,qwen25_vl_7b,qwen25_vl_7b__chart__student,qwen25_vl_7b__simulation__student,5,-1.4120570544110873
model_033,model,chart,student,chart_student,qwen25_vl_7b,qwen25_vl_7b__chart__student,qwen35_4b__text__normal,5,-1.0006824651309563
model_033,model,chart,student,chart_student,qwen25_vl_7b,qwen25_vl_7b__chart__student,qwen35_4b__text__student,5,-3.576380817844155
model_033,model,chart,student,chart_student,qwen25_vl_7b,qwen25_vl_7b__chart__student,qwen35_9b__text__normal,5,-1.5430247596441866
model_033,model,chart,student,chart_student,qwen25_vl_7b,qwen25_vl_7b__chart__student,qwen35_9b__text__student,5,-3.8607290173302453
model_034,model,chart,student,chart_student,qwen25_vl_7b,qwen25_vl_7b__chart__student,human,6,-1.592441068265518
model_034,model,chart,student,chart_student,qwen25_vl_7b,qwen25_vl_7b__chart__student,qwen25_vl_3b__chart__normal,6,-5.926986914274135
model_034,model,chart,student,chart_student,qwen25_vl_7b,qwen25_vl_7b__chart__student,qwen25_vl_3b__chart__student,6,-3.7988780961945063
model_034,model,chart,student,chart_student,qwen25_vl_7b,qwen25_vl_7b__chart__student,qwen25_vl_3b__simulation__normal,6,-6.792560963617824
model_034,model,chart,student,chart_student,qwen25_vl_7b,qwen25_vl_7b__chart__student,qwen25_vl_3b__simulation__student,6,-3.4935257896030962
model_034,model,chart,student,chart_student,qwen25_vl_7b,qwen25_vl_7b__chart__student,qwen25_vl_7b__chart__normal,6,-1.5733580344024658
model_034,model,chart,student,chart_student,qwen25_vl_7b,qwen25_vl_7b__chart__student,qwen25_vl_7b__chart__student,6,-1.516778875665504
model_034,model,chart,student,chart_student,qwen25_vl_7b,qwen25_vl_7b__chart__student,qwen25_vl_7b__simulation__normal,6,-1.5949149139508307
model_034,model,chart,student,chart_student,qwen25_vl_7b,qwen25_vl_7b__chart__student,qwen25_vl_7b__simulation__student,6,-3.97488877211255
model_034,model,chart,student,chart_student,qwen25_vl_7b,qwen25_vl_7b__chart__student,qwen35_4b__text__normal,6,-5.5310288456834185
model_034,model,chart,student,chart_student,qwen25_vl_7b,qwen25_vl_7b__chart__student,qwen35_4b__text__student,6,-4.095158059614222
model_034,model,chart,student,chart_student,qwen25_vl_7b,qwen25_vl_7b__chart__student,qwen35_9b__text__normal,6,-4.0359738590182355
model_034,model,chart,student,chart_student,qwen25_vl_7b,qwen25_vl_7b__chart__student,qwen35_9b__text__student,6,-2.077717216474313
model_035,model,chart,student,chart_student,qwen25_vl_7b,qwen25_vl_7b__chart__student,human,3,-2.1387391992699394
model_035,model,chart,student,chart_student,qwen25_vl_7b,qwen25_vl_7b__chart__student,qwen25_vl_3b__chart__normal,3,-0.991498731694256
model_035,model,chart,student,chart_student,qwen25_vl_7b,qwen25_vl_7b__chart__student,qwen25_vl_3b__chart__student,3,-1.485374839022276
model_035,model,chart,student,chart_student,qwen25_vl_7b,qwen25_vl_7b__chart__student,qwen25_vl_3b__simulation__normal,3,-1.239529205415166
model_035,model,chart,student,chart_student,qwen25_vl_7b,qwen25_vl_7b__chart__student,qwen25_vl_3b__simulation__student,3,-1.091340138897847
model_035,model,chart,student,chart_student,qwen25_vl_7b,qwen25_vl_7b__chart__student,qwen25_vl_7b__chart__normal,3,-1.4940345865463032
model_035,model,chart,student,chart_student,qwen25_vl_7b,qwen25_vl_7b__chart__student,qwen25_vl_7b__chart__student,3,-1.1916807642015732
model_035,model,chart,student,chart_student,qwen25_vl_7b,qwen25_vl_7b__chart__student,qwen25_vl_7b__simulation__normal,3,-1.0028401700546146
model_035,model,chart,student,chart_student,qwen25_vl_7b,qwen25_vl_7b__chart__student,qwen25_vl_7b__simulation__student,3,-1.256251806931269
model_035,model,chart,student,chart_student,qwen25_vl_7b,qwen25_vl_7b__chart__student,qwen35_4b__text__normal,3,-1.5079871177953559
model_035,model,chart,student,chart_student,qwen25_vl_7b,qwen25_vl_7b__chart__student,qwen35_4b__text__student,3,-5.312195547590094
model_035,model,chart,student,chart_student,qwen25_vl_7b,qwen25_vl_7b__chart__student,qwen35_9b__text__normal,3,-4.309033558162175
model_035,model,chart,student,chart_student,qwen25_vl_7b,qwen25_vl_7b__chart__student,qwen35_9b__text__student,3,-5.174167565365667
model_036,model,chart,student,chart_student,qwen25_vl_7b,qwen25_vl_7b__chart__student,human,4,-2.9151442877744826
model_036,model,chart,student,chart_student,qwen25_vl_7b,qwen25_vl_7b__chart__student,qwen25_vl_3b__chart__normal,4,-4.33236570367578
model_036,model,chart,student,chart_student,qwen25_vl_7b,qwen25_vl_7b__chart__student,qwen25_vl_3b__chart__student,4,-1.1341275414385679
model_036,model,chart,student,chart_student,qwen25_vl_7b,qwen25_vl_7b__chart__student,qwen25_vl_3b__simulation__normal,4,-2.803148977341441
model_036,model,chart,student,chart_student,qwen25_vl_7b,qwen25_vl_7b__chart__student,qwen25_vl_3b__simulation__student,4,-2.3473124569489374
model_036,model,chart,student,chart_student,qwen25_vl_7b,qwen25_vl_7b__chart__student,qwen25_vl_7b__chart__normal,4,-1.5877852873648999
model_036,model,chart,student,chart_student,qwen25_vl_7b,qwen25_vl_7b__chart__student,qwen25_vl_7b__chart__student,4,-1.5555483475388263
model_036,model,chart,student,chart_student,qwen25_vl_7b,qwen25_vl_7b__chart__student,qwen25_vl_7b__simulation__normal,4,-4.950961033376843
model_036,model,chart,student,chart_student,qwen25_vl_7b,qwen25_vl_7b__chart__student,qwen25_vl_7b__simulation__student,4,-3.9139404882789277
model_036,model,chart,student,chart_student,qwen25_vl_7b,qwen25_vl_7b__chart__student,qwen35_4b__text__normal,4,-4.603173753742843
model_036,model,chart,student,chart_student,qwen25_vl_7b,qwen25_vl_7b__chart__student,qwen35_4b__text__student,4,-4.399272577485353
model_036,model,chart,student,chart_student,qwen25_vl_7b,qwen25_vl_7b__chart__student,qwen35_9b__text__normal,4,-4.453600338471259
model_036,model,chart,student,chart_student,qwen25_vl_7b,qwen25_vl_7b__chart__student,qwen35_9b__text__student,4,-4.300184202775095
model_037,model,chart,student,chart_student,qwen25_vl_3b,qwen25_vl_3b__chart__student,human,11,-2.009502956890329
model_037,model,chart,student,chart_student,qwen25_vl_3b,qwen25_vl_3b__chart__student,qwen25_vl_3b__chart__normal,11,-3.4872926354946987
model_037,model,chart,student,chart_student,qwen25_vl_3b,qwen25_vl_3b__chart__student,qwen25_vl_3b__chart__student,11,-1.2856467358776458
model_037,model,chart,student,chart_student,qwen25_vl_3b,qwen25_vl_3b__chart__student,qwen25_vl_3b__simulation__normal,11,-3.068441541506317
model_037,model,chart,student,chart_student,qwen25_vl_3b,qwen25_vl_3b__chart__student,qwen25_vl_3b__simulation__student,11,-2.5549998040664925
model_037,model,chart,student,chart_student,qwen25_vl_3b,qwen25_vl_3b__chart__student,qwen25_vl_7b__chart__normal,11,-1.6071963335022508
model_037,model,chart,student,chart_student,qwen25_vl_3b,qwen25_vl_3b__chart__student,qwen25_vl_7b__chart__student,11,-2.005595827803072
model_037,model,chart,student,chart_student,qwen25_vl_3b,qwen25_vl_3b__chart__student,qwen25_vl_7b__simulation__normal,11,-4.091285436938252
model_037,model,chart,student,chart_student,qwen25_vl_3b,qwen25_vl_3b__chart__student,qwen25_vl_7b__simulation__student,11,-2.99752954726826
model_037,model,chart,student,chart_student,qwen25_vl_3b,qwen25_vl_3b__chart__student,qwen35_4b__text__normal,11,-3.8110548988201347
model_037,model,chart,student,chart_student,qwen25_vl_3b,qwen25_vl_3b__chart__student,qwen35_4b__text__student,11,-2.30185267901889
model_037,model,chart,student,chart_student,qwen25_vl_3b,qwen25_vl_3b__chart__student,qwen35_9b__text__normal,11,-2.131454168600345
model_037,model,chart,student,chart_student,qwen25_vl_3b,qwen25_vl_3b__chart__student,qwen35_9b__text__student,11,-2.7915316411324587
model_038,model,simulation,normal,simulation_normal,qwen25_vl_7b,qwen25_vl_7b__simulation__normal,human,7,-1.3832728576901885
model_038,model,simulation,normal,simulation_normal,qwen25_vl_7b,qwen25_vl_7b__simulation__normal,qwen25_vl_3b__chart__normal,7,-0.6931120388442844
model_038,model,simulation,normal,simulation_normal,qwen25_vl_7b,qwen25_vl_7b__simulation__normal,qwen25_vl_3b__chart__student,7,-1.2298923767870327
model_038,model,simulation,normal,simulation_normal,qwen25_vl_7b,qwen25_vl_7b__simulation__normal,qwen25_vl_3b__simulation__normal,7,-0.5763884893132004
model_038,model,simulation,normal,simulation_normal,qwen25_vl_7b,qwen25_vl_7b__simulation__normal,qwen25_vl_3b__simulation__student,7,-1.5911934249153006
model_038,model,simulation,normal,simulation_normal,qwen25_vl_7b,qwen25_vl_7b__simulation__normal,qwen25_vl_7b__chart__normal,7,-1.0128083404938393
model_038,model,simulation,normal,simulation_normal,qwen25_vl_7b,qwen25_vl_7b__simulation__normal,qwen25_vl_7b__chart__student,7,-1.560597157397143
model_038,model,simulation,normal,simulation_normal,qwen25_vl_7b,qwen25_vl_7b__simulation__normal,qwen25_vl_7b__simulation__normal,7,-0.6541368284175846
model_038,model,simulation,normal,simulation_normal,qwen25_vl_7b,qwen25_vl_7b__simulation__normal,qwen25_vl_7b__simulation__student,7,-1.379554580827908
model_038,model,simulation,normal,simulation_normal,qwen25_vl_7b,qwen25_vl_7b__simulation__normal,qwen35_4b__text__normal,7,-1.2651430038042573
model_038,model,simulation,normal,simulation_normal,qwen25_vl_7b,qwen25_vl_7b__simulation__normal,qwen35_4b__text__student,7,-3.6408345168014367
model_038,model,simulation,normal,simulation_normal,qwen25_vl_7b,qwen25_vl_7b__simulation__normal,qwen35_9b__text__normal,7,-2.3043644823679243
model_038,model,simulation,normal,simulation_normal,qwen25_vl_7b,qwen25_vl_7b__simulation__normal,qwen35_9b__text__student,7,-4.043409053709184
model_039,model,simulation,normal,simulation_normal,qwen25_vl_3b,qwen25_vl_3b__simulation__normal,human,8,-1.3227458357473907
model_039,model,simulation,normal,simulation_normal,qwen25_vl_3b,qwen25_vl_3b__simulation__normal,qwen25_vl_3b__chart__normal,8,-0.7696059923303882
model_039,model,simulation,normal,simulation_normal,qwen25_vl_3b,qwen25_vl_3b__simulation__normal,qwen25_vl_3b__chart__student,8,-1.1185958224648387
model_039,model,simulation,normal,simulation_normal,qwen25_vl_3b,qwen25_vl_3b__simulation__normal,qwen25_vl_3b__simulation__normal,8,-0.7580033755469652
model_039,model,simulation,normal,simulation_normal,qwen25_vl_3b,qwen25_vl_3b__simulation__normal,qwen25_vl_3b__simulation__student,8,-1.573844636069607
model_039,model,simulation,normal,simulation_normal,qwen25_vl_3b,qwen25_vl_3b__simulation__normal,qwen25_vl_7b__chart__normal,8,-0.9536356897948572
model_039,model,simulation,normal,simulation_normal,qwen25_vl_3b,qwen25_vl_3b__simulation__normal,qwen25_vl_7b__chart__student,8,-1.6262060666225462
model_039,model,simulation,normal,simulation_normal,qwen25_vl_3b,qwen25_vl_3b__simulation__normal,qwen25_vl_7b__simulation__normal,8,-1.0538089794501262
model_039,model,simulation,normal,simulation_normal,qwen25_vl_3b,qwen25_vl_3b__simulation__normal,qwen25_vl_7b__simulation__student,8,-1.4227203751233508
model_039,model,simulation,normal,simulation_normal,qwen25_vl_3b,qwen25_vl_3b__simulation__normal,qwen35_4b__text__normal,8,-2.123190221818579
model_039,model,simulation,normal,simulation_normal,qwen25_vl_3b,qwen25_vl_3b__simulation__normal,qwen35_4b__text__student,8,-3.508427863722856
model_039,model,simulation,normal,simulation_normal,qwen25_vl_3b,qwen25_vl_3b__simulation__normal,qwen35_9b__text__normal,8,-1.1329726199844161
model_039,model,simulation,normal,simulation_normal,qwen25_vl_3b,qwen25_vl_3b__simulation__normal,qwen35_9b__text__student,8,-2.3654441823494836
model_040,model,simulation,normal,simulation_normal,qwen25_vl_7b,qwen25_vl_7b__simulation__normal,human,3,-2.1387391992699394
model_040,model,simulation,normal,simulation_normal,qwen25_vl_7b,qwen25_vl_7b__simulation__normal,qwen25_vl_3b__chart__normal,3,-0.991498731694256
model_040,model,simulation,normal,simulation_normal,qwen25_vl_7b,qwen25_vl_7b__simulation__normal,qwen25_vl_3b__chart__student,3,-1.485374839022276
model_040,model,simulation,normal,simulation_normal,qwen25_vl_7b,qwen25_vl_7b__simulation__normal,qwen25_vl_3b__simulation__normal,3,-1.239529205415166
model_040,model,simulation,normal,simulation_normal,qwen25_vl_7b,qwen25_vl_7b__simulation__normal,qwen25_vl_3b__simulation__student,3,-1.091340138897847
model_040,model,simulation,normal,simulation_normal,qwen25_vl_7b,qwen25_vl_7b__simulation__normal,qwen25_vl_7b__chart__normal,3,-1.4940345865463032
model_040,model,simulation,normal,simulation_normal,qwen25_vl_7b,qwen25_vl_7b__simulation__normal,qwen25_vl_7b__chart__student,3,-1.1916807642015732
model_040,model,simulation,normal,simulation_normal,qwen25_vl_7b,qwen25_vl_7b__simulation__normal,qwen25_vl_7b__simulation__normal,3,-1.0028401700546146
model_040,model,simulation,normal,simulation_normal,qwen25_vl_7b,qwen25_vl_7b__simulation__normal,qwen25_vl_7b__simulation__student,3,-1.256251806931269
model_040,model,simulation,normal,simulation_normal,qwen25_vl_7b,qwen25_vl_7b__simulation__normal,qwen35_4b__text__normal,3,-1.5079871177953559
model_040,model,simulation,normal,simulation_normal,qwen25_vl_7b,qwen25_vl_7b__simulation__normal,qwen35_4b__text__student,3,-5.312195547590094
model_040,model,simulation,normal,simulation_normal,qwen25_vl_7b,qwen25_vl_7b__simulation__normal,qwen35_9b__text__normal,3,-4.309033558162175
model_040,model,simulation,normal,simulation_normal,qwen25_vl_7b,qwen25_vl_7b__simulation__normal,qwen35_9b__text__student,3,-5.174167565365667
model_041,model,simulation,normal,simulation_normal,qwen25_vl_7b,qwen25_vl_7b__simulation__normal,human,9,-1.284383497104303
model_041,model,simulation,normal,simulation_normal,qwen25_vl_7b,qwen25_vl_7b__simulation__normal,qwen25_vl_3b__chart__normal,9,-1.211316358372107
model_041,model,simulation,normal,simulation_normal,qwen25_vl_7b,qwen25_vl_7b__simulation__normal,qwen25_vl_3b__chart__student,9,-1.2208935555938707
model_041,model,simulation,normal,simulation_normal,qwen25_vl_7b,qwen25_vl_7b__simulation__normal,qwen25_vl_3b__simulation__normal,9,-1.3653417114036772
model_041,model,simulation,normal,simulation_normal,qwen25_vl_7b,qwen25_vl_7b__simulation__normal,qwen25_vl_3b__simulation__student,9,-1.608342285248205
model_041,model,simulation,normal,simulation_normal,qwen25_vl_7b,qwen25_vl_7b__simulation__normal,qwen25_vl_7b__chart__normal,9,-1.3182188958695193
model_041,model,simulation,normal,simulation_normal,qwen25_vl_7b,qwen25_vl_7b__simulation__normal,qwen25_vl_7b__chart__student,9,-1.8895115859013463
model_041,model,simulation,normal,simulation_normal,qwen25_vl_7b,qwen25_vl_7b__simulation__normal,qwen25_vl_7b__simulation__normal,9,-1.3109434899350731
model_041,model,simulation,normal,simulation_normal,qwen25_vl_7b,qwen25_vl_7b__simulation__normal,qwen25_vl_7b__simulation__student,9,-1.853210282315803
model_041,model,simulation,normal,simulation_normal,qwen25_vl_7b,qwen25_vl_7b__simulation__normal,qwen35_4b__text__normal,9,-1.3949823484211137
model_041,model,simulation,normal,simulation_normal,qwen25_vl_7b,qwen25_vl_7b__simulation__normal,qwen35_4b__text__student,9,-3.3536790471570326
model_041,model,simulation,normal,simulation_normal,qwen25_vl_7b,qwen25_vl_7b__simulation__normal,qwen35_9b__text__normal,9,-1.024651981646465
model_041,model,simulation,normal,simulation_normal,qwen25_vl_7b,qwen25_vl_7b__simulation__normal,qwen35_9b__text__student,9,-3.1832532451191797
model_042,model,simulation,normal,simulation_normal,qwen25_vl_3b,qwen25_vl_3b__simulation__normal,human,29,-1.3591085670696585
model_042,model,simulation,normal,simulation_normal,qwen25_vl_3b,qwen25_vl_3b__simulation__normal,qwen25_vl_3b__chart__normal,29,-0.6900143718062147
model_042,model,simulation,normal,simulation_normal,qwen25_vl_3b,qwen25_vl_3b__simulation__normal,qwen25_vl_3b__chart__student,29,-1.6198028137287925
model_042,model,simulation,normal,simulation_normal,qwen25_vl_3b,qwen25_vl_3b__simulation__normal,qwen25_vl_3b__simulation__normal,29,-0.6600043582962087
model_042,model,simulation,normal,simulation_normal,qwen25_vl_3b,qwen25_vl_3b__simulation__normal,qwen25_vl_3b__simulation__student,29,-2.188614285259095
model_042,model,simulation,normal,simulation_normal,qwen25_vl_3b,qwen25_vl_3b__simulation__normal,qwen25_vl_7b__chart__normal,29,-1.4772687960087352
model_042,model,simulation,normal,simulation_normal,qwen25_vl_3b,qwen25_vl_3b__simulation__normal,qwen25_vl_7b__chart__student,29,-2.3402417427173337
model_042,model,simulation,normal,simulation_normal,qwen25_vl_3b,qwen25_vl_3b__simulation__normal,qwen25_vl_7b__simulation__normal,29,-0.8484651355183727
model_042,model,simulation,normal,simulation_normal,qwen25_vl_3b,qwen25_vl_3b__simulation__normal,qwen25_vl_7b__simulation__student,29,-2.281860909278374
model_042,model,simulation,normal,simulation_normal,qwen25_vl_3b,qwen25_vl_3b__simulation__normal,qwen35_4b__text__normal,29,-2.1962188215822254
model_042,model,simulation,normal,simulation_normal,qwen25_vl_3b,qwen25_vl_3b__simulation__normal,qwen35_4b__text__student,29,-2.7287932743408967
model_042,model,simulation,normal,simulation_normal,qwen25_vl_3b,qwen25_vl_3b__simulation__normal,qwen35_9b__text__normal,29,-0.9153312632089587
model_042,model,simulation,normal,simulation_normal,qwen25_vl_3b,qwen25_vl_3b__simulation__normal,qwen35_9b__text__student,29,-3.0907012959944202
model_043,model,simulation,normal,simulation_normal,qwen25_vl_7b,qwen25_vl_7b__simulation__normal,human,14,-1.5359645498954921
model_043,model,simulation,normal,simulation_normal,qwen25_vl_7b,qwen25_vl_7b__simulation__normal,qwen25_vl_3b__chart__normal,14,-2.3521845711825398
model_043,model,simulation,normal,simulation_normal,qwen25_vl_7b,qwen25_vl_7b__simulation__normal,qwen25_vl_3b__chart__student,14,-1.8560735198109535
model_043,model,simulation,normal,simulation_normal,qwen25_vl_7b,qwen25_vl_7b__simulation__normal,qwen25_vl_3b__simulation__normal,14,-1.3886617931748206
model_043,model,simulation,normal,simulation_normal,qwen25_vl_7b,qwen25_vl_7b__simulation__normal,qwen25_vl_3b__simulation__student,14,-1.6814366508794387
model_043,model,simulation,normal,simulation_normal,qwen25_vl_7b,qwen25_vl_7b__simulation__normal,qwen25_vl_7b__chart__normal,14,-1.8702718898558748
model_043,model,simulation,normal,simulation_normal,qwen25_vl_7b,qwen25_vl_7b__simulation__normal,qwen25_vl_7b__chart__student,14,-2.085959521651468
model_043,model,simulation,normal,simulation_normal,qwen25_vl_7b,qwen25_vl_7b__simulation__normal,qwen25_vl_7b__simulation__normal,14,-1.4404884259298296
model_043,model,simulation,normal,simulation_normal,qwen25_vl_7b,qwen25_vl_7b__simulation__normal,qwen25_vl_7b__simulation__student,14,-1.672574495078359
model_043,model,simulation,normal,simulation_normal,qwen25_vl_7b,qwen25_vl_7b__simulation__normal,qwen35_4b__text__normal,14,-2.0222858557321532
model_043,model,simulation,normal,simulation_normal,qwen25_vl_7b,qwen25_vl_7b__simulation__normal,qwen35_4b__text__student,14,-2.8216663654660654
model_043,model,simulation,normal,simulation_normal,qwen25_vl_7b,qwen25_vl_7b__simulation__normal,qwen35_9b__text__normal,14,-2.1257174366529723
model_043,model,simulation,normal,simulation_normal,qwen25_vl_7b,qwen25_vl_7b__simulation__normal,qwen35_9b__text__student,14,-2.0007207758774475
model_044,model,simulation,normal,simulation_normal,qwen25_vl_3b,qwen25_vl_3b__simulation__normal,human,12,-1.384415730462117
model_044,model,simulation,normal,simulation_normal,qwen25_vl_3b,qwen25_vl_3b__simulation__normal,qwen25_vl_3b__chart__normal,12,-1.3763180002091244
model_044,model,simulation,normal,simulation_normal,qwen25_vl_3b,qwen25_vl_3b__simulation__normal,qwen25_vl_3b__chart__student,12,-1.9486322523197261
model_044,model,simulation,normal,simulation_normal,qwen25_vl_3b,qwen25_vl_3b__simulation__normal,qwen25_vl_3b__simulation__normal,12,-1.0412735346596331
model_044,model,simulation,normal,simulation_normal,qwen25_vl_3b,qwen25_vl_3b__simulation__normal,qwen25_vl_3b__simulation__student,12,-1.7337702217746018
model_044,model,simulation,normal,simulation_normal,qwen25_vl_3b,qwen25_vl_3b__simulation__normal,qwen25_vl_7b__chart__normal,12,-1.538851626742307
model_044,model,simulation,normal,simulation_normal,qwen25_vl_3b,qwen25_vl_3b__simulation__normal,qwen25_vl_7b__chart__student,12,-2.1276578896883303
model_044,model,simulation,normal,simulation_normal,qwen25_vl_3b,qwen25_vl_3b__simulation__normal,qwen25_vl_7b__simulation__normal,12,-0.8848877986711904
model_044,model,simulation,normal,simulation_normal,qwen25_vl_3b,qwen25_vl_3b__simulation__normal,qwen25_vl_7b__simulation__student,12,-1.6237455372342708
model_044,model,simulation,normal,simulation_normal,qwen25_vl_3b,qwen25_vl_3b__simulation__normal,qwen35_4b__text__normal,12,-1.1448723727227808
model_044,model,simulation,normal,simulation_normal,qwen25_vl_3b,qwen25_vl_3b__simulation__normal,qwen35_4b__text__student,12,-2.809605744218507
model_044,model,simulation,normal,simulation_normal,qwen25_vl_3b,qwen25_vl_3b__simulation__normal,qwen35_9b__text__normal,12,-1.2508271766354495
model_044,model,simulation,normal,simulation_normal,qwen25_vl_3b,qwen25_vl_3b__simulation__normal,qwen35_9b__text__student,12,-2.570319899139704
model_045,model,simulation,normal,simulation_normal,qwen25_vl_7b,qwen25_vl_7b__simulation__normal,human,4,-1.8082736047434547
model_045,model,simulation,normal,simulation_normal,qwen25_vl_7b,qwen25_vl_7b__simulation__normal,qwen25_vl_3b__chart__normal,4,-1.183047400090142
model_045,model,simulation,normal,simulation_normal,qwen25_vl_7b,qwen25_vl_7b__simulation__normal,qwen25_vl_3b__chart__student,4,-1.3542158001243958
model_045,model,simulation,normal,simulation_normal,qwen25_vl_7b,qwen25_vl_7b__simulation__normal,qwen25_vl_3b__simulation__normal,4,-0.9154183754059879
model_045,model,simulation,normal,simulation_normal,qwen25_vl_7b,qwen25_vl_7b__simulation__normal,qwen25_vl_3b__simulation__student,4,-1.2825871635167314
model_045,model,simulation,normal,simulation_normal,qwen25_vl_7b,qwen25_vl_7b__simulation__normal,qwen25_vl_7b__chart__normal,4,-1.2979579770949647
model_045,model,simulation,normal,simulation_normal,qwen25_vl_7b,qwen25_vl_7b__simulation__normal,qwen25_vl_7b__chart__student,4,-1.3344423357094803
model_045,model,simulation,normal,simulation_normal,qwen25_vl_7b,qwen25_vl_7b__simulation__normal,qwen25_vl_7b__simulation__normal,4,-0.8502824580883839
model_045,model,simulation,normal,simulation_normal,qwen25_vl_7b,qwen25_vl_7b__simulation__normal,qwen25_vl_7b__simulation__student,4,-1.3101936872248652
model_045,model,simulation,normal,simulation_normal,qwen25_vl_7b,qwen25_vl_7b__simulation__normal,qwen35_4b__text__normal,4,-1.4017423026874094
model_045,model,simulation,normal,simulation_normal,qwen25_vl_7b,qwen25_vl_7b__simulation__normal,qwen35_4b__text__student,4,-4.580975100572977
model_045,model,simulation,normal,simulation_normal,qwen25_vl_7b,qwen25_vl_7b__simulation__normal,qwen35_9b__text__normal,4,-3.4450027907622545
model_045,model,simulation,normal,simulation_normal,qwen25_vl_7b,qwen25_vl_7b__simulation__normal,qwen35_9b__text__student,4,-4.679514943160424
model_046,model,simulation,normal,simulation_normal,qwen25_vl_7b,qwen25_vl_7b__simulation__normal,human,10,-1.9109757171742057
model_046,model,simulation,normal,simulation_normal,qwen25_vl_7b,qwen25_vl_7b__simulation__normal,qwen25_vl_3b__chart__normal,10,-2.925634651257998
model_046,model,simulation,normal,simulation_normal,qwen25_vl_7b,qwen25_vl_7b__simulation__normal,qwen25_vl_3b__chart__student,10,-2.145683990454578
model_046,model,simulation,normal,simulation_normal,qwen25_vl_7b,qwen25_vl_7b__simulation__normal,qwen25_vl_3b__simulation__normal,10,-2.8842665700173913
model_046,model,simulation,normal,simulation_normal,qwen25_vl_7b,qwen25_vl_7b__simulation__normal,qwen25_vl_3b__simulation__student,10,-4.296021876228944
model_046,model,simulation,normal,simulation_normal,qwen25_vl_7b,qwen25_vl_7b__simulation__normal,qwen25_vl_7b__chart__normal,10,-1.6806453317000638
model_046,model,simulation,normal,simulation_normal,qwen25_vl_7b,qwen25_vl_7b__simulation__normal,qwen25_vl_7b__chart__student,10,-2.0992699138853927
model_046,model,simulation,normal,simulation_normal,qwen25_vl_7b,qwen25_vl_7b__simulation__normal,qwen25_vl_7b__simulation__normal,10,-1.2786475934498238
model_046,model,simulation,normal,simulation_normal,qwen25_vl_7b,qwen25_vl_7b__simulation__normal,qwen25_vl_7b__simulation__student,10,-1.686174561394333
model_046,model,simulation,normal,simulation_normal,qwen25_vl_7b,qwen25_vl_7b__simulation__normal,qwen35_4b__text__normal,10,-4.014196609742156
model_046,model,simulation,normal,simulation_normal,qwen25_vl_7b,qwen25_vl_7b__simulation__normal,qwen35_4b__text__student,10,-3.064618659168059
model_046,model,simulation,normal,simulation_normal,qwen25_vl_7b,qwen25_vl_7b__simulation__normal,qwen35_9b__text__normal,10,-1.3381707717374483
model_046,model,simulation,normal,simulation_normal,qwen25_vl_7b,qwen25_vl_7b__simulation__normal,qwen35_9b__text__student,10,-3.450840230577066
model_047,model,simulation,normal,simulation_normal,qwen25_vl_3b,qwen25_vl_3b__simulation__normal,human,6,-2.1938466553876617
model_047,model,simulation,normal,simulation_normal,qwen25_vl_3b,qwen25_vl_3b__simulation__normal,qwen25_vl_3b__chart__normal,6,-1.3463815101051386
model_047,model,simulation,normal,simulation_normal,qwen25_vl_3b,qwen25_vl_3b__simulation__normal,qwen25_vl_3b__chart__student,6,-1.8571585344185824
model_047,model,simulation,normal,simulation_normal,qwen25_vl_3b,qwen25_vl_3b__simulation__normal,qwen25_vl_3b__simulation__normal,6,-1.2158084730823673
model_047,model,simulation,normal,simulation_normal,qwen25_vl_3b,qwen25_vl_3b__simulation__normal,qwen25_vl_3b__simulation__student,6,-1.3982989650759234
model_047,model,simulation,normal,simulation_normal,qwen25_vl_3b,qwen25_vl_3b__simulation__normal,qwen25_vl_7b__chart__normal,6,-1.8505843841454623
model_047,model,simulation,normal,simulation_normal,qwen25_vl_3b,qwen25_vl_3b__simulation__normal,qwen25_vl_7b__chart__student,6,-1.577659295309637
model_047,model,simulation,normal,simulation_normal,qwen25_vl_3b,qwen25_vl_3b__simulation__normal,qwen25_vl_7b__simulation__normal,6,-1.4476102885266178
model_047,model,simulation,normal,simulation_normal,qwen25_vl_3b,qwen25_vl_3b__simulation__normal,qwen25_vl_7b__simulation__student,6,-1.0452089921279042
model_047,model,simulation,normal,simulation_normal,qwen25_vl_3b,qwen25_vl_3b__simulation__normal,qwen35_4b__text__normal,6,-0.9069972709182048
model_047,model,simulation,normal,simulation_normal,qwen25_vl_3b,qwen25_vl_3b__simulation__normal,qwen35_4b__text__student,6,-3.9297968383748967
model_047,model,simulation,normal,simulation_normal,qwen25_vl_3b,qwen25_vl_3b__simulation__normal,qwen35_9b__text__normal,6,-1.32877696683313
model_047,model,simulation,normal,simulation_normal,qwen25_vl_3b,qwen25_vl_3b__simulation__normal,qwen35_9b__text__student,6,-3.822153378514004
model_048,model,simulation,normal,simulation_normal,qwen25_vl_7b,qwen25_vl_7b__simulation__normal,human,15,-1.6580280304964532
model_048,model,simulation,normal,simulation_normal,qwen25_vl_7b,qwen25_vl_7b__simulation__normal,qwen25_vl_3b__chart__normal,15,-4.356697476225585
model_048,model,simulation,normal,simulation_normal,qwen25_vl_7b,qwen25_vl_7b__simulation__normal,qwen25_vl_3b__chart__student,15,-3.9800524385810387
model_048,model,simulation,normal,simulation_normal,qwen25_vl_7b,qwen25_vl_7b__simulation__normal,qwen25_vl_3b__simulation__normal,15,-3.5278047926226406
model_048,model,simulation,normal,simulation_normal,qwen25_vl_7b,qwen25_vl_7b__simulation__normal,qwen25_vl_3b__simulation__student,15,-3.0953791559861927
model_048,model,simulation,normal,simulation_normal,qwen25_vl_7b,qwen25_vl_7b__simulation__normal,qwen25_vl_7b__chart__normal,15,-1.4210167736708044
model_048,model,simulation,normal,simulation_normal,qwen25_vl_7b,qwen25_vl_7b__simulation__normal,qwen25_vl_7b__chart__student,15,-1.5845940160896583
model_048,model,simulation,normal,simulation_normal,qwen25_vl_7b,qwen25_vl_7b__simulation__normal,qwen25_vl_7b__simulation__normal,15,-1.2460163770363217
model_048,model,simulation,normal,simulation_normal,qwen25_vl_7b,qwen25_vl_7b__simulation__normal,qwen25_vl_7b__simulation__student,15,-3.3375225341759127
model_048,model,simulation,normal,simulation_normal,qwen25_vl_7b,qwen25_vl_7b__simulation__normal,qwen35_4b__text__normal,15,-6.497806318434036
model_048,model,simulation,normal,simulation_normal,qwen25_vl_7b,qwen25_vl_7b__simulation__normal,qwen35_4b__text__student,15,-2.700786650842778
model_048,model,simulation,normal,simulation_normal,qwen25_vl_7b,qwen25_vl_7b__simulation__normal,qwen35_9b__text__normal,15,-2.893257213315189
model_048,model,simulation,normal,simulation_normal,qwen25_vl_7b,qwen25_vl_7b__simulation__normal,qwen35_9b__text__student,15,-2.4293904822510797
model_049,model,simulation,normal,simulation_normal,qwen25_vl_3b,qwen25_vl_3b__simulation__normal,human,5,-1.6099408876989443
model_049,model,simulation,normal,simulation_normal,qwen25_vl_3b,qwen25_vl_3b__simulation__normal,qwen25_vl_3b__chart__normal,5,-0.7896255191998889
model_049,model,simulation,normal,simulation_normal,qwen25_vl_3b,qwen25_vl_3b__simulation__normal,qwen25_vl_3b__chart__student,5,-1.2911465044952708
model_049,model,simulation,normal,simulation_normal,qwen25_vl_3b,qwen25_vl_3b__simulation__normal,qwen25_vl_3b__simulation__normal,5,-0.7480816580847776
model_049,model,simulation,normal,simulation_normal,qwen25_vl_3b,qwen25_vl_3b__simulation__normal,qwen25_vl_3b__simulation__student,5,-1.417961873985181
model_049,model,simulation,normal,simulation_normal,qwen25_vl_3b,qwen25_vl_3b__simulation__normal,qwen25_vl_7b__chart__normal,5,-1.1684721679568135
model_049,model,simulation,normal,simulation_normal,qwen25_vl_3b,qwen25_vl_3b__simulation__normal,qwen25_vl_7b__chart__student,5,-1.4352268939043502
model_049,model,simulation,normal,simulation_normal,qwen25_vl_3b,qwen25_vl_3b__simulation__normal,qwen25_vl_7b__simulation__normal,5,-0.7587478309086775
model_049,model,simulation,normal,simulation_normal,qwen25_vl_3b,qwen25_vl_3b__simulation__normal,qwen25_vl_7b__simulation__student,5,-1.342562100039644
model_049,model,simulation,normal,simulation_normal,qwen25_vl_3b,qwen25_vl_3b__simulation__normal,qwen35_4b__text__normal,5,-1.3379959695773977
model_049,model,simulation,normal,simulation_normal,qwen25_vl_3b,qwen25_vl_3b__simulation__normal,qwen35_4b__text__student,5,-4.14224284157042
model_049,model,simulation,normal,simulation_normal,qwen25_vl_3b,qwen25_vl_3b__simulation__normal,qwen35_9b__text__normal,5,-2.920271897400664
model_049,model,simulation,normal,simulation_normal,qwen25_vl_3b,qwen25_vl_3b__simulation__normal,qwen35_9b__text__student,5,-4.382701558383031
model_050,model,simulation,normal,simulation_normal,qwen25_vl_3b,qwen25_vl_3b__simulation__normal,human,47,-1.3483335714580118
model_050,model,simulation,normal,simulation_normal,qwen25_vl_3b,qwen25_vl_3b__simulation__normal,qwen25_vl_3b__chart__normal,47,-0.8212339937707281
model_050,model,simulation,normal,simulation_normal,qwen25_vl_3b,qwen25_vl_3b__simulation__normal,qwen25_vl_3b__chart__student,47,-1.8254078137883454
model_050,model,simulation,normal,simulation_normal,qwen25_vl_3b,qwen25_vl_3b__simulation__normal,qwen25_vl_3b__simulation__normal,47,-0.7052287978200715
model_050,model,simulation,normal,simulation_normal,qwen25_vl_3b,qwen25_vl_3b__simulation__normal,qwen25_vl_3b__simulation__student,47,-2.313946247199829
model_050,model,simulation,normal,simulation_normal,qwen25_vl_3b,qwen25_vl_3b__simulation__normal,qwen25_vl_7b__chart__normal,47,-1.3118927737296362
model_050,model,simulation,normal,simulation_normal,qwen25_vl_3b,qwen25_vl_3b__simulation__normal,qwen25_vl_7b__chart__student,47,-2.2308679950282704
model_050,model,simulation,normal,simulation_normal,qwen25_vl_3b,qwen25_vl_3b__simulation__normal,qwen25_vl_7b__simulation__normal,47,-1.0982983482969428
model_050,model,simulation,normal,simulation_normal,qwen25_vl_3b,qwen25_vl_3b__simulation__normal,qwen25_vl_7b__simulation__student,47,-2.308687285557687
model_050,model,simulation,normal,simulation_normal,qwen25_vl_3b,qwen25_vl_3b__simulation__normal,qwen35_4b__text__normal,47,-2.1921794598211375
model_050,model,simulation,normal,simulation_normal,qwen25_vl_3b,qwen25_vl_3b__simulation__normal,qwen35_4b__text__student,47,-2.547890497595517
model_050,model,simulation,normal,simulation_normal,qwen25_vl_3b,qwen25_vl_3b__simulation__normal,qwen35_9b__text__normal,47,-1.514906569633266
model_050,model,simulation,normal,simulation_normal,qwen25_vl_3b,qwen25_vl_3b__simulation__normal,qwen35_9b__text__student,47,-2.9506144932876666
model_051,model,simulation,normal,simulation_normal,qwen25_vl_3b,qwen25_vl_3b__simulation__normal,human,23,-1.6859766613851277
model_051,model,simulation,normal,simulation_normal,qwen25_vl_3b,qwen25_vl_3b__simulation__normal,qwen25_vl_3b__chart__normal,23,-1.7662066436310533
model_051,model,simulation,normal,simulation_normal,qwen25_vl_3b,qwen25_vl_3b__simulation__normal,qwen25_vl_3b__chart__student,23,-1.8357857260939838
model_051,model,simulation,normal,simulation_normal,qwen25_vl_3b,qwen25_vl_3b__simulation__normal,qwen25_vl_3b__simulation__normal,23,-1.175248300680059
model_051,model,simulation,normal,simulation_normal,qwen25_vl_3b,qwen25_vl_3b__simulation__normal,qwen25_vl_3b__simulation__student,23,-1.686635469310766
model_051,model,simulation,normal,simulation_normal,qwen25_vl_3b,qwen25_vl_3b__simulation__normal,qwen25_vl_7b__chart__normal,23,-1.2749885351810237
model_051,model,simulation,normal,simulation_normal,qwen25_vl_3b,qwen25_vl_3b__simulation__normal,qwen25_vl_7b__chart__student,23,-1.738434212809892
model_051,model,simulation,normal,simulation_normal,qwen25_vl_3b,qwen25_vl_3b__simulation__normal,qwen25_vl_7b__simulation__normal,23,-1.5202405618164432
model_051,model,simulation,normal,simulation_normal,qwen25_vl_3b,qwen25_vl_3b__simulation__normal,qwen25_vl_7b__simulation__student,23,-2.7300451494003797
model_051,model,simulation,normal,simulation_normal,qwen25_vl_3b,qwen25_vl_3b__simulation__normal,qwen35_4b__text__normal,23,-3.895615201985023
model_051,model,simulation,normal,simulation_normal,qwen25_vl_3b,qwen25_vl_3b__simulation__normal,qwen35_4b__text__student,23,-2.681726113650504
model_051,model,simulation,normal,simulation_normal,qwen25_vl_3b,qwen25_vl_3b__simulation__normal,qwen35_9b__text__normal,23,-1.816452228195606
model_051,model,simulation,normal,simulation_normal,qwen25_vl_3b,qwen25_vl_3b__simulation__normal,qwen35_9b__text__student,23,-2.3975687617882744
model_052,model,simulation,normal,simulation_normal,qwen25_vl_7b,qwen25_vl_7b__simulation__normal,human,6,-2.319419427398073
model_052,model,simulation,normal,simulation_normal,qwen25_vl_7b,qwen25_vl_7b__simulation__normal,qwen25_vl_3b__chart__normal,6,-3.8557120687391255
model_052,model,simulation,normal,simulation_normal,qwen25_vl_7b,qwen25_vl_7b__simulation__normal,qwen25_vl_3b__chart__student,6,-2.255504155996482
model_052,model,simulation,normal,simulation_normal,qwen25_vl_7b,qwen25_vl_7b__simulation__normal,qwen25_vl_3b__simulation__normal,6,-3.6521201803180054
model_052,model,simulation,normal,simulation_normal,qwen25_vl_7b,qwen25_vl_7b__simulation__normal,qwen25_vl_3b__simulation__student,6,-3.783169968836292
model_052,model,simulation,normal,simulation_normal,qwen25_vl_7b,qwen25_vl_7b__simulation__normal,qwen25_vl_7b__chart__normal,6,-1.9834668237850714
model_052,model,simulation,normal,simulation_normal,qwen25_vl_7b,qwen25_vl_7b__simulation__normal,qwen25_vl_7b__chart__student,6,-2.1094367249559265
model_052,model,simulation,normal,simulation_normal,qwen25_vl_7b,qwen25_vl_7b__simulation__normal,qwen25_vl_7b__simulation__normal,6,-1.682353791792487
model_052,model,simulation,normal,simulation_normal,qwen25_vl_7b,qwen25_vl_7b__simulation__normal,qwen25_vl_7b__simulation__student,6,-3.3722259223201765
model_052,model,simulation,normal,simulation_normal,qwen25_vl_7b,qwen25_vl_7b__simulation__normal,qwen35_4b__text__normal,6,-3.475492185460723
model_052,model,simulation,normal,simulation_normal,qwen25_vl_7b,qwen25_vl_7b__simulation__normal,qwen35_4b__text__student,6,-4.064830190695067
model_052,model,simulation,normal,simulation_normal,qwen25_vl_7b,qwen25_vl_7b__simulation__normal,qwen35_9b__text__normal,6,-1.4844342810646856
model_052,model,simulation,normal,simulation_normal,qwen25_vl_7b,qwen25_vl_7b__simulation__normal,qwen35_9b__text__student,6,-2.9227751875486674
model_053,model,simulation,normal,simulation_normal,qwen25_vl_7b,qwen25_vl_7b__simulation__normal,human,10,-1.9104436907076436
model_053,model,simulation,normal,simulation_normal,qwen25_vl_7b,qwen25_vl_7b__simulation__normal,qwen25_vl_3b__chart__normal,10,-2.381292839840682
model_053,model,simulation,normal,simulation_normal,qwen25_vl_7b,qwen25_vl_7b__simulation__normal,qwen25_vl_3b__chart__student,10,-1.9916254374123643
model_053,model,simulation,normal,simulation_normal,qwen25_vl_7b,qwen25_vl_7b__simulation__normal,qwen25_vl_3b__simulation__normal,10,-1.2307360307849162
model_053,model,simulation,normal,simulation_normal,qwen25_vl_7b,qwen25_vl_7b__simulation__normal,qwen25_vl_3b__simulation__student,10,-1.8021578078641394
model_053,model,simulation,normal,simulation_normal,qwen25_vl_7b,qwen25_vl_7b__simulation__normal,qwen25_vl_7b__chart__normal,10,-1.8399306145215046
model_053,model,simulation,normal,simulation_normal,qwen25_vl_7b,qwen25_vl_7b__simulation__normal,qwen25_vl_7b__chart__student,10,-2.0701426454613996
model_053,model,simulation,normal,simulation_normal,qwen25_vl_7b,qwen25_vl_7b__simulation__normal,qwen25_vl_7b__simulation__normal,10,-1.2306962561154162
model_053,model,simulation,normal,simulation_normal,qwen25_vl_7b,qwen25_vl_7b__simulation__normal,qwen25_vl_7b__simulation__student,10,-1.469537337779557
model_053,model,simulation,normal,simulation_normal,qwen25_vl_7b,qwen25_vl_7b__simulation__normal,qwen35_4b__text__normal,10,-1.4332261479101769
model_053,model,simulation,normal,simulation_normal,qwen25_vl_7b,qwen25_vl_7b__simulation__normal,qwen35_4b__text__student,10,-2.8891689644949623
model_053,model,simulation,normal,simulation_normal,qwen25_vl_7b,qwen25_vl_7b__simulation__normal,qwen35_9b__text__normal,10,-1.1388645464666713
model_053,model,simulation,normal,simulation_normal,qwen25_vl_7b,qwen25_vl_7b__simulation__normal,qwen35_9b__text__student,10,-3.0794704082507227
model_054,model,simulation,normal,simulation_normal,qwen25_vl_3b,qwen25_vl_3b__simulation__normal,human,25,-0.9882496402621815
model_054,model,simulation,normal,simulation_normal,qwen25_vl_3b,qwen25_vl_3b__simulation__normal,qwen25_vl_3b__chart__normal,25,-1.6153403042395995
model_054,model,simulation,normal,simulation_normal,qwen25_vl_3b,qwen25_vl_3b__simulation__normal,qwen25_vl_3b__chart__student,25,-1.2781805088843767
model_054,model,simulation,normal,simulation_normal,qwen25_vl_3b,qwen25_vl_3b__simulation__normal,qwen25_vl_3b__simulation__normal,25,-0.7724463891920077
model_054,model,simulation,normal,simulation_normal,qwen25_vl_3b,qwen25_vl_3b__simulation__normal,qwen25_vl_3b__simulation__student,25,-2.05097809967687
model_054,model,simulation,normal,simulation_normal,qwen25_vl_3b,qwen25_vl_3b__simulation__normal,qwen25_vl_7b__chart__normal,25,-1.4609804678247016
model_054,model,simulation,normal,simulation_normal,qwen25_vl_3b,qwen25_vl_3b__simulation__normal,qwen25_vl_7b__chart__student,25,-2.1983110533283985
model_054,model,simulation,normal,simulation_normal,qwen25_vl_3b,qwen25_vl_3b__simulation__normal,qwen25_vl_7b__simulation__normal,25,-1.0000746447175073
model_054,model,simulation,normal,simulation_normal,qwen25_vl_3b,qwen25_vl_3b__simulation__normal,qwen25_vl_7b__simulation__student,25,-2.074814894395619
model_054,model,simulation,normal,simulation_normal,qwen25_vl_3b,qwen25_vl_3b__simulation__normal,qwen35_4b__text__normal,25,-1.2157581193412808
model_054,model,simulation,normal,simulation_normal,qwen25_vl_3b,qwen25_vl_3b__simulation__normal,qwen35_4b__text__student,25,-2.781956485543513
model_054,model,simulation,normal,simulation_normal,qwen25_vl_3b,qwen25_vl_3b__simulation__normal,qwen35_9b__text__normal,25,-1.0463329816978477
model_054,model,simulation,normal,simulation_normal,qwen25_vl_3b,qwen25_vl_3b__simulation__normal,qwen35_9b__text__student,25,-3.0823346350902034
model_055,model,simulation,normal,simulation_normal,qwen25_vl_3b,qwen25_vl_3b__simulation__normal,human,6,-1.4777178863586073
model_055,model,simulation,normal,simulation_normal,qwen25_vl_3b,qwen25_vl_3b__simulation__normal,qwen25_vl_3b__chart__normal,6,-0.8421658734203321
model_055,model,simulation,normal,simulation_normal,qwen25_vl_3b,qwen25_vl_3b__simulation__normal,qwen25_vl_3b__chart__student,6,-1.2542957738172595
model_055,model,simulation,normal,simulation_normal,qwen25_vl_3b,qwen25_vl_3b__simulation__normal,qwen25_vl_3b__simulation__normal,6,-0.6457644078706952
model_055,model,simulation,normal,simulation_normal,qwen25_vl_3b,qwen25_vl_3b__simulation__normal,qwen25_vl_3b__simulation__student,6,-1.5166739898255346
model_055,model,simulation,normal,simulation_normal,qwen25_vl_3b,qwen25_vl_3b__simulation__normal,qwen25_vl_7b__chart__normal,6,-1.0783244229117963
model_055,model,simulation,normal,simulation_normal,qwen25_vl_3b,qwen25_vl_3b__simulation__normal,qwen25_vl_7b__chart__student,6,-1.5073294412818299
model_055,model,simulation,normal,simulation_normal,qwen25_vl_3b,qwen25_vl_3b__simulation__normal,qwen25_vl_7b__simulation__normal,6,-0.6977247461222066
model_055,model,simulation,normal,simulation_normal,qwen25_vl_3b,qwen25_vl_3b__simulation__normal,qwen25_vl_7b__simulation__student,6,-1.3641410471611062
model_055,model,simulation,normal,simulation_normal,qwen25_vl_3b,qwen25_vl_3b__simulation__normal,qwen35_4b__text__normal,6,-1.2954984062097548
model_055,model,simulation,normal,simulation_normal,qwen25_vl_3b,qwen25_vl_3b__simulation__normal,qwen35_4b__text__student,6,-3.84975465212197
model_055,model,simulation,normal,simulation_normal,qwen25_vl_3b,qwen25_vl_3b__simulation__normal,qwen35_9b__text__normal,6,-2.564317988546841
model_055,model,simulation,normal,simulation_normal,qwen25_vl_3b,qwen25_vl_3b__simulation__normal,qwen35_9b__text__student,6,-4.18478091872208
model_056,model,simulation,normal,simulation_normal,qwen25_vl_7b,qwen25_vl_7b__simulation__normal,human,44,-1.626423094199309
model_056,model,simulation,normal,simulation_normal,qwen25_vl_7b,qwen25_vl_7b__simulation__normal,qwen25_vl_3b__chart__normal,44,-2.366468453187392
model_056,model,simulation,normal,simulation_normal,qwen25_vl_7b,qwen25_vl_7b__simulation__normal,qwen25_vl_3b__chart__student,44,-3.560010052988282
model_056,model,simulation,normal,simulation_normal,qwen25_vl_7b,qwen25_vl_7b__simulation__normal,qwen25_vl_3b__simulation__normal,44,-2.2988163637660977
model_056,model,simulation,normal,simulation_normal,qwen25_vl_7b,qwen25_vl_7b__simulation__normal,qwen25_vl_3b__simulation__student,44,-2.036429318616835
model_056,model,simulation,normal,simulation_normal,qwen25_vl_7b,qwen25_vl_7b__simulation__normal,qwen25_vl_7b__chart__normal,44,-2.226835874221799
model_056,model,simulation,normal,simulation_normal,qwen25_vl_7b,qwen25_vl_7b__simulation__normal,qwen25_vl_7b__chart__student,44,-2.342425827175963
model_056,model,simulation,normal,simulation_normal,qwen25_vl_7b,qwen25_vl_7b__simulation__normal,qwen25_vl_7b__simulation__normal,44,-1.3261873735563474
model_056,model,simulation,normal,simulation_normal,qwen25_vl_7b,qwen25_vl_7b__simulation__normal,qwen25_vl_7b__simulation__student,44,-2.057460142705005
model_056,model,simulation,normal,simulation_normal,qwen25_vl_7b,qwen25_vl_7b__simulation__normal,qwen35_4b__text__normal,44,-2.1926398002003222
model_056,model,simulation,normal,simulation_normal,qwen25_vl_7b,qwen25_vl_7b__simulation__normal,qwen35_4b__text__student,44,-2.2402507315272437
model_056,model,simulation,normal,simulation_normal,qwen25_vl_7b,qwen25_vl_7b__simulation__normal,qwen35_9b__text__normal,44,-2.837769671166466
model_056,model,simulation,normal,simulation_normal,qwen25_vl_7b,qwen25_vl_7b__simulation__normal,qwen35_9b__text__student,44,-2.417504050270379
model_057,model,chart,normal,chart_normal,qwen25_vl_7b,qwen25_vl_7b__chart__normal,human,14,-2.8121993381155734
model_057,model,chart,normal,chart_normal,qwen25_vl_7b,qwen25_vl_7b__chart__normal,qwen25_vl_3b__chart__normal,14,-3.090710506035579
model_057,model,chart,normal,chart_normal,qwen25_vl_7b,qwen25_vl_7b__chart__normal,qwen25_vl_3b__chart__student,14,-4.720061711960669
model_057,model,chart,normal,chart_normal,qwen25_vl_7b,qwen25_vl_7b__chart__normal,qwen25_vl_3b__simulation__normal,14,-2.9187210378017427
model_057,model,chart,normal,chart_normal,qwen25_vl_7b,qwen25_vl_7b__chart__normal,qwen25_vl_3b__simulation__student,14,-2.723644315837847
model_057,model,chart,normal,chart_normal,qwen25_vl_7b,qwen25_vl_7b__chart__normal,qwen25_vl_7b__chart__normal,14,-1.9501214136925902
model_057,model,chart,normal,chart_normal,qwen25_vl_7b,qwen25_vl_7b__chart__normal,qwen25_vl_7b__chart__student,14,-3.543138326911797
model_057,model,chart,normal,chart_normal,qwen25_vl_7b,qwen25_vl_7b__chart__normal,qwen25_vl_7b__simulation__normal,14,-2.8994753564303406
model_057,model,chart,normal,chart_normal,qwen25_vl_7b,qwen25_vl_7b__chart__normal,qwen25_vl_7b__simulation__student,14,-4.463062912285549
model_057,model,chart,normal,chart_normal,qwen25_vl_7b,qwen25_vl_7b__chart__normal,qwen35_4b__text__normal,14,-5.234896069847967
model_057,model,chart,normal,chart_normal,qwen25_vl_7b,qwen25_vl_7b__chart__normal,qwen35_4b__text__student,14,-3.4367607105041884
model_057,model,chart,normal,chart_normal,qwen25_vl_7b,qwen25_vl_7b__chart__normal,qwen35_9b__text__normal,14,-5.1516964282365745
model_057,model,chart,normal,chart_normal,qwen25_vl_7b,qwen25_vl_7b__chart__normal,qwen35_9b__text__student,14,-2.2654114749449894
model_058,model,chart,normal,chart_normal,qwen25_vl_3b,qwen25_vl_3b__chart__normal,human,5,-1.6099408876989443
model_058,model,chart,normal,chart_normal,qwen25_vl_3b,qwen25_vl_3b__chart__normal,qwen25_vl_3b__chart__normal,5,-0.7896255191998889
model_058,model,chart,normal,chart_normal,qwen25_vl_3b,qwen25_vl_3b__chart__normal,qwen25_vl_3b__chart__student,5,-1.2911465044952708
model_058,model,chart,normal,chart_normal,qwen25_vl_3b,qwen25_vl_3b__chart__normal,qwen25_vl_3b__simulation__normal,5,-0.7480816580847776
model_058,model,chart,normal,chart_normal,qwen25_vl_3b,qwen25_vl_3b__chart__normal,qwen25_vl_3b__simulation__student,5,-1.417961873985181
model_058,model,chart,normal,chart_normal,qwen25_vl_3b,qwen25_vl_3b__chart__normal,qwen25_vl_7b__chart__normal,5,-1.1684721679568135
model_058,model,chart,normal,chart_normal,qwen25_vl_3b,qwen25_vl_3b__chart__normal,qwen25_vl_7b__chart__student,5,-1.4352268939043502
model_058,model,chart,normal,chart_normal,qwen25_vl_3b,qwen25_vl_3b__chart__normal,qwen25_vl_7b__simulation__normal,5,-0.7587478309086775
model_058,model,chart,normal,chart_normal,qwen25_vl_3b,qwen25_vl_3b__chart__normal,qwen25_vl_7b__simulation__student,5,-1.342562100039644
model_058,model,chart,normal,chart_normal,qwen25_vl_3b,qwen25_vl_3b__chart__normal,qwen35_4b__text__normal,5,-1.3379959695773977
model_058,model,chart,normal,chart_normal,qwen25_vl_3b,qwen25_vl_3b__chart__normal,qwen35_4b__text__student,5,-4.14224284157042
model_058,model,chart,normal,chart_normal,qwen25_vl_3b,qwen25_vl_3b__chart__normal,qwen35_9b__text__normal,5,-2.920271897400664
model_058,model,chart,normal,chart_normal,qwen25_vl_3b,qwen25_vl_3b__chart__normal,qwen35_9b__text__student,5,-4.382701558383031
model_059,model,chart,normal,chart_normal,qwen25_vl_7b,qwen25_vl_7b__chart__normal,human,5,-2.5613355930678208
model_059,model,chart,normal,chart_normal,qwen25_vl_7b,qwen25_vl_7b__chart__normal,qwen25_vl_3b__chart__normal,5,-1.8318632026306854
model_059,model,chart,normal,chart_normal,qwen25_vl_7b,qwen25_vl_7b__chart__normal,qwen25_vl_3b__chart__student,5,-2.028635575782686
model_059,model,chart,normal,chart_normal,qwen25_vl_7b,qwen25_vl_7b__chart__normal,qwen25_vl_3b__simulation__normal,5,-4.321443149365765
model_059,model,chart,normal,chart_normal,qwen25_vl_7b,qwen25_vl_7b__chart__normal,qwen25_vl_3b__simulation__student,5,-3.7118498650386456
model_059,model,chart,normal,chart_normal,qwen25_vl_7b,qwen25_vl_7b__chart__normal,qwen25_vl_7b__chart__normal,5,-1.9590219035814704
model_059,model,chart,normal,chart_normal,qwen25_vl_7b,qwen25_vl_7b__chart__normal,qwen25_vl_7b__chart__student,5,-1.6416281839919837
model_059,model,chart,normal,chart_normal,qwen25_vl_7b,qwen25_vl_7b__chart__normal,qwen25_vl_7b__simulation__normal,5,-4.141164714900749
model_059,model,chart,normal,chart_normal,qwen25_vl_7b,qwen25_vl_7b__chart__normal,qwen25_vl_7b__simulation__student,5,-1.3211877098397626
model_059,model,chart,normal,chart_normal,qwen25_vl_7b,qwen25_vl_7b__chart__normal,qwen35_4b__text__normal,5,-1.0858880103058781
model_059,model,chart,normal,chart_normal,qwen25_vl_7b,qwen25_vl_7b__chart__normal,qwen35_4b__text__student,5,-1.2333560712104252
model_059,model,chart,normal,chart_normal,qwen25_vl_7b,qwen25_vl_7b__chart__normal,qwen35_9b__text__normal,5,-3.951210880059108
model_059,model,chart,normal,chart_normal,qwen25_vl_7b,qwen25_vl_7b__chart__normal,qwen35_9b__text__student,5,-2.063726358474059
model_060,model,chart,normal,chart_normal,qwen25_vl_3b,qwen25_vl_3b__chart__normal,human,4,-2.3316525906552945
model_060,model,chart,normal,chart_normal,qwen25_vl_3b,qwen25_vl_3b__chart__normal,qwen25_vl_3b__chart__normal,4,-1.5316283646812308
model_060,model,chart,normal,chart_normal,qwen25_vl_3b,qwen25_vl_3b__chart__normal,qwen25_vl_3b__chart__student,4,-1.8555956798235833
model_060,model,chart,normal,chart_normal,qwen25_vl_3b,qwen25_vl_3b__chart__normal,qwen25_vl_3b__simulation__normal,4,-1.2800686621792527
model_060,model,chart,normal,chart_normal,qwen25_vl_3b,qwen25_vl_3b__chart__normal,qwen25_vl_3b__simulation__student,4,-1.1462987132812854
model_060,model,chart,normal,chart_normal,qwen25_vl_3b,qwen25_vl_3b__chart__normal,qwen25_vl_7b__chart__normal,4,-1.6738865229524476
model_060,model,chart,normal,chart_normal,qwen25_vl_3b,qwen25_vl_3b__chart__normal,qwen25_vl_7b__chart__student,4,-1.1267090008316332
model_060,model,chart,normal,chart_normal,qwen25_vl_3b,qwen25_vl_3b__chart__normal,qwen25_vl_7b__simulation__normal,4,-1.5760841076831709
model_060,model,chart,normal,chart_normal,qwen25_vl_3b,qwen25_vl_3b__chart__normal,qwen25_vl_7b__simulation__student,4,-0.9259618137765662
model_060,model,chart,normal,chart_normal,qwen25_vl_3b,qwen25_vl_3b__chart__normal,qwen35_4b__text__normal,4,-0.8523654301967396
model_060,model,chart,normal,chart_normal,qwen25_vl_3b,qwen25_vl_3b__chart__normal,qwen35_4b__text__student,4,-4.076576655277419
model_060,model,chart,normal,chart_normal,qwen25_vl_3b,qwen25_vl_3b__chart__normal,qwen35_9b__text__normal,4,-1.6723970313026397
model_060,model,chart,normal,chart_normal,qwen25_vl_3b,qwen25_vl_3b__chart__normal,qwen35_9b__text__student,4,-1.948847132611021
model_061,model,chart,normal,chart_normal,qwen25_vl_3b,qwen25_vl_3b__chart__normal,human,34,-1.7371652522768135
model_061,model,chart,normal,chart_normal,qwen25_vl_3b,qwen25_vl_3b__chart__normal,qwen25_vl_3b__chart__normal,34,-1.3783948045303445
model_061,model,chart,normal,chart_normal,qwen25_vl_3b,qwen25_vl_3b__chart__normal,qwen25_vl_3b__chart__student,34,-1.8306764463316088
model_061,model,chart,normal,chart_normal,qwen25_vl_3b,qwen25_vl_3b__chart__normal,qwen25_vl_3b__simulation__normal,34,-2.289120343834525
model_061,model,chart,normal,chart_normal,qwen25_vl_3b,qwen25_vl_3b__chart__normal,qwen25_vl_3b__simulation__student,34,-2.8769460262573046
model_061,model,chart,normal,chart_normal,qwen25_vl_3b,qwen25_vl_3b__chart__normal,qwen25_vl_7b__chart__normal,34,-2.2469646208085328
model_061,model,chart,normal,chart_normal,qwen25_vl_3b,qwen25_vl_3b__chart__normal,qwen25_vl_7b__chart__student,34,-3.2432808962852975
model_061,model,chart,normal,chart_normal,qwen25_vl_3b,qwen25_vl_3b__chart__normal,qwen25_vl_7b__simulation__normal,34,-2.7715126175498837
model_061,model,chart,normal,chart_normal,qwen25_vl_3b,qwen25_vl_3b__chart__normal,qwen25_vl_7b__simulation__student,34,-3.101480046770249
model_061,model,chart,normal,chart_normal,qwen25_vl_3b,qwen25_vl_3b__chart__normal,qwen35_4b__text__normal,34,-3.008640548975423
model_061,model,chart,normal,chart_normal,qwen25_vl_3b,qwen25_vl_3b__chart__normal,qwen35_4b__text__student,34,-2.5000144336347567
model_061,model,chart,normal,chart_normal,qwen25_vl_3b,qwen25_vl_3b__chart__normal,qwen35_9b__text__normal,34,-2.477667882297543
model_061,model,chart,normal,chart_normal,qwen25_vl_3b,qwen25_vl_3b__chart__normal,qwen35_9b__text__student,34,-2.0891464370373405
model_062,model,chart,normal,chart_normal,qwen25_vl_3b,qwen25_vl_3b__chart__normal,human,9,-1.2573461516092221
model_062,model,chart,normal,chart_normal,qwen25_vl_3b,qwen25_vl_3b__chart__normal,qwen25_vl_3b__chart__normal,9,-0.6337039545330635
model_062,model,chart,normal,chart_normal,qwen25_vl_3b,qwen25_vl_3b__chart__normal,qwen25_vl_3b__chart__student,9,-1.1989814651798045
model_062,model,chart,normal,chart_normal,qwen25_vl_3b,qwen25_vl_3b__chart__normal,qwen25_vl_3b__simulation__normal,9,-0.4874881606485561
model_062,model,chart,normal,chart_normal,qwen25_vl_3b,qwen25_vl_3b__chart__normal,qwen25_vl_3b__simulation__student,9,-1.6953402719925654
model_062,model,chart,normal,chart_normal,qwen25_vl_3b,qwen25_vl_3b__chart__normal,qwen25_vl_7b__chart__normal,9,-0.9247869681375354
model_062,model,chart,normal,chart_normal,qwen25_vl_3b,qwen25_vl_3b__chart__normal,qwen25_vl_7b__chart__student,9,-1.6330671108217905
model_062,model,chart,normal,chart_normal,qwen25_vl_3b,qwen25_vl_3b__chart__normal,qwen25_vl_7b__simulation__normal,9,-0.5960196048114219
model_062,model,chart,normal,chart_normal,qwen25_vl_3b,qwen25_vl_3b__chart__normal,qwen25_vl_7b__simulation__student,9,-1.4001059590503364
model_062,model,chart,normal,chart_normal,qwen25_vl_3b,qwen25_vl_3b__chart__normal,qwen35_4b__text__normal,9,-1.224669133930262
model_062,model,chart,normal,chart_normal,qwen25_vl_3b,qwen25_vl_3b__chart__normal,qwen35_4b__text__student,9,-3.362274336374088
model_062,model,chart,normal,chart_normal,qwen25_vl_3b,qwen25_vl_3b__chart__normal,qwen35_9b__text__normal,9,-1.9447466407859142
model_062,model,chart,normal,chart_normal,qwen25_vl_3b,qwen25_vl_3b__chart__normal,qwen35_9b__text__student,9,-3.8549132538108544
model_063,model,chart,normal,chart_normal,qwen25_vl_3b,qwen25_vl_3b__chart__normal,human,3,-2.193504957848651
model_063,model,chart,normal,chart_normal,qwen25_vl_3b,qwen25_vl_3b__chart__normal,qwen25_vl_3b__chart__normal,3,-2.056925548953822
model_063,model,chart,normal,chart_normal,qwen25_vl_3b,qwen25_vl_3b__chart__normal,qwen25_vl_3b__chart__student,3,-1.6525459540661052
model_063,model,chart,normal,chart_normal,qwen25_vl_3b,qwen25_vl_3b__chart__normal,qwen25_vl_3b__simulation__normal,3,-6.17233305799455
model_063,model,chart,normal,chart_normal,qwen25_vl_3b,qwen25_vl_3b__chart__normal,qwen25_vl_3b__simulation__student,3,-5.56074326927138
model_063,model,chart,normal,chart_normal,qwen25_vl_3b,qwen25_vl_3b__chart__normal,qwen25_vl_7b__chart__normal,3,-5.4561769952063175
model_063,model,chart,normal,chart_normal,qwen25_vl_3b,qwen25_vl_3b__chart__normal,qwen25_vl_7b__chart__student,3,-5.775268169999297
model_063,model,chart,normal,chart_normal,qwen25_vl_3b,qwen25_vl_3b__chart__normal,qwen25_vl_7b__simulation__normal,3,-6.388625827972003
model_063,model,chart,normal,chart_normal,qwen25_vl_3b,qwen25_vl_3b__chart__normal,qwen25_vl_7b__simulation__student,3,-2.4468902358110998
model_063,model,chart,normal,chart_normal,qwen25_vl_3b,qwen25_vl_3b__chart__normal,qwen35_4b__text__normal,3,-4.028186470594136
model_063,model,chart,normal,chart_normal,qwen25_vl_3b,qwen25_vl_3b__chart__normal,qwen35_4b__text__student,3,-5.575106802135863
model_063,model,chart,normal,chart_normal,qwen25_vl_3b,qwen25_vl_3b__chart__normal,qwen35_9b__text__normal,3,-5.683643711442829
model_063,model,chart,normal,chart_normal,qwen25_vl_3b,qwen25_vl_3b__chart__normal,qwen35_9b__text__student,3,-5.448858293713023
model_064,model,chart,normal,chart_normal,qwen25_vl_7b,qwen25_vl_7b__chart__normal,human,11,-2.2980506514282646
model_064,model,chart,normal,chart_normal,qwen25_vl_7b,qwen25_vl_7b__chart__normal,qwen25_vl_3b__chart__normal,11,-2.9466926214878653
model_064,model,chart,normal,chart_normal,qwen25_vl_7b,qwen25_vl_7b__chart__normal,qwen25_vl_3b__chart__student,11,-1.5900109575826293
model_064,model,chart,normal,chart_normal,qwen25_vl_7b,qwen25_vl_7b__chart__normal,qwen25_vl_3b__simulation__normal,11,-3.0757293437592392
model_064,model,chart,normal,chart_normal,qwen25_vl_7b,qwen25_vl_7b__chart__normal,qwen25_vl_3b__simulation__student,11,-3.562903152547023
model_064,model,chart,normal,chart_normal,qwen25_vl_7b,qwen25_vl_7b__chart__normal,qwen25_vl_7b__chart__normal,11,-1.3610004408706884
model_064,model,chart,normal,chart_normal,qwen25_vl_7b,qwen25_vl_7b__chart__normal,qwen25_vl_7b__chart__student,11,-2.049055655758171
model_064,model,chart,normal,chart_normal,qwen25_vl_7b,qwen25_vl_7b__chart__normal,qwen25_vl_7b__simulation__normal,11,-4.011407678503668
model_064,model,chart,normal,chart_normal,qwen25_vl_7b,qwen25_vl_7b__chart__normal,qwen25_vl_7b__simulation__student,11,-3.0704188595457045
model_064,model,chart,normal,chart_normal,qwen25_vl_7b,qwen25_vl_7b__chart__normal,qwen35_4b__text__normal,11,-3.571372025018303
model_064,model,chart,normal,chart_normal,qwen25_vl_7b,qwen25_vl_7b__chart__normal,qwen35_4b__text__student,11,-3.0339743728918935
model_064,model,chart,normal,chart_normal,qwen25_vl_7b,qwen25_vl_7b__chart__normal,qwen35_9b__text__normal,11,-3.3700614327965055
model_064,model,chart,normal,chart_normal,qwen25_vl_7b,qwen25_vl_7b__chart__normal,qwen35_9b__text__student,11,-2.5678814304581206
model_065,model,chart,normal,chart_normal,qwen25_vl_3b,qwen25_vl_3b__chart__normal,human,28,-1.5251528535931327
model_065,model,chart,normal,chart_normal,qwen25_vl_3b,qwen25_vl_3b__chart__normal,qwen25_vl_3b__chart__normal,28,-0.9471037718746125
model_065,model,chart,normal,chart_normal,qwen25_vl_3b,qwen25_vl_3b__chart__normal,qwen25_vl_3b__chart__student,28,-1.8304922710675746
model_065,model,chart,normal,chart_normal,qwen25_vl_3b,qwen25_vl_3b__chart__normal,qwen25_vl_3b__simulation__normal,28,-1.11216058001858
model_065,model,chart,normal,chart_normal,qwen25_vl_3b,qwen25_vl_3b__chart__normal,qwen25_vl_3b__simulation__student,28,-2.45871804538864
model_065,model,chart,normal,chart_normal,qwen25_vl_3b,qwen25_vl_3b__chart__normal,qwen25_vl_7b__chart__normal,28,-1.4445359320874815
model_065,model,chart,normal,chart_normal,qwen25_vl_3b,qwen25_vl_3b__chart__normal,qwen25_vl_7b__chart__student,28,-2.7499253349769153
model_065,model,chart,normal,chart_normal,qwen25_vl_3b,qwen25_vl_3b__chart__normal,qwen25_vl_7b__simulation__normal,28,-1.8911949260073666
model_065,model,chart,normal,chart_normal,qwen25_vl_3b,qwen25_vl_3b__chart__normal,qwen25_vl_7b__simulation__student,28,-2.0749044443083267
model_065,model,chart,normal,chart_normal,qwen25_vl_3b,qwen25_vl_3b__chart__normal,qwen35_4b__text__normal,28,-1.6271275681841868
model_065,model,chart,normal,chart_normal,qwen25_vl_3b,qwen25_vl_3b__chart__normal,qwen35_4b__text__student,28,-2.6528355479794157
model_065,model,chart,normal,chart_normal,qwen25_vl_3b,qwen25_vl_3b__chart__normal,qwen35_9b__text__normal,28,-1.0601867512683603
model_065,model,chart,normal,chart_normal,qwen25_vl_3b,qwen25_vl_3b__chart__normal,qwen35_9b__text__student,28,-2.9987887977058585
model_066,model,chart,normal,chart_normal,qwen25_vl_7b,qwen25_vl_7b__chart__normal,human,10,-1.5511761402328261
model_066,model,chart,normal,chart_normal,qwen25_vl_7b,qwen25_vl_7b__chart__normal,qwen25_vl_3b__chart__normal,10,-2.757596493654302
model_066,model,chart,normal,chart_normal,qwen25_vl_7b,qwen25_vl_7b__chart__normal,qwen25_vl_3b__chart__student,10,-1.6629716100301448
model_066,model,chart,normal,chart_normal,qwen25_vl_7b,qwen25_vl_7b__chart__normal,qwen25_vl_3b__simulation__normal,10,-1.5062532424843047
model_066,model,chart,normal,chart_normal,qwen25_vl_7b,qwen25_vl_7b__chart__normal,qwen25_vl_3b__simulation__student,10,-1.4717763514077982
model_066,model,chart,normal,chart_normal,qwen25_vl_7b,qwen25_vl_7b__chart__normal,qwen25_vl_7b__chart__normal,10,-1.3168525972985916
model_066,model,chart,normal,chart_normal,qwen25_vl_7b,qwen25_vl_7b__chart__normal,qwen25_vl_7b__chart__student,10,-1.7425918367888482
model_066,model,chart,normal,chart_normal,qwen25_vl_7b,qwen25_vl_7b__chart__normal,qwen25_vl_7b__simulation__normal,10,-1.769282254281244
model_066,model,chart,normal,chart_normal,qwen25_vl_7b,qwen25_vl_7b__chart__normal,qwen25_vl_7b__simulation__student,10,-1.8604993529916154
model_066,model,chart,normal,chart_normal,qwen25_vl_7b,qwen25_vl_7b__chart__normal,qwen35_4b__text__normal,10,-2.4246833023986345
model_066,model,chart,normal,chart_normal,qwen25_vl_7b,qwen25_vl_7b__chart__normal,qwen35_4b__text__student,10,-3.329338884842516
model_066,model,chart,normal,chart_normal,qwen25_vl_7b,qwen25_vl_7b__chart__normal,qwen35_9b__text__normal,10,-2.492319208697625
model_066,model,chart,normal,chart_normal,qwen25_vl_7b,qwen25_vl_7b__chart__normal,qwen35_9b__text__student,10,-1.7044854563289273
model_067,model,chart,normal,chart_normal,qwen25_vl_7b,qwen25_vl_7b__chart__normal,human,5,-1.6426564643000152
model_067,model,chart,normal,chart_normal,qwen25_vl_7b,qwen25_vl_7b__chart__normal,qwen25_vl_3b__chart__normal,5,-1.1169008687491553
model_067,model,chart,normal,chart_normal,qwen25_vl_7b,qwen25_vl_7b__chart__normal,qwen25_vl_3b__chart__student,5,-1.0656247686759357
model_067,model,chart,normal,chart_normal,qwen25_vl_7b,qwen25_vl_7b__chart__normal,qwen25_vl_3b__simulation__normal,5,-1.5360418542639467
model_067,model,chart,normal,chart_normal,qwen25_vl_7b,qwen25_vl_7b__chart__normal,qwen25_vl_3b__simulation__student,5,-1.2312314331033454
model_067,model,chart,normal,chart_normal,qwen25_vl_7b,qwen25_vl_7b__chart__normal,qwen25_vl_7b__chart__normal,5,-1.15169259119991
model_067,model,chart,normal,chart_normal,qwen25_vl_7b,qwen25_vl_7b__chart__normal,qwen25_vl_7b__chart__student,5,-1.5491958749926835
model_067,model,chart,normal,chart_normal,qwen25_vl_7b,qwen25_vl_7b__chart__normal,qwen25_vl_7b__simulation__normal,5,-1.6884088975812115
model_067,model,chart,normal,chart_normal,qwen25_vl_7b,qwen25_vl_7b__chart__normal,qwen25_vl_7b__simulation__student,5,-1.64479459477134
model_067,model,chart,normal,chart_normal,qwen25_vl_7b,qwen25_vl_7b__chart__normal,qwen35_4b__text__normal,5,-2.850116152369626
model_067,model,chart,normal,chart_normal,qwen25_vl_7b,qwen25_vl_7b__chart__normal,qwen35_4b__text__student,5,-3.610895314686487
model_067,model,chart,normal,chart_normal,qwen25_vl_7b,qwen25_vl_7b__chart__normal,qwen35_9b__text__normal,5,-1.2368024584637758
model_067,model,chart,normal,chart_normal,qwen25_vl_7b,qwen25_vl_7b__chart__normal,qwen35_9b__text__student,5,-3.8412668604684597
model_068,model,chart,normal,chart_normal,qwen25_vl_7b,qwen25_vl_7b__chart__normal,human,5,-2.1428191589586985
model_068,model,chart,normal,chart_normal,qwen25_vl_7b,qwen25_vl_7b__chart__normal,qwen25_vl_3b__chart__normal,5,-3.822244287220731
model_068,model,chart,normal,chart_normal,qwen25_vl_7b,qwen25_vl_7b__chart__normal,qwen25_vl_3b__chart__student,5,-1.9006398471599297
model_068,model,chart,normal,chart_normal,qwen25_vl_7b,qwen25_vl_7b__chart__normal,qwen25_vl_3b__simulation__normal,5,-4.016634270661407
model_068,model,chart,normal,chart_normal,qwen25_vl_7b,qwen25_vl_7b__chart__normal,qwen25_vl_3b__simulation__student,5,-4.282777591979788
model_068,model,chart,normal,chart_normal,qwen25_vl_7b,qwen25_vl_7b__chart__normal,qwen25_vl_7b__chart__normal,5,-1.615267051527312
model_068,model,chart,normal,chart_normal,qwen25_vl_7b,qwen25_vl_7b__chart__normal,qwen25_vl_7b__chart__student,5,-1.7170609465334852
model_068,model,chart,normal,chart_normal,qwen25_vl_7b,qwen25_vl_7b__chart__normal,qwen25_vl_7b__simulation__normal,5,-1.5185702378866597
model_068,model,chart,normal,chart_normal,qwen25_vl_7b,qwen25_vl_7b__chart__normal,qwen25_vl_7b__simulation__student,5,-3.791385490429127
model_068,model,chart,normal,chart_normal,qwen25_vl_7b,qwen25_vl_7b__chart__normal,qwen35_4b__text__normal,5,-6.494769966272143
model_068,model,chart,normal,chart_normal,qwen25_vl_7b,qwen25_vl_7b__chart__normal,qwen35_4b__text__student,5,-4.247358304037531
model_068,model,chart,normal,chart_normal,qwen25_vl_7b,qwen25_vl_7b__chart__normal,qwen35_9b__text__normal,5,-1.5035438390955709
model_068,model,chart,normal,chart_normal,qwen25_vl_7b,qwen25_vl_7b__chart__normal,qwen35_9b__text__student,5,-4.548607103572275
model_069,model,chart,normal,chart_normal,qwen25_vl_3b,qwen25_vl_3b__chart__normal,human,29,-1.66609086074362
model_069,model,chart,normal,chart_normal,qwen25_vl_3b,qwen25_vl_3b__chart__normal,qwen25_vl_3b__chart__normal,29,-1.1245058029939357
model_069,model,chart,normal,chart_normal,qwen25_vl_3b,qwen25_vl_3b__chart__normal,qwen25_vl_3b__chart__student,29,-1.9730253495743324
model_069,model,chart,normal,chart_normal,qwen25_vl_3b,qwen25_vl_3b__chart__normal,qwen25_vl_3b__simulation__normal,29,-1.2861678715325935
model_069,model,chart,normal,chart_normal,qwen25_vl_3b,qwen25_vl_3b__chart__normal,qwen25_vl_3b__simulation__student,29,-2.0757458676578255
model_069,model,chart,normal,chart_normal,qwen25_vl_3b,qwen25_vl_3b__chart__normal,qwen25_vl_7b__chart__normal,29,-2.0482499295817718
model_069,model,chart,normal,chart_normal,qwen25_vl_3b,qwen25_vl_3b__chart__normal,qwen25_vl_7b__chart__student,29,-2.509216876235618
model_069,model,chart,normal,chart_normal,qwen25_vl_3b,qwen25_vl_3b__chart__normal,qwen25_vl_7b__simulation__normal,29,-1.4241364474025728
model_069,model,chart,normal,chart_normal,qwen25_vl_3b,qwen25_vl_3b__chart__normal,qwen25_vl_7b__simulation__student,29,-2.8158698003482527
model_069,model,chart,normal,chart_normal,qwen25_vl_3b,qwen25_vl_3b__chart__normal,qwen35_4b__text__normal,29,-3.179343154490477
model_069,model,chart,normal,chart_normal,qwen25_vl_3b,qwen25_vl_3b__chart__normal,qwen35_4b__text__student,29,-2.782633350647407
model_069,model,chart,normal,chart_normal,qwen25_vl_3b,qwen25_vl_3b__chart__normal,qwen35_9b__text__normal,29,-2.0438646906215556
model_069,model,chart,normal,chart_normal,qwen25_vl_3b,qwen25_vl_3b__chart__normal,qwen35_9b__text__student,29,-2.7529242319299887
model_070,model,chart,normal,chart_normal,qwen25_vl_3b,qwen25_vl_3b__chart__normal,human,10,-1.954540612385771
model_070,model,chart,normal,chart_normal,qwen25_vl_3b,qwen25_vl_3b__chart__normal,qwen25_vl_3b__chart__normal,10,-1.6757890037645098
model_070,model,chart,normal,chart_normal,qwen25_vl_3b,qwen25_vl_3b__chart__normal,qwen25_vl_3b__chart__student,10,-3.2114220746059177
model_070,model,chart,normal,chart_normal,qwen25_vl_3b,qwen25_vl_3b__chart__normal,qwen25_vl_3b__simulation__normal,10,-1.5952024346496896
model_070,model,chart,normal,chart_normal,qwen25_vl_3b,qwen25_vl_3b__chart__normal,qwen25_vl_3b__simulation__student,10,-1.777696658885506
model_070,model,chart,normal,chart_normal,qwen25_vl_3b,qwen25_vl_3b__chart__normal,qwen25_vl_7b__chart__normal,10,-1.7224405164867769
model_070,model,chart,normal,chart_normal,qwen25_vl_3b,qwen25_vl_3b__chart__normal,qwen25_vl_7b__chart__student,10,-2.3484225118317115
model_070,model,chart,normal,chart_normal,qwen25_vl_3b,qwen25_vl_3b__chart__normal,qwen25_vl_7b__simulation__normal,10,-1.2699629275059383
model_070,model,chart,normal,chart_normal,qwen25_vl_3b,qwen25_vl_3b__chart__normal,qwen25_vl_7b__simulation__student,10,-2.2033819560940993
model_070,model,chart,normal,chart_normal,qwen25_vl_3b,qwen25_vl_3b__chart__normal,qwen35_4b__text__normal,10,-1.5621088645722527
model_070,model,chart,normal,chart_normal,qwen25_vl_3b,qwen25_vl_3b__chart__normal,qwen35_4b__text__student,10,-2.8940641648810277
model_070,model,chart,normal,chart_normal,qwen25_vl_3b,qwen25_vl_3b__chart__normal,qwen35_9b__text__normal,10,-2.52603711182434
model_070,model,chart,normal,chart_normal,qwen25_vl_3b,qwen25_vl_3b__chart__normal,qwen35_9b__text__student,10,-2.183071579838068
model_071,model,chart,normal,chart_normal,qwen25_vl_7b,qwen25_vl_7b__chart__normal,human,7,-2.522983223114985
model_071,model,chart,normal,chart_normal,qwen25_vl_7b,qwen25_vl_7b__chart__normal,qwen25_vl_3b__chart__normal,7,-4.495183875784388
model_071,model,chart,normal,chart_normal,qwen25_vl_7b,qwen25_vl_7b__chart__normal,qwen25_vl_3b__chart__student,7,-3.526569174543663
model_071,model,chart,normal,chart_normal,qwen25_vl_7b,qwen25_vl_7b__chart__normal,qwen25_vl_3b__simulation__normal,7,-4.631997945870073
model_071,model,chart,normal,chart_normal,qwen25_vl_7b,qwen25_vl_7b__chart__normal,qwen25_vl_3b__simulation__student,7,-5.458451454858832
model_071,model,chart,normal,chart_normal,qwen25_vl_7b,qwen25_vl_7b__chart__normal,qwen25_vl_7b__chart__normal,7,-2.0599418625682584
model_071,model,chart,normal,chart_normal,qwen25_vl_7b,qwen25_vl_7b__chart__normal,qwen25_vl_7b__chart__student,7,-3.9284359413214367
model_071,model,chart,normal,chart_normal,qwen25_vl_7b,qwen25_vl_7b__chart__normal,qwen25_vl_7b__simulation__normal,7,-2.2081344118244006
model_071,model,chart,normal,chart_normal,qwen25_vl_7b,qwen25_vl_7b__chart__normal,qwen25_vl_7b__simulation__student,7,-3.7241647540950416
model_071,model,chart,normal,chart_normal,qwen25_vl_7b,qwen25_vl_7b__chart__normal,qwen35_4b__text__normal,7,-6.5746123907586815
model_071,model,chart,normal,chart_normal,qwen25_vl_7b,qwen25_vl_7b__chart__normal,qwen35_4b__text__student,7,-3.724877287542014
model_071,model,chart,normal,chart_normal,qwen25_vl_7b,qwen25_vl_7b__chart__normal,qwen35_9b__text__normal,7,-3.4700164559588536
model_071,model,chart,normal,chart_normal,qwen25_vl_7b,qwen25_vl_7b__chart__normal,qwen35_9b__text__student,7,-4.42739781064109
model_072,model,chart,normal,chart_normal,qwen25_vl_7b,qwen25_vl_7b__chart__normal,human,12,-1.9606919428320682
model_072,model,chart,normal,chart_normal,qwen25_vl_7b,qwen25_vl_7b__chart__normal,qwen25_vl_3b__chart__normal,12,-2.24005049480272
model_072,model,chart,normal,chart_normal,qwen25_vl_7b,qwen25_vl_7b__chart__normal,qwen25_vl_3b__chart__student,12,-2.616513587839265
model_072,model,chart,normal,chart_normal,qwen25_vl_7b,qwen25_vl_7b__chart__normal,qwen25_vl_3b__simulation__normal,12,-1.6026753983207203
model_072,model,chart,normal,chart_normal,qwen25_vl_7b,qwen25_vl_7b__chart__normal,qwen25_vl_3b__simulation__student,12,-3.0281673098406596
model_072,model,chart,normal,chart_normal,qwen25_vl_7b,qwen25_vl_7b__chart__normal,qwen25_vl_7b__chart__normal,12,-1.257632095760983
model_072,model,chart,normal,chart_normal,qwen25_vl_7b,qwen25_vl_7b__chart__normal,qwen25_vl_7b__chart__student,12,-2.3585654510912466
model_072,model,chart,normal,chart_normal,qwen25_vl_7b,qwen25_vl_7b__chart__normal,qwen25_vl_7b__simulation__normal,12,-2.3498640458854587
model_072,model,chart,normal,chart_normal,qwen25_vl_7b,qwen25_vl_7b__chart__normal,qwen25_vl_7b__simulation__student,12,-3.3099259206342198
model_072,model,chart,normal,chart_normal,qwen25_vl_7b,qwen25_vl_7b__chart__normal,qwen35_4b__text__normal,12,-2.6291925727657595
model_072,model,chart,normal,chart_normal,qwen25_vl_7b,qwen25_vl_7b__chart__normal,qwen35_4b__text__student,12,-2.9853719442674276
model_072,model,chart,normal,chart_normal,qwen25_vl_7b,qwen25_vl_7b__chart__normal,qwen35_9b__text__normal,12,-3.0707196679613253
model_072,model,chart,normal,chart_normal,qwen25_vl_7b,qwen25_vl_7b__chart__normal,qwen35_9b__text__student,12,-3.0761519210611223
model_073,model,chart,normal,chart_normal,qwen25_vl_3b,qwen25_vl_3b__chart__normal,human,9,-1.4899876256442388
model_073,model,chart,normal,chart_normal,qwen25_vl_3b,qwen25_vl_3b__chart__normal,qwen25_vl_3b__chart__normal,9,-0.7885998423196252
model_073,model,chart,normal,chart_normal,qwen25_vl_3b,qwen25_vl_3b__chart__normal,qwen25_vl_3b__chart__student,9,-1.4327018335140957
model_073,model,chart,normal,chart_normal,qwen25_vl_3b,qwen25_vl_3b__chart__normal,qwen25_vl_3b__simulation__normal,9,-0.6242445840755109
model_073,model,chart,normal,chart_normal,qwen25_vl_3b,qwen25_vl_3b__chart__normal,qwen25_vl_3b__simulation__student,9,-1.611500698604705
model_073,model,chart,normal,chart_normal,qwen25_vl_3b,qwen25_vl_3b__chart__normal,qwen25_vl_7b__chart__normal,9,-1.1809508409249283
model_073,model,chart,normal,chart_normal,qwen25_vl_3b,qwen25_vl_3b__chart__normal,qwen25_vl_7b__chart__student,9,-1.5290576538900638
model_073,model,chart,normal,chart_normal,qwen25_vl_3b,qwen25_vl_3b__chart__normal,qwen25_vl_7b__simulation__normal,9,-0.918598115742607
model_073,model,chart,normal,chart_normal,qwen25_vl_3b,qwen25_vl_3b__chart__normal,qwen25_vl_7b__simulation__student,9,-1.2293358837033777
model_073,model,chart,normal,chart_normal,qwen25_vl_3b,qwen25_vl_3b__chart__normal,qwen35_4b__text__normal,9,-0.9805016350538508
model_073,model,chart,normal,chart_normal,qwen25_vl_3b,qwen25_vl_3b__chart__normal,qwen35_4b__text__student,9,-3.3775808236065306
model_073,model,chart,normal,chart_normal,qwen25_vl_3b,qwen25_vl_3b__chart__normal,qwen35_9b__text__normal,9,-1.2681976306480562
model_073,model,chart,normal,chart_normal,qwen25_vl_3b,qwen25_vl_3b__chart__normal,qwen35_9b__text__student,9,-2.641290121524451
model_074,model,chart,normal,chart_normal,qwen25_vl_7b,qwen25_vl_7b__chart__normal,human,5,-2.174361127255856
model_074,model,chart,normal,chart_normal,qwen25_vl_7b,qwen25_vl_7b__chart__normal,qwen25_vl_3b__chart__normal,5,-6.845195505403822
model_074,model,chart,normal,chart_normal,qwen25_vl_7b,qwen25_vl_7b__chart__normal,qwen25_vl_3b__chart__student,5,-4.108353810030372
model_074,model,chart,normal,chart_normal,qwen25_vl_7b,qwen25_vl_7b__chart__normal,qwen25_vl_3b__simulation__normal,5,-4.980807471016829
model_074,model,chart,normal,chart_normal,qwen25_vl_7b,qwen25_vl_7b__chart__normal,qwen25_vl_3b__simulation__student,5,-4.333595333643879
model_074,model,chart,normal,chart_normal,qwen25_vl_7b,qwen25_vl_7b__chart__normal,qwen25_vl_7b__chart__normal,5,-1.6653241822431568
model_074,model,chart,normal,chart_normal,qwen25_vl_7b,qwen25_vl_7b__chart__normal,qwen25_vl_7b__chart__student,5,-1.7667617477586273
model_074,model,chart,normal,chart_normal,qwen25_vl_7b,qwen25_vl_7b__chart__normal,qwen25_vl_7b__simulation__normal,5,-1.7994497646740157
model_074,model,chart,normal,chart_normal,qwen25_vl_7b,qwen25_vl_7b__chart__normal,qwen25_vl_7b__simulation__student,5,-4.446255049454623
model_074,model,chart,normal,chart_normal,qwen25_vl_7b,qwen25_vl_7b__chart__normal,qwen35_4b__text__normal,5,-7.319811606298782
model_074,model,chart,normal,chart_normal,qwen25_vl_7b,qwen25_vl_7b__chart__normal,qwen35_4b__text__student,5,-5.07218261320268
model_074,model,chart,normal,chart_normal,qwen25_vl_7b,qwen25_vl_7b__chart__normal,qwen35_9b__text__normal,5,-4.113333255674784
model_074,model,chart,normal,chart_normal,qwen25_vl_7b,qwen25_vl_7b__chart__normal,qwen35_9b__text__student,5,-5.3022020673896595
model_075,model,chart,normal,chart_normal,qwen25_vl_7b,qwen25_vl_7b__chart__normal,human,20,-1.529481212948469
model_075,model,chart,normal,chart_normal,qwen25_vl_7b,qwen25_vl_7b__chart__normal,qwen25_vl_3b__chart__normal,20,-4.726330658178016
model_075,model,chart,normal,chart_normal,qwen25_vl_7b,qwen25_vl_7b__chart__normal,qwen25_vl_3b__chart__student,20,-4.7930459201555164
model_075,model,chart,normal,chart_normal,qwen25_vl_7b,qwen25_vl_7b__chart__normal,qwen25_vl_3b__simulation__normal,20,-3.606774199788596
model_075,model,chart,normal,chart_normal,qwen25_vl_7b,qwen25_vl_7b__chart__normal,qwen25_vl_3b__simulation__student,20,-2.2835031054498924
model_075,model,chart,normal,chart_normal,qwen25_vl_7b,qwen25_vl_7b__chart__normal,qwen25_vl_7b__chart__normal,20,-1.4086566613520106
model_075,model,chart,normal,chart_normal,qwen25_vl_7b,qwen25_vl_7b__chart__normal,qwen25_vl_7b__chart__student,20,-1.9861478117524682
model_075,model,chart,normal,chart_normal,qwen25_vl_7b,qwen25_vl_7b__chart__normal,qwen25_vl_7b__simulation__normal,20,-2.3175749689013774
model_075,model,chart,normal,chart_normal,qwen25_vl_7b,qwen25_vl_7b__chart__normal,qwen25_vl_7b__simulation__student,20,-4.035621104004293
model_075,model,chart,normal,chart_normal,qwen25_vl_7b,qwen25_vl_7b__chart__normal,qwen35_4b__text__normal,20,-6.596376452668895
model_075,model,chart,normal,chart_normal,qwen25_vl_7b,qwen25_vl_7b__chart__normal,qwen35_4b__text__student,20,-2.0104892768166023
model_075,model,chart,normal,chart_normal,qwen25_vl_7b,qwen25_vl_7b__chart__normal,qwen35_9b__text__normal,20,-4.377674543788908
model_075,model,chart,normal,chart_normal,qwen25_vl_7b,qwen25_vl_7b__chart__normal,qwen35_9b__text__student,20,-2.399230678738035
model_076,model,text,normal,text_normal,qwen35_9b,qwen35_9b__text__normal,human,11,-2.281625177100269
model_076,model,text,normal,text_normal,qwen35_9b,qwen35_9b__text__normal,qwen25_vl_3b__chart__normal,11,-1.7164059446064948
model_076,model,text,normal,text_normal,qwen35_9b,qwen35_9b__text__normal,qwen25_vl_3b__chart__student,11,-1.7365890448971035
model_076,model,text,normal,text_normal,qwen35_9b,qwen35_9b__text__normal,qwen25_vl_3b__simulation__normal,11,-2.118549085631827
model_076,model,text,normal,text_normal,qwen35_9b,qwen35_9b__text__normal,qwen25_vl_3b__simulation__student,11,-2.766279896337162
model_076,model,text,normal,text_normal,qwen35_9b,qwen35_9b__text__normal,qwen25_vl_7b__chart__normal,11,-2.8892488631246516
model_076,model,text,normal,text_normal,qwen35_9b,qwen35_9b__text__normal,qwen25_vl_7b__chart__student,11,-2.7339278038458876
model_076,model,text,normal,text_normal,qwen35_9b,qwen35_9b__text__normal,qwen25_vl_7b__simulation__normal,11,-2.716834481784892
model_076,model,text,normal,text_normal,qwen35_9b,qwen35_9b__text__normal,qwen25_vl_7b__simulation__student,11,-1.7400113119180098
model_076,model,text,normal,text_normal,qwen35_9b,qwen35_9b__text__normal,qwen35_4b__text__normal,11,-2.6807805172417662
model_076,model,text,normal,text_normal,qwen35_9b,qwen35_9b__text__normal,qwen35_4b__text__student,11,-3.0033071416898385
model_076,model,text,normal,text_normal,qwen35_9b,qwen35_9b__text__normal,qwen35_9b__text__normal,11,-1.5635729762054211
model_076,model,text,normal,text_normal,qwen35_9b,qwen35_9b__text__normal,qwen35_9b__text__student,11,-2.171270950975722
model_077,model,text,normal,text_normal,qwen35_9b,qwen35_9b__text__normal,human,12,-1.7776462980347498
model_077,model,text,normal,text_normal,qwen35_9b,qwen35_9b__text__normal,qwen25_vl_3b__chart__normal,12,-1.4633446878293486
model_077,model,text,normal,text_normal,qwen35_9b,qwen35_9b__text__normal,qwen25_vl_3b__chart__student,12,-1.5121096810506744
model_077,model,text,normal,text_normal,qwen35_9b,qwen35_9b__text__normal,qwen25_vl_3b__simulation__normal,12,-1.3103603490183562
model_077,model,text,normal,text_normal,qwen35_9b,qwen35_9b__text__normal,qwen25_vl_3b__simulation__student,12,-1.4489698447876542
model_077,model,text,normal,text_normal,qwen35_9b,qwen35_9b__text__normal,qwen25_vl_7b__chart__normal,12,-2.2924541600541875
model_077,model,text,normal,text_normal,qwen35_9b,qwen35_9b__text__normal,qwen25_vl_7b__chart__student,12,-1.723060053024781
model_077,model,text,normal,text_normal,qwen35_9b,qwen35_9b__text__normal,qwen25_vl_7b__simulation__normal,12,-1.4807887453753297
model_077,model,text,normal,text_normal,qwen35_9b,qwen35_9b__text__normal,qwen25_vl_7b__simulation__student,12,-1.868241982668428
model_077,model,text,normal,text_normal,qwen35_9b,qwen35_9b__text__normal,qwen35_4b__text__normal,12,-3.0395377564620287
model_077,model,text,normal,text_normal,qwen35_9b,qwen35_9b__text__normal,qwen35_4b__text__student,12,-2.9445826101388692
model_077,model,text,normal,text_normal,qwen35_9b,qwen35_9b__text__normal,qwen35_9b__text__normal,12,-1.198134526156123
model_077,model,text,normal,text_normal,qwen35_9b,qwen35_9b__text__normal,qwen35_9b__text__student,12,-2.205523788283743
model_078,model,text,normal,text_normal,qwen35_4b,qwen35_4b__text__normal,human,6,-2.28969053883191
model_078,model,text,normal,text_normal,qwen35_4b,qwen35_4b__text__normal,qwen25_vl_3b__chart__normal,6,-4.073242167033799
model_078,model,text,normal,text_normal,qwen35_4b,qwen35_4b__text__normal,qwen25_vl_3b__chart__student,6,-2.0825855417877546
model_078,model,text,normal,text_normal,qwen35_4b,qwen35_4b__text__normal,qwen25_vl_3b__simulation__normal,6,-3.784514675562622
model_078,model,text,normal,text_normal,qwen35_4b,qwen35_4b__text__normal,qwen25_vl_3b__simulation__student,6,-3.358683362083619
model_078,model,text,normal,text_normal,qwen35_4b,qwen35_4b__text__normal,qwen25_vl_7b__chart__normal,6,-2.140155528200571
model_078,model,text,normal,text_normal,qwen35_4b,qwen35_4b__text__normal,qwen25_vl_7b__chart__student,6,-1.7410852789910758
model_078,model,text,normal,text_normal,qwen35_4b,qwen35_4b__text__normal,qwen25_vl_7b__simulation__normal,6,-3.8851552872187014
model_078,model,text,normal,text_normal,qwen35_4b,qwen35_4b__text__normal,qwen25_vl_7b__simulation__student,6,-1.6603959359543465
model_078,model,text,normal,text_normal,qwen35_4b,qwen35_4b__text__normal,qwen35_4b__text__normal,6,-1.1705650518209492
model_078,model,text,normal,text_normal,qwen35_4b,qwen35_4b__text__normal,qwen35_4b__text__student,6,-1.2905479225329153
model_078,model,text,normal,text_normal,qwen35_4b,qwen35_4b__text__normal,qwen35_9b__text__normal,6,-3.693596037985206
model_078,model,text,normal,text_normal,qwen35_4b,qwen35_4b__text__normal,qwen35_9b__text__student,6,-3.2375467939070433
model_079,model,text,normal,text_normal,qwen35_9b,qwen35_9b__text__normal,human,5,-2.486201906398524
model_079,model,text,normal,text_normal,qwen35_9b,qwen35_9b__text__normal,qwen25_vl_3b__chart__normal,5,-4.476953596908835
model_079,model,text,normal,text_normal,qwen35_9b,qwen35_9b__text__normal,qwen25_vl_3b__chart__student,5,-2.26130219380937
model_079,model,text,normal,text_normal,qwen35_9b,qwen35_9b__text__normal,qwen25_vl_3b__simulation__normal,5,-1.9983545492163288
model_079,model,text,normal,text_normal,qwen35_9b,qwen35_9b__text__normal,qwen25_vl_3b__simulation__student,5,-1.2749805523647142
model_079,model,text,normal,text_normal,qwen35_9b,qwen35_9b__text__normal,qwen25_vl_7b__chart__normal,5,-2.1758617935139104
model_079,model,text,normal,text_normal,qwen35_9b,qwen35_9b__text__normal,qwen25_vl_7b__chart__student,5,-1.6722085910981364
model_079,model,text,normal,text_normal,qwen35_9b,qwen35_9b__text__normal,qwen25_vl_7b__simulation__normal,5,-1.9494543532268565
model_079,model,text,normal,text_normal,qwen35_9b,qwen35_9b__text__normal,qwen25_vl_7b__simulation__student,5,-1.3370598307512351
model_079,model,text,normal,text_normal,qwen35_9b,qwen35_9b__text__normal,qwen35_4b__text__normal,5,-0.9739825911906331
model_079,model,text,normal,text_normal,qwen35_9b,qwen35_9b__text__normal,qwen35_4b__text__student,5,-1.183007444951393
model_079,model,text,normal,text_normal,qwen35_9b,qwen35_9b__text__normal,qwen35_9b__text__normal,5,-1.6553823914277046
model_079,model,text,normal,text_normal,qwen35_9b,qwen35_9b__text__normal,qwen35_9b__text__student,5,-1.4435570419988724
model_080,model,text,normal,text_normal,qwen35_9b,qwen35_9b__text__normal,human,7,-2.1366152981971003
model_080,model,text,normal,text_normal,qwen35_9b,qwen35_9b__text__normal,qwen25_vl_3b__chart__normal,7,-3.157547534925176
model_080,model,text,normal,text_normal,qwen35_9b,qwen35_9b__text__normal,qwen25_vl_3b__chart__student,7,-2.196450228288558
model_080,model,text,normal,text_normal,qwen35_9b,qwen35_9b__text__normal,qwen25_vl_3b__simulation__normal,7,-3.06178162417174
model_080,model,text,normal,text_normal,qwen35_9b,qwen35_9b__text__normal,qwen25_vl_3b__simulation__student,7,-3.8851053122047605
model_080,model,text,normal,text_normal,qwen35_9b,qwen35_9b__text__normal,qwen25_vl_7b__chart__normal,7,-1.867432190321184
model_080,model,text,normal,text_normal,qwen35_9b,qwen35_9b__text__normal,qwen25_vl_7b__chart__student,7,-2.4289331269462795
model_080,model,text,normal,text_normal,qwen35_9b,qwen35_9b__text__normal,qwen25_vl_7b__simulation__normal,7,-1.3799468376259385
model_080,model,text,normal,text_normal,qwen35_9b,qwen35_9b__text__normal,qwen25_vl_7b__simulation__student,7,-1.4935273417445163
model_080,model,text,normal,text_normal,qwen35_9b,qwen35_9b__text__normal,qwen35_4b__text__normal,7,-3.4600858023345955
model_080,model,text,normal,text_normal,qwen35_9b,qwen35_9b__text__normal,qwen35_4b__text__student,7,-3.9575846856397336
model_080,model,text,normal,text_normal,qwen35_9b,qwen35_9b__text__normal,qwen35_9b__text__normal,7,-1.0967444494532625
model_080,model,text,normal,text_normal,qwen35_9b,qwen35_9b__text__normal,qwen35_9b__text__student,7,-4.2054304879042
model_081,model,text,normal,text_normal,qwen35_9b,qwen35_9b__text__normal,human,6,-2.6361688194795834
model_081,model,text,normal,text_normal,qwen35_9b,qwen35_9b__text__normal,qwen25_vl_3b__chart__normal,6,-3.2159813819415644
model_081,model,text,normal,text_normal,qwen35_9b,qwen35_9b__text__normal,qwen25_vl_3b__chart__student,6,-1.8958658989417192
model_081,model,text,normal,text_normal,qwen35_9b,qwen35_9b__text__normal,qwen25_vl_3b__simulation__normal,6,-2.250326254964247
model_081,model,text,normal,text_normal,qwen35_9b,qwen35_9b__text__normal,qwen25_vl_3b__simulation__student,6,-1.482201586988804
model_081,model,text,normal,text_normal,qwen35_9b,qwen35_9b__text__normal,qwen25_vl_7b__chart__normal,6,-3.729271744918952
model_081,model,text,normal,text_normal,qwen35_9b,qwen35_9b__text__normal,qwen25_vl_7b__chart__student,6,-1.8190268514163037
model_081,model,text,normal,text_normal,qwen35_9b,qwen35_9b__text__normal,qwen25_vl_7b__simulation__normal,6,-1.745280161682201
model_081,model,text,normal,text_normal,qwen35_9b,qwen35_9b__text__normal,qwen25_vl_7b__simulation__student,6,-1.4566679942062561
model_081,model,text,normal,text_normal,qwen35_9b,qwen35_9b__text__normal,qwen35_4b__text__normal,6,-1.6667040364441597
model_081,model,text,normal,text_normal,qwen35_9b,qwen35_9b__text__normal,qwen35_4b__text__student,6,-1.7621842884785057
model_081,model,text,normal,text_normal,qwen35_9b,qwen35_9b__text__normal,qwen35_9b__text__normal,6,-1.254060571426793
model_081,model,text,normal,text_normal,qwen35_9b,qwen35_9b__text__normal,qwen35_9b__text__student,6,-3.6432930461091915
model_082,model,text,normal,text_normal,qwen35_4b,qwen35_4b__text__normal,human,5,-2.485586599804074
model_082,model,text,normal,text_normal,qwen35_4b,qwen35_4b__text__normal,qwen25_vl_3b__chart__normal,5,-2.2500524353911104
model_082,model,text,normal,text_normal,qwen35_4b,qwen35_4b__text__normal,qwen25_vl_3b__chart__student,5,-2.2613075247803627
model_082,model,text,normal,text_normal,qwen35_4b,qwen35_4b__text__normal,qwen25_vl_3b__simulation__normal,5,-4.191220950287266
model_082,model,text,normal,text_normal,qwen35_4b,qwen35_4b__text__normal,qwen25_vl_3b__simulation__student,5,-4.046337904839195
model_082,model,text,normal,text_normal,qwen35_4b,qwen35_4b__text__normal,qwen25_vl_7b__chart__normal,5,-4.295630264161816
model_082,model,text,normal,text_normal,qwen35_4b,qwen35_4b__text__normal,qwen25_vl_7b__chart__student,5,-4.217578334754389
model_082,model,text,normal,text_normal,qwen35_4b,qwen35_4b__text__normal,qwen25_vl_7b__simulation__normal,5,-4.345846882278282
model_082,model,text,normal,text_normal,qwen35_4b,qwen35_4b__text__normal,qwen25_vl_7b__simulation__student,5,-2.992647539283062
model_082,model,text,normal,text_normal,qwen35_4b,qwen35_4b__text__normal,qwen35_4b__text__normal,5,-0.9739824767426603
model_082,model,text,normal,text_normal,qwen35_4b,qwen35_4b__text__normal,qwen35_4b__text__student,5,-4.9840111555266144
model_082,model,text,normal,text_normal,qwen35_4b,qwen35_4b__text__normal,qwen35_9b__text__normal,5,-4.087315617054636
model_082,model,text,normal,text_normal,qwen35_4b,qwen35_4b__text__normal,qwen35_9b__text__student,5,-4.637368090664163
model_083,model,text,normal,text_normal,qwen35_9b,qwen35_9b__text__normal,human,10,-1.7487626246454286
model_083,model,text,normal,text_normal,qwen35_9b,qwen35_9b__text__normal,qwen25_vl_3b__chart__normal,10,-2.8017753142891255
model_083,model,text,normal,text_normal,qwen35_9b,qwen35_9b__text__normal,qwen25_vl_3b__chart__student,10,-2.0287485364350735
model_083,model,text,normal,text_normal,qwen35_9b,qwen35_9b__text__normal,qwen25_vl_3b__simulation__normal,10,-2.8010395877915863
model_083,model,text,normal,text_normal,qwen35_9b,qwen35_9b__text__normal,qwen25_vl_3b__simulation__student,10,-3.3647542705577997
model_083,model,text,normal,text_normal,qwen35_9b,qwen35_9b__text__normal,qwen25_vl_7b__chart__normal,10,-3.006094482829288
model_083,model,text,normal,text_normal,qwen35_9b,qwen35_9b__text__normal,qwen25_vl_7b__chart__student,10,-2.448858239986113
model_083,model,text,normal,text_normal,qwen35_9b,qwen35_9b__text__normal,qwen25_vl_7b__simulation__normal,10,-1.4892965646905298
model_083,model,text,normal,text_normal,qwen35_9b,qwen35_9b__text__normal,qwen25_vl_7b__simulation__student,10,-2.7164766554099598
model_083,model,text,normal,text_normal,qwen35_9b,qwen35_9b__text__normal,qwen35_4b__text__normal,10,-2.7980572054479347
model_083,model,text,normal,text_normal,qwen35_9b,qwen35_9b__text__normal,qwen35_4b__text__student,10,-3.505931852277805
model_083,model,text,normal,text_normal,qwen35_9b,qwen35_9b__text__normal,qwen35_9b__text__normal,10,-1.1796507814523585
model_083,model,text,normal,text_normal,qwen35_9b,qwen35_9b__text__normal,qwen35_9b__text__student,10,-3.411214640966334
model_084,model,text,normal,text_normal,qwen35_9b,qwen35_9b__text__normal,human,18,-1.4908788743534775
model_084,model,text,normal,text_normal,qwen35_9b,qwen35_9b__text__normal,qwen25_vl_3b__chart__normal,18,-1.2289902097551928
model_084,model,text,normal,text_normal,qwen35_9b,qwen35_9b__text__normal,qwen25_vl_3b__chart__student,18,-1.5905663686447928
model_084,model,text,normal,text_normal,qwen35_9b,qwen35_9b__text__normal,qwen25_vl_3b__simulation__normal,18,-1.16110784329265
model_084,model,text,normal,text_normal,qwen35_9b,qwen35_9b__text__normal,qwen25_vl_3b__simulation__student,18,-1.8745552314807152
model_084,model,text,normal,text_normal,qwen35_9b,qwen35_9b__text__normal,qwen25_vl_7b__chart__normal,18,-2.311337016450862
model_084,model,text,normal,text_normal,qwen35_9b,qwen35_9b__text__normal,qwen25_vl_7b__chart__student,18,-2.1918801946126756
model_084,model,text,normal,text_normal,qwen35_9b,qwen35_9b__text__normal,qwen25_vl_7b__simulation__normal,18,-1.176651390848268
model_084,model,text,normal,text_normal,qwen35_9b,qwen35_9b__text__normal,qwen25_vl_7b__simulation__student,18,-2.1783604654272093
model_084,model,text,normal,text_normal,qwen35_9b,qwen35_9b__text__normal,qwen35_4b__text__normal,18,-2.696418346840854
model_084,model,text,normal,text_normal,qwen35_9b,qwen35_9b__text__normal,qwen35_4b__text__student,18,-2.7779848702165904
model_084,model,text,normal,text_normal,qwen35_9b,qwen35_9b__text__normal,qwen35_9b__text__normal,18,-0.9510608793159236
model_084,model,text,normal,text_normal,qwen35_9b,qwen35_9b__text__normal,qwen35_9b__text__student,18,-2.8871302285026514
model_085,model,text,normal,text_normal,qwen35_4b,qwen35_4b__text__normal,human,11,-1.87929596173468
model_085,model,text,normal,text_normal,qwen35_4b,qwen35_4b__text__normal,qwen25_vl_3b__chart__normal,11,-3.784615925165406
model_085,model,text,normal,text_normal,qwen35_4b,qwen35_4b__text__normal,qwen25_vl_3b__chart__student,11,-1.924171761952959
model_085,model,text,normal,text_normal,qwen35_4b,qwen35_4b__text__normal,qwen25_vl_3b__simulation__normal,11,-2.475859036135388
model_085,model,text,normal,text_normal,qwen35_4b,qwen35_4b__text__normal,qwen25_vl_3b__simulation__student,11,-2.8785934775636486
model_085,model,text,normal,text_normal,qwen35_4b,qwen35_4b__text__normal,qwen25_vl_7b__chart__normal,11,-2.9923808806262584
model_085,model,text,normal,text_normal,qwen35_4b,qwen35_4b__text__normal,qwen25_vl_7b__chart__student,11,-2.1230466040932416
model_085,model,text,normal,text_normal,qwen35_4b,qwen35_4b__text__normal,qwen25_vl_7b__simulation__normal,11,-2.7381496966670467
model_085,model,text,normal,text_normal,qwen35_4b,qwen35_4b__text__normal,qwen25_vl_7b__simulation__student,11,-2.7515334458250043
model_085,model,text,normal,text_normal,qwen35_4b,qwen35_4b__text__normal,qwen35_4b__text__normal,11,-1.5451524596679536
model_085,model,text,normal,text_normal,qwen35_4b,qwen35_4b__text__normal,qwen35_4b__text__student,11,-1.8067394418989635
model_085,model,text,normal,text_normal,qwen35_4b,qwen35_4b__text__normal,qwen35_9b__text__normal,11,-2.487670151062123
model_085,model,text,normal,text_normal,qwen35_4b,qwen35_4b__text__normal,qwen35_9b__text__student,11,-2.4730239130103375
model_086,model,text,normal,text_normal,qwen35_9b,qwen35_9b__text__normal,human,11,-1.824139857504103
model_086,model,text,normal,text_normal,qwen35_9b,qwen35_9b__text__normal,qwen25_vl_3b__chart__normal,11,-1.2952343868423966
model_086,model,text,normal,text_normal,qwen35_9b,qwen35_9b__text__normal,qwen25_vl_3b__chart__student,11,-1.7074821576664363
model_086,model,text,normal,text_normal,qwen35_9b,qwen35_9b__text__normal,qwen25_vl_3b__simulation__normal,11,-1.5060847719840993
model_086,model,text,normal,text_normal,qwen35_9b,qwen35_9b__text__normal,qwen25_vl_3b__simulation__student,11,-1.7535950350125717
model_086,model,text,normal,text_normal,qwen35_9b,qwen35_9b__text__normal,qwen25_vl_7b__chart__normal,11,-2.7933265663919324
model_086,model,text,normal,text_normal,qwen35_9b,qwen35_9b__text__normal,qwen25_vl_7b__chart__student,11,-2.108697757304927
model_086,model,text,normal,text_normal,qwen35_9b,qwen35_9b__text__normal,qwen25_vl_7b__simulation__normal,11,-1.3466781483090002
model_086,model,text,normal,text_normal,qwen35_9b,qwen35_9b__text__normal,qwen25_vl_7b__simulation__student,11,-1.7910544897380272
model_086,model,text,normal,text_normal,qwen35_9b,qwen35_9b__text__normal,qwen35_4b__text__normal,11,-1.4942862961075556
model_086,model,text,normal,text_normal,qwen35_9b,qwen35_9b__text__normal,qwen35_4b__text__student,11,-1.963843767920651
model_086,model,text,normal,text_normal,qwen35_9b,qwen35_9b__text__normal,qwen35_9b__text__normal,11,-1.0165514491388141
model_086,model,text,normal,text_normal,qwen35_9b,qwen35_9b__text__normal,qwen35_9b__text__student,11,-2.90857172316065
model_087,model,text,normal,text_normal,qwen35_9b,qwen35_9b__text__normal,human,7,-3.069769959396126
model_087,model,text,normal,text_normal,qwen35_9b,qwen35_9b__text__normal,qwen25_vl_3b__chart__normal,7,-1.9492739763611642
model_087,model,text,normal,text_normal,qwen35_9b,qwen35_9b__text__normal,qwen25_vl_3b__chart__student,7,-1.8898503226925787
model_087,model,text,normal,text_normal,qwen35_9b,qwen35_9b__text__normal,qwen25_vl_3b__simulation__normal,7,-3.261848199123325
model_087,model,text,normal,text_normal,qwen35_9b,qwen35_9b__text__normal,qwen25_vl_3b__simulation__student,7,-3.3849846988279144
model_087,model,text,normal,text_normal,qwen35_9b,qwen35_9b__text__normal,qwen25_vl_7b__chart__normal,7,-3.750381778538636
model_087,model,text,normal,text_normal,qwen35_9b,qwen35_9b__text__normal,qwen25_vl_7b__chart__student,7,-3.408720285746855
model_087,model,text,normal,text_normal,qwen35_9b,qwen35_9b__text__normal,qwen25_vl_7b__simulation__normal,7,-3.763438057988554
model_087,model,text,normal,text_normal,qwen35_9b,qwen35_9b__text__normal,qwen25_vl_7b__simulation__student,7,-1.880100972005039
model_087,model,text,normal,text_normal,qwen35_9b,qwen35_9b__text__normal,qwen35_4b__text__normal,7,-1.8931301986274156
model_087,model,text,normal,text_normal,qwen35_9b,qwen35_9b__text__normal,qwen35_4b__text__student,7,-1.618781612053995
model_087,model,text,normal,text_normal,qwen35_9b,qwen35_9b__text__normal,qwen35_9b__text__normal,7,-1.8373998186028009
model_087,model,text,normal,text_normal,qwen35_9b,qwen35_9b__text__normal,qwen35_9b__text__student,7,-1.7097050837105274
model_088,model,text,normal,text_normal,qwen35_4b,qwen35_4b__text__normal,human,4,-2.873944449195054
model_088,model,text,normal,text_normal,qwen35_4b,qwen35_4b__text__normal,qwen25_vl_3b__chart__normal,4,-1.7761581552660382
model_088,model,text,normal,text_normal,qwen35_4b,qwen35_4b__text__normal,qwen25_vl_3b__chart__student,4,-2.238543899649201
model_088,model,text,normal,text_normal,qwen35_4b,qwen35_4b__text__normal,qwen25_vl_3b__simulation__normal,4,-2.0302748482148854
model_088,model,text,normal,text_normal,qwen35_4b,qwen35_4b__text__normal,qwen25_vl_3b__simulation__student,4,-1.2371798433770063
model_088,model,text,normal,text_normal,qwen35_4b,qwen35_4b__text__normal,qwen25_vl_7b__chart__normal,4,-1.9477562293628627
model_088,model,text,normal,text_normal,qwen35_4b,qwen35_4b__text__normal,qwen25_vl_7b__chart__student,4,-1.530667834948392
model_088,model,text,normal,text_normal,qwen35_4b,qwen35_4b__text__normal,qwen25_vl_7b__simulation__normal,4,-1.975110688475095
model_088,model,text,normal,text_normal,qwen35_4b,qwen35_4b__text__normal,qwen25_vl_7b__simulation__student,4,-0.8322155218160346
model_088,model,text,normal,text_normal,qwen35_4b,qwen35_4b__text__normal,qwen35_4b__text__normal,4,-0.8189906741392152
model_088,model,text,normal,text_normal,qwen35_4b,qwen35_4b__text__normal,qwen35_4b__text__student,4,-1.084632511447918
model_088,model,text,normal,text_normal,qwen35_4b,qwen35_4b__text__normal,qwen35_9b__text__normal,4,-1.5207465285742012
model_088,model,text,normal,text_normal,qwen35_4b,qwen35_4b__text__normal,qwen35_9b__text__student,4,-4.494086079663773
model_089,model,text,normal,text_normal,qwen35_4b,qwen35_4b__text__normal,human,4,-3.0169473897382018
model_089,model,text,normal,text_normal,qwen35_4b,qwen35_4b__text__normal,qwen25_vl_3b__chart__normal,4,-4.695328858111625
model_089,model,text,normal,text_normal,qwen35_4b,qwen35_4b__text__normal,qwen25_vl_3b__chart__student,4,-1.888205510469824
model_089,model,text,normal,text_normal,qwen35_4b,qwen35_4b__text__normal,qwen25_vl_3b__simulation__normal,4,-3.8262453222573147
model_089,model,text,normal,text_normal,qwen35_4b,qwen35_4b__text__normal,qwen25_vl_3b__simulation__student,4,-4.300925881666334
model_089,model,text,normal,text_normal,qwen35_4b,qwen35_4b__text__normal,qwen25_vl_7b__chart__normal,4,-2.0506040670182313
model_089,model,text,normal,text_normal,qwen35_4b,qwen35_4b__text__normal,qwen25_vl_7b__chart__student,4,-1.8301948096045668
model_089,model,text,normal,text_normal,qwen35_4b,qwen35_4b__text__normal,qwen25_vl_7b__simulation__normal,4,-4.720684503868723
model_089,model,text,normal,text_normal,qwen35_4b,qwen35_4b__text__normal,qwen25_vl_7b__simulation__student,4,-3.329668660942576
model_089,model,text,normal,text_normal,qwen35_4b,qwen35_4b__text__normal,qwen35_4b__text__normal,4,-1.3682935763786142
model_089,model,text,normal,text_normal,qwen35_4b,qwen35_4b__text__normal,qwen35_4b__text__student,4,-4.321253987166094
model_089,model,text,normal,text_normal,qwen35_4b,qwen35_4b__text__normal,qwen35_9b__text__normal,4,-4.602903241943668
model_089,model,text,normal,text_normal,qwen35_4b,qwen35_4b__text__normal,qwen35_9b__text__student,4,-4.218865561405187
model_090,model,text,normal,text_normal,qwen35_4b,qwen35_4b__text__normal,human,5,-2.486201906398524
model_090,model,text,normal,text_normal,qwen35_4b,qwen35_4b__text__normal,qwen25_vl_3b__chart__normal,5,-4.476953596908835
model_090,model,text,normal,text_normal,qwen35_4b,qwen35_4b__text__normal,qwen25_vl_3b__chart__student,5,-2.26130219380937
model_090,model,text,normal,text_normal,qwen35_4b,qwen35_4b__text__normal,qwen25_vl_3b__simulation__normal,5,-1.9983545492163288
model_090,model,text,normal,text_normal,qwen35_4b,qwen35_4b__text__normal,qwen25_vl_3b__simulation__student,5,-1.2749805523647142
model_090,model,text,normal,text_normal,qwen35_4b,qwen35_4b__text__normal,qwen25_vl_7b__chart__normal,5,-2.1758617935139104
model_090,model,text,normal,text_normal,qwen35_4b,qwen35_4b__text__normal,qwen25_vl_7b__chart__student,5,-1.6722085910981364
model_090,model,text,normal,text_normal,qwen35_4b,qwen35_4b__text__normal,qwen25_vl_7b__simulation__normal,5,-1.9494543532268565
model_090,model,text,normal,text_normal,qwen35_4b,qwen35_4b__text__normal,qwen25_vl_7b__simulation__student,5,-1.3370598307512351
model_090,model,text,normal,text_normal,qwen35_4b,qwen35_4b__text__normal,qwen35_4b__text__normal,5,-0.9739825911906331
model_090,model,text,normal,text_normal,qwen35_4b,qwen35_4b__text__normal,qwen35_4b__text__student,5,-1.183007444951393
model_090,model,text,normal,text_normal,qwen35_4b,qwen35_4b__text__normal,qwen35_9b__text__normal,5,-1.6553823914277046
model_090,model,text,normal,text_normal,qwen35_4b,qwen35_4b__text__normal,qwen35_9b__text__student,5,-1.4435570419988724
model_091,model,text,normal,text_normal,qwen35_4b,qwen35_4b__text__normal,human,5,-2.486201906398524
model_091,model,text,normal,text_normal,qwen35_4b,qwen35_4b__text__normal,qwen25_vl_3b__chart__normal,5,-4.476953596908835
model_091,model,text,normal,text_normal,qwen35_4b,qwen35_4b__text__normal,qwen25_vl_3b__chart__student,5,-2.26130219380937
model_091,model,text,normal,text_normal,qwen35_4b,qwen35_4b__text__normal,qwen25_vl_3b__simulation__normal,5,-1.9983545492163288
model_091,model,text,normal,text_normal,qwen35_4b,qwen35_4b__text__normal,qwen25_vl_3b__simulation__student,5,-1.2749805523647142
model_091,model,text,normal,text_normal,qwen35_4b,qwen35_4b__text__normal,qwen25_vl_7b__chart__normal,5,-2.1758617935139104
model_091,model,text,normal,text_normal,qwen35_4b,qwen35_4b__text__normal,qwen25_vl_7b__chart__student,5,-1.6722085910981364
model_091,model,text,normal,text_normal,qwen35_4b,qwen35_4b__text__normal,qwen25_vl_7b__simulation__normal,5,-1.9494543532268565
model_091,model,text,normal,text_normal,qwen35_4b,qwen35_4b__text__normal,qwen25_vl_7b__simulation__student,5,-1.3370598307512351
model_091,model,text,normal,text_normal,qwen35_4b,qwen35_4b__text__normal,qwen35_4b__text__normal,5,-0.9739825911906331
model_091,model,text,normal,text_normal,qwen35_4b,qwen35_4b__text__normal,qwen35_4b__text__student,5,-1.183007444951393
model_091,model,text,normal,text_normal,qwen35_4b,qwen35_4b__text__normal,qwen35_9b__text__normal,5,-1.6553823914277046
model_091,model,text,normal,text_normal,qwen35_4b,qwen35_4b__text__normal,qwen35_9b__text__student,5,-1.4435570419988724
model_092,model,text,normal,text_normal,qwen35_4b,qwen35_4b__text__normal,human,7,-2.0086887196647303
model_092,model,text,normal,text_normal,qwen35_4b,qwen35_4b__text__normal,qwen25_vl_3b__chart__normal,7,-3.2206225523164966
model_092,model,text,normal,text_normal,qwen35_4b,qwen35_4b__text__normal,qwen25_vl_3b__chart__student,7,-1.9279010917248662
model_092,model,text,normal,text_normal,qwen35_4b,qwen35_4b__text__normal,qwen25_vl_3b__simulation__normal,7,-1.6631327942851002
model_092,model,text,normal,text_normal,qwen35_4b,qwen35_4b__text__normal,qwen25_vl_3b__simulation__student,7,-1.6300436900474686
model_092,model,text,normal,text_normal,qwen35_4b,qwen35_4b__text__normal,qwen25_vl_7b__chart__normal,7,-2.0028343810991927
model_092,model,text,normal,text_normal,qwen35_4b,qwen35_4b__text__normal,qwen25_vl_7b__chart__student,7,-1.9674739295576276
model_092,model,text,normal,text_normal,qwen35_4b,qwen35_4b__text__normal,qwen25_vl_7b__simulation__normal,7,-1.8762557875581318
model_092,model,text,normal,text_normal,qwen35_4b,qwen35_4b__text__normal,qwen25_vl_7b__simulation__student,7,-2.435516440120953
model_092,model,text,normal,text_normal,qwen35_4b,qwen35_4b__text__normal,qwen35_4b__text__normal,7,-1.0051334121300164
model_092,model,text,normal,text_normal,qwen35_4b,qwen35_4b__text__normal,qwen35_4b__text__student,7,-1.6955439465593005
model_092,model,text,normal,text_normal,qwen35_4b,qwen35_4b__text__normal,qwen35_9b__text__normal,7,-3.056983202864752
model_092,model,text,normal,text_normal,qwen35_4b,qwen35_4b__text__normal,qwen35_9b__text__student,7,-3.191541531043675
model_093,model,text,normal,text_normal,qwen35_4b,qwen35_4b__text__normal,human,5,-2.486201906398524
model_093,model,text,normal,text_normal,qwen35_4b,qwen35_4b__text__normal,qwen25_vl_3b__chart__normal,5,-4.476953596908835
model_093,model,text,normal,text_normal,qwen35_4b,qwen35_4b__text__normal,qwen25_vl_3b__chart__student,5,-2.26130219380937
model_093,model,text,normal,text_normal,qwen35_4b,qwen35_4b__text__normal,qwen25_vl_3b__simulation__normal,5,-1.9983545492163288
model_093,model,text,normal,text_normal,qwen35_4b,qwen35_4b__text__normal,qwen25_vl_3b__simulation__student,5,-1.2749805523647142
model_093,model,text,normal,text_normal,qwen35_4b,qwen35_4b__text__normal,qwen25_vl_7b__chart__normal,5,-2.1758617935139104
model_093,model,text,normal,text_normal,qwen35_4b,qwen35_4b__text__normal,qwen25_vl_7b__chart__student,5,-1.6722085910981364
model_093,model,text,normal,text_normal,qwen35_4b,qwen35_4b__text__normal,qwen25_vl_7b__simulation__normal,5,-1.9494543532268565
model_093,model,text,normal,text_normal,qwen35_4b,qwen35_4b__text__normal,qwen25_vl_7b__simulation__student,5,-1.3370598307512351
model_093,model,text,normal,text_normal,qwen35_4b,qwen35_4b__text__normal,qwen35_4b__text__normal,5,-0.9739825911906331
model_093,model,text,normal,text_normal,qwen35_4b,qwen35_4b__text__normal,qwen35_4b__text__student,5,-1.183007444951393
model_093,model,text,normal,text_normal,qwen35_4b,qwen35_4b__text__normal,qwen35_9b__text__normal,5,-1.6553823914277046
model_093,model,text,normal,text_normal,qwen35_4b,qwen35_4b__text__normal,qwen35_9b__text__student,5,-1.4435570419988724
model_094,model,text,normal,text_normal,qwen35_4b,qwen35_4b__text__normal,human,7,-2.111759541606335
model_094,model,text,normal,text_normal,qwen35_4b,qwen35_4b__text__normal,qwen25_vl_3b__chart__normal,7,-3.953801793012968
model_094,model,text,normal,text_normal,qwen35_4b,qwen35_4b__text__normal,qwen25_vl_3b__chart__student,7,-2.1148840101085558
model_094,model,text,normal,text_normal,qwen35_4b,qwen35_4b__text__normal,qwen25_vl_3b__simulation__normal,7,-3.973836256595857
model_094,model,text,normal,text_normal,qwen35_4b,qwen35_4b__text__normal,qwen25_vl_3b__simulation__student,7,-3.382639109708012
model_094,model,text,normal,text_normal,qwen35_4b,qwen35_4b__text__normal,qwen25_vl_7b__chart__normal,7,-2.2422404676822945
model_094,model,text,normal,text_normal,qwen35_4b,qwen35_4b__text__normal,qwen25_vl_7b__chart__student,7,-3.261151268144274
model_094,model,text,normal,text_normal,qwen35_4b,qwen35_4b__text__normal,qwen25_vl_7b__simulation__normal,7,-3.798928454293364
model_094,model,text,normal,text_normal,qwen35_4b,qwen35_4b__text__normal,qwen25_vl_7b__simulation__student,7,-1.89135093667966
model_094,model,text,normal,text_normal,qwen35_4b,qwen35_4b__text__normal,qwen35_4b__text__normal,7,-1.4679236081906883
model_094,model,text,normal,text_normal,qwen35_4b,qwen35_4b__text__normal,qwen35_4b__text__student,7,-1.2943879250745989
model_094,model,text,normal,text_normal,qwen35_4b,qwen35_4b__text__normal,qwen35_9b__text__normal,7,-3.5858913245602975
model_094,model,text,normal,text_normal,qwen35_4b,qwen35_4b__text__normal,qwen35_9b__text__student,7,-1.3180445543919466
model_095,model,text,normal,text_normal,qwen35_9b,qwen35_9b__text__normal,human,5,-2.486201906398524
model_095,model,text,normal,text_normal,qwen35_9b,qwen35_9b__text__normal,qwen25_vl_3b__chart__normal,5,-4.476953596908835
model_095,model,text,normal,text_normal,qwen35_9b,qwen35_9b__text__normal,qwen25_vl_3b__chart__student,5,-2.26130219380937
model_095,model,text,normal,text_normal,qwen35_9b,qwen35_9b__text__normal,qwen25_vl_3b__simulation__normal,5,-1.9983545492163288
model_095,model,text,normal,text_normal,qwen35_9b,qwen35_9b__text__normal,qwen25_vl_3b__simulation__student,5,-1.2749805523647142
model_095,model,text,normal,text_normal,qwen35_9b,qwen35_9b__text__normal,qwen25_vl_7b__chart__normal,5,-2.1758617935139104
model_095,model,text,normal,text_normal,qwen35_9b,qwen35_9b__text__normal,qwen25_vl_7b__chart__student,5,-1.6722085910981364
model_095,model,text,normal,text_normal,qwen35_9b,qwen35_9b__text__normal,qwen25_vl_7b__simulation__normal,5,-1.9494543532268565
model_095,model,text,normal,text_normal,qwen35_9b,qwen35_9b__text__normal,qwen25_vl_7b__simulation__student,5,-1.3370598307512351
model_095,model,text,normal,text_normal,qwen35_9b,qwen35_9b__text__normal,qwen35_4b__text__normal,5,-0.9739825911906331
model_095,model,text,normal,text_normal,qwen35_9b,qwen35_9b__text__normal,qwen35_4b__text__student,5,-1.183007444951393
model_095,model,text,normal,text_normal,qwen35_9b,qwen35_9b__text__normal,qwen35_9b__text__normal,5,-1.6553823914277046
model_095,model,text,normal,text_normal,qwen35_9b,qwen35_9b__text__normal,qwen35_9b__text__student,5,-1.4435570419988724
model_096,model,text,student,text_student,qwen35_4b,qwen35_4b__text__student,human,11,-2.4546054784366174
model_096,model,text,student,text_student,qwen35_4b,qwen35_4b__text__student,qwen25_vl_3b__chart__normal,11,-3.3824169936123143
model_096,model,text,student,text_student,qwen35_4b,qwen35_4b__text__student,qwen25_vl_3b__chart__student,11,-3.5879302413516623
model_096,model,text,student,text_student,qwen35_4b,qwen35_4b__text__student,qwen25_vl_3b__simulation__normal,11,-3.1095869384074786
model_096,model,text,student,text_student,qwen35_4b,qwen35_4b__text__student,qwen25_vl_3b__simulation__student,11,-2.995089665286095
model_096,model,text,student,text_student,qwen35_4b,qwen35_4b__text__student,qwen25_vl_7b__chart__normal,11,-2.1419511470494617
model_096,model,text,student,text_student,qwen35_4b,qwen35_4b__text__student,qwen25_vl_7b__chart__student,11,-3.9612607815208225
model_096,model,text,student,text_student,qwen35_4b,qwen35_4b__text__student,qwen25_vl_7b__simulation__normal,11,-3.1881649405846475
model_096,model,text,student,text_student,qwen35_4b,qwen35_4b__text__student,qwen25_vl_7b__simulation__student,11,-1.788414212355956
model_096,model,text,student,text_student,qwen35_4b,qwen35_4b__text__student,qwen35_4b__text__normal,11,-1.6811691196529859
model_096,model,text,student,text_student,qwen35_4b,qwen35_4b__text__student,qwen35_4b__text__student,11,-1.5228246987654221
model_096,model,text,student,text_student,qwen35_4b,qwen35_4b__text__student,qwen35_9b__text__normal,11,-3.152439326719198
model_096,model,text,student,text_student,qwen35_4b,qwen35_4b__text__student,qwen35_9b__text__student,11,-1.6924380613123295
model_097,model,text,student,text_student,qwen35_4b,qwen35_4b__text__student,human,6,-2.245181891882362
model_097,model,text,student,text_student,qwen35_4b,qwen35_4b__text__student,qwen25_vl_3b__chart__normal,6,-4.230866314846387
model_097,model,text,student,text_student,qwen35_4b,qwen35_4b__text__student,qwen25_vl_3b__chart__student,6,-3.147498925218
model_097,model,text,student,text_student,qwen35_4b,qwen35_4b__text__student,qwen25_vl_3b__simulation__normal,6,-3.784514675562622
model_097,model,text,student,text_student,qwen35_4b,qwen35_4b__text__student,qwen25_vl_3b__simulation__student,6,-1.6465596802426932
model_097,model,text,student,text_student,qwen35_4b,qwen35_4b__text__student,qwen25_vl_7b__chart__normal,6,-2.289012064490379
model_097,model,text,student,text_student,qwen35_4b,qwen35_4b__text__student,qwen25_vl_7b__chart__student,6,-3.4686772670936836
model_097,model,text,student,text_student,qwen35_4b,qwen35_4b__text__student,qwen25_vl_7b__simulation__normal,6,-2.104753274333914
model_097,model,text,student,text_student,qwen35_4b,qwen35_4b__text__student,qwen25_vl_7b__simulation__student,6,-1.6603959359543465
model_097,model,text,student,text_student,qwen35_4b,qwen35_4b__text__student,qwen35_4b__text__normal,6,-1.3536646504384366
model_097,model,text,student,text_student,qwen35_4b,qwen35_4b__text__student,qwen35_4b__text__student,6,-1.205410903546032
model_097,model,text,student,text_student,qwen35_4b,qwen35_4b__text__student,qwen35_9b__text__normal,6,-3.693596037985206
model_097,model,text,student,text_student,qwen35_4b,qwen35_4b__text__student,qwen35_9b__text__student,6,-1.7468068559133314
model_098,model,text,student,text_student,qwen35_4b,qwen35_4b__text__student,human,6,-2.2452608503464244
model_098,model,text,student,text_student,qwen35_4b,qwen35_4b__text__student,qwen25_vl_3b__chart__normal,6,-4.267394752548147
model_098,model,text,student,text_student,qwen35_4b,qwen35_4b__text__student,qwen25_vl_3b__chart__student,6,-2.269197603457181
model_098,model,text,student,text_student,qwen35_4b,qwen35_4b__text__student,qwen25_vl_3b__simulation__normal,6,-3.027867881251648
model_098,model,text,student,text_student,qwen35_4b,qwen35_4b__text__student,qwen25_vl_3b__simulation__student,6,-1.6465596802331788
model_098,model,text,student,text_student,qwen35_4b,qwen35_4b__text__student,qwen25_vl_7b__chart__normal,6,-2.2890121468907956
model_098,model,text,student,text_student,qwen35_4b,qwen35_4b__text__student,qwen25_vl_7b__chart__student,6,-3.457098367896504
model_098,model,text,student,text_student,qwen35_4b,qwen35_4b__text__student,qwen25_vl_7b__simulation__normal,6,-2.104752324825747
model_098,model,text,student,text_student,qwen35_4b,qwen35_4b__text__student,qwen25_vl_7b__simulation__student,6,-1.6603966639609984
model_098,model,text,student,text_student,qwen35_4b,qwen35_4b__text__student,qwen35_4b__text__normal,6,-1.3536646503883194
model_098,model,text,student,text_student,qwen35_4b,qwen35_4b__text__student,qwen35_4b__text__student,6,-1.2054108608477407
model_098,model,text,student,text_student,qwen35_4b,qwen35_4b__text__student,qwen35_9b__text__normal,6,-1.8694346450367672
model_098,model,text,student,text_student,qwen35_4b,qwen35_4b__text__student,qwen35_9b__text__student,6,-1.4259457383901013
model_099,model,text,student,text_student,qwen35_9b,qwen35_9b__text__student,human,6,-2.2452608503464244
model_099,model,text,student,text_student,qwen35_9b,qwen35_9b__text__student,qwen25_vl_3b__chart__normal,6,-4.267394752548147
model_099,model,text,student,text_student,qwen35_9b,qwen35_9b__text__student,qwen25_vl_3b__chart__student,6,-2.269197603457181
model_099,model,text,student,text_student,qwen35_9b,qwen35_9b__text__student,qwen25_vl_3b__simulation__normal,6,-3.027867881251648
model_099,model,text,student,text_student,qwen35_9b,qwen35_9b__text__student,qwen25_vl_3b__simulation__student,6,-1.6465596802331788
model_099,model,text,student,text_student,qwen35_9b,qwen35_9b__text__student,qwen25_vl_7b__chart__normal,6,-2.2890121468907956
model_099,model,text,student,text_student,qwen35_9b,qwen35_9b__text__student,qwen25_vl_7b__chart__student,6,-3.457098367896504
model_099,model,text,student,text_student,qwen35_9b,qwen35_9b__text__student,qwen25_vl_7b__simulation__normal,6,-2.104752324825747
model_099,model,text,student,text_student,qwen35_9b,qwen35_9b__text__student,qwen25_vl_7b__simulation__student,6,-1.6603966639609984
model_099,model,text,student,text_student,qwen35_9b,qwen35_9b__text__student,qwen35_4b__text__normal,6,-1.3536646503883194
model_099,model,text,student,text_student,qwen35_9b,qwen35_9b__text__student,qwen35_4b__text__student,6,-1.2054108608477407
model_099,model,text,student,text_student,qwen35_9b,qwen35_9b__text__student,qwen35_9b__text__normal,6,-1.8694346450367672
model_099,model,text,student,text_student,qwen35_9b,qwen35_9b__text__student,qwen35_9b__text__student,6,-1.4259457383901013
model_100,model,text,student,text_student,qwen35_4b,qwen35_4b__text__student,human,15,-2.433356814404223
model_100,model,text,student,text_student,qwen35_4b,qwen35_4b__text__student,qwen25_vl_3b__chart__normal,15,-4.414238558412074
model_100,model,text,student,text_student,qwen35_4b,qwen35_4b__text__student,qwen25_vl_3b__chart__student,15,-3.0854774797047755
model_100,model,text,student,text_student,qwen35_4b,qwen35_4b__text__student,qwen25_vl_3b__simulation__normal,15,-3.028769471781151
model_100,model,text,student,text_student,qwen35_4b,qwen35_4b__text__student,qwen25_vl_3b__simulation__student,15,-3.396488818355932
model_100,model,text,student,text_student,qwen35_4b,qwen35_4b__text__student,qwen25_vl_7b__chart__normal,15,-3.563425087772818
model_100,model,text,student,text_student,qwen35_4b,qwen35_4b__text__student,qwen25_vl_7b__chart__student,15,-3.486971625660727
model_100,model,text,student,text_student,qwen35_4b,qwen35_4b__text__student,qwen25_vl_7b__simulation__normal,15,-3.5532566808130057
model_100,model,text,student,text_student,qwen35_4b,qwen35_4b__text__student,qwen25_vl_7b__simulation__student,15,-2.8495176455303746
model_100,model,text,student,text_student,qwen35_4b,qwen35_4b__text__student,qwen35_4b__text__normal,15,-3.640375069291479
model_100,model,text,student,text_student,qwen35_4b,qwen35_4b__text__student,qwen35_4b__text__student,15,-1.8149453643618538
model_100,model,text,student,text_student,qwen35_4b,qwen35_4b__text__student,qwen35_9b__text__normal,15,-2.914420055151988
model_100,model,text,student,text_student,qwen35_4b,qwen35_4b__text__student,qwen35_9b__text__student,15,-2.906738384011094
model_101,model,text,student,text_student,qwen35_9b,qwen35_9b__text__student,human,7,-2.111759541606335
model_101,model,text,student,text_student,qwen35_9b,qwen35_9b__text__student,qwen25_vl_3b__chart__normal,7,-3.953801793012968
model_101,model,text,student,text_student,qwen35_9b,qwen35_9b__text__student,qwen25_vl_3b__chart__student,7,-2.1148840101085558
model_101,model,text,student,text_student,qwen35_9b,qwen35_9b__text__student,qwen25_vl_3b__simulation__normal,7,-3.973836256595857
model_101,model,text,student,text_student,qwen35_9b,qwen35_9b__text__student,qwen25_vl_3b__simulation__student,7,-3.382639109708012
model_101,model,text,student,text_student,qwen35_9b,qwen35_9b__text__student,qwen25_vl_7b__chart__normal,7,-2.2422404676822945
model_101,model,text,student,text_student,qwen35_9b,qwen35_9b__text__student,qwen25_vl_7b__chart__student,7,-3.261151268144274
model_101,model,text,student,text_student,qwen35_9b,qwen35_9b__text__student,qwen25_vl_7b__simulation__normal,7,-3.798928454293364
model_101,model,text,student,text_student,qwen35_9b,qwen35_9b__text__student,qwen25_vl_7b__simulation__student,7,-1.89135093667966
model_101,model,text,student,text_student,qwen35_9b,qwen35_9b__text__student,qwen35_4b__text__normal,7,-1.4679236081906883
model_101,model,text,student,text_student,qwen35_9b,qwen35_9b__text__student,qwen35_4b__text__student,7,-1.2943879250745989
model_101,model,text,student,text_student,qwen35_9b,qwen35_9b__text__student,qwen35_9b__text__normal,7,-3.5858913245602975
model_101,model,text,student,text_student,qwen35_9b,qwen35_9b__text__student,qwen35_9b__text__student,7,-1.3180445543919466
model_102,model,text,student,text_student,qwen35_4b,qwen35_4b__text__student,human,9,-2.622547465070049
model_102,model,text,student,text_student,qwen35_4b,qwen35_4b__text__student,qwen25_vl_3b__chart__normal,9,-3.607117144590925
model_102,model,text,student,text_student,qwen35_4b,qwen35_4b__text__student,qwen25_vl_3b__chart__student,9,-2.230851855068215
model_102,model,text,student,text_student,qwen35_4b,qwen35_4b__text__student,qwen25_vl_3b__simulation__normal,9,-3.0937956176337056
model_102,model,text,student,text_student,qwen35_4b,qwen35_4b__text__student,qwen25_vl_3b__simulation__student,9,-3.3019529375557783
model_102,model,text,student,text_student,qwen35_4b,qwen35_4b__text__student,qwen25_vl_7b__chart__normal,9,-2.2615952220591358
model_102,model,text,student,text_student,qwen35_4b,qwen35_4b__text__student,qwen25_vl_7b__chart__student,9,-4.5039256899437055
model_102,model,text,student,text_student,qwen35_4b,qwen35_4b__text__student,qwen25_vl_7b__simulation__normal,9,-3.561635008816026
model_102,model,text,student,text_student,qwen35_4b,qwen35_4b__text__student,qwen25_vl_7b__simulation__student,9,-3.160147182122698
model_102,model,text,student,text_student,qwen35_4b,qwen35_4b__text__student,qwen35_4b__text__normal,9,-2.981035374968043
model_102,model,text,student,text_student,qwen35_4b,qwen35_4b__text__student,qwen35_4b__text__student,9,-1.4183843169118513
model_102,model,text,student,text_student,qwen35_4b,qwen35_4b__text__student,qwen35_9b__text__normal,9,-1.9597146485249755
model_102,model,text,student,text_student,qwen35_4b,qwen35_4b__text__student,qwen35_9b__text__student,9,-1.5576985855379588
model_103,model,text,student,text_student,qwen35_9b,qwen35_9b__text__student,human,7,-2.111759541606335
model_103,model,text,student,text_student,qwen35_9b,qwen35_9b__text__student,qwen25_vl_3b__chart__normal,7,-3.953801793012968
model_103,model,text,student,text_student,qwen35_9b,qwen35_9b__text__student,qwen25_vl_3b__chart__student,7,-2.1148840101085558
model_103,model,text,student,text_student,qwen35_9b,qwen35_9b__text__student,qwen25_vl_3b__simulation__normal,7,-3.973836256595857
model_103,model,text,student,text_student,qwen35_9b,qwen35_9b__text__student,qwen25_vl_3b__simulation__student,7,-3.382639109708012
model_103,model,text,student,text_student,qwen35_9b,qwen35_9b__text__student,qwen25_vl_7b__chart__normal,7,-2.2422404676822945
model_103,model,text,student,text_student,qwen35_9b,qwen35_9b__text__student,qwen25_vl_7b__chart__student,7,-3.261151268144274
model_103,model,text,student,text_student,qwen35_9b,qwen35_9b__text__student,qwen25_vl_7b__simulation__normal,7,-3.798928454293364
model_103,model,text,student,text_student,qwen35_9b,qwen35_9b__text__student,qwen25_vl_7b__simulation__student,7,-1.89135093667966
model_103,model,text,student,text_student,qwen35_9b,qwen35_9b__text__student,qwen35_4b__text__normal,7,-1.4679236081906883
model_103,model,text,student,text_student,qwen35_9b,qwen35_9b__text__student,qwen35_4b__text__student,7,-1.2943879250745989
model_103,model,text,student,text_student,qwen35_9b,qwen35_9b__text__student,qwen35_9b__text__normal,7,-3.5858913245602975
model_103,model,text,student,text_student,qwen35_9b,qwen35_9b__text__student,qwen35_9b__text__student,7,-1.3180445543919466
model_104,model,text,student,text_student,qwen35_4b,qwen35_4b__text__student,human,7,-2.1179903471177925
model_104,model,text,student,text_student,qwen35_4b,qwen35_4b__text__student,qwen25_vl_3b__chart__normal,7,-2.2333760445246926
model_104,model,text,student,text_student,qwen35_4b,qwen35_4b__text__student,qwen25_vl_3b__chart__student,7,-2.1093764204871737
model_104,model,text,student,text_student,qwen35_4b,qwen35_4b__text__student,qwen25_vl_3b__simulation__normal,7,-4.930578370574762
model_104,model,text,student,text_student,qwen35_4b,qwen35_4b__text__student,qwen25_vl_3b__simulation__student,7,-3.6687348704880693
model_104,model,text,student,text_student,qwen35_4b,qwen35_4b__text__student,qwen25_vl_7b__chart__normal,7,-2.214941298828017
model_104,model,text,student,text_student,qwen35_4b,qwen35_4b__text__student,qwen25_vl_7b__chart__student,7,-3.159247352698127
model_104,model,text,student,text_student,qwen35_4b,qwen35_4b__text__student,qwen25_vl_7b__simulation__normal,7,-3.920283461356178
model_104,model,text,student,text_student,qwen35_4b,qwen35_4b__text__student,qwen25_vl_7b__simulation__student,7,-1.880014754844553
model_104,model,text,student,text_student,qwen35_4b,qwen35_4b__text__student,qwen35_4b__text__normal,7,-1.704798563519852
model_104,model,text,student,text_student,qwen35_4b,qwen35_4b__text__student,qwen35_4b__text__student,7,-1.2573766052430653
model_104,model,text,student,text_student,qwen35_4b,qwen35_4b__text__student,qwen35_9b__text__normal,7,-3.662187056864614
model_104,model,text,student,text_student,qwen35_4b,qwen35_4b__text__student,qwen35_9b__text__student,7,-2.434277038091973
model_105,model,text,student,text_student,qwen35_9b,qwen35_9b__text__student,human,10,-2.8376964596454224
model_105,model,text,student,text_student,qwen35_9b,qwen35_9b__text__student,qwen25_vl_3b__chart__normal,10,-3.1340470692435125
model_105,model,text,student,text_student,qwen35_9b,qwen35_9b__text__student,qwen25_vl_3b__chart__student,10,-3.103276931069055
model_105,model,text,student,text_student,qwen35_9b,qwen35_9b__text__student,qwen25_vl_3b__simulation__normal,10,-4.01784129239878
model_105,model,text,student,text_student,qwen35_9b,qwen35_9b__text__student,qwen25_vl_3b__simulation__student,10,-2.988629727974896
model_105,model,text,student,text_student,qwen35_9b,qwen35_9b__text__student,qwen25_vl_7b__chart__normal,10,-3.2563707071453343
model_105,model,text,student,text_student,qwen35_9b,qwen35_9b__text__student,qwen25_vl_7b__chart__student,10,-4.105038803664749
model_105,model,text,student,text_student,qwen35_9b,qwen35_9b__text__student,qwen25_vl_7b__simulation__normal,10,-3.2722097454278023
model_105,model,text,student,text_student,qwen35_9b,qwen35_9b__text__student,qwen25_vl_7b__simulation__student,10,-3.2113548761012956
model_105,model,text,student,text_student,qwen35_9b,qwen35_9b__text__student,qwen35_4b__text__normal,10,-2.9230769956830494
model_105,model,text,student,text_student,qwen35_9b,qwen35_9b__text__student,qwen35_4b__text__student,10,-1.9340361172995588
model_105,model,text,student,text_student,qwen35_9b,qwen35_9b__text__student,qwen35_9b__text__normal,10,-2.9928810500127865
model_105,model,text,student,text_student,qwen35_9b,qwen35_9b__text__student,qwen35_9b__text__student,10,-1.814695159007313
model_106,model,text,student,text_student,qwen35_9b,qwen35_9b__text__student,human,7,-2.6712017846268528
model_106,model,text,student,text_student,qwen35_9b,qwen35_9b__text__student,qwen25_vl_3b__chart__normal,7,-3.945723477262111
model_106,model,text,student,text_student,qwen35_9b,qwen35_9b__text__student,qwen25_vl_3b__chart__student,7,-2.0738780288651038
model_106,model,text,student,text_student,qwen35_9b,qwen35_9b__text__student,qwen25_vl_3b__simulation__normal,7,-3.2733494229317013
model_106,model,text,student,text_student,qwen35_9b,qwen35_9b__text__student,qwen25_vl_3b__simulation__student,7,-3.3849847900197703
model_106,model,text,student,text_student,qwen35_9b,qwen35_9b__text__student,qwen25_vl_7b__chart__normal,7,-2.248855163390544
model_106,model,text,student,text_student,qwen35_9b,qwen35_9b__text__student,qwen25_vl_7b__chart__student,7,-3.4305608879910827
model_106,model,text,student,text_student,qwen35_9b,qwen35_9b__text__student,qwen25_vl_7b__simulation__normal,7,-3.8012713997024163
model_106,model,text,student,text_student,qwen35_9b,qwen35_9b__text__student,qwen25_vl_7b__simulation__student,7,-1.8913519682060895
model_106,model,text,student,text_student,qwen35_9b,qwen35_9b__text__student,qwen35_4b__text__normal,7,-1.4679236736565913
model_106,model,text,student,text_student,qwen35_9b,qwen35_9b__text__student,qwen35_4b__text__student,7,-1.2943880470737832
model_106,model,text,student,text_student,qwen35_9b,qwen35_9b__text__student,qwen35_9b__text__normal,7,-2.0223107458934577
model_106,model,text,student,text_student,qwen35_9b,qwen35_9b__text__student,qwen35_9b__text__student,7,-1.6630351579244895
model_107,model,text,student,text_student,qwen35_4b,qwen35_4b__text__student,human,11,-2.4275344840958635
model_107,model,text,student,text_student,qwen35_4b,qwen35_4b__text__student,qwen25_vl_3b__chart__normal,11,-1.9919253414483455
model_107,model,text,student,text_student,qwen35_4b,qwen35_4b__text__student,qwen25_vl_3b__chart__student,11,-3.021281229417502
model_107,model,text,student,text_student,qwen35_4b,qwen35_4b__text__student,qwen25_vl_3b__simulation__normal,11,-3.407287617688766
model_107,model,text,student,text_student,qwen35_4b,qwen35_4b__text__student,qwen25_vl_3b__simulation__student,11,-3.101216379526312
model_107,model,text,student,text_student,qwen35_4b,qwen35_4b__text__student,qwen25_vl_7b__chart__normal,11,-2.396136144043626
model_107,model,text,student,text_student,qwen35_4b,qwen35_4b__text__student,qwen25_vl_7b__chart__student,11,-4.098654828290864
model_107,model,text,student,text_student,qwen35_4b,qwen35_4b__text__student,qwen25_vl_7b__simulation__normal,11,-3.0655572130143014
model_107,model,text,student,text_student,qwen35_4b,qwen35_4b__text__student,qwen25_vl_7b__simulation__student,11,-2.2817476084019677
model_107,model,text,student,text_student,qwen35_4b,qwen35_4b__text__student,qwen35_4b__text__normal,11,-2.9779667349917873
model_107,model,text,student,text_student,qwen35_4b,qwen35_4b__text__student,qwen35_4b__text__student,11,-1.5051341060962438
model_107,model,text,student,text_student,qwen35_4b,qwen35_4b__text__student,qwen35_9b__text__normal,11,-3.7799201186157303
model_107,model,text,student,text_student,qwen35_4b,qwen35_4b__text__student,qwen35_9b__text__student,11,-2.000834547293308
model_108,model,text,student,text_student,qwen35_4b,qwen35_4b__text__student,human,8,-2.263822430427178
model_108,model,text,student,text_student,qwen35_4b,qwen35_4b__text__student,qwen25_vl_3b__chart__normal,8,-4.802087395563072
model_108,model,text,student,text_student,qwen35_4b,qwen35_4b__text__student,qwen25_vl_3b__chart__student,8,-2.085388666527963
model_108,model,text,student,text_student,qwen35_4b,qwen35_4b__text__student,qwen25_vl_3b__simulation__normal,8,-3.4080869697829206
model_108,model,text,student,text_student,qwen35_4b,qwen35_4b__text__student,qwen25_vl_3b__simulation__student,8,-3.2745975854195524
model_108,model,text,student,text_student,qwen35_4b,qwen35_4b__text__student,qwen25_vl_7b__chart__normal,8,-2.1816640450675235
model_108,model,text,student,text_student,qwen35_4b,qwen35_4b__text__student,qwen25_vl_7b__chart__student,8,-3.3709904524081478
model_108,model,text,student,text_student,qwen35_4b,qwen35_4b__text__student,qwen25_vl_7b__simulation__normal,8,-3.447718666675336
model_108,model,text,student,text_student,qwen35_4b,qwen35_4b__text__student,qwen25_vl_7b__simulation__student,8,-1.921615238714887
model_108,model,text,student,text_student,qwen35_4b,qwen35_4b__text__student,qwen35_4b__text__normal,8,-2.729234808708266
model_108,model,text,student,text_student,qwen35_4b,qwen35_4b__text__student,qwen35_4b__text__student,8,-1.4310036625043692
model_108,model,text,student,text_student,qwen35_4b,qwen35_4b__text__student,qwen35_9b__text__normal,8,-3.2053660674085456
model_108,model,text,student,text_student,qwen35_4b,qwen35_4b__text__student,qwen35_9b__text__student,8,-2.9094974895998655
model_109,model,text,student,text_student,qwen35_9b,qwen35_9b__text__student,human,12,-2.4975239678855714
model_109,model,text,student,text_student,qwen35_9b,qwen35_9b__text__student,qwen25_vl_3b__chart__normal,12,-4.0706819586439265
model_109,model,text,student,text_student,qwen35_9b,qwen35_9b__text__student,qwen25_vl_3b__chart__student,12,-4.080659558266659
model_109,model,text,student,text_student,qwen35_9b,qwen35_9b__text__student,qwen25_vl_3b__simulation__normal,12,-4.073763914786514
model_109,model,text,student,text_student,qwen35_9b,qwen35_9b__text__student,qwen25_vl_3b__simulation__student,12,-4.927550538954777
model_109,model,text,student,text_student,qwen35_9b,qwen35_9b__text__student,qwen25_vl_7b__chart__normal,12,-2.93764120270656
model_109,model,text,student,text_student,qwen35_9b,qwen35_9b__text__student,qwen25_vl_7b__chart__student,12,-4.049055835392625
model_109,model,text,student,text_student,qwen35_9b,qwen35_9b__text__student,qwen25_vl_7b__simulation__normal,12,-3.3190105534922574
model_109,model,text,student,text_student,qwen35_9b,qwen35_9b__text__student,qwen25_vl_7b__simulation__student,12,-5.2521625132935315
model_109,model,text,student,text_student,qwen35_9b,qwen35_9b__text__student,qwen35_4b__text__normal,12,-5.723099906061708
model_109,model,text,student,text_student,qwen35_9b,qwen35_9b__text__student,qwen35_4b__text__student,12,-3.1380364636541214
model_109,model,text,student,text_student,qwen35_9b,qwen35_9b__text__student,qwen35_9b__text__normal,12,-4.749929414991587
model_109,model,text,student,text_student,qwen35_9b,qwen35_9b__text__student,qwen35_9b__text__student,12,-1.8505561760205325
model_110,model,text,student,text_student,qwen35_4b,qwen35_4b__text__student,human,7,-2.111759541606335
model_110,model,text,student,text_student,qwen35_4b,qwen35_4b__text__student,qwen25_vl_3b__chart__normal,7,-3.953801793012968
model_110,model,text,student,text_student,qwen35_4b,qwen35_4b__text__student,qwen25_vl_3b__chart__student,7,-2.1148840101085558
model_110,model,text,student,text_student,qwen35_4b,qwen35_4b__text__student,qwen25_vl_3b__simulation__normal,7,-3.973836256595857
model_110,model,text,student,text_student,qwen35_4b,qwen35_4b__text__student,qwen25_vl_3b__simulation__student,7,-3.382639109708012
model_110,model,text,student,text_student,qwen35_4b,qwen35_4b__text__student,qwen25_vl_7b__chart__normal,7,-2.2422404676822945
model_110,model,text,student,text_student,qwen35_4b,qwen35_4b__text__student,qwen25_vl_7b__chart__student,7,-3.261151268144274
model_110,model,text,student,text_student,qwen35_4b,qwen35_4b__text__student,qwen25_vl_7b__simulation__normal,7,-3.798928454293364
model_110,model,text,student,text_student,qwen35_4b,qwen35_4b__text__student,qwen25_vl_7b__simulation__student,7,-1.89135093667966
model_110,model,text,student,text_student,qwen35_4b,qwen35_4b__text__student,qwen35_4b__text__normal,7,-1.4679236081906883
model_110,model,text,student,text_student,qwen35_4b,qwen35_4b__text__student,qwen35_4b__text__student,7,-1.2943879250745989
model_110,model,text,student,text_student,qwen35_4b,qwen35_4b__text__student,qwen35_9b__text__normal,7,-3.5858913245602975
model_110,model,text,student,text_student,qwen35_4b,qwen35_4b__text__student,qwen35_9b__text__student,7,-1.3180445543919466
model_111,model,text,student,text_student,qwen35_9b,qwen35_9b__text__student,human,35,-2.305622138102978
model_111,model,text,student,text_student,qwen35_9b,qwen35_9b__text__student,qwen25_vl_3b__chart__normal,35,-4.027022939986406
model_111,model,text,student,text_student,qwen35_9b,qwen35_9b__text__student,qwen25_vl_3b__chart__student,35,-3.8305813125073738
model_111,model,text,student,text_student,qwen35_9b,qwen35_9b__text__student,qwen25_vl_3b__simulation__normal,35,-2.8165401561863472
model_111,model,text,student,text_student,qwen35_9b,qwen35_9b__text__student,qwen25_vl_3b__simulation__student,35,-3.3045422904773285
model_111,model,text,student,text_student,qwen35_9b,qwen35_9b__text__student,qwen25_vl_7b__chart__normal,35,-3.2855389225028446
model_111,model,text,student,text_student,qwen35_9b,qwen35_9b__text__student,qwen25_vl_7b__chart__student,35,-3.2111500283253895
model_111,model,text,student,text_student,qwen35_9b,qwen35_9b__text__student,qwen25_vl_7b__simulation__normal,35,-2.9820333151524117
model_111,model,text,student,text_student,qwen35_9b,qwen35_9b__text__student,qwen25_vl_7b__simulation__student,35,-2.7666511681066743
model_111,model,text,student,text_student,qwen35_9b,qwen35_9b__text__student,qwen35_4b__text__normal,35,-3.1874231603146566
model_111,model,text,student,text_student,qwen35_9b,qwen35_9b__text__student,qwen35_4b__text__student,35,-2.010039326610896
model_111,model,text,student,text_student,qwen35_9b,qwen35_9b__text__student,qwen35_9b__text__normal,35,-3.9464354674281097
model_111,model,text,student,text_student,qwen35_9b,qwen35_9b__text__student,qwen35_9b__text__student,35,-1.740721048985453
model_112,model,text,student,text_student,qwen35_4b,qwen35_4b__text__student,human,7,-2.111759541606335
model_112,model,text,student,text_student,qwen35_4b,qwen35_4b__text__student,qwen25_vl_3b__chart__normal,7,-3.953801793012968
model_112,model,text,student,text_student,qwen35_4b,qwen35_4b__text__student,qwen25_vl_3b__chart__student,7,-2.1148840101085558
model_112,model,text,student,text_student,qwen35_4b,qwen35_4b__text__student,qwen25_vl_3b__simulation__normal,7,-3.973836256595857
model_112,model,text,student,text_student,qwen35_4b,qwen35_4b__text__student,qwen25_vl_3b__simulation__student,7,-3.382639109708012
model_112,model,text,student,text_student,qwen35_4b,qwen35_4b__text__student,qwen25_vl_7b__chart__normal,7,-2.2422404676822945
model_112,model,text,student,text_student,qwen35_4b,qwen35_4b__text__student,qwen25_vl_7b__chart__student,7,-3.261151268144274
model_112,model,text,student,text_student,qwen35_4b,qwen35_4b__text__student,qwen25_vl_7b__simulation__normal,7,-3.798928454293364
model_112,model,text,student,text_student,qwen35_4b,qwen35_4b__text__student,qwen25_vl_7b__simulation__student,7,-1.89135093667966
model_112,model,text,student,text_student,qwen35_4b,qwen35_4b__text__student,qwen35_4b__text__normal,7,-1.4679236081906883
model_112,model,text,student,text_student,qwen35_4b,qwen35_4b__text__student,qwen35_4b__text__student,7,-1.2943879250745989
model_112,model,text,student,text_student,qwen35_4b,qwen35_4b__text__student,qwen35_9b__text__normal,7,-3.5858913245602975
model_112,model,text,student,text_student,qwen35_4b,qwen35_4b__text__student,qwen35_9b__text__student,7,-1.3180445543919466
model_113,model,text,student,text_student,qwen35_9b,qwen35_9b__text__student,human,9,-2.3636754262864432
model_113,model,text,student,text_student,qwen35_9b,qwen35_9b__text__student,qwen25_vl_3b__chart__normal,9,-4.632264680999434
model_113,model,text,student,text_student,qwen35_9b,qwen35_9b__text__student,qwen25_vl_3b__chart__student,9,-2.102067182692745
model_113,model,text,student,text_student,qwen35_9b,qwen35_9b__text__student,qwen25_vl_3b__simulation__normal,9,-2.714330805885354
model_113,model,text,student,text_student,qwen35_9b,qwen35_9b__text__student,qwen25_vl_3b__simulation__student,9,-3.0695572134101563
model_113,model,text,student,text_student,qwen35_9b,qwen35_9b__text__student,qwen25_vl_7b__chart__normal,9,-3.276767895922361
model_113,model,text,student,text_student,qwen35_9b,qwen35_9b__text__student,qwen25_vl_7b__chart__student,9,-3.2281691851981886
model_113,model,text,student,text_student,qwen35_9b,qwen35_9b__text__student,qwen25_vl_7b__simulation__normal,9,-3.4172823556590886
model_113,model,text,student,text_student,qwen35_9b,qwen35_9b__text__student,qwen25_vl_7b__simulation__student,9,-1.8990612205416773
model_113,model,text,student,text_student,qwen35_9b,qwen35_9b__text__student,qwen35_4b__text__normal,9,-2.615382157642255
model_113,model,text,student,text_student,qwen35_9b,qwen35_9b__text__student,qwen35_4b__text__student,9,-1.5588467326387911
model_113,model,text,student,text_student,qwen35_9b,qwen35_9b__text__student,qwen35_9b__text__normal,9,-1.9704231012523554
model_113,model,text,student,text_student,qwen35_9b,qwen35_9b__text__student,qwen35_9b__text__student,9,-1.5205605491582834
model_114,model,text,student,text_student,qwen35_9b,qwen35_9b__text__student,human,7,-3.069769959396126
model_114,model,text,student,text_student,qwen35_9b,qwen35_9b__text__student,qwen25_vl_3b__chart__normal,7,-1.9492739763611642
model_114,model,text,student,text_student,qwen35_9b,qwen35_9b__text__student,qwen25_vl_3b__chart__student,7,-1.8898503226925787
model_114,model,text,student,text_student,qwen35_9b,qwen35_9b__text__student,qwen25_vl_3b__simulation__normal,7,-3.261848199123325
model_114,model,text,student,text_student,qwen35_9b,qwen35_9b__text__student,qwen25_vl_3b__simulation__student,7,-3.3849846988279144
model_114,model,text,student,text_student,qwen35_9b,qwen35_9b__text__student,qwen25_vl_7b__chart__normal,7,-3.750381778538636
model_114,model,text,student,text_student,qwen35_9b,qwen35_9b__text__student,qwen25_vl_7b__chart__student,7,-3.408720285746855
model_114,model,text,student,text_student,qwen35_9b,qwen35_9b__text__student,qwen25_vl_7b__simulation__normal,7,-3.763438057988554
model_114,model,text,student,text_student,qwen35_9b,qwen35_9b__text__student,qwen25_vl_7b__simulation__student,7,-1.880100972005039
model_114,model,text,student,text_student,qwen35_9b,qwen35_9b__text__student,qwen35_4b__text__normal,7,-1.8931301986274156
model_114,model,text,student,text_student,qwen35_9b,qwen35_9b__text__student,qwen35_4b__text__student,7,-1.618781612053995
model_114,model,text,student,text_student,qwen35_9b,qwen35_9b__text__student,qwen35_9b__text__normal,7,-1.8373998186028009
model_114,model,text,student,text_student,qwen35_9b,qwen35_9b__text__student,qwen35_9b__text__student,7,-1.7097050837105274
model_115,model,text,student,text_student,qwen35_9b,qwen35_9b__text__student,human,9,-2.1544105147733426
model_115,model,text,student,text_student,qwen35_9b,qwen35_9b__text__student,qwen25_vl_3b__chart__normal,9,-4.568108918118414
model_115,model,text,student,text_student,qwen35_9b,qwen35_9b__text__student,qwen25_vl_3b__chart__student,9,-1.9819840142401033
model_115,model,text,student,text_student,qwen35_9b,qwen35_9b__text__student,qwen25_vl_3b__simulation__normal,9,-3.2591577792990276
model_115,model,text,student,text_student,qwen35_9b,qwen35_9b__text__student,qwen25_vl_3b__simulation__student,9,-3.0692205734326645
model_115,model,text,student,text_student,qwen35_9b,qwen35_9b__text__student,qwen25_vl_7b__chart__normal,9,-3.2826006030467134
model_115,model,text,student,text_student,qwen35_9b,qwen35_9b__text__student,qwen25_vl_7b__chart__student,9,-3.228160018267567
model_115,model,text,student,text_student,qwen35_9b,qwen35_9b__text__student,qwen25_vl_7b__simulation__normal,9,-3.492580459335793
model_115,model,text,student,text_student,qwen35_9b,qwen35_9b__text__student,qwen25_vl_7b__simulation__student,9,-1.8990604182322304
model_115,model,text,student,text_student,qwen35_9b,qwen35_9b__text__student,qwen35_4b__text__normal,9,-2.615380972769772
model_115,model,text,student,text_student,qwen35_9b,qwen35_9b__text__student,qwen35_4b__text__student,9,-1.5588466336197073
model_115,model,text,student,text_student,qwen35_9b,qwen35_9b__text__student,qwen35_9b__text__normal,9,-3.18654132923446
model_115,model,text,student,text_student,qwen35_9b,qwen35_9b__text__student,qwen35_9b__text__student,9,-1.4172446620894588
