source,formula,task,modality,prompt_condition,condition,model,run_index,project_name,artifact_name,root_dir,run_dir,steps_path,summary_path,trajectory_path,interaction_log_path,model_family,model_size,episode_id,aligned_sequence,trace,aligned_sequence_str,trace_str,raw_sequence,raw_sequence_str,length,n_unique_actions,contains_finish,finish_step,n_finish,finish_is_last,one_step_finish,has_action_after_finish,n_increase,n_decrease,n_wavelength_actions,n_concentration_actions,n_path_length_actions,n_reversal,first_action,last_action,dominant_action,dominant_variable,action_entropy,n_unknown_action,n_invalid_action,contains_unknown,contains_invalid,finish_reached,forced_finish,parse_error,num_steps,finish_step_id,termination_type,included_in_hmm_main,exclusion_reason
model,beers,beers_wavelength,chart_only,student,chart_only_student,qwen25_vl_3b,7,scientific-exploration-increase-student-simulation-chart-student,episode-chart_student_beers_wavelength_model_qwen25_vl_3b-07_latest,\home\lly\projects\project\wandb_downloads_student_simulation_5projects,\home\lly\projects\project\wandb_downloads_student_simulation_5projects\scientific-exploration-increase-student-simulation-chart-student\artifacts\episode-chart_student_beers_wavelength_model_qwen25_vl_3b-07_latest,\home\lly\projects\project\wandb_downloads_student_simulation_5projects\scientific-exploration-increase-student-simulation-chart-student\artifacts\episode-chart_student_beers_wavelength_model_qwen25_vl_3b-07_latest\steps.json,\home\lly\projects\project\wandb_downloads_student_simulation_5projects\scientific-exploration-increase-student-simulation-chart-student\artifacts\episode-chart_student_beers_wavelength_model_qwen25_vl_3b-07_latest\summary.json,\home\lly\projects\project\wandb_downloads_student_simulation_5projects\scientific-exploration-increase-student-simulation-chart-student\artifacts\episode-chart_student_beers_wavelength_model_qwen25_vl_3b-07_latest\trajectory.json,\home\lly\projects\project\wandb_downloads_student_simulation_5projects\scientific-exploration-increase-student-simulation-chart-student\artifacts\episode-chart_student_beers_wavelength_model_qwen25_vl_3b-07_latest\interaction_log.json,qwen25_vl,3b,model__scientific-exploration-increase-student-simulation-chart-student__chart_only__student__beers_wavelength__qwen25_vl_3b__run07,"[""increase_wavelength"", ""increase_concentration"", ""increase_path_length"", ""decrease_concentration"", ""decrease_concentration"", ""decrease_wavelength"", ""decrease_wavelength"", ""decrease_wavelength"", ""finish""]","[""increase_wavelength"", ""increase_concentration"", ""increase_path_length"", ""decrease_concentration"", ""decrease_concentration"", ""decrease_wavelength"", ""decrease_wavelength"", ""decrease_wavelength"", ""finish""]",increase_wavelength -> increase_concentration -> increase_path_length -> decrease_concentration -> decrease_concentration -> decrease_wavelength -> decrease_wavelength -> decrease_wavelength -> finish,increase_wavelength -> increase_concentration -> increase_path_length -> decrease_concentration -> decrease_concentration -> decrease_wavelength -> decrease_wavelength -> decrease_wavelength -> finish,"[""increase wavelength"", ""increase concentration"", ""increase path_length"", ""decrease concentration"", ""decrease concentration"", ""decrease wavelength"", ""decrease wavelength"", ""decrease wavelength"", ""finish""]",increase wavelength -> increase concentration -> increase path_length -> decrease concentration -> decrease concentration -> decrease wavelength -> decrease wavelength -> decrease wavelength -> finish,9,6,True,8.0,1,True,False,False,3,5,4,3,1,0,increase_wavelength,finish,decrease_wavelength,wavelength,2.4193819456463714,0,0,False,False,True,False,,9,8,model_finish,True,
model,beers,beers_wavelength,chart_only,student,chart_only_student,qwen25_vl_3b,8,scientific-exploration-increase-student-simulation-chart-student,episode-chart_student_beers_wavelength_model_qwen25_vl_3b-08_latest,\home\lly\projects\project\wandb_downloads_student_simulation_5projects,\home\lly\projects\project\wandb_downloads_student_simulation_5projects\scientific-exploration-increase-student-simulation-chart-student\artifacts\episode-chart_student_beers_wavelength_model_qwen25_vl_3b-08_latest,\home\lly\projects\project\wandb_downloads_student_simulation_5projects\scientific-exploration-increase-student-simulation-chart-student\artifacts\episode-chart_student_beers_wavelength_model_qwen25_vl_3b-08_latest\steps.json,\home\lly\projects\project\wandb_downloads_student_simulation_5projects\scientific-exploration-increase-student-simulation-chart-student\artifacts\episode-chart_student_beers_wavelength_model_qwen25_vl_3b-08_latest\summary.json,\home\lly\projects\project\wandb_downloads_student_simulation_5projects\scientific-exploration-increase-student-simulation-chart-student\artifacts\episode-chart_student_beers_wavelength_model_qwen25_vl_3b-08_latest\trajectory.json,\home\lly\projects\project\wandb_downloads_student_simulation_5projects\scientific-exploration-increase-student-simulation-chart-student\artifacts\episode-chart_student_beers_wavelength_model_qwen25_vl_3b-08_latest\interaction_log.json,qwen25_vl,3b,model__scientific-exploration-increase-student-simulation-chart-student__chart_only__student__beers_wavelength__qwen25_vl_3b__run08,"[""increase_wavelength"", ""increase_wavelength"", ""decrease_wavelength"", ""decrease_concentration"", ""finish""]","[""increase_wavelength"", ""increase_wavelength"", ""decrease_wavelength"", ""decrease_concentration"", ""finish""]",increase_wavelength -> increase_wavelength -> decrease_wavelength -> decrease_concentration -> finish,increase_wavelength -> increase_wavelength -> decrease_wavelength -> decrease_concentration -> finish,"[""increase wavelength"", ""increase wavelength"", ""decrease wavelength"", ""decrease concentration"", ""finish""]",increase wavelength -> increase wavelength -> decrease wavelength -> decrease concentration -> finish,5,4,True,4.0,1,True,False,False,2,2,3,1,0,1,increase_wavelength,finish,increase_wavelength,wavelength,1.9219280948873623,0,0,False,False,True,False,,5,4,model_finish,True,
model,beers,beers_wavelength,chart_only,student,chart_only_student,qwen25_vl_7b,4,scientific-exploration-increase-student-simulation-chart-student,episode-chart_student_beers_wavelength_model_qwen25_vl_7b-04_latest,\home\lly\projects\project\wandb_downloads_student_simulation_5projects,\home\lly\projects\project\wandb_downloads_student_simulation_5projects\scientific-exploration-increase-student-simulation-chart-student\artifacts\episode-chart_student_beers_wavelength_model_qwen25_vl_7b-04_latest,\home\lly\projects\project\wandb_downloads_student_simulation_5projects\scientific-exploration-increase-student-simulation-chart-student\artifacts\episode-chart_student_beers_wavelength_model_qwen25_vl_7b-04_latest\steps.json,\home\lly\projects\project\wandb_downloads_student_simulation_5projects\scientific-exploration-increase-student-simulation-chart-student\artifacts\episode-chart_student_beers_wavelength_model_qwen25_vl_7b-04_latest\summary.json,\home\lly\projects\project\wandb_downloads_student_simulation_5projects\scientific-exploration-increase-student-simulation-chart-student\artifacts\episode-chart_student_beers_wavelength_model_qwen25_vl_7b-04_latest\trajectory.json,\home\lly\projects\project\wandb_downloads_student_simulation_5projects\scientific-exploration-increase-student-simulation-chart-student\artifacts\episode-chart_student_beers_wavelength_model_qwen25_vl_7b-04_latest\interaction_log.json,qwen25_vl,7b,model__scientific-exploration-increase-student-simulation-chart-student__chart_only__student__beers_wavelength__qwen25_vl_7b__run04,"[""finish""]","[""finish""]",finish,finish,"[""finish""]",finish,1,1,True,0.0,1,True,True,False,0,0,0,0,0,0,finish,finish,,,0.0,0,0,False,False,True,False,,1,0,model_finish,True,
model,beers,beers_wavelength,chart_only,student,chart_only_student,qwen25_vl_3b,2,scientific-exploration-increase-student-simulation-chart-student,episode-chart_student_beers_wavelength_model_qwen25_vl_3b-02_latest,\home\lly\projects\project\wandb_downloads_student_simulation_5projects,\home\lly\projects\project\wandb_downloads_student_simulation_5projects\scientific-exploration-increase-student-simulation-chart-student\artifacts\episode-chart_student_beers_wavelength_model_qwen25_vl_3b-02_latest,\home\lly\projects\project\wandb_downloads_student_simulation_5projects\scientific-exploration-increase-student-simulation-chart-student\artifacts\episode-chart_student_beers_wavelength_model_qwen25_vl_3b-02_latest\steps.json,\home\lly\projects\project\wandb_downloads_student_simulation_5projects\scientific-exploration-increase-student-simulation-chart-student\artifacts\episode-chart_student_beers_wavelength_model_qwen25_vl_3b-02_latest\summary.json,\home\lly\projects\project\wandb_downloads_student_simulation_5projects\scientific-exploration-increase-student-simulation-chart-student\artifacts\episode-chart_student_beers_wavelength_model_qwen25_vl_3b-02_latest\trajectory.json,\home\lly\projects\project\wandb_downloads_student_simulation_5projects\scientific-exploration-increase-student-simulation-chart-student\artifacts\episode-chart_student_beers_wavelength_model_qwen25_vl_3b-02_latest\interaction_log.json,qwen25_vl,3b,model__scientific-exploration-increase-student-simulation-chart-student__chart_only__student__beers_wavelength__qwen25_vl_3b__run02,"[""increase_wavelength"", ""decrease_concentration"", ""decrease_concentration"", ""decrease_path_length"", ""finish""]","[""increase_wavelength"", ""decrease_concentration"", ""decrease_concentration"", ""decrease_path_length"", ""finish""]",increase_wavelength -> decrease_concentration -> decrease_concentration -> decrease_path_length -> finish,increase_wavelength -> decrease_concentration -> decrease_concentration -> decrease_path_length -> finish,"[""increase wavelength"", ""decrease concentration"", ""decrease concentration"", ""decrease path_length"", ""finish""]",increase wavelength -> decrease concentration -> decrease concentration -> decrease path_length -> finish,5,4,True,4.0,1,True,False,False,1,3,1,2,1,0,increase_wavelength,finish,decrease_concentration,concentration,1.9219280948873623,0,0,False,False,True,False,,5,4,model_finish,True,
model,beers,beers_wavelength,chart_only,student,chart_only_student,qwen25_vl_3b,6,scientific-exploration-increase-student-simulation-chart-student,episode-chart_student_beers_wavelength_model_qwen25_vl_3b-06_latest,\home\lly\projects\project\wandb_downloads_student_simulation_5projects,\home\lly\projects\project\wandb_downloads_student_simulation_5projects\scientific-exploration-increase-student-simulation-chart-student\artifacts\episode-chart_student_beers_wavelength_model_qwen25_vl_3b-06_latest,\home\lly\projects\project\wandb_downloads_student_simulation_5projects\scientific-exploration-increase-student-simulation-chart-student\artifacts\episode-chart_student_beers_wavelength_model_qwen25_vl_3b-06_latest\steps.json,\home\lly\projects\project\wandb_downloads_student_simulation_5projects\scientific-exploration-increase-student-simulation-chart-student\artifacts\episode-chart_student_beers_wavelength_model_qwen25_vl_3b-06_latest\summary.json,\home\lly\projects\project\wandb_downloads_student_simulation_5projects\scientific-exploration-increase-student-simulation-chart-student\artifacts\episode-chart_student_beers_wavelength_model_qwen25_vl_3b-06_latest\trajectory.json,\home\lly\projects\project\wandb_downloads_student_simulation_5projects\scientific-exploration-increase-student-simulation-chart-student\artifacts\episode-chart_student_beers_wavelength_model_qwen25_vl_3b-06_latest\interaction_log.json,qwen25_vl,3b,model__scientific-exploration-increase-student-simulation-chart-student__chart_only__student__beers_wavelength__qwen25_vl_3b__run06,"[""increase_concentration"", ""decrease_wavelength"", ""decrease_path_length"", ""decrease_wavelength"", ""increase_wavelength"", ""decrease_wavelength"", ""decrease_concentration"", ""finish""]","[""increase_concentration"", ""decrease_wavelength"", ""decrease_path_length"", ""decrease_wavelength"", ""increase_wavelength"", ""decrease_wavelength"", ""decrease_concentration"", ""finish""]",increase_concentration -> decrease_wavelength -> decrease_path_length -> decrease_wavelength -> increase_wavelength -> decrease_wavelength -> decrease_concentration -> finish,increase_concentration -> decrease_wavelength -> decrease_path_length -> decrease_wavelength -> increase_wavelength -> decrease_wavelength -> decrease_concentration -> finish,"[""increase concentration"", ""decrease wavelength"", ""decrease path_length"", ""decrease wavelength"", ""increase wavelength"", ""decrease wavelength"", ""decrease concentration"", ""finish""]",increase concentration -> decrease wavelength -> decrease path_length -> decrease wavelength -> increase wavelength -> decrease wavelength -> decrease concentration -> finish,8,6,True,7.0,1,True,False,False,2,5,4,2,1,2,increase_concentration,finish,decrease_wavelength,wavelength,2.4056390622295662,0,0,False,False,True,False,,8,7,model_finish,True,
model,beers,beers_wavelength,chart_only,student,chart_only_student,qwen25_vl_7b,5,scientific-exploration-increase-student-simulation-chart-student,episode-chart_student_beers_wavelength_model_qwen25_vl_7b-05_latest,\home\lly\projects\project\wandb_downloads_student_simulation_5projects,\home\lly\projects\project\wandb_downloads_student_simulation_5projects\scientific-exploration-increase-student-simulation-chart-student\artifacts\episode-chart_student_beers_wavelength_model_qwen25_vl_7b-05_latest,\home\lly\projects\project\wandb_downloads_student_simulation_5projects\scientific-exploration-increase-student-simulation-chart-student\artifacts\episode-chart_student_beers_wavelength_model_qwen25_vl_7b-05_latest\steps.json,\home\lly\projects\project\wandb_downloads_student_simulation_5projects\scientific-exploration-increase-student-simulation-chart-student\artifacts\episode-chart_student_beers_wavelength_model_qwen25_vl_7b-05_latest\summary.json,\home\lly\projects\project\wandb_downloads_student_simulation_5projects\scientific-exploration-increase-student-simulation-chart-student\artifacts\episode-chart_student_beers_wavelength_model_qwen25_vl_7b-05_latest\trajectory.json,\home\lly\projects\project\wandb_downloads_student_simulation_5projects\scientific-exploration-increase-student-simulation-chart-student\artifacts\episode-chart_student_beers_wavelength_model_qwen25_vl_7b-05_latest\interaction_log.json,qwen25_vl,7b,model__scientific-exploration-increase-student-simulation-chart-student__chart_only__student__beers_wavelength__qwen25_vl_7b__run05,"[""increase_concentration"", ""increase_concentration"", ""finish""]","[""increase_concentration"", ""increase_concentration"", ""finish""]",increase_concentration -> increase_concentration -> finish,increase_concentration -> increase_concentration -> finish,"[""increase concentration"", ""increase concentration"", ""finish""]",increase concentration -> increase concentration -> finish,3,2,True,2.0,1,True,False,False,2,0,0,2,0,0,increase_concentration,finish,increase_concentration,concentration,0.9182958340544896,0,0,False,False,True,False,,3,2,model_finish,True,
model,beers,beers_wavelength,chart_only,student,chart_only_student,qwen25_vl_7b,1,scientific-exploration-increase-student-simulation-chart-student,episode-chart_student_beers_wavelength_model_qwen25_vl_7b-01_latest,\home\lly\projects\project\wandb_downloads_student_simulation_5projects,\home\lly\projects\project\wandb_downloads_student_simulation_5projects\scientific-exploration-increase-student-simulation-chart-student\artifacts\episode-chart_student_beers_wavelength_model_qwen25_vl_7b-01_latest,\home\lly\projects\project\wandb_downloads_student_simulation_5projects\scientific-exploration-increase-student-simulation-chart-student\artifacts\episode-chart_student_beers_wavelength_model_qwen25_vl_7b-01_latest\steps.json,\home\lly\projects\project\wandb_downloads_student_simulation_5projects\scientific-exploration-increase-student-simulation-chart-student\artifacts\episode-chart_student_beers_wavelength_model_qwen25_vl_7b-01_latest\summary.json,\home\lly\projects\project\wandb_downloads_student_simulation_5projects\scientific-exploration-increase-student-simulation-chart-student\artifacts\episode-chart_student_beers_wavelength_model_qwen25_vl_7b-01_latest\trajectory.json,\home\lly\projects\project\wandb_downloads_student_simulation_5projects\scientific-exploration-increase-student-simulation-chart-student\artifacts\episode-chart_student_beers_wavelength_model_qwen25_vl_7b-01_latest\interaction_log.json,qwen25_vl,7b,model__scientific-exploration-increase-student-simulation-chart-student__chart_only__student__beers_wavelength__qwen25_vl_7b__run01,"[""increase_wavelength"", ""increase_concentration"", ""increase_concentration"", ""increase_path_length"", ""increase_wavelength"", ""decrease_wavelength"", ""increase_concentration"", ""increase_concentration"", ""increase_concentration"", ""finish""]","[""increase_wavelength"", ""increase_concentration"", ""increase_concentration"", ""increase_path_length"", ""increase_wavelength"", ""decrease_wavelength"", ""increase_concentration"", ""increase_concentration"", ""increase_concentration"", ""finish""]",increase_wavelength -> increase_concentration -> increase_concentration -> increase_path_length -> increase_wavelength -> decrease_wavelength -> increase_concentration -> increase_concentration -> increase_concentration -> finish,increase_wavelength -> increase_concentration -> increase_concentration -> increase_path_length -> increase_wavelength -> decrease_wavelength -> increase_concentration -> increase_concentration -> increase_concentration -> finish,"[""increase wavelength"", ""increase concentration"", ""increase concentration"", ""increase path_length"", ""increase wavelength"", ""decrease wavelength"", ""increase concentration"", ""increase concentration"", ""increase concentration"", ""finish""]",increase wavelength -> increase concentration -> increase concentration -> increase path_length -> increase wavelength -> decrease wavelength -> increase concentration -> increase concentration -> increase concentration -> finish,10,5,True,9.0,1,True,False,False,8,1,3,5,1,1,increase_wavelength,finish,increase_concentration,concentration,1.9609640474436814,0,0,False,False,True,False,,10,9,model_finish,True,
model,beers,beers_wavelength,chart_only,student,chart_only_student,qwen25_vl_7b,0,scientific-exploration-increase-student-simulation-chart-student,episode-chart_student_beers_wavelength_model_qwen25_vl_7b-00_latest,\home\lly\projects\project\wandb_downloads_student_simulation_5projects,\home\lly\projects\project\wandb_downloads_student_simulation_5projects\scientific-exploration-increase-student-simulation-chart-student\artifacts\episode-chart_student_beers_wavelength_model_qwen25_vl_7b-00_latest,\home\lly\projects\project\wandb_downloads_student_simulation_5projects\scientific-exploration-increase-student-simulation-chart-student\artifacts\episode-chart_student_beers_wavelength_model_qwen25_vl_7b-00_latest\steps.json,\home\lly\projects\project\wandb_downloads_student_simulation_5projects\scientific-exploration-increase-student-simulation-chart-student\artifacts\episode-chart_student_beers_wavelength_model_qwen25_vl_7b-00_latest\summary.json,\home\lly\projects\project\wandb_downloads_student_simulation_5projects\scientific-exploration-increase-student-simulation-chart-student\artifacts\episode-chart_student_beers_wavelength_model_qwen25_vl_7b-00_latest\trajectory.json,\home\lly\projects\project\wandb_downloads_student_simulation_5projects\scientific-exploration-increase-student-simulation-chart-student\artifacts\episode-chart_student_beers_wavelength_model_qwen25_vl_7b-00_latest\interaction_log.json,qwen25_vl,7b,model__scientific-exploration-increase-student-simulation-chart-student__chart_only__student__beers_wavelength__qwen25_vl_7b__run00,"[""increase_wavelength"", ""finish""]","[""increase_wavelength"", ""finish""]",increase_wavelength -> finish,increase_wavelength -> finish,"[""increase wavelength"", ""increase orange"", ""finish""]",increase wavelength -> increase orange -> finish,2,2,True,1.0,1,True,False,False,1,0,1,0,0,0,increase_wavelength,finish,increase_wavelength,wavelength,1.0,0,1,False,True,True,False,,3,2,invalid_steps,False,has_invalid_steps
model,beers,beers_wavelength,chart_only,student,chart_only_student,qwen25_vl_7b,8,scientific-exploration-increase-student-simulation-chart-student,episode-chart_student_beers_wavelength_model_qwen25_vl_7b-08_latest,\home\lly\projects\project\wandb_downloads_student_simulation_5projects,\home\lly\projects\project\wandb_downloads_student_simulation_5projects\scientific-exploration-increase-student-simulation-chart-student\artifacts\episode-chart_student_beers_wavelength_model_qwen25_vl_7b-08_latest,\home\lly\projects\project\wandb_downloads_student_simulation_5projects\scientific-exploration-increase-student-simulation-chart-student\artifacts\episode-chart_student_beers_wavelength_model_qwen25_vl_7b-08_latest\steps.json,\home\lly\projects\project\wandb_downloads_student_simulation_5projects\scientific-exploration-increase-student-simulation-chart-student\artifacts\episode-chart_student_beers_wavelength_model_qwen25_vl_7b-08_latest\summary.json,\home\lly\projects\project\wandb_downloads_student_simulation_5projects\scientific-exploration-increase-student-simulation-chart-student\artifacts\episode-chart_student_beers_wavelength_model_qwen25_vl_7b-08_latest\trajectory.json,\home\lly\projects\project\wandb_downloads_student_simulation_5projects\scientific-exploration-increase-student-simulation-chart-student\artifacts\episode-chart_student_beers_wavelength_model_qwen25_vl_7b-08_latest\interaction_log.json,qwen25_vl,7b,model__scientific-exploration-increase-student-simulation-chart-student__chart_only__student__beers_wavelength__qwen25_vl_7b__run08,"[""increase_path_length"", ""decrease_path_length"", ""decrease_path_length"", ""finish""]","[""increase_path_length"", ""decrease_path_length"", ""decrease_path_length"", ""finish""]",increase_path_length -> decrease_path_length -> decrease_path_length -> finish,increase_path_length -> decrease_path_length -> decrease_path_length -> finish,"[""increase path_length"", ""decrease path_length"", ""decrease path_length"", ""finish""]",increase path_length -> decrease path_length -> decrease path_length -> finish,4,3,True,3.0,1,True,False,False,1,2,0,0,3,1,increase_path_length,finish,decrease_path_length,path_length,1.5,0,0,False,False,True,False,,4,3,model_finish,True,
model,beers,beers_wavelength,chart_only,student,chart_only_student,qwen25_vl_3b,3,scientific-exploration-increase-student-simulation-chart-student,episode-chart_student_beers_wavelength_model_qwen25_vl_3b-03_latest,\home\lly\projects\project\wandb_downloads_student_simulation_5projects,\home\lly\projects\project\wandb_downloads_student_simulation_5projects\scientific-exploration-increase-student-simulation-chart-student\artifacts\episode-chart_student_beers_wavelength_model_qwen25_vl_3b-03_latest,\home\lly\projects\project\wandb_downloads_student_simulation_5projects\scientific-exploration-increase-student-simulation-chart-student\artifacts\episode-chart_student_beers_wavelength_model_qwen25_vl_3b-03_latest\steps.json,\home\lly\projects\project\wandb_downloads_student_simulation_5projects\scientific-exploration-increase-student-simulation-chart-student\artifacts\episode-chart_student_beers_wavelength_model_qwen25_vl_3b-03_latest\summary.json,\home\lly\projects\project\wandb_downloads_student_simulation_5projects\scientific-exploration-increase-student-simulation-chart-student\artifacts\episode-chart_student_beers_wavelength_model_qwen25_vl_3b-03_latest\trajectory.json,\home\lly\projects\project\wandb_downloads_student_simulation_5projects\scientific-exploration-increase-student-simulation-chart-student\artifacts\episode-chart_student_beers_wavelength_model_qwen25_vl_3b-03_latest\interaction_log.json,qwen25_vl,3b,model__scientific-exploration-increase-student-simulation-chart-student__chart_only__student__beers_wavelength__qwen25_vl_3b__run03,"[""increase_wavelength"", ""increase_wavelength"", ""increase_wavelength"", ""increase_wavelength"", ""finish""]","[""increase_wavelength"", ""increase_wavelength"", ""increase_wavelength"", ""increase_wavelength"", ""finish""]",increase_wavelength -> increase_wavelength -> increase_wavelength -> increase_wavelength -> finish,increase_wavelength -> increase_wavelength -> increase_wavelength -> increase_wavelength -> finish,"[""increase wavelength"", ""increase wavelength"", ""increase wavelength"", ""increase wavelength"", ""finish""]",increase wavelength -> increase wavelength -> increase wavelength -> increase wavelength -> finish,5,2,True,4.0,1,True,False,False,4,0,4,0,0,0,increase_wavelength,finish,increase_wavelength,wavelength,0.7219280948873623,0,0,False,False,True,False,,5,4,model_finish,True,
model,beers,beers_wavelength,chart_only,student,chart_only_student,qwen25_vl_3b,5,scientific-exploration-increase-student-simulation-chart-student,episode-chart_student_beers_wavelength_model_qwen25_vl_3b-05_latest,\home\lly\projects\project\wandb_downloads_student_simulation_5projects,\home\lly\projects\project\wandb_downloads_student_simulation_5projects\scientific-exploration-increase-student-simulation-chart-student\artifacts\episode-chart_student_beers_wavelength_model_qwen25_vl_3b-05_latest,\home\lly\projects\project\wandb_downloads_student_simulation_5projects\scientific-exploration-increase-student-simulation-chart-student\artifacts\episode-chart_student_beers_wavelength_model_qwen25_vl_3b-05_latest\steps.json,\home\lly\projects\project\wandb_downloads_student_simulation_5projects\scientific-exploration-increase-student-simulation-chart-student\artifacts\episode-chart_student_beers_wavelength_model_qwen25_vl_3b-05_latest\summary.json,\home\lly\projects\project\wandb_downloads_student_simulation_5projects\scientific-exploration-increase-student-simulation-chart-student\artifacts\episode-chart_student_beers_wavelength_model_qwen25_vl_3b-05_latest\trajectory.json,\home\lly\projects\project\wandb_downloads_student_simulation_5projects\scientific-exploration-increase-student-simulation-chart-student\artifacts\episode-chart_student_beers_wavelength_model_qwen25_vl_3b-05_latest\interaction_log.json,qwen25_vl,3b,model__scientific-exploration-increase-student-simulation-chart-student__chart_only__student__beers_wavelength__qwen25_vl_3b__run05,"[""increase_wavelength"", ""decrease_wavelength"", ""decrease_concentration"", ""decrease_concentration"", ""decrease_wavelength"", ""increase_wavelength"", ""finish""]","[""increase_wavelength"", ""decrease_wavelength"", ""decrease_concentration"", ""decrease_concentration"", ""decrease_wavelength"", ""increase_wavelength"", ""finish""]",increase_wavelength -> decrease_wavelength -> decrease_concentration -> decrease_concentration -> decrease_wavelength -> increase_wavelength -> finish,increase_wavelength -> decrease_wavelength -> decrease_concentration -> decrease_concentration -> decrease_wavelength -> increase_wavelength -> finish,"[""increase wavelength"", ""decrease wavelength"", ""decrease concentration"", ""decrease concentration"", ""decrease wavelength"", ""increase wavelength"", ""finish""]",increase wavelength -> decrease wavelength -> decrease concentration -> decrease concentration -> decrease wavelength -> increase wavelength -> finish,7,4,True,6.0,1,True,False,False,2,4,4,2,0,2,increase_wavelength,finish,increase_wavelength,wavelength,1.950212064914747,0,0,False,False,True,False,,7,6,model_finish,True,
model,beers,beers_wavelength,chart_only,student,chart_only_student,qwen25_vl_3b,1,scientific-exploration-increase-student-simulation-chart-student,episode-chart_student_beers_wavelength_model_qwen25_vl_3b-01_latest,\home\lly\projects\project\wandb_downloads_student_simulation_5projects,\home\lly\projects\project\wandb_downloads_student_simulation_5projects\scientific-exploration-increase-student-simulation-chart-student\artifacts\episode-chart_student_beers_wavelength_model_qwen25_vl_3b-01_latest,\home\lly\projects\project\wandb_downloads_student_simulation_5projects\scientific-exploration-increase-student-simulation-chart-student\artifacts\episode-chart_student_beers_wavelength_model_qwen25_vl_3b-01_latest\steps.json,\home\lly\projects\project\wandb_downloads_student_simulation_5projects\scientific-exploration-increase-student-simulation-chart-student\artifacts\episode-chart_student_beers_wavelength_model_qwen25_vl_3b-01_latest\summary.json,\home\lly\projects\project\wandb_downloads_student_simulation_5projects\scientific-exploration-increase-student-simulation-chart-student\artifacts\episode-chart_student_beers_wavelength_model_qwen25_vl_3b-01_latest\trajectory.json,\home\lly\projects\project\wandb_downloads_student_simulation_5projects\scientific-exploration-increase-student-simulation-chart-student\artifacts\episode-chart_student_beers_wavelength_model_qwen25_vl_3b-01_latest\interaction_log.json,qwen25_vl,3b,model__scientific-exploration-increase-student-simulation-chart-student__chart_only__student__beers_wavelength__qwen25_vl_3b__run01,"[""decrease_wavelength"", ""increase_concentration"", ""decrease_wavelength"", ""increase_wavelength"", ""increase_wavelength"", ""decrease_wavelength"", ""finish""]","[""decrease_wavelength"", ""increase_concentration"", ""decrease_wavelength"", ""increase_wavelength"", ""increase_wavelength"", ""decrease_wavelength"", ""finish""]",decrease_wavelength -> increase_concentration -> decrease_wavelength -> increase_wavelength -> increase_wavelength -> decrease_wavelength -> finish,decrease_wavelength -> increase_concentration -> decrease_wavelength -> increase_wavelength -> increase_wavelength -> decrease_wavelength -> finish,"[""decrease wavelength"", ""increase concentration"", ""decrease wavelength"", ""increase wavelength"", ""increase wavelength"", ""decrease wavelength"", ""finish""]",decrease wavelength -> increase concentration -> decrease wavelength -> increase wavelength -> increase wavelength -> decrease wavelength -> finish,7,4,True,6.0,1,True,False,False,3,3,5,1,0,2,decrease_wavelength,finish,decrease_wavelength,wavelength,1.8423709931771084,0,0,False,False,True,False,,7,6,model_finish,True,
model,beers,beers_wavelength,chart_only,student,chart_only_student,qwen25_vl_3b,9,scientific-exploration-increase-student-simulation-chart-student,episode-chart_student_beers_wavelength_model_qwen25_vl_3b-09_latest,\home\lly\projects\project\wandb_downloads_student_simulation_5projects,\home\lly\projects\project\wandb_downloads_student_simulation_5projects\scientific-exploration-increase-student-simulation-chart-student\artifacts\episode-chart_student_beers_wavelength_model_qwen25_vl_3b-09_latest,\home\lly\projects\project\wandb_downloads_student_simulation_5projects\scientific-exploration-increase-student-simulation-chart-student\artifacts\episode-chart_student_beers_wavelength_model_qwen25_vl_3b-09_latest\steps.json,\home\lly\projects\project\wandb_downloads_student_simulation_5projects\scientific-exploration-increase-student-simulation-chart-student\artifacts\episode-chart_student_beers_wavelength_model_qwen25_vl_3b-09_latest\summary.json,\home\lly\projects\project\wandb_downloads_student_simulation_5projects\scientific-exploration-increase-student-simulation-chart-student\artifacts\episode-chart_student_beers_wavelength_model_qwen25_vl_3b-09_latest\trajectory.json,\home\lly\projects\project\wandb_downloads_student_simulation_5projects\scientific-exploration-increase-student-simulation-chart-student\artifacts\episode-chart_student_beers_wavelength_model_qwen25_vl_3b-09_latest\interaction_log.json,qwen25_vl,3b,model__scientific-exploration-increase-student-simulation-chart-student__chart_only__student__beers_wavelength__qwen25_vl_3b__run09,"[""increase_wavelength"", ""decrease_concentration"", ""decrease_wavelength"", ""decrease_path_length"", ""decrease_wavelength"", ""finish""]","[""increase_wavelength"", ""decrease_concentration"", ""decrease_wavelength"", ""decrease_path_length"", ""decrease_wavelength"", ""finish""]",increase_wavelength -> decrease_concentration -> decrease_wavelength -> decrease_path_length -> decrease_wavelength -> finish,increase_wavelength -> decrease_concentration -> decrease_wavelength -> decrease_path_length -> decrease_wavelength -> finish,"[""increase wavelength"", ""decrease concentration"", ""decrease wavelength"", ""decrease path_length"", ""decrease wavelength"", ""finish""]",increase wavelength -> decrease concentration -> decrease wavelength -> decrease path_length -> decrease wavelength -> finish,6,5,True,5.0,1,True,False,False,1,4,3,1,1,0,increase_wavelength,finish,decrease_wavelength,wavelength,2.2516291673878226,0,0,False,False,True,False,,6,5,model_finish,True,
model,beers,beers_wavelength,chart_only,student,chart_only_student,qwen25_vl_3b,4,scientific-exploration-increase-student-simulation-chart-student,episode-chart_student_beers_wavelength_model_qwen25_vl_3b-04_latest,\home\lly\projects\project\wandb_downloads_student_simulation_5projects,\home\lly\projects\project\wandb_downloads_student_simulation_5projects\scientific-exploration-increase-student-simulation-chart-student\artifacts\episode-chart_student_beers_wavelength_model_qwen25_vl_3b-04_latest,\home\lly\projects\project\wandb_downloads_student_simulation_5projects\scientific-exploration-increase-student-simulation-chart-student\artifacts\episode-chart_student_beers_wavelength_model_qwen25_vl_3b-04_latest\steps.json,\home\lly\projects\project\wandb_downloads_student_simulation_5projects\scientific-exploration-increase-student-simulation-chart-student\artifacts\episode-chart_student_beers_wavelength_model_qwen25_vl_3b-04_latest\summary.json,\home\lly\projects\project\wandb_downloads_student_simulation_5projects\scientific-exploration-increase-student-simulation-chart-student\artifacts\episode-chart_student_beers_wavelength_model_qwen25_vl_3b-04_latest\trajectory.json,\home\lly\projects\project\wandb_downloads_student_simulation_5projects\scientific-exploration-increase-student-simulation-chart-student\artifacts\episode-chart_student_beers_wavelength_model_qwen25_vl_3b-04_latest\interaction_log.json,qwen25_vl,3b,model__scientific-exploration-increase-student-simulation-chart-student__chart_only__student__beers_wavelength__qwen25_vl_3b__run04,"[""increase_wavelength"", ""decrease_wavelength"", ""decrease_wavelength"", ""decrease_concentration"", ""decrease_concentration"", ""decrease_wavelength"", ""finish""]","[""increase_wavelength"", ""decrease_wavelength"", ""decrease_wavelength"", ""decrease_concentration"", ""decrease_concentration"", ""decrease_wavelength"", ""finish""]",increase_wavelength -> decrease_wavelength -> decrease_wavelength -> decrease_concentration -> decrease_concentration -> decrease_wavelength -> finish,increase_wavelength -> decrease_wavelength -> decrease_wavelength -> decrease_concentration -> decrease_concentration -> decrease_wavelength -> finish,"[""increase wavelength"", ""decrease wavelength"", ""decrease wavelength"", ""decrease concentration"", ""decrease concentration"", ""decrease wavelength"", ""finish""]",increase wavelength -> decrease wavelength -> decrease wavelength -> decrease concentration -> decrease concentration -> decrease wavelength -> finish,7,4,True,6.0,1,True,False,False,1,5,4,2,0,1,increase_wavelength,finish,decrease_wavelength,wavelength,1.8423709931771084,0,0,False,False,True,False,,7,6,model_finish,True,
model,beers,beers_wavelength,chart_only,student,chart_only_student,qwen25_vl_7b,3,scientific-exploration-increase-student-simulation-chart-student,episode-chart_student_beers_wavelength_model_qwen25_vl_7b-03_latest,\home\lly\projects\project\wandb_downloads_student_simulation_5projects,\home\lly\projects\project\wandb_downloads_student_simulation_5projects\scientific-exploration-increase-student-simulation-chart-student\artifacts\episode-chart_student_beers_wavelength_model_qwen25_vl_7b-03_latest,\home\lly\projects\project\wandb_downloads_student_simulation_5projects\scientific-exploration-increase-student-simulation-chart-student\artifacts\episode-chart_student_beers_wavelength_model_qwen25_vl_7b-03_latest\steps.json,\home\lly\projects\project\wandb_downloads_student_simulation_5projects\scientific-exploration-increase-student-simulation-chart-student\artifacts\episode-chart_student_beers_wavelength_model_qwen25_vl_7b-03_latest\summary.json,\home\lly\projects\project\wandb_downloads_student_simulation_5projects\scientific-exploration-increase-student-simulation-chart-student\artifacts\episode-chart_student_beers_wavelength_model_qwen25_vl_7b-03_latest\trajectory.json,\home\lly\projects\project\wandb_downloads_student_simulation_5projects\scientific-exploration-increase-student-simulation-chart-student\artifacts\episode-chart_student_beers_wavelength_model_qwen25_vl_7b-03_latest\interaction_log.json,qwen25_vl,7b,model__scientific-exploration-increase-student-simulation-chart-student__chart_only__student__beers_wavelength__qwen25_vl_7b__run03,"[""increase_path_length"", ""increase_path_length"", ""finish""]","[""increase_path_length"", ""increase_path_length"", ""finish""]",increase_path_length -> increase_path_length -> finish,increase_path_length -> increase_path_length -> finish,"[""increase path_length"", ""increase path_length"", ""finish""]",increase path_length -> increase path_length -> finish,3,2,True,2.0,1,True,False,False,2,0,0,0,2,0,increase_path_length,finish,increase_path_length,path_length,0.9182958340544896,0,0,False,False,True,False,,3,2,model_finish,True,
model,beers,beers_wavelength,chart_only,student,chart_only_student,qwen25_vl_7b,9,scientific-exploration-increase-student-simulation-chart-student,episode-chart_student_beers_wavelength_model_qwen25_vl_7b-09_latest,\home\lly\projects\project\wandb_downloads_student_simulation_5projects,\home\lly\projects\project\wandb_downloads_student_simulation_5projects\scientific-exploration-increase-student-simulation-chart-student\artifacts\episode-chart_student_beers_wavelength_model_qwen25_vl_7b-09_latest,\home\lly\projects\project\wandb_downloads_student_simulation_5projects\scientific-exploration-increase-student-simulation-chart-student\artifacts\episode-chart_student_beers_wavelength_model_qwen25_vl_7b-09_latest\steps.json,\home\lly\projects\project\wandb_downloads_student_simulation_5projects\scientific-exploration-increase-student-simulation-chart-student\artifacts\episode-chart_student_beers_wavelength_model_qwen25_vl_7b-09_latest\summary.json,\home\lly\projects\project\wandb_downloads_student_simulation_5projects\scientific-exploration-increase-student-simulation-chart-student\artifacts\episode-chart_student_beers_wavelength_model_qwen25_vl_7b-09_latest\trajectory.json,\home\lly\projects\project\wandb_downloads_student_simulation_5projects\scientific-exploration-increase-student-simulation-chart-student\artifacts\episode-chart_student_beers_wavelength_model_qwen25_vl_7b-09_latest\interaction_log.json,qwen25_vl,7b,model__scientific-exploration-increase-student-simulation-chart-student__chart_only__student__beers_wavelength__qwen25_vl_7b__run09,"[""increase_wavelength"", ""increase_wavelength"", ""decrease_wavelength"", ""increase_concentration"", ""finish""]","[""increase_wavelength"", ""increase_wavelength"", ""decrease_wavelength"", ""increase_concentration"", ""finish""]",increase_wavelength -> increase_wavelength -> decrease_wavelength -> increase_concentration -> finish,increase_wavelength -> increase_wavelength -> decrease_wavelength -> increase_concentration -> finish,"[""increase wavelength"", ""increase wavelength"", ""decrease wavelength"", ""increase concentration"", ""finish""]",increase wavelength -> increase wavelength -> decrease wavelength -> increase concentration -> finish,5,4,True,4.0,1,True,False,False,3,1,3,1,0,1,increase_wavelength,finish,increase_wavelength,wavelength,1.9219280948873623,0,0,False,False,True,False,,5,4,model_finish,True,
model,beers,beers_wavelength,chart_only,student,chart_only_student,qwen25_vl_7b,2,scientific-exploration-increase-student-simulation-chart-student,episode-chart_student_beers_wavelength_model_qwen25_vl_7b-02_latest,\home\lly\projects\project\wandb_downloads_student_simulation_5projects,\home\lly\projects\project\wandb_downloads_student_simulation_5projects\scientific-exploration-increase-student-simulation-chart-student\artifacts\episode-chart_student_beers_wavelength_model_qwen25_vl_7b-02_latest,\home\lly\projects\project\wandb_downloads_student_simulation_5projects\scientific-exploration-increase-student-simulation-chart-student\artifacts\episode-chart_student_beers_wavelength_model_qwen25_vl_7b-02_latest\steps.json,\home\lly\projects\project\wandb_downloads_student_simulation_5projects\scientific-exploration-increase-student-simulation-chart-student\artifacts\episode-chart_student_beers_wavelength_model_qwen25_vl_7b-02_latest\summary.json,\home\lly\projects\project\wandb_downloads_student_simulation_5projects\scientific-exploration-increase-student-simulation-chart-student\artifacts\episode-chart_student_beers_wavelength_model_qwen25_vl_7b-02_latest\trajectory.json,\home\lly\projects\project\wandb_downloads_student_simulation_5projects\scientific-exploration-increase-student-simulation-chart-student\artifacts\episode-chart_student_beers_wavelength_model_qwen25_vl_7b-02_latest\interaction_log.json,qwen25_vl,7b,model__scientific-exploration-increase-student-simulation-chart-student__chart_only__student__beers_wavelength__qwen25_vl_7b__run02,"[""increase_concentration"", ""increase_concentration"", ""decrease_concentration"", ""increase_concentration"", ""decrease_concentration"", ""finish""]","[""increase_concentration"", ""increase_concentration"", ""decrease_concentration"", ""increase_concentration"", ""decrease_concentration"", ""finish""]",increase_concentration -> increase_concentration -> decrease_concentration -> increase_concentration -> decrease_concentration -> finish,increase_concentration -> increase_concentration -> decrease_concentration -> increase_concentration -> decrease_concentration -> finish,"[""increase concentration"", ""increase concentration"", ""decrease concentration"", ""increase concentration"", ""decrease concentration"", ""finish""]",increase concentration -> increase concentration -> decrease concentration -> increase concentration -> decrease concentration -> finish,6,3,True,5.0,1,True,False,False,3,2,0,5,0,3,increase_concentration,finish,increase_concentration,concentration,1.4591479170272448,0,0,False,False,True,False,,6,5,model_finish,True,
model,beers,beers_wavelength,chart_only,student,chart_only_student,qwen25_vl_7b,7,scientific-exploration-increase-student-simulation-chart-student,episode-chart_student_beers_wavelength_model_qwen25_vl_7b-07_latest,\home\lly\projects\project\wandb_downloads_student_simulation_5projects,\home\lly\projects\project\wandb_downloads_student_simulation_5projects\scientific-exploration-increase-student-simulation-chart-student\artifacts\episode-chart_student_beers_wavelength_model_qwen25_vl_7b-07_latest,\home\lly\projects\project\wandb_downloads_student_simulation_5projects\scientific-exploration-increase-student-simulation-chart-student\artifacts\episode-chart_student_beers_wavelength_model_qwen25_vl_7b-07_latest\steps.json,\home\lly\projects\project\wandb_downloads_student_simulation_5projects\scientific-exploration-increase-student-simulation-chart-student\artifacts\episode-chart_student_beers_wavelength_model_qwen25_vl_7b-07_latest\summary.json,\home\lly\projects\project\wandb_downloads_student_simulation_5projects\scientific-exploration-increase-student-simulation-chart-student\artifacts\episode-chart_student_beers_wavelength_model_qwen25_vl_7b-07_latest\trajectory.json,\home\lly\projects\project\wandb_downloads_student_simulation_5projects\scientific-exploration-increase-student-simulation-chart-student\artifacts\episode-chart_student_beers_wavelength_model_qwen25_vl_7b-07_latest\interaction_log.json,qwen25_vl,7b,model__scientific-exploration-increase-student-simulation-chart-student__chart_only__student__beers_wavelength__qwen25_vl_7b__run07,"[""increase_wavelength"", ""increase_wavelength"", ""finish""]","[""increase_wavelength"", ""increase_wavelength"", ""finish""]",increase_wavelength -> increase_wavelength -> finish,increase_wavelength -> increase_wavelength -> finish,"[""increase wavelength"", ""increase wavelength"", ""finish""]",increase wavelength -> increase wavelength -> finish,3,2,True,2.0,1,True,False,False,2,0,2,0,0,0,increase_wavelength,finish,increase_wavelength,wavelength,0.9182958340544896,0,0,False,False,True,False,,3,2,model_finish,True,
model,beers,beers_wavelength,chart_only,student,chart_only_student,qwen25_vl_7b,6,scientific-exploration-increase-student-simulation-chart-student,episode-chart_student_beers_wavelength_model_qwen25_vl_7b-06_latest,\home\lly\projects\project\wandb_downloads_student_simulation_5projects,\home\lly\projects\project\wandb_downloads_student_simulation_5projects\scientific-exploration-increase-student-simulation-chart-student\artifacts\episode-chart_student_beers_wavelength_model_qwen25_vl_7b-06_latest,\home\lly\projects\project\wandb_downloads_student_simulation_5projects\scientific-exploration-increase-student-simulation-chart-student\artifacts\episode-chart_student_beers_wavelength_model_qwen25_vl_7b-06_latest\steps.json,\home\lly\projects\project\wandb_downloads_student_simulation_5projects\scientific-exploration-increase-student-simulation-chart-student\artifacts\episode-chart_student_beers_wavelength_model_qwen25_vl_7b-06_latest\summary.json,\home\lly\projects\project\wandb_downloads_student_simulation_5projects\scientific-exploration-increase-student-simulation-chart-student\artifacts\episode-chart_student_beers_wavelength_model_qwen25_vl_7b-06_latest\trajectory.json,\home\lly\projects\project\wandb_downloads_student_simulation_5projects\scientific-exploration-increase-student-simulation-chart-student\artifacts\episode-chart_student_beers_wavelength_model_qwen25_vl_7b-06_latest\interaction_log.json,qwen25_vl,7b,model__scientific-exploration-increase-student-simulation-chart-student__chart_only__student__beers_wavelength__qwen25_vl_7b__run06,"[""increase_wavelength"", ""decrease_concentration"", ""decrease_wavelength"", ""finish""]","[""increase_wavelength"", ""decrease_concentration"", ""decrease_wavelength"", ""finish""]",increase_wavelength -> decrease_concentration -> decrease_wavelength -> finish,increase_wavelength -> decrease_concentration -> decrease_wavelength -> finish,"[""increase wavelength"", ""decrease concentration"", ""decrease wavelength"", ""finish""]",increase wavelength -> decrease concentration -> decrease wavelength -> finish,4,4,True,3.0,1,True,False,False,1,2,2,1,0,0,increase_wavelength,finish,increase_wavelength,wavelength,2.0,0,0,False,False,True,False,,4,3,model_finish,True,
model,beers,beers_wavelength,chart_only,student,chart_only_student,qwen25_vl_3b,0,scientific-exploration-increase-student-simulation-chart-student,episode-chart_student_beers_wavelength_model_qwen25_vl_3b-00_latest,\home\lly\projects\project\wandb_downloads_student_simulation_5projects,\home\lly\projects\project\wandb_downloads_student_simulation_5projects\scientific-exploration-increase-student-simulation-chart-student\artifacts\episode-chart_student_beers_wavelength_model_qwen25_vl_3b-00_latest,\home\lly\projects\project\wandb_downloads_student_simulation_5projects\scientific-exploration-increase-student-simulation-chart-student\artifacts\episode-chart_student_beers_wavelength_model_qwen25_vl_3b-00_latest\steps.json,\home\lly\projects\project\wandb_downloads_student_simulation_5projects\scientific-exploration-increase-student-simulation-chart-student\artifacts\episode-chart_student_beers_wavelength_model_qwen25_vl_3b-00_latest\summary.json,\home\lly\projects\project\wandb_downloads_student_simulation_5projects\scientific-exploration-increase-student-simulation-chart-student\artifacts\episode-chart_student_beers_wavelength_model_qwen25_vl_3b-00_latest\trajectory.json,\home\lly\projects\project\wandb_downloads_student_simulation_5projects\scientific-exploration-increase-student-simulation-chart-student\artifacts\episode-chart_student_beers_wavelength_model_qwen25_vl_3b-00_latest\interaction_log.json,qwen25_vl,3b,model__scientific-exploration-increase-student-simulation-chart-student__chart_only__student__beers_wavelength__qwen25_vl_3b__run00,"[""increase_wavelength"", ""decrease_wavelength"", ""increase_wavelength"", ""decrease_wavelength"", ""decrease_concentration"", ""decrease_wavelength"", ""decrease_wavelength"", ""decrease_concentration"", ""decrease_wavelength"", ""increase_wavelength"", ""finish""]","[""increase_wavelength"", ""decrease_wavelength"", ""increase_wavelength"", ""decrease_wavelength"", ""decrease_concentration"", ""decrease_wavelength"", ""decrease_wavelength"", ""decrease_concentration"", ""decrease_wavelength"", ""increase_wavelength"", ""finish""]",increase_wavelength -> decrease_wavelength -> increase_wavelength -> decrease_wavelength -> decrease_concentration -> decrease_wavelength -> decrease_wavelength -> decrease_concentration -> decrease_wavelength -> increase_wavelength -> finish,increase_wavelength -> decrease_wavelength -> increase_wavelength -> decrease_wavelength -> decrease_concentration -> decrease_wavelength -> decrease_wavelength -> decrease_concentration -> decrease_wavelength -> increase_wavelength -> finish,"[""increase wavelength"", ""decrease wavelength"", ""increase wavelength"", ""decrease wavelength"", ""decrease concentration"", ""decrease wavelength"", ""decrease wavelength"", ""decrease concentration"", ""decrease wavelength"", ""increase wavelength"", ""finish""]",increase wavelength -> decrease wavelength -> increase wavelength -> decrease wavelength -> decrease concentration -> decrease wavelength -> decrease wavelength -> decrease concentration -> decrease wavelength -> increase wavelength -> finish,11,4,True,10.0,1,True,False,False,3,7,8,2,0,4,increase_wavelength,finish,decrease_wavelength,wavelength,1.789929075309999,0,0,False,False,True,False,,11,10,model_finish,True,
model,beers,beers_wavelength,simulation_only,normal,simulation_only_normal,qwen25_vl_3b,2,scientific-exploration-increase-student-simulation-simulation-normal,episode-simulation_normal_beers_wavelength_model_qwen25_vl_3b-02_latest,\home\lly\projects\project\wandb_downloads_student_simulation_5projects,\home\lly\projects\project\wandb_downloads_student_simulation_5projects\scientific-exploration-increase-student-simulation-simulation-normal\artifacts\episode-simulation_normal_beers_wavelength_model_qwen25_vl_3b-02_latest,\home\lly\projects\project\wandb_downloads_student_simulation_5projects\scientific-exploration-increase-student-simulation-simulation-normal\artifacts\episode-simulation_normal_beers_wavelength_model_qwen25_vl_3b-02_latest\steps.json,\home\lly\projects\project\wandb_downloads_student_simulation_5projects\scientific-exploration-increase-student-simulation-simulation-normal\artifacts\episode-simulation_normal_beers_wavelength_model_qwen25_vl_3b-02_latest\summary.json,\home\lly\projects\project\wandb_downloads_student_simulation_5projects\scientific-exploration-increase-student-simulation-simulation-normal\artifacts\episode-simulation_normal_beers_wavelength_model_qwen25_vl_3b-02_latest\trajectory.json,\home\lly\projects\project\wandb_downloads_student_simulation_5projects\scientific-exploration-increase-student-simulation-simulation-normal\artifacts\episode-simulation_normal_beers_wavelength_model_qwen25_vl_3b-02_latest\interaction_log.json,qwen25_vl,3b,model__scientific-exploration-increase-student-simulation-simulation-normal__simulation_only__normal__beers_wavelength__qwen25_vl_3b__run02,"[""increase_wavelength"", ""increase_wavelength"", ""increase_wavelength"", ""increase_wavelength"", ""increase_wavelength"", ""increase_wavelength"", ""increase_wavelength"", ""increase_wavelength"", ""decrease_wavelength"", ""increase_wavelength"", ""increase_wavelength"", ""increase_wavelength"", ""increase_wavelength"", ""increase_wavelength"", ""increase_wavelength"", ""increase_wavelength"", ""increase_wavelength"", ""increase_wavelength"", ""increase_wavelength"", ""increase_wavelength"", ""increase_wavelength"", ""increase_concentration"", ""increase_wavelength"", ""increase_wavelength"", ""increase_wavelength"", ""increase_wavelength"", ""increase_concentration"", ""increase_concentration"", ""increase_wavelength"", ""increase_wavelength"", ""increase_concentration"", ""increase_concentration"", ""increase_wavelength"", ""increase_wavelength"", ""increase_concentration"", ""increase_wavelength"", ""increase_concentration"", ""increase_wavelength"", ""increase_path_length"", ""increase_wavelength"", ""increase_wavelength"", ""increase_concentration"", ""increase_wavelength"", ""increase_wavelength"", ""increase_wavelength"", ""increase_concentration"", ""increase_wavelength"", ""increase_wavelength"", ""increase_wavelength"", ""increase_wavelength""]","[""increase_wavelength"", ""increase_wavelength"", ""increase_wavelength"", ""increase_wavelength"", ""increase_wavelength"", ""increase_wavelength"", ""increase_wavelength"", ""increase_wavelength"", ""decrease_wavelength"", ""increase_wavelength"", ""increase_wavelength"", ""increase_wavelength"", ""increase_wavelength"", ""increase_wavelength"", ""increase_wavelength"", ""increase_wavelength"", ""increase_wavelength"", ""increase_wavelength"", ""increase_wavelength"", ""increase_wavelength"", ""increase_wavelength"", ""increase_concentration"", ""increase_wavelength"", ""increase_wavelength"", ""increase_wavelength"", ""increase_wavelength"", ""increase_concentration"", ""increase_concentration"", ""increase_wavelength"", ""increase_wavelength"", ""increase_concentration"", ""increase_concentration"", ""increase_wavelength"", ""increase_wavelength"", ""increase_concentration"", ""increase_wavelength"", ""increase_concentration"", ""increase_wavelength"", ""increase_path_length"", ""increase_wavelength"", ""increase_wavelength"", ""increase_concentration"", ""increase_wavelength"", ""increase_wavelength"", ""increase_wavelength"", ""increase_concentration"", ""increase_wavelength"", ""increase_wavelength"", ""increase_wavelength"", ""increase_wavelength""]",increase_wavelength -> increase_wavelength -> increase_wavelength -> increase_wavelength -> increase_wavelength -> increase_wavelength -> increase_wavelength -> increase_wavelength -> decrease_wavelength -> increase_wavelength -> increase_wavelength -> increase_wavelength -> increase_wavelength -> increase_wavelength -> increase_wavelength -> increase_wavelength -> increase_wavelength -> increase_wavelength -> increase_wavelength -> increase_wavelength -> increase_wavelength -> increase_concentration -> increase_wavelength -> increase_wavelength -> increase_wavelength -> increase_wavelength -> increase_concentration -> increase_concentration -> increase_wavelength -> increase_wavelength -> increase_concentration -> increase_concentration -> increase_wavelength -> increase_wavelength -> increase_concentration -> increase_wavelength -> increase_concentration -> increase_wavelength -> increase_path_length -> increase_wavelength -> increase_wavelength -> increase_concentration -> increase_wavelength -> increase_wavelength -> increase_wavelength -> increase_concentration -> increase_wavelength -> increase_wavelength -> increase_wavelength -> increase_wavelength,increase_wavelength -> increase_wavelength -> increase_wavelength -> increase_wavelength -> increase_wavelength -> increase_wavelength -> increase_wavelength -> increase_wavelength -> decrease_wavelength -> increase_wavelength -> increase_wavelength -> increase_wavelength -> increase_wavelength -> increase_wavelength -> increase_wavelength -> increase_wavelength -> increase_wavelength -> increase_wavelength -> increase_wavelength -> increase_wavelength -> increase_wavelength -> increase_concentration -> increase_wavelength -> increase_wavelength -> increase_wavelength -> increase_wavelength -> increase_concentration -> increase_concentration -> increase_wavelength -> increase_wavelength -> increase_concentration -> increase_concentration -> increase_wavelength -> increase_wavelength -> increase_concentration -> increase_wavelength -> increase_concentration -> increase_wavelength -> increase_path_length -> increase_wavelength -> increase_wavelength -> increase_concentration -> increase_wavelength -> increase_wavelength -> increase_wavelength -> increase_concentration -> increase_wavelength -> increase_wavelength -> increase_wavelength -> increase_wavelength,"[""increase wavelength"", ""increase wavelength"", ""increase wavelength"", ""increase wavelength"", ""increase wavelength"", ""increase wavelength"", ""increase wavelength"", ""increase wavelength"", ""decrease wavelength"", ""increase wavelength"", ""increase wavelength"", ""increase wavelength"", ""increase wavelength"", ""increase wavelength"", ""increase wavelength"", ""increase wavelength"", ""increase wavelength"", ""increase wavelength"", ""increase wavelength"", ""increase wavelength"", ""increase wavelength"", ""increase concentration"", ""increase wavelength"", ""increase wavelength"", ""increase wavelength"", ""increase wavelength"", ""increase concentration"", ""increase concentration"", ""increase wavelength"", ""increase wavelength"", ""increase concentration"", ""increase concentration"", ""increase wavelength"", ""increase wavelength"", ""increase concentration"", ""increase wavelength"", ""increase concentration"", ""increase wavelength"", ""increase path_length"", ""increase wavelength"", ""increase wavelength"", ""increase concentration"", ""increase wavelength"", ""increase wavelength"", ""increase wavelength"", ""increase concentration"", ""increase wavelength"", ""increase wavelength"", ""increase wavelength"", ""increase wavelength""]",increase wavelength -> increase wavelength -> increase wavelength -> increase wavelength -> increase wavelength -> increase wavelength -> increase wavelength -> increase wavelength -> decrease wavelength -> increase wavelength -> increase wavelength -> increase wavelength -> increase wavelength -> increase wavelength -> increase wavelength -> increase wavelength -> increase wavelength -> increase wavelength -> increase wavelength -> increase wavelength -> increase wavelength -> increase concentration -> increase wavelength -> increase wavelength -> increase wavelength -> increase wavelength -> increase concentration -> increase concentration -> increase wavelength -> increase wavelength -> increase concentration -> increase concentration -> increase wavelength -> increase wavelength -> increase concentration -> increase wavelength -> increase concentration -> increase wavelength -> increase path_length -> increase wavelength -> increase wavelength -> increase concentration -> increase wavelength -> increase wavelength -> increase wavelength -> increase concentration -> increase wavelength -> increase wavelength -> increase wavelength -> increase wavelength,50,4,False,,0,False,False,False,49,1,40,9,1,2,increase_wavelength,increase_wavelength,increase_wavelength,wavelength,0.9506559588025548,0,0,False,False,True,True,,50,50,forced_timeout,False,forced_finish;no_finish
model,beers,beers_wavelength,simulation_only,normal,simulation_only_normal,qwen25_vl_7b,8,scientific-exploration-increase-student-simulation-simulation-normal,episode-simulation_normal_beers_wavelength_model_qwen25_vl_7b-08_latest,\home\lly\projects\project\wandb_downloads_student_simulation_5projects,\home\lly\projects\project\wandb_downloads_student_simulation_5projects\scientific-exploration-increase-student-simulation-simulation-normal\artifacts\episode-simulation_normal_beers_wavelength_model_qwen25_vl_7b-08_latest,\home\lly\projects\project\wandb_downloads_student_simulation_5projects\scientific-exploration-increase-student-simulation-simulation-normal\artifacts\episode-simulation_normal_beers_wavelength_model_qwen25_vl_7b-08_latest\steps.json,\home\lly\projects\project\wandb_downloads_student_simulation_5projects\scientific-exploration-increase-student-simulation-simulation-normal\artifacts\episode-simulation_normal_beers_wavelength_model_qwen25_vl_7b-08_latest\summary.json,\home\lly\projects\project\wandb_downloads_student_simulation_5projects\scientific-exploration-increase-student-simulation-simulation-normal\artifacts\episode-simulation_normal_beers_wavelength_model_qwen25_vl_7b-08_latest\trajectory.json,\home\lly\projects\project\wandb_downloads_student_simulation_5projects\scientific-exploration-increase-student-simulation-simulation-normal\artifacts\episode-simulation_normal_beers_wavelength_model_qwen25_vl_7b-08_latest\interaction_log.json,qwen25_vl,7b,model__scientific-exploration-increase-student-simulation-simulation-normal__simulation_only__normal__beers_wavelength__qwen25_vl_7b__run08,"[""increase_wavelength"", ""increase_wavelength"", ""increase_wavelength"", ""increase_wavelength"", ""increase_wavelength"", ""increase_wavelength"", ""finish""]","[""increase_wavelength"", ""increase_wavelength"", ""increase_wavelength"", ""increase_wavelength"", ""increase_wavelength"", ""increase_wavelength"", ""finish""]",increase_wavelength -> increase_wavelength -> increase_wavelength -> increase_wavelength -> increase_wavelength -> increase_wavelength -> finish,increase_wavelength -> increase_wavelength -> increase_wavelength -> increase_wavelength -> increase_wavelength -> increase_wavelength -> finish,"[""increase wavelength"", ""increase wavelength"", ""increase wavelength"", ""increase wavelength"", ""increase wavelength"", ""increase wavelength"", ""finish""]",increase wavelength -> increase wavelength -> increase wavelength -> increase wavelength -> increase wavelength -> increase wavelength -> finish,7,2,True,6.0,1,True,False,False,6,0,6,0,0,0,increase_wavelength,finish,increase_wavelength,wavelength,0.5916727785823275,0,0,False,False,True,False,,7,6,model_finish,True,
model,beers,beers_wavelength,simulation_only,normal,simulation_only_normal,qwen25_vl_3b,6,scientific-exploration-increase-student-simulation-simulation-normal,episode-simulation_normal_beers_wavelength_model_qwen25_vl_3b-06_latest,\home\lly\projects\project\wandb_downloads_student_simulation_5projects,\home\lly\projects\project\wandb_downloads_student_simulation_5projects\scientific-exploration-increase-student-simulation-simulation-normal\artifacts\episode-simulation_normal_beers_wavelength_model_qwen25_vl_3b-06_latest,\home\lly\projects\project\wandb_downloads_student_simulation_5projects\scientific-exploration-increase-student-simulation-simulation-normal\artifacts\episode-simulation_normal_beers_wavelength_model_qwen25_vl_3b-06_latest\steps.json,\home\lly\projects\project\wandb_downloads_student_simulation_5projects\scientific-exploration-increase-student-simulation-simulation-normal\artifacts\episode-simulation_normal_beers_wavelength_model_qwen25_vl_3b-06_latest\summary.json,\home\lly\projects\project\wandb_downloads_student_simulation_5projects\scientific-exploration-increase-student-simulation-simulation-normal\artifacts\episode-simulation_normal_beers_wavelength_model_qwen25_vl_3b-06_latest\trajectory.json,\home\lly\projects\project\wandb_downloads_student_simulation_5projects\scientific-exploration-increase-student-simulation-simulation-normal\artifacts\episode-simulation_normal_beers_wavelength_model_qwen25_vl_3b-06_latest\interaction_log.json,qwen25_vl,3b,model__scientific-exploration-increase-student-simulation-simulation-normal__simulation_only__normal__beers_wavelength__qwen25_vl_3b__run06,"[""increase_wavelength"", ""increase_wavelength"", ""increase_wavelength"", ""increase_wavelength"", ""increase_wavelength"", ""increase_wavelength"", ""decrease_wavelength"", ""finish""]","[""increase_wavelength"", ""increase_wavelength"", ""increase_wavelength"", ""increase_wavelength"", ""increase_wavelength"", ""increase_wavelength"", ""decrease_wavelength"", ""finish""]",increase_wavelength -> increase_wavelength -> increase_wavelength -> increase_wavelength -> increase_wavelength -> increase_wavelength -> decrease_wavelength -> finish,increase_wavelength -> increase_wavelength -> increase_wavelength -> increase_wavelength -> increase_wavelength -> increase_wavelength -> decrease_wavelength -> finish,"[""increase wavelength"", ""increase wavelength"", ""increase wavelength"", ""increase wavelength"", ""increase wavelength"", ""increase wavelength"", ""decrease wavelength"", ""finish""]",increase wavelength -> increase wavelength -> increase wavelength -> increase wavelength -> increase wavelength -> increase wavelength -> decrease wavelength -> finish,8,3,True,7.0,1,True,False,False,6,1,7,0,0,1,increase_wavelength,finish,increase_wavelength,wavelength,1.061278124459133,0,0,False,False,True,False,,8,7,model_finish,True,
model,beers,beers_wavelength,simulation_only,normal,simulation_only_normal,qwen25_vl_7b,4,scientific-exploration-increase-student-simulation-simulation-normal,episode-simulation_normal_beers_wavelength_model_qwen25_vl_7b-04_latest,\home\lly\projects\project\wandb_downloads_student_simulation_5projects,\home\lly\projects\project\wandb_downloads_student_simulation_5projects\scientific-exploration-increase-student-simulation-simulation-normal\artifacts\episode-simulation_normal_beers_wavelength_model_qwen25_vl_7b-04_latest,\home\lly\projects\project\wandb_downloads_student_simulation_5projects\scientific-exploration-increase-student-simulation-simulation-normal\artifacts\episode-simulation_normal_beers_wavelength_model_qwen25_vl_7b-04_latest\steps.json,\home\lly\projects\project\wandb_downloads_student_simulation_5projects\scientific-exploration-increase-student-simulation-simulation-normal\artifacts\episode-simulation_normal_beers_wavelength_model_qwen25_vl_7b-04_latest\summary.json,\home\lly\projects\project\wandb_downloads_student_simulation_5projects\scientific-exploration-increase-student-simulation-simulation-normal\artifacts\episode-simulation_normal_beers_wavelength_model_qwen25_vl_7b-04_latest\trajectory.json,\home\lly\projects\project\wandb_downloads_student_simulation_5projects\scientific-exploration-increase-student-simulation-simulation-normal\artifacts\episode-simulation_normal_beers_wavelength_model_qwen25_vl_7b-04_latest\interaction_log.json,qwen25_vl,7b,model__scientific-exploration-increase-student-simulation-simulation-normal__simulation_only__normal__beers_wavelength__qwen25_vl_7b__run04,"[""increase_wavelength"", ""increase_wavelength"", ""finish""]","[""increase_wavelength"", ""increase_wavelength"", ""finish""]",increase_wavelength -> increase_wavelength -> finish,increase_wavelength -> increase_wavelength -> finish,"[""increase wavelength"", ""increase wavelength"", ""finish""]",increase wavelength -> increase wavelength -> finish,3,2,True,2.0,1,True,False,False,2,0,2,0,0,0,increase_wavelength,finish,increase_wavelength,wavelength,0.9182958340544896,0,0,False,False,True,False,,3,2,model_finish,True,
model,beers,beers_wavelength,simulation_only,normal,simulation_only_normal,qwen25_vl_7b,0,scientific-exploration-increase-student-simulation-simulation-normal,episode-simulation_normal_beers_wavelength_model_qwen25_vl_7b-00_latest,\home\lly\projects\project\wandb_downloads_student_simulation_5projects,\home\lly\projects\project\wandb_downloads_student_simulation_5projects\scientific-exploration-increase-student-simulation-simulation-normal\artifacts\episode-simulation_normal_beers_wavelength_model_qwen25_vl_7b-00_latest,\home\lly\projects\project\wandb_downloads_student_simulation_5projects\scientific-exploration-increase-student-simulation-simulation-normal\artifacts\episode-simulation_normal_beers_wavelength_model_qwen25_vl_7b-00_latest\steps.json,\home\lly\projects\project\wandb_downloads_student_simulation_5projects\scientific-exploration-increase-student-simulation-simulation-normal\artifacts\episode-simulation_normal_beers_wavelength_model_qwen25_vl_7b-00_latest\summary.json,\home\lly\projects\project\wandb_downloads_student_simulation_5projects\scientific-exploration-increase-student-simulation-simulation-normal\artifacts\episode-simulation_normal_beers_wavelength_model_qwen25_vl_7b-00_latest\trajectory.json,\home\lly\projects\project\wandb_downloads_student_simulation_5projects\scientific-exploration-increase-student-simulation-simulation-normal\artifacts\episode-simulation_normal_beers_wavelength_model_qwen25_vl_7b-00_latest\interaction_log.json,qwen25_vl,7b,model__scientific-exploration-increase-student-simulation-simulation-normal__simulation_only__normal__beers_wavelength__qwen25_vl_7b__run00,"[""increase_wavelength"", ""increase_wavelength"", ""increase_wavelength"", ""decrease_wavelength"", ""decrease_wavelength"", ""decrease_wavelength"", ""increase_wavelength"", ""increase_wavelength"", ""finish""]","[""increase_wavelength"", ""increase_wavelength"", ""increase_wavelength"", ""decrease_wavelength"", ""decrease_wavelength"", ""decrease_wavelength"", ""increase_wavelength"", ""increase_wavelength"", ""finish""]",increase_wavelength -> increase_wavelength -> increase_wavelength -> decrease_wavelength -> decrease_wavelength -> decrease_wavelength -> increase_wavelength -> increase_wavelength -> finish,increase_wavelength -> increase_wavelength -> increase_wavelength -> decrease_wavelength -> decrease_wavelength -> decrease_wavelength -> increase_wavelength -> increase_wavelength -> finish,"[""increase wavelength"", ""increase wavelength"", ""increase wavelength"", ""decrease wavelength"", ""decrease wavelength"", ""decrease wavelength"", ""increase wavelength"", ""increase wavelength"", ""finish""]",increase wavelength -> increase wavelength -> increase wavelength -> decrease wavelength -> decrease wavelength -> decrease wavelength -> increase wavelength -> increase wavelength -> finish,9,3,True,8.0,1,True,False,False,5,3,8,0,0,2,increase_wavelength,finish,increase_wavelength,wavelength,1.3516441151533922,0,0,False,False,True,False,,9,8,model_finish,True,
model,beers,beers_wavelength,simulation_only,normal,simulation_only_normal,qwen25_vl_3b,3,scientific-exploration-increase-student-simulation-simulation-normal,episode-simulation_normal_beers_wavelength_model_qwen25_vl_3b-03_latest,\home\lly\projects\project\wandb_downloads_student_simulation_5projects,\home\lly\projects\project\wandb_downloads_student_simulation_5projects\scientific-exploration-increase-student-simulation-simulation-normal\artifacts\episode-simulation_normal_beers_wavelength_model_qwen25_vl_3b-03_latest,\home\lly\projects\project\wandb_downloads_student_simulation_5projects\scientific-exploration-increase-student-simulation-simulation-normal\artifacts\episode-simulation_normal_beers_wavelength_model_qwen25_vl_3b-03_latest\steps.json,\home\lly\projects\project\wandb_downloads_student_simulation_5projects\scientific-exploration-increase-student-simulation-simulation-normal\artifacts\episode-simulation_normal_beers_wavelength_model_qwen25_vl_3b-03_latest\summary.json,\home\lly\projects\project\wandb_downloads_student_simulation_5projects\scientific-exploration-increase-student-simulation-simulation-normal\artifacts\episode-simulation_normal_beers_wavelength_model_qwen25_vl_3b-03_latest\trajectory.json,\home\lly\projects\project\wandb_downloads_student_simulation_5projects\scientific-exploration-increase-student-simulation-simulation-normal\artifacts\episode-simulation_normal_beers_wavelength_model_qwen25_vl_3b-03_latest\interaction_log.json,qwen25_vl,3b,model__scientific-exploration-increase-student-simulation-simulation-normal__simulation_only__normal__beers_wavelength__qwen25_vl_3b__run03,"[""increase_wavelength"", ""increase_wavelength"", ""increase_wavelength"", ""increase_wavelength"", ""increase_wavelength"", ""increase_wavelength"", ""increase_wavelength"", ""increase_wavelength"", ""increase_concentration"", ""increase_wavelength"", ""increase_concentration"", ""increase_wavelength"", ""increase_wavelength"", ""increase_wavelength"", ""decrease_path_length"", ""increase_wavelength"", ""increase_wavelength"", ""increase_wavelength"", ""increase_wavelength"", ""increase_wavelength"", ""increase_wavelength"", ""increase_wavelength"", ""increase_wavelength"", ""increase_wavelength"", ""increase_wavelength"", ""increase_wavelength"", ""increase_wavelength"", ""increase_wavelength"", ""finish""]","[""increase_wavelength"", ""increase_wavelength"", ""increase_wavelength"", ""increase_wavelength"", ""increase_wavelength"", ""increase_wavelength"", ""increase_wavelength"", ""increase_wavelength"", ""increase_concentration"", ""increase_wavelength"", ""increase_concentration"", ""increase_wavelength"", ""increase_wavelength"", ""increase_wavelength"", ""decrease_path_length"", ""increase_wavelength"", ""increase_wavelength"", ""increase_wavelength"", ""increase_wavelength"", ""increase_wavelength"", ""increase_wavelength"", ""increase_wavelength"", ""increase_wavelength"", ""increase_wavelength"", ""increase_wavelength"", ""increase_wavelength"", ""increase_wavelength"", ""increase_wavelength"", ""finish""]",increase_wavelength -> increase_wavelength -> increase_wavelength -> increase_wavelength -> increase_wavelength -> increase_wavelength -> increase_wavelength -> increase_wavelength -> increase_concentration -> increase_wavelength -> increase_concentration -> increase_wavelength -> increase_wavelength -> increase_wavelength -> decrease_path_length -> increase_wavelength -> increase_wavelength -> increase_wavelength -> increase_wavelength -> increase_wavelength -> increase_wavelength -> increase_wavelength -> increase_wavelength -> increase_wavelength -> increase_wavelength -> increase_wavelength -> increase_wavelength -> increase_wavelength -> finish,increase_wavelength -> increase_wavelength -> increase_wavelength -> increase_wavelength -> increase_wavelength -> increase_wavelength -> increase_wavelength -> increase_wavelength -> increase_concentration -> increase_wavelength -> increase_concentration -> increase_wavelength -> increase_wavelength -> increase_wavelength -> decrease_path_length -> increase_wavelength -> increase_wavelength -> increase_wavelength -> increase_wavelength -> increase_wavelength -> increase_wavelength -> increase_wavelength -> increase_wavelength -> increase_wavelength -> increase_wavelength -> increase_wavelength -> increase_wavelength -> increase_wavelength -> finish,"[""increase wavelength"", ""increase wavelength"", ""increase wavelength"", ""increase wavelength"", ""increase wavelength"", ""increase wavelength"", ""increase wavelength"", ""increase wavelength"", ""increase concentration"", ""increase wavelength"", ""increase concentration"", ""increase wavelength"", ""increase wavelength"", ""increase wavelength"", ""decrease path_length"", ""increase wavelength"", ""increase wavelength"", ""increase wavelength"", ""increase wavelength"", ""increase wavelength"", ""increase wavelength"", ""increase wavelength"", ""increase wavelength"", ""increase wavelength"", ""increase wavelength"", ""increase wavelength"", ""increase wavelength"", ""increase wavelength"", ""finish""]",increase wavelength -> increase wavelength -> increase wavelength -> increase wavelength -> increase wavelength -> increase wavelength -> increase wavelength -> increase wavelength -> increase concentration -> increase wavelength -> increase concentration -> increase wavelength -> increase wavelength -> increase wavelength -> decrease path_length -> increase wavelength -> increase wavelength -> increase wavelength -> increase wavelength -> increase wavelength -> increase wavelength -> increase wavelength -> increase wavelength -> increase wavelength -> increase wavelength -> increase wavelength -> increase wavelength -> increase wavelength -> finish,29,4,True,28.0,1,True,False,False,27,1,25,2,1,0,increase_wavelength,finish,increase_wavelength,wavelength,0.7856911763562577,0,0,False,False,True,False,,29,28,model_finish,True,
model,beers,beers_wavelength,simulation_only,normal,simulation_only_normal,qwen25_vl_7b,5,scientific-exploration-increase-student-simulation-simulation-normal,episode-simulation_normal_beers_wavelength_model_qwen25_vl_7b-05_latest,\home\lly\projects\project\wandb_downloads_student_simulation_5projects,\home\lly\projects\project\wandb_downloads_student_simulation_5projects\scientific-exploration-increase-student-simulation-simulation-normal\artifacts\episode-simulation_normal_beers_wavelength_model_qwen25_vl_7b-05_latest,\home\lly\projects\project\wandb_downloads_student_simulation_5projects\scientific-exploration-increase-student-simulation-simulation-normal\artifacts\episode-simulation_normal_beers_wavelength_model_qwen25_vl_7b-05_latest\steps.json,\home\lly\projects\project\wandb_downloads_student_simulation_5projects\scientific-exploration-increase-student-simulation-simulation-normal\artifacts\episode-simulation_normal_beers_wavelength_model_qwen25_vl_7b-05_latest\summary.json,\home\lly\projects\project\wandb_downloads_student_simulation_5projects\scientific-exploration-increase-student-simulation-simulation-normal\artifacts\episode-simulation_normal_beers_wavelength_model_qwen25_vl_7b-05_latest\trajectory.json,\home\lly\projects\project\wandb_downloads_student_simulation_5projects\scientific-exploration-increase-student-simulation-simulation-normal\artifacts\episode-simulation_normal_beers_wavelength_model_qwen25_vl_7b-05_latest\interaction_log.json,qwen25_vl,7b,model__scientific-exploration-increase-student-simulation-simulation-normal__simulation_only__normal__beers_wavelength__qwen25_vl_7b__run05,"[""increase_wavelength"", ""increase_wavelength"", ""increase_wavelength"", ""decrease_wavelength"", ""decrease_wavelength"", ""increase_wavelength"", ""increase_wavelength"", ""increase_wavelength"", ""decrease_wavelength"", ""increase_concentration"", ""decrease_wavelength"", ""increase_path_length"", ""increase_path_length"", ""finish""]","[""increase_wavelength"", ""increase_wavelength"", ""increase_wavelength"", ""decrease_wavelength"", ""decrease_wavelength"", ""increase_wavelength"", ""increase_wavelength"", ""increase_wavelength"", ""decrease_wavelength"", ""increase_concentration"", ""decrease_wavelength"", ""increase_path_length"", ""increase_path_length"", ""finish""]",increase_wavelength -> increase_wavelength -> increase_wavelength -> decrease_wavelength -> decrease_wavelength -> increase_wavelength -> increase_wavelength -> increase_wavelength -> decrease_wavelength -> increase_concentration -> decrease_wavelength -> increase_path_length -> increase_path_length -> finish,increase_wavelength -> increase_wavelength -> increase_wavelength -> decrease_wavelength -> decrease_wavelength -> increase_wavelength -> increase_wavelength -> increase_wavelength -> decrease_wavelength -> increase_concentration -> decrease_wavelength -> increase_path_length -> increase_path_length -> finish,"[""increase wavelength"", ""increase wavelength"", ""increase wavelength"", ""decrease wavelength"", ""decrease wavelength"", ""increase wavelength"", ""increase wavelength"", ""increase wavelength"", ""decrease wavelength"", ""increase concentration"", ""decrease wavelength"", ""increase path_length"", ""increase path_length"", ""finish""]",increase wavelength -> increase wavelength -> increase wavelength -> decrease wavelength -> decrease wavelength -> increase wavelength -> increase wavelength -> increase wavelength -> decrease wavelength -> increase concentration -> decrease wavelength -> increase path_length -> increase path_length -> finish,14,5,True,13.0,1,True,False,False,9,4,10,1,2,3,increase_wavelength,finish,increase_wavelength,wavelength,1.9852281360342514,0,0,False,False,True,False,,14,13,model_finish,True,
model,beers,beers_wavelength,simulation_only,normal,simulation_only_normal,qwen25_vl_3b,9,scientific-exploration-increase-student-simulation-simulation-normal,episode-simulation_normal_beers_wavelength_model_qwen25_vl_3b-09_latest,\home\lly\projects\project\wandb_downloads_student_simulation_5projects,\home\lly\projects\project\wandb_downloads_student_simulation_5projects\scientific-exploration-increase-student-simulation-simulation-normal\artifacts\episode-simulation_normal_beers_wavelength_model_qwen25_vl_3b-09_latest,\home\lly\projects\project\wandb_downloads_student_simulation_5projects\scientific-exploration-increase-student-simulation-simulation-normal\artifacts\episode-simulation_normal_beers_wavelength_model_qwen25_vl_3b-09_latest\steps.json,\home\lly\projects\project\wandb_downloads_student_simulation_5projects\scientific-exploration-increase-student-simulation-simulation-normal\artifacts\episode-simulation_normal_beers_wavelength_model_qwen25_vl_3b-09_latest\summary.json,\home\lly\projects\project\wandb_downloads_student_simulation_5projects\scientific-exploration-increase-student-simulation-simulation-normal\artifacts\episode-simulation_normal_beers_wavelength_model_qwen25_vl_3b-09_latest\trajectory.json,\home\lly\projects\project\wandb_downloads_student_simulation_5projects\scientific-exploration-increase-student-simulation-simulation-normal\artifacts\episode-simulation_normal_beers_wavelength_model_qwen25_vl_3b-09_latest\interaction_log.json,qwen25_vl,3b,model__scientific-exploration-increase-student-simulation-simulation-normal__simulation_only__normal__beers_wavelength__qwen25_vl_3b__run09,"[""increase_wavelength"", ""increase_wavelength"", ""increase_wavelength"", ""increase_wavelength"", ""increase_wavelength"", ""increase_wavelength"", ""increase_wavelength"", ""increase_path_length"", ""increase_path_length"", ""increase_path_length"", ""increase_path_length"", ""finish""]","[""increase_wavelength"", ""increase_wavelength"", ""increase_wavelength"", ""increase_wavelength"", ""increase_wavelength"", ""increase_wavelength"", ""increase_wavelength"", ""increase_path_length"", ""increase_path_length"", ""increase_path_length"", ""increase_path_length"", ""finish""]",increase_wavelength -> increase_wavelength -> increase_wavelength -> increase_wavelength -> increase_wavelength -> increase_wavelength -> increase_wavelength -> increase_path_length -> increase_path_length -> increase_path_length -> increase_path_length -> finish,increase_wavelength -> increase_wavelength -> increase_wavelength -> increase_wavelength -> increase_wavelength -> increase_wavelength -> increase_wavelength -> increase_path_length -> increase_path_length -> increase_path_length -> increase_path_length -> finish,"[""increase wavelength"", ""increase wavelength"", ""increase wavelength"", ""increase wavelength"", ""increase wavelength"", ""increase wavelength"", ""increase wavelength"", ""increase path_length"", ""increase path_length"", ""increase path_length"", ""increase path_length"", ""finish""]",increase wavelength -> increase wavelength -> increase wavelength -> increase wavelength -> increase wavelength -> increase wavelength -> increase wavelength -> increase path_length -> increase path_length -> increase path_length -> increase path_length -> finish,12,3,True,11.0,1,True,False,False,11,0,7,0,4,0,increase_wavelength,finish,increase_wavelength,wavelength,1.2806721295208872,0,0,False,False,True,False,,12,11,model_finish,True,
model,beers,beers_wavelength,simulation_only,normal,simulation_only_normal,qwen25_vl_7b,3,scientific-exploration-increase-student-simulation-simulation-normal,episode-simulation_normal_beers_wavelength_model_qwen25_vl_7b-03_latest,\home\lly\projects\project\wandb_downloads_student_simulation_5projects,\home\lly\projects\project\wandb_downloads_student_simulation_5projects\scientific-exploration-increase-student-simulation-simulation-normal\artifacts\episode-simulation_normal_beers_wavelength_model_qwen25_vl_7b-03_latest,\home\lly\projects\project\wandb_downloads_student_simulation_5projects\scientific-exploration-increase-student-simulation-simulation-normal\artifacts\episode-simulation_normal_beers_wavelength_model_qwen25_vl_7b-03_latest\steps.json,\home\lly\projects\project\wandb_downloads_student_simulation_5projects\scientific-exploration-increase-student-simulation-simulation-normal\artifacts\episode-simulation_normal_beers_wavelength_model_qwen25_vl_7b-03_latest\summary.json,\home\lly\projects\project\wandb_downloads_student_simulation_5projects\scientific-exploration-increase-student-simulation-simulation-normal\artifacts\episode-simulation_normal_beers_wavelength_model_qwen25_vl_7b-03_latest\trajectory.json,\home\lly\projects\project\wandb_downloads_student_simulation_5projects\scientific-exploration-increase-student-simulation-simulation-normal\artifacts\episode-simulation_normal_beers_wavelength_model_qwen25_vl_7b-03_latest\interaction_log.json,qwen25_vl,7b,model__scientific-exploration-increase-student-simulation-simulation-normal__simulation_only__normal__beers_wavelength__qwen25_vl_7b__run03,"[""increase_wavelength"", ""increase_wavelength"", ""increase_wavelength"", ""finish""]","[""increase_wavelength"", ""increase_wavelength"", ""increase_wavelength"", ""finish""]",increase_wavelength -> increase_wavelength -> increase_wavelength -> finish,increase_wavelength -> increase_wavelength -> increase_wavelength -> finish,"[""increase wavelength"", ""increase wavelength"", ""increase wavelength"", ""finish""]",increase wavelength -> increase wavelength -> increase wavelength -> finish,4,2,True,3.0,1,True,False,False,3,0,3,0,0,0,increase_wavelength,finish,increase_wavelength,wavelength,0.8112781244591328,0,0,False,False,True,False,,4,3,model_finish,True,
model,beers,beers_wavelength,simulation_only,normal,simulation_only_normal,qwen25_vl_7b,6,scientific-exploration-increase-student-simulation-simulation-normal,episode-simulation_normal_beers_wavelength_model_qwen25_vl_7b-06_latest,\home\lly\projects\project\wandb_downloads_student_simulation_5projects,\home\lly\projects\project\wandb_downloads_student_simulation_5projects\scientific-exploration-increase-student-simulation-simulation-normal\artifacts\episode-simulation_normal_beers_wavelength_model_qwen25_vl_7b-06_latest,\home\lly\projects\project\wandb_downloads_student_simulation_5projects\scientific-exploration-increase-student-simulation-simulation-normal\artifacts\episode-simulation_normal_beers_wavelength_model_qwen25_vl_7b-06_latest\steps.json,\home\lly\projects\project\wandb_downloads_student_simulation_5projects\scientific-exploration-increase-student-simulation-simulation-normal\artifacts\episode-simulation_normal_beers_wavelength_model_qwen25_vl_7b-06_latest\summary.json,\home\lly\projects\project\wandb_downloads_student_simulation_5projects\scientific-exploration-increase-student-simulation-simulation-normal\artifacts\episode-simulation_normal_beers_wavelength_model_qwen25_vl_7b-06_latest\trajectory.json,\home\lly\projects\project\wandb_downloads_student_simulation_5projects\scientific-exploration-increase-student-simulation-simulation-normal\artifacts\episode-simulation_normal_beers_wavelength_model_qwen25_vl_7b-06_latest\interaction_log.json,qwen25_vl,7b,model__scientific-exploration-increase-student-simulation-simulation-normal__simulation_only__normal__beers_wavelength__qwen25_vl_7b__run06,"[""increase_concentration"", ""increase_concentration"", ""increase_concentration"", ""increase_path_length"", ""decrease_concentration"", ""increase_wavelength"", ""increase_wavelength"", ""increase_wavelength"", ""increase_wavelength"", ""finish""]","[""increase_concentration"", ""increase_concentration"", ""increase_concentration"", ""increase_path_length"", ""decrease_concentration"", ""increase_wavelength"", ""increase_wavelength"", ""increase_wavelength"", ""increase_wavelength"", ""finish""]",increase_concentration -> increase_concentration -> increase_concentration -> increase_path_length -> decrease_concentration -> increase_wavelength -> increase_wavelength -> increase_wavelength -> increase_wavelength -> finish,increase_concentration -> increase_concentration -> increase_concentration -> increase_path_length -> decrease_concentration -> increase_wavelength -> increase_wavelength -> increase_wavelength -> increase_wavelength -> finish,"[""increase concentration"", ""increase concentration"", ""increase concentration"", ""increase path_length"", ""decrease concentration"", ""increase wavelength"", ""increase wavelength"", ""increase wavelength"", ""increase wavelength"", ""finish""]",increase concentration -> increase concentration -> increase concentration -> increase path_length -> decrease concentration -> increase wavelength -> increase wavelength -> increase wavelength -> increase wavelength -> finish,10,5,True,9.0,1,True,False,False,8,1,4,4,1,0,increase_concentration,finish,increase_wavelength,concentration,2.046439344671015,0,0,False,False,True,False,,10,9,model_finish,True,
model,beers,beers_wavelength,simulation_only,normal,simulation_only_normal,qwen25_vl_3b,0,scientific-exploration-increase-student-simulation-simulation-normal,episode-simulation_normal_beers_wavelength_model_qwen25_vl_3b-00_latest,\home\lly\projects\project\wandb_downloads_student_simulation_5projects,\home\lly\projects\project\wandb_downloads_student_simulation_5projects\scientific-exploration-increase-student-simulation-simulation-normal\artifacts\episode-simulation_normal_beers_wavelength_model_qwen25_vl_3b-00_latest,\home\lly\projects\project\wandb_downloads_student_simulation_5projects\scientific-exploration-increase-student-simulation-simulation-normal\artifacts\episode-simulation_normal_beers_wavelength_model_qwen25_vl_3b-00_latest\steps.json,\home\lly\projects\project\wandb_downloads_student_simulation_5projects\scientific-exploration-increase-student-simulation-simulation-normal\artifacts\episode-simulation_normal_beers_wavelength_model_qwen25_vl_3b-00_latest\summary.json,\home\lly\projects\project\wandb_downloads_student_simulation_5projects\scientific-exploration-increase-student-simulation-simulation-normal\artifacts\episode-simulation_normal_beers_wavelength_model_qwen25_vl_3b-00_latest\trajectory.json,\home\lly\projects\project\wandb_downloads_student_simulation_5projects\scientific-exploration-increase-student-simulation-simulation-normal\artifacts\episode-simulation_normal_beers_wavelength_model_qwen25_vl_3b-00_latest\interaction_log.json,qwen25_vl,3b,model__scientific-exploration-increase-student-simulation-simulation-normal__simulation_only__normal__beers_wavelength__qwen25_vl_3b__run00,"[""increase_wavelength"", ""increase_wavelength"", ""increase_wavelength"", ""increase_concentration"", ""increase_path_length"", ""finish""]","[""increase_wavelength"", ""increase_wavelength"", ""increase_wavelength"", ""increase_concentration"", ""increase_path_length"", ""finish""]",increase_wavelength -> increase_wavelength -> increase_wavelength -> increase_concentration -> increase_path_length -> finish,increase_wavelength -> increase_wavelength -> increase_wavelength -> increase_concentration -> increase_path_length -> finish,"[""increase wavelength"", ""increase wavelength"", ""increase wavelength"", ""increase concentration"", ""increase path_length"", ""finish""]",increase wavelength -> increase wavelength -> increase wavelength -> increase concentration -> increase path_length -> finish,6,4,True,5.0,1,True,False,False,5,0,3,1,1,0,increase_wavelength,finish,increase_wavelength,wavelength,1.7924812503605778,0,0,False,False,True,False,,6,5,model_finish,True,
model,beers,beers_wavelength,simulation_only,normal,simulation_only_normal,qwen25_vl_7b,9,scientific-exploration-increase-student-simulation-simulation-normal,episode-simulation_normal_beers_wavelength_model_qwen25_vl_7b-09_latest,\home\lly\projects\project\wandb_downloads_student_simulation_5projects,\home\lly\projects\project\wandb_downloads_student_simulation_5projects\scientific-exploration-increase-student-simulation-simulation-normal\artifacts\episode-simulation_normal_beers_wavelength_model_qwen25_vl_7b-09_latest,\home\lly\projects\project\wandb_downloads_student_simulation_5projects\scientific-exploration-increase-student-simulation-simulation-normal\artifacts\episode-simulation_normal_beers_wavelength_model_qwen25_vl_7b-09_latest\steps.json,\home\lly\projects\project\wandb_downloads_student_simulation_5projects\scientific-exploration-increase-student-simulation-simulation-normal\artifacts\episode-simulation_normal_beers_wavelength_model_qwen25_vl_7b-09_latest\summary.json,\home\lly\projects\project\wandb_downloads_student_simulation_5projects\scientific-exploration-increase-student-simulation-simulation-normal\artifacts\episode-simulation_normal_beers_wavelength_model_qwen25_vl_7b-09_latest\trajectory.json,\home\lly\projects\project\wandb_downloads_student_simulation_5projects\scientific-exploration-increase-student-simulation-simulation-normal\artifacts\episode-simulation_normal_beers_wavelength_model_qwen25_vl_7b-09_latest\interaction_log.json,qwen25_vl,7b,model__scientific-exploration-increase-student-simulation-simulation-normal__simulation_only__normal__beers_wavelength__qwen25_vl_7b__run09,"[""increase_concentration"", ""increase_concentration"", ""increase_concentration"", ""increase_concentration"", ""increase_path_length"", ""increase_concentration"", ""increase_concentration"", ""increase_path_length"", ""decrease_concentration"", ""increase_concentration"", ""increase_concentration"", ""increase_concentration"", ""decrease_concentration"", ""decrease_concentration"", ""finish""]","[""increase_concentration"", ""increase_concentration"", ""increase_concentration"", ""increase_concentration"", ""increase_path_length"", ""increase_concentration"", ""increase_concentration"", ""increase_path_length"", ""decrease_concentration"", ""increase_concentration"", ""increase_concentration"", ""increase_concentration"", ""decrease_concentration"", ""decrease_concentration"", ""finish""]",increase_concentration -> increase_concentration -> increase_concentration -> increase_concentration -> increase_path_length -> increase_concentration -> increase_concentration -> increase_path_length -> decrease_concentration -> increase_concentration -> increase_concentration -> increase_concentration -> decrease_concentration -> decrease_concentration -> finish,increase_concentration -> increase_concentration -> increase_concentration -> increase_concentration -> increase_path_length -> increase_concentration -> increase_concentration -> increase_path_length -> decrease_concentration -> increase_concentration -> increase_concentration -> increase_concentration -> decrease_concentration -> decrease_concentration -> finish,"[""increase concentration"", ""increase concentration"", ""increase concentration"", ""increase concentration"", ""increase path_length"", ""increase concentration"", ""increase concentration"", ""increase path_length"", ""decrease concentration"", ""increase concentration"", ""increase concentration"", ""increase concentration"", ""decrease concentration"", ""decrease concentration"", ""finish""]",increase concentration -> increase concentration -> increase concentration -> increase concentration -> increase path_length -> increase concentration -> increase concentration -> increase path_length -> decrease concentration -> increase concentration -> increase concentration -> increase concentration -> decrease concentration -> decrease concentration -> finish,15,4,True,14.0,1,True,False,False,11,3,0,12,2,2,increase_concentration,finish,increase_concentration,concentration,1.5546097612655667,0,0,False,False,True,False,,15,14,model_finish,True,
model,beers,beers_wavelength,simulation_only,normal,simulation_only_normal,qwen25_vl_3b,5,scientific-exploration-increase-student-simulation-simulation-normal,episode-simulation_normal_beers_wavelength_model_qwen25_vl_3b-05_latest,\home\lly\projects\project\wandb_downloads_student_simulation_5projects,\home\lly\projects\project\wandb_downloads_student_simulation_5projects\scientific-exploration-increase-student-simulation-simulation-normal\artifacts\episode-simulation_normal_beers_wavelength_model_qwen25_vl_3b-05_latest,\home\lly\projects\project\wandb_downloads_student_simulation_5projects\scientific-exploration-increase-student-simulation-simulation-normal\artifacts\episode-simulation_normal_beers_wavelength_model_qwen25_vl_3b-05_latest\steps.json,\home\lly\projects\project\wandb_downloads_student_simulation_5projects\scientific-exploration-increase-student-simulation-simulation-normal\artifacts\episode-simulation_normal_beers_wavelength_model_qwen25_vl_3b-05_latest\summary.json,\home\lly\projects\project\wandb_downloads_student_simulation_5projects\scientific-exploration-increase-student-simulation-simulation-normal\artifacts\episode-simulation_normal_beers_wavelength_model_qwen25_vl_3b-05_latest\trajectory.json,\home\lly\projects\project\wandb_downloads_student_simulation_5projects\scientific-exploration-increase-student-simulation-simulation-normal\artifacts\episode-simulation_normal_beers_wavelength_model_qwen25_vl_3b-05_latest\interaction_log.json,qwen25_vl,3b,model__scientific-exploration-increase-student-simulation-simulation-normal__simulation_only__normal__beers_wavelength__qwen25_vl_3b__run05,"[""increase_wavelength"", ""increase_wavelength"", ""increase_wavelength"", ""increase_wavelength"", ""finish""]","[""increase_wavelength"", ""increase_wavelength"", ""increase_wavelength"", ""increase_wavelength"", ""finish""]",increase_wavelength -> increase_wavelength -> increase_wavelength -> increase_wavelength -> finish,increase_wavelength -> increase_wavelength -> increase_wavelength -> increase_wavelength -> finish,"[""increase wavelength"", ""increase wavelength"", ""increase wavelength"", ""increase wavelength"", ""finish""]",increase wavelength -> increase wavelength -> increase wavelength -> increase wavelength -> finish,5,2,True,4.0,1,True,False,False,4,0,4,0,0,0,increase_wavelength,finish,increase_wavelength,wavelength,0.7219280948873623,0,0,False,False,True,False,,5,4,model_finish,True,
model,beers,beers_wavelength,simulation_only,normal,simulation_only_normal,qwen25_vl_3b,7,scientific-exploration-increase-student-simulation-simulation-normal,episode-simulation_normal_beers_wavelength_model_qwen25_vl_3b-07_latest,\home\lly\projects\project\wandb_downloads_student_simulation_5projects,\home\lly\projects\project\wandb_downloads_student_simulation_5projects\scientific-exploration-increase-student-simulation-simulation-normal\artifacts\episode-simulation_normal_beers_wavelength_model_qwen25_vl_3b-07_latest,\home\lly\projects\project\wandb_downloads_student_simulation_5projects\scientific-exploration-increase-student-simulation-simulation-normal\artifacts\episode-simulation_normal_beers_wavelength_model_qwen25_vl_3b-07_latest\steps.json,\home\lly\projects\project\wandb_downloads_student_simulation_5projects\scientific-exploration-increase-student-simulation-simulation-normal\artifacts\episode-simulation_normal_beers_wavelength_model_qwen25_vl_3b-07_latest\summary.json,\home\lly\projects\project\wandb_downloads_student_simulation_5projects\scientific-exploration-increase-student-simulation-simulation-normal\artifacts\episode-simulation_normal_beers_wavelength_model_qwen25_vl_3b-07_latest\trajectory.json,\home\lly\projects\project\wandb_downloads_student_simulation_5projects\scientific-exploration-increase-student-simulation-simulation-normal\artifacts\episode-simulation_normal_beers_wavelength_model_qwen25_vl_3b-07_latest\interaction_log.json,qwen25_vl,3b,model__scientific-exploration-increase-student-simulation-simulation-normal__simulation_only__normal__beers_wavelength__qwen25_vl_3b__run07,"[""increase_wavelength"", ""increase_wavelength"", ""increase_wavelength"", ""increase_wavelength"", ""increase_wavelength"", ""increase_wavelength"", ""increase_wavelength"", ""increase_wavelength"", ""increase_wavelength"", ""decrease_concentration"", ""increase_wavelength"", ""increase_wavelength"", ""increase_wavelength"", ""increase_wavelength"", ""increase_wavelength"", ""increase_wavelength"", ""increase_wavelength"", ""increase_wavelength"", ""increase_wavelength"", ""increase_wavelength"", ""increase_wavelength"", ""increase_concentration"", ""increase_wavelength"", ""increase_concentration"", ""increase_concentration"", ""increase_wavelength"", ""increase_wavelength"", ""increase_wavelength"", ""increase_wavelength"", ""increase_path_length"", ""increase_wavelength"", ""increase_wavelength"", ""increase_wavelength"", ""increase_concentration"", ""increase_concentration"", ""increase_wavelength"", ""increase_wavelength"", ""increase_wavelength"", ""increase_wavelength"", ""increase_wavelength"", ""increase_wavelength"", ""increase_wavelength"", ""increase_wavelength"", ""increase_wavelength"", ""increase_wavelength"", ""increase_wavelength"", ""finish""]","[""increase_wavelength"", ""increase_wavelength"", ""increase_wavelength"", ""increase_wavelength"", ""increase_wavelength"", ""increase_wavelength"", ""increase_wavelength"", ""increase_wavelength"", ""increase_wavelength"", ""decrease_concentration"", ""increase_wavelength"", ""increase_wavelength"", ""increase_wavelength"", ""increase_wavelength"", ""increase_wavelength"", ""increase_wavelength"", ""increase_wavelength"", ""increase_wavelength"", ""increase_wavelength"", ""increase_wavelength"", ""increase_wavelength"", ""increase_concentration"", ""increase_wavelength"", ""increase_concentration"", ""increase_concentration"", ""increase_wavelength"", ""increase_wavelength"", ""increase_wavelength"", ""increase_wavelength"", ""increase_path_length"", ""increase_wavelength"", ""increase_wavelength"", ""increase_wavelength"", ""increase_concentration"", ""increase_concentration"", ""increase_wavelength"", ""increase_wavelength"", ""increase_wavelength"", ""increase_wavelength"", ""increase_wavelength"", ""increase_wavelength"", ""increase_wavelength"", ""increase_wavelength"", ""increase_wavelength"", ""increase_wavelength"", ""increase_wavelength"", ""finish""]",increase_wavelength -> increase_wavelength -> increase_wavelength -> increase_wavelength -> increase_wavelength -> increase_wavelength -> increase_wavelength -> increase_wavelength -> increase_wavelength -> decrease_concentration -> increase_wavelength -> increase_wavelength -> increase_wavelength -> increase_wavelength -> increase_wavelength -> increase_wavelength -> increase_wavelength -> increase_wavelength -> increase_wavelength -> increase_wavelength -> increase_wavelength -> increase_concentration -> increase_wavelength -> increase_concentration -> increase_concentration -> increase_wavelength -> increase_wavelength -> increase_wavelength -> increase_wavelength -> increase_path_length -> increase_wavelength -> increase_wavelength -> increase_wavelength -> increase_concentration -> increase_concentration -> increase_wavelength -> increase_wavelength -> increase_wavelength -> increase_wavelength -> increase_wavelength -> increase_wavelength -> increase_wavelength -> increase_wavelength -> increase_wavelength -> increase_wavelength -> increase_wavelength -> finish,increase_wavelength -> increase_wavelength -> increase_wavelength -> increase_wavelength -> increase_wavelength -> increase_wavelength -> increase_wavelength -> increase_wavelength -> increase_wavelength -> decrease_concentration -> increase_wavelength -> increase_wavelength -> increase_wavelength -> increase_wavelength -> increase_wavelength -> increase_wavelength -> increase_wavelength -> increase_wavelength -> increase_wavelength -> increase_wavelength -> increase_wavelength -> increase_concentration -> increase_wavelength -> increase_concentration -> increase_concentration -> increase_wavelength -> increase_wavelength -> increase_wavelength -> increase_wavelength -> increase_path_length -> increase_wavelength -> increase_wavelength -> increase_wavelength -> increase_concentration -> increase_concentration -> increase_wavelength -> increase_wavelength -> increase_wavelength -> increase_wavelength -> increase_wavelength -> increase_wavelength -> increase_wavelength -> increase_wavelength -> increase_wavelength -> increase_wavelength -> increase_wavelength -> finish,"[""increase wavelength"", ""increase wavelength"", ""increase wavelength"", ""increase wavelength"", ""increase wavelength"", ""increase wavelength"", ""increase wavelength"", ""increase wavelength"", ""increase wavelength"", ""decrease concentration"", ""increase wavelength"", ""increase wavelength"", ""increase wavelength"", ""increase wavelength"", ""increase wavelength"", ""increase wavelength"", ""increase wavelength"", ""increase wavelength"", ""increase wavelength"", ""increase wavelength"", ""increase wavelength"", ""increase concentration"", ""increase wavelength"", ""increase concentration"", ""increase concentration"", ""increase wavelength"", ""increase wavelength"", ""increase wavelength"", ""increase wavelength"", ""increase path_length"", ""increase wavelength"", ""increase wavelength"", ""increase wavelength"", ""increase concentration"", ""increase concentration"", ""increase wavelength"", ""increase wavelength"", ""increase wavelength"", ""increase wavelength"", ""increase wavelength"", ""increase wavelength"", ""increase wavelength"", ""increase wavelength"", ""increase wavelength"", ""increase wavelength"", ""increase wavelength"", ""finish""]",increase wavelength -> increase wavelength -> increase wavelength -> increase wavelength -> increase wavelength -> increase wavelength -> increase wavelength -> increase wavelength -> increase wavelength -> decrease concentration -> increase wavelength -> increase wavelength -> increase wavelength -> increase wavelength -> increase wavelength -> increase wavelength -> increase wavelength -> increase wavelength -> increase wavelength -> increase wavelength -> increase wavelength -> increase concentration -> increase wavelength -> increase concentration -> increase concentration -> increase wavelength -> increase wavelength -> increase wavelength -> increase wavelength -> increase path_length -> increase wavelength -> increase wavelength -> increase wavelength -> increase concentration -> increase concentration -> increase wavelength -> increase wavelength -> increase wavelength -> increase wavelength -> increase wavelength -> increase wavelength -> increase wavelength -> increase wavelength -> increase wavelength -> increase wavelength -> increase wavelength -> finish,47,5,True,46.0,1,True,False,False,45,1,39,6,1,0,increase_wavelength,finish,increase_wavelength,wavelength,0.9218159365698823,0,0,False,False,True,False,,47,46,model_finish,True,
model,beers,beers_wavelength,simulation_only,normal,simulation_only_normal,qwen25_vl_3b,1,scientific-exploration-increase-student-simulation-simulation-normal,episode-simulation_normal_beers_wavelength_model_qwen25_vl_3b-01_latest,\home\lly\projects\project\wandb_downloads_student_simulation_5projects,\home\lly\projects\project\wandb_downloads_student_simulation_5projects\scientific-exploration-increase-student-simulation-simulation-normal\artifacts\episode-simulation_normal_beers_wavelength_model_qwen25_vl_3b-01_latest,\home\lly\projects\project\wandb_downloads_student_simulation_5projects\scientific-exploration-increase-student-simulation-simulation-normal\artifacts\episode-simulation_normal_beers_wavelength_model_qwen25_vl_3b-01_latest\steps.json,\home\lly\projects\project\wandb_downloads_student_simulation_5projects\scientific-exploration-increase-student-simulation-simulation-normal\artifacts\episode-simulation_normal_beers_wavelength_model_qwen25_vl_3b-01_latest\summary.json,\home\lly\projects\project\wandb_downloads_student_simulation_5projects\scientific-exploration-increase-student-simulation-simulation-normal\artifacts\episode-simulation_normal_beers_wavelength_model_qwen25_vl_3b-01_latest\trajectory.json,\home\lly\projects\project\wandb_downloads_student_simulation_5projects\scientific-exploration-increase-student-simulation-simulation-normal\artifacts\episode-simulation_normal_beers_wavelength_model_qwen25_vl_3b-01_latest\interaction_log.json,qwen25_vl,3b,model__scientific-exploration-increase-student-simulation-simulation-normal__simulation_only__normal__beers_wavelength__qwen25_vl_3b__run01,"[""increase_wavelength"", ""increase_wavelength"", ""increase_wavelength"", ""increase_wavelength"", ""increase_wavelength"", ""increase_wavelength"", ""increase_concentration"", ""decrease_wavelength"", ""decrease_wavelength"", ""decrease_wavelength"", ""decrease_wavelength"", ""increase_concentration"", ""increase_concentration"", ""increase_concentration"", ""increase_wavelength"", ""increase_wavelength"", ""increase_wavelength"", ""increase_concentration"", ""increase_wavelength"", ""increase_concentration"", ""increase_wavelength"", ""increase_concentration"", ""finish""]","[""increase_wavelength"", ""increase_wavelength"", ""increase_wavelength"", ""increase_wavelength"", ""increase_wavelength"", ""increase_wavelength"", ""increase_concentration"", ""decrease_wavelength"", ""decrease_wavelength"", ""decrease_wavelength"", ""decrease_wavelength"", ""increase_concentration"", ""increase_concentration"", ""increase_concentration"", ""increase_wavelength"", ""increase_wavelength"", ""increase_wavelength"", ""increase_concentration"", ""increase_wavelength"", ""increase_concentration"", ""increase_wavelength"", ""increase_concentration"", ""finish""]",increase_wavelength -> increase_wavelength -> increase_wavelength -> increase_wavelength -> increase_wavelength -> increase_wavelength -> increase_concentration -> decrease_wavelength -> decrease_wavelength -> decrease_wavelength -> decrease_wavelength -> increase_concentration -> increase_concentration -> increase_concentration -> increase_wavelength -> increase_wavelength -> increase_wavelength -> increase_concentration -> increase_wavelength -> increase_concentration -> increase_wavelength -> increase_concentration -> finish,increase_wavelength -> increase_wavelength -> increase_wavelength -> increase_wavelength -> increase_wavelength -> increase_wavelength -> increase_concentration -> decrease_wavelength -> decrease_wavelength -> decrease_wavelength -> decrease_wavelength -> increase_concentration -> increase_concentration -> increase_concentration -> increase_wavelength -> increase_wavelength -> increase_wavelength -> increase_concentration -> increase_wavelength -> increase_concentration -> increase_wavelength -> increase_concentration -> finish,"[""increase wavelength"", ""increase wavelength"", ""increase wavelength"", ""increase wavelength"", ""increase wavelength"", ""increase wavelength"", ""increase concentration"", ""decrease wavelength"", ""decrease wavelength"", ""decrease wavelength"", ""decrease wavelength"", ""increase concentration"", ""increase concentration"", ""increase concentration"", ""increase wavelength"", ""increase wavelength"", ""increase wavelength"", ""increase concentration"", ""increase wavelength"", ""increase concentration"", ""increase wavelength"", ""increase concentration"", ""finish""]",increase wavelength -> increase wavelength -> increase wavelength -> increase wavelength -> increase wavelength -> increase wavelength -> increase concentration -> decrease wavelength -> decrease wavelength -> decrease wavelength -> decrease wavelength -> increase concentration -> increase concentration -> increase concentration -> increase wavelength -> increase wavelength -> increase wavelength -> increase concentration -> increase wavelength -> increase concentration -> increase wavelength -> increase concentration -> finish,23,4,True,22.0,1,True,False,False,18,4,15,7,0,0,increase_wavelength,finish,increase_wavelength,wavelength,1.6668127273868607,0,0,False,False,True,False,,23,22,model_finish,True,
model,beers,beers_wavelength,simulation_only,normal,simulation_only_normal,qwen25_vl_7b,1,scientific-exploration-increase-student-simulation-simulation-normal,episode-simulation_normal_beers_wavelength_model_qwen25_vl_7b-01_latest,\home\lly\projects\project\wandb_downloads_student_simulation_5projects,\home\lly\projects\project\wandb_downloads_student_simulation_5projects\scientific-exploration-increase-student-simulation-simulation-normal\artifacts\episode-simulation_normal_beers_wavelength_model_qwen25_vl_7b-01_latest,\home\lly\projects\project\wandb_downloads_student_simulation_5projects\scientific-exploration-increase-student-simulation-simulation-normal\artifacts\episode-simulation_normal_beers_wavelength_model_qwen25_vl_7b-01_latest\steps.json,\home\lly\projects\project\wandb_downloads_student_simulation_5projects\scientific-exploration-increase-student-simulation-simulation-normal\artifacts\episode-simulation_normal_beers_wavelength_model_qwen25_vl_7b-01_latest\summary.json,\home\lly\projects\project\wandb_downloads_student_simulation_5projects\scientific-exploration-increase-student-simulation-simulation-normal\artifacts\episode-simulation_normal_beers_wavelength_model_qwen25_vl_7b-01_latest\trajectory.json,\home\lly\projects\project\wandb_downloads_student_simulation_5projects\scientific-exploration-increase-student-simulation-simulation-normal\artifacts\episode-simulation_normal_beers_wavelength_model_qwen25_vl_7b-01_latest\interaction_log.json,qwen25_vl,7b,model__scientific-exploration-increase-student-simulation-simulation-normal__simulation_only__normal__beers_wavelength__qwen25_vl_7b__run01,"[""increase_concentration"", ""increase_wavelength"", ""increase_wavelength"", ""increase_path_length"", ""increase_path_length"", ""finish""]","[""increase_concentration"", ""increase_wavelength"", ""increase_wavelength"", ""increase_path_length"", ""increase_path_length"", ""finish""]",increase_concentration -> increase_wavelength -> increase_wavelength -> increase_path_length -> increase_path_length -> finish,increase_concentration -> increase_wavelength -> increase_wavelength -> increase_path_length -> increase_path_length -> finish,"[""increase concentration"", ""increase wavelength"", ""increase wavelength"", ""increase path_length"", ""increase path_length"", ""finish""]",increase concentration -> increase wavelength -> increase wavelength -> increase path_length -> increase path_length -> finish,6,4,True,5.0,1,True,False,False,5,0,2,1,2,0,increase_concentration,finish,increase_wavelength,wavelength,1.9182958340544893,0,0,False,False,True,False,,6,5,model_finish,True,
model,beers,beers_wavelength,simulation_only,normal,simulation_only_normal,qwen25_vl_7b,2,scientific-exploration-increase-student-simulation-simulation-normal,episode-simulation_normal_beers_wavelength_model_qwen25_vl_7b-02_latest,\home\lly\projects\project\wandb_downloads_student_simulation_5projects,\home\lly\projects\project\wandb_downloads_student_simulation_5projects\scientific-exploration-increase-student-simulation-simulation-normal\artifacts\episode-simulation_normal_beers_wavelength_model_qwen25_vl_7b-02_latest,\home\lly\projects\project\wandb_downloads_student_simulation_5projects\scientific-exploration-increase-student-simulation-simulation-normal\artifacts\episode-simulation_normal_beers_wavelength_model_qwen25_vl_7b-02_latest\steps.json,\home\lly\projects\project\wandb_downloads_student_simulation_5projects\scientific-exploration-increase-student-simulation-simulation-normal\artifacts\episode-simulation_normal_beers_wavelength_model_qwen25_vl_7b-02_latest\summary.json,\home\lly\projects\project\wandb_downloads_student_simulation_5projects\scientific-exploration-increase-student-simulation-simulation-normal\artifacts\episode-simulation_normal_beers_wavelength_model_qwen25_vl_7b-02_latest\trajectory.json,\home\lly\projects\project\wandb_downloads_student_simulation_5projects\scientific-exploration-increase-student-simulation-simulation-normal\artifacts\episode-simulation_normal_beers_wavelength_model_qwen25_vl_7b-02_latest\interaction_log.json,qwen25_vl,7b,model__scientific-exploration-increase-student-simulation-simulation-normal__simulation_only__normal__beers_wavelength__qwen25_vl_7b__run02,"[""increase_wavelength"", ""increase_wavelength"", ""decrease_wavelength"", ""increase_concentration"", ""increase_path_length"", ""increase_wavelength"", ""increase_wavelength"", ""increase_wavelength"", ""increase_wavelength"", ""finish""]","[""increase_wavelength"", ""increase_wavelength"", ""decrease_wavelength"", ""increase_concentration"", ""increase_path_length"", ""increase_wavelength"", ""increase_wavelength"", ""increase_wavelength"", ""increase_wavelength"", ""finish""]",increase_wavelength -> increase_wavelength -> decrease_wavelength -> increase_concentration -> increase_path_length -> increase_wavelength -> increase_wavelength -> increase_wavelength -> increase_wavelength -> finish,increase_wavelength -> increase_wavelength -> decrease_wavelength -> increase_concentration -> increase_path_length -> increase_wavelength -> increase_wavelength -> increase_wavelength -> increase_wavelength -> finish,"[""increase wavelength"", ""increase wavelength"", ""decrease wavelength"", ""increase concentration"", ""increase path_length"", ""increase wavelength"", ""increase wavelength"", ""increase wavelength"", ""increase wavelength"", ""finish""]",increase wavelength -> increase wavelength -> decrease wavelength -> increase concentration -> increase path_length -> increase wavelength -> increase wavelength -> increase wavelength -> increase wavelength -> finish,10,5,True,9.0,1,True,False,False,8,1,7,1,1,1,increase_wavelength,finish,increase_wavelength,wavelength,1.7709505944546688,0,0,False,False,True,False,,10,9,model_finish,True,
model,beers,beers_wavelength,simulation_only,normal,simulation_only_normal,qwen25_vl_3b,8,scientific-exploration-increase-student-simulation-simulation-normal,episode-simulation_normal_beers_wavelength_model_qwen25_vl_3b-08_latest,\home\lly\projects\project\wandb_downloads_student_simulation_5projects,\home\lly\projects\project\wandb_downloads_student_simulation_5projects\scientific-exploration-increase-student-simulation-simulation-normal\artifacts\episode-simulation_normal_beers_wavelength_model_qwen25_vl_3b-08_latest,\home\lly\projects\project\wandb_downloads_student_simulation_5projects\scientific-exploration-increase-student-simulation-simulation-normal\artifacts\episode-simulation_normal_beers_wavelength_model_qwen25_vl_3b-08_latest\steps.json,\home\lly\projects\project\wandb_downloads_student_simulation_5projects\scientific-exploration-increase-student-simulation-simulation-normal\artifacts\episode-simulation_normal_beers_wavelength_model_qwen25_vl_3b-08_latest\summary.json,\home\lly\projects\project\wandb_downloads_student_simulation_5projects\scientific-exploration-increase-student-simulation-simulation-normal\artifacts\episode-simulation_normal_beers_wavelength_model_qwen25_vl_3b-08_latest\trajectory.json,\home\lly\projects\project\wandb_downloads_student_simulation_5projects\scientific-exploration-increase-student-simulation-simulation-normal\artifacts\episode-simulation_normal_beers_wavelength_model_qwen25_vl_3b-08_latest\interaction_log.json,qwen25_vl,3b,model__scientific-exploration-increase-student-simulation-simulation-normal__simulation_only__normal__beers_wavelength__qwen25_vl_3b__run08,"[""increase_wavelength"", ""increase_wavelength"", ""increase_wavelength"", ""increase_wavelength"", ""increase_wavelength"", ""increase_wavelength"", ""increase_wavelength"", ""decrease_wavelength"", ""increase_wavelength"", ""decrease_wavelength"", ""decrease_wavelength"", ""increase_wavelength"", ""increase_wavelength"", ""increase_wavelength"", ""increase_wavelength"", ""increase_wavelength"", ""increase_wavelength"", ""increase_wavelength"", ""increase_wavelength"", ""increase_wavelength"", ""increase_wavelength"", ""increase_wavelength"", ""decrease_wavelength"", ""increase_wavelength"", ""finish""]","[""increase_wavelength"", ""increase_wavelength"", ""increase_wavelength"", ""increase_wavelength"", ""increase_wavelength"", ""increase_wavelength"", ""increase_wavelength"", ""decrease_wavelength"", ""increase_wavelength"", ""decrease_wavelength"", ""decrease_wavelength"", ""increase_wavelength"", ""increase_wavelength"", ""increase_wavelength"", ""increase_wavelength"", ""increase_wavelength"", ""increase_wavelength"", ""increase_wavelength"", ""increase_wavelength"", ""increase_wavelength"", ""increase_wavelength"", ""increase_wavelength"", ""decrease_wavelength"", ""increase_wavelength"", ""finish""]",increase_wavelength -> increase_wavelength -> increase_wavelength -> increase_wavelength -> increase_wavelength -> increase_wavelength -> increase_wavelength -> decrease_wavelength -> increase_wavelength -> decrease_wavelength -> decrease_wavelength -> increase_wavelength -> increase_wavelength -> increase_wavelength -> increase_wavelength -> increase_wavelength -> increase_wavelength -> increase_wavelength -> increase_wavelength -> increase_wavelength -> increase_wavelength -> increase_wavelength -> decrease_wavelength -> increase_wavelength -> finish,increase_wavelength -> increase_wavelength -> increase_wavelength -> increase_wavelength -> increase_wavelength -> increase_wavelength -> increase_wavelength -> decrease_wavelength -> increase_wavelength -> decrease_wavelength -> decrease_wavelength -> increase_wavelength -> increase_wavelength -> increase_wavelength -> increase_wavelength -> increase_wavelength -> increase_wavelength -> increase_wavelength -> increase_wavelength -> increase_wavelength -> increase_wavelength -> increase_wavelength -> decrease_wavelength -> increase_wavelength -> finish,"[""increase wavelength"", ""increase wavelength"", ""increase wavelength"", ""increase wavelength"", ""increase wavelength"", ""increase wavelength"", ""increase wavelength"", ""decrease wavelength"", ""increase wavelength"", ""decrease wavelength"", ""decrease wavelength"", ""increase wavelength"", ""increase wavelength"", ""increase wavelength"", ""increase wavelength"", ""increase wavelength"", ""increase wavelength"", ""increase wavelength"", ""increase wavelength"", ""increase wavelength"", ""increase wavelength"", ""increase wavelength"", ""decrease wavelength"", ""increase wavelength"", ""finish""]",increase wavelength -> increase wavelength -> increase wavelength -> increase wavelength -> increase wavelength -> increase wavelength -> increase wavelength -> decrease wavelength -> increase wavelength -> decrease wavelength -> decrease wavelength -> increase wavelength -> increase wavelength -> increase wavelength -> increase wavelength -> increase wavelength -> increase wavelength -> increase wavelength -> increase wavelength -> increase wavelength -> increase wavelength -> increase wavelength -> decrease wavelength -> increase wavelength -> finish,25,3,True,24.0,1,True,False,False,20,4,24,0,0,6,increase_wavelength,finish,increase_wavelength,wavelength,0.8663137138648348,0,0,False,False,True,False,,25,24,model_finish,True,
model,beers,beers_wavelength,simulation_only,normal,simulation_only_normal,qwen25_vl_3b,4,scientific-exploration-increase-student-simulation-simulation-normal,episode-simulation_normal_beers_wavelength_model_qwen25_vl_3b-04_latest,\home\lly\projects\project\wandb_downloads_student_simulation_5projects,\home\lly\projects\project\wandb_downloads_student_simulation_5projects\scientific-exploration-increase-student-simulation-simulation-normal\artifacts\episode-simulation_normal_beers_wavelength_model_qwen25_vl_3b-04_latest,\home\lly\projects\project\wandb_downloads_student_simulation_5projects\scientific-exploration-increase-student-simulation-simulation-normal\artifacts\episode-simulation_normal_beers_wavelength_model_qwen25_vl_3b-04_latest\steps.json,\home\lly\projects\project\wandb_downloads_student_simulation_5projects\scientific-exploration-increase-student-simulation-simulation-normal\artifacts\episode-simulation_normal_beers_wavelength_model_qwen25_vl_3b-04_latest\summary.json,\home\lly\projects\project\wandb_downloads_student_simulation_5projects\scientific-exploration-increase-student-simulation-simulation-normal\artifacts\episode-simulation_normal_beers_wavelength_model_qwen25_vl_3b-04_latest\trajectory.json,\home\lly\projects\project\wandb_downloads_student_simulation_5projects\scientific-exploration-increase-student-simulation-simulation-normal\artifacts\episode-simulation_normal_beers_wavelength_model_qwen25_vl_3b-04_latest\interaction_log.json,qwen25_vl,3b,model__scientific-exploration-increase-student-simulation-simulation-normal__simulation_only__normal__beers_wavelength__qwen25_vl_3b__run04,"[""increase_wavelength"", ""increase_wavelength"", ""increase_wavelength"", ""increase_wavelength"", ""increase_wavelength"", ""finish""]","[""increase_wavelength"", ""increase_wavelength"", ""increase_wavelength"", ""increase_wavelength"", ""increase_wavelength"", ""finish""]",increase_wavelength -> increase_wavelength -> increase_wavelength -> increase_wavelength -> increase_wavelength -> finish,increase_wavelength -> increase_wavelength -> increase_wavelength -> increase_wavelength -> increase_wavelength -> finish,"[""increase wavelength"", ""increase wavelength"", ""increase wavelength"", ""increase wavelength"", ""increase wavelength"", ""finish""]",increase wavelength -> increase wavelength -> increase wavelength -> increase wavelength -> increase wavelength -> finish,6,2,True,5.0,1,True,False,False,5,0,5,0,0,0,increase_wavelength,finish,increase_wavelength,wavelength,0.6500224216483541,0,0,False,False,True,False,,6,5,model_finish,True,
model,beers,beers_wavelength,simulation_only,normal,simulation_only_normal,qwen25_vl_7b,7,scientific-exploration-increase-student-simulation-simulation-normal,episode-simulation_normal_beers_wavelength_model_qwen25_vl_7b-07_latest,\home\lly\projects\project\wandb_downloads_student_simulation_5projects,\home\lly\projects\project\wandb_downloads_student_simulation_5projects\scientific-exploration-increase-student-simulation-simulation-normal\artifacts\episode-simulation_normal_beers_wavelength_model_qwen25_vl_7b-07_latest,\home\lly\projects\project\wandb_downloads_student_simulation_5projects\scientific-exploration-increase-student-simulation-simulation-normal\artifacts\episode-simulation_normal_beers_wavelength_model_qwen25_vl_7b-07_latest\steps.json,\home\lly\projects\project\wandb_downloads_student_simulation_5projects\scientific-exploration-increase-student-simulation-simulation-normal\artifacts\episode-simulation_normal_beers_wavelength_model_qwen25_vl_7b-07_latest\summary.json,\home\lly\projects\project\wandb_downloads_student_simulation_5projects\scientific-exploration-increase-student-simulation-simulation-normal\artifacts\episode-simulation_normal_beers_wavelength_model_qwen25_vl_7b-07_latest\trajectory.json,\home\lly\projects\project\wandb_downloads_student_simulation_5projects\scientific-exploration-increase-student-simulation-simulation-normal\artifacts\episode-simulation_normal_beers_wavelength_model_qwen25_vl_7b-07_latest\interaction_log.json,qwen25_vl,7b,model__scientific-exploration-increase-student-simulation-simulation-normal__simulation_only__normal__beers_wavelength__qwen25_vl_7b__run07,"[""increase_wavelength"", ""increase_wavelength"", ""increase_wavelength"", ""decrease_wavelength"", ""decrease_wavelength"", ""increase_wavelength"", ""increase_wavelength"", ""increase_wavelength"", ""increase_concentration"", ""increase_wavelength"", ""increase_wavelength"", ""increase_wavelength"", ""increase_concentration"", ""increase_path_length"", ""increase_wavelength"", ""increase_wavelength"", ""increase_wavelength"", ""increase_concentration"", ""increase_path_length"", ""decrease_wavelength"", ""increase_path_length"", ""increase_concentration"", ""increase_path_length"", ""increase_path_length"", ""increase_path_length"", ""increase_path_length"", ""increase_path_length"", ""increase_path_length"", ""increase_path_length"", ""decrease_path_length"", ""decrease_path_length"", ""increase_path_length"", ""increase_path_length"", ""increase_path_length"", ""decrease_path_length"", ""increase_path_length"", ""increase_path_length"", ""increase_path_length"", ""increase_wavelength"", ""increase_wavelength"", ""increase_path_length"", ""increase_path_length"", ""increase_wavelength"", ""finish""]","[""increase_wavelength"", ""increase_wavelength"", ""increase_wavelength"", ""decrease_wavelength"", ""decrease_wavelength"", ""increase_wavelength"", ""increase_wavelength"", ""increase_wavelength"", ""increase_concentration"", ""increase_wavelength"", ""increase_wavelength"", ""increase_wavelength"", ""increase_concentration"", ""increase_path_length"", ""increase_wavelength"", ""increase_wavelength"", ""increase_wavelength"", ""increase_concentration"", ""increase_path_length"", ""decrease_wavelength"", ""increase_path_length"", ""increase_concentration"", ""increase_path_length"", ""increase_path_length"", ""increase_path_length"", ""increase_path_length"", ""increase_path_length"", ""increase_path_length"", ""increase_path_length"", ""decrease_path_length"", ""decrease_path_length"", ""increase_path_length"", ""increase_path_length"", ""increase_path_length"", ""decrease_path_length"", ""increase_path_length"", ""increase_path_length"", ""increase_path_length"", ""increase_wavelength"", ""increase_wavelength"", ""increase_path_length"", ""increase_path_length"", ""increase_wavelength"", ""finish""]",increase_wavelength -> increase_wavelength -> increase_wavelength -> decrease_wavelength -> decrease_wavelength -> increase_wavelength -> increase_wavelength -> increase_wavelength -> increase_concentration -> increase_wavelength -> increase_wavelength -> increase_wavelength -> increase_concentration -> increase_path_length -> increase_wavelength -> increase_wavelength -> increase_wavelength -> increase_concentration -> increase_path_length -> decrease_wavelength -> increase_path_length -> increase_concentration -> increase_path_length -> increase_path_length -> increase_path_length -> increase_path_length -> increase_path_length -> increase_path_length -> increase_path_length -> decrease_path_length -> decrease_path_length -> increase_path_length -> increase_path_length -> increase_path_length -> decrease_path_length -> increase_path_length -> increase_path_length -> increase_path_length -> increase_wavelength -> increase_wavelength -> increase_path_length -> increase_path_length -> increase_wavelength -> finish,increase_wavelength -> increase_wavelength -> increase_wavelength -> decrease_wavelength -> decrease_wavelength -> increase_wavelength -> increase_wavelength -> increase_wavelength -> increase_concentration -> increase_wavelength -> increase_wavelength -> increase_wavelength -> increase_concentration -> increase_path_length -> increase_wavelength -> increase_wavelength -> increase_wavelength -> increase_concentration -> increase_path_length -> decrease_wavelength -> increase_path_length -> increase_concentration -> increase_path_length -> increase_path_length -> increase_path_length -> increase_path_length -> increase_path_length -> increase_path_length -> increase_path_length -> decrease_path_length -> decrease_path_length -> increase_path_length -> increase_path_length -> increase_path_length -> decrease_path_length -> increase_path_length -> increase_path_length -> increase_path_length -> increase_wavelength -> increase_wavelength -> increase_path_length -> increase_path_length -> increase_wavelength -> finish,"[""increase wavelength"", ""increase wavelength"", ""increase wavelength"", ""decrease wavelength"", ""decrease wavelength"", ""increase wavelength"", ""increase wavelength"", ""increase wavelength"", ""increase concentration"", ""increase wavelength"", ""increase wavelength"", ""increase wavelength"", ""increase concentration"", ""increase path_length"", ""increase wavelength"", ""increase wavelength"", ""increase wavelength"", ""increase concentration"", ""increase path_length"", ""decrease wavelength"", ""increase path_length"", ""increase concentration"", ""increase path_length"", ""increase path_length"", ""increase path_length"", ""increase path_length"", ""increase path_length"", ""increase path_length"", ""increase path_length"", ""decrease path_length"", ""decrease path_length"", ""increase path_length"", ""increase path_length"", ""increase path_length"", ""decrease path_length"", ""increase path_length"", ""increase path_length"", ""increase path_length"", ""increase wavelength"", ""increase wavelength"", ""increase path_length"", ""increase path_length"", ""increase wavelength"", ""finish""]",increase wavelength -> increase wavelength -> increase wavelength -> decrease wavelength -> decrease wavelength -> increase wavelength -> increase wavelength -> increase wavelength -> increase concentration -> increase wavelength -> increase wavelength -> increase wavelength -> increase concentration -> increase path_length -> increase wavelength -> increase wavelength -> increase wavelength -> increase concentration -> increase path_length -> decrease wavelength -> increase path_length -> increase concentration -> increase path_length -> increase path_length -> increase path_length -> increase path_length -> increase path_length -> increase path_length -> increase path_length -> decrease path_length -> decrease path_length -> increase path_length -> increase path_length -> increase path_length -> decrease path_length -> increase path_length -> increase path_length -> increase path_length -> increase wavelength -> increase wavelength -> increase path_length -> increase path_length -> increase wavelength -> finish,44,6,True,43.0,1,True,False,False,37,6,18,4,21,6,increase_wavelength,finish,increase_path_length,path_length,2.023709255809653,0,0,False,False,True,False,,44,43,model_finish,True,
model,beers,beers_wavelength,chart_only,normal,chart_only_normal,qwen25_vl_7b,4,scientific-exploration-increase-student-simulation-chart-normal,episode-chart_normal_beers_wavelength_model_qwen25_vl_7b-04_latest,\home\lly\projects\project\wandb_downloads_student_simulation_5projects,\home\lly\projects\project\wandb_downloads_student_simulation_5projects\scientific-exploration-increase-student-simulation-chart-normal\artifacts\episode-chart_normal_beers_wavelength_model_qwen25_vl_7b-04_latest,\home\lly\projects\project\wandb_downloads_student_simulation_5projects\scientific-exploration-increase-student-simulation-chart-normal\artifacts\episode-chart_normal_beers_wavelength_model_qwen25_vl_7b-04_latest\steps.json,\home\lly\projects\project\wandb_downloads_student_simulation_5projects\scientific-exploration-increase-student-simulation-chart-normal\artifacts\episode-chart_normal_beers_wavelength_model_qwen25_vl_7b-04_latest\summary.json,\home\lly\projects\project\wandb_downloads_student_simulation_5projects\scientific-exploration-increase-student-simulation-chart-normal\artifacts\episode-chart_normal_beers_wavelength_model_qwen25_vl_7b-04_latest\trajectory.json,\home\lly\projects\project\wandb_downloads_student_simulation_5projects\scientific-exploration-increase-student-simulation-chart-normal\artifacts\episode-chart_normal_beers_wavelength_model_qwen25_vl_7b-04_latest\interaction_log.json,qwen25_vl,7b,model__scientific-exploration-increase-student-simulation-chart-normal__chart_only__normal__beers_wavelength__qwen25_vl_7b__run04,"[""increase_wavelength"", ""decrease_path_length"", ""decrease_concentration"", ""decrease_wavelength"", ""increase_path_length"", ""increase_concentration"", ""decrease_path_length"", ""increase_path_length"", ""increase_concentration"", ""increase_wavelength"", ""increase_concentration"", ""increase_wavelength"", ""increase_concentration"", ""finish""]","[""increase_wavelength"", ""decrease_path_length"", ""decrease_concentration"", ""decrease_wavelength"", ""increase_path_length"", ""increase_concentration"", ""decrease_path_length"", ""increase_path_length"", ""increase_concentration"", ""increase_wavelength"", ""increase_concentration"", ""increase_wavelength"", ""increase_concentration"", ""finish""]",increase_wavelength -> decrease_path_length -> decrease_concentration -> decrease_wavelength -> increase_path_length -> increase_concentration -> decrease_path_length -> increase_path_length -> increase_concentration -> increase_wavelength -> increase_concentration -> increase_wavelength -> increase_concentration -> finish,increase_wavelength -> decrease_path_length -> decrease_concentration -> decrease_wavelength -> increase_path_length -> increase_concentration -> decrease_path_length -> increase_path_length -> increase_concentration -> increase_wavelength -> increase_concentration -> increase_wavelength -> increase_concentration -> finish,"[""increase wavelength"", ""decrease path_length"", ""decrease concentration"", ""decrease wavelength"", ""increase path_length"", ""increase concentration"", ""decrease path_length"", ""increase path_length"", ""increase concentration"", ""increase wavelength"", ""increase concentration"", ""increase wavelength"", ""increase concentration"", ""finish""]",increase wavelength -> decrease path_length -> decrease concentration -> decrease wavelength -> increase path_length -> increase concentration -> decrease path_length -> increase path_length -> increase concentration -> increase wavelength -> increase concentration -> increase wavelength -> increase concentration -> finish,14,7,True,13.0,1,True,False,False,9,4,4,5,4,1,increase_wavelength,finish,increase_concentration,concentration,2.610577243331642,0,0,False,False,True,False,,14,13,model_finish,True,
model,beers,beers_wavelength,chart_only,normal,chart_only_normal,qwen25_vl_3b,0,scientific-exploration-increase-student-simulation-chart-normal,episode-chart_normal_beers_wavelength_model_qwen25_vl_3b-00_latest,\home\lly\projects\project\wandb_downloads_student_simulation_5projects,\home\lly\projects\project\wandb_downloads_student_simulation_5projects\scientific-exploration-increase-student-simulation-chart-normal\artifacts\episode-chart_normal_beers_wavelength_model_qwen25_vl_3b-00_latest,\home\lly\projects\project\wandb_downloads_student_simulation_5projects\scientific-exploration-increase-student-simulation-chart-normal\artifacts\episode-chart_normal_beers_wavelength_model_qwen25_vl_3b-00_latest\steps.json,\home\lly\projects\project\wandb_downloads_student_simulation_5projects\scientific-exploration-increase-student-simulation-chart-normal\artifacts\episode-chart_normal_beers_wavelength_model_qwen25_vl_3b-00_latest\summary.json,\home\lly\projects\project\wandb_downloads_student_simulation_5projects\scientific-exploration-increase-student-simulation-chart-normal\artifacts\episode-chart_normal_beers_wavelength_model_qwen25_vl_3b-00_latest\trajectory.json,\home\lly\projects\project\wandb_downloads_student_simulation_5projects\scientific-exploration-increase-student-simulation-chart-normal\artifacts\episode-chart_normal_beers_wavelength_model_qwen25_vl_3b-00_latest\interaction_log.json,qwen25_vl,3b,model__scientific-exploration-increase-student-simulation-chart-normal__chart_only__normal__beers_wavelength__qwen25_vl_3b__run00,"[""increase_wavelength"", ""increase_wavelength"", ""increase_wavelength"", ""increase_wavelength"", ""finish""]","[""increase_wavelength"", ""increase_wavelength"", ""increase_wavelength"", ""increase_wavelength"", ""finish""]",increase_wavelength -> increase_wavelength -> increase_wavelength -> increase_wavelength -> finish,increase_wavelength -> increase_wavelength -> increase_wavelength -> increase_wavelength -> finish,"[""increase wavelength"", ""increase wavelength"", ""increase wavelength"", ""increase wavelength"", ""finish""]",increase wavelength -> increase wavelength -> increase wavelength -> increase wavelength -> finish,5,2,True,4.0,1,True,False,False,4,0,4,0,0,0,increase_wavelength,finish,increase_wavelength,wavelength,0.7219280948873623,0,0,False,False,True,False,,5,4,model_finish,True,
model,beers,beers_wavelength,chart_only,normal,chart_only_normal,qwen25_vl_7b,6,scientific-exploration-increase-student-simulation-chart-normal,episode-chart_normal_beers_wavelength_model_qwen25_vl_7b-06_latest,\home\lly\projects\project\wandb_downloads_student_simulation_5projects,\home\lly\projects\project\wandb_downloads_student_simulation_5projects\scientific-exploration-increase-student-simulation-chart-normal\artifacts\episode-chart_normal_beers_wavelength_model_qwen25_vl_7b-06_latest,\home\lly\projects\project\wandb_downloads_student_simulation_5projects\scientific-exploration-increase-student-simulation-chart-normal\artifacts\episode-chart_normal_beers_wavelength_model_qwen25_vl_7b-06_latest\steps.json,\home\lly\projects\project\wandb_downloads_student_simulation_5projects\scientific-exploration-increase-student-simulation-chart-normal\artifacts\episode-chart_normal_beers_wavelength_model_qwen25_vl_7b-06_latest\summary.json,\home\lly\projects\project\wandb_downloads_student_simulation_5projects\scientific-exploration-increase-student-simulation-chart-normal\artifacts\episode-chart_normal_beers_wavelength_model_qwen25_vl_7b-06_latest\trajectory.json,\home\lly\projects\project\wandb_downloads_student_simulation_5projects\scientific-exploration-increase-student-simulation-chart-normal\artifacts\episode-chart_normal_beers_wavelength_model_qwen25_vl_7b-06_latest\interaction_log.json,qwen25_vl,7b,model__scientific-exploration-increase-student-simulation-chart-normal__chart_only__normal__beers_wavelength__qwen25_vl_7b__run06,"[""increase_wavelength"", ""increase_concentration"", ""decrease_concentration"", ""increase_path_length"", ""finish""]","[""increase_wavelength"", ""increase_concentration"", ""decrease_concentration"", ""increase_path_length"", ""finish""]",increase_wavelength -> increase_concentration -> decrease_concentration -> increase_path_length -> finish,increase_wavelength -> increase_concentration -> decrease_concentration -> increase_path_length -> finish,"[""increase wavelength"", ""increase concentration"", ""decrease concentration"", ""increase path_length"", ""finish""]",increase wavelength -> increase concentration -> decrease concentration -> increase path_length -> finish,5,5,True,4.0,1,True,False,False,3,1,1,2,1,1,increase_wavelength,finish,increase_wavelength,concentration,2.321928094887362,0,0,False,False,True,False,,5,4,model_finish,True,
model,beers,beers_wavelength,chart_only,normal,chart_only_normal,qwen25_vl_3b,1,scientific-exploration-increase-student-simulation-chart-normal,episode-chart_normal_beers_wavelength_model_qwen25_vl_3b-01_latest,\home\lly\projects\project\wandb_downloads_student_simulation_5projects,\home\lly\projects\project\wandb_downloads_student_simulation_5projects\scientific-exploration-increase-student-simulation-chart-normal\artifacts\episode-chart_normal_beers_wavelength_model_qwen25_vl_3b-01_latest,\home\lly\projects\project\wandb_downloads_student_simulation_5projects\scientific-exploration-increase-student-simulation-chart-normal\artifacts\episode-chart_normal_beers_wavelength_model_qwen25_vl_3b-01_latest\steps.json,\home\lly\projects\project\wandb_downloads_student_simulation_5projects\scientific-exploration-increase-student-simulation-chart-normal\artifacts\episode-chart_normal_beers_wavelength_model_qwen25_vl_3b-01_latest\summary.json,\home\lly\projects\project\wandb_downloads_student_simulation_5projects\scientific-exploration-increase-student-simulation-chart-normal\artifacts\episode-chart_normal_beers_wavelength_model_qwen25_vl_3b-01_latest\trajectory.json,\home\lly\projects\project\wandb_downloads_student_simulation_5projects\scientific-exploration-increase-student-simulation-chart-normal\artifacts\episode-chart_normal_beers_wavelength_model_qwen25_vl_3b-01_latest\interaction_log.json,qwen25_vl,3b,model__scientific-exploration-increase-student-simulation-chart-normal__chart_only__normal__beers_wavelength__qwen25_vl_3b__run01,"[""increase_wavelength"", ""increase_wavelength"", ""increase_concentration"", ""finish""]","[""increase_wavelength"", ""increase_wavelength"", ""increase_concentration"", ""finish""]",increase_wavelength -> increase_wavelength -> increase_concentration -> finish,increase_wavelength -> increase_wavelength -> increase_concentration -> finish,"[""increase wavelength"", ""increase wavelength"", ""increase concentration"", ""finish""]",increase wavelength -> increase wavelength -> increase concentration -> finish,4,3,True,3.0,1,True,False,False,3,0,2,1,0,0,increase_wavelength,finish,increase_wavelength,wavelength,1.5,0,0,False,False,True,False,,4,3,model_finish,True,
model,beers,beers_wavelength,chart_only,normal,chart_only_normal,qwen25_vl_3b,3,scientific-exploration-increase-student-simulation-chart-normal,episode-chart_normal_beers_wavelength_model_qwen25_vl_3b-03_latest,\home\lly\projects\project\wandb_downloads_student_simulation_5projects,\home\lly\projects\project\wandb_downloads_student_simulation_5projects\scientific-exploration-increase-student-simulation-chart-normal\artifacts\episode-chart_normal_beers_wavelength_model_qwen25_vl_3b-03_latest,\home\lly\projects\project\wandb_downloads_student_simulation_5projects\scientific-exploration-increase-student-simulation-chart-normal\artifacts\episode-chart_normal_beers_wavelength_model_qwen25_vl_3b-03_latest\steps.json,\home\lly\projects\project\wandb_downloads_student_simulation_5projects\scientific-exploration-increase-student-simulation-chart-normal\artifacts\episode-chart_normal_beers_wavelength_model_qwen25_vl_3b-03_latest\summary.json,\home\lly\projects\project\wandb_downloads_student_simulation_5projects\scientific-exploration-increase-student-simulation-chart-normal\artifacts\episode-chart_normal_beers_wavelength_model_qwen25_vl_3b-03_latest\trajectory.json,\home\lly\projects\project\wandb_downloads_student_simulation_5projects\scientific-exploration-increase-student-simulation-chart-normal\artifacts\episode-chart_normal_beers_wavelength_model_qwen25_vl_3b-03_latest\interaction_log.json,qwen25_vl,3b,model__scientific-exploration-increase-student-simulation-chart-normal__chart_only__normal__beers_wavelength__qwen25_vl_3b__run03,"[""increase_wavelength"", ""increase_wavelength"", ""decrease_concentration"", ""decrease_concentration"", ""increase_wavelength"", ""increase_wavelength"", ""increase_wavelength"", ""increase_wavelength"", ""increase_wavelength"", ""increase_wavelength"", ""increase_concentration"", ""increase_wavelength"", ""increase_wavelength"", ""decrease_wavelength"", ""decrease_wavelength"", ""decrease_path_length"", ""increase_wavelength"", ""increase_wavelength"", ""decrease_wavelength"", ""increase_wavelength"", ""increase_wavelength"", ""decrease_wavelength"", ""decrease_wavelength"", ""decrease_wavelength"", ""increase_wavelength"", ""decrease_path_length"", ""decrease_path_length"", ""decrease_concentration"", ""decrease_wavelength"", ""decrease_concentration"", ""decrease_wavelength"", ""decrease_wavelength"", ""decrease_wavelength"", ""finish""]","[""increase_wavelength"", ""increase_wavelength"", ""decrease_concentration"", ""decrease_concentration"", ""increase_wavelength"", ""increase_wavelength"", ""increase_wavelength"", ""increase_wavelength"", ""increase_wavelength"", ""increase_wavelength"", ""increase_concentration"", ""increase_wavelength"", ""increase_wavelength"", ""decrease_wavelength"", ""decrease_wavelength"", ""decrease_path_length"", ""increase_wavelength"", ""increase_wavelength"", ""decrease_wavelength"", ""increase_wavelength"", ""increase_wavelength"", ""decrease_wavelength"", ""decrease_wavelength"", ""decrease_wavelength"", ""increase_wavelength"", ""decrease_path_length"", ""decrease_path_length"", ""decrease_concentration"", ""decrease_wavelength"", ""decrease_concentration"", ""decrease_wavelength"", ""decrease_wavelength"", ""decrease_wavelength"", ""finish""]",increase_wavelength -> increase_wavelength -> decrease_concentration -> decrease_concentration -> increase_wavelength -> increase_wavelength -> increase_wavelength -> increase_wavelength -> increase_wavelength -> increase_wavelength -> increase_concentration -> increase_wavelength -> increase_wavelength -> decrease_wavelength -> decrease_wavelength -> decrease_path_length -> increase_wavelength -> increase_wavelength -> decrease_wavelength -> increase_wavelength -> increase_wavelength -> decrease_wavelength -> decrease_wavelength -> decrease_wavelength -> increase_wavelength -> decrease_path_length -> decrease_path_length -> decrease_concentration -> decrease_wavelength -> decrease_concentration -> decrease_wavelength -> decrease_wavelength -> decrease_wavelength -> finish,increase_wavelength -> increase_wavelength -> decrease_concentration -> decrease_concentration -> increase_wavelength -> increase_wavelength -> increase_wavelength -> increase_wavelength -> increase_wavelength -> increase_wavelength -> increase_concentration -> increase_wavelength -> increase_wavelength -> decrease_wavelength -> decrease_wavelength -> decrease_path_length -> increase_wavelength -> increase_wavelength -> decrease_wavelength -> increase_wavelength -> increase_wavelength -> decrease_wavelength -> decrease_wavelength -> decrease_wavelength -> increase_wavelength -> decrease_path_length -> decrease_path_length -> decrease_concentration -> decrease_wavelength -> decrease_concentration -> decrease_wavelength -> decrease_wavelength -> decrease_wavelength -> finish,"[""increase wavelength"", ""increase wavelength"", ""decrease concentration"", ""decrease concentration"", ""increase wavelength"", ""increase wavelength"", ""increase wavelength"", ""increase wavelength"", ""increase wavelength"", ""increase wavelength"", ""increase concentration"", ""increase wavelength"", ""increase wavelength"", ""decrease wavelength"", ""decrease wavelength"", ""decrease path_length"", ""increase wavelength"", ""increase wavelength"", ""decrease wavelength"", ""increase wavelength"", ""increase wavelength"", ""decrease wavelength"", ""decrease wavelength"", ""decrease wavelength"", ""increase wavelength"", ""decrease path_length"", ""decrease path_length"", ""decrease concentration"", ""decrease wavelength"", ""decrease concentration"", ""decrease wavelength"", ""decrease wavelength"", ""decrease wavelength"", ""finish""]",increase wavelength -> increase wavelength -> decrease concentration -> decrease concentration -> increase wavelength -> increase wavelength -> increase wavelength -> increase wavelength -> increase wavelength -> increase wavelength -> increase concentration -> increase wavelength -> increase wavelength -> decrease wavelength -> decrease wavelength -> decrease path_length -> increase wavelength -> increase wavelength -> decrease wavelength -> increase wavelength -> increase wavelength -> decrease wavelength -> decrease wavelength -> decrease wavelength -> increase wavelength -> decrease path_length -> decrease path_length -> decrease concentration -> decrease wavelength -> decrease concentration -> decrease wavelength -> decrease wavelength -> decrease wavelength -> finish,34,6,True,33.0,1,True,False,False,16,17,25,5,3,5,increase_wavelength,finish,increase_wavelength,wavelength,2.011653212274902,0,0,False,False,True,False,,34,33,model_finish,True,
model,beers,beers_wavelength,chart_only,normal,chart_only_normal,qwen25_vl_3b,5,scientific-exploration-increase-student-simulation-chart-normal,episode-chart_normal_beers_wavelength_model_qwen25_vl_3b-05_latest,\home\lly\projects\project\wandb_downloads_student_simulation_5projects,\home\lly\projects\project\wandb_downloads_student_simulation_5projects\scientific-exploration-increase-student-simulation-chart-normal\artifacts\episode-chart_normal_beers_wavelength_model_qwen25_vl_3b-05_latest,\home\lly\projects\project\wandb_downloads_student_simulation_5projects\scientific-exploration-increase-student-simulation-chart-normal\artifacts\episode-chart_normal_beers_wavelength_model_qwen25_vl_3b-05_latest\steps.json,\home\lly\projects\project\wandb_downloads_student_simulation_5projects\scientific-exploration-increase-student-simulation-chart-normal\artifacts\episode-chart_normal_beers_wavelength_model_qwen25_vl_3b-05_latest\summary.json,\home\lly\projects\project\wandb_downloads_student_simulation_5projects\scientific-exploration-increase-student-simulation-chart-normal\artifacts\episode-chart_normal_beers_wavelength_model_qwen25_vl_3b-05_latest\trajectory.json,\home\lly\projects\project\wandb_downloads_student_simulation_5projects\scientific-exploration-increase-student-simulation-chart-normal\artifacts\episode-chart_normal_beers_wavelength_model_qwen25_vl_3b-05_latest\interaction_log.json,qwen25_vl,3b,model__scientific-exploration-increase-student-simulation-chart-normal__chart_only__normal__beers_wavelength__qwen25_vl_3b__run05,"[""increase_wavelength"", ""increase_wavelength"", ""increase_wavelength"", ""increase_wavelength"", ""increase_wavelength"", ""increase_wavelength"", ""increase_wavelength"", ""increase_wavelength"", ""finish""]","[""increase_wavelength"", ""increase_wavelength"", ""increase_wavelength"", ""increase_wavelength"", ""increase_wavelength"", ""increase_wavelength"", ""increase_wavelength"", ""increase_wavelength"", ""finish""]",increase_wavelength -> increase_wavelength -> increase_wavelength -> increase_wavelength -> increase_wavelength -> increase_wavelength -> increase_wavelength -> increase_wavelength -> finish,increase_wavelength -> increase_wavelength -> increase_wavelength -> increase_wavelength -> increase_wavelength -> increase_wavelength -> increase_wavelength -> increase_wavelength -> finish,"[""increase wavelength"", ""increase wavelength"", ""increase wavelength"", ""increase wavelength"", ""increase wavelength"", ""increase wavelength"", ""increase wavelength"", ""increase wavelength"", ""finish""]",increase wavelength -> increase wavelength -> increase wavelength -> increase wavelength -> increase wavelength -> increase wavelength -> increase wavelength -> increase wavelength -> finish,9,2,True,8.0,1,True,False,False,8,0,8,0,0,0,increase_wavelength,finish,increase_wavelength,wavelength,0.5032583347756457,0,0,False,False,True,False,,9,8,model_finish,True,
model,beers,beers_wavelength,chart_only,normal,chart_only_normal,qwen25_vl_3b,9,scientific-exploration-increase-student-simulation-chart-normal,episode-chart_normal_beers_wavelength_model_qwen25_vl_3b-09_latest,\home\lly\projects\project\wandb_downloads_student_simulation_5projects,\home\lly\projects\project\wandb_downloads_student_simulation_5projects\scientific-exploration-increase-student-simulation-chart-normal\artifacts\episode-chart_normal_beers_wavelength_model_qwen25_vl_3b-09_latest,\home\lly\projects\project\wandb_downloads_student_simulation_5projects\scientific-exploration-increase-student-simulation-chart-normal\artifacts\episode-chart_normal_beers_wavelength_model_qwen25_vl_3b-09_latest\steps.json,\home\lly\projects\project\wandb_downloads_student_simulation_5projects\scientific-exploration-increase-student-simulation-chart-normal\artifacts\episode-chart_normal_beers_wavelength_model_qwen25_vl_3b-09_latest\summary.json,\home\lly\projects\project\wandb_downloads_student_simulation_5projects\scientific-exploration-increase-student-simulation-chart-normal\artifacts\episode-chart_normal_beers_wavelength_model_qwen25_vl_3b-09_latest\trajectory.json,\home\lly\projects\project\wandb_downloads_student_simulation_5projects\scientific-exploration-increase-student-simulation-chart-normal\artifacts\episode-chart_normal_beers_wavelength_model_qwen25_vl_3b-09_latest\interaction_log.json,qwen25_vl,3b,model__scientific-exploration-increase-student-simulation-chart-normal__chart_only__normal__beers_wavelength__qwen25_vl_3b__run09,"[""decrease_wavelength"", ""decrease_wavelength"", ""finish""]","[""decrease_wavelength"", ""decrease_wavelength"", ""finish""]",decrease_wavelength -> decrease_wavelength -> finish,decrease_wavelength -> decrease_wavelength -> finish,"[""decrease wavelength"", ""decrease wavelength"", ""finish""]",decrease wavelength -> decrease wavelength -> finish,3,2,True,2.0,1,True,False,False,0,2,2,0,0,0,decrease_wavelength,finish,decrease_wavelength,wavelength,0.9182958340544896,0,0,False,False,True,False,,3,2,model_finish,True,
model,beers,beers_wavelength,chart_only,normal,chart_only_normal,qwen25_vl_7b,1,scientific-exploration-increase-student-simulation-chart-normal,episode-chart_normal_beers_wavelength_model_qwen25_vl_7b-01_latest,\home\lly\projects\project\wandb_downloads_student_simulation_5projects,\home\lly\projects\project\wandb_downloads_student_simulation_5projects\scientific-exploration-increase-student-simulation-chart-normal\artifacts\episode-chart_normal_beers_wavelength_model_qwen25_vl_7b-01_latest,\home\lly\projects\project\wandb_downloads_student_simulation_5projects\scientific-exploration-increase-student-simulation-chart-normal\artifacts\episode-chart_normal_beers_wavelength_model_qwen25_vl_7b-01_latest\steps.json,\home\lly\projects\project\wandb_downloads_student_simulation_5projects\scientific-exploration-increase-student-simulation-chart-normal\artifacts\episode-chart_normal_beers_wavelength_model_qwen25_vl_7b-01_latest\summary.json,\home\lly\projects\project\wandb_downloads_student_simulation_5projects\scientific-exploration-increase-student-simulation-chart-normal\artifacts\episode-chart_normal_beers_wavelength_model_qwen25_vl_7b-01_latest\trajectory.json,\home\lly\projects\project\wandb_downloads_student_simulation_5projects\scientific-exploration-increase-student-simulation-chart-normal\artifacts\episode-chart_normal_beers_wavelength_model_qwen25_vl_7b-01_latest\interaction_log.json,qwen25_vl,7b,model__scientific-exploration-increase-student-simulation-chart-normal__chart_only__normal__beers_wavelength__qwen25_vl_7b__run01,"[""increase_wavelength"", ""decrease_concentration"", ""increase_path_length"", ""increase_wavelength"", ""decrease_wavelength"", ""decrease_concentration"", ""decrease_wavelength"", ""decrease_wavelength"", ""decrease_wavelength"", ""decrease_wavelength"", ""finish""]","[""increase_wavelength"", ""decrease_concentration"", ""increase_path_length"", ""increase_wavelength"", ""decrease_wavelength"", ""decrease_concentration"", ""decrease_wavelength"", ""decrease_wavelength"", ""decrease_wavelength"", ""decrease_wavelength"", ""finish""]",increase_wavelength -> decrease_concentration -> increase_path_length -> increase_wavelength -> decrease_wavelength -> decrease_concentration -> decrease_wavelength -> decrease_wavelength -> decrease_wavelength -> decrease_wavelength -> finish,increase_wavelength -> decrease_concentration -> increase_path_length -> increase_wavelength -> decrease_wavelength -> decrease_concentration -> decrease_wavelength -> decrease_wavelength -> decrease_wavelength -> decrease_wavelength -> finish,"[""increase wavelength"", ""decrease concentration"", ""increase path_length"", ""increase wavelength"", ""decrease wavelength"", ""decrease concentration"", ""decrease wavelength"", ""decrease wavelength"", ""decrease wavelength"", ""decrease wavelength"", ""finish""]",increase wavelength -> decrease concentration -> increase path_length -> increase wavelength -> decrease wavelength -> decrease concentration -> decrease wavelength -> decrease wavelength -> decrease wavelength -> decrease wavelength -> finish,11,5,True,10.0,1,True,False,False,3,7,7,2,1,1,increase_wavelength,finish,decrease_wavelength,wavelength,2.0403733936884962,0,0,False,False,True,False,,11,10,model_finish,True,
model,beers,beers_wavelength,chart_only,normal,chart_only_normal,qwen25_vl_3b,2,scientific-exploration-increase-student-simulation-chart-normal,episode-chart_normal_beers_wavelength_model_qwen25_vl_3b-02_latest,\home\lly\projects\project\wandb_downloads_student_simulation_5projects,\home\lly\projects\project\wandb_downloads_student_simulation_5projects\scientific-exploration-increase-student-simulation-chart-normal\artifacts\episode-chart_normal_beers_wavelength_model_qwen25_vl_3b-02_latest,\home\lly\projects\project\wandb_downloads_student_simulation_5projects\scientific-exploration-increase-student-simulation-chart-normal\artifacts\episode-chart_normal_beers_wavelength_model_qwen25_vl_3b-02_latest\steps.json,\home\lly\projects\project\wandb_downloads_student_simulation_5projects\scientific-exploration-increase-student-simulation-chart-normal\artifacts\episode-chart_normal_beers_wavelength_model_qwen25_vl_3b-02_latest\summary.json,\home\lly\projects\project\wandb_downloads_student_simulation_5projects\scientific-exploration-increase-student-simulation-chart-normal\artifacts\episode-chart_normal_beers_wavelength_model_qwen25_vl_3b-02_latest\trajectory.json,\home\lly\projects\project\wandb_downloads_student_simulation_5projects\scientific-exploration-increase-student-simulation-chart-normal\artifacts\episode-chart_normal_beers_wavelength_model_qwen25_vl_3b-02_latest\interaction_log.json,qwen25_vl,3b,model__scientific-exploration-increase-student-simulation-chart-normal__chart_only__normal__beers_wavelength__qwen25_vl_3b__run02,"[""increase_wavelength"", ""increase_wavelength"", ""increase_wavelength"", ""increase_concentration"", ""decrease_concentration"", ""increase_wavelength"", ""increase_wavelength"", ""increase_wavelength"", ""increase_wavelength"", ""increase_wavelength"", ""increase_wavelength"", ""increase_wavelength"", ""increase_wavelength"", ""increase_wavelength"", ""decrease_concentration"", ""decrease_concentration"", ""increase_wavelength"", ""increase_wavelength"", ""increase_wavelength"", ""increase_wavelength"", ""increase_wavelength"", ""increase_wavelength"", ""increase_wavelength"", ""decrease_path_length"", ""increase_wavelength"", ""increase_wavelength"", ""increase_wavelength"", ""finish""]","[""increase_wavelength"", ""increase_wavelength"", ""increase_wavelength"", ""increase_concentration"", ""decrease_concentration"", ""increase_wavelength"", ""increase_wavelength"", ""increase_wavelength"", ""increase_wavelength"", ""increase_wavelength"", ""increase_wavelength"", ""increase_wavelength"", ""increase_wavelength"", ""increase_wavelength"", ""decrease_concentration"", ""decrease_concentration"", ""increase_wavelength"", ""increase_wavelength"", ""increase_wavelength"", ""increase_wavelength"", ""increase_wavelength"", ""increase_wavelength"", ""increase_wavelength"", ""decrease_path_length"", ""increase_wavelength"", ""increase_wavelength"", ""increase_wavelength"", ""finish""]",increase_wavelength -> increase_wavelength -> increase_wavelength -> increase_concentration -> decrease_concentration -> increase_wavelength -> increase_wavelength -> increase_wavelength -> increase_wavelength -> increase_wavelength -> increase_wavelength -> increase_wavelength -> increase_wavelength -> increase_wavelength -> decrease_concentration -> decrease_concentration -> increase_wavelength -> increase_wavelength -> increase_wavelength -> increase_wavelength -> increase_wavelength -> increase_wavelength -> increase_wavelength -> decrease_path_length -> increase_wavelength -> increase_wavelength -> increase_wavelength -> finish,increase_wavelength -> increase_wavelength -> increase_wavelength -> increase_concentration -> decrease_concentration -> increase_wavelength -> increase_wavelength -> increase_wavelength -> increase_wavelength -> increase_wavelength -> increase_wavelength -> increase_wavelength -> increase_wavelength -> increase_wavelength -> decrease_concentration -> decrease_concentration -> increase_wavelength -> increase_wavelength -> increase_wavelength -> increase_wavelength -> increase_wavelength -> increase_wavelength -> increase_wavelength -> decrease_path_length -> increase_wavelength -> increase_wavelength -> increase_wavelength -> finish,"[""increase wavelength"", ""increase wavelength"", ""increase wavelength"", ""increase concentration"", ""decrease concentration"", ""increase wavelength"", ""increase wavelength"", ""increase wavelength"", ""increase wavelength"", ""increase wavelength"", ""increase wavelength"", ""increase wavelength"", ""increase wavelength"", ""increase wavelength"", ""decrease concentration"", ""decrease concentration"", ""increase wavelength"", ""increase wavelength"", ""increase wavelength"", ""increase wavelength"", ""increase wavelength"", ""increase wavelength"", ""increase wavelength"", ""decrease path_length"", ""increase wavelength"", ""increase wavelength"", ""increase wavelength"", ""finish""]",increase wavelength -> increase wavelength -> increase wavelength -> increase concentration -> decrease concentration -> increase wavelength -> increase wavelength -> increase wavelength -> increase wavelength -> increase wavelength -> increase wavelength -> increase wavelength -> increase wavelength -> increase wavelength -> decrease concentration -> decrease concentration -> increase wavelength -> increase wavelength -> increase wavelength -> increase wavelength -> increase wavelength -> increase wavelength -> increase wavelength -> decrease path_length -> increase wavelength -> increase wavelength -> increase wavelength -> finish,28,5,True,27.0,1,True,False,False,23,4,22,4,1,1,increase_wavelength,finish,increase_wavelength,wavelength,1.1336983823367466,0,0,False,False,True,False,,28,27,model_finish,True,
model,beers,beers_wavelength,chart_only,normal,chart_only_normal,qwen25_vl_7b,0,scientific-exploration-increase-student-simulation-chart-normal,episode-chart_normal_beers_wavelength_model_qwen25_vl_7b-00_latest,\home\lly\projects\project\wandb_downloads_student_simulation_5projects,\home\lly\projects\project\wandb_downloads_student_simulation_5projects\scientific-exploration-increase-student-simulation-chart-normal\artifacts\episode-chart_normal_beers_wavelength_model_qwen25_vl_7b-00_latest,\home\lly\projects\project\wandb_downloads_student_simulation_5projects\scientific-exploration-increase-student-simulation-chart-normal\artifacts\episode-chart_normal_beers_wavelength_model_qwen25_vl_7b-00_latest\steps.json,\home\lly\projects\project\wandb_downloads_student_simulation_5projects\scientific-exploration-increase-student-simulation-chart-normal\artifacts\episode-chart_normal_beers_wavelength_model_qwen25_vl_7b-00_latest\summary.json,\home\lly\projects\project\wandb_downloads_student_simulation_5projects\scientific-exploration-increase-student-simulation-chart-normal\artifacts\episode-chart_normal_beers_wavelength_model_qwen25_vl_7b-00_latest\trajectory.json,\home\lly\projects\project\wandb_downloads_student_simulation_5projects\scientific-exploration-increase-student-simulation-chart-normal\artifacts\episode-chart_normal_beers_wavelength_model_qwen25_vl_7b-00_latest\interaction_log.json,qwen25_vl,7b,model__scientific-exploration-increase-student-simulation-chart-normal__chart_only__normal__beers_wavelength__qwen25_vl_7b__run00,"[""increase_wavelength"", ""increase_wavelength"", ""increase_wavelength"", ""decrease_wavelength"", ""decrease_wavelength"", ""increase_wavelength"", ""decrease_wavelength"", ""increase_concentration"", ""decrease_wavelength"", ""finish""]","[""increase_wavelength"", ""increase_wavelength"", ""increase_wavelength"", ""decrease_wavelength"", ""decrease_wavelength"", ""increase_wavelength"", ""decrease_wavelength"", ""increase_concentration"", ""decrease_wavelength"", ""finish""]",increase_wavelength -> increase_wavelength -> increase_wavelength -> decrease_wavelength -> decrease_wavelength -> increase_wavelength -> decrease_wavelength -> increase_concentration -> decrease_wavelength -> finish,increase_wavelength -> increase_wavelength -> increase_wavelength -> decrease_wavelength -> decrease_wavelength -> increase_wavelength -> decrease_wavelength -> increase_concentration -> decrease_wavelength -> finish,"[""increase wavelength"", ""increase wavelength"", ""increase wavelength"", ""decrease wavelength"", ""decrease wavelength"", ""increase wavelength"", ""decrease wavelength"", ""increase concentration"", ""decrease wavelength"", ""finish""]",increase wavelength -> increase wavelength -> increase wavelength -> decrease wavelength -> decrease wavelength -> increase wavelength -> decrease wavelength -> increase concentration -> decrease wavelength -> finish,10,4,True,9.0,1,True,False,False,5,4,8,1,0,3,increase_wavelength,finish,increase_wavelength,wavelength,1.7219280948873623,0,0,False,False,True,False,,10,9,model_finish,True,
model,beers,beers_wavelength,chart_only,normal,chart_only_normal,qwen25_vl_7b,5,scientific-exploration-increase-student-simulation-chart-normal,episode-chart_normal_beers_wavelength_model_qwen25_vl_7b-05_latest,\home\lly\projects\project\wandb_downloads_student_simulation_5projects,\home\lly\projects\project\wandb_downloads_student_simulation_5projects\scientific-exploration-increase-student-simulation-chart-normal\artifacts\episode-chart_normal_beers_wavelength_model_qwen25_vl_7b-05_latest,\home\lly\projects\project\wandb_downloads_student_simulation_5projects\scientific-exploration-increase-student-simulation-chart-normal\artifacts\episode-chart_normal_beers_wavelength_model_qwen25_vl_7b-05_latest\steps.json,\home\lly\projects\project\wandb_downloads_student_simulation_5projects\scientific-exploration-increase-student-simulation-chart-normal\artifacts\episode-chart_normal_beers_wavelength_model_qwen25_vl_7b-05_latest\summary.json,\home\lly\projects\project\wandb_downloads_student_simulation_5projects\scientific-exploration-increase-student-simulation-chart-normal\artifacts\episode-chart_normal_beers_wavelength_model_qwen25_vl_7b-05_latest\trajectory.json,\home\lly\projects\project\wandb_downloads_student_simulation_5projects\scientific-exploration-increase-student-simulation-chart-normal\artifacts\episode-chart_normal_beers_wavelength_model_qwen25_vl_7b-05_latest\interaction_log.json,qwen25_vl,7b,model__scientific-exploration-increase-student-simulation-chart-normal__chart_only__normal__beers_wavelength__qwen25_vl_7b__run05,"[""increase_wavelength"", ""increase_wavelength"", ""decrease_wavelength"", ""decrease_wavelength"", ""finish""]","[""increase_wavelength"", ""increase_wavelength"", ""decrease_wavelength"", ""decrease_wavelength"", ""finish""]",increase_wavelength -> increase_wavelength -> decrease_wavelength -> decrease_wavelength -> finish,increase_wavelength -> increase_wavelength -> decrease_wavelength -> decrease_wavelength -> finish,"[""increase wavelength"", ""increase wavelength"", ""decrease wavelength"", ""decrease wavelength"", ""finish""]",increase wavelength -> increase wavelength -> decrease wavelength -> decrease wavelength -> finish,5,3,True,4.0,1,True,False,False,2,2,4,0,0,1,increase_wavelength,finish,increase_wavelength,wavelength,1.5219280948873621,0,0,False,False,True,False,,5,4,model_finish,True,
model,beers,beers_wavelength,chart_only,normal,chart_only_normal,qwen25_vl_7b,8,scientific-exploration-increase-student-simulation-chart-normal,episode-chart_normal_beers_wavelength_model_qwen25_vl_7b-08_latest,\home\lly\projects\project\wandb_downloads_student_simulation_5projects,\home\lly\projects\project\wandb_downloads_student_simulation_5projects\scientific-exploration-increase-student-simulation-chart-normal\artifacts\episode-chart_normal_beers_wavelength_model_qwen25_vl_7b-08_latest,\home\lly\projects\project\wandb_downloads_student_simulation_5projects\scientific-exploration-increase-student-simulation-chart-normal\artifacts\episode-chart_normal_beers_wavelength_model_qwen25_vl_7b-08_latest\steps.json,\home\lly\projects\project\wandb_downloads_student_simulation_5projects\scientific-exploration-increase-student-simulation-chart-normal\artifacts\episode-chart_normal_beers_wavelength_model_qwen25_vl_7b-08_latest\summary.json,\home\lly\projects\project\wandb_downloads_student_simulation_5projects\scientific-exploration-increase-student-simulation-chart-normal\artifacts\episode-chart_normal_beers_wavelength_model_qwen25_vl_7b-08_latest\trajectory.json,\home\lly\projects\project\wandb_downloads_student_simulation_5projects\scientific-exploration-increase-student-simulation-chart-normal\artifacts\episode-chart_normal_beers_wavelength_model_qwen25_vl_7b-08_latest\interaction_log.json,qwen25_vl,7b,model__scientific-exploration-increase-student-simulation-chart-normal__chart_only__normal__beers_wavelength__qwen25_vl_7b__run08,"[""increase_concentration"", ""increase_concentration"", ""increase_wavelength"", ""increase_wavelength"", ""finish""]","[""increase_concentration"", ""increase_concentration"", ""increase_wavelength"", ""increase_wavelength"", ""finish""]",increase_concentration -> increase_concentration -> increase_wavelength -> increase_wavelength -> finish,increase_concentration -> increase_concentration -> increase_wavelength -> increase_wavelength -> finish,"[""increase concentration"", ""increase concentration"", ""increase wavelength"", ""increase wavelength"", ""finish""]",increase concentration -> increase concentration -> increase wavelength -> increase wavelength -> finish,5,3,True,4.0,1,True,False,False,4,0,2,2,0,0,increase_concentration,finish,increase_concentration,concentration,1.5219280948873621,0,0,False,False,True,False,,5,4,model_finish,True,
model,beers,beers_wavelength,chart_only,normal,chart_only_normal,qwen25_vl_3b,6,scientific-exploration-increase-student-simulation-chart-normal,episode-chart_normal_beers_wavelength_model_qwen25_vl_3b-06_latest,\home\lly\projects\project\wandb_downloads_student_simulation_5projects,\home\lly\projects\project\wandb_downloads_student_simulation_5projects\scientific-exploration-increase-student-simulation-chart-normal\artifacts\episode-chart_normal_beers_wavelength_model_qwen25_vl_3b-06_latest,\home\lly\projects\project\wandb_downloads_student_simulation_5projects\scientific-exploration-increase-student-simulation-chart-normal\artifacts\episode-chart_normal_beers_wavelength_model_qwen25_vl_3b-06_latest\steps.json,\home\lly\projects\project\wandb_downloads_student_simulation_5projects\scientific-exploration-increase-student-simulation-chart-normal\artifacts\episode-chart_normal_beers_wavelength_model_qwen25_vl_3b-06_latest\summary.json,\home\lly\projects\project\wandb_downloads_student_simulation_5projects\scientific-exploration-increase-student-simulation-chart-normal\artifacts\episode-chart_normal_beers_wavelength_model_qwen25_vl_3b-06_latest\trajectory.json,\home\lly\projects\project\wandb_downloads_student_simulation_5projects\scientific-exploration-increase-student-simulation-chart-normal\artifacts\episode-chart_normal_beers_wavelength_model_qwen25_vl_3b-06_latest\interaction_log.json,qwen25_vl,3b,model__scientific-exploration-increase-student-simulation-chart-normal__chart_only__normal__beers_wavelength__qwen25_vl_3b__run06,"[""increase_wavelength"", ""increase_wavelength"", ""decrease_wavelength"", ""increase_wavelength"", ""increase_concentration"", ""increase_wavelength"", ""increase_concentration"", ""increase_concentration"", ""increase_wavelength"", ""increase_concentration"", ""increase_wavelength"", ""decrease_path_length"", ""decrease_wavelength"", ""increase_wavelength"", ""increase_wavelength"", ""increase_wavelength"", ""increase_concentration"", ""increase_concentration"", ""increase_wavelength"", ""increase_wavelength"", ""increase_wavelength"", ""increase_wavelength"", ""increase_wavelength"", ""increase_wavelength"", ""increase_wavelength"", ""increase_wavelength"", ""increase_wavelength"", ""increase_wavelength"", ""finish""]","[""increase_wavelength"", ""increase_wavelength"", ""decrease_wavelength"", ""increase_wavelength"", ""increase_concentration"", ""increase_wavelength"", ""increase_concentration"", ""increase_concentration"", ""increase_wavelength"", ""increase_concentration"", ""increase_wavelength"", ""decrease_path_length"", ""decrease_wavelength"", ""increase_wavelength"", ""increase_wavelength"", ""increase_wavelength"", ""increase_concentration"", ""increase_concentration"", ""increase_wavelength"", ""increase_wavelength"", ""increase_wavelength"", ""increase_wavelength"", ""increase_wavelength"", ""increase_wavelength"", ""increase_wavelength"", ""increase_wavelength"", ""increase_wavelength"", ""increase_wavelength"", ""finish""]",increase_wavelength -> increase_wavelength -> decrease_wavelength -> increase_wavelength -> increase_concentration -> increase_wavelength -> increase_concentration -> increase_concentration -> increase_wavelength -> increase_concentration -> increase_wavelength -> decrease_path_length -> decrease_wavelength -> increase_wavelength -> increase_wavelength -> increase_wavelength -> increase_concentration -> increase_concentration -> increase_wavelength -> increase_wavelength -> increase_wavelength -> increase_wavelength -> increase_wavelength -> increase_wavelength -> increase_wavelength -> increase_wavelength -> increase_wavelength -> increase_wavelength -> finish,increase_wavelength -> increase_wavelength -> decrease_wavelength -> increase_wavelength -> increase_concentration -> increase_wavelength -> increase_concentration -> increase_concentration -> increase_wavelength -> increase_concentration -> increase_wavelength -> decrease_path_length -> decrease_wavelength -> increase_wavelength -> increase_wavelength -> increase_wavelength -> increase_concentration -> increase_concentration -> increase_wavelength -> increase_wavelength -> increase_wavelength -> increase_wavelength -> increase_wavelength -> increase_wavelength -> increase_wavelength -> increase_wavelength -> increase_wavelength -> increase_wavelength -> finish,"[""increase wavelength"", ""increase wavelength"", ""decrease wavelength"", ""increase wavelength"", ""increase concentration"", ""increase wavelength"", ""increase concentration"", ""increase concentration"", ""increase wavelength"", ""increase concentration"", ""increase wavelength"", ""decrease path_length"", ""decrease wavelength"", ""increase wavelength"", ""increase wavelength"", ""increase wavelength"", ""increase concentration"", ""increase concentration"", ""increase wavelength"", ""increase wavelength"", ""increase wavelength"", ""increase wavelength"", ""increase wavelength"", ""increase wavelength"", ""increase wavelength"", ""increase wavelength"", ""increase wavelength"", ""increase wavelength"", ""finish""]",increase wavelength -> increase wavelength -> decrease wavelength -> increase wavelength -> increase concentration -> increase wavelength -> increase concentration -> increase concentration -> increase wavelength -> increase concentration -> increase wavelength -> decrease path_length -> decrease wavelength -> increase wavelength -> increase wavelength -> increase wavelength -> increase concentration -> increase concentration -> increase wavelength -> increase wavelength -> increase wavelength -> increase wavelength -> increase wavelength -> increase wavelength -> increase wavelength -> increase wavelength -> increase wavelength -> increase wavelength -> finish,29,5,True,28.0,1,True,False,False,25,3,21,6,1,3,increase_wavelength,finish,increase_wavelength,wavelength,1.4710707275498114,0,0,False,False,True,False,,29,28,model_finish,True,
model,beers,beers_wavelength,chart_only,normal,chart_only_normal,qwen25_vl_3b,7,scientific-exploration-increase-student-simulation-chart-normal,episode-chart_normal_beers_wavelength_model_qwen25_vl_3b-07_latest,\home\lly\projects\project\wandb_downloads_student_simulation_5projects,\home\lly\projects\project\wandb_downloads_student_simulation_5projects\scientific-exploration-increase-student-simulation-chart-normal\artifacts\episode-chart_normal_beers_wavelength_model_qwen25_vl_3b-07_latest,\home\lly\projects\project\wandb_downloads_student_simulation_5projects\scientific-exploration-increase-student-simulation-chart-normal\artifacts\episode-chart_normal_beers_wavelength_model_qwen25_vl_3b-07_latest\steps.json,\home\lly\projects\project\wandb_downloads_student_simulation_5projects\scientific-exploration-increase-student-simulation-chart-normal\artifacts\episode-chart_normal_beers_wavelength_model_qwen25_vl_3b-07_latest\summary.json,\home\lly\projects\project\wandb_downloads_student_simulation_5projects\scientific-exploration-increase-student-simulation-chart-normal\artifacts\episode-chart_normal_beers_wavelength_model_qwen25_vl_3b-07_latest\trajectory.json,\home\lly\projects\project\wandb_downloads_student_simulation_5projects\scientific-exploration-increase-student-simulation-chart-normal\artifacts\episode-chart_normal_beers_wavelength_model_qwen25_vl_3b-07_latest\interaction_log.json,qwen25_vl,3b,model__scientific-exploration-increase-student-simulation-chart-normal__chart_only__normal__beers_wavelength__qwen25_vl_3b__run07,"[""increase_wavelength"", ""increase_wavelength"", ""increase_wavelength"", ""increase_path_length"", ""increase_wavelength"", ""increase_wavelength"", ""increase_path_length"", ""increase_path_length"", ""increase_path_length"", ""finish""]","[""increase_wavelength"", ""increase_wavelength"", ""increase_wavelength"", ""increase_path_length"", ""increase_wavelength"", ""increase_wavelength"", ""increase_path_length"", ""increase_path_length"", ""increase_path_length"", ""finish""]",increase_wavelength -> increase_wavelength -> increase_wavelength -> increase_path_length -> increase_wavelength -> increase_wavelength -> increase_path_length -> increase_path_length -> increase_path_length -> finish,increase_wavelength -> increase_wavelength -> increase_wavelength -> increase_path_length -> increase_wavelength -> increase_wavelength -> increase_path_length -> increase_path_length -> increase_path_length -> finish,"[""increase wavelength"", ""increase wavelength"", ""increase wavelength"", ""increase path_length"", ""increase wavelength"", ""increase wavelength"", ""increase path_length"", ""increase path_length"", ""increase path_length"", ""finish""]",increase wavelength -> increase wavelength -> increase wavelength -> increase path_length -> increase wavelength -> increase wavelength -> increase path_length -> increase path_length -> increase path_length -> finish,10,3,True,9.0,1,True,False,False,9,0,5,0,4,0,increase_wavelength,finish,increase_wavelength,wavelength,1.3609640474436813,0,0,False,False,True,False,,10,9,model_finish,True,
model,beers,beers_wavelength,chart_only,normal,chart_only_normal,qwen25_vl_7b,3,scientific-exploration-increase-student-simulation-chart-normal,episode-chart_normal_beers_wavelength_model_qwen25_vl_7b-03_latest,\home\lly\projects\project\wandb_downloads_student_simulation_5projects,\home\lly\projects\project\wandb_downloads_student_simulation_5projects\scientific-exploration-increase-student-simulation-chart-normal\artifacts\episode-chart_normal_beers_wavelength_model_qwen25_vl_7b-03_latest,\home\lly\projects\project\wandb_downloads_student_simulation_5projects\scientific-exploration-increase-student-simulation-chart-normal\artifacts\episode-chart_normal_beers_wavelength_model_qwen25_vl_7b-03_latest\steps.json,\home\lly\projects\project\wandb_downloads_student_simulation_5projects\scientific-exploration-increase-student-simulation-chart-normal\artifacts\episode-chart_normal_beers_wavelength_model_qwen25_vl_7b-03_latest\summary.json,\home\lly\projects\project\wandb_downloads_student_simulation_5projects\scientific-exploration-increase-student-simulation-chart-normal\artifacts\episode-chart_normal_beers_wavelength_model_qwen25_vl_7b-03_latest\trajectory.json,\home\lly\projects\project\wandb_downloads_student_simulation_5projects\scientific-exploration-increase-student-simulation-chart-normal\artifacts\episode-chart_normal_beers_wavelength_model_qwen25_vl_7b-03_latest\interaction_log.json,qwen25_vl,7b,model__scientific-exploration-increase-student-simulation-chart-normal__chart_only__normal__beers_wavelength__qwen25_vl_7b__run03,"[""increase_concentration"", ""decrease_concentration"", ""increase_wavelength"", ""increase_path_length"", ""decrease_path_length"", ""increase_wavelength"", ""finish""]","[""increase_concentration"", ""decrease_concentration"", ""increase_wavelength"", ""increase_path_length"", ""decrease_path_length"", ""increase_wavelength"", ""finish""]",increase_concentration -> decrease_concentration -> increase_wavelength -> increase_path_length -> decrease_path_length -> increase_wavelength -> finish,increase_concentration -> decrease_concentration -> increase_wavelength -> increase_path_length -> decrease_path_length -> increase_wavelength -> finish,"[""increase concentration"", ""decrease concentration"", ""increase wavelength"", ""increase path_length"", ""decrease path_length"", ""increase wavelength"", ""finish""]",increase concentration -> decrease concentration -> increase wavelength -> increase path_length -> decrease path_length -> increase wavelength -> finish,7,6,True,6.0,1,True,False,False,4,2,2,2,2,2,increase_concentration,finish,increase_wavelength,concentration,2.5216406363433186,0,0,False,False,True,False,,7,6,model_finish,True,
model,beers,beers_wavelength,chart_only,normal,chart_only_normal,qwen25_vl_7b,9,scientific-exploration-increase-student-simulation-chart-normal,episode-chart_normal_beers_wavelength_model_qwen25_vl_7b-09_latest,\home\lly\projects\project\wandb_downloads_student_simulation_5projects,\home\lly\projects\project\wandb_downloads_student_simulation_5projects\scientific-exploration-increase-student-simulation-chart-normal\artifacts\episode-chart_normal_beers_wavelength_model_qwen25_vl_7b-09_latest,\home\lly\projects\project\wandb_downloads_student_simulation_5projects\scientific-exploration-increase-student-simulation-chart-normal\artifacts\episode-chart_normal_beers_wavelength_model_qwen25_vl_7b-09_latest\steps.json,\home\lly\projects\project\wandb_downloads_student_simulation_5projects\scientific-exploration-increase-student-simulation-chart-normal\artifacts\episode-chart_normal_beers_wavelength_model_qwen25_vl_7b-09_latest\summary.json,\home\lly\projects\project\wandb_downloads_student_simulation_5projects\scientific-exploration-increase-student-simulation-chart-normal\artifacts\episode-chart_normal_beers_wavelength_model_qwen25_vl_7b-09_latest\trajectory.json,\home\lly\projects\project\wandb_downloads_student_simulation_5projects\scientific-exploration-increase-student-simulation-chart-normal\artifacts\episode-chart_normal_beers_wavelength_model_qwen25_vl_7b-09_latest\interaction_log.json,qwen25_vl,7b,model__scientific-exploration-increase-student-simulation-chart-normal__chart_only__normal__beers_wavelength__qwen25_vl_7b__run09,"[""increase_wavelength"", ""decrease_concentration"", ""decrease_concentration"", ""increase_wavelength"", ""increase_path_length"", ""increase_wavelength"", ""increase_wavelength"", ""increase_wavelength"", ""increase_wavelength"", ""increase_wavelength"", ""increase_wavelength"", ""finish""]","[""increase_wavelength"", ""decrease_concentration"", ""decrease_concentration"", ""increase_wavelength"", ""increase_path_length"", ""increase_wavelength"", ""increase_wavelength"", ""increase_wavelength"", ""increase_wavelength"", ""increase_wavelength"", ""increase_wavelength"", ""finish""]",increase_wavelength -> decrease_concentration -> decrease_concentration -> increase_wavelength -> increase_path_length -> increase_wavelength -> increase_wavelength -> increase_wavelength -> increase_wavelength -> increase_wavelength -> increase_wavelength -> finish,increase_wavelength -> decrease_concentration -> decrease_concentration -> increase_wavelength -> increase_path_length -> increase_wavelength -> increase_wavelength -> increase_wavelength -> increase_wavelength -> increase_wavelength -> increase_wavelength -> finish,"[""increase wavelength"", ""decrease concentration"", ""decrease concentration"", ""increase wavelength"", ""increase path_length"", ""increase wavelength"", ""increase wavelength"", ""increase wavelength"", ""increase wavelength"", ""increase wavelength"", ""increase wavelength"", ""finish""]",increase wavelength -> decrease concentration -> decrease concentration -> increase wavelength -> increase path_length -> increase wavelength -> increase wavelength -> increase wavelength -> increase wavelength -> increase wavelength -> increase wavelength -> finish,12,4,True,11.0,1,True,False,False,9,2,8,2,1,0,increase_wavelength,finish,increase_wavelength,wavelength,1.4182958340544896,0,0,False,False,True,False,,12,11,model_finish,True,
model,beers,beers_wavelength,chart_only,normal,chart_only_normal,qwen25_vl_3b,8,scientific-exploration-increase-student-simulation-chart-normal,episode-chart_normal_beers_wavelength_model_qwen25_vl_3b-08_latest,\home\lly\projects\project\wandb_downloads_student_simulation_5projects,\home\lly\projects\project\wandb_downloads_student_simulation_5projects\scientific-exploration-increase-student-simulation-chart-normal\artifacts\episode-chart_normal_beers_wavelength_model_qwen25_vl_3b-08_latest,\home\lly\projects\project\wandb_downloads_student_simulation_5projects\scientific-exploration-increase-student-simulation-chart-normal\artifacts\episode-chart_normal_beers_wavelength_model_qwen25_vl_3b-08_latest\steps.json,\home\lly\projects\project\wandb_downloads_student_simulation_5projects\scientific-exploration-increase-student-simulation-chart-normal\artifacts\episode-chart_normal_beers_wavelength_model_qwen25_vl_3b-08_latest\summary.json,\home\lly\projects\project\wandb_downloads_student_simulation_5projects\scientific-exploration-increase-student-simulation-chart-normal\artifacts\episode-chart_normal_beers_wavelength_model_qwen25_vl_3b-08_latest\trajectory.json,\home\lly\projects\project\wandb_downloads_student_simulation_5projects\scientific-exploration-increase-student-simulation-chart-normal\artifacts\episode-chart_normal_beers_wavelength_model_qwen25_vl_3b-08_latest\interaction_log.json,qwen25_vl,3b,model__scientific-exploration-increase-student-simulation-chart-normal__chart_only__normal__beers_wavelength__qwen25_vl_3b__run08,"[""increase_wavelength"", ""increase_wavelength"", ""increase_wavelength"", ""increase_wavelength"", ""increase_wavelength"", ""increase_wavelength"", ""increase_wavelength"", ""increase_concentration"", ""finish""]","[""increase_wavelength"", ""increase_wavelength"", ""increase_wavelength"", ""increase_wavelength"", ""increase_wavelength"", ""increase_wavelength"", ""increase_wavelength"", ""increase_concentration"", ""finish""]",increase_wavelength -> increase_wavelength -> increase_wavelength -> increase_wavelength -> increase_wavelength -> increase_wavelength -> increase_wavelength -> increase_concentration -> finish,increase_wavelength -> increase_wavelength -> increase_wavelength -> increase_wavelength -> increase_wavelength -> increase_wavelength -> increase_wavelength -> increase_concentration -> finish,"[""increase wavelength"", ""increase wavelength"", ""increase wavelength"", ""increase wavelength"", ""increase wavelength"", ""increase wavelength"", ""increase wavelength"", ""increase concentration"", ""finish""]",increase wavelength -> increase wavelength -> increase wavelength -> increase wavelength -> increase wavelength -> increase wavelength -> increase wavelength -> increase concentration -> finish,9,3,True,8.0,1,True,False,False,8,0,7,1,0,0,increase_wavelength,finish,increase_wavelength,wavelength,0.9864267287308424,0,0,False,False,True,False,,9,8,model_finish,True,
model,beers,beers_wavelength,chart_only,normal,chart_only_normal,qwen25_vl_7b,2,scientific-exploration-increase-student-simulation-chart-normal,episode-chart_normal_beers_wavelength_model_qwen25_vl_7b-02_latest,\home\lly\projects\project\wandb_downloads_student_simulation_5projects,\home\lly\projects\project\wandb_downloads_student_simulation_5projects\scientific-exploration-increase-student-simulation-chart-normal\artifacts\episode-chart_normal_beers_wavelength_model_qwen25_vl_7b-02_latest,\home\lly\projects\project\wandb_downloads_student_simulation_5projects\scientific-exploration-increase-student-simulation-chart-normal\artifacts\episode-chart_normal_beers_wavelength_model_qwen25_vl_7b-02_latest\steps.json,\home\lly\projects\project\wandb_downloads_student_simulation_5projects\scientific-exploration-increase-student-simulation-chart-normal\artifacts\episode-chart_normal_beers_wavelength_model_qwen25_vl_7b-02_latest\summary.json,\home\lly\projects\project\wandb_downloads_student_simulation_5projects\scientific-exploration-increase-student-simulation-chart-normal\artifacts\episode-chart_normal_beers_wavelength_model_qwen25_vl_7b-02_latest\trajectory.json,\home\lly\projects\project\wandb_downloads_student_simulation_5projects\scientific-exploration-increase-student-simulation-chart-normal\artifacts\episode-chart_normal_beers_wavelength_model_qwen25_vl_7b-02_latest\interaction_log.json,qwen25_vl,7b,model__scientific-exploration-increase-student-simulation-chart-normal__chart_only__normal__beers_wavelength__qwen25_vl_7b__run02,"[""increase_concentration"", ""decrease_concentration"", ""increase_concentration"", ""increase_wavelength"", ""finish""]","[""increase_concentration"", ""decrease_concentration"", ""increase_concentration"", ""increase_wavelength"", ""finish""]",increase_concentration -> decrease_concentration -> increase_concentration -> increase_wavelength -> finish,increase_concentration -> decrease_concentration -> increase_concentration -> increase_wavelength -> finish,"[""increase concentration"", ""decrease concentration"", ""increase concentration"", ""increase wavelength"", ""finish""]",increase concentration -> decrease concentration -> increase concentration -> increase wavelength -> finish,5,4,True,4.0,1,True,False,False,3,1,1,3,0,2,increase_concentration,finish,increase_concentration,concentration,1.9219280948873623,0,0,False,False,True,False,,5,4,model_finish,True,
model,beers,beers_wavelength,chart_only,normal,chart_only_normal,qwen25_vl_3b,4,scientific-exploration-increase-student-simulation-chart-normal,episode-chart_normal_beers_wavelength_model_qwen25_vl_3b-04_latest,\home\lly\projects\project\wandb_downloads_student_simulation_5projects,\home\lly\projects\project\wandb_downloads_student_simulation_5projects\scientific-exploration-increase-student-simulation-chart-normal\artifacts\episode-chart_normal_beers_wavelength_model_qwen25_vl_3b-04_latest,\home\lly\projects\project\wandb_downloads_student_simulation_5projects\scientific-exploration-increase-student-simulation-chart-normal\artifacts\episode-chart_normal_beers_wavelength_model_qwen25_vl_3b-04_latest\steps.json,\home\lly\projects\project\wandb_downloads_student_simulation_5projects\scientific-exploration-increase-student-simulation-chart-normal\artifacts\episode-chart_normal_beers_wavelength_model_qwen25_vl_3b-04_latest\summary.json,\home\lly\projects\project\wandb_downloads_student_simulation_5projects\scientific-exploration-increase-student-simulation-chart-normal\artifacts\episode-chart_normal_beers_wavelength_model_qwen25_vl_3b-04_latest\trajectory.json,\home\lly\projects\project\wandb_downloads_student_simulation_5projects\scientific-exploration-increase-student-simulation-chart-normal\artifacts\episode-chart_normal_beers_wavelength_model_qwen25_vl_3b-04_latest\interaction_log.json,qwen25_vl,3b,model__scientific-exploration-increase-student-simulation-chart-normal__chart_only__normal__beers_wavelength__qwen25_vl_3b__run04,"[""increase_wavelength"", ""increase_wavelength"", ""increase_path_length"", ""increase_wavelength"", ""decrease_wavelength"", ""increase_wavelength"", ""decrease_wavelength"", ""decrease_concentration"", ""increase_wavelength"", ""increase_wavelength"", ""increase_wavelength"", ""decrease_concentration"", ""increase_wavelength"", ""increase_wavelength"", ""increase_wavelength"", ""decrease_wavelength"", ""increase_wavelength"", ""decrease_wavelength"", ""decrease_wavelength"", ""increase_wavelength"", ""decrease_wavelength"", ""increase_wavelength"", ""increase_wavelength"", ""decrease_wavelength"", ""decrease_wavelength"", ""increase_wavelength"", ""decrease_wavelength"", ""decrease_wavelength"", ""decrease_wavelength"", ""increase_wavelength"", ""increase_wavelength"", ""increase_wavelength"", ""decrease_concentration"", ""increase_wavelength"", ""decrease_wavelength"", ""decrease_concentration"", ""increase_wavelength"", ""increase_wavelength"", ""decrease_wavelength"", ""increase_wavelength"", ""increase_wavelength"", ""increase_wavelength"", ""increase_wavelength"", ""decrease_wavelength"", ""increase_wavelength"", ""decrease_wavelength"", ""increase_wavelength"", ""decrease_concentration"", ""increase_wavelength"", ""increase_wavelength""]","[""increase_wavelength"", ""increase_wavelength"", ""increase_path_length"", ""increase_wavelength"", ""decrease_wavelength"", ""increase_wavelength"", ""decrease_wavelength"", ""decrease_concentration"", ""increase_wavelength"", ""increase_wavelength"", ""increase_wavelength"", ""decrease_concentration"", ""increase_wavelength"", ""increase_wavelength"", ""increase_wavelength"", ""decrease_wavelength"", ""increase_wavelength"", ""decrease_wavelength"", ""decrease_wavelength"", ""increase_wavelength"", ""decrease_wavelength"", ""increase_wavelength"", ""increase_wavelength"", ""decrease_wavelength"", ""decrease_wavelength"", ""increase_wavelength"", ""decrease_wavelength"", ""decrease_wavelength"", ""decrease_wavelength"", ""increase_wavelength"", ""increase_wavelength"", ""increase_wavelength"", ""decrease_concentration"", ""increase_wavelength"", ""decrease_wavelength"", ""decrease_concentration"", ""increase_wavelength"", ""increase_wavelength"", ""decrease_wavelength"", ""increase_wavelength"", ""increase_wavelength"", ""increase_wavelength"", ""increase_wavelength"", ""decrease_wavelength"", ""increase_wavelength"", ""decrease_wavelength"", ""increase_wavelength"", ""decrease_concentration"", ""increase_wavelength"", ""increase_wavelength""]",increase_wavelength -> increase_wavelength -> increase_path_length -> increase_wavelength -> decrease_wavelength -> increase_wavelength -> decrease_wavelength -> decrease_concentration -> increase_wavelength -> increase_wavelength -> increase_wavelength -> decrease_concentration -> increase_wavelength -> increase_wavelength -> increase_wavelength -> decrease_wavelength -> increase_wavelength -> decrease_wavelength -> decrease_wavelength -> increase_wavelength -> decrease_wavelength -> increase_wavelength -> increase_wavelength -> decrease_wavelength -> decrease_wavelength -> increase_wavelength -> decrease_wavelength -> decrease_wavelength -> decrease_wavelength -> increase_wavelength -> increase_wavelength -> increase_wavelength -> decrease_concentration -> increase_wavelength -> decrease_wavelength -> decrease_concentration -> increase_wavelength -> increase_wavelength -> decrease_wavelength -> increase_wavelength -> increase_wavelength -> increase_wavelength -> increase_wavelength -> decrease_wavelength -> increase_wavelength -> decrease_wavelength -> increase_wavelength -> decrease_concentration -> increase_wavelength -> increase_wavelength,increase_wavelength -> increase_wavelength -> increase_path_length -> increase_wavelength -> decrease_wavelength -> increase_wavelength -> decrease_wavelength -> decrease_concentration -> increase_wavelength -> increase_wavelength -> increase_wavelength -> decrease_concentration -> increase_wavelength -> increase_wavelength -> increase_wavelength -> decrease_wavelength -> increase_wavelength -> decrease_wavelength -> decrease_wavelength -> increase_wavelength -> decrease_wavelength -> increase_wavelength -> increase_wavelength -> decrease_wavelength -> decrease_wavelength -> increase_wavelength -> decrease_wavelength -> decrease_wavelength -> decrease_wavelength -> increase_wavelength -> increase_wavelength -> increase_wavelength -> decrease_concentration -> increase_wavelength -> decrease_wavelength -> decrease_concentration -> increase_wavelength -> increase_wavelength -> decrease_wavelength -> increase_wavelength -> increase_wavelength -> increase_wavelength -> increase_wavelength -> decrease_wavelength -> increase_wavelength -> decrease_wavelength -> increase_wavelength -> decrease_concentration -> increase_wavelength -> increase_wavelength,"[""increase wavelength"", ""increase wavelength"", ""increase path_length"", ""increase wavelength"", ""decrease wavelength"", ""increase wavelength"", ""decrease wavelength"", ""decrease concentration"", ""increase wavelength"", ""increase wavelength"", ""increase wavelength"", ""decrease concentration"", ""increase wavelength"", ""increase wavelength"", ""increase wavelength"", ""decrease wavelength"", ""increase wavelength"", ""decrease wavelength"", ""decrease wavelength"", ""increase wavelength"", ""decrease wavelength"", ""increase wavelength"", ""increase wavelength"", ""decrease wavelength"", ""decrease wavelength"", ""increase wavelength"", ""decrease wavelength"", ""decrease wavelength"", ""decrease wavelength"", ""increase wavelength"", ""increase wavelength"", ""increase wavelength"", ""decrease concentration"", ""increase wavelength"", ""decrease wavelength"", ""decrease concentration"", ""increase wavelength"", ""increase wavelength"", ""decrease wavelength"", ""increase wavelength"", ""increase wavelength"", ""increase wavelength"", ""increase wavelength"", ""decrease wavelength"", ""increase wavelength"", ""decrease wavelength"", ""increase wavelength"", ""decrease concentration"", ""increase wavelength"", ""increase wavelength""]",increase wavelength -> increase wavelength -> increase path_length -> increase wavelength -> decrease wavelength -> increase wavelength -> decrease wavelength -> decrease concentration -> increase wavelength -> increase wavelength -> increase wavelength -> decrease concentration -> increase wavelength -> increase wavelength -> increase wavelength -> decrease wavelength -> increase wavelength -> decrease wavelength -> decrease wavelength -> increase wavelength -> decrease wavelength -> increase wavelength -> increase wavelength -> decrease wavelength -> decrease wavelength -> increase wavelength -> decrease wavelength -> decrease wavelength -> decrease wavelength -> increase wavelength -> increase wavelength -> increase wavelength -> decrease concentration -> increase wavelength -> decrease wavelength -> decrease concentration -> increase wavelength -> increase wavelength -> decrease wavelength -> increase wavelength -> increase wavelength -> increase wavelength -> increase wavelength -> decrease wavelength -> increase wavelength -> decrease wavelength -> increase wavelength -> decrease concentration -> increase wavelength -> increase wavelength,50,4,False,,0,False,False,False,30,20,44,5,1,20,increase_wavelength,increase_wavelength,increase_wavelength,wavelength,1.4219672244294412,0,0,False,False,True,True,,50,50,forced_timeout,False,forced_finish;no_finish
model,beers,beers_wavelength,chart_only,normal,chart_only_normal,qwen25_vl_7b,7,scientific-exploration-increase-student-simulation-chart-normal,episode-chart_normal_beers_wavelength_model_qwen25_vl_7b-07_latest,\home\lly\projects\project\wandb_downloads_student_simulation_5projects,\home\lly\projects\project\wandb_downloads_student_simulation_5projects\scientific-exploration-increase-student-simulation-chart-normal\artifacts\episode-chart_normal_beers_wavelength_model_qwen25_vl_7b-07_latest,\home\lly\projects\project\wandb_downloads_student_simulation_5projects\scientific-exploration-increase-student-simulation-chart-normal\artifacts\episode-chart_normal_beers_wavelength_model_qwen25_vl_7b-07_latest\steps.json,\home\lly\projects\project\wandb_downloads_student_simulation_5projects\scientific-exploration-increase-student-simulation-chart-normal\artifacts\episode-chart_normal_beers_wavelength_model_qwen25_vl_7b-07_latest\summary.json,\home\lly\projects\project\wandb_downloads_student_simulation_5projects\scientific-exploration-increase-student-simulation-chart-normal\artifacts\episode-chart_normal_beers_wavelength_model_qwen25_vl_7b-07_latest\trajectory.json,\home\lly\projects\project\wandb_downloads_student_simulation_5projects\scientific-exploration-increase-student-simulation-chart-normal\artifacts\episode-chart_normal_beers_wavelength_model_qwen25_vl_7b-07_latest\interaction_log.json,qwen25_vl,7b,model__scientific-exploration-increase-student-simulation-chart-normal__chart_only__normal__beers_wavelength__qwen25_vl_7b__run07,"[""increase_wavelength"", ""increase_concentration"", ""increase_path_length"", ""decrease_concentration"", ""decrease_path_length"", ""increase_concentration"", ""decrease_concentration"", ""increase_concentration"", ""increase_concentration"", ""increase_concentration"", ""decrease_concentration"", ""increase_concentration"", ""decrease_concentration"", ""increase_concentration"", ""increase_concentration"", ""increase_concentration"", ""increase_concentration"", ""increase_concentration"", ""increase_concentration"", ""finish""]","[""increase_wavelength"", ""increase_concentration"", ""increase_path_length"", ""decrease_concentration"", ""decrease_path_length"", ""increase_concentration"", ""decrease_concentration"", ""increase_concentration"", ""increase_concentration"", ""increase_concentration"", ""decrease_concentration"", ""increase_concentration"", ""decrease_concentration"", ""increase_concentration"", ""increase_concentration"", ""increase_concentration"", ""increase_concentration"", ""increase_concentration"", ""increase_concentration"", ""finish""]",increase_wavelength -> increase_concentration -> increase_path_length -> decrease_concentration -> decrease_path_length -> increase_concentration -> decrease_concentration -> increase_concentration -> increase_concentration -> increase_concentration -> decrease_concentration -> increase_concentration -> decrease_concentration -> increase_concentration -> increase_concentration -> increase_concentration -> increase_concentration -> increase_concentration -> increase_concentration -> finish,increase_wavelength -> increase_concentration -> increase_path_length -> decrease_concentration -> decrease_path_length -> increase_concentration -> decrease_concentration -> increase_concentration -> increase_concentration -> increase_concentration -> decrease_concentration -> increase_concentration -> decrease_concentration -> increase_concentration -> increase_concentration -> increase_concentration -> increase_concentration -> increase_concentration -> increase_concentration -> finish,"[""increase wavelength"", ""increase concentration"", ""increase path_length"", ""decrease concentration"", ""decrease path_length"", ""increase concentration"", ""decrease concentration"", ""increase concentration"", ""increase concentration"", ""increase concentration"", ""decrease concentration"", ""increase concentration"", ""decrease concentration"", ""increase concentration"", ""increase concentration"", ""increase concentration"", ""increase concentration"", ""increase concentration"", ""increase concentration"", ""finish""]",increase wavelength -> increase concentration -> increase path_length -> decrease concentration -> decrease path_length -> increase concentration -> decrease concentration -> increase concentration -> increase concentration -> increase concentration -> decrease concentration -> increase concentration -> decrease concentration -> increase concentration -> increase concentration -> increase concentration -> increase concentration -> increase concentration -> increase concentration -> finish,20,6,True,19.0,1,True,False,False,14,5,1,16,2,6,increase_wavelength,finish,increase_concentration,concentration,1.7709505944546686,0,0,False,False,True,False,,20,19,model_finish,True,
model,beers,beers_wavelength,text_only,normal,text_only_normal,qwen35_9b,8,scientific-exploration-increase-student-simulation-text-normal,episode-text_normal_beers_wavelength_model_qwen35_9b-08_latest,\home\lly\projects\project\wandb_downloads_student_simulation_5projects,\home\lly\projects\project\wandb_downloads_student_simulation_5projects\scientific-exploration-increase-student-simulation-text-normal\artifacts\episode-text_normal_beers_wavelength_model_qwen35_9b-08_latest,\home\lly\projects\project\wandb_downloads_student_simulation_5projects\scientific-exploration-increase-student-simulation-text-normal\artifacts\episode-text_normal_beers_wavelength_model_qwen35_9b-08_latest\steps.json,\home\lly\projects\project\wandb_downloads_student_simulation_5projects\scientific-exploration-increase-student-simulation-text-normal\artifacts\episode-text_normal_beers_wavelength_model_qwen35_9b-08_latest\summary.json,\home\lly\projects\project\wandb_downloads_student_simulation_5projects\scientific-exploration-increase-student-simulation-text-normal\artifacts\episode-text_normal_beers_wavelength_model_qwen35_9b-08_latest\trajectory.json,\home\lly\projects\project\wandb_downloads_student_simulation_5projects\scientific-exploration-increase-student-simulation-text-normal\artifacts\episode-text_normal_beers_wavelength_model_qwen35_9b-08_latest\interaction_log.json,qwen35,9b,model__scientific-exploration-increase-student-simulation-text-normal__text_only__normal__beers_wavelength__qwen35_9b__run08,"[""increase_wavelength"", ""increase_wavelength"", ""increase_wavelength"", ""increase_wavelength"", ""increase_concentration"", ""increase_concentration"", ""increase_path_length"", ""decrease_wavelength"", ""decrease_concentration"", ""decrease_path_length"", ""finish""]","[""increase_wavelength"", ""increase_wavelength"", ""increase_wavelength"", ""increase_wavelength"", ""increase_concentration"", ""increase_concentration"", ""increase_path_length"", ""decrease_wavelength"", ""decrease_concentration"", ""decrease_path_length"", ""finish""]",increase_wavelength -> increase_wavelength -> increase_wavelength -> increase_wavelength -> increase_concentration -> increase_concentration -> increase_path_length -> decrease_wavelength -> decrease_concentration -> decrease_path_length -> finish,increase_wavelength -> increase_wavelength -> increase_wavelength -> increase_wavelength -> increase_concentration -> increase_concentration -> increase_path_length -> decrease_wavelength -> decrease_concentration -> decrease_path_length -> finish,"[""increase wavelength"", ""increase wavelength"", ""increase wavelength"", ""increase wavelength"", ""increase concentration"", ""increase concentration"", ""increase path_length"", ""decrease wavelength"", ""decrease concentration"", ""decrease path_length"", ""finish""]",increase wavelength -> increase wavelength -> increase wavelength -> increase wavelength -> increase concentration -> increase concentration -> increase path_length -> decrease wavelength -> decrease concentration -> decrease path_length -> finish,11,7,True,10.0,1,True,False,False,7,3,5,3,2,0,increase_wavelength,finish,increase_wavelength,wavelength,2.5503407095463886,0,0,False,False,True,False,,11,10,model_finish,True,
model,beers,beers_wavelength,text_only,normal,text_only_normal,qwen35_9b,3,scientific-exploration-increase-student-simulation-text-normal,episode-text_normal_beers_wavelength_model_qwen35_9b-03_latest,\home\lly\projects\project\wandb_downloads_student_simulation_5projects,\home\lly\projects\project\wandb_downloads_student_simulation_5projects\scientific-exploration-increase-student-simulation-text-normal\artifacts\episode-text_normal_beers_wavelength_model_qwen35_9b-03_latest,\home\lly\projects\project\wandb_downloads_student_simulation_5projects\scientific-exploration-increase-student-simulation-text-normal\artifacts\episode-text_normal_beers_wavelength_model_qwen35_9b-03_latest\steps.json,\home\lly\projects\project\wandb_downloads_student_simulation_5projects\scientific-exploration-increase-student-simulation-text-normal\artifacts\episode-text_normal_beers_wavelength_model_qwen35_9b-03_latest\summary.json,\home\lly\projects\project\wandb_downloads_student_simulation_5projects\scientific-exploration-increase-student-simulation-text-normal\artifacts\episode-text_normal_beers_wavelength_model_qwen35_9b-03_latest\trajectory.json,\home\lly\projects\project\wandb_downloads_student_simulation_5projects\scientific-exploration-increase-student-simulation-text-normal\artifacts\episode-text_normal_beers_wavelength_model_qwen35_9b-03_latest\interaction_log.json,qwen35,9b,model__scientific-exploration-increase-student-simulation-text-normal__text_only__normal__beers_wavelength__qwen35_9b__run03,"[""increase_wavelength"", ""increase_wavelength"", ""increase_wavelength"", ""increase_wavelength"", ""increase_concentration"", ""increase_concentration"", ""increase_path_length"", ""decrease_wavelength"", ""decrease_wavelength"", ""decrease_wavelength"", ""decrease_wavelength"", ""finish""]","[""increase_wavelength"", ""increase_wavelength"", ""increase_wavelength"", ""increase_wavelength"", ""increase_concentration"", ""increase_concentration"", ""increase_path_length"", ""decrease_wavelength"", ""decrease_wavelength"", ""decrease_wavelength"", ""decrease_wavelength"", ""finish""]",increase_wavelength -> increase_wavelength -> increase_wavelength -> increase_wavelength -> increase_concentration -> increase_concentration -> increase_path_length -> decrease_wavelength -> decrease_wavelength -> decrease_wavelength -> decrease_wavelength -> finish,increase_wavelength -> increase_wavelength -> increase_wavelength -> increase_wavelength -> increase_concentration -> increase_concentration -> increase_path_length -> decrease_wavelength -> decrease_wavelength -> decrease_wavelength -> decrease_wavelength -> finish,"[""increase wavelength"", ""increase wavelength"", ""increase wavelength"", ""increase wavelength"", ""increase concentration"", ""increase concentration"", ""increase path_length"", ""decrease wavelength"", ""decrease wavelength"", ""decrease wavelength"", ""decrease wavelength"", ""finish""]",increase wavelength -> increase wavelength -> increase wavelength -> increase wavelength -> increase concentration -> increase concentration -> increase path_length -> decrease wavelength -> decrease wavelength -> decrease wavelength -> decrease wavelength -> finish,12,5,True,11.0,1,True,False,False,7,4,8,2,1,0,increase_wavelength,finish,increase_wavelength,wavelength,2.084962500721156,0,0,False,False,True,False,,12,11,model_finish,True,
model,beers,beers_wavelength,text_only,normal,text_only_normal,qwen35_4b,0,scientific-exploration-increase-student-simulation-text-normal,episode-text_normal_beers_wavelength_model_qwen35_4b-00_latest,\home\lly\projects\project\wandb_downloads_student_simulation_5projects,\home\lly\projects\project\wandb_downloads_student_simulation_5projects\scientific-exploration-increase-student-simulation-text-normal\artifacts\episode-text_normal_beers_wavelength_model_qwen35_4b-00_latest,\home\lly\projects\project\wandb_downloads_student_simulation_5projects\scientific-exploration-increase-student-simulation-text-normal\artifacts\episode-text_normal_beers_wavelength_model_qwen35_4b-00_latest\steps.json,\home\lly\projects\project\wandb_downloads_student_simulation_5projects\scientific-exploration-increase-student-simulation-text-normal\artifacts\episode-text_normal_beers_wavelength_model_qwen35_4b-00_latest\summary.json,\home\lly\projects\project\wandb_downloads_student_simulation_5projects\scientific-exploration-increase-student-simulation-text-normal\artifacts\episode-text_normal_beers_wavelength_model_qwen35_4b-00_latest\trajectory.json,\home\lly\projects\project\wandb_downloads_student_simulation_5projects\scientific-exploration-increase-student-simulation-text-normal\artifacts\episode-text_normal_beers_wavelength_model_qwen35_4b-00_latest\interaction_log.json,qwen35,4b,model__scientific-exploration-increase-student-simulation-text-normal__text_only__normal__beers_wavelength__qwen35_4b__run00,"[""increase_wavelength"", ""decrease_wavelength"", ""increase_concentration"", ""decrease_concentration"", ""increase_path_length"", ""finish""]","[""increase_wavelength"", ""decrease_wavelength"", ""increase_concentration"", ""decrease_concentration"", ""increase_path_length"", ""finish""]",increase_wavelength -> decrease_wavelength -> increase_concentration -> decrease_concentration -> increase_path_length -> finish,increase_wavelength -> decrease_wavelength -> increase_concentration -> decrease_concentration -> increase_path_length -> finish,"[""increase wavelength"", ""decrease wavelength"", ""increase concentration"", ""decrease concentration"", ""increase path_length"", ""finish""]",increase wavelength -> decrease wavelength -> increase concentration -> decrease concentration -> increase path_length -> finish,6,6,True,5.0,1,True,False,False,3,2,2,2,1,2,increase_wavelength,finish,increase_wavelength,wavelength,2.584962500721156,0,0,False,False,True,False,,6,5,model_finish,True,
model,beers,beers_wavelength,text_only,normal,text_only_normal,qwen35_9b,9,scientific-exploration-increase-student-simulation-text-normal,episode-text_normal_beers_wavelength_model_qwen35_9b-09_latest,\home\lly\projects\project\wandb_downloads_student_simulation_5projects,\home\lly\projects\project\wandb_downloads_student_simulation_5projects\scientific-exploration-increase-student-simulation-text-normal\artifacts\episode-text_normal_beers_wavelength_model_qwen35_9b-09_latest,\home\lly\projects\project\wandb_downloads_student_simulation_5projects\scientific-exploration-increase-student-simulation-text-normal\artifacts\episode-text_normal_beers_wavelength_model_qwen35_9b-09_latest\steps.json,\home\lly\projects\project\wandb_downloads_student_simulation_5projects\scientific-exploration-increase-student-simulation-text-normal\artifacts\episode-text_normal_beers_wavelength_model_qwen35_9b-09_latest\summary.json,\home\lly\projects\project\wandb_downloads_student_simulation_5projects\scientific-exploration-increase-student-simulation-text-normal\artifacts\episode-text_normal_beers_wavelength_model_qwen35_9b-09_latest\trajectory.json,\home\lly\projects\project\wandb_downloads_student_simulation_5projects\scientific-exploration-increase-student-simulation-text-normal\artifacts\episode-text_normal_beers_wavelength_model_qwen35_9b-09_latest\interaction_log.json,qwen35,9b,model__scientific-exploration-increase-student-simulation-text-normal__text_only__normal__beers_wavelength__qwen35_9b__run09,"[""increase_wavelength"", ""decrease_wavelength"", ""increase_concentration"", ""increase_path_length"", ""finish""]","[""increase_wavelength"", ""decrease_wavelength"", ""increase_concentration"", ""increase_path_length"", ""finish""]",increase_wavelength -> decrease_wavelength -> increase_concentration -> increase_path_length -> finish,increase_wavelength -> decrease_wavelength -> increase_concentration -> increase_path_length -> finish,"[""increase wavelength"", ""decrease wavelength"", ""increase concentration"", ""increase path_length"", ""finish""]",increase wavelength -> decrease wavelength -> increase concentration -> increase path_length -> finish,5,5,True,4.0,1,True,False,False,3,1,2,1,1,1,increase_wavelength,finish,increase_wavelength,wavelength,2.321928094887362,0,0,False,False,True,False,,5,4,model_finish,True,
model,beers,beers_wavelength,text_only,normal,text_only_normal,qwen35_9b,6,scientific-exploration-increase-student-simulation-text-normal,episode-text_normal_beers_wavelength_model_qwen35_9b-06_latest,\home\lly\projects\project\wandb_downloads_student_simulation_5projects,\home\lly\projects\project\wandb_downloads_student_simulation_5projects\scientific-exploration-increase-student-simulation-text-normal\artifacts\episode-text_normal_beers_wavelength_model_qwen35_9b-06_latest,\home\lly\projects\project\wandb_downloads_student_simulation_5projects\scientific-exploration-increase-student-simulation-text-normal\artifacts\episode-text_normal_beers_wavelength_model_qwen35_9b-06_latest\steps.json,\home\lly\projects\project\wandb_downloads_student_simulation_5projects\scientific-exploration-increase-student-simulation-text-normal\artifacts\episode-text_normal_beers_wavelength_model_qwen35_9b-06_latest\summary.json,\home\lly\projects\project\wandb_downloads_student_simulation_5projects\scientific-exploration-increase-student-simulation-text-normal\artifacts\episode-text_normal_beers_wavelength_model_qwen35_9b-06_latest\trajectory.json,\home\lly\projects\project\wandb_downloads_student_simulation_5projects\scientific-exploration-increase-student-simulation-text-normal\artifacts\episode-text_normal_beers_wavelength_model_qwen35_9b-06_latest\interaction_log.json,qwen35,9b,model__scientific-exploration-increase-student-simulation-text-normal__text_only__normal__beers_wavelength__qwen35_9b__run06,"[""increase_concentration"", ""increase_path_length"", ""increase_wavelength"", ""increase_wavelength"", ""increase_wavelength"", ""increase_wavelength"", ""finish""]","[""increase_concentration"", ""increase_path_length"", ""increase_wavelength"", ""increase_wavelength"", ""increase_wavelength"", ""increase_wavelength"", ""finish""]",increase_concentration -> increase_path_length -> increase_wavelength -> increase_wavelength -> increase_wavelength -> increase_wavelength -> finish,increase_concentration -> increase_path_length -> increase_wavelength -> increase_wavelength -> increase_wavelength -> increase_wavelength -> finish,"[""increase concentration"", ""increase path_length"", ""increase wavelength"", ""increase wavelength"", ""increase wavelength"", ""increase wavelength"", ""finish""]",increase concentration -> increase path_length -> increase wavelength -> increase wavelength -> increase wavelength -> increase wavelength -> finish,7,4,True,6.0,1,True,False,False,6,0,4,1,1,0,increase_concentration,finish,increase_wavelength,wavelength,1.6644977792004614,0,0,False,False,True,False,,7,6,model_finish,True,
model,beers,beers_wavelength,text_only,normal,text_only_normal,qwen35_9b,7,scientific-exploration-increase-student-simulation-text-normal,episode-text_normal_beers_wavelength_model_qwen35_9b-07_latest,\home\lly\projects\project\wandb_downloads_student_simulation_5projects,\home\lly\projects\project\wandb_downloads_student_simulation_5projects\scientific-exploration-increase-student-simulation-text-normal\artifacts\episode-text_normal_beers_wavelength_model_qwen35_9b-07_latest,\home\lly\projects\project\wandb_downloads_student_simulation_5projects\scientific-exploration-increase-student-simulation-text-normal\artifacts\episode-text_normal_beers_wavelength_model_qwen35_9b-07_latest\steps.json,\home\lly\projects\project\wandb_downloads_student_simulation_5projects\scientific-exploration-increase-student-simulation-text-normal\artifacts\episode-text_normal_beers_wavelength_model_qwen35_9b-07_latest\summary.json,\home\lly\projects\project\wandb_downloads_student_simulation_5projects\scientific-exploration-increase-student-simulation-text-normal\artifacts\episode-text_normal_beers_wavelength_model_qwen35_9b-07_latest\trajectory.json,\home\lly\projects\project\wandb_downloads_student_simulation_5projects\scientific-exploration-increase-student-simulation-text-normal\artifacts\episode-text_normal_beers_wavelength_model_qwen35_9b-07_latest\interaction_log.json,qwen35,9b,model__scientific-exploration-increase-student-simulation-text-normal__text_only__normal__beers_wavelength__qwen35_9b__run07,"[""increase_wavelength"", ""increase_concentration"", ""increase_path_length"", ""decrease_wavelength"", ""increase_wavelength"", ""finish""]","[""increase_wavelength"", ""increase_concentration"", ""increase_path_length"", ""decrease_wavelength"", ""increase_wavelength"", ""finish""]",increase_wavelength -> increase_concentration -> increase_path_length -> decrease_wavelength -> increase_wavelength -> finish,increase_wavelength -> increase_concentration -> increase_path_length -> decrease_wavelength -> increase_wavelength -> finish,"[""increase wavelength"", ""increase concentration"", ""increase path_length"", ""decrease wavelength"", ""increase wavelength"", ""finish""]",increase wavelength -> increase concentration -> increase path_length -> decrease wavelength -> increase wavelength -> finish,6,5,True,5.0,1,True,False,False,4,1,3,1,1,1,increase_wavelength,finish,increase_wavelength,wavelength,2.2516291673878226,0,0,False,False,True,False,,6,5,model_finish,True,
model,beers,beers_wavelength,text_only,normal,text_only_normal,qwen35_4b,5,scientific-exploration-increase-student-simulation-text-normal,episode-text_normal_beers_wavelength_model_qwen35_4b-05_latest,\home\lly\projects\project\wandb_downloads_student_simulation_5projects,\home\lly\projects\project\wandb_downloads_student_simulation_5projects\scientific-exploration-increase-student-simulation-text-normal\artifacts\episode-text_normal_beers_wavelength_model_qwen35_4b-05_latest,\home\lly\projects\project\wandb_downloads_student_simulation_5projects\scientific-exploration-increase-student-simulation-text-normal\artifacts\episode-text_normal_beers_wavelength_model_qwen35_4b-05_latest\steps.json,\home\lly\projects\project\wandb_downloads_student_simulation_5projects\scientific-exploration-increase-student-simulation-text-normal\artifacts\episode-text_normal_beers_wavelength_model_qwen35_4b-05_latest\summary.json,\home\lly\projects\project\wandb_downloads_student_simulation_5projects\scientific-exploration-increase-student-simulation-text-normal\artifacts\episode-text_normal_beers_wavelength_model_qwen35_4b-05_latest\trajectory.json,\home\lly\projects\project\wandb_downloads_student_simulation_5projects\scientific-exploration-increase-student-simulation-text-normal\artifacts\episode-text_normal_beers_wavelength_model_qwen35_4b-05_latest\interaction_log.json,qwen35,4b,model__scientific-exploration-increase-student-simulation-text-normal__text_only__normal__beers_wavelength__qwen35_4b__run05,"[""decrease_wavelength"", ""increase_wavelength"", ""increase_concentration"", ""increase_path_length"", ""finish""]","[""decrease_wavelength"", ""increase_wavelength"", ""increase_concentration"", ""increase_path_length"", ""finish""]",decrease_wavelength -> increase_wavelength -> increase_concentration -> increase_path_length -> finish,decrease_wavelength -> increase_wavelength -> increase_concentration -> increase_path_length -> finish,"[""decrease wavelength"", ""increase wavelength"", ""increase concentration"", ""increase path_length"", ""finish""]",decrease wavelength -> increase wavelength -> increase concentration -> increase path_length -> finish,5,5,True,4.0,1,True,False,False,3,1,2,1,1,1,decrease_wavelength,finish,decrease_wavelength,wavelength,2.321928094887362,0,0,False,False,True,False,,5,4,model_finish,True,
model,beers,beers_wavelength,text_only,normal,text_only_normal,qwen35_9b,5,scientific-exploration-increase-student-simulation-text-normal,episode-text_normal_beers_wavelength_model_qwen35_9b-05_latest,\home\lly\projects\project\wandb_downloads_student_simulation_5projects,\home\lly\projects\project\wandb_downloads_student_simulation_5projects\scientific-exploration-increase-student-simulation-text-normal\artifacts\episode-text_normal_beers_wavelength_model_qwen35_9b-05_latest,\home\lly\projects\project\wandb_downloads_student_simulation_5projects\scientific-exploration-increase-student-simulation-text-normal\artifacts\episode-text_normal_beers_wavelength_model_qwen35_9b-05_latest\steps.json,\home\lly\projects\project\wandb_downloads_student_simulation_5projects\scientific-exploration-increase-student-simulation-text-normal\artifacts\episode-text_normal_beers_wavelength_model_qwen35_9b-05_latest\summary.json,\home\lly\projects\project\wandb_downloads_student_simulation_5projects\scientific-exploration-increase-student-simulation-text-normal\artifacts\episode-text_normal_beers_wavelength_model_qwen35_9b-05_latest\trajectory.json,\home\lly\projects\project\wandb_downloads_student_simulation_5projects\scientific-exploration-increase-student-simulation-text-normal\artifacts\episode-text_normal_beers_wavelength_model_qwen35_9b-05_latest\interaction_log.json,qwen35,9b,model__scientific-exploration-increase-student-simulation-text-normal__text_only__normal__beers_wavelength__qwen35_9b__run05,"[""increase_concentration"", ""increase_path_length"", ""increase_wavelength"", ""decrease_wavelength"", ""increase_wavelength"", ""increase_wavelength"", ""increase_wavelength"", ""increase_wavelength"", ""increase_wavelength"", ""finish""]","[""increase_concentration"", ""increase_path_length"", ""increase_wavelength"", ""decrease_wavelength"", ""increase_wavelength"", ""increase_wavelength"", ""increase_wavelength"", ""increase_wavelength"", ""increase_wavelength"", ""finish""]",increase_concentration -> increase_path_length -> increase_wavelength -> decrease_wavelength -> increase_wavelength -> increase_wavelength -> increase_wavelength -> increase_wavelength -> increase_wavelength -> finish,increase_concentration -> increase_path_length -> increase_wavelength -> decrease_wavelength -> increase_wavelength -> increase_wavelength -> increase_wavelength -> increase_wavelength -> increase_wavelength -> finish,"[""increase concentration"", ""increase path_length"", ""increase wavelength"", ""decrease wavelength"", ""increase wavelength"", ""increase wavelength"", ""increase wavelength"", ""increase wavelength"", ""increase wavelength"", ""finish""]",increase concentration -> increase path_length -> increase wavelength -> decrease wavelength -> increase wavelength -> increase wavelength -> increase wavelength -> increase wavelength -> increase wavelength -> finish,10,5,True,9.0,1,True,False,False,8,1,7,1,1,2,increase_concentration,finish,increase_wavelength,wavelength,1.7709505944546688,0,0,False,False,True,False,,10,9,model_finish,True,
model,beers,beers_wavelength,text_only,normal,text_only_normal,qwen35_9b,4,scientific-exploration-increase-student-simulation-text-normal,episode-text_normal_beers_wavelength_model_qwen35_9b-04_latest,\home\lly\projects\project\wandb_downloads_student_simulation_5projects,\home\lly\projects\project\wandb_downloads_student_simulation_5projects\scientific-exploration-increase-student-simulation-text-normal\artifacts\episode-text_normal_beers_wavelength_model_qwen35_9b-04_latest,\home\lly\projects\project\wandb_downloads_student_simulation_5projects\scientific-exploration-increase-student-simulation-text-normal\artifacts\episode-text_normal_beers_wavelength_model_qwen35_9b-04_latest\steps.json,\home\lly\projects\project\wandb_downloads_student_simulation_5projects\scientific-exploration-increase-student-simulation-text-normal\artifacts\episode-text_normal_beers_wavelength_model_qwen35_9b-04_latest\summary.json,\home\lly\projects\project\wandb_downloads_student_simulation_5projects\scientific-exploration-increase-student-simulation-text-normal\artifacts\episode-text_normal_beers_wavelength_model_qwen35_9b-04_latest\trajectory.json,\home\lly\projects\project\wandb_downloads_student_simulation_5projects\scientific-exploration-increase-student-simulation-text-normal\artifacts\episode-text_normal_beers_wavelength_model_qwen35_9b-04_latest\interaction_log.json,qwen35,9b,model__scientific-exploration-increase-student-simulation-text-normal__text_only__normal__beers_wavelength__qwen35_9b__run04,"[""increase_wavelength"", ""increase_wavelength"", ""increase_concentration"", ""increase_wavelength"", ""decrease_wavelength"", ""increase_path_length"", ""decrease_wavelength"", ""decrease_wavelength"", ""decrease_wavelength"", ""decrease_wavelength"", ""increase_wavelength"", ""increase_wavelength"", ""increase_wavelength"", ""increase_wavelength"", ""increase_wavelength"", ""increase_wavelength"", ""increase_wavelength"", ""finish""]","[""increase_wavelength"", ""increase_wavelength"", ""increase_concentration"", ""increase_wavelength"", ""decrease_wavelength"", ""increase_path_length"", ""decrease_wavelength"", ""decrease_wavelength"", ""decrease_wavelength"", ""decrease_wavelength"", ""increase_wavelength"", ""increase_wavelength"", ""increase_wavelength"", ""increase_wavelength"", ""increase_wavelength"", ""increase_wavelength"", ""increase_wavelength"", ""finish""]",increase_wavelength -> increase_wavelength -> increase_concentration -> increase_wavelength -> decrease_wavelength -> increase_path_length -> decrease_wavelength -> decrease_wavelength -> decrease_wavelength -> decrease_wavelength -> increase_wavelength -> increase_wavelength -> increase_wavelength -> increase_wavelength -> increase_wavelength -> increase_wavelength -> increase_wavelength -> finish,increase_wavelength -> increase_wavelength -> increase_concentration -> increase_wavelength -> decrease_wavelength -> increase_path_length -> decrease_wavelength -> decrease_wavelength -> decrease_wavelength -> decrease_wavelength -> increase_wavelength -> increase_wavelength -> increase_wavelength -> increase_wavelength -> increase_wavelength -> increase_wavelength -> increase_wavelength -> finish,"[""increase wavelength"", ""increase wavelength"", ""increase concentration"", ""increase wavelength"", ""decrease wavelength"", ""increase path_length"", ""decrease wavelength"", ""decrease wavelength"", ""decrease wavelength"", ""decrease wavelength"", ""increase wavelength"", ""increase wavelength"", ""increase wavelength"", ""increase wavelength"", ""increase wavelength"", ""increase wavelength"", ""increase wavelength"", ""finish""]",increase wavelength -> increase wavelength -> increase concentration -> increase wavelength -> decrease wavelength -> increase path_length -> decrease wavelength -> decrease wavelength -> decrease wavelength -> decrease wavelength -> increase wavelength -> increase wavelength -> increase wavelength -> increase wavelength -> increase wavelength -> increase wavelength -> increase wavelength -> finish,18,5,True,17.0,1,True,False,False,12,5,15,1,1,2,increase_wavelength,finish,increase_wavelength,wavelength,1.679429366813955,0,0,False,False,True,False,,18,17,model_finish,True,
model,beers,beers_wavelength,text_only,normal,text_only_normal,qwen35_4b,9,scientific-exploration-increase-student-simulation-text-normal,episode-text_normal_beers_wavelength_model_qwen35_4b-09_latest,\home\lly\projects\project\wandb_downloads_student_simulation_5projects,\home\lly\projects\project\wandb_downloads_student_simulation_5projects\scientific-exploration-increase-student-simulation-text-normal\artifacts\episode-text_normal_beers_wavelength_model_qwen35_4b-09_latest,\home\lly\projects\project\wandb_downloads_student_simulation_5projects\scientific-exploration-increase-student-simulation-text-normal\artifacts\episode-text_normal_beers_wavelength_model_qwen35_4b-09_latest\steps.json,\home\lly\projects\project\wandb_downloads_student_simulation_5projects\scientific-exploration-increase-student-simulation-text-normal\artifacts\episode-text_normal_beers_wavelength_model_qwen35_4b-09_latest\summary.json,\home\lly\projects\project\wandb_downloads_student_simulation_5projects\scientific-exploration-increase-student-simulation-text-normal\artifacts\episode-text_normal_beers_wavelength_model_qwen35_4b-09_latest\trajectory.json,\home\lly\projects\project\wandb_downloads_student_simulation_5projects\scientific-exploration-increase-student-simulation-text-normal\artifacts\episode-text_normal_beers_wavelength_model_qwen35_4b-09_latest\interaction_log.json,qwen35,4b,model__scientific-exploration-increase-student-simulation-text-normal__text_only__normal__beers_wavelength__qwen35_4b__run09,"[""increase_wavelength"", ""decrease_wavelength"", ""increase_concentration"", ""decrease_concentration"", ""increase_path_length"", ""increase_wavelength"", ""decrease_wavelength"", ""increase_wavelength"", ""increase_wavelength"", ""increase_wavelength"", ""finish""]","[""increase_wavelength"", ""decrease_wavelength"", ""increase_concentration"", ""decrease_concentration"", ""increase_path_length"", ""increase_wavelength"", ""decrease_wavelength"", ""increase_wavelength"", ""increase_wavelength"", ""increase_wavelength"", ""finish""]",increase_wavelength -> decrease_wavelength -> increase_concentration -> decrease_concentration -> increase_path_length -> increase_wavelength -> decrease_wavelength -> increase_wavelength -> increase_wavelength -> increase_wavelength -> finish,increase_wavelength -> decrease_wavelength -> increase_concentration -> decrease_concentration -> increase_path_length -> increase_wavelength -> decrease_wavelength -> increase_wavelength -> increase_wavelength -> increase_wavelength -> finish,"[""increase wavelength"", ""decrease wavelength"", ""increase concentration"", ""decrease concentration"", ""increase path_length"", ""increase wavelength"", ""decrease wavelength"", ""increase wavelength"", ""increase wavelength"", ""increase wavelength"", ""finish""]",increase wavelength -> decrease wavelength -> increase concentration -> decrease concentration -> increase path_length -> increase wavelength -> decrease wavelength -> increase wavelength -> increase wavelength -> increase wavelength -> finish,11,6,True,10.0,1,True,False,False,7,3,7,2,1,4,increase_wavelength,finish,increase_wavelength,wavelength,2.2221915755066783,0,0,False,False,True,False,,11,10,model_finish,True,
model,beers,beers_wavelength,text_only,normal,text_only_normal,qwen35_9b,0,scientific-exploration-increase-student-simulation-text-normal,episode-text_normal_beers_wavelength_model_qwen35_9b-00_latest,\home\lly\projects\project\wandb_downloads_student_simulation_5projects,\home\lly\projects\project\wandb_downloads_student_simulation_5projects\scientific-exploration-increase-student-simulation-text-normal\artifacts\episode-text_normal_beers_wavelength_model_qwen35_9b-00_latest,\home\lly\projects\project\wandb_downloads_student_simulation_5projects\scientific-exploration-increase-student-simulation-text-normal\artifacts\episode-text_normal_beers_wavelength_model_qwen35_9b-00_latest\steps.json,\home\lly\projects\project\wandb_downloads_student_simulation_5projects\scientific-exploration-increase-student-simulation-text-normal\artifacts\episode-text_normal_beers_wavelength_model_qwen35_9b-00_latest\summary.json,\home\lly\projects\project\wandb_downloads_student_simulation_5projects\scientific-exploration-increase-student-simulation-text-normal\artifacts\episode-text_normal_beers_wavelength_model_qwen35_9b-00_latest\trajectory.json,\home\lly\projects\project\wandb_downloads_student_simulation_5projects\scientific-exploration-increase-student-simulation-text-normal\artifacts\episode-text_normal_beers_wavelength_model_qwen35_9b-00_latest\interaction_log.json,qwen35,9b,model__scientific-exploration-increase-student-simulation-text-normal__text_only__normal__beers_wavelength__qwen35_9b__run00,"[""increase_wavelength"", ""increase_concentration"", ""increase_path_length"", ""decrease_wavelength"", ""decrease_wavelength"", ""decrease_wavelength"", ""increase_wavelength"", ""increase_wavelength"", ""increase_wavelength"", ""increase_wavelength"", ""finish""]","[""increase_wavelength"", ""increase_concentration"", ""increase_path_length"", ""decrease_wavelength"", ""decrease_wavelength"", ""decrease_wavelength"", ""increase_wavelength"", ""increase_wavelength"", ""increase_wavelength"", ""increase_wavelength"", ""finish""]",increase_wavelength -> increase_concentration -> increase_path_length -> decrease_wavelength -> decrease_wavelength -> decrease_wavelength -> increase_wavelength -> increase_wavelength -> increase_wavelength -> increase_wavelength -> finish,increase_wavelength -> increase_concentration -> increase_path_length -> decrease_wavelength -> decrease_wavelength -> decrease_wavelength -> increase_wavelength -> increase_wavelength -> increase_wavelength -> increase_wavelength -> finish,"[""increase wavelength"", ""increase concentration"", ""increase path_length"", ""decrease wavelength"", ""decrease wavelength"", ""decrease wavelength"", ""increase wavelength"", ""increase wavelength"", ""increase wavelength"", ""increase wavelength"", ""finish""]",increase wavelength -> increase concentration -> increase path_length -> decrease wavelength -> decrease wavelength -> decrease wavelength -> increase wavelength -> increase wavelength -> increase wavelength -> increase wavelength -> finish,11,5,True,10.0,1,True,False,False,7,3,8,1,1,1,increase_wavelength,finish,increase_wavelength,wavelength,1.971747257128181,0,0,False,False,True,False,,11,10,model_finish,True,
model,beers,beers_wavelength,text_only,normal,text_only_normal,qwen35_9b,1,scientific-exploration-increase-student-simulation-text-normal,episode-text_normal_beers_wavelength_model_qwen35_9b-01_latest,\home\lly\projects\project\wandb_downloads_student_simulation_5projects,\home\lly\projects\project\wandb_downloads_student_simulation_5projects\scientific-exploration-increase-student-simulation-text-normal\artifacts\episode-text_normal_beers_wavelength_model_qwen35_9b-01_latest,\home\lly\projects\project\wandb_downloads_student_simulation_5projects\scientific-exploration-increase-student-simulation-text-normal\artifacts\episode-text_normal_beers_wavelength_model_qwen35_9b-01_latest\steps.json,\home\lly\projects\project\wandb_downloads_student_simulation_5projects\scientific-exploration-increase-student-simulation-text-normal\artifacts\episode-text_normal_beers_wavelength_model_qwen35_9b-01_latest\summary.json,\home\lly\projects\project\wandb_downloads_student_simulation_5projects\scientific-exploration-increase-student-simulation-text-normal\artifacts\episode-text_normal_beers_wavelength_model_qwen35_9b-01_latest\trajectory.json,\home\lly\projects\project\wandb_downloads_student_simulation_5projects\scientific-exploration-increase-student-simulation-text-normal\artifacts\episode-text_normal_beers_wavelength_model_qwen35_9b-01_latest\interaction_log.json,qwen35,9b,model__scientific-exploration-increase-student-simulation-text-normal__text_only__normal__beers_wavelength__qwen35_9b__run01,"[""increase_wavelength"", ""increase_concentration"", ""increase_path_length"", ""decrease_wavelength"", ""decrease_concentration"", ""decrease_path_length"", ""finish""]","[""increase_wavelength"", ""increase_concentration"", ""increase_path_length"", ""decrease_wavelength"", ""decrease_concentration"", ""decrease_path_length"", ""finish""]",increase_wavelength -> increase_concentration -> increase_path_length -> decrease_wavelength -> decrease_concentration -> decrease_path_length -> finish,increase_wavelength -> increase_concentration -> increase_path_length -> decrease_wavelength -> decrease_concentration -> decrease_path_length -> finish,"[""increase wavelength"", ""increase concentration"", ""increase path_length"", ""decrease wavelength"", ""decrease concentration"", ""decrease path_length"", ""finish""]",increase wavelength -> increase concentration -> increase path_length -> decrease wavelength -> decrease concentration -> decrease path_length -> finish,7,7,True,6.0,1,True,False,False,3,3,2,2,2,0,increase_wavelength,finish,increase_wavelength,wavelength,2.807354922057604,0,0,False,False,True,False,,7,6,model_finish,True,
model,beers,beers_wavelength,text_only,normal,text_only_normal,qwen35_4b,4,scientific-exploration-increase-student-simulation-text-normal,episode-text_normal_beers_wavelength_model_qwen35_4b-04_latest,\home\lly\projects\project\wandb_downloads_student_simulation_5projects,\home\lly\projects\project\wandb_downloads_student_simulation_5projects\scientific-exploration-increase-student-simulation-text-normal\artifacts\episode-text_normal_beers_wavelength_model_qwen35_4b-04_latest,\home\lly\projects\project\wandb_downloads_student_simulation_5projects\scientific-exploration-increase-student-simulation-text-normal\artifacts\episode-text_normal_beers_wavelength_model_qwen35_4b-04_latest\steps.json,\home\lly\projects\project\wandb_downloads_student_simulation_5projects\scientific-exploration-increase-student-simulation-text-normal\artifacts\episode-text_normal_beers_wavelength_model_qwen35_4b-04_latest\summary.json,\home\lly\projects\project\wandb_downloads_student_simulation_5projects\scientific-exploration-increase-student-simulation-text-normal\artifacts\episode-text_normal_beers_wavelength_model_qwen35_4b-04_latest\trajectory.json,\home\lly\projects\project\wandb_downloads_student_simulation_5projects\scientific-exploration-increase-student-simulation-text-normal\artifacts\episode-text_normal_beers_wavelength_model_qwen35_4b-04_latest\interaction_log.json,qwen35,4b,model__scientific-exploration-increase-student-simulation-text-normal__text_only__normal__beers_wavelength__qwen35_4b__run04,"[""increase_wavelength"", ""increase_concentration"", ""increase_path_length"", ""finish""]","[""increase_wavelength"", ""increase_concentration"", ""increase_path_length"", ""finish""]",increase_wavelength -> increase_concentration -> increase_path_length -> finish,increase_wavelength -> increase_concentration -> increase_path_length -> finish,"[""increase wavelength"", ""increase concentration"", ""increase path_length"", ""finish""]",increase wavelength -> increase concentration -> increase path_length -> finish,4,4,True,3.0,1,True,False,False,3,0,1,1,1,0,increase_wavelength,finish,increase_wavelength,wavelength,2.0,0,0,False,False,True,False,,4,3,model_finish,True,
model,beers,beers_wavelength,text_only,normal,text_only_normal,qwen35_4b,3,scientific-exploration-increase-student-simulation-text-normal,episode-text_normal_beers_wavelength_model_qwen35_4b-03_latest,\home\lly\projects\project\wandb_downloads_student_simulation_5projects,\home\lly\projects\project\wandb_downloads_student_simulation_5projects\scientific-exploration-increase-student-simulation-text-normal\artifacts\episode-text_normal_beers_wavelength_model_qwen35_4b-03_latest,\home\lly\projects\project\wandb_downloads_student_simulation_5projects\scientific-exploration-increase-student-simulation-text-normal\artifacts\episode-text_normal_beers_wavelength_model_qwen35_4b-03_latest\steps.json,\home\lly\projects\project\wandb_downloads_student_simulation_5projects\scientific-exploration-increase-student-simulation-text-normal\artifacts\episode-text_normal_beers_wavelength_model_qwen35_4b-03_latest\summary.json,\home\lly\projects\project\wandb_downloads_student_simulation_5projects\scientific-exploration-increase-student-simulation-text-normal\artifacts\episode-text_normal_beers_wavelength_model_qwen35_4b-03_latest\trajectory.json,\home\lly\projects\project\wandb_downloads_student_simulation_5projects\scientific-exploration-increase-student-simulation-text-normal\artifacts\episode-text_normal_beers_wavelength_model_qwen35_4b-03_latest\interaction_log.json,qwen35,4b,model__scientific-exploration-increase-student-simulation-text-normal__text_only__normal__beers_wavelength__qwen35_4b__run03,"[""increase_wavelength"", ""decrease_concentration"", ""increase_path_length"", ""finish""]","[""increase_wavelength"", ""decrease_concentration"", ""increase_path_length"", ""finish""]",increase_wavelength -> decrease_concentration -> increase_path_length -> finish,increase_wavelength -> decrease_concentration -> increase_path_length -> finish,"[""increase wavelength"", ""decrease concentration"", ""increase path_length"", ""finish""]",increase wavelength -> decrease concentration -> increase path_length -> finish,4,4,True,3.0,1,True,False,False,2,1,1,1,1,0,increase_wavelength,finish,increase_wavelength,wavelength,2.0,0,0,False,False,True,False,,4,3,model_finish,True,
model,beers,beers_wavelength,text_only,normal,text_only_normal,qwen35_4b,1,scientific-exploration-increase-student-simulation-text-normal,episode-text_normal_beers_wavelength_model_qwen35_4b-01_latest,\home\lly\projects\project\wandb_downloads_student_simulation_5projects,\home\lly\projects\project\wandb_downloads_student_simulation_5projects\scientific-exploration-increase-student-simulation-text-normal\artifacts\episode-text_normal_beers_wavelength_model_qwen35_4b-01_latest,\home\lly\projects\project\wandb_downloads_student_simulation_5projects\scientific-exploration-increase-student-simulation-text-normal\artifacts\episode-text_normal_beers_wavelength_model_qwen35_4b-01_latest\steps.json,\home\lly\projects\project\wandb_downloads_student_simulation_5projects\scientific-exploration-increase-student-simulation-text-normal\artifacts\episode-text_normal_beers_wavelength_model_qwen35_4b-01_latest\summary.json,\home\lly\projects\project\wandb_downloads_student_simulation_5projects\scientific-exploration-increase-student-simulation-text-normal\artifacts\episode-text_normal_beers_wavelength_model_qwen35_4b-01_latest\trajectory.json,\home\lly\projects\project\wandb_downloads_student_simulation_5projects\scientific-exploration-increase-student-simulation-text-normal\artifacts\episode-text_normal_beers_wavelength_model_qwen35_4b-01_latest\interaction_log.json,qwen35,4b,model__scientific-exploration-increase-student-simulation-text-normal__text_only__normal__beers_wavelength__qwen35_4b__run01,"[""increase_wavelength"", ""decrease_wavelength"", ""increase_concentration"", ""increase_path_length"", ""finish""]","[""increase_wavelength"", ""decrease_wavelength"", ""increase_concentration"", ""increase_path_length"", ""finish""]",increase_wavelength -> decrease_wavelength -> increase_concentration -> increase_path_length -> finish,increase_wavelength -> decrease_wavelength -> increase_concentration -> increase_path_length -> finish,"[""increase wavelength"", ""decrease wavelength"", ""increase concentration"", ""increase path_length"", ""finish""]",increase wavelength -> decrease wavelength -> increase concentration -> increase path_length -> finish,5,5,True,4.0,1,True,False,False,3,1,2,1,1,1,increase_wavelength,finish,increase_wavelength,wavelength,2.321928094887362,0,0,False,False,True,False,,5,4,model_finish,True,
model,beers,beers_wavelength,text_only,normal,text_only_normal,qwen35_4b,8,scientific-exploration-increase-student-simulation-text-normal,episode-text_normal_beers_wavelength_model_qwen35_4b-08_latest,\home\lly\projects\project\wandb_downloads_student_simulation_5projects,\home\lly\projects\project\wandb_downloads_student_simulation_5projects\scientific-exploration-increase-student-simulation-text-normal\artifacts\episode-text_normal_beers_wavelength_model_qwen35_4b-08_latest,\home\lly\projects\project\wandb_downloads_student_simulation_5projects\scientific-exploration-increase-student-simulation-text-normal\artifacts\episode-text_normal_beers_wavelength_model_qwen35_4b-08_latest\steps.json,\home\lly\projects\project\wandb_downloads_student_simulation_5projects\scientific-exploration-increase-student-simulation-text-normal\artifacts\episode-text_normal_beers_wavelength_model_qwen35_4b-08_latest\summary.json,\home\lly\projects\project\wandb_downloads_student_simulation_5projects\scientific-exploration-increase-student-simulation-text-normal\artifacts\episode-text_normal_beers_wavelength_model_qwen35_4b-08_latest\trajectory.json,\home\lly\projects\project\wandb_downloads_student_simulation_5projects\scientific-exploration-increase-student-simulation-text-normal\artifacts\episode-text_normal_beers_wavelength_model_qwen35_4b-08_latest\interaction_log.json,qwen35,4b,model__scientific-exploration-increase-student-simulation-text-normal__text_only__normal__beers_wavelength__qwen35_4b__run08,"[""increase_wavelength"", ""decrease_wavelength"", ""increase_concentration"", ""increase_path_length"", ""finish""]","[""increase_wavelength"", ""decrease_wavelength"", ""increase_concentration"", ""increase_path_length"", ""finish""]",increase_wavelength -> decrease_wavelength -> increase_concentration -> increase_path_length -> finish,increase_wavelength -> decrease_wavelength -> increase_concentration -> increase_path_length -> finish,"[""increase wavelength"", ""decrease wavelength"", ""increase concentration"", ""increase path_length"", ""finish""]",increase wavelength -> decrease wavelength -> increase concentration -> increase path_length -> finish,5,5,True,4.0,1,True,False,False,3,1,2,1,1,1,increase_wavelength,finish,increase_wavelength,wavelength,2.321928094887362,0,0,False,False,True,False,,5,4,model_finish,True,
model,beers,beers_wavelength,text_only,normal,text_only_normal,qwen35_4b,6,scientific-exploration-increase-student-simulation-text-normal,episode-text_normal_beers_wavelength_model_qwen35_4b-06_latest,\home\lly\projects\project\wandb_downloads_student_simulation_5projects,\home\lly\projects\project\wandb_downloads_student_simulation_5projects\scientific-exploration-increase-student-simulation-text-normal\artifacts\episode-text_normal_beers_wavelength_model_qwen35_4b-06_latest,\home\lly\projects\project\wandb_downloads_student_simulation_5projects\scientific-exploration-increase-student-simulation-text-normal\artifacts\episode-text_normal_beers_wavelength_model_qwen35_4b-06_latest\steps.json,\home\lly\projects\project\wandb_downloads_student_simulation_5projects\scientific-exploration-increase-student-simulation-text-normal\artifacts\episode-text_normal_beers_wavelength_model_qwen35_4b-06_latest\summary.json,\home\lly\projects\project\wandb_downloads_student_simulation_5projects\scientific-exploration-increase-student-simulation-text-normal\artifacts\episode-text_normal_beers_wavelength_model_qwen35_4b-06_latest\trajectory.json,\home\lly\projects\project\wandb_downloads_student_simulation_5projects\scientific-exploration-increase-student-simulation-text-normal\artifacts\episode-text_normal_beers_wavelength_model_qwen35_4b-06_latest\interaction_log.json,qwen35,4b,model__scientific-exploration-increase-student-simulation-text-normal__text_only__normal__beers_wavelength__qwen35_4b__run06,"[""increase_wavelength"", ""decrease_wavelength"", ""increase_wavelength"", ""increase_wavelength"", ""increase_concentration"", ""increase_path_length"", ""finish""]","[""increase_wavelength"", ""decrease_wavelength"", ""increase_wavelength"", ""increase_wavelength"", ""increase_concentration"", ""increase_path_length"", ""finish""]",increase_wavelength -> decrease_wavelength -> increase_wavelength -> increase_wavelength -> increase_concentration -> increase_path_length -> finish,increase_wavelength -> decrease_wavelength -> increase_wavelength -> increase_wavelength -> increase_concentration -> increase_path_length -> finish,"[""increase wavelength"", ""decrease wavelength"", ""increase wavelength"", ""increase wavelength"", ""increase concentration"", ""increase path_length"", ""finish""]",increase wavelength -> decrease wavelength -> increase wavelength -> increase wavelength -> increase concentration -> increase path_length -> finish,7,5,True,6.0,1,True,False,False,5,1,4,1,1,2,increase_wavelength,finish,increase_wavelength,wavelength,2.1280852788913944,0,0,False,False,True,False,,7,6,model_finish,True,
model,beers,beers_wavelength,text_only,normal,text_only_normal,qwen35_4b,2,scientific-exploration-increase-student-simulation-text-normal,episode-text_normal_beers_wavelength_model_qwen35_4b-02_latest,\home\lly\projects\project\wandb_downloads_student_simulation_5projects,\home\lly\projects\project\wandb_downloads_student_simulation_5projects\scientific-exploration-increase-student-simulation-text-normal\artifacts\episode-text_normal_beers_wavelength_model_qwen35_4b-02_latest,\home\lly\projects\project\wandb_downloads_student_simulation_5projects\scientific-exploration-increase-student-simulation-text-normal\artifacts\episode-text_normal_beers_wavelength_model_qwen35_4b-02_latest\steps.json,\home\lly\projects\project\wandb_downloads_student_simulation_5projects\scientific-exploration-increase-student-simulation-text-normal\artifacts\episode-text_normal_beers_wavelength_model_qwen35_4b-02_latest\summary.json,\home\lly\projects\project\wandb_downloads_student_simulation_5projects\scientific-exploration-increase-student-simulation-text-normal\artifacts\episode-text_normal_beers_wavelength_model_qwen35_4b-02_latest\trajectory.json,\home\lly\projects\project\wandb_downloads_student_simulation_5projects\scientific-exploration-increase-student-simulation-text-normal\artifacts\episode-text_normal_beers_wavelength_model_qwen35_4b-02_latest\interaction_log.json,qwen35,4b,model__scientific-exploration-increase-student-simulation-text-normal__text_only__normal__beers_wavelength__qwen35_4b__run02,"[""increase_wavelength"", ""decrease_wavelength"", ""increase_concentration"", ""increase_path_length"", ""finish""]","[""increase_wavelength"", ""decrease_wavelength"", ""increase_concentration"", ""increase_path_length"", ""finish""]",increase_wavelength -> decrease_wavelength -> increase_concentration -> increase_path_length -> finish,increase_wavelength -> decrease_wavelength -> increase_concentration -> increase_path_length -> finish,"[""increase wavelength"", ""decrease wavelength"", ""increase concentration"", ""increase path_length"", ""finish""]",increase wavelength -> decrease wavelength -> increase concentration -> increase path_length -> finish,5,5,True,4.0,1,True,False,False,3,1,2,1,1,1,increase_wavelength,finish,increase_wavelength,wavelength,2.321928094887362,0,0,False,False,True,False,,5,4,model_finish,True,
model,beers,beers_wavelength,text_only,normal,text_only_normal,qwen35_4b,7,scientific-exploration-increase-student-simulation-text-normal,episode-text_normal_beers_wavelength_model_qwen35_4b-07_latest,\home\lly\projects\project\wandb_downloads_student_simulation_5projects,\home\lly\projects\project\wandb_downloads_student_simulation_5projects\scientific-exploration-increase-student-simulation-text-normal\artifacts\episode-text_normal_beers_wavelength_model_qwen35_4b-07_latest,\home\lly\projects\project\wandb_downloads_student_simulation_5projects\scientific-exploration-increase-student-simulation-text-normal\artifacts\episode-text_normal_beers_wavelength_model_qwen35_4b-07_latest\steps.json,\home\lly\projects\project\wandb_downloads_student_simulation_5projects\scientific-exploration-increase-student-simulation-text-normal\artifacts\episode-text_normal_beers_wavelength_model_qwen35_4b-07_latest\summary.json,\home\lly\projects\project\wandb_downloads_student_simulation_5projects\scientific-exploration-increase-student-simulation-text-normal\artifacts\episode-text_normal_beers_wavelength_model_qwen35_4b-07_latest\trajectory.json,\home\lly\projects\project\wandb_downloads_student_simulation_5projects\scientific-exploration-increase-student-simulation-text-normal\artifacts\episode-text_normal_beers_wavelength_model_qwen35_4b-07_latest\interaction_log.json,qwen35,4b,model__scientific-exploration-increase-student-simulation-text-normal__text_only__normal__beers_wavelength__qwen35_4b__run07,"[""increase_wavelength"", ""decrease_wavelength"", ""increase_concentration"", ""decrease_concentration"", ""increase_path_length"", ""decrease_path_length"", ""finish""]","[""increase_wavelength"", ""decrease_wavelength"", ""increase_concentration"", ""decrease_concentration"", ""increase_path_length"", ""decrease_path_length"", ""finish""]",increase_wavelength -> decrease_wavelength -> increase_concentration -> decrease_concentration -> increase_path_length -> decrease_path_length -> finish,increase_wavelength -> decrease_wavelength -> increase_concentration -> decrease_concentration -> increase_path_length -> decrease_path_length -> finish,"[""increase wavelength"", ""decrease wavelength"", ""increase concentration"", ""decrease concentration"", ""increase path_length"", ""decrease path_length"", ""finish""]",increase wavelength -> decrease wavelength -> increase concentration -> decrease concentration -> increase path_length -> decrease path_length -> finish,7,7,True,6.0,1,True,False,False,3,3,2,2,2,3,increase_wavelength,finish,increase_wavelength,wavelength,2.807354922057604,0,0,False,False,True,False,,7,6,model_finish,True,
model,beers,beers_wavelength,text_only,normal,text_only_normal,qwen35_9b,2,scientific-exploration-increase-student-simulation-text-normal,episode-text_normal_beers_wavelength_model_qwen35_9b-02_latest,\home\lly\projects\project\wandb_downloads_student_simulation_5projects,\home\lly\projects\project\wandb_downloads_student_simulation_5projects\scientific-exploration-increase-student-simulation-text-normal\artifacts\episode-text_normal_beers_wavelength_model_qwen35_9b-02_latest,\home\lly\projects\project\wandb_downloads_student_simulation_5projects\scientific-exploration-increase-student-simulation-text-normal\artifacts\episode-text_normal_beers_wavelength_model_qwen35_9b-02_latest\steps.json,\home\lly\projects\project\wandb_downloads_student_simulation_5projects\scientific-exploration-increase-student-simulation-text-normal\artifacts\episode-text_normal_beers_wavelength_model_qwen35_9b-02_latest\summary.json,\home\lly\projects\project\wandb_downloads_student_simulation_5projects\scientific-exploration-increase-student-simulation-text-normal\artifacts\episode-text_normal_beers_wavelength_model_qwen35_9b-02_latest\trajectory.json,\home\lly\projects\project\wandb_downloads_student_simulation_5projects\scientific-exploration-increase-student-simulation-text-normal\artifacts\episode-text_normal_beers_wavelength_model_qwen35_9b-02_latest\interaction_log.json,qwen35,9b,model__scientific-exploration-increase-student-simulation-text-normal__text_only__normal__beers_wavelength__qwen35_9b__run02,"[""increase_wavelength"", ""decrease_wavelength"", ""increase_concentration"", ""increase_path_length"", ""finish""]","[""increase_wavelength"", ""decrease_wavelength"", ""increase_concentration"", ""increase_path_length"", ""finish""]",increase_wavelength -> decrease_wavelength -> increase_concentration -> increase_path_length -> finish,increase_wavelength -> decrease_wavelength -> increase_concentration -> increase_path_length -> finish,"[""increase wavelength"", ""decrease wavelength"", ""increase concentration"", ""increase path_length"", ""finish""]",increase wavelength -> decrease wavelength -> increase concentration -> increase path_length -> finish,5,5,True,4.0,1,True,False,False,3,1,2,1,1,1,increase_wavelength,finish,increase_wavelength,wavelength,2.321928094887362,0,0,False,False,True,False,,5,4,model_finish,True,
model,beers,beers_wavelength,text_only,student,text_only_student,qwen35_4b,2,scientific-exploration-increase-student-simulation-text-student,episode-text_student_beers_wavelength_model_qwen35_4b-02_latest,\home\lly\projects\project\wandb_downloads_student_simulation_5projects,\home\lly\projects\project\wandb_downloads_student_simulation_5projects\scientific-exploration-increase-student-simulation-text-student\artifacts\episode-text_student_beers_wavelength_model_qwen35_4b-02_latest,\home\lly\projects\project\wandb_downloads_student_simulation_5projects\scientific-exploration-increase-student-simulation-text-student\artifacts\episode-text_student_beers_wavelength_model_qwen35_4b-02_latest\steps.json,\home\lly\projects\project\wandb_downloads_student_simulation_5projects\scientific-exploration-increase-student-simulation-text-student\artifacts\episode-text_student_beers_wavelength_model_qwen35_4b-02_latest\summary.json,\home\lly\projects\project\wandb_downloads_student_simulation_5projects\scientific-exploration-increase-student-simulation-text-student\artifacts\episode-text_student_beers_wavelength_model_qwen35_4b-02_latest\trajectory.json,\home\lly\projects\project\wandb_downloads_student_simulation_5projects\scientific-exploration-increase-student-simulation-text-student\artifacts\episode-text_student_beers_wavelength_model_qwen35_4b-02_latest\interaction_log.json,qwen35,4b,model__scientific-exploration-increase-student-simulation-text-student__text_only__student__beers_wavelength__qwen35_4b__run02,"[""increase_wavelength"", ""decrease_wavelength"", ""increase_concentration"", ""increase_path_length"", ""decrease_path_length"", ""decrease_concentration"", ""increase_wavelength"", ""increase_concentration"", ""increase_path_length"", ""decrease_path_length"", ""finish""]","[""increase_wavelength"", ""decrease_wavelength"", ""increase_concentration"", ""increase_path_length"", ""decrease_path_length"", ""decrease_concentration"", ""increase_wavelength"", ""increase_concentration"", ""increase_path_length"", ""decrease_path_length"", ""finish""]",increase_wavelength -> decrease_wavelength -> increase_concentration -> increase_path_length -> decrease_path_length -> decrease_concentration -> increase_wavelength -> increase_concentration -> increase_path_length -> decrease_path_length -> finish,increase_wavelength -> decrease_wavelength -> increase_concentration -> increase_path_length -> decrease_path_length -> decrease_concentration -> increase_wavelength -> increase_concentration -> increase_path_length -> decrease_path_length -> finish,"[""increase wavelength"", ""decrease wavelength"", ""increase concentration"", ""increase path_length"", ""decrease path_length"", ""decrease concentration"", ""increase wavelength"", ""increase concentration"", ""increase path_length"", ""decrease path_length"", ""finish""]",increase wavelength -> decrease wavelength -> increase concentration -> increase path_length -> decrease path_length -> decrease concentration -> increase wavelength -> increase concentration -> increase path_length -> decrease path_length -> finish,11,7,True,10.0,1,True,False,False,6,4,3,3,4,3,increase_wavelength,finish,increase_wavelength,path_length,2.7321588913645702,0,0,False,False,True,False,,11,10,model_finish,True,
model,beers,beers_wavelength,text_only,student,text_only_student,qwen35_4b,9,scientific-exploration-increase-student-simulation-text-student,episode-text_student_beers_wavelength_model_qwen35_4b-09_latest,\home\lly\projects\project\wandb_downloads_student_simulation_5projects,\home\lly\projects\project\wandb_downloads_student_simulation_5projects\scientific-exploration-increase-student-simulation-text-student\artifacts\episode-text_student_beers_wavelength_model_qwen35_4b-09_latest,\home\lly\projects\project\wandb_downloads_student_simulation_5projects\scientific-exploration-increase-student-simulation-text-student\artifacts\episode-text_student_beers_wavelength_model_qwen35_4b-09_latest\steps.json,\home\lly\projects\project\wandb_downloads_student_simulation_5projects\scientific-exploration-increase-student-simulation-text-student\artifacts\episode-text_student_beers_wavelength_model_qwen35_4b-09_latest\summary.json,\home\lly\projects\project\wandb_downloads_student_simulation_5projects\scientific-exploration-increase-student-simulation-text-student\artifacts\episode-text_student_beers_wavelength_model_qwen35_4b-09_latest\trajectory.json,\home\lly\projects\project\wandb_downloads_student_simulation_5projects\scientific-exploration-increase-student-simulation-text-student\artifacts\episode-text_student_beers_wavelength_model_qwen35_4b-09_latest\interaction_log.json,qwen35,4b,model__scientific-exploration-increase-student-simulation-text-student__text_only__student__beers_wavelength__qwen35_4b__run09,"[""increase_wavelength"", ""decrease_wavelength"", ""increase_concentration"", ""decrease_path_length"", ""increase_path_length"", ""finish""]","[""increase_wavelength"", ""decrease_wavelength"", ""increase_concentration"", ""decrease_path_length"", ""increase_path_length"", ""finish""]",increase_wavelength -> decrease_wavelength -> increase_concentration -> decrease_path_length -> increase_path_length -> finish,increase_wavelength -> decrease_wavelength -> increase_concentration -> decrease_path_length -> increase_path_length -> finish,"[""increase wavelength"", ""decrease wavelength"", ""increase concentration"", ""decrease path_length"", ""increase path_length"", ""finish""]",increase wavelength -> decrease wavelength -> increase concentration -> decrease path_length -> increase path_length -> finish,6,6,True,5.0,1,True,False,False,3,2,2,1,2,2,increase_wavelength,finish,increase_wavelength,wavelength,2.584962500721156,0,0,False,False,True,False,,6,5,model_finish,True,
model,beers,beers_wavelength,text_only,student,text_only_student,qwen35_4b,4,scientific-exploration-increase-student-simulation-text-student,episode-text_student_beers_wavelength_model_qwen35_4b-04_latest,\home\lly\projects\project\wandb_downloads_student_simulation_5projects,\home\lly\projects\project\wandb_downloads_student_simulation_5projects\scientific-exploration-increase-student-simulation-text-student\artifacts\episode-text_student_beers_wavelength_model_qwen35_4b-04_latest,\home\lly\projects\project\wandb_downloads_student_simulation_5projects\scientific-exploration-increase-student-simulation-text-student\artifacts\episode-text_student_beers_wavelength_model_qwen35_4b-04_latest\steps.json,\home\lly\projects\project\wandb_downloads_student_simulation_5projects\scientific-exploration-increase-student-simulation-text-student\artifacts\episode-text_student_beers_wavelength_model_qwen35_4b-04_latest\summary.json,\home\lly\projects\project\wandb_downloads_student_simulation_5projects\scientific-exploration-increase-student-simulation-text-student\artifacts\episode-text_student_beers_wavelength_model_qwen35_4b-04_latest\trajectory.json,\home\lly\projects\project\wandb_downloads_student_simulation_5projects\scientific-exploration-increase-student-simulation-text-student\artifacts\episode-text_student_beers_wavelength_model_qwen35_4b-04_latest\interaction_log.json,qwen35,4b,model__scientific-exploration-increase-student-simulation-text-student__text_only__student__beers_wavelength__qwen35_4b__run04,"[""increase_wavelength"", ""decrease_wavelength"", ""increase_concentration"", ""increase_path_length"", ""decrease_path_length"", ""finish""]","[""increase_wavelength"", ""decrease_wavelength"", ""increase_concentration"", ""increase_path_length"", ""decrease_path_length"", ""finish""]",increase_wavelength -> decrease_wavelength -> increase_concentration -> increase_path_length -> decrease_path_length -> finish,increase_wavelength -> decrease_wavelength -> increase_concentration -> increase_path_length -> decrease_path_length -> finish,"[""increase wavelength"", ""decrease wavelength"", ""increase concentration"", ""increase path_length"", ""decrease path_length"", ""finish""]",increase wavelength -> decrease wavelength -> increase concentration -> increase path_length -> decrease path_length -> finish,6,6,True,5.0,1,True,False,False,3,2,2,1,2,2,increase_wavelength,finish,increase_wavelength,wavelength,2.584962500721156,0,0,False,False,True,False,,6,5,model_finish,True,
model,beers,beers_wavelength,text_only,student,text_only_student,qwen35_9b,5,scientific-exploration-increase-student-simulation-text-student,episode-text_student_beers_wavelength_model_qwen35_9b-05_latest,\home\lly\projects\project\wandb_downloads_student_simulation_5projects,\home\lly\projects\project\wandb_downloads_student_simulation_5projects\scientific-exploration-increase-student-simulation-text-student\artifacts\episode-text_student_beers_wavelength_model_qwen35_9b-05_latest,\home\lly\projects\project\wandb_downloads_student_simulation_5projects\scientific-exploration-increase-student-simulation-text-student\artifacts\episode-text_student_beers_wavelength_model_qwen35_9b-05_latest\steps.json,\home\lly\projects\project\wandb_downloads_student_simulation_5projects\scientific-exploration-increase-student-simulation-text-student\artifacts\episode-text_student_beers_wavelength_model_qwen35_9b-05_latest\summary.json,\home\lly\projects\project\wandb_downloads_student_simulation_5projects\scientific-exploration-increase-student-simulation-text-student\artifacts\episode-text_student_beers_wavelength_model_qwen35_9b-05_latest\trajectory.json,\home\lly\projects\project\wandb_downloads_student_simulation_5projects\scientific-exploration-increase-student-simulation-text-student\artifacts\episode-text_student_beers_wavelength_model_qwen35_9b-05_latest\interaction_log.json,qwen35,9b,model__scientific-exploration-increase-student-simulation-text-student__text_only__student__beers_wavelength__qwen35_9b__run05,"[""increase_wavelength"", ""decrease_wavelength"", ""increase_concentration"", ""increase_path_length"", ""decrease_path_length"", ""finish""]","[""increase_wavelength"", ""decrease_wavelength"", ""increase_concentration"", ""increase_path_length"", ""decrease_path_length"", ""finish""]",increase_wavelength -> decrease_wavelength -> increase_concentration -> increase_path_length -> decrease_path_length -> finish,increase_wavelength -> decrease_wavelength -> increase_concentration -> increase_path_length -> decrease_path_length -> finish,"[""increase wavelength"", ""decrease wavelength"", ""increase concentration"", ""increase path_length"", ""decrease path_length"", ""finish""]",increase wavelength -> decrease wavelength -> increase concentration -> increase path_length -> decrease path_length -> finish,6,6,True,5.0,1,True,False,False,3,2,2,1,2,2,increase_wavelength,finish,increase_wavelength,wavelength,2.584962500721156,0,0,False,False,True,False,,6,5,model_finish,True,
model,beers,beers_wavelength,text_only,student,text_only_student,qwen35_4b,3,scientific-exploration-increase-student-simulation-text-student,episode-text_student_beers_wavelength_model_qwen35_4b-03_latest,\home\lly\projects\project\wandb_downloads_student_simulation_5projects,\home\lly\projects\project\wandb_downloads_student_simulation_5projects\scientific-exploration-increase-student-simulation-text-student\artifacts\episode-text_student_beers_wavelength_model_qwen35_4b-03_latest,\home\lly\projects\project\wandb_downloads_student_simulation_5projects\scientific-exploration-increase-student-simulation-text-student\artifacts\episode-text_student_beers_wavelength_model_qwen35_4b-03_latest\steps.json,\home\lly\projects\project\wandb_downloads_student_simulation_5projects\scientific-exploration-increase-student-simulation-text-student\artifacts\episode-text_student_beers_wavelength_model_qwen35_4b-03_latest\summary.json,\home\lly\projects\project\wandb_downloads_student_simulation_5projects\scientific-exploration-increase-student-simulation-text-student\artifacts\episode-text_student_beers_wavelength_model_qwen35_4b-03_latest\trajectory.json,\home\lly\projects\project\wandb_downloads_student_simulation_5projects\scientific-exploration-increase-student-simulation-text-student\artifacts\episode-text_student_beers_wavelength_model_qwen35_4b-03_latest\interaction_log.json,qwen35,4b,model__scientific-exploration-increase-student-simulation-text-student__text_only__student__beers_wavelength__qwen35_4b__run03,"[""increase_wavelength"", ""decrease_wavelength"", ""increase_concentration"", ""increase_path_length"", ""decrease_path_length"", ""decrease_concentration"", ""increase_concentration"", ""increase_concentration"", ""decrease_wavelength"", ""increase_path_length"", ""decrease_concentration"", ""decrease_path_length"", ""decrease_wavelength"", ""increase_wavelength"", ""finish""]","[""increase_wavelength"", ""decrease_wavelength"", ""increase_concentration"", ""increase_path_length"", ""decrease_path_length"", ""decrease_concentration"", ""increase_concentration"", ""increase_concentration"", ""decrease_wavelength"", ""increase_path_length"", ""decrease_concentration"", ""decrease_path_length"", ""decrease_wavelength"", ""increase_wavelength"", ""finish""]",increase_wavelength -> decrease_wavelength -> increase_concentration -> increase_path_length -> decrease_path_length -> decrease_concentration -> increase_concentration -> increase_concentration -> decrease_wavelength -> increase_path_length -> decrease_concentration -> decrease_path_length -> decrease_wavelength -> increase_wavelength -> finish,increase_wavelength -> decrease_wavelength -> increase_concentration -> increase_path_length -> decrease_path_length -> decrease_concentration -> increase_concentration -> increase_concentration -> decrease_wavelength -> increase_path_length -> decrease_concentration -> decrease_path_length -> decrease_wavelength -> increase_wavelength -> finish,"[""increase wavelength"", ""decrease wavelength"", ""increase concentration"", ""increase path_length"", ""decrease path_length"", ""decrease concentration"", ""increase concentration"", ""increase concentration"", ""decrease wavelength"", ""increase path_length"", ""decrease concentration"", ""decrease path_length"", ""decrease wavelength"", ""increase wavelength"", ""finish""]",increase wavelength -> decrease wavelength -> increase concentration -> increase path_length -> decrease path_length -> decrease concentration -> increase concentration -> increase concentration -> decrease wavelength -> increase path_length -> decrease concentration -> decrease path_length -> decrease wavelength -> increase wavelength -> finish,15,7,True,14.0,1,True,False,False,7,7,5,5,4,4,increase_wavelength,finish,decrease_wavelength,wavelength,2.739572261986723,0,0,False,False,True,False,,15,14,model_finish,True,
model,beers,beers_wavelength,text_only,student,text_only_student,qwen35_9b,7,scientific-exploration-increase-student-simulation-text-student,episode-text_student_beers_wavelength_model_qwen35_9b-07_latest,\home\lly\projects\project\wandb_downloads_student_simulation_5projects,\home\lly\projects\project\wandb_downloads_student_simulation_5projects\scientific-exploration-increase-student-simulation-text-student\artifacts\episode-text_student_beers_wavelength_model_qwen35_9b-07_latest,\home\lly\projects\project\wandb_downloads_student_simulation_5projects\scientific-exploration-increase-student-simulation-text-student\artifacts\episode-text_student_beers_wavelength_model_qwen35_9b-07_latest\steps.json,\home\lly\projects\project\wandb_downloads_student_simulation_5projects\scientific-exploration-increase-student-simulation-text-student\artifacts\episode-text_student_beers_wavelength_model_qwen35_9b-07_latest\summary.json,\home\lly\projects\project\wandb_downloads_student_simulation_5projects\scientific-exploration-increase-student-simulation-text-student\artifacts\episode-text_student_beers_wavelength_model_qwen35_9b-07_latest\trajectory.json,\home\lly\projects\project\wandb_downloads_student_simulation_5projects\scientific-exploration-increase-student-simulation-text-student\artifacts\episode-text_student_beers_wavelength_model_qwen35_9b-07_latest\interaction_log.json,qwen35,9b,model__scientific-exploration-increase-student-simulation-text-student__text_only__student__beers_wavelength__qwen35_9b__run07,"[""increase_wavelength"", ""decrease_wavelength"", ""increase_concentration"", ""decrease_concentration"", ""increase_path_length"", ""decrease_path_length"", ""finish""]","[""increase_wavelength"", ""decrease_wavelength"", ""increase_concentration"", ""decrease_concentration"", ""increase_path_length"", ""decrease_path_length"", ""finish""]",increase_wavelength -> decrease_wavelength -> increase_concentration -> decrease_concentration -> increase_path_length -> decrease_path_length -> finish,increase_wavelength -> decrease_wavelength -> increase_concentration -> decrease_concentration -> increase_path_length -> decrease_path_length -> finish,"[""increase wavelength"", ""decrease wavelength"", ""increase concentration"", ""decrease concentration"", ""increase path_length"", ""decrease path_length"", ""finish""]",increase wavelength -> decrease wavelength -> increase concentration -> decrease concentration -> increase path_length -> decrease path_length -> finish,7,7,True,6.0,1,True,False,False,3,3,2,2,2,3,increase_wavelength,finish,increase_wavelength,wavelength,2.807354922057604,0,0,False,False,True,False,,7,6,model_finish,True,
model,beers,beers_wavelength,text_only,student,text_only_student,qwen35_4b,0,scientific-exploration-increase-student-simulation-text-student,episode-text_student_beers_wavelength_model_qwen35_4b-00_latest,\home\lly\projects\project\wandb_downloads_student_simulation_5projects,\home\lly\projects\project\wandb_downloads_student_simulation_5projects\scientific-exploration-increase-student-simulation-text-student\artifacts\episode-text_student_beers_wavelength_model_qwen35_4b-00_latest,\home\lly\projects\project\wandb_downloads_student_simulation_5projects\scientific-exploration-increase-student-simulation-text-student\artifacts\episode-text_student_beers_wavelength_model_qwen35_4b-00_latest\steps.json,\home\lly\projects\project\wandb_downloads_student_simulation_5projects\scientific-exploration-increase-student-simulation-text-student\artifacts\episode-text_student_beers_wavelength_model_qwen35_4b-00_latest\summary.json,\home\lly\projects\project\wandb_downloads_student_simulation_5projects\scientific-exploration-increase-student-simulation-text-student\artifacts\episode-text_student_beers_wavelength_model_qwen35_4b-00_latest\trajectory.json,\home\lly\projects\project\wandb_downloads_student_simulation_5projects\scientific-exploration-increase-student-simulation-text-student\artifacts\episode-text_student_beers_wavelength_model_qwen35_4b-00_latest\interaction_log.json,qwen35,4b,model__scientific-exploration-increase-student-simulation-text-student__text_only__student__beers_wavelength__qwen35_4b__run00,"[""increase_wavelength"", ""decrease_wavelength"", ""increase_concentration"", ""increase_path_length"", ""decrease_path_length"", ""decrease_concentration"", ""increase_wavelength"", ""decrease_path_length"", ""finish""]","[""increase_wavelength"", ""decrease_wavelength"", ""increase_concentration"", ""increase_path_length"", ""decrease_path_length"", ""decrease_concentration"", ""increase_wavelength"", ""decrease_path_length"", ""finish""]",increase_wavelength -> decrease_wavelength -> increase_concentration -> increase_path_length -> decrease_path_length -> decrease_concentration -> increase_wavelength -> decrease_path_length -> finish,increase_wavelength -> decrease_wavelength -> increase_concentration -> increase_path_length -> decrease_path_length -> decrease_concentration -> increase_wavelength -> decrease_path_length -> finish,"[""increase wavelength"", ""decrease wavelength"", ""increase concentration"", ""increase path_length"", ""decrease path_length"", ""decrease concentration"", ""increase wavelength"", ""decrease path_length"", ""finish""]",increase wavelength -> decrease wavelength -> increase concentration -> increase path_length -> decrease path_length -> decrease concentration -> increase wavelength -> decrease path_length -> finish,9,7,True,8.0,1,True,False,False,4,4,3,2,3,2,increase_wavelength,finish,increase_wavelength,wavelength,2.725480556997868,0,0,False,False,True,False,,9,8,model_finish,True,
model,beers,beers_wavelength,text_only,student,text_only_student,qwen35_9b,1,scientific-exploration-increase-student-simulation-text-student,episode-text_student_beers_wavelength_model_qwen35_9b-01_latest,\home\lly\projects\project\wandb_downloads_student_simulation_5projects,\home\lly\projects\project\wandb_downloads_student_simulation_5projects\scientific-exploration-increase-student-simulation-text-student\artifacts\episode-text_student_beers_wavelength_model_qwen35_9b-01_latest,\home\lly\projects\project\wandb_downloads_student_simulation_5projects\scientific-exploration-increase-student-simulation-text-student\artifacts\episode-text_student_beers_wavelength_model_qwen35_9b-01_latest\steps.json,\home\lly\projects\project\wandb_downloads_student_simulation_5projects\scientific-exploration-increase-student-simulation-text-student\artifacts\episode-text_student_beers_wavelength_model_qwen35_9b-01_latest\summary.json,\home\lly\projects\project\wandb_downloads_student_simulation_5projects\scientific-exploration-increase-student-simulation-text-student\artifacts\episode-text_student_beers_wavelength_model_qwen35_9b-01_latest\trajectory.json,\home\lly\projects\project\wandb_downloads_student_simulation_5projects\scientific-exploration-increase-student-simulation-text-student\artifacts\episode-text_student_beers_wavelength_model_qwen35_9b-01_latest\interaction_log.json,qwen35,9b,model__scientific-exploration-increase-student-simulation-text-student__text_only__student__beers_wavelength__qwen35_9b__run01,"[""increase_wavelength"", ""decrease_wavelength"", ""increase_concentration"", ""decrease_concentration"", ""increase_path_length"", ""decrease_path_length"", ""finish""]","[""increase_wavelength"", ""decrease_wavelength"", ""increase_concentration"", ""decrease_concentration"", ""increase_path_length"", ""decrease_path_length"", ""finish""]",increase_wavelength -> decrease_wavelength -> increase_concentration -> decrease_concentration -> increase_path_length -> decrease_path_length -> finish,increase_wavelength -> decrease_wavelength -> increase_concentration -> decrease_concentration -> increase_path_length -> decrease_path_length -> finish,"[""increase wavelength"", ""decrease wavelength"", ""increase concentration"", ""decrease concentration"", ""increase path_length"", ""decrease path_length"", ""finish""]",increase wavelength -> decrease wavelength -> increase concentration -> decrease concentration -> increase path_length -> decrease path_length -> finish,7,7,True,6.0,1,True,False,False,3,3,2,2,2,3,increase_wavelength,finish,increase_wavelength,wavelength,2.807354922057604,0,0,False,False,True,False,,7,6,model_finish,True,
model,beers,beers_wavelength,text_only,student,text_only_student,qwen35_4b,6,scientific-exploration-increase-student-simulation-text-student,episode-text_student_beers_wavelength_model_qwen35_4b-06_latest,\home\lly\projects\project\wandb_downloads_student_simulation_5projects,\home\lly\projects\project\wandb_downloads_student_simulation_5projects\scientific-exploration-increase-student-simulation-text-student\artifacts\episode-text_student_beers_wavelength_model_qwen35_4b-06_latest,\home\lly\projects\project\wandb_downloads_student_simulation_5projects\scientific-exploration-increase-student-simulation-text-student\artifacts\episode-text_student_beers_wavelength_model_qwen35_4b-06_latest\steps.json,\home\lly\projects\project\wandb_downloads_student_simulation_5projects\scientific-exploration-increase-student-simulation-text-student\artifacts\episode-text_student_beers_wavelength_model_qwen35_4b-06_latest\summary.json,\home\lly\projects\project\wandb_downloads_student_simulation_5projects\scientific-exploration-increase-student-simulation-text-student\artifacts\episode-text_student_beers_wavelength_model_qwen35_4b-06_latest\trajectory.json,\home\lly\projects\project\wandb_downloads_student_simulation_5projects\scientific-exploration-increase-student-simulation-text-student\artifacts\episode-text_student_beers_wavelength_model_qwen35_4b-06_latest\interaction_log.json,qwen35,4b,model__scientific-exploration-increase-student-simulation-text-student__text_only__student__beers_wavelength__qwen35_4b__run06,"[""increase_wavelength"", ""increase_concentration"", ""decrease_concentration"", ""increase_path_length"", ""decrease_path_length"", ""decrease_path_length"", ""finish""]","[""increase_wavelength"", ""increase_concentration"", ""decrease_concentration"", ""increase_path_length"", ""decrease_path_length"", ""decrease_path_length"", ""finish""]",increase_wavelength -> increase_concentration -> decrease_concentration -> increase_path_length -> decrease_path_length -> decrease_path_length -> finish,increase_wavelength -> increase_concentration -> decrease_concentration -> increase_path_length -> decrease_path_length -> decrease_path_length -> finish,"[""increase wavelength"", ""increase concentration"", ""decrease concentration"", ""increase path_length"", ""decrease path_length"", ""decrease path_length"", ""finish""]",increase wavelength -> increase concentration -> decrease concentration -> increase path_length -> decrease path_length -> decrease path_length -> finish,7,6,True,6.0,1,True,False,False,3,3,1,2,3,2,increase_wavelength,finish,decrease_path_length,path_length,2.521640636343318,0,0,False,False,True,False,,7,6,model_finish,True,
model,beers,beers_wavelength,text_only,student,text_only_student,qwen35_9b,3,scientific-exploration-increase-student-simulation-text-student,episode-text_student_beers_wavelength_model_qwen35_9b-03_latest,\home\lly\projects\project\wandb_downloads_student_simulation_5projects,\home\lly\projects\project\wandb_downloads_student_simulation_5projects\scientific-exploration-increase-student-simulation-text-student\artifacts\episode-text_student_beers_wavelength_model_qwen35_9b-03_latest,\home\lly\projects\project\wandb_downloads_student_simulation_5projects\scientific-exploration-increase-student-simulation-text-student\artifacts\episode-text_student_beers_wavelength_model_qwen35_9b-03_latest\steps.json,\home\lly\projects\project\wandb_downloads_student_simulation_5projects\scientific-exploration-increase-student-simulation-text-student\artifacts\episode-text_student_beers_wavelength_model_qwen35_9b-03_latest\summary.json,\home\lly\projects\project\wandb_downloads_student_simulation_5projects\scientific-exploration-increase-student-simulation-text-student\artifacts\episode-text_student_beers_wavelength_model_qwen35_9b-03_latest\trajectory.json,\home\lly\projects\project\wandb_downloads_student_simulation_5projects\scientific-exploration-increase-student-simulation-text-student\artifacts\episode-text_student_beers_wavelength_model_qwen35_9b-03_latest\interaction_log.json,qwen35,9b,model__scientific-exploration-increase-student-simulation-text-student__text_only__student__beers_wavelength__qwen35_9b__run03,"[""increase_wavelength"", ""increase_concentration"", ""increase_path_length"", ""decrease_wavelength"", ""decrease_wavelength"", ""decrease_path_length"", ""increase_concentration"", ""decrease_path_length"", ""decrease_concentration"", ""finish""]","[""increase_wavelength"", ""increase_concentration"", ""increase_path_length"", ""decrease_wavelength"", ""decrease_wavelength"", ""decrease_path_length"", ""increase_concentration"", ""decrease_path_length"", ""decrease_concentration"", ""finish""]",increase_wavelength -> increase_concentration -> increase_path_length -> decrease_wavelength -> decrease_wavelength -> decrease_path_length -> increase_concentration -> decrease_path_length -> decrease_concentration -> finish,increase_wavelength -> increase_concentration -> increase_path_length -> decrease_wavelength -> decrease_wavelength -> decrease_path_length -> increase_concentration -> decrease_path_length -> decrease_concentration -> finish,"[""increase wavelength"", ""increase concentration"", ""increase path_length"", ""decrease wavelength"", ""decrease wavelength"", ""decrease path_length"", ""increase concentration"", ""decrease path_length"", ""decrease concentration"", ""finish""]",increase wavelength -> increase concentration -> increase path_length -> decrease wavelength -> decrease wavelength -> decrease path_length -> increase concentration -> decrease path_length -> decrease concentration -> finish,10,7,True,9.0,1,True,False,False,4,5,3,3,3,0,increase_wavelength,finish,increase_concentration,wavelength,2.721928094887362,0,0,False,False,True,False,,10,9,model_finish,True,
model,beers,beers_wavelength,text_only,student,text_only_student,qwen35_9b,9,scientific-exploration-increase-student-simulation-text-student,episode-text_student_beers_wavelength_model_qwen35_9b-09_latest,\home\lly\projects\project\wandb_downloads_student_simulation_5projects,\home\lly\projects\project\wandb_downloads_student_simulation_5projects\scientific-exploration-increase-student-simulation-text-student\artifacts\episode-text_student_beers_wavelength_model_qwen35_9b-09_latest,\home\lly\projects\project\wandb_downloads_student_simulation_5projects\scientific-exploration-increase-student-simulation-text-student\artifacts\episode-text_student_beers_wavelength_model_qwen35_9b-09_latest\steps.json,\home\lly\projects\project\wandb_downloads_student_simulation_5projects\scientific-exploration-increase-student-simulation-text-student\artifacts\episode-text_student_beers_wavelength_model_qwen35_9b-09_latest\summary.json,\home\lly\projects\project\wandb_downloads_student_simulation_5projects\scientific-exploration-increase-student-simulation-text-student\artifacts\episode-text_student_beers_wavelength_model_qwen35_9b-09_latest\trajectory.json,\home\lly\projects\project\wandb_downloads_student_simulation_5projects\scientific-exploration-increase-student-simulation-text-student\artifacts\episode-text_student_beers_wavelength_model_qwen35_9b-09_latest\interaction_log.json,qwen35,9b,model__scientific-exploration-increase-student-simulation-text-student__text_only__student__beers_wavelength__qwen35_9b__run09,"[""increase_wavelength"", ""decrease_wavelength"", ""increase_concentration"", ""increase_path_length"", ""decrease_concentration"", ""decrease_path_length"", ""finish""]","[""increase_wavelength"", ""decrease_wavelength"", ""increase_concentration"", ""increase_path_length"", ""decrease_concentration"", ""decrease_path_length"", ""finish""]",increase_wavelength -> decrease_wavelength -> increase_concentration -> increase_path_length -> decrease_concentration -> decrease_path_length -> finish,increase_wavelength -> decrease_wavelength -> increase_concentration -> increase_path_length -> decrease_concentration -> decrease_path_length -> finish,"[""increase wavelength"", ""decrease wavelength"", ""increase concentration"", ""increase path_length"", ""decrease concentration"", ""decrease path_length"", ""finish""]",increase wavelength -> decrease wavelength -> increase concentration -> increase path_length -> decrease concentration -> decrease path_length -> finish,7,7,True,6.0,1,True,False,False,3,3,2,2,2,1,increase_wavelength,finish,increase_wavelength,wavelength,2.807354922057604,0,0,False,False,True,False,,7,6,model_finish,True,
model,beers,beers_wavelength,text_only,student,text_only_student,qwen35_4b,5,scientific-exploration-increase-student-simulation-text-student,episode-text_student_beers_wavelength_model_qwen35_4b-05_latest,\home\lly\projects\project\wandb_downloads_student_simulation_5projects,\home\lly\projects\project\wandb_downloads_student_simulation_5projects\scientific-exploration-increase-student-simulation-text-student\artifacts\episode-text_student_beers_wavelength_model_qwen35_4b-05_latest,\home\lly\projects\project\wandb_downloads_student_simulation_5projects\scientific-exploration-increase-student-simulation-text-student\artifacts\episode-text_student_beers_wavelength_model_qwen35_4b-05_latest\steps.json,\home\lly\projects\project\wandb_downloads_student_simulation_5projects\scientific-exploration-increase-student-simulation-text-student\artifacts\episode-text_student_beers_wavelength_model_qwen35_4b-05_latest\summary.json,\home\lly\projects\project\wandb_downloads_student_simulation_5projects\scientific-exploration-increase-student-simulation-text-student\artifacts\episode-text_student_beers_wavelength_model_qwen35_4b-05_latest\trajectory.json,\home\lly\projects\project\wandb_downloads_student_simulation_5projects\scientific-exploration-increase-student-simulation-text-student\artifacts\episode-text_student_beers_wavelength_model_qwen35_4b-05_latest\interaction_log.json,qwen35,4b,model__scientific-exploration-increase-student-simulation-text-student__text_only__student__beers_wavelength__qwen35_4b__run05,"[""increase_wavelength"", ""increase_concentration"", ""decrease_wavelength"", ""decrease_concentration"", ""increase_path_length"", ""decrease_path_length"", ""increase_wavelength"", ""increase_wavelength"", ""increase_path_length"", ""decrease_path_length"", ""finish""]","[""increase_wavelength"", ""increase_concentration"", ""decrease_wavelength"", ""decrease_concentration"", ""increase_path_length"", ""decrease_path_length"", ""increase_wavelength"", ""increase_wavelength"", ""increase_path_length"", ""decrease_path_length"", ""finish""]",increase_wavelength -> increase_concentration -> decrease_wavelength -> decrease_concentration -> increase_path_length -> decrease_path_length -> increase_wavelength -> increase_wavelength -> increase_path_length -> decrease_path_length -> finish,increase_wavelength -> increase_concentration -> decrease_wavelength -> decrease_concentration -> increase_path_length -> decrease_path_length -> increase_wavelength -> increase_wavelength -> increase_path_length -> decrease_path_length -> finish,"[""increase wavelength"", ""increase concentration"", ""decrease wavelength"", ""decrease concentration"", ""increase path_length"", ""decrease path_length"", ""increase wavelength"", ""increase wavelength"", ""increase path_length"", ""decrease path_length"", ""finish""]",increase wavelength -> increase concentration -> decrease wavelength -> decrease concentration -> increase path_length -> decrease path_length -> increase wavelength -> increase wavelength -> increase path_length -> decrease path_length -> finish,11,7,True,10.0,1,True,False,False,6,4,4,2,4,2,increase_wavelength,finish,increase_wavelength,wavelength,2.6635327548042547,0,0,False,False,True,False,,11,10,model_finish,True,
model,beers,beers_wavelength,text_only,student,text_only_student,qwen35_4b,1,scientific-exploration-increase-student-simulation-text-student,episode-text_student_beers_wavelength_model_qwen35_4b-01_latest,\home\lly\projects\project\wandb_downloads_student_simulation_5projects,\home\lly\projects\project\wandb_downloads_student_simulation_5projects\scientific-exploration-increase-student-simulation-text-student\artifacts\episode-text_student_beers_wavelength_model_qwen35_4b-01_latest,\home\lly\projects\project\wandb_downloads_student_simulation_5projects\scientific-exploration-increase-student-simulation-text-student\artifacts\episode-text_student_beers_wavelength_model_qwen35_4b-01_latest\steps.json,\home\lly\projects\project\wandb_downloads_student_simulation_5projects\scientific-exploration-increase-student-simulation-text-student\artifacts\episode-text_student_beers_wavelength_model_qwen35_4b-01_latest\summary.json,\home\lly\projects\project\wandb_downloads_student_simulation_5projects\scientific-exploration-increase-student-simulation-text-student\artifacts\episode-text_student_beers_wavelength_model_qwen35_4b-01_latest\trajectory.json,\home\lly\projects\project\wandb_downloads_student_simulation_5projects\scientific-exploration-increase-student-simulation-text-student\artifacts\episode-text_student_beers_wavelength_model_qwen35_4b-01_latest\interaction_log.json,qwen35,4b,model__scientific-exploration-increase-student-simulation-text-student__text_only__student__beers_wavelength__qwen35_4b__run01,"[""increase_wavelength"", ""decrease_wavelength"", ""increase_concentration"", ""decrease_concentration"", ""increase_path_length"", ""decrease_path_length"", ""increase_wavelength"", ""finish""]","[""increase_wavelength"", ""decrease_wavelength"", ""increase_concentration"", ""decrease_concentration"", ""increase_path_length"", ""decrease_path_length"", ""increase_wavelength"", ""finish""]",increase_wavelength -> decrease_wavelength -> increase_concentration -> decrease_concentration -> increase_path_length -> decrease_path_length -> increase_wavelength -> finish,increase_wavelength -> decrease_wavelength -> increase_concentration -> decrease_concentration -> increase_path_length -> decrease_path_length -> increase_wavelength -> finish,"[""increase wavelength"", ""decrease wavelength"", ""increase concentration"", ""decrease concentration"", ""increase path_length"", ""decrease path_length"", ""increase wavelength"", ""finish""]",increase wavelength -> decrease wavelength -> increase concentration -> decrease concentration -> increase path_length -> decrease path_length -> increase wavelength -> finish,8,7,True,7.0,1,True,False,False,4,3,3,2,2,3,increase_wavelength,finish,increase_wavelength,wavelength,2.75,0,0,False,False,True,False,,8,7,model_finish,True,
model,beers,beers_wavelength,text_only,student,text_only_student,qwen35_9b,2,scientific-exploration-increase-student-simulation-text-student,episode-text_student_beers_wavelength_model_qwen35_9b-02_latest,\home\lly\projects\project\wandb_downloads_student_simulation_5projects,\home\lly\projects\project\wandb_downloads_student_simulation_5projects\scientific-exploration-increase-student-simulation-text-student\artifacts\episode-text_student_beers_wavelength_model_qwen35_9b-02_latest,\home\lly\projects\project\wandb_downloads_student_simulation_5projects\scientific-exploration-increase-student-simulation-text-student\artifacts\episode-text_student_beers_wavelength_model_qwen35_9b-02_latest\steps.json,\home\lly\projects\project\wandb_downloads_student_simulation_5projects\scientific-exploration-increase-student-simulation-text-student\artifacts\episode-text_student_beers_wavelength_model_qwen35_9b-02_latest\summary.json,\home\lly\projects\project\wandb_downloads_student_simulation_5projects\scientific-exploration-increase-student-simulation-text-student\artifacts\episode-text_student_beers_wavelength_model_qwen35_9b-02_latest\trajectory.json,\home\lly\projects\project\wandb_downloads_student_simulation_5projects\scientific-exploration-increase-student-simulation-text-student\artifacts\episode-text_student_beers_wavelength_model_qwen35_9b-02_latest\interaction_log.json,qwen35,9b,model__scientific-exploration-increase-student-simulation-text-student__text_only__student__beers_wavelength__qwen35_9b__run02,"[""decrease_concentration"", ""increase_concentration"", ""increase_wavelength"", ""increase_path_length"", ""decrease_wavelength"", ""decrease_concentration"", ""increase_concentration"", ""decrease_concentration"", ""increase_path_length"", ""increase_wavelength"", ""decrease_path_length"", ""finish""]","[""decrease_concentration"", ""increase_concentration"", ""increase_wavelength"", ""increase_path_length"", ""decrease_wavelength"", ""decrease_concentration"", ""increase_concentration"", ""decrease_concentration"", ""increase_path_length"", ""increase_wavelength"", ""decrease_path_length"", ""finish""]",decrease_concentration -> increase_concentration -> increase_wavelength -> increase_path_length -> decrease_wavelength -> decrease_concentration -> increase_concentration -> decrease_concentration -> increase_path_length -> increase_wavelength -> decrease_path_length -> finish,decrease_concentration -> increase_concentration -> increase_wavelength -> increase_path_length -> decrease_wavelength -> decrease_concentration -> increase_concentration -> decrease_concentration -> increase_path_length -> increase_wavelength -> decrease_path_length -> finish,"[""decrease concentration"", ""increase concentration"", ""increase wavelength"", ""increase path_length"", ""decrease wavelength"", ""decrease concentration"", ""increase concentration"", ""decrease concentration"", ""increase path_length"", ""increase wavelength"", ""decrease path_length"", ""finish""]",decrease concentration -> increase concentration -> increase wavelength -> increase path_length -> decrease wavelength -> decrease concentration -> increase concentration -> decrease concentration -> increase path_length -> increase wavelength -> decrease path_length -> finish,12,7,True,11.0,1,True,False,False,6,5,3,5,3,3,decrease_concentration,finish,decrease_concentration,concentration,2.6887218755408666,0,0,False,False,True,False,,12,11,model_finish,True,
model,beers,beers_wavelength,text_only,student,text_only_student,qwen35_4b,7,scientific-exploration-increase-student-simulation-text-student,episode-text_student_beers_wavelength_model_qwen35_4b-07_latest,\home\lly\projects\project\wandb_downloads_student_simulation_5projects,\home\lly\projects\project\wandb_downloads_student_simulation_5projects\scientific-exploration-increase-student-simulation-text-student\artifacts\episode-text_student_beers_wavelength_model_qwen35_4b-07_latest,\home\lly\projects\project\wandb_downloads_student_simulation_5projects\scientific-exploration-increase-student-simulation-text-student\artifacts\episode-text_student_beers_wavelength_model_qwen35_4b-07_latest\steps.json,\home\lly\projects\project\wandb_downloads_student_simulation_5projects\scientific-exploration-increase-student-simulation-text-student\artifacts\episode-text_student_beers_wavelength_model_qwen35_4b-07_latest\summary.json,\home\lly\projects\project\wandb_downloads_student_simulation_5projects\scientific-exploration-increase-student-simulation-text-student\artifacts\episode-text_student_beers_wavelength_model_qwen35_4b-07_latest\trajectory.json,\home\lly\projects\project\wandb_downloads_student_simulation_5projects\scientific-exploration-increase-student-simulation-text-student\artifacts\episode-text_student_beers_wavelength_model_qwen35_4b-07_latest\interaction_log.json,qwen35,4b,model__scientific-exploration-increase-student-simulation-text-student__text_only__student__beers_wavelength__qwen35_4b__run07,"[""increase_wavelength"", ""decrease_wavelength"", ""increase_concentration"", ""decrease_concentration"", ""increase_path_length"", ""decrease_path_length"", ""finish""]","[""increase_wavelength"", ""decrease_wavelength"", ""increase_concentration"", ""decrease_concentration"", ""increase_path_length"", ""decrease_path_length"", ""finish""]",increase_wavelength -> decrease_wavelength -> increase_concentration -> decrease_concentration -> increase_path_length -> decrease_path_length -> finish,increase_wavelength -> decrease_wavelength -> increase_concentration -> decrease_concentration -> increase_path_length -> decrease_path_length -> finish,"[""increase wavelength"", ""decrease wavelength"", ""increase concentration"", ""decrease concentration"", ""increase path_length"", ""decrease path_length"", ""finish""]",increase wavelength -> decrease wavelength -> increase concentration -> decrease concentration -> increase path_length -> decrease path_length -> finish,7,7,True,6.0,1,True,False,False,3,3,2,2,2,3,increase_wavelength,finish,increase_wavelength,wavelength,2.807354922057604,0,0,False,False,True,False,,7,6,model_finish,True,
model,beers,beers_wavelength,text_only,student,text_only_student,qwen35_9b,6,scientific-exploration-increase-student-simulation-text-student,episode-text_student_beers_wavelength_model_qwen35_9b-06_latest,\home\lly\projects\project\wandb_downloads_student_simulation_5projects,\home\lly\projects\project\wandb_downloads_student_simulation_5projects\scientific-exploration-increase-student-simulation-text-student\artifacts\episode-text_student_beers_wavelength_model_qwen35_9b-06_latest,\home\lly\projects\project\wandb_downloads_student_simulation_5projects\scientific-exploration-increase-student-simulation-text-student\artifacts\episode-text_student_beers_wavelength_model_qwen35_9b-06_latest\steps.json,\home\lly\projects\project\wandb_downloads_student_simulation_5projects\scientific-exploration-increase-student-simulation-text-student\artifacts\episode-text_student_beers_wavelength_model_qwen35_9b-06_latest\summary.json,\home\lly\projects\project\wandb_downloads_student_simulation_5projects\scientific-exploration-increase-student-simulation-text-student\artifacts\episode-text_student_beers_wavelength_model_qwen35_9b-06_latest\trajectory.json,\home\lly\projects\project\wandb_downloads_student_simulation_5projects\scientific-exploration-increase-student-simulation-text-student\artifacts\episode-text_student_beers_wavelength_model_qwen35_9b-06_latest\interaction_log.json,qwen35,9b,model__scientific-exploration-increase-student-simulation-text-student__text_only__student__beers_wavelength__qwen35_9b__run06,"[""increase_wavelength"", ""decrease_wavelength"", ""increase_concentration"", ""increase_path_length"", ""decrease_path_length"", ""decrease_wavelength"", ""increase_wavelength"", ""decrease_wavelength"", ""increase_wavelength"", ""decrease_concentration"", ""increase_path_length"", ""increase_wavelength"", ""increase_wavelength"", ""decrease_wavelength"", ""increase_concentration"", ""decrease_wavelength"", ""increase_wavelength"", ""decrease_path_length"", ""decrease_wavelength"", ""increase_concentration"", ""increase_concentration"", ""increase_path_length"", ""decrease_concentration"", ""increase_path_length"", ""decrease_concentration"", ""increase_wavelength"", ""decrease_wavelength"", ""increase_path_length"", ""decrease_path_length"", ""increase_wavelength"", ""increase_wavelength"", ""decrease_concentration"", ""increase_concentration"", ""increase_path_length"", ""finish""]","[""increase_wavelength"", ""decrease_wavelength"", ""increase_concentration"", ""increase_path_length"", ""decrease_path_length"", ""decrease_wavelength"", ""increase_wavelength"", ""decrease_wavelength"", ""increase_wavelength"", ""decrease_concentration"", ""increase_path_length"", ""increase_wavelength"", ""increase_wavelength"", ""decrease_wavelength"", ""increase_concentration"", ""decrease_wavelength"", ""increase_wavelength"", ""decrease_path_length"", ""decrease_wavelength"", ""increase_concentration"", ""increase_concentration"", ""increase_path_length"", ""decrease_concentration"", ""increase_path_length"", ""decrease_concentration"", ""increase_wavelength"", ""decrease_wavelength"", ""increase_path_length"", ""decrease_path_length"", ""increase_wavelength"", ""increase_wavelength"", ""decrease_concentration"", ""increase_concentration"", ""increase_path_length"", ""finish""]",increase_wavelength -> decrease_wavelength -> increase_concentration -> increase_path_length -> decrease_path_length -> decrease_wavelength -> increase_wavelength -> decrease_wavelength -> increase_wavelength -> decrease_concentration -> increase_path_length -> increase_wavelength -> increase_wavelength -> decrease_wavelength -> increase_concentration -> decrease_wavelength -> increase_wavelength -> decrease_path_length -> decrease_wavelength -> increase_concentration -> increase_concentration -> increase_path_length -> decrease_concentration -> increase_path_length -> decrease_concentration -> increase_wavelength -> decrease_wavelength -> increase_path_length -> decrease_path_length -> increase_wavelength -> increase_wavelength -> decrease_concentration -> increase_concentration -> increase_path_length -> finish,increase_wavelength -> decrease_wavelength -> increase_concentration -> increase_path_length -> decrease_path_length -> decrease_wavelength -> increase_wavelength -> decrease_wavelength -> increase_wavelength -> decrease_concentration -> increase_path_length -> increase_wavelength -> increase_wavelength -> decrease_wavelength -> increase_concentration -> decrease_wavelength -> increase_wavelength -> decrease_path_length -> decrease_wavelength -> increase_concentration -> increase_concentration -> increase_path_length -> decrease_concentration -> increase_path_length -> decrease_concentration -> increase_wavelength -> decrease_wavelength -> increase_path_length -> decrease_path_length -> increase_wavelength -> increase_wavelength -> decrease_concentration -> increase_concentration -> increase_path_length -> finish,"[""increase wavelength"", ""decrease wavelength"", ""increase concentration"", ""increase path_length"", ""decrease path_length"", ""decrease wavelength"", ""increase wavelength"", ""decrease wavelength"", ""increase wavelength"", ""decrease concentration"", ""increase path_length"", ""increase wavelength"", ""increase wavelength"", ""decrease wavelength"", ""increase concentration"", ""decrease wavelength"", ""increase wavelength"", ""decrease path_length"", ""decrease wavelength"", ""increase concentration"", ""increase concentration"", ""increase path_length"", ""decrease concentration"", ""increase path_length"", ""decrease concentration"", ""increase wavelength"", ""decrease wavelength"", ""increase path_length"", ""decrease path_length"", ""increase wavelength"", ""increase wavelength"", ""decrease concentration"", ""increase concentration"", ""increase path_length"", ""finish""]",increase wavelength -> decrease wavelength -> increase concentration -> increase path_length -> decrease path_length -> decrease wavelength -> increase wavelength -> decrease wavelength -> increase wavelength -> decrease concentration -> increase path_length -> increase wavelength -> increase wavelength -> decrease wavelength -> increase concentration -> decrease wavelength -> increase wavelength -> decrease path_length -> decrease wavelength -> increase concentration -> increase concentration -> increase path_length -> decrease concentration -> increase path_length -> decrease concentration -> increase wavelength -> decrease wavelength -> increase path_length -> decrease path_length -> increase wavelength -> increase wavelength -> decrease concentration -> increase concentration -> increase path_length -> finish,35,7,True,34.0,1,True,False,False,20,14,16,9,9,10,increase_wavelength,finish,increase_wavelength,wavelength,2.61342266127893,0,0,False,False,True,False,,35,34,model_finish,True,
model,beers,beers_wavelength,text_only,student,text_only_student,qwen35_4b,8,scientific-exploration-increase-student-simulation-text-student,episode-text_student_beers_wavelength_model_qwen35_4b-08_latest,\home\lly\projects\project\wandb_downloads_student_simulation_5projects,\home\lly\projects\project\wandb_downloads_student_simulation_5projects\scientific-exploration-increase-student-simulation-text-student\artifacts\episode-text_student_beers_wavelength_model_qwen35_4b-08_latest,\home\lly\projects\project\wandb_downloads_student_simulation_5projects\scientific-exploration-increase-student-simulation-text-student\artifacts\episode-text_student_beers_wavelength_model_qwen35_4b-08_latest\steps.json,\home\lly\projects\project\wandb_downloads_student_simulation_5projects\scientific-exploration-increase-student-simulation-text-student\artifacts\episode-text_student_beers_wavelength_model_qwen35_4b-08_latest\summary.json,\home\lly\projects\project\wandb_downloads_student_simulation_5projects\scientific-exploration-increase-student-simulation-text-student\artifacts\episode-text_student_beers_wavelength_model_qwen35_4b-08_latest\trajectory.json,\home\lly\projects\project\wandb_downloads_student_simulation_5projects\scientific-exploration-increase-student-simulation-text-student\artifacts\episode-text_student_beers_wavelength_model_qwen35_4b-08_latest\interaction_log.json,qwen35,4b,model__scientific-exploration-increase-student-simulation-text-student__text_only__student__beers_wavelength__qwen35_4b__run08,"[""increase_wavelength"", ""decrease_wavelength"", ""increase_concentration"", ""decrease_concentration"", ""increase_path_length"", ""decrease_path_length"", ""finish""]","[""increase_wavelength"", ""decrease_wavelength"", ""increase_concentration"", ""decrease_concentration"", ""increase_path_length"", ""decrease_path_length"", ""finish""]",increase_wavelength -> decrease_wavelength -> increase_concentration -> decrease_concentration -> increase_path_length -> decrease_path_length -> finish,increase_wavelength -> decrease_wavelength -> increase_concentration -> decrease_concentration -> increase_path_length -> decrease_path_length -> finish,"[""increase wavelength"", ""decrease wavelength"", ""increase concentration"", ""decrease concentration"", ""increase path_length"", ""decrease path_length"", ""finish""]",increase wavelength -> decrease wavelength -> increase concentration -> decrease concentration -> increase path_length -> decrease path_length -> finish,7,7,True,6.0,1,True,False,False,3,3,2,2,2,3,increase_wavelength,finish,increase_wavelength,wavelength,2.807354922057604,0,0,False,False,True,False,,7,6,model_finish,True,
model,beers,beers_wavelength,text_only,student,text_only_student,qwen35_9b,4,scientific-exploration-increase-student-simulation-text-student,episode-text_student_beers_wavelength_model_qwen35_9b-04_latest,\home\lly\projects\project\wandb_downloads_student_simulation_5projects,\home\lly\projects\project\wandb_downloads_student_simulation_5projects\scientific-exploration-increase-student-simulation-text-student\artifacts\episode-text_student_beers_wavelength_model_qwen35_9b-04_latest,\home\lly\projects\project\wandb_downloads_student_simulation_5projects\scientific-exploration-increase-student-simulation-text-student\artifacts\episode-text_student_beers_wavelength_model_qwen35_9b-04_latest\steps.json,\home\lly\projects\project\wandb_downloads_student_simulation_5projects\scientific-exploration-increase-student-simulation-text-student\artifacts\episode-text_student_beers_wavelength_model_qwen35_9b-04_latest\summary.json,\home\lly\projects\project\wandb_downloads_student_simulation_5projects\scientific-exploration-increase-student-simulation-text-student\artifacts\episode-text_student_beers_wavelength_model_qwen35_9b-04_latest\trajectory.json,\home\lly\projects\project\wandb_downloads_student_simulation_5projects\scientific-exploration-increase-student-simulation-text-student\artifacts\episode-text_student_beers_wavelength_model_qwen35_9b-04_latest\interaction_log.json,qwen35,9b,model__scientific-exploration-increase-student-simulation-text-student__text_only__student__beers_wavelength__qwen35_9b__run04,"[""increase_wavelength"", ""decrease_wavelength"", ""increase_concentration"", ""increase_path_length"", ""decrease_path_length"", ""decrease_concentration"", ""increase_wavelength"", ""decrease_wavelength"", ""finish""]","[""increase_wavelength"", ""decrease_wavelength"", ""increase_concentration"", ""increase_path_length"", ""decrease_path_length"", ""decrease_concentration"", ""increase_wavelength"", ""decrease_wavelength"", ""finish""]",increase_wavelength -> decrease_wavelength -> increase_concentration -> increase_path_length -> decrease_path_length -> decrease_concentration -> increase_wavelength -> decrease_wavelength -> finish,increase_wavelength -> decrease_wavelength -> increase_concentration -> increase_path_length -> decrease_path_length -> decrease_concentration -> increase_wavelength -> decrease_wavelength -> finish,"[""increase wavelength"", ""decrease wavelength"", ""increase concentration"", ""increase path_length"", ""decrease path_length"", ""decrease concentration"", ""increase wavelength"", ""decrease wavelength"", ""finish""]",increase wavelength -> decrease wavelength -> increase concentration -> increase path_length -> decrease path_length -> decrease concentration -> increase wavelength -> decrease wavelength -> finish,9,7,True,8.0,1,True,False,False,4,4,4,2,2,3,increase_wavelength,finish,increase_wavelength,wavelength,2.725480556997868,0,0,False,False,True,False,,9,8,model_finish,True,
model,beers,beers_wavelength,text_only,student,text_only_student,qwen35_9b,0,scientific-exploration-increase-student-simulation-text-student,episode-text_student_beers_wavelength_model_qwen35_9b-00_latest,\home\lly\projects\project\wandb_downloads_student_simulation_5projects,\home\lly\projects\project\wandb_downloads_student_simulation_5projects\scientific-exploration-increase-student-simulation-text-student\artifacts\episode-text_student_beers_wavelength_model_qwen35_9b-00_latest,\home\lly\projects\project\wandb_downloads_student_simulation_5projects\scientific-exploration-increase-student-simulation-text-student\artifacts\episode-text_student_beers_wavelength_model_qwen35_9b-00_latest\steps.json,\home\lly\projects\project\wandb_downloads_student_simulation_5projects\scientific-exploration-increase-student-simulation-text-student\artifacts\episode-text_student_beers_wavelength_model_qwen35_9b-00_latest\summary.json,\home\lly\projects\project\wandb_downloads_student_simulation_5projects\scientific-exploration-increase-student-simulation-text-student\artifacts\episode-text_student_beers_wavelength_model_qwen35_9b-00_latest\trajectory.json,\home\lly\projects\project\wandb_downloads_student_simulation_5projects\scientific-exploration-increase-student-simulation-text-student\artifacts\episode-text_student_beers_wavelength_model_qwen35_9b-00_latest\interaction_log.json,qwen35,9b,model__scientific-exploration-increase-student-simulation-text-student__text_only__student__beers_wavelength__qwen35_9b__run00,"[""increase_wavelength"", ""increase_concentration"", ""increase_path_length"", ""decrease_wavelength"", ""decrease_concentration"", ""decrease_path_length"", ""finish""]","[""increase_wavelength"", ""increase_concentration"", ""increase_path_length"", ""decrease_wavelength"", ""decrease_concentration"", ""decrease_path_length"", ""finish""]",increase_wavelength -> increase_concentration -> increase_path_length -> decrease_wavelength -> decrease_concentration -> decrease_path_length -> finish,increase_wavelength -> increase_concentration -> increase_path_length -> decrease_wavelength -> decrease_concentration -> decrease_path_length -> finish,"[""increase wavelength"", ""increase concentration"", ""increase path_length"", ""decrease wavelength"", ""decrease concentration"", ""decrease path_length"", ""finish""]",increase wavelength -> increase concentration -> increase path_length -> decrease wavelength -> decrease concentration -> decrease path_length -> finish,7,7,True,6.0,1,True,False,False,3,3,2,2,2,0,increase_wavelength,finish,increase_wavelength,wavelength,2.807354922057604,0,0,False,False,True,False,,7,6,model_finish,True,
model,beers,beers_wavelength,text_only,student,text_only_student,qwen35_9b,8,scientific-exploration-increase-student-simulation-text-student,episode-text_student_beers_wavelength_model_qwen35_9b-08_latest,\home\lly\projects\project\wandb_downloads_student_simulation_5projects,\home\lly\projects\project\wandb_downloads_student_simulation_5projects\scientific-exploration-increase-student-simulation-text-student\artifacts\episode-text_student_beers_wavelength_model_qwen35_9b-08_latest,\home\lly\projects\project\wandb_downloads_student_simulation_5projects\scientific-exploration-increase-student-simulation-text-student\artifacts\episode-text_student_beers_wavelength_model_qwen35_9b-08_latest\steps.json,\home\lly\projects\project\wandb_downloads_student_simulation_5projects\scientific-exploration-increase-student-simulation-text-student\artifacts\episode-text_student_beers_wavelength_model_qwen35_9b-08_latest\summary.json,\home\lly\projects\project\wandb_downloads_student_simulation_5projects\scientific-exploration-increase-student-simulation-text-student\artifacts\episode-text_student_beers_wavelength_model_qwen35_9b-08_latest\trajectory.json,\home\lly\projects\project\wandb_downloads_student_simulation_5projects\scientific-exploration-increase-student-simulation-text-student\artifacts\episode-text_student_beers_wavelength_model_qwen35_9b-08_latest\interaction_log.json,qwen35,9b,model__scientific-exploration-increase-student-simulation-text-student__text_only__student__beers_wavelength__qwen35_9b__run08,"[""increase_wavelength"", ""decrease_wavelength"", ""increase_concentration"", ""decrease_concentration"", ""increase_path_length"", ""decrease_path_length"", ""increase_wavelength"", ""decrease_wavelength"", ""finish""]","[""increase_wavelength"", ""decrease_wavelength"", ""increase_concentration"", ""decrease_concentration"", ""increase_path_length"", ""decrease_path_length"", ""increase_wavelength"", ""decrease_wavelength"", ""finish""]",increase_wavelength -> decrease_wavelength -> increase_concentration -> decrease_concentration -> increase_path_length -> decrease_path_length -> increase_wavelength -> decrease_wavelength -> finish,increase_wavelength -> decrease_wavelength -> increase_concentration -> decrease_concentration -> increase_path_length -> decrease_path_length -> increase_wavelength -> decrease_wavelength -> finish,"[""increase wavelength"", ""decrease wavelength"", ""increase concentration"", ""decrease concentration"", ""increase path_length"", ""decrease path_length"", ""increase wavelength"", ""decrease wavelength"", ""finish""]",increase wavelength -> decrease wavelength -> increase concentration -> decrease concentration -> increase path_length -> decrease path_length -> increase wavelength -> decrease wavelength -> finish,9,7,True,8.0,1,True,False,False,4,4,4,2,2,4,increase_wavelength,finish,increase_wavelength,wavelength,2.725480556997868,0,0,False,False,True,False,,9,8,model_finish,True,
