type,collection_name,version,aliases,full_name,created_at
episode_data,episode-distance_abbrev_gemma3_4b_10runs-00,latest,latest,leyao-li-epfl/scientific-exploration/episode-distance_abbrev_gemma3_4b_10runs-00:latest,2026-05-05T19:24:14+00:00
episode_data,episode-distance_abbrev_gemma3_4b_10runs-01,latest,latest,leyao-li-epfl/scientific-exploration/episode-distance_abbrev_gemma3_4b_10runs-01:latest,2026-05-05T19:24:41+00:00
episode_data,episode-distance_abbrev_gemma3_4b_10runs-02,latest,latest,leyao-li-epfl/scientific-exploration/episode-distance_abbrev_gemma3_4b_10runs-02:latest,2026-05-05T19:25:56+00:00
episode_data,episode-distance_abbrev_gemma3_4b_10runs-03,latest,latest,leyao-li-epfl/scientific-exploration/episode-distance_abbrev_gemma3_4b_10runs-03:latest,2026-05-05T19:26:47+00:00
episode_data,episode-distance_abbrev_gemma3_4b_10runs-04,latest,latest,leyao-li-epfl/scientific-exploration/episode-distance_abbrev_gemma3_4b_10runs-04:latest,2026-05-05T19:27:12+00:00
episode_data,episode-distance_abbrev_gemma3_4b_10runs-05,latest,latest,leyao-li-epfl/scientific-exploration/episode-distance_abbrev_gemma3_4b_10runs-05:latest,2026-05-05T19:27:40+00:00
episode_data,episode-distance_abbrev_gemma3_4b_10runs-06,latest,latest,leyao-li-epfl/scientific-exploration/episode-distance_abbrev_gemma3_4b_10runs-06:latest,2026-05-05T19:28:18+00:00
episode_data,episode-distance_abbrev_gemma3_4b_10runs-07,latest,latest,leyao-li-epfl/scientific-exploration/episode-distance_abbrev_gemma3_4b_10runs-07:latest,2026-05-05T19:28:36+00:00
episode_data,episode-distance_abbrev_gemma3_4b_10runs-08,latest,latest,leyao-li-epfl/scientific-exploration/episode-distance_abbrev_gemma3_4b_10runs-08:latest,2026-05-05T19:28:55+00:00
episode_data,episode-distance_abbrev_gemma3_4b_10runs-09,latest,latest,leyao-li-epfl/scientific-exploration/episode-distance_abbrev_gemma3_4b_10runs-09:latest,2026-05-05T19:29:07+00:00
episode_data,episode-distance_abbrev_llama31_8b_10runs-00,latest,latest,leyao-li-epfl/scientific-exploration/episode-distance_abbrev_llama31_8b_10runs-00:latest,2026-05-05T19:10:48+00:00
episode_data,episode-distance_abbrev_llama31_8b_10runs-01,latest,latest,leyao-li-epfl/scientific-exploration/episode-distance_abbrev_llama31_8b_10runs-01:latest,2026-05-05T19:11:15+00:00
episode_data,episode-distance_abbrev_llama31_8b_10runs-02,latest,latest,leyao-li-epfl/scientific-exploration/episode-distance_abbrev_llama31_8b_10runs-02:latest,2026-05-05T19:11:34+00:00
episode_data,episode-distance_abbrev_llama31_8b_10runs-03,latest,latest,leyao-li-epfl/scientific-exploration/episode-distance_abbrev_llama31_8b_10runs-03:latest,2026-05-05T19:11:49+00:00
episode_data,episode-distance_abbrev_llama31_8b_10runs-04,latest,latest,leyao-li-epfl/scientific-exploration/episode-distance_abbrev_llama31_8b_10runs-04:latest,2026-05-05T19:13:20+00:00
episode_data,episode-distance_abbrev_llama31_8b_10runs-05,latest,latest,leyao-li-epfl/scientific-exploration/episode-distance_abbrev_llama31_8b_10runs-05:latest,2026-05-05T19:16:39+00:00
episode_data,episode-distance_abbrev_llama31_8b_10runs-06,latest,latest,leyao-li-epfl/scientific-exploration/episode-distance_abbrev_llama31_8b_10runs-06:latest,2026-05-05T19:17:08+00:00
episode_data,episode-distance_abbrev_llama31_8b_10runs-07,latest,latest,leyao-li-epfl/scientific-exploration/episode-distance_abbrev_llama31_8b_10runs-07:latest,2026-05-05T19:17:52+00:00
episode_data,episode-distance_abbrev_llama31_8b_10runs-08,latest,latest,leyao-li-epfl/scientific-exploration/episode-distance_abbrev_llama31_8b_10runs-08:latest,2026-05-05T19:18:14+00:00
episode_data,episode-distance_abbrev_llama31_8b_10runs-09,latest,latest,leyao-li-epfl/scientific-exploration/episode-distance_abbrev_llama31_8b_10runs-09:latest,2026-05-05T19:18:30+00:00
episode_data,episode-distance_abbrev_mistral_7b_10runs-00,latest,latest,leyao-li-epfl/scientific-exploration/episode-distance_abbrev_mistral_7b_10runs-00:latest,2026-05-05T19:20:28+00:00
episode_data,episode-distance_abbrev_mistral_7b_10runs-01,latest,latest,leyao-li-epfl/scientific-exploration/episode-distance_abbrev_mistral_7b_10runs-01:latest,2026-05-05T19:20:46+00:00
episode_data,episode-distance_abbrev_mistral_7b_10runs-02,latest,latest,leyao-li-epfl/scientific-exploration/episode-distance_abbrev_mistral_7b_10runs-02:latest,2026-05-05T19:20:56+00:00
episode_data,episode-distance_abbrev_mistral_7b_10runs-03,latest,latest,leyao-li-epfl/scientific-exploration/episode-distance_abbrev_mistral_7b_10runs-03:latest,2026-05-05T19:21:10+00:00
episode_data,episode-distance_abbrev_mistral_7b_10runs-04,latest,latest,leyao-li-epfl/scientific-exploration/episode-distance_abbrev_mistral_7b_10runs-04:latest,2026-05-05T19:21:29+00:00
episode_data,episode-distance_abbrev_mistral_7b_10runs-05,latest,latest,leyao-li-epfl/scientific-exploration/episode-distance_abbrev_mistral_7b_10runs-05:latest,2026-05-05T19:21:54+00:00
episode_data,episode-distance_abbrev_mistral_7b_10runs-06,latest,latest,leyao-li-epfl/scientific-exploration/episode-distance_abbrev_mistral_7b_10runs-06:latest,2026-05-05T19:22:22+00:00
episode_data,episode-distance_abbrev_mistral_7b_10runs-07,latest,latest,leyao-li-epfl/scientific-exploration/episode-distance_abbrev_mistral_7b_10runs-07:latest,2026-05-05T19:22:28+00:00
episode_data,episode-distance_abbrev_mistral_7b_10runs-08,latest,latest,leyao-li-epfl/scientific-exploration/episode-distance_abbrev_mistral_7b_10runs-08:latest,2026-05-05T19:22:38+00:00
episode_data,episode-distance_abbrev_mistral_7b_10runs-09,latest,latest,leyao-li-epfl/scientific-exploration/episode-distance_abbrev_mistral_7b_10runs-09:latest,2026-05-05T19:22:51+00:00
episode_data,episode-distance_abbrev_qwen25_3b_10runs-00,latest,latest,leyao-li-epfl/scientific-exploration/episode-distance_abbrev_qwen25_3b_10runs-00:latest,2026-05-05T18:50:12+00:00
episode_data,episode-distance_abbrev_qwen25_3b_10runs-01,latest,latest,leyao-li-epfl/scientific-exploration/episode-distance_abbrev_qwen25_3b_10runs-01:latest,2026-05-05T18:50:28+00:00
episode_data,episode-distance_abbrev_qwen25_3b_10runs-02,latest,latest,leyao-li-epfl/scientific-exploration/episode-distance_abbrev_qwen25_3b_10runs-02:latest,2026-05-05T18:50:41+00:00
episode_data,episode-distance_abbrev_qwen25_3b_10runs-03,latest,latest,leyao-li-epfl/scientific-exploration/episode-distance_abbrev_qwen25_3b_10runs-03:latest,2026-05-05T18:50:43+00:00
episode_data,episode-distance_abbrev_qwen25_3b_10runs-04,latest,latest,leyao-li-epfl/scientific-exploration/episode-distance_abbrev_qwen25_3b_10runs-04:latest,2026-05-05T18:50:54+00:00
episode_data,episode-distance_abbrev_qwen25_3b_10runs-05,latest,latest,leyao-li-epfl/scientific-exploration/episode-distance_abbrev_qwen25_3b_10runs-05:latest,2026-05-05T18:51:01+00:00
episode_data,episode-distance_abbrev_qwen25_3b_10runs-06,latest,latest,leyao-li-epfl/scientific-exploration/episode-distance_abbrev_qwen25_3b_10runs-06:latest,2026-05-05T18:51:08+00:00
episode_data,episode-distance_abbrev_qwen25_3b_10runs-07,latest,latest,leyao-li-epfl/scientific-exploration/episode-distance_abbrev_qwen25_3b_10runs-07:latest,2026-05-05T18:51:37+00:00
episode_data,episode-distance_abbrev_qwen25_3b_10runs-08,latest,latest,leyao-li-epfl/scientific-exploration/episode-distance_abbrev_qwen25_3b_10runs-08:latest,2026-05-05T18:51:39+00:00
episode_data,episode-distance_abbrev_qwen25_3b_10runs-09,latest,latest,leyao-li-epfl/scientific-exploration/episode-distance_abbrev_qwen25_3b_10runs-09:latest,2026-05-05T18:51:52+00:00
episode_data,episode-distance_abbrev_qwen25_7b_10runs-00,latest,latest,leyao-li-epfl/scientific-exploration/episode-distance_abbrev_qwen25_7b_10runs-00:latest,2026-05-05T18:53:19+00:00
episode_data,episode-distance_abbrev_qwen25_7b_10runs-01,latest,latest,leyao-li-epfl/scientific-exploration/episode-distance_abbrev_qwen25_7b_10runs-01:latest,2026-05-05T18:53:30+00:00
episode_data,episode-distance_abbrev_qwen25_7b_10runs-02,latest,latest,leyao-li-epfl/scientific-exploration/episode-distance_abbrev_qwen25_7b_10runs-02:latest,2026-05-05T18:53:43+00:00
episode_data,episode-distance_abbrev_qwen25_7b_10runs-03,latest,latest,leyao-li-epfl/scientific-exploration/episode-distance_abbrev_qwen25_7b_10runs-03:latest,2026-05-05T18:53:52+00:00
episode_data,episode-distance_abbrev_qwen25_7b_10runs-04,latest,latest,leyao-li-epfl/scientific-exploration/episode-distance_abbrev_qwen25_7b_10runs-04:latest,2026-05-05T18:54:03+00:00
episode_data,episode-distance_abbrev_qwen25_7b_10runs-05,latest,latest,leyao-li-epfl/scientific-exploration/episode-distance_abbrev_qwen25_7b_10runs-05:latest,2026-05-05T18:54:21+00:00
episode_data,episode-distance_abbrev_qwen25_7b_10runs-06,latest,latest,leyao-li-epfl/scientific-exploration/episode-distance_abbrev_qwen25_7b_10runs-06:latest,2026-05-05T18:54:33+00:00
episode_data,episode-distance_abbrev_qwen25_7b_10runs-07,latest,latest,leyao-li-epfl/scientific-exploration/episode-distance_abbrev_qwen25_7b_10runs-07:latest,2026-05-05T18:54:45+00:00
episode_data,episode-distance_abbrev_qwen25_7b_10runs-08,latest,latest,leyao-li-epfl/scientific-exploration/episode-distance_abbrev_qwen25_7b_10runs-08:latest,2026-05-05T18:54:57+00:00
episode_data,episode-distance_abbrev_qwen25_7b_10runs-09,latest,latest,leyao-li-epfl/scientific-exploration/episode-distance_abbrev_qwen25_7b_10runs-09:latest,2026-05-05T18:55:13+00:00
episode_data,episode-distance_abbrev_qwen35_4b_10runs-00,latest,latest,leyao-li-epfl/scientific-exploration/episode-distance_abbrev_qwen35_4b_10runs-00:latest,2026-05-05T18:56:32+00:00
episode_data,episode-distance_abbrev_qwen35_4b_10runs-01,latest,latest,leyao-li-epfl/scientific-exploration/episode-distance_abbrev_qwen35_4b_10runs-01:latest,2026-05-05T18:56:52+00:00
episode_data,episode-distance_abbrev_qwen35_4b_10runs-02,latest,latest,leyao-li-epfl/scientific-exploration/episode-distance_abbrev_qwen35_4b_10runs-02:latest,2026-05-05T18:57:21+00:00
episode_data,episode-distance_abbrev_qwen35_4b_10runs-03,latest,latest,leyao-li-epfl/scientific-exploration/episode-distance_abbrev_qwen35_4b_10runs-03:latest,2026-05-05T18:57:55+00:00
episode_data,episode-distance_abbrev_qwen35_4b_10runs-04,latest,latest,leyao-li-epfl/scientific-exploration/episode-distance_abbrev_qwen35_4b_10runs-04:latest,2026-05-05T18:58:26+00:00
episode_data,episode-distance_abbrev_qwen35_4b_10runs-05,latest,latest,leyao-li-epfl/scientific-exploration/episode-distance_abbrev_qwen35_4b_10runs-05:latest,2026-05-05T18:58:46+00:00
episode_data,episode-distance_abbrev_qwen35_4b_10runs-06,latest,latest,leyao-li-epfl/scientific-exploration/episode-distance_abbrev_qwen35_4b_10runs-06:latest,2026-05-05T18:59:18+00:00
episode_data,episode-distance_abbrev_qwen35_4b_10runs-07,latest,latest,leyao-li-epfl/scientific-exploration/episode-distance_abbrev_qwen35_4b_10runs-07:latest,2026-05-05T18:59:48+00:00
episode_data,episode-distance_abbrev_qwen35_4b_10runs-08,latest,latest,leyao-li-epfl/scientific-exploration/episode-distance_abbrev_qwen35_4b_10runs-08:latest,2026-05-05T19:00:20+00:00
episode_data,episode-distance_abbrev_qwen35_4b_10runs-09,latest,latest,leyao-li-epfl/scientific-exploration/episode-distance_abbrev_qwen35_4b_10runs-09:latest,2026-05-05T19:00:39+00:00
episode_data,episode-distance_abbrev_qwen35_9b_10runs-00,latest,latest,leyao-li-epfl/scientific-exploration/episode-distance_abbrev_qwen35_9b_10runs-00:latest,2026-05-05T19:02:54+00:00
episode_data,episode-distance_abbrev_qwen35_9b_10runs-01,latest,latest,leyao-li-epfl/scientific-exploration/episode-distance_abbrev_qwen35_9b_10runs-01:latest,2026-05-05T19:03:35+00:00
episode_data,episode-distance_abbrev_qwen35_9b_10runs-02,latest,latest,leyao-li-epfl/scientific-exploration/episode-distance_abbrev_qwen35_9b_10runs-02:latest,2026-05-05T19:04:14+00:00
episode_data,episode-distance_abbrev_qwen35_9b_10runs-03,latest,latest,leyao-li-epfl/scientific-exploration/episode-distance_abbrev_qwen35_9b_10runs-03:latest,2026-05-05T19:04:46+00:00
episode_data,episode-distance_abbrev_qwen35_9b_10runs-04,latest,latest,leyao-li-epfl/scientific-exploration/episode-distance_abbrev_qwen35_9b_10runs-04:latest,2026-05-05T19:05:18+00:00
episode_data,episode-distance_abbrev_qwen35_9b_10runs-05,latest,latest,leyao-li-epfl/scientific-exploration/episode-distance_abbrev_qwen35_9b_10runs-05:latest,2026-05-05T19:06:02+00:00
episode_data,episode-distance_abbrev_qwen35_9b_10runs-06,latest,latest,leyao-li-epfl/scientific-exploration/episode-distance_abbrev_qwen35_9b_10runs-06:latest,2026-05-05T19:06:31+00:00
episode_data,episode-distance_abbrev_qwen35_9b_10runs-07,latest,latest,leyao-li-epfl/scientific-exploration/episode-distance_abbrev_qwen35_9b_10runs-07:latest,2026-05-05T19:07:01+00:00
episode_data,episode-distance_abbrev_qwen35_9b_10runs-08,latest,latest,leyao-li-epfl/scientific-exploration/episode-distance_abbrev_qwen35_9b_10runs-08:latest,2026-05-05T19:08:02+00:00
episode_data,episode-distance_abbrev_qwen35_9b_10runs-09,latest,latest,leyao-li-epfl/scientific-exploration/episode-distance_abbrev_qwen35_9b_10runs-09:latest,2026-05-05T19:08:36+00:00
episode_data,episode-distance_abstract_gemma3_4b_10runs-00,latest,latest,leyao-li-epfl/scientific-exploration/episode-distance_abstract_gemma3_4b_10runs-00:latest,2026-05-05T20:04:09+00:00
episode_data,episode-distance_abstract_gemma3_4b_10runs-01,latest,latest,leyao-li-epfl/scientific-exploration/episode-distance_abstract_gemma3_4b_10runs-01:latest,2026-05-05T20:04:15+00:00
episode_data,episode-distance_abstract_gemma3_4b_10runs-02,latest,latest,leyao-li-epfl/scientific-exploration/episode-distance_abstract_gemma3_4b_10runs-02:latest,2026-05-05T20:04:29+00:00
episode_data,episode-distance_abstract_gemma3_4b_10runs-03,latest,latest,leyao-li-epfl/scientific-exploration/episode-distance_abstract_gemma3_4b_10runs-03:latest,2026-05-05T20:04:38+00:00
episode_data,episode-distance_abstract_gemma3_4b_10runs-04,latest,latest,leyao-li-epfl/scientific-exploration/episode-distance_abstract_gemma3_4b_10runs-04:latest,2026-05-05T20:05:17+00:00
episode_data,episode-distance_abstract_gemma3_4b_10runs-05,latest,latest,leyao-li-epfl/scientific-exploration/episode-distance_abstract_gemma3_4b_10runs-05:latest,2026-05-05T20:05:38+00:00
episode_data,episode-distance_abstract_gemma3_4b_10runs-06,latest,latest,leyao-li-epfl/scientific-exploration/episode-distance_abstract_gemma3_4b_10runs-06:latest,2026-05-05T20:05:54+00:00
episode_data,episode-distance_abstract_gemma3_4b_10runs-07,latest,latest,leyao-li-epfl/scientific-exploration/episode-distance_abstract_gemma3_4b_10runs-07:latest,2026-05-05T20:06:03+00:00
episode_data,episode-distance_abstract_gemma3_4b_10runs-08,latest,latest,leyao-li-epfl/scientific-exploration/episode-distance_abstract_gemma3_4b_10runs-08:latest,2026-05-05T20:06:23+00:00
episode_data,episode-distance_abstract_gemma3_4b_10runs-09,latest,latest,leyao-li-epfl/scientific-exploration/episode-distance_abstract_gemma3_4b_10runs-09:latest,2026-05-05T20:06:39+00:00
episode_data,episode-distance_abstract_llama31_8b_10runs-00,latest,latest,leyao-li-epfl/scientific-exploration/episode-distance_abstract_llama31_8b_10runs-00:latest,2026-05-05T19:52:02+00:00
episode_data,episode-distance_abstract_llama31_8b_10runs-01,latest,latest,leyao-li-epfl/scientific-exploration/episode-distance_abstract_llama31_8b_10runs-01:latest,2026-05-05T19:52:58+00:00
episode_data,episode-distance_abstract_llama31_8b_10runs-02,latest,latest,leyao-li-epfl/scientific-exploration/episode-distance_abstract_llama31_8b_10runs-02:latest,2026-05-05T19:53:57+00:00
episode_data,episode-distance_abstract_llama31_8b_10runs-03,latest,latest,leyao-li-epfl/scientific-exploration/episode-distance_abstract_llama31_8b_10runs-03:latest,2026-05-05T19:54:42+00:00
episode_data,episode-distance_abstract_llama31_8b_10runs-04,latest,latest,leyao-li-epfl/scientific-exploration/episode-distance_abstract_llama31_8b_10runs-04:latest,2026-05-05T19:55:49+00:00
episode_data,episode-distance_abstract_llama31_8b_10runs-05,latest,latest,leyao-li-epfl/scientific-exploration/episode-distance_abstract_llama31_8b_10runs-05:latest,2026-05-05T19:56:41+00:00
episode_data,episode-distance_abstract_llama31_8b_10runs-06,latest,latest,leyao-li-epfl/scientific-exploration/episode-distance_abstract_llama31_8b_10runs-06:latest,2026-05-05T19:57:31+00:00
episode_data,episode-distance_abstract_llama31_8b_10runs-07,latest,latest,leyao-li-epfl/scientific-exploration/episode-distance_abstract_llama31_8b_10runs-07:latest,2026-05-05T19:57:50+00:00
episode_data,episode-distance_abstract_llama31_8b_10runs-08,latest,latest,leyao-li-epfl/scientific-exploration/episode-distance_abstract_llama31_8b_10runs-08:latest,2026-05-05T19:58:33+00:00
episode_data,episode-distance_abstract_llama31_8b_10runs-09,latest,latest,leyao-li-epfl/scientific-exploration/episode-distance_abstract_llama31_8b_10runs-09:latest,2026-05-05T19:58:53+00:00
episode_data,episode-distance_abstract_mistral_7b_10runs-00,latest,latest,leyao-li-epfl/scientific-exploration/episode-distance_abstract_mistral_7b_10runs-00:latest,2026-05-05T20:00:32+00:00
episode_data,episode-distance_abstract_mistral_7b_10runs-01,latest,latest,leyao-li-epfl/scientific-exploration/episode-distance_abstract_mistral_7b_10runs-01:latest,2026-05-05T20:00:46+00:00
episode_data,episode-distance_abstract_mistral_7b_10runs-02,latest,latest,leyao-li-epfl/scientific-exploration/episode-distance_abstract_mistral_7b_10runs-02:latest,2026-05-05T20:01:10+00:00
episode_data,episode-distance_abstract_mistral_7b_10runs-03,latest,latest,leyao-li-epfl/scientific-exploration/episode-distance_abstract_mistral_7b_10runs-03:latest,2026-05-05T20:01:12+00:00
episode_data,episode-distance_abstract_mistral_7b_10runs-04,latest,latest,leyao-li-epfl/scientific-exploration/episode-distance_abstract_mistral_7b_10runs-04:latest,2026-05-05T20:01:20+00:00
episode_data,episode-distance_abstract_mistral_7b_10runs-05,latest,latest,leyao-li-epfl/scientific-exploration/episode-distance_abstract_mistral_7b_10runs-05:latest,2026-05-05T20:01:44+00:00
episode_data,episode-distance_abstract_mistral_7b_10runs-06,latest,latest,leyao-li-epfl/scientific-exploration/episode-distance_abstract_mistral_7b_10runs-06:latest,2026-05-05T20:01:54+00:00
episode_data,episode-distance_abstract_mistral_7b_10runs-07,latest,latest,leyao-li-epfl/scientific-exploration/episode-distance_abstract_mistral_7b_10runs-07:latest,2026-05-05T20:02:19+00:00
episode_data,episode-distance_abstract_mistral_7b_10runs-08,latest,latest,leyao-li-epfl/scientific-exploration/episode-distance_abstract_mistral_7b_10runs-08:latest,2026-05-05T20:02:35+00:00
episode_data,episode-distance_abstract_mistral_7b_10runs-09,latest,latest,leyao-li-epfl/scientific-exploration/episode-distance_abstract_mistral_7b_10runs-09:latest,2026-05-05T20:02:43+00:00
episode_data,episode-distance_abstract_qwen25_3b_10runs-00,latest,latest,leyao-li-epfl/scientific-exploration/episode-distance_abstract_qwen25_3b_10runs-00:latest,2026-05-05T19:30:04+00:00
episode_data,episode-distance_abstract_qwen25_3b_10runs-01,latest,latest,leyao-li-epfl/scientific-exploration/episode-distance_abstract_qwen25_3b_10runs-01:latest,2026-05-05T19:30:19+00:00
episode_data,episode-distance_abstract_qwen25_3b_10runs-02,latest,latest,leyao-li-epfl/scientific-exploration/episode-distance_abstract_qwen25_3b_10runs-02:latest,2026-05-05T19:30:33+00:00
episode_data,episode-distance_abstract_qwen25_3b_10runs-03,latest,latest,leyao-li-epfl/scientific-exploration/episode-distance_abstract_qwen25_3b_10runs-03:latest,2026-05-05T19:30:46+00:00
episode_data,episode-distance_abstract_qwen25_3b_10runs-04,latest,latest,leyao-li-epfl/scientific-exploration/episode-distance_abstract_qwen25_3b_10runs-04:latest,2026-05-05T19:31:01+00:00
episode_data,episode-distance_abstract_qwen25_3b_10runs-05,latest,latest,leyao-li-epfl/scientific-exploration/episode-distance_abstract_qwen25_3b_10runs-05:latest,2026-05-05T19:31:15+00:00
episode_data,episode-distance_abstract_qwen25_3b_10runs-06,latest,latest,leyao-li-epfl/scientific-exploration/episode-distance_abstract_qwen25_3b_10runs-06:latest,2026-05-05T19:31:28+00:00
episode_data,episode-distance_abstract_qwen25_3b_10runs-07,latest,latest,leyao-li-epfl/scientific-exploration/episode-distance_abstract_qwen25_3b_10runs-07:latest,2026-05-05T19:31:42+00:00
episode_data,episode-distance_abstract_qwen25_3b_10runs-08,latest,latest,leyao-li-epfl/scientific-exploration/episode-distance_abstract_qwen25_3b_10runs-08:latest,2026-05-05T19:31:45+00:00
episode_data,episode-distance_abstract_qwen25_3b_10runs-09,latest,latest,leyao-li-epfl/scientific-exploration/episode-distance_abstract_qwen25_3b_10runs-09:latest,2026-05-05T19:31:47+00:00
episode_data,episode-distance_abstract_qwen25_7b_10runs-00,latest,latest,leyao-li-epfl/scientific-exploration/episode-distance_abstract_qwen25_7b_10runs-00:latest,2026-05-05T19:33:17+00:00
episode_data,episode-distance_abstract_qwen25_7b_10runs-01,latest,latest,leyao-li-epfl/scientific-exploration/episode-distance_abstract_qwen25_7b_10runs-01:latest,2026-05-05T19:33:35+00:00
episode_data,episode-distance_abstract_qwen25_7b_10runs-02,latest,latest,leyao-li-epfl/scientific-exploration/episode-distance_abstract_qwen25_7b_10runs-02:latest,2026-05-05T19:33:42+00:00
episode_data,episode-distance_abstract_qwen25_7b_10runs-03,latest,latest,leyao-li-epfl/scientific-exploration/episode-distance_abstract_qwen25_7b_10runs-03:latest,2026-05-05T19:33:50+00:00
episode_data,episode-distance_abstract_qwen25_7b_10runs-04,latest,latest,leyao-li-epfl/scientific-exploration/episode-distance_abstract_qwen25_7b_10runs-04:latest,2026-05-05T19:33:56+00:00
episode_data,episode-distance_abstract_qwen25_7b_10runs-05,latest,latest,leyao-li-epfl/scientific-exploration/episode-distance_abstract_qwen25_7b_10runs-05:latest,2026-05-05T19:34:02+00:00
episode_data,episode-distance_abstract_qwen25_7b_10runs-06,latest,latest,leyao-li-epfl/scientific-exploration/episode-distance_abstract_qwen25_7b_10runs-06:latest,2026-05-05T19:34:15+00:00
episode_data,episode-distance_abstract_qwen25_7b_10runs-07,latest,latest,leyao-li-epfl/scientific-exploration/episode-distance_abstract_qwen25_7b_10runs-07:latest,2026-05-05T19:34:23+00:00
episode_data,episode-distance_abstract_qwen25_7b_10runs-08,latest,latest,leyao-li-epfl/scientific-exploration/episode-distance_abstract_qwen25_7b_10runs-08:latest,2026-05-05T19:34:34+00:00
episode_data,episode-distance_abstract_qwen25_7b_10runs-09,latest,latest,leyao-li-epfl/scientific-exploration/episode-distance_abstract_qwen25_7b_10runs-09:latest,2026-05-05T19:34:44+00:00
episode_data,episode-distance_abstract_qwen35_4b_10runs-00,latest,latest,leyao-li-epfl/scientific-exploration/episode-distance_abstract_qwen35_4b_10runs-00:latest,2026-05-05T19:36:10+00:00
episode_data,episode-distance_abstract_qwen35_4b_10runs-01,latest,latest,leyao-li-epfl/scientific-exploration/episode-distance_abstract_qwen35_4b_10runs-01:latest,2026-05-05T19:36:31+00:00
episode_data,episode-distance_abstract_qwen35_4b_10runs-02,latest,latest,leyao-li-epfl/scientific-exploration/episode-distance_abstract_qwen35_4b_10runs-02:latest,2026-05-05T19:37:11+00:00
episode_data,episode-distance_abstract_qwen35_4b_10runs-03,latest,latest,leyao-li-epfl/scientific-exploration/episode-distance_abstract_qwen35_4b_10runs-03:latest,2026-05-05T19:37:45+00:00
episode_data,episode-distance_abstract_qwen35_4b_10runs-04,latest,latest,leyao-li-epfl/scientific-exploration/episode-distance_abstract_qwen35_4b_10runs-04:latest,2026-05-05T19:38:15+00:00
episode_data,episode-distance_abstract_qwen35_4b_10runs-05,latest,latest,leyao-li-epfl/scientific-exploration/episode-distance_abstract_qwen35_4b_10runs-05:latest,2026-05-05T19:38:34+00:00
episode_data,episode-distance_abstract_qwen35_4b_10runs-06,latest,latest,leyao-li-epfl/scientific-exploration/episode-distance_abstract_qwen35_4b_10runs-06:latest,2026-05-05T19:39:06+00:00
episode_data,episode-distance_abstract_qwen35_4b_10runs-07,latest,latest,leyao-li-epfl/scientific-exploration/episode-distance_abstract_qwen35_4b_10runs-07:latest,2026-05-05T19:39:40+00:00
episode_data,episode-distance_abstract_qwen35_4b_10runs-08,latest,latest,leyao-li-epfl/scientific-exploration/episode-distance_abstract_qwen35_4b_10runs-08:latest,2026-05-05T19:40:25+00:00
episode_data,episode-distance_abstract_qwen35_4b_10runs-09,latest,latest,leyao-li-epfl/scientific-exploration/episode-distance_abstract_qwen35_4b_10runs-09:latest,2026-05-05T19:40:55+00:00
episode_data,episode-distance_abstract_qwen35_9b_10runs-00,latest,latest,leyao-li-epfl/scientific-exploration/episode-distance_abstract_qwen35_9b_10runs-00:latest,2026-05-05T19:43:25+00:00
episode_data,episode-distance_abstract_qwen35_9b_10runs-01,latest,latest,leyao-li-epfl/scientific-exploration/episode-distance_abstract_qwen35_9b_10runs-01:latest,2026-05-05T19:44:08+00:00
episode_data,episode-distance_abstract_qwen35_9b_10runs-02,latest,latest,leyao-li-epfl/scientific-exploration/episode-distance_abstract_qwen35_9b_10runs-02:latest,2026-05-05T19:45:07+00:00
episode_data,episode-distance_abstract_qwen35_9b_10runs-03,latest,latest,leyao-li-epfl/scientific-exploration/episode-distance_abstract_qwen35_9b_10runs-03:latest,2026-05-05T19:45:38+00:00
episode_data,episode-distance_abstract_qwen35_9b_10runs-04,latest,latest,leyao-li-epfl/scientific-exploration/episode-distance_abstract_qwen35_9b_10runs-04:latest,2026-05-05T19:46:27+00:00
episode_data,episode-distance_abstract_qwen35_9b_10runs-05,latest,latest,leyao-li-epfl/scientific-exploration/episode-distance_abstract_qwen35_9b_10runs-05:latest,2026-05-05T19:47:12+00:00
episode_data,episode-distance_abstract_qwen35_9b_10runs-06,latest,latest,leyao-li-epfl/scientific-exploration/episode-distance_abstract_qwen35_9b_10runs-06:latest,2026-05-05T19:47:54+00:00
episode_data,episode-distance_abstract_qwen35_9b_10runs-07,latest,latest,leyao-li-epfl/scientific-exploration/episode-distance_abstract_qwen35_9b_10runs-07:latest,2026-05-05T19:48:35+00:00
episode_data,episode-distance_abstract_qwen35_9b_10runs-08,latest,latest,leyao-li-epfl/scientific-exploration/episode-distance_abstract_qwen35_9b_10runs-08:latest,2026-05-05T19:49:23+00:00
episode_data,episode-distance_abstract_qwen35_9b_10runs-09,latest,latest,leyao-li-epfl/scientific-exploration/episode-distance_abstract_qwen35_9b_10runs-09:latest,2026-05-05T19:50:23+00:00
episode_data,episode-distance_concrete_gemma3_4b_10runs-00,latest,latest,leyao-li-epfl/scientific-exploration/episode-distance_concrete_gemma3_4b_10runs-00:latest,2026-05-05T18:46:43+00:00
episode_data,episode-distance_concrete_gemma3_4b_10runs-01,latest,latest,leyao-li-epfl/scientific-exploration/episode-distance_concrete_gemma3_4b_10runs-01:latest,2026-05-05T18:46:58+00:00
episode_data,episode-distance_concrete_gemma3_4b_10runs-02,latest,latest,leyao-li-epfl/scientific-exploration/episode-distance_concrete_gemma3_4b_10runs-02:latest,2026-05-05T18:47:09+00:00
episode_data,episode-distance_concrete_gemma3_4b_10runs-03,latest,latest,leyao-li-epfl/scientific-exploration/episode-distance_concrete_gemma3_4b_10runs-03:latest,2026-05-05T18:47:21+00:00
episode_data,episode-distance_concrete_gemma3_4b_10runs-04,latest,latest,leyao-li-epfl/scientific-exploration/episode-distance_concrete_gemma3_4b_10runs-04:latest,2026-05-05T18:48:08+00:00
episode_data,episode-distance_concrete_gemma3_4b_10runs-05,latest,latest,leyao-li-epfl/scientific-exploration/episode-distance_concrete_gemma3_4b_10runs-05:latest,2026-05-05T18:48:12+00:00
episode_data,episode-distance_concrete_gemma3_4b_10runs-06,latest,latest,leyao-li-epfl/scientific-exploration/episode-distance_concrete_gemma3_4b_10runs-06:latest,2026-05-05T18:48:33+00:00
episode_data,episode-distance_concrete_gemma3_4b_10runs-07,latest,latest,leyao-li-epfl/scientific-exploration/episode-distance_concrete_gemma3_4b_10runs-07:latest,2026-05-05T18:48:46+00:00
episode_data,episode-distance_concrete_gemma3_4b_10runs-08,latest,latest,leyao-li-epfl/scientific-exploration/episode-distance_concrete_gemma3_4b_10runs-08:latest,2026-05-05T18:48:59+00:00
episode_data,episode-distance_concrete_gemma3_4b_10runs-09,latest,latest,leyao-li-epfl/scientific-exploration/episode-distance_concrete_gemma3_4b_10runs-09:latest,2026-05-05T18:49:12+00:00
episode_data,episode-distance_concrete_llama31_8b_10runs-00,latest,latest,leyao-li-epfl/scientific-exploration/episode-distance_concrete_llama31_8b_10runs-00:latest,2026-05-05T18:36:55+00:00
episode_data,episode-distance_concrete_llama31_8b_10runs-01,latest,latest,leyao-li-epfl/scientific-exploration/episode-distance_concrete_llama31_8b_10runs-01:latest,2026-05-05T18:37:20+00:00
episode_data,episode-distance_concrete_llama31_8b_10runs-02,latest,latest,leyao-li-epfl/scientific-exploration/episode-distance_concrete_llama31_8b_10runs-02:latest,2026-05-05T18:37:40+00:00
episode_data,episode-distance_concrete_llama31_8b_10runs-03,latest,latest,leyao-li-epfl/scientific-exploration/episode-distance_concrete_llama31_8b_10runs-03:latest,2026-05-05T18:38:12+00:00
episode_data,episode-distance_concrete_llama31_8b_10runs-04,latest,latest,leyao-li-epfl/scientific-exploration/episode-distance_concrete_llama31_8b_10runs-04:latest,2026-05-05T18:38:44+00:00
episode_data,episode-distance_concrete_llama31_8b_10runs-05,latest,latest,leyao-li-epfl/scientific-exploration/episode-distance_concrete_llama31_8b_10runs-05:latest,2026-05-05T18:39:05+00:00
episode_data,episode-distance_concrete_llama31_8b_10runs-06,latest,latest,leyao-li-epfl/scientific-exploration/episode-distance_concrete_llama31_8b_10runs-06:latest,2026-05-05T18:39:35+00:00
episode_data,episode-distance_concrete_llama31_8b_10runs-07,latest,latest,leyao-li-epfl/scientific-exploration/episode-distance_concrete_llama31_8b_10runs-07:latest,2026-05-05T18:40:42+00:00
episode_data,episode-distance_concrete_llama31_8b_10runs-08,latest,latest,leyao-li-epfl/scientific-exploration/episode-distance_concrete_llama31_8b_10runs-08:latest,2026-05-05T18:41:05+00:00
episode_data,episode-distance_concrete_llama31_8b_10runs-09,latest,latest,leyao-li-epfl/scientific-exploration/episode-distance_concrete_llama31_8b_10runs-09:latest,2026-05-05T18:41:25+00:00
episode_data,episode-distance_concrete_mistral_7b_10runs-00,latest,latest,leyao-li-epfl/scientific-exploration/episode-distance_concrete_mistral_7b_10runs-00:latest,2026-05-05T18:42:50+00:00
episode_data,episode-distance_concrete_mistral_7b_10runs-01,latest,latest,leyao-li-epfl/scientific-exploration/episode-distance_concrete_mistral_7b_10runs-01:latest,2026-05-05T18:43:01+00:00
episode_data,episode-distance_concrete_mistral_7b_10runs-02,latest,latest,leyao-li-epfl/scientific-exploration/episode-distance_concrete_mistral_7b_10runs-02:latest,2026-05-05T18:43:18+00:00
episode_data,episode-distance_concrete_mistral_7b_10runs-03,latest,latest,leyao-li-epfl/scientific-exploration/episode-distance_concrete_mistral_7b_10runs-03:latest,2026-05-05T18:43:31+00:00
episode_data,episode-distance_concrete_mistral_7b_10runs-04,latest,latest,leyao-li-epfl/scientific-exploration/episode-distance_concrete_mistral_7b_10runs-04:latest,2026-05-05T18:43:43+00:00
episode_data,episode-distance_concrete_mistral_7b_10runs-05,latest,latest,leyao-li-epfl/scientific-exploration/episode-distance_concrete_mistral_7b_10runs-05:latest,2026-05-05T18:44:00+00:00
episode_data,episode-distance_concrete_mistral_7b_10runs-06,latest,latest,leyao-li-epfl/scientific-exploration/episode-distance_concrete_mistral_7b_10runs-06:latest,2026-05-05T18:44:11+00:00
episode_data,episode-distance_concrete_mistral_7b_10runs-07,latest,latest,leyao-li-epfl/scientific-exploration/episode-distance_concrete_mistral_7b_10runs-07:latest,2026-05-05T18:44:40+00:00
episode_data,episode-distance_concrete_mistral_7b_10runs-08,latest,latest,leyao-li-epfl/scientific-exploration/episode-distance_concrete_mistral_7b_10runs-08:latest,2026-05-05T18:45:03+00:00
episode_data,episode-distance_concrete_mistral_7b_10runs-09,latest,latest,leyao-li-epfl/scientific-exploration/episode-distance_concrete_mistral_7b_10runs-09:latest,2026-05-05T18:45:11+00:00
episode_data,episode-distance_concrete_qwen25_3b_10runs-00,latest,latest,leyao-li-epfl/scientific-exploration/episode-distance_concrete_qwen25_3b_10runs-00:latest,2026-05-05T18:15:13+00:00
episode_data,episode-distance_concrete_qwen25_3b_10runs-01,latest,latest,leyao-li-epfl/scientific-exploration/episode-distance_concrete_qwen25_3b_10runs-01:latest,2026-05-05T18:15:18+00:00
episode_data,episode-distance_concrete_qwen25_3b_10runs-02,latest,latest,leyao-li-epfl/scientific-exploration/episode-distance_concrete_qwen25_3b_10runs-02:latest,2026-05-05T18:15:26+00:00
episode_data,episode-distance_concrete_qwen25_3b_10runs-03,latest,latest,leyao-li-epfl/scientific-exploration/episode-distance_concrete_qwen25_3b_10runs-03:latest,2026-05-05T18:15:45+00:00
episode_data,episode-distance_concrete_qwen25_3b_10runs-04,latest,latest,leyao-li-epfl/scientific-exploration/episode-distance_concrete_qwen25_3b_10runs-04:latest,2026-05-05T18:15:57+00:00
episode_data,episode-distance_concrete_qwen25_3b_10runs-05,latest,latest,leyao-li-epfl/scientific-exploration/episode-distance_concrete_qwen25_3b_10runs-05:latest,2026-05-05T18:16:14+00:00
episode_data,episode-distance_concrete_qwen25_3b_10runs-06,latest,latest,leyao-li-epfl/scientific-exploration/episode-distance_concrete_qwen25_3b_10runs-06:latest,2026-05-05T18:16:27+00:00
episode_data,episode-distance_concrete_qwen25_3b_10runs-07,latest,latest,leyao-li-epfl/scientific-exploration/episode-distance_concrete_qwen25_3b_10runs-07:latest,2026-05-05T18:16:38+00:00
episode_data,episode-distance_concrete_qwen25_3b_10runs-08,latest,latest,leyao-li-epfl/scientific-exploration/episode-distance_concrete_qwen25_3b_10runs-08:latest,2026-05-05T18:16:47+00:00
episode_data,episode-distance_concrete_qwen25_3b_10runs-09,latest,latest,leyao-li-epfl/scientific-exploration/episode-distance_concrete_qwen25_3b_10runs-09:latest,2026-05-05T18:17:00+00:00
episode_data,episode-distance_concrete_qwen25_7b_10runs-00,latest,latest,leyao-li-epfl/scientific-exploration/episode-distance_concrete_qwen25_7b_10runs-00:latest,2026-05-05T18:19:17+00:00
episode_data,episode-distance_concrete_qwen25_7b_10runs-01,latest,latest,leyao-li-epfl/scientific-exploration/episode-distance_concrete_qwen25_7b_10runs-01:latest,2026-05-05T18:19:28+00:00
episode_data,episode-distance_concrete_qwen25_7b_10runs-02,latest,latest,leyao-li-epfl/scientific-exploration/episode-distance_concrete_qwen25_7b_10runs-02:latest,2026-05-05T18:19:35+00:00
episode_data,episode-distance_concrete_qwen25_7b_10runs-03,latest,latest,leyao-li-epfl/scientific-exploration/episode-distance_concrete_qwen25_7b_10runs-03:latest,2026-05-05T18:19:44+00:00
episode_data,episode-distance_concrete_qwen25_7b_10runs-04,latest,latest,leyao-li-epfl/scientific-exploration/episode-distance_concrete_qwen25_7b_10runs-04:latest,2026-05-05T18:19:54+00:00
episode_data,episode-distance_concrete_qwen25_7b_10runs-05,latest,latest,leyao-li-epfl/scientific-exploration/episode-distance_concrete_qwen25_7b_10runs-05:latest,2026-05-05T18:19:58+00:00
episode_data,episode-distance_concrete_qwen25_7b_10runs-06,latest,latest,leyao-li-epfl/scientific-exploration/episode-distance_concrete_qwen25_7b_10runs-06:latest,2026-05-05T18:20:02+00:00
episode_data,episode-distance_concrete_qwen25_7b_10runs-07,latest,latest,leyao-li-epfl/scientific-exploration/episode-distance_concrete_qwen25_7b_10runs-07:latest,2026-05-05T18:20:07+00:00
episode_data,episode-distance_concrete_qwen25_7b_10runs-08,latest,latest,leyao-li-epfl/scientific-exploration/episode-distance_concrete_qwen25_7b_10runs-08:latest,2026-05-05T18:20:11+00:00
episode_data,episode-distance_concrete_qwen25_7b_10runs-09,latest,latest,leyao-li-epfl/scientific-exploration/episode-distance_concrete_qwen25_7b_10runs-09:latest,2026-05-05T18:20:19+00:00
episode_data,episode-distance_concrete_qwen35_4b_10runs-00,latest,latest,leyao-li-epfl/scientific-exploration/episode-distance_concrete_qwen35_4b_10runs-00:latest,2026-05-05T18:22:07+00:00
episode_data,episode-distance_concrete_qwen35_4b_10runs-01,latest,latest,leyao-li-epfl/scientific-exploration/episode-distance_concrete_qwen35_4b_10runs-01:latest,2026-05-05T18:22:30+00:00
episode_data,episode-distance_concrete_qwen35_4b_10runs-02,latest,latest,leyao-li-epfl/scientific-exploration/episode-distance_concrete_qwen35_4b_10runs-02:latest,2026-05-05T18:23:06+00:00
episode_data,episode-distance_concrete_qwen35_4b_10runs-03,latest,latest,leyao-li-epfl/scientific-exploration/episode-distance_concrete_qwen35_4b_10runs-03:latest,2026-05-05T18:23:37+00:00
episode_data,episode-distance_concrete_qwen35_4b_10runs-04,latest,latest,leyao-li-epfl/scientific-exploration/episode-distance_concrete_qwen35_4b_10runs-04:latest,2026-05-05T18:24:00+00:00
episode_data,episode-distance_concrete_qwen35_4b_10runs-05,latest,latest,leyao-li-epfl/scientific-exploration/episode-distance_concrete_qwen35_4b_10runs-05:latest,2026-05-05T18:24:42+00:00
episode_data,episode-distance_concrete_qwen35_4b_10runs-06,latest,latest,leyao-li-epfl/scientific-exploration/episode-distance_concrete_qwen35_4b_10runs-06:latest,2026-05-05T18:25:02+00:00
episode_data,episode-distance_concrete_qwen35_4b_10runs-07,latest,latest,leyao-li-epfl/scientific-exploration/episode-distance_concrete_qwen35_4b_10runs-07:latest,2026-05-05T18:25:36+00:00
episode_data,episode-distance_concrete_qwen35_4b_10runs-08,latest,latest,leyao-li-epfl/scientific-exploration/episode-distance_concrete_qwen35_4b_10runs-08:latest,2026-05-05T18:26:21+00:00
episode_data,episode-distance_concrete_qwen35_4b_10runs-09,latest,latest,leyao-li-epfl/scientific-exploration/episode-distance_concrete_qwen35_4b_10runs-09:latest,2026-05-05T18:27:05+00:00
episode_data,episode-distance_concrete_qwen35_9b_10runs-00,latest,latest,leyao-li-epfl/scientific-exploration/episode-distance_concrete_qwen35_9b_10runs-00:latest,2026-05-05T18:29:21+00:00
episode_data,episode-distance_concrete_qwen35_9b_10runs-01,latest,latest,leyao-li-epfl/scientific-exploration/episode-distance_concrete_qwen35_9b_10runs-01:latest,2026-05-05T18:30:03+00:00
episode_data,episode-distance_concrete_qwen35_9b_10runs-02,latest,latest,leyao-li-epfl/scientific-exploration/episode-distance_concrete_qwen35_9b_10runs-02:latest,2026-05-05T18:30:52+00:00
episode_data,episode-distance_concrete_qwen35_9b_10runs-03,latest,latest,leyao-li-epfl/scientific-exploration/episode-distance_concrete_qwen35_9b_10runs-03:latest,2026-05-05T18:31:43+00:00
episode_data,episode-distance_concrete_qwen35_9b_10runs-04,latest,latest,leyao-li-epfl/scientific-exploration/episode-distance_concrete_qwen35_9b_10runs-04:latest,2026-05-05T18:32:27+00:00
episode_data,episode-distance_concrete_qwen35_9b_10runs-05,latest,latest,leyao-li-epfl/scientific-exploration/episode-distance_concrete_qwen35_9b_10runs-05:latest,2026-05-05T18:32:59+00:00
episode_data,episode-distance_concrete_qwen35_9b_10runs-06,latest,latest,leyao-li-epfl/scientific-exploration/episode-distance_concrete_qwen35_9b_10runs-06:latest,2026-05-05T18:33:41+00:00
episode_data,episode-distance_concrete_qwen35_9b_10runs-07,latest,latest,leyao-li-epfl/scientific-exploration/episode-distance_concrete_qwen35_9b_10runs-07:latest,2026-05-05T18:34:04+00:00
episode_data,episode-distance_concrete_qwen35_9b_10runs-08,latest,latest,leyao-li-epfl/scientific-exploration/episode-distance_concrete_qwen35_9b_10runs-08:latest,2026-05-05T18:34:34+00:00
episode_data,episode-distance_concrete_qwen35_9b_10runs-09,latest,latest,leyao-li-epfl/scientific-exploration/episode-distance_concrete_qwen35_9b_10runs-09:latest,2026-05-05T18:35:08+00:00
episode_data,episode-kinematics_abbrev_gemma3_4b_10runs-00,latest,latest,leyao-li-epfl/scientific-exploration/episode-kinematics_abbrev_gemma3_4b_10runs-00:latest,2026-05-05T13:54:53+00:00
episode_data,episode-kinematics_abbrev_gemma3_4b_10runs-01,latest,latest,leyao-li-epfl/scientific-exploration/episode-kinematics_abbrev_gemma3_4b_10runs-01:latest,2026-05-05T13:55:02+00:00
episode_data,episode-kinematics_abbrev_gemma3_4b_10runs-02,latest,latest,leyao-li-epfl/scientific-exploration/episode-kinematics_abbrev_gemma3_4b_10runs-02:latest,2026-05-05T13:55:15+00:00
episode_data,episode-kinematics_abbrev_gemma3_4b_10runs-03,latest,latest,leyao-li-epfl/scientific-exploration/episode-kinematics_abbrev_gemma3_4b_10runs-03:latest,2026-05-05T13:55:25+00:00
episode_data,episode-kinematics_abbrev_gemma3_4b_10runs-04,latest,latest,leyao-li-epfl/scientific-exploration/episode-kinematics_abbrev_gemma3_4b_10runs-04:latest,2026-05-05T13:55:38+00:00
episode_data,episode-kinematics_abbrev_gemma3_4b_10runs-05,latest,latest,leyao-li-epfl/scientific-exploration/episode-kinematics_abbrev_gemma3_4b_10runs-05:latest,2026-05-05T13:55:45+00:00
episode_data,episode-kinematics_abbrev_gemma3_4b_10runs-06,latest,latest,leyao-li-epfl/scientific-exploration/episode-kinematics_abbrev_gemma3_4b_10runs-06:latest,2026-05-05T13:55:54+00:00
episode_data,episode-kinematics_abbrev_gemma3_4b_10runs-07,latest,latest,leyao-li-epfl/scientific-exploration/episode-kinematics_abbrev_gemma3_4b_10runs-07:latest,2026-05-05T13:56:06+00:00
episode_data,episode-kinematics_abbrev_gemma3_4b_10runs-08,latest,latest,leyao-li-epfl/scientific-exploration/episode-kinematics_abbrev_gemma3_4b_10runs-08:latest,2026-05-05T13:56:18+00:00
episode_data,episode-kinematics_abbrev_gemma3_4b_10runs-09,latest,latest,leyao-li-epfl/scientific-exploration/episode-kinematics_abbrev_gemma3_4b_10runs-09:latest,2026-05-05T13:56:32+00:00
episode_data,episode-kinematics_abbrev_llama31_8b_10runs-00,latest,latest,leyao-li-epfl/scientific-exploration/episode-kinematics_abbrev_llama31_8b_10runs-00:latest,2026-05-05T13:44:13+00:00
episode_data,episode-kinematics_abbrev_llama31_8b_10runs-01,latest,latest,leyao-li-epfl/scientific-exploration/episode-kinematics_abbrev_llama31_8b_10runs-01:latest,2026-05-05T13:44:46+00:00
episode_data,episode-kinematics_abbrev_llama31_8b_10runs-02,latest,latest,leyao-li-epfl/scientific-exploration/episode-kinematics_abbrev_llama31_8b_10runs-02:latest,2026-05-05T13:45:24+00:00
episode_data,episode-kinematics_abbrev_llama31_8b_10runs-03,latest,latest,leyao-li-epfl/scientific-exploration/episode-kinematics_abbrev_llama31_8b_10runs-03:latest,2026-05-05T13:45:39+00:00
episode_data,episode-kinematics_abbrev_llama31_8b_10runs-04,latest,latest,leyao-li-epfl/scientific-exploration/episode-kinematics_abbrev_llama31_8b_10runs-04:latest,2026-05-05T13:45:59+00:00
episode_data,episode-kinematics_abbrev_llama31_8b_10runs-05,latest,latest,leyao-li-epfl/scientific-exploration/episode-kinematics_abbrev_llama31_8b_10runs-05:latest,2026-05-05T13:46:34+00:00
episode_data,episode-kinematics_abbrev_llama31_8b_10runs-06,latest,latest,leyao-li-epfl/scientific-exploration/episode-kinematics_abbrev_llama31_8b_10runs-06:latest,2026-05-05T13:47:04+00:00
episode_data,episode-kinematics_abbrev_llama31_8b_10runs-07,latest,latest,leyao-li-epfl/scientific-exploration/episode-kinematics_abbrev_llama31_8b_10runs-07:latest,2026-05-05T13:47:32+00:00
episode_data,episode-kinematics_abbrev_llama31_8b_10runs-08,latest,latest,leyao-li-epfl/scientific-exploration/episode-kinematics_abbrev_llama31_8b_10runs-08:latest,2026-05-05T13:48:05+00:00
episode_data,episode-kinematics_abbrev_llama31_8b_10runs-09,latest,latest,leyao-li-epfl/scientific-exploration/episode-kinematics_abbrev_llama31_8b_10runs-09:latest,2026-05-05T13:48:19+00:00
episode_data,episode-kinematics_abbrev_mistral_7b_10runs-00,latest,latest,leyao-li-epfl/scientific-exploration/episode-kinematics_abbrev_mistral_7b_10runs-00:latest,2026-05-05T13:49:45+00:00
episode_data,episode-kinematics_abbrev_mistral_7b_10runs-01,latest,latest,leyao-li-epfl/scientific-exploration/episode-kinematics_abbrev_mistral_7b_10runs-01:latest,2026-05-05T13:49:59+00:00
episode_data,episode-kinematics_abbrev_mistral_7b_10runs-02,latest,latest,leyao-li-epfl/scientific-exploration/episode-kinematics_abbrev_mistral_7b_10runs-02:latest,2026-05-05T13:50:06+00:00
episode_data,episode-kinematics_abbrev_mistral_7b_10runs-03,latest,latest,leyao-li-epfl/scientific-exploration/episode-kinematics_abbrev_mistral_7b_10runs-03:latest,2026-05-05T13:50:21+00:00
episode_data,episode-kinematics_abbrev_mistral_7b_10runs-04,latest,latest,leyao-li-epfl/scientific-exploration/episode-kinematics_abbrev_mistral_7b_10runs-04:latest,2026-05-05T13:50:31+00:00
episode_data,episode-kinematics_abbrev_mistral_7b_10runs-05,latest,latest,leyao-li-epfl/scientific-exploration/episode-kinematics_abbrev_mistral_7b_10runs-05:latest,2026-05-05T13:50:57+00:00
episode_data,episode-kinematics_abbrev_mistral_7b_10runs-06,latest,latest,leyao-li-epfl/scientific-exploration/episode-kinematics_abbrev_mistral_7b_10runs-06:latest,2026-05-05T13:51:14+00:00
episode_data,episode-kinematics_abbrev_mistral_7b_10runs-07,latest,latest,leyao-li-epfl/scientific-exploration/episode-kinematics_abbrev_mistral_7b_10runs-07:latest,2026-05-05T13:52:27+00:00
episode_data,episode-kinematics_abbrev_mistral_7b_10runs-08,latest,latest,leyao-li-epfl/scientific-exploration/episode-kinematics_abbrev_mistral_7b_10runs-08:latest,2026-05-05T13:52:44+00:00
episode_data,episode-kinematics_abbrev_mistral_7b_10runs-09,latest,latest,leyao-li-epfl/scientific-exploration/episode-kinematics_abbrev_mistral_7b_10runs-09:latest,2026-05-05T13:53:38+00:00
episode_data,episode-kinematics_abbrev_qwen25_3b_10runs-00,latest,latest,leyao-li-epfl/scientific-exploration/episode-kinematics_abbrev_qwen25_3b_10runs-00:latest,2026-05-05T13:22:26+00:00
episode_data,episode-kinematics_abbrev_qwen25_3b_10runs-01,latest,latest,leyao-li-epfl/scientific-exploration/episode-kinematics_abbrev_qwen25_3b_10runs-01:latest,2026-05-05T13:22:38+00:00
episode_data,episode-kinematics_abbrev_qwen25_3b_10runs-02,latest,latest,leyao-li-epfl/scientific-exploration/episode-kinematics_abbrev_qwen25_3b_10runs-02:latest,2026-05-05T13:22:49+00:00
episode_data,episode-kinematics_abbrev_qwen25_3b_10runs-03,latest,latest,leyao-li-epfl/scientific-exploration/episode-kinematics_abbrev_qwen25_3b_10runs-03:latest,2026-05-05T13:22:53+00:00
episode_data,episode-kinematics_abbrev_qwen25_3b_10runs-04,latest,latest,leyao-li-epfl/scientific-exploration/episode-kinematics_abbrev_qwen25_3b_10runs-04:latest,2026-05-05T13:23:07+00:00
episode_data,episode-kinematics_abbrev_qwen25_3b_10runs-05,latest,latest,leyao-li-epfl/scientific-exploration/episode-kinematics_abbrev_qwen25_3b_10runs-05:latest,2026-05-05T13:23:21+00:00
episode_data,episode-kinematics_abbrev_qwen25_3b_10runs-06,latest,latest,leyao-li-epfl/scientific-exploration/episode-kinematics_abbrev_qwen25_3b_10runs-06:latest,2026-05-05T13:23:33+00:00
episode_data,episode-kinematics_abbrev_qwen25_3b_10runs-07,latest,latest,leyao-li-epfl/scientific-exploration/episode-kinematics_abbrev_qwen25_3b_10runs-07:latest,2026-05-05T13:23:42+00:00
episode_data,episode-kinematics_abbrev_qwen25_3b_10runs-08,latest,latest,leyao-li-epfl/scientific-exploration/episode-kinematics_abbrev_qwen25_3b_10runs-08:latest,2026-05-05T13:23:45+00:00
episode_data,episode-kinematics_abbrev_qwen25_3b_10runs-09,latest,latest,leyao-li-epfl/scientific-exploration/episode-kinematics_abbrev_qwen25_3b_10runs-09:latest,2026-05-05T13:24:01+00:00
episode_data,episode-kinematics_abbrev_qwen25_7b_10runs-00,latest,latest,leyao-li-epfl/scientific-exploration/episode-kinematics_abbrev_qwen25_7b_10runs-00:latest,2026-05-05T13:25:33+00:00
episode_data,episode-kinematics_abbrev_qwen25_7b_10runs-01,latest,latest,leyao-li-epfl/scientific-exploration/episode-kinematics_abbrev_qwen25_7b_10runs-01:latest,2026-05-05T13:25:41+00:00
episode_data,episode-kinematics_abbrev_qwen25_7b_10runs-02,latest,latest,leyao-li-epfl/scientific-exploration/episode-kinematics_abbrev_qwen25_7b_10runs-02:latest,2026-05-05T13:25:44+00:00
episode_data,episode-kinematics_abbrev_qwen25_7b_10runs-03,latest,latest,leyao-li-epfl/scientific-exploration/episode-kinematics_abbrev_qwen25_7b_10runs-03:latest,2026-05-05T13:25:51+00:00
episode_data,episode-kinematics_abbrev_qwen25_7b_10runs-04,latest,latest,leyao-li-epfl/scientific-exploration/episode-kinematics_abbrev_qwen25_7b_10runs-04:latest,2026-05-05T13:25:57+00:00
episode_data,episode-kinematics_abbrev_qwen25_7b_10runs-05,latest,latest,leyao-li-epfl/scientific-exploration/episode-kinematics_abbrev_qwen25_7b_10runs-05:latest,2026-05-05T13:26:02+00:00
episode_data,episode-kinematics_abbrev_qwen25_7b_10runs-06,latest,latest,leyao-li-epfl/scientific-exploration/episode-kinematics_abbrev_qwen25_7b_10runs-06:latest,2026-05-05T13:26:12+00:00
episode_data,episode-kinematics_abbrev_qwen25_7b_10runs-07,latest,latest,leyao-li-epfl/scientific-exploration/episode-kinematics_abbrev_qwen25_7b_10runs-07:latest,2026-05-05T13:26:21+00:00
episode_data,episode-kinematics_abbrev_qwen25_7b_10runs-08,latest,latest,leyao-li-epfl/scientific-exploration/episode-kinematics_abbrev_qwen25_7b_10runs-08:latest,2026-05-05T13:26:34+00:00
episode_data,episode-kinematics_abbrev_qwen25_7b_10runs-09,latest,latest,leyao-li-epfl/scientific-exploration/episode-kinematics_abbrev_qwen25_7b_10runs-09:latest,2026-05-05T13:26:43+00:00
episode_data,episode-kinematics_abbrev_qwen35_4b_10runs-00,latest,latest,leyao-li-epfl/scientific-exploration/episode-kinematics_abbrev_qwen35_4b_10runs-00:latest,2026-05-05T13:28:16+00:00
episode_data,episode-kinematics_abbrev_qwen35_4b_10runs-01,latest,latest,leyao-li-epfl/scientific-exploration/episode-kinematics_abbrev_qwen35_4b_10runs-01:latest,2026-05-05T13:28:47+00:00
episode_data,episode-kinematics_abbrev_qwen35_4b_10runs-02,latest,latest,leyao-li-epfl/scientific-exploration/episode-kinematics_abbrev_qwen35_4b_10runs-02:latest,2026-05-05T13:29:57+00:00
episode_data,episode-kinematics_abbrev_qwen35_4b_10runs-03,latest,latest,leyao-li-epfl/scientific-exploration/episode-kinematics_abbrev_qwen35_4b_10runs-03:latest,2026-05-05T13:30:33+00:00
episode_data,episode-kinematics_abbrev_qwen35_4b_10runs-04,latest,latest,leyao-li-epfl/scientific-exploration/episode-kinematics_abbrev_qwen35_4b_10runs-04:latest,2026-05-05T13:30:56+00:00
episode_data,episode-kinematics_abbrev_qwen35_4b_10runs-05,latest,latest,leyao-li-epfl/scientific-exploration/episode-kinematics_abbrev_qwen35_4b_10runs-05:latest,2026-05-05T13:31:35+00:00
episode_data,episode-kinematics_abbrev_qwen35_4b_10runs-06,latest,latest,leyao-li-epfl/scientific-exploration/episode-kinematics_abbrev_qwen35_4b_10runs-06:latest,2026-05-05T13:32:04+00:00
episode_data,episode-kinematics_abbrev_qwen35_4b_10runs-07,latest,latest,leyao-li-epfl/scientific-exploration/episode-kinematics_abbrev_qwen35_4b_10runs-07:latest,2026-05-05T13:32:29+00:00
episode_data,episode-kinematics_abbrev_qwen35_4b_10runs-08,latest,latest,leyao-li-epfl/scientific-exploration/episode-kinematics_abbrev_qwen35_4b_10runs-08:latest,2026-05-05T13:33:00+00:00
episode_data,episode-kinematics_abbrev_qwen35_4b_10runs-09,latest,latest,leyao-li-epfl/scientific-exploration/episode-kinematics_abbrev_qwen35_4b_10runs-09:latest,2026-05-05T13:33:42+00:00
episode_data,episode-kinematics_abbrev_qwen35_9b_10runs-00,latest,latest,leyao-li-epfl/scientific-exploration/episode-kinematics_abbrev_qwen35_9b_10runs-00:latest,2026-05-05T13:35:50+00:00
episode_data,episode-kinematics_abbrev_qwen35_9b_10runs-01,latest,latest,leyao-li-epfl/scientific-exploration/episode-kinematics_abbrev_qwen35_9b_10runs-01:latest,2026-05-05T13:36:33+00:00
episode_data,episode-kinematics_abbrev_qwen35_9b_10runs-02,latest,latest,leyao-li-epfl/scientific-exploration/episode-kinematics_abbrev_qwen35_9b_10runs-02:latest,2026-05-05T13:37:14+00:00
episode_data,episode-kinematics_abbrev_qwen35_9b_10runs-03,latest,latest,leyao-li-epfl/scientific-exploration/episode-kinematics_abbrev_qwen35_9b_10runs-03:latest,2026-05-05T13:37:59+00:00
episode_data,episode-kinematics_abbrev_qwen35_9b_10runs-04,latest,latest,leyao-li-epfl/scientific-exploration/episode-kinematics_abbrev_qwen35_9b_10runs-04:latest,2026-05-05T13:38:40+00:00
episode_data,episode-kinematics_abbrev_qwen35_9b_10runs-05,latest,latest,leyao-li-epfl/scientific-exploration/episode-kinematics_abbrev_qwen35_9b_10runs-05:latest,2026-05-05T13:39:05+00:00
episode_data,episode-kinematics_abbrev_qwen35_9b_10runs-06,latest,latest,leyao-li-epfl/scientific-exploration/episode-kinematics_abbrev_qwen35_9b_10runs-06:latest,2026-05-05T13:39:49+00:00
episode_data,episode-kinematics_abbrev_qwen35_9b_10runs-07,latest,latest,leyao-li-epfl/scientific-exploration/episode-kinematics_abbrev_qwen35_9b_10runs-07:latest,2026-05-05T13:40:27+00:00
episode_data,episode-kinematics_abbrev_qwen35_9b_10runs-08,latest,latest,leyao-li-epfl/scientific-exploration/episode-kinematics_abbrev_qwen35_9b_10runs-08:latest,2026-05-05T13:41:35+00:00
episode_data,episode-kinematics_abbrev_qwen35_9b_10runs-09,latest,latest,leyao-li-epfl/scientific-exploration/episode-kinematics_abbrev_qwen35_9b_10runs-09:latest,2026-05-05T13:42:21+00:00
episode_data,episode-kinematics_abstract_gemma3_4b_10runs-00,latest,latest,leyao-li-epfl/scientific-exploration/episode-kinematics_abstract_gemma3_4b_10runs-00:latest,2026-05-05T14:47:36+00:00
episode_data,episode-kinematics_abstract_gemma3_4b_10runs-01,latest,latest,leyao-li-epfl/scientific-exploration/episode-kinematics_abstract_gemma3_4b_10runs-01:latest,2026-05-05T14:47:59+00:00
episode_data,episode-kinematics_abstract_gemma3_4b_10runs-02,latest,latest,leyao-li-epfl/scientific-exploration/episode-kinematics_abstract_gemma3_4b_10runs-02:latest,2026-05-05T14:48:45+00:00
episode_data,episode-kinematics_abstract_gemma3_4b_10runs-03,latest,latest,leyao-li-epfl/scientific-exploration/episode-kinematics_abstract_gemma3_4b_10runs-03:latest,2026-05-05T14:49:08+00:00
episode_data,episode-kinematics_abstract_gemma3_4b_10runs-04,latest,latest,leyao-li-epfl/scientific-exploration/episode-kinematics_abstract_gemma3_4b_10runs-04:latest,2026-05-05T14:49:24+00:00
episode_data,episode-kinematics_abstract_gemma3_4b_10runs-05,latest,latest,leyao-li-epfl/scientific-exploration/episode-kinematics_abstract_gemma3_4b_10runs-05:latest,2026-05-05T14:49:43+00:00
episode_data,episode-kinematics_abstract_gemma3_4b_10runs-06,latest,latest,leyao-li-epfl/scientific-exploration/episode-kinematics_abstract_gemma3_4b_10runs-06:latest,2026-05-05T14:50:00+00:00
episode_data,episode-kinematics_abstract_gemma3_4b_10runs-07,latest,latest,leyao-li-epfl/scientific-exploration/episode-kinematics_abstract_gemma3_4b_10runs-07:latest,2026-05-05T14:50:20+00:00
episode_data,episode-kinematics_abstract_gemma3_4b_10runs-08,latest,latest,leyao-li-epfl/scientific-exploration/episode-kinematics_abstract_gemma3_4b_10runs-08:latest,2026-05-05T14:50:43+00:00
episode_data,episode-kinematics_abstract_gemma3_4b_10runs-09,latest,latest,leyao-li-epfl/scientific-exploration/episode-kinematics_abstract_gemma3_4b_10runs-09:latest,2026-05-05T14:51:01+00:00
episode_data,episode-kinematics_abstract_llama31_8b_10runs-00,latest,latest,leyao-li-epfl/scientific-exploration/episode-kinematics_abstract_llama31_8b_10runs-00:latest,2026-05-05T14:32:13+00:00
episode_data,episode-kinematics_abstract_llama31_8b_10runs-01,latest,latest,leyao-li-epfl/scientific-exploration/episode-kinematics_abstract_llama31_8b_10runs-01:latest,2026-05-05T14:33:35+00:00
episode_data,episode-kinematics_abstract_llama31_8b_10runs-02,latest,latest,leyao-li-epfl/scientific-exploration/episode-kinematics_abstract_llama31_8b_10runs-02:latest,2026-05-05T14:34:16+00:00
episode_data,episode-kinematics_abstract_llama31_8b_10runs-03,latest,latest,leyao-li-epfl/scientific-exploration/episode-kinematics_abstract_llama31_8b_10runs-03:latest,2026-05-05T14:34:44+00:00
episode_data,episode-kinematics_abstract_llama31_8b_10runs-04,latest,latest,leyao-li-epfl/scientific-exploration/episode-kinematics_abstract_llama31_8b_10runs-04:latest,2026-05-05T14:35:20+00:00
episode_data,episode-kinematics_abstract_llama31_8b_10runs-05,latest,latest,leyao-li-epfl/scientific-exploration/episode-kinematics_abstract_llama31_8b_10runs-05:latest,2026-05-05T14:35:37+00:00
episode_data,episode-kinematics_abstract_llama31_8b_10runs-06,latest,latest,leyao-li-epfl/scientific-exploration/episode-kinematics_abstract_llama31_8b_10runs-06:latest,2026-05-05T14:37:29+00:00
episode_data,episode-kinematics_abstract_llama31_8b_10runs-07,latest,latest,leyao-li-epfl/scientific-exploration/episode-kinematics_abstract_llama31_8b_10runs-07:latest,2026-05-05T14:37:46+00:00
episode_data,episode-kinematics_abstract_llama31_8b_10runs-08,latest,latest,leyao-li-epfl/scientific-exploration/episode-kinematics_abstract_llama31_8b_10runs-08:latest,2026-05-05T14:39:33+00:00
episode_data,episode-kinematics_abstract_llama31_8b_10runs-09,latest,latest,leyao-li-epfl/scientific-exploration/episode-kinematics_abstract_llama31_8b_10runs-09:latest,2026-05-05T14:41:00+00:00
episode_data,episode-kinematics_abstract_mistral_7b_10runs-00,latest,latest,leyao-li-epfl/scientific-exploration/episode-kinematics_abstract_mistral_7b_10runs-00:latest,2026-05-05T14:42:45+00:00
episode_data,episode-kinematics_abstract_mistral_7b_10runs-01,latest,latest,leyao-li-epfl/scientific-exploration/episode-kinematics_abstract_mistral_7b_10runs-01:latest,2026-05-05T14:43:25+00:00
episode_data,episode-kinematics_abstract_mistral_7b_10runs-02,latest,latest,leyao-li-epfl/scientific-exploration/episode-kinematics_abstract_mistral_7b_10runs-02:latest,2026-05-05T14:43:47+00:00
episode_data,episode-kinematics_abstract_mistral_7b_10runs-03,latest,latest,leyao-li-epfl/scientific-exploration/episode-kinematics_abstract_mistral_7b_10runs-03:latest,2026-05-05T14:43:57+00:00
episode_data,episode-kinematics_abstract_mistral_7b_10runs-04,latest,latest,leyao-li-epfl/scientific-exploration/episode-kinematics_abstract_mistral_7b_10runs-04:latest,2026-05-05T14:44:19+00:00
episode_data,episode-kinematics_abstract_mistral_7b_10runs-05,latest,latest,leyao-li-epfl/scientific-exploration/episode-kinematics_abstract_mistral_7b_10runs-05:latest,2026-05-05T14:44:46+00:00
episode_data,episode-kinematics_abstract_mistral_7b_10runs-06,latest,latest,leyao-li-epfl/scientific-exploration/episode-kinematics_abstract_mistral_7b_10runs-06:latest,2026-05-05T14:45:07+00:00
episode_data,episode-kinematics_abstract_mistral_7b_10runs-07,latest,latest,leyao-li-epfl/scientific-exploration/episode-kinematics_abstract_mistral_7b_10runs-07:latest,2026-05-05T14:45:18+00:00
episode_data,episode-kinematics_abstract_mistral_7b_10runs-08,latest,latest,leyao-li-epfl/scientific-exploration/episode-kinematics_abstract_mistral_7b_10runs-08:latest,2026-05-05T14:45:47+00:00
episode_data,episode-kinematics_abstract_mistral_7b_10runs-09,latest,latest,leyao-li-epfl/scientific-exploration/episode-kinematics_abstract_mistral_7b_10runs-09:latest,2026-05-05T14:46:01+00:00
episode_data,episode-kinematics_abstract_qwen25_3b_10runs-00,latest,latest,leyao-li-epfl/scientific-exploration/episode-kinematics_abstract_qwen25_3b_10runs-00:latest,2026-05-05T13:57:36+00:00
episode_data,episode-kinematics_abstract_qwen25_3b_10runs-01,latest,latest,leyao-li-epfl/scientific-exploration/episode-kinematics_abstract_qwen25_3b_10runs-01:latest,2026-05-05T13:57:48+00:00
episode_data,episode-kinematics_abstract_qwen25_3b_10runs-02,latest,latest,leyao-li-epfl/scientific-exploration/episode-kinematics_abstract_qwen25_3b_10runs-02:latest,2026-05-05T13:58:01+00:00
episode_data,episode-kinematics_abstract_qwen25_3b_10runs-03,latest,latest,leyao-li-epfl/scientific-exploration/episode-kinematics_abstract_qwen25_3b_10runs-03:latest,2026-05-05T13:58:16+00:00
episode_data,episode-kinematics_abstract_qwen25_3b_10runs-04,latest,latest,leyao-li-epfl/scientific-exploration/episode-kinematics_abstract_qwen25_3b_10runs-04:latest,2026-05-05T13:58:29+00:00
episode_data,episode-kinematics_abstract_qwen25_3b_10runs-05,latest,latest,leyao-li-epfl/scientific-exploration/episode-kinematics_abstract_qwen25_3b_10runs-05:latest,2026-05-05T13:58:39+00:00
episode_data,episode-kinematics_abstract_qwen25_3b_10runs-06,latest,latest,leyao-li-epfl/scientific-exploration/episode-kinematics_abstract_qwen25_3b_10runs-06:latest,2026-05-05T13:58:49+00:00
episode_data,episode-kinematics_abstract_qwen25_3b_10runs-07,latest,latest,leyao-li-epfl/scientific-exploration/episode-kinematics_abstract_qwen25_3b_10runs-07:latest,2026-05-05T13:59:06+00:00
episode_data,episode-kinematics_abstract_qwen25_3b_10runs-08,latest,latest,leyao-li-epfl/scientific-exploration/episode-kinematics_abstract_qwen25_3b_10runs-08:latest,2026-05-05T13:59:27+00:00
episode_data,episode-kinematics_abstract_qwen25_3b_10runs-09,latest,latest,leyao-li-epfl/scientific-exploration/episode-kinematics_abstract_qwen25_3b_10runs-09:latest,2026-05-05T13:59:34+00:00
episode_data,episode-kinematics_abstract_qwen25_7b_10runs-00,latest,latest,leyao-li-epfl/scientific-exploration/episode-kinematics_abstract_qwen25_7b_10runs-00:latest,2026-05-05T14:02:10+00:00
episode_data,episode-kinematics_abstract_qwen25_7b_10runs-01,latest,latest,leyao-li-epfl/scientific-exploration/episode-kinematics_abstract_qwen25_7b_10runs-01:latest,2026-05-05T14:02:20+00:00
episode_data,episode-kinematics_abstract_qwen25_7b_10runs-02,latest,latest,leyao-li-epfl/scientific-exploration/episode-kinematics_abstract_qwen25_7b_10runs-02:latest,2026-05-05T14:02:27+00:00
episode_data,episode-kinematics_abstract_qwen25_7b_10runs-03,latest,latest,leyao-li-epfl/scientific-exploration/episode-kinematics_abstract_qwen25_7b_10runs-03:latest,2026-05-05T14:02:43+00:00
episode_data,episode-kinematics_abstract_qwen25_7b_10runs-04,latest,latest,leyao-li-epfl/scientific-exploration/episode-kinematics_abstract_qwen25_7b_10runs-04:latest,2026-05-05T14:02:57+00:00
episode_data,episode-kinematics_abstract_qwen25_7b_10runs-05,latest,latest,leyao-li-epfl/scientific-exploration/episode-kinematics_abstract_qwen25_7b_10runs-05:latest,2026-05-05T14:03:05+00:00
episode_data,episode-kinematics_abstract_qwen25_7b_10runs-06,latest,latest,leyao-li-epfl/scientific-exploration/episode-kinematics_abstract_qwen25_7b_10runs-06:latest,2026-05-05T14:03:19+00:00
episode_data,episode-kinematics_abstract_qwen25_7b_10runs-07,latest,latest,leyao-li-epfl/scientific-exploration/episode-kinematics_abstract_qwen25_7b_10runs-07:latest,2026-05-05T14:03:31+00:00
episode_data,episode-kinematics_abstract_qwen25_7b_10runs-08,latest,latest,leyao-li-epfl/scientific-exploration/episode-kinematics_abstract_qwen25_7b_10runs-08:latest,2026-05-05T14:03:39+00:00
episode_data,episode-kinematics_abstract_qwen25_7b_10runs-09,latest,latest,leyao-li-epfl/scientific-exploration/episode-kinematics_abstract_qwen25_7b_10runs-09:latest,2026-05-05T14:03:51+00:00
episode_data,episode-kinematics_abstract_qwen35_4b_10runs-00,latest,latest,leyao-li-epfl/scientific-exploration/episode-kinematics_abstract_qwen35_4b_10runs-00:latest,2026-05-05T14:06:11+00:00
episode_data,episode-kinematics_abstract_qwen35_4b_10runs-01,latest,latest,leyao-li-epfl/scientific-exploration/episode-kinematics_abstract_qwen35_4b_10runs-01:latest,2026-05-05T14:07:23+00:00
episode_data,episode-kinematics_abstract_qwen35_4b_10runs-02,latest,latest,leyao-li-epfl/scientific-exploration/episode-kinematics_abstract_qwen35_4b_10runs-02:latest,2026-05-05T14:08:15+00:00
episode_data,episode-kinematics_abstract_qwen35_4b_10runs-03,latest,latest,leyao-li-epfl/scientific-exploration/episode-kinematics_abstract_qwen35_4b_10runs-03:latest,2026-05-05T14:09:03+00:00
episode_data,episode-kinematics_abstract_qwen35_4b_10runs-04,latest,latest,leyao-li-epfl/scientific-exploration/episode-kinematics_abstract_qwen35_4b_10runs-04:latest,2026-05-05T14:10:35+00:00
episode_data,episode-kinematics_abstract_qwen35_4b_10runs-05,latest,latest,leyao-li-epfl/scientific-exploration/episode-kinematics_abstract_qwen35_4b_10runs-05:latest,2026-05-05T14:11:28+00:00
episode_data,episode-kinematics_abstract_qwen35_4b_10runs-06,latest,latest,leyao-li-epfl/scientific-exploration/episode-kinematics_abstract_qwen35_4b_10runs-06:latest,2026-05-05T14:12:34+00:00
episode_data,episode-kinematics_abstract_qwen35_4b_10runs-07,latest,latest,leyao-li-epfl/scientific-exploration/episode-kinematics_abstract_qwen35_4b_10runs-07:latest,2026-05-05T14:13:11+00:00
episode_data,episode-kinematics_abstract_qwen35_4b_10runs-08,latest,latest,leyao-li-epfl/scientific-exploration/episode-kinematics_abstract_qwen35_4b_10runs-08:latest,2026-05-05T14:13:59+00:00
episode_data,episode-kinematics_abstract_qwen35_4b_10runs-09,latest,latest,leyao-li-epfl/scientific-exploration/episode-kinematics_abstract_qwen35_4b_10runs-09:latest,2026-05-05T14:14:37+00:00
episode_data,episode-kinematics_abstract_qwen35_9b_10runs-00,latest,latest,leyao-li-epfl/scientific-exploration/episode-kinematics_abstract_qwen35_9b_10runs-00:latest,2026-05-05T14:18:06+00:00
episode_data,episode-kinematics_abstract_qwen35_9b_10runs-01,latest,latest,leyao-li-epfl/scientific-exploration/episode-kinematics_abstract_qwen35_9b_10runs-01:latest,2026-05-05T14:19:32+00:00
episode_data,episode-kinematics_abstract_qwen35_9b_10runs-02,latest,latest,leyao-li-epfl/scientific-exploration/episode-kinematics_abstract_qwen35_9b_10runs-02:latest,2026-05-05T14:20:57+00:00
episode_data,episode-kinematics_abstract_qwen35_9b_10runs-03,latest,latest,leyao-li-epfl/scientific-exploration/episode-kinematics_abstract_qwen35_9b_10runs-03:latest,2026-05-05T14:22:58+00:00
episode_data,episode-kinematics_abstract_qwen35_9b_10runs-04,latest,latest,leyao-li-epfl/scientific-exploration/episode-kinematics_abstract_qwen35_9b_10runs-04:latest,2026-05-05T14:24:34+00:00
episode_data,episode-kinematics_abstract_qwen35_9b_10runs-05,latest,latest,leyao-li-epfl/scientific-exploration/episode-kinematics_abstract_qwen35_9b_10runs-05:latest,2026-05-05T14:25:28+00:00
episode_data,episode-kinematics_abstract_qwen35_9b_10runs-06,latest,latest,leyao-li-epfl/scientific-exploration/episode-kinematics_abstract_qwen35_9b_10runs-06:latest,2026-05-05T14:26:24+00:00
episode_data,episode-kinematics_abstract_qwen35_9b_10runs-07,latest,latest,leyao-li-epfl/scientific-exploration/episode-kinematics_abstract_qwen35_9b_10runs-07:latest,2026-05-05T14:27:34+00:00
episode_data,episode-kinematics_abstract_qwen35_9b_10runs-08,latest,latest,leyao-li-epfl/scientific-exploration/episode-kinematics_abstract_qwen35_9b_10runs-08:latest,2026-05-05T14:28:46+00:00
episode_data,episode-kinematics_abstract_qwen35_9b_10runs-09,latest,latest,leyao-li-epfl/scientific-exploration/episode-kinematics_abstract_qwen35_9b_10runs-09:latest,2026-05-05T14:30:20+00:00
episode_data,episode-kinematics_concrete_gemma3_4b_10runs-00,latest,latest,leyao-li-epfl/scientific-exploration/episode-kinematics_concrete_gemma3_4b_10runs-00:latest,2026-05-05T13:20:02+00:00
episode_data,episode-kinematics_concrete_gemma3_4b_10runs-01,latest,latest,leyao-li-epfl/scientific-exploration/episode-kinematics_concrete_gemma3_4b_10runs-01:latest,2026-05-05T13:20:06+00:00
episode_data,episode-kinematics_concrete_gemma3_4b_10runs-02,latest,latest,leyao-li-epfl/scientific-exploration/episode-kinematics_concrete_gemma3_4b_10runs-02:latest,2026-05-05T13:20:11+00:00
episode_data,episode-kinematics_concrete_gemma3_4b_10runs-03,latest,latest,leyao-li-epfl/scientific-exploration/episode-kinematics_concrete_gemma3_4b_10runs-03:latest,2026-05-05T13:20:30+00:00
episode_data,episode-kinematics_concrete_gemma3_4b_10runs-04,latest,latest,leyao-li-epfl/scientific-exploration/episode-kinematics_concrete_gemma3_4b_10runs-04:latest,2026-05-05T13:20:52+00:00
episode_data,episode-kinematics_concrete_gemma3_4b_10runs-05,latest,latest,leyao-li-epfl/scientific-exploration/episode-kinematics_concrete_gemma3_4b_10runs-05:latest,2026-05-05T13:20:58+00:00
episode_data,episode-kinematics_concrete_gemma3_4b_10runs-06,latest,latest,leyao-li-epfl/scientific-exploration/episode-kinematics_concrete_gemma3_4b_10runs-06:latest,2026-05-05T13:21:12+00:00
episode_data,episode-kinematics_concrete_gemma3_4b_10runs-07,latest,latest,leyao-li-epfl/scientific-exploration/episode-kinematics_concrete_gemma3_4b_10runs-07:latest,2026-05-05T13:21:16+00:00
episode_data,episode-kinematics_concrete_gemma3_4b_10runs-08,latest,latest,leyao-li-epfl/scientific-exploration/episode-kinematics_concrete_gemma3_4b_10runs-08:latest,2026-05-05T13:21:21+00:00
episode_data,episode-kinematics_concrete_gemma3_4b_10runs-09,latest,latest,leyao-li-epfl/scientific-exploration/episode-kinematics_concrete_gemma3_4b_10runs-09:latest,2026-05-05T13:21:26+00:00
episode_data,episode-kinematics_concrete_llama31_8b_10runs-00,latest,latest,leyao-li-epfl/scientific-exploration/episode-kinematics_concrete_llama31_8b_10runs-00:latest,2026-05-05T13:10:51+00:00
episode_data,episode-kinematics_concrete_llama31_8b_10runs-01,latest,latest,leyao-li-epfl/scientific-exploration/episode-kinematics_concrete_llama31_8b_10runs-01:latest,2026-05-05T13:11:23+00:00
episode_data,episode-kinematics_concrete_llama31_8b_10runs-02,latest,latest,leyao-li-epfl/scientific-exploration/episode-kinematics_concrete_llama31_8b_10runs-02:latest,2026-05-05T13:12:05+00:00
episode_data,episode-kinematics_concrete_llama31_8b_10runs-03,latest,latest,leyao-li-epfl/scientific-exploration/episode-kinematics_concrete_llama31_8b_10runs-03:latest,2026-05-05T13:12:26+00:00
episode_data,episode-kinematics_concrete_llama31_8b_10runs-04,latest,latest,leyao-li-epfl/scientific-exploration/episode-kinematics_concrete_llama31_8b_10runs-04:latest,2026-05-05T13:12:42+00:00
episode_data,episode-kinematics_concrete_llama31_8b_10runs-05,latest,latest,leyao-li-epfl/scientific-exploration/episode-kinematics_concrete_llama31_8b_10runs-05:latest,2026-05-05T13:13:37+00:00
episode_data,episode-kinematics_concrete_llama31_8b_10runs-06,latest,latest,leyao-li-epfl/scientific-exploration/episode-kinematics_concrete_llama31_8b_10runs-06:latest,2026-05-05T13:13:58+00:00
episode_data,episode-kinematics_concrete_llama31_8b_10runs-07,latest,latest,leyao-li-epfl/scientific-exploration/episode-kinematics_concrete_llama31_8b_10runs-07:latest,2026-05-05T13:14:17+00:00
episode_data,episode-kinematics_concrete_llama31_8b_10runs-08,latest,latest,leyao-li-epfl/scientific-exploration/episode-kinematics_concrete_llama31_8b_10runs-08:latest,2026-05-05T13:14:42+00:00
episode_data,episode-kinematics_concrete_llama31_8b_10runs-09,latest,latest,leyao-li-epfl/scientific-exploration/episode-kinematics_concrete_llama31_8b_10runs-09:latest,2026-05-05T13:14:59+00:00
episode_data,episode-kinematics_concrete_mistral_7b_10runs-00,latest,latest,leyao-li-epfl/scientific-exploration/episode-kinematics_concrete_mistral_7b_10runs-00:latest,2026-05-05T13:16:22+00:00
episode_data,episode-kinematics_concrete_mistral_7b_10runs-01,latest,latest,leyao-li-epfl/scientific-exploration/episode-kinematics_concrete_mistral_7b_10runs-01:latest,2026-05-05T13:16:47+00:00
episode_data,episode-kinematics_concrete_mistral_7b_10runs-02,latest,latest,leyao-li-epfl/scientific-exploration/episode-kinematics_concrete_mistral_7b_10runs-02:latest,2026-05-05T13:17:11+00:00
episode_data,episode-kinematics_concrete_mistral_7b_10runs-03,latest,latest,leyao-li-epfl/scientific-exploration/episode-kinematics_concrete_mistral_7b_10runs-03:latest,2026-05-05T13:17:18+00:00
episode_data,episode-kinematics_concrete_mistral_7b_10runs-04,latest,latest,leyao-li-epfl/scientific-exploration/episode-kinematics_concrete_mistral_7b_10runs-04:latest,2026-05-05T13:17:25+00:00
episode_data,episode-kinematics_concrete_mistral_7b_10runs-05,latest,latest,leyao-li-epfl/scientific-exploration/episode-kinematics_concrete_mistral_7b_10runs-05:latest,2026-05-05T13:17:37+00:00
episode_data,episode-kinematics_concrete_mistral_7b_10runs-06,latest,latest,leyao-li-epfl/scientific-exploration/episode-kinematics_concrete_mistral_7b_10runs-06:latest,2026-05-05T13:17:48+00:00
episode_data,episode-kinematics_concrete_mistral_7b_10runs-07,latest,latest,leyao-li-epfl/scientific-exploration/episode-kinematics_concrete_mistral_7b_10runs-07:latest,2026-05-05T13:18:12+00:00
episode_data,episode-kinematics_concrete_mistral_7b_10runs-08,latest,latest,leyao-li-epfl/scientific-exploration/episode-kinematics_concrete_mistral_7b_10runs-08:latest,2026-05-05T13:18:27+00:00
episode_data,episode-kinematics_concrete_mistral_7b_10runs-09,latest,latest,leyao-li-epfl/scientific-exploration/episode-kinematics_concrete_mistral_7b_10runs-09:latest,2026-05-05T13:18:54+00:00
episode_data,episode-kinematics_concrete_qwen25_3b_10runs-00,latest,latest,leyao-li-epfl/scientific-exploration/episode-kinematics_concrete_qwen25_3b_10runs-00:latest,2026-05-05T12:50:43+00:00
episode_data,episode-kinematics_concrete_qwen25_3b_10runs-01,latest,latest,leyao-li-epfl/scientific-exploration/episode-kinematics_concrete_qwen25_3b_10runs-01:latest,2026-05-05T12:50:46+00:00
episode_data,episode-kinematics_concrete_qwen25_3b_10runs-02,latest,latest,leyao-li-epfl/scientific-exploration/episode-kinematics_concrete_qwen25_3b_10runs-02:latest,2026-05-05T12:50:50+00:00
episode_data,episode-kinematics_concrete_qwen25_3b_10runs-03,latest,latest,leyao-li-epfl/scientific-exploration/episode-kinematics_concrete_qwen25_3b_10runs-03:latest,2026-05-05T12:50:53+00:00
episode_data,episode-kinematics_concrete_qwen25_3b_10runs-04,latest,latest,leyao-li-epfl/scientific-exploration/episode-kinematics_concrete_qwen25_3b_10runs-04:latest,2026-05-05T12:50:56+00:00
episode_data,episode-kinematics_concrete_qwen25_3b_10runs-05,latest,latest,leyao-li-epfl/scientific-exploration/episode-kinematics_concrete_qwen25_3b_10runs-05:latest,2026-05-05T12:51:03+00:00
episode_data,episode-kinematics_concrete_qwen25_3b_10runs-06,latest,latest,leyao-li-epfl/scientific-exploration/episode-kinematics_concrete_qwen25_3b_10runs-06:latest,2026-05-05T12:51:06+00:00
episode_data,episode-kinematics_concrete_qwen25_3b_10runs-07,latest,latest,leyao-li-epfl/scientific-exploration/episode-kinematics_concrete_qwen25_3b_10runs-07:latest,2026-05-05T12:51:15+00:00
episode_data,episode-kinematics_concrete_qwen25_3b_10runs-08,latest,latest,leyao-li-epfl/scientific-exploration/episode-kinematics_concrete_qwen25_3b_10runs-08:latest,2026-05-05T12:51:30+00:00
episode_data,episode-kinematics_concrete_qwen25_3b_10runs-09,latest,latest,leyao-li-epfl/scientific-exploration/episode-kinematics_concrete_qwen25_3b_10runs-09:latest,2026-05-05T12:51:38+00:00
episode_data,episode-kinematics_concrete_qwen25_7b_10runs-00,latest,latest,leyao-li-epfl/scientific-exploration/episode-kinematics_concrete_qwen25_7b_10runs-00:latest,2026-05-05T12:53:14+00:00
episode_data,episode-kinematics_concrete_qwen25_7b_10runs-01,latest,latest,leyao-li-epfl/scientific-exploration/episode-kinematics_concrete_qwen25_7b_10runs-01:latest,2026-05-05T12:53:30+00:00
episode_data,episode-kinematics_concrete_qwen25_7b_10runs-02,latest,latest,leyao-li-epfl/scientific-exploration/episode-kinematics_concrete_qwen25_7b_10runs-02:latest,2026-05-05T12:53:41+00:00
episode_data,episode-kinematics_concrete_qwen25_7b_10runs-03,latest,latest,leyao-li-epfl/scientific-exploration/episode-kinematics_concrete_qwen25_7b_10runs-03:latest,2026-05-05T12:53:44+00:00
episode_data,episode-kinematics_concrete_qwen25_7b_10runs-04,latest,latest,leyao-li-epfl/scientific-exploration/episode-kinematics_concrete_qwen25_7b_10runs-04:latest,2026-05-05T12:53:47+00:00
episode_data,episode-kinematics_concrete_qwen25_7b_10runs-05,latest,latest,leyao-li-epfl/scientific-exploration/episode-kinematics_concrete_qwen25_7b_10runs-05:latest,2026-05-05T12:53:58+00:00
episode_data,episode-kinematics_concrete_qwen25_7b_10runs-06,latest,latest,leyao-li-epfl/scientific-exploration/episode-kinematics_concrete_qwen25_7b_10runs-06:latest,2026-05-05T12:54:03+00:00
episode_data,episode-kinematics_concrete_qwen25_7b_10runs-07,latest,latest,leyao-li-epfl/scientific-exploration/episode-kinematics_concrete_qwen25_7b_10runs-07:latest,2026-05-05T12:54:09+00:00
episode_data,episode-kinematics_concrete_qwen25_7b_10runs-08,latest,latest,leyao-li-epfl/scientific-exploration/episode-kinematics_concrete_qwen25_7b_10runs-08:latest,2026-05-05T12:54:12+00:00
episode_data,episode-kinematics_concrete_qwen25_7b_10runs-09,latest,latest,leyao-li-epfl/scientific-exploration/episode-kinematics_concrete_qwen25_7b_10runs-09:latest,2026-05-05T12:54:18+00:00
episode_data,episode-kinematics_concrete_qwen35_4b_10runs-00,latest,latest,leyao-li-epfl/scientific-exploration/episode-kinematics_concrete_qwen35_4b_10runs-00:latest,2026-05-05T12:56:21+00:00
episode_data,episode-kinematics_concrete_qwen35_4b_10runs-01,latest,latest,leyao-li-epfl/scientific-exploration/episode-kinematics_concrete_qwen35_4b_10runs-01:latest,2026-05-05T12:56:40+00:00
episode_data,episode-kinematics_concrete_qwen35_4b_10runs-02,latest,latest,leyao-li-epfl/scientific-exploration/episode-kinematics_concrete_qwen35_4b_10runs-02:latest,2026-05-05T12:57:18+00:00
episode_data,episode-kinematics_concrete_qwen35_4b_10runs-03,latest,latest,leyao-li-epfl/scientific-exploration/episode-kinematics_concrete_qwen35_4b_10runs-03:latest,2026-05-05T12:57:45+00:00
episode_data,episode-kinematics_concrete_qwen35_4b_10runs-04,latest,latest,leyao-li-epfl/scientific-exploration/episode-kinematics_concrete_qwen35_4b_10runs-04:latest,2026-05-05T12:58:05+00:00
episode_data,episode-kinematics_concrete_qwen35_4b_10runs-05,latest,latest,leyao-li-epfl/scientific-exploration/episode-kinematics_concrete_qwen35_4b_10runs-05:latest,2026-05-05T12:58:46+00:00
episode_data,episode-kinematics_concrete_qwen35_4b_10runs-06,latest,latest,leyao-li-epfl/scientific-exploration/episode-kinematics_concrete_qwen35_4b_10runs-06:latest,2026-05-05T12:59:08+00:00
episode_data,episode-kinematics_concrete_qwen35_4b_10runs-07,latest,latest,leyao-li-epfl/scientific-exploration/episode-kinematics_concrete_qwen35_4b_10runs-07:latest,2026-05-05T12:59:31+00:00
episode_data,episode-kinematics_concrete_qwen35_4b_10runs-08,latest,latest,leyao-li-epfl/scientific-exploration/episode-kinematics_concrete_qwen35_4b_10runs-08:latest,2026-05-05T13:00:09+00:00
episode_data,episode-kinematics_concrete_qwen35_4b_10runs-09,latest,latest,leyao-li-epfl/scientific-exploration/episode-kinematics_concrete_qwen35_4b_10runs-09:latest,2026-05-05T13:00:34+00:00
episode_data,episode-kinematics_concrete_qwen35_9b_10runs-00,latest,latest,leyao-li-epfl/scientific-exploration/episode-kinematics_concrete_qwen35_9b_10runs-00:latest,2026-05-05T13:03:01+00:00
episode_data,episode-kinematics_concrete_qwen35_9b_10runs-01,latest,latest,leyao-li-epfl/scientific-exploration/episode-kinematics_concrete_qwen35_9b_10runs-01:latest,2026-05-05T13:03:43+00:00
episode_data,episode-kinematics_concrete_qwen35_9b_10runs-02,latest,latest,leyao-li-epfl/scientific-exploration/episode-kinematics_concrete_qwen35_9b_10runs-02:latest,2026-05-05T13:04:08+00:00
episode_data,episode-kinematics_concrete_qwen35_9b_10runs-03,latest,latest,leyao-li-epfl/scientific-exploration/episode-kinematics_concrete_qwen35_9b_10runs-03:latest,2026-05-05T13:04:41+00:00
episode_data,episode-kinematics_concrete_qwen35_9b_10runs-04,latest,latest,leyao-li-epfl/scientific-exploration/episode-kinematics_concrete_qwen35_9b_10runs-04:latest,2026-05-05T13:05:24+00:00
episode_data,episode-kinematics_concrete_qwen35_9b_10runs-05,latest,latest,leyao-li-epfl/scientific-exploration/episode-kinematics_concrete_qwen35_9b_10runs-05:latest,2026-05-05T13:05:52+00:00
episode_data,episode-kinematics_concrete_qwen35_9b_10runs-06,latest,latest,leyao-li-epfl/scientific-exploration/episode-kinematics_concrete_qwen35_9b_10runs-06:latest,2026-05-05T13:06:58+00:00
episode_data,episode-kinematics_concrete_qwen35_9b_10runs-07,latest,latest,leyao-li-epfl/scientific-exploration/episode-kinematics_concrete_qwen35_9b_10runs-07:latest,2026-05-05T13:07:37+00:00
episode_data,episode-kinematics_concrete_qwen35_9b_10runs-08,latest,latest,leyao-li-epfl/scientific-exploration/episode-kinematics_concrete_qwen35_9b_10runs-08:latest,2026-05-05T13:08:20+00:00
episode_data,episode-kinematics_concrete_qwen35_9b_10runs-09,latest,latest,leyao-li-epfl/scientific-exploration/episode-kinematics_concrete_qwen35_9b_10runs-09:latest,2026-05-05T13:08:52+00:00
episode_data,episode-mass_concrete_gemma3_4b_10runs-00,latest,latest,leyao-li-epfl/scientific-exploration/episode-mass_concrete_gemma3_4b_10runs-00:latest,2026-05-05T15:22:54+00:00
episode_data,episode-mass_concrete_gemma3_4b_10runs-01,latest,latest,leyao-li-epfl/scientific-exploration/episode-mass_concrete_gemma3_4b_10runs-01:latest,2026-05-05T15:23:11+00:00
episode_data,episode-mass_concrete_gemma3_4b_10runs-02,latest,latest,leyao-li-epfl/scientific-exploration/episode-mass_concrete_gemma3_4b_10runs-02:latest,2026-05-05T15:23:29+00:00
episode_data,episode-mass_concrete_gemma3_4b_10runs-03,latest,latest,leyao-li-epfl/scientific-exploration/episode-mass_concrete_gemma3_4b_10runs-03:latest,2026-05-05T15:23:47+00:00
episode_data,episode-mass_concrete_gemma3_4b_10runs-04,latest,latest,leyao-li-epfl/scientific-exploration/episode-mass_concrete_gemma3_4b_10runs-04:latest,2026-05-05T15:23:58+00:00
episode_data,episode-mass_concrete_gemma3_4b_10runs-05,latest,latest,leyao-li-epfl/scientific-exploration/episode-mass_concrete_gemma3_4b_10runs-05:latest,2026-05-05T15:24:14+00:00
episode_data,episode-mass_concrete_gemma3_4b_10runs-06,latest,latest,leyao-li-epfl/scientific-exploration/episode-mass_concrete_gemma3_4b_10runs-06:latest,2026-05-05T15:24:25+00:00
episode_data,episode-mass_concrete_gemma3_4b_10runs-07,latest,latest,leyao-li-epfl/scientific-exploration/episode-mass_concrete_gemma3_4b_10runs-07:latest,2026-05-05T15:24:50+00:00
episode_data,episode-mass_concrete_gemma3_4b_10runs-08,latest,latest,leyao-li-epfl/scientific-exploration/episode-mass_concrete_gemma3_4b_10runs-08:latest,2026-05-05T15:25:07+00:00
episode_data,episode-mass_concrete_gemma3_4b_10runs-09,latest,latest,leyao-li-epfl/scientific-exploration/episode-mass_concrete_gemma3_4b_10runs-09:latest,2026-05-05T15:25:12+00:00
episode_data,episode-mass_concrete_llama31_8b_10runs-00,latest,latest,leyao-li-epfl/scientific-exploration/episode-mass_concrete_llama31_8b_10runs-00:latest,2026-05-05T15:13:50+00:00
episode_data,episode-mass_concrete_llama31_8b_10runs-01,latest,latest,leyao-li-epfl/scientific-exploration/episode-mass_concrete_llama31_8b_10runs-01:latest,2026-05-05T15:14:12+00:00
episode_data,episode-mass_concrete_llama31_8b_10runs-02,latest,latest,leyao-li-epfl/scientific-exploration/episode-mass_concrete_llama31_8b_10runs-02:latest,2026-05-05T15:14:29+00:00
episode_data,episode-mass_concrete_llama31_8b_10runs-03,latest,latest,leyao-li-epfl/scientific-exploration/episode-mass_concrete_llama31_8b_10runs-03:latest,2026-05-05T15:14:44+00:00
episode_data,episode-mass_concrete_llama31_8b_10runs-04,latest,latest,leyao-li-epfl/scientific-exploration/episode-mass_concrete_llama31_8b_10runs-04:latest,2026-05-05T15:15:00+00:00
episode_data,episode-mass_concrete_llama31_8b_10runs-05,latest,latest,leyao-li-epfl/scientific-exploration/episode-mass_concrete_llama31_8b_10runs-05:latest,2026-05-05T15:16:08+00:00
episode_data,episode-mass_concrete_llama31_8b_10runs-06,latest,latest,leyao-li-epfl/scientific-exploration/episode-mass_concrete_llama31_8b_10runs-06:latest,2026-05-05T15:16:24+00:00
episode_data,episode-mass_concrete_llama31_8b_10runs-07,latest,latest,leyao-li-epfl/scientific-exploration/episode-mass_concrete_llama31_8b_10runs-07:latest,2026-05-05T15:16:44+00:00
episode_data,episode-mass_concrete_llama31_8b_10runs-08,latest,latest,leyao-li-epfl/scientific-exploration/episode-mass_concrete_llama31_8b_10runs-08:latest,2026-05-05T15:17:02+00:00
episode_data,episode-mass_concrete_llama31_8b_10runs-09,latest,latest,leyao-li-epfl/scientific-exploration/episode-mass_concrete_llama31_8b_10runs-09:latest,2026-05-05T15:17:25+00:00
episode_data,episode-mass_concrete_mistral_7b_10runs-00,latest,latest,leyao-li-epfl/scientific-exploration/episode-mass_concrete_mistral_7b_10runs-00:latest,2026-05-05T15:19:09+00:00
episode_data,episode-mass_concrete_mistral_7b_10runs-01,latest,latest,leyao-li-epfl/scientific-exploration/episode-mass_concrete_mistral_7b_10runs-01:latest,2026-05-05T15:19:37+00:00
episode_data,episode-mass_concrete_mistral_7b_10runs-02,latest,latest,leyao-li-epfl/scientific-exploration/episode-mass_concrete_mistral_7b_10runs-02:latest,2026-05-05T15:19:49+00:00
episode_data,episode-mass_concrete_mistral_7b_10runs-03,latest,latest,leyao-li-epfl/scientific-exploration/episode-mass_concrete_mistral_7b_10runs-03:latest,2026-05-05T15:19:57+00:00
episode_data,episode-mass_concrete_mistral_7b_10runs-04,latest,latest,leyao-li-epfl/scientific-exploration/episode-mass_concrete_mistral_7b_10runs-04:latest,2026-05-05T15:20:14+00:00
episode_data,episode-mass_concrete_mistral_7b_10runs-05,latest,latest,leyao-li-epfl/scientific-exploration/episode-mass_concrete_mistral_7b_10runs-05:latest,2026-05-05T15:20:36+00:00
episode_data,episode-mass_concrete_mistral_7b_10runs-06,latest,latest,leyao-li-epfl/scientific-exploration/episode-mass_concrete_mistral_7b_10runs-06:latest,2026-05-05T15:20:47+00:00
episode_data,episode-mass_concrete_mistral_7b_10runs-07,latest,latest,leyao-li-epfl/scientific-exploration/episode-mass_concrete_mistral_7b_10runs-07:latest,2026-05-05T15:21:03+00:00
episode_data,episode-mass_concrete_mistral_7b_10runs-08,latest,latest,leyao-li-epfl/scientific-exploration/episode-mass_concrete_mistral_7b_10runs-08:latest,2026-05-05T15:21:17+00:00
episode_data,episode-mass_concrete_mistral_7b_10runs-09,latest,latest,leyao-li-epfl/scientific-exploration/episode-mass_concrete_mistral_7b_10runs-09:latest,2026-05-05T15:21:27+00:00
episode_data,episode-mass_concrete_qwen25_3b_10runs-00,latest,latest,leyao-li-epfl/scientific-exploration/episode-mass_concrete_qwen25_3b_10runs-00:latest,2026-05-05T14:52:06+00:00
episode_data,episode-mass_concrete_qwen25_3b_10runs-01,latest,latest,leyao-li-epfl/scientific-exploration/episode-mass_concrete_qwen25_3b_10runs-01:latest,2026-05-05T14:52:18+00:00
episode_data,episode-mass_concrete_qwen25_3b_10runs-02,latest,latest,leyao-li-epfl/scientific-exploration/episode-mass_concrete_qwen25_3b_10runs-02:latest,2026-05-05T14:52:35+00:00
episode_data,episode-mass_concrete_qwen25_3b_10runs-03,latest,latest,leyao-li-epfl/scientific-exploration/episode-mass_concrete_qwen25_3b_10runs-03:latest,2026-05-05T14:52:47+00:00
episode_data,episode-mass_concrete_qwen25_3b_10runs-04,latest,latest,leyao-li-epfl/scientific-exploration/episode-mass_concrete_qwen25_3b_10runs-04:latest,2026-05-05T14:53:00+00:00
episode_data,episode-mass_concrete_qwen25_3b_10runs-05,latest,latest,leyao-li-epfl/scientific-exploration/episode-mass_concrete_qwen25_3b_10runs-05:latest,2026-05-05T14:53:08+00:00
episode_data,episode-mass_concrete_qwen25_3b_10runs-06,latest,latest,leyao-li-epfl/scientific-exploration/episode-mass_concrete_qwen25_3b_10runs-06:latest,2026-05-05T14:53:15+00:00
episode_data,episode-mass_concrete_qwen25_3b_10runs-07,latest,latest,leyao-li-epfl/scientific-exploration/episode-mass_concrete_qwen25_3b_10runs-07:latest,2026-05-05T14:53:23+00:00
episode_data,episode-mass_concrete_qwen25_3b_10runs-08,latest,latest,leyao-li-epfl/scientific-exploration/episode-mass_concrete_qwen25_3b_10runs-08:latest,2026-05-05T14:53:37+00:00
episode_data,episode-mass_concrete_qwen25_3b_10runs-09,latest,latest,leyao-li-epfl/scientific-exploration/episode-mass_concrete_qwen25_3b_10runs-09:latest,2026-05-05T14:53:48+00:00
episode_data,episode-mass_concrete_qwen25_7b_10runs-00,latest,latest,leyao-li-epfl/scientific-exploration/episode-mass_concrete_qwen25_7b_10runs-00:latest,2026-05-05T14:55:28+00:00
episode_data,episode-mass_concrete_qwen25_7b_10runs-01,latest,latest,leyao-li-epfl/scientific-exploration/episode-mass_concrete_qwen25_7b_10runs-01:latest,2026-05-05T14:55:36+00:00
episode_data,episode-mass_concrete_qwen25_7b_10runs-02,latest,latest,leyao-li-epfl/scientific-exploration/episode-mass_concrete_qwen25_7b_10runs-02:latest,2026-05-05T14:55:44+00:00
episode_data,episode-mass_concrete_qwen25_7b_10runs-03,latest,latest,leyao-li-epfl/scientific-exploration/episode-mass_concrete_qwen25_7b_10runs-03:latest,2026-05-05T14:55:55+00:00
episode_data,episode-mass_concrete_qwen25_7b_10runs-04,latest,latest,leyao-li-epfl/scientific-exploration/episode-mass_concrete_qwen25_7b_10runs-04:latest,2026-05-05T14:56:01+00:00
episode_data,episode-mass_concrete_qwen25_7b_10runs-05,latest,latest,leyao-li-epfl/scientific-exploration/episode-mass_concrete_qwen25_7b_10runs-05:latest,2026-05-05T14:56:09+00:00
episode_data,episode-mass_concrete_qwen25_7b_10runs-06,latest,latest,leyao-li-epfl/scientific-exploration/episode-mass_concrete_qwen25_7b_10runs-06:latest,2026-05-05T14:56:16+00:00
episode_data,episode-mass_concrete_qwen25_7b_10runs-07,latest,latest,leyao-li-epfl/scientific-exploration/episode-mass_concrete_qwen25_7b_10runs-07:latest,2026-05-05T14:56:23+00:00
episode_data,episode-mass_concrete_qwen25_7b_10runs-08,latest,latest,leyao-li-epfl/scientific-exploration/episode-mass_concrete_qwen25_7b_10runs-08:latest,2026-05-05T14:56:31+00:00
episode_data,episode-mass_concrete_qwen25_7b_10runs-09,latest,latest,leyao-li-epfl/scientific-exploration/episode-mass_concrete_qwen25_7b_10runs-09:latest,2026-05-05T14:56:38+00:00
episode_data,episode-mass_concrete_qwen35_4b_10runs-00,latest,latest,leyao-li-epfl/scientific-exploration/episode-mass_concrete_qwen35_4b_10runs-00:latest,2026-05-05T14:58:06+00:00
episode_data,episode-mass_concrete_qwen35_4b_10runs-01,latest,latest,leyao-li-epfl/scientific-exploration/episode-mass_concrete_qwen35_4b_10runs-01:latest,2026-05-05T14:58:45+00:00
episode_data,episode-mass_concrete_qwen35_4b_10runs-02,latest,latest,leyao-li-epfl/scientific-exploration/episode-mass_concrete_qwen35_4b_10runs-02:latest,2026-05-05T14:59:21+00:00
episode_data,episode-mass_concrete_qwen35_4b_10runs-03,latest,latest,leyao-li-epfl/scientific-exploration/episode-mass_concrete_qwen35_4b_10runs-03:latest,2026-05-05T15:00:00+00:00
episode_data,episode-mass_concrete_qwen35_4b_10runs-04,latest,latest,leyao-li-epfl/scientific-exploration/episode-mass_concrete_qwen35_4b_10runs-04:latest,2026-05-05T15:00:34+00:00
episode_data,episode-mass_concrete_qwen35_4b_10runs-05,latest,latest,leyao-li-epfl/scientific-exploration/episode-mass_concrete_qwen35_4b_10runs-05:latest,2026-05-05T15:00:57+00:00
episode_data,episode-mass_concrete_qwen35_4b_10runs-06,latest,latest,leyao-li-epfl/scientific-exploration/episode-mass_concrete_qwen35_4b_10runs-06:latest,2026-05-05T15:01:40+00:00
episode_data,episode-mass_concrete_qwen35_4b_10runs-07,latest,latest,leyao-li-epfl/scientific-exploration/episode-mass_concrete_qwen35_4b_10runs-07:latest,2026-05-05T15:02:13+00:00
episode_data,episode-mass_concrete_qwen35_4b_10runs-08,latest,latest,leyao-li-epfl/scientific-exploration/episode-mass_concrete_qwen35_4b_10runs-08:latest,2026-05-05T15:02:51+00:00
episode_data,episode-mass_concrete_qwen35_4b_10runs-09,latest,latest,leyao-li-epfl/scientific-exploration/episode-mass_concrete_qwen35_4b_10runs-09:latest,2026-05-05T15:03:29+00:00
episode_data,episode-mass_concrete_qwen35_9b_10runs-00,latest,latest,leyao-li-epfl/scientific-exploration/episode-mass_concrete_qwen35_9b_10runs-00:latest,2026-05-05T15:06:28+00:00
episode_data,episode-mass_concrete_qwen35_9b_10runs-01,latest,latest,leyao-li-epfl/scientific-exploration/episode-mass_concrete_qwen35_9b_10runs-01:latest,2026-05-05T15:06:56+00:00
episode_data,episode-mass_concrete_qwen35_9b_10runs-02,latest,latest,leyao-li-epfl/scientific-exploration/episode-mass_concrete_qwen35_9b_10runs-02:latest,2026-05-05T15:07:39+00:00
episode_data,episode-mass_concrete_qwen35_9b_10runs-03,latest,latest,leyao-li-epfl/scientific-exploration/episode-mass_concrete_qwen35_9b_10runs-03:latest,2026-05-05T15:08:14+00:00
episode_data,episode-mass_concrete_qwen35_9b_10runs-04,latest,latest,leyao-li-epfl/scientific-exploration/episode-mass_concrete_qwen35_9b_10runs-04:latest,2026-05-05T15:08:51+00:00
episode_data,episode-mass_concrete_qwen35_9b_10runs-05,latest,latest,leyao-li-epfl/scientific-exploration/episode-mass_concrete_qwen35_9b_10runs-05:latest,2026-05-05T15:09:29+00:00
episode_data,episode-mass_concrete_qwen35_9b_10runs-06,latest,latest,leyao-li-epfl/scientific-exploration/episode-mass_concrete_qwen35_9b_10runs-06:latest,2026-05-05T15:09:55+00:00
episode_data,episode-mass_concrete_qwen35_9b_10runs-07,latest,latest,leyao-li-epfl/scientific-exploration/episode-mass_concrete_qwen35_9b_10runs-07:latest,2026-05-05T15:10:36+00:00
episode_data,episode-mass_concrete_qwen35_9b_10runs-08,latest,latest,leyao-li-epfl/scientific-exploration/episode-mass_concrete_qwen35_9b_10runs-08:latest,2026-05-05T15:11:01+00:00
episode_data,episode-mass_concrete_qwen35_9b_10runs-09,latest,latest,leyao-li-epfl/scientific-exploration/episode-mass_concrete_qwen35_9b_10runs-09:latest,2026-05-05T15:11:43+00:00
episode_data,episode-ohm_concrete_gemma3_4b_10runs-00,latest,latest,leyao-li-epfl/scientific-exploration/episode-ohm_concrete_gemma3_4b_10runs-00:latest,2026-05-04T23:55:43+00:00
episode_data,episode-ohm_concrete_gemma3_4b_10runs-01,latest,latest,leyao-li-epfl/scientific-exploration/episode-ohm_concrete_gemma3_4b_10runs-01:latest,2026-05-04T23:55:58+00:00
episode_data,episode-ohm_concrete_gemma3_4b_10runs-02,latest,latest,leyao-li-epfl/scientific-exploration/episode-ohm_concrete_gemma3_4b_10runs-02:latest,2026-05-04T23:56:13+00:00
episode_data,episode-ohm_concrete_gemma3_4b_10runs-03,latest,latest,leyao-li-epfl/scientific-exploration/episode-ohm_concrete_gemma3_4b_10runs-03:latest,2026-05-04T23:56:29+00:00
episode_data,episode-ohm_concrete_gemma3_4b_10runs-04,latest,latest,leyao-li-epfl/scientific-exploration/episode-ohm_concrete_gemma3_4b_10runs-04:latest,2026-05-04T23:56:42+00:00
episode_data,episode-ohm_concrete_gemma3_4b_10runs-05,latest,latest,leyao-li-epfl/scientific-exploration/episode-ohm_concrete_gemma3_4b_10runs-05:latest,2026-05-04T23:56:55+00:00
episode_data,episode-ohm_concrete_gemma3_4b_10runs-06,latest,latest,leyao-li-epfl/scientific-exploration/episode-ohm_concrete_gemma3_4b_10runs-06:latest,2026-05-04T23:57:09+00:00
episode_data,episode-ohm_concrete_gemma3_4b_10runs-07,latest,latest,leyao-li-epfl/scientific-exploration/episode-ohm_concrete_gemma3_4b_10runs-07:latest,2026-05-04T23:57:21+00:00
episode_data,episode-ohm_concrete_gemma3_4b_10runs-08,latest,latest,leyao-li-epfl/scientific-exploration/episode-ohm_concrete_gemma3_4b_10runs-08:latest,2026-05-04T23:57:34+00:00
episode_data,episode-ohm_concrete_gemma3_4b_10runs-09,latest,latest,leyao-li-epfl/scientific-exploration/episode-ohm_concrete_gemma3_4b_10runs-09:latest,2026-05-04T23:57:52+00:00
episode_data,episode-ohm_concrete_llama31_8b_10runs-00,latest,latest,leyao-li-epfl/scientific-exploration/episode-ohm_concrete_llama31_8b_10runs-00:latest,2026-05-04T23:41:57+00:00
episode_data,episode-ohm_concrete_llama31_8b_10runs-01,latest,latest,leyao-li-epfl/scientific-exploration/episode-ohm_concrete_llama31_8b_10runs-01:latest,2026-05-04T23:42:17+00:00
episode_data,episode-ohm_concrete_llama31_8b_10runs-02,latest,latest,leyao-li-epfl/scientific-exploration/episode-ohm_concrete_llama31_8b_10runs-02:latest,2026-05-04T23:42:39+00:00
episode_data,episode-ohm_concrete_llama31_8b_10runs-03,latest,latest,leyao-li-epfl/scientific-exploration/episode-ohm_concrete_llama31_8b_10runs-03:latest,2026-05-04T23:43:02+00:00
episode_data,episode-ohm_concrete_llama31_8b_10runs-04,latest,latest,leyao-li-epfl/scientific-exploration/episode-ohm_concrete_llama31_8b_10runs-04:latest,2026-05-04T23:43:25+00:00
episode_data,episode-ohm_concrete_llama31_8b_10runs-05,latest,latest,leyao-li-epfl/scientific-exploration/episode-ohm_concrete_llama31_8b_10runs-05:latest,2026-05-04T23:43:44+00:00
episode_data,episode-ohm_concrete_llama31_8b_10runs-06,latest,latest,leyao-li-epfl/scientific-exploration/episode-ohm_concrete_llama31_8b_10runs-06:latest,2026-05-04T23:44:25+00:00
episode_data,episode-ohm_concrete_llama31_8b_10runs-07,latest,latest,leyao-li-epfl/scientific-exploration/episode-ohm_concrete_llama31_8b_10runs-07:latest,2026-05-04T23:44:44+00:00
episode_data,episode-ohm_concrete_llama31_8b_10runs-08,latest,latest,leyao-li-epfl/scientific-exploration/episode-ohm_concrete_llama31_8b_10runs-08:latest,2026-05-04T23:45:08+00:00
episode_data,episode-ohm_concrete_llama31_8b_10runs-09,latest,latest,leyao-li-epfl/scientific-exploration/episode-ohm_concrete_llama31_8b_10runs-09:latest,2026-05-04T23:45:23+00:00
episode_data,episode-ohm_concrete_mistral_7b_10runs-00,latest,latest,leyao-li-epfl/scientific-exploration/episode-ohm_concrete_mistral_7b_10runs-00:latest,2026-05-04T23:47:01+00:00
episode_data,episode-ohm_concrete_mistral_7b_10runs-01,latest,latest,leyao-li-epfl/scientific-exploration/episode-ohm_concrete_mistral_7b_10runs-01:latest,2026-05-04T23:52:24+00:00
episode_data,episode-ohm_concrete_mistral_7b_10runs-02,latest,latest,leyao-li-epfl/scientific-exploration/episode-ohm_concrete_mistral_7b_10runs-02:latest,2026-05-04T23:53:01+00:00
episode_data,episode-ohm_concrete_mistral_7b_10runs-03,latest,latest,leyao-li-epfl/scientific-exploration/episode-ohm_concrete_mistral_7b_10runs-03:latest,2026-05-04T23:53:15+00:00
episode_data,episode-ohm_concrete_mistral_7b_10runs-04,latest,latest,leyao-li-epfl/scientific-exploration/episode-ohm_concrete_mistral_7b_10runs-04:latest,2026-05-04T23:53:27+00:00
episode_data,episode-ohm_concrete_mistral_7b_10runs-05,latest,latest,leyao-li-epfl/scientific-exploration/episode-ohm_concrete_mistral_7b_10runs-05:latest,2026-05-04T23:53:35+00:00
episode_data,episode-ohm_concrete_mistral_7b_10runs-06,latest,latest,leyao-li-epfl/scientific-exploration/episode-ohm_concrete_mistral_7b_10runs-06:latest,2026-05-04T23:53:48+00:00
episode_data,episode-ohm_concrete_mistral_7b_10runs-07,latest,latest,leyao-li-epfl/scientific-exploration/episode-ohm_concrete_mistral_7b_10runs-07:latest,2026-05-04T23:54:02+00:00
episode_data,episode-ohm_concrete_mistral_7b_10runs-08,latest,latest,leyao-li-epfl/scientific-exploration/episode-ohm_concrete_mistral_7b_10runs-08:latest,2026-05-04T23:54:18+00:00
episode_data,episode-ohm_concrete_mistral_7b_10runs-09,latest,latest,leyao-li-epfl/scientific-exploration/episode-ohm_concrete_mistral_7b_10runs-09:latest,2026-05-04T23:54:31+00:00
episode_data,episode-ohm_concrete_qwen25_3b_10runs-02,latest,latest,leyao-li-epfl/scientific-exploration/episode-ohm_concrete_qwen25_3b_10runs-02:latest,2026-05-04T23:25:02+00:00
episode_data,episode-ohm_concrete_qwen25_3b_10runs-03,latest,latest,leyao-li-epfl/scientific-exploration/episode-ohm_concrete_qwen25_3b_10runs-03:latest,2026-05-04T23:25:15+00:00
episode_data,episode-ohm_concrete_qwen25_3b_10runs-04,latest,latest,leyao-li-epfl/scientific-exploration/episode-ohm_concrete_qwen25_3b_10runs-04:latest,2026-05-04T23:25:23+00:00
episode_data,episode-ohm_concrete_qwen25_3b_10runs-05,latest,latest,leyao-li-epfl/scientific-exploration/episode-ohm_concrete_qwen25_3b_10runs-05:latest,2026-05-04T23:25:29+00:00
episode_data,episode-ohm_concrete_qwen25_3b_10runs-06,latest,latest,leyao-li-epfl/scientific-exploration/episode-ohm_concrete_qwen25_3b_10runs-06:latest,2026-05-04T23:25:41+00:00
episode_data,episode-ohm_concrete_qwen25_3b_10runs-07,latest,latest,leyao-li-epfl/scientific-exploration/episode-ohm_concrete_qwen25_3b_10runs-07:latest,2026-05-04T23:25:50+00:00
episode_data,episode-ohm_concrete_qwen25_3b_10runs-08,latest,latest,leyao-li-epfl/scientific-exploration/episode-ohm_concrete_qwen25_3b_10runs-08:latest,2026-05-04T23:25:59+00:00
episode_data,episode-ohm_concrete_qwen25_3b_10runs-09,latest,latest,leyao-li-epfl/scientific-exploration/episode-ohm_concrete_qwen25_3b_10runs-09:latest,2026-05-04T23:26:07+00:00
episode_data,episode-ohm_concrete_qwen25_7b_10runs-00,latest,latest,leyao-li-epfl/scientific-exploration/episode-ohm_concrete_qwen25_7b_10runs-00:latest,2026-05-04T23:27:29+00:00
episode_data,episode-ohm_concrete_qwen25_7b_10runs-01,latest,latest,leyao-li-epfl/scientific-exploration/episode-ohm_concrete_qwen25_7b_10runs-01:latest,2026-05-04T23:27:37+00:00
episode_data,episode-ohm_concrete_qwen25_7b_10runs-02,latest,latest,leyao-li-epfl/scientific-exploration/episode-ohm_concrete_qwen25_7b_10runs-02:latest,2026-05-04T23:27:42+00:00
episode_data,episode-ohm_concrete_qwen25_7b_10runs-03,latest,latest,leyao-li-epfl/scientific-exploration/episode-ohm_concrete_qwen25_7b_10runs-03:latest,2026-05-04T23:27:51+00:00
episode_data,episode-ohm_concrete_qwen25_7b_10runs-04,latest,latest,leyao-li-epfl/scientific-exploration/episode-ohm_concrete_qwen25_7b_10runs-04:latest,2026-05-04T23:27:56+00:00
episode_data,episode-ohm_concrete_qwen25_7b_10runs-05,latest,latest,leyao-li-epfl/scientific-exploration/episode-ohm_concrete_qwen25_7b_10runs-05:latest,2026-05-04T23:28:03+00:00
episode_data,episode-ohm_concrete_qwen25_7b_10runs-06,latest,latest,leyao-li-epfl/scientific-exploration/episode-ohm_concrete_qwen25_7b_10runs-06:latest,2026-05-04T23:28:10+00:00
episode_data,episode-ohm_concrete_qwen25_7b_10runs-07,latest,latest,leyao-li-epfl/scientific-exploration/episode-ohm_concrete_qwen25_7b_10runs-07:latest,2026-05-04T23:28:15+00:00
episode_data,episode-ohm_concrete_qwen25_7b_10runs-08,latest,latest,leyao-li-epfl/scientific-exploration/episode-ohm_concrete_qwen25_7b_10runs-08:latest,2026-05-04T23:28:21+00:00
episode_data,episode-ohm_concrete_qwen25_7b_10runs-09,latest,latest,leyao-li-epfl/scientific-exploration/episode-ohm_concrete_qwen25_7b_10runs-09:latest,2026-05-04T23:28:27+00:00
episode_data,episode-ohm_concrete_qwen35_4b_10runs-00,latest,latest,leyao-li-epfl/scientific-exploration/episode-ohm_concrete_qwen35_4b_10runs-00:latest,2026-05-04T23:29:39+00:00
episode_data,episode-ohm_concrete_qwen35_4b_10runs-01,latest,latest,leyao-li-epfl/scientific-exploration/episode-ohm_concrete_qwen35_4b_10runs-01:latest,2026-05-04T23:30:34+00:00
episode_data,episode-ohm_concrete_qwen35_4b_10runs-02,latest,latest,leyao-li-epfl/scientific-exploration/episode-ohm_concrete_qwen35_4b_10runs-02:latest,2026-05-04T23:31:02+00:00
episode_data,episode-ohm_concrete_qwen35_4b_10runs-03,latest,latest,leyao-li-epfl/scientific-exploration/episode-ohm_concrete_qwen35_4b_10runs-03:latest,2026-05-04T23:31:48+00:00
episode_data,episode-ohm_concrete_qwen35_4b_10runs-04,latest,latest,leyao-li-epfl/scientific-exploration/episode-ohm_concrete_qwen35_4b_10runs-04:latest,2026-05-04T23:32:05+00:00
episode_data,episode-ohm_concrete_qwen35_4b_10runs-05,latest,latest,leyao-li-epfl/scientific-exploration/episode-ohm_concrete_qwen35_4b_10runs-05:latest,2026-05-04T23:32:23+00:00
episode_data,episode-ohm_concrete_qwen35_4b_10runs-06,latest,latest,leyao-li-epfl/scientific-exploration/episode-ohm_concrete_qwen35_4b_10runs-06:latest,2026-05-04T23:32:54+00:00
episode_data,episode-ohm_concrete_qwen35_4b_10runs-07,latest,latest,leyao-li-epfl/scientific-exploration/episode-ohm_concrete_qwen35_4b_10runs-07:latest,2026-05-04T23:33:24+00:00
episode_data,episode-ohm_concrete_qwen35_4b_10runs-08,latest,latest,leyao-li-epfl/scientific-exploration/episode-ohm_concrete_qwen35_4b_10runs-08:latest,2026-05-04T23:33:41+00:00
episode_data,episode-ohm_concrete_qwen35_4b_10runs-09,latest,latest,leyao-li-epfl/scientific-exploration/episode-ohm_concrete_qwen35_4b_10runs-09:latest,2026-05-04T23:34:00+00:00
episode_data,episode-ohm_concrete_qwen35_9b_10runs-00,latest,latest,leyao-li-epfl/scientific-exploration/episode-ohm_concrete_qwen35_9b_10runs-00:latest,2026-05-04T23:36:00+00:00
episode_data,episode-ohm_concrete_qwen35_9b_10runs-01,latest,latest,leyao-li-epfl/scientific-exploration/episode-ohm_concrete_qwen35_9b_10runs-01:latest,2026-05-04T23:36:30+00:00
episode_data,episode-ohm_concrete_qwen35_9b_10runs-02,latest,latest,leyao-li-epfl/scientific-exploration/episode-ohm_concrete_qwen35_9b_10runs-02:latest,2026-05-04T23:37:05+00:00
episode_data,episode-ohm_concrete_qwen35_9b_10runs-03,latest,latest,leyao-li-epfl/scientific-exploration/episode-ohm_concrete_qwen35_9b_10runs-03:latest,2026-05-04T23:37:33+00:00
episode_data,episode-ohm_concrete_qwen35_9b_10runs-04,latest,latest,leyao-li-epfl/scientific-exploration/episode-ohm_concrete_qwen35_9b_10runs-04:latest,2026-05-04T23:37:59+00:00
episode_data,episode-ohm_concrete_qwen35_9b_10runs-05,latest,latest,leyao-li-epfl/scientific-exploration/episode-ohm_concrete_qwen35_9b_10runs-05:latest,2026-05-04T23:38:27+00:00
episode_data,episode-ohm_concrete_qwen35_9b_10runs-06,latest,latest,leyao-li-epfl/scientific-exploration/episode-ohm_concrete_qwen35_9b_10runs-06:latest,2026-05-04T23:38:57+00:00
episode_data,episode-ohm_concrete_qwen35_9b_10runs-07,latest,latest,leyao-li-epfl/scientific-exploration/episode-ohm_concrete_qwen35_9b_10runs-07:latest,2026-05-04T23:39:24+00:00
episode_data,episode-ohm_concrete_qwen35_9b_10runs-08,latest,latest,leyao-li-epfl/scientific-exploration/episode-ohm_concrete_qwen35_9b_10runs-08:latest,2026-05-04T23:39:51+00:00
episode_data,episode-ohm_concrete_qwen35_9b_10runs-09,latest,latest,leyao-li-epfl/scientific-exploration/episode-ohm_concrete_qwen35_9b_10runs-09:latest,2026-05-04T23:40:19+00:00
episode_data,episode-resistors_abbrev_gemma3_4b_10runs-00,latest,latest,leyao-li-epfl/scientific-exploration/episode-resistors_abbrev_gemma3_4b_10runs-00:latest,2026-05-05T17:38:57+00:00
episode_data,episode-resistors_abbrev_gemma3_4b_10runs-01,latest,latest,leyao-li-epfl/scientific-exploration/episode-resistors_abbrev_gemma3_4b_10runs-01:latest,2026-05-05T17:39:10+00:00
episode_data,episode-resistors_abbrev_gemma3_4b_10runs-02,latest,latest,leyao-li-epfl/scientific-exploration/episode-resistors_abbrev_gemma3_4b_10runs-02:latest,2026-05-05T17:39:18+00:00
episode_data,episode-resistors_abbrev_gemma3_4b_10runs-03,latest,latest,leyao-li-epfl/scientific-exploration/episode-resistors_abbrev_gemma3_4b_10runs-03:latest,2026-05-05T17:39:44+00:00
episode_data,episode-resistors_abbrev_gemma3_4b_10runs-04,latest,latest,leyao-li-epfl/scientific-exploration/episode-resistors_abbrev_gemma3_4b_10runs-04:latest,2026-05-05T17:39:56+00:00
episode_data,episode-resistors_abbrev_gemma3_4b_10runs-05,latest,latest,leyao-li-epfl/scientific-exploration/episode-resistors_abbrev_gemma3_4b_10runs-05:latest,2026-05-05T17:40:29+00:00
episode_data,episode-resistors_abbrev_gemma3_4b_10runs-06,latest,latest,leyao-li-epfl/scientific-exploration/episode-resistors_abbrev_gemma3_4b_10runs-06:latest,2026-05-05T17:40:44+00:00
episode_data,episode-resistors_abbrev_gemma3_4b_10runs-07,latest,latest,leyao-li-epfl/scientific-exploration/episode-resistors_abbrev_gemma3_4b_10runs-07:latest,2026-05-05T17:40:56+00:00
episode_data,episode-resistors_abbrev_gemma3_4b_10runs-08,latest,latest,leyao-li-epfl/scientific-exploration/episode-resistors_abbrev_gemma3_4b_10runs-08:latest,2026-05-05T17:41:16+00:00
episode_data,episode-resistors_abbrev_gemma3_4b_10runs-09,latest,latest,leyao-li-epfl/scientific-exploration/episode-resistors_abbrev_gemma3_4b_10runs-09:latest,2026-05-05T17:41:34+00:00
episode_data,episode-resistors_abbrev_llama31_8b_10runs-00,latest,latest,leyao-li-epfl/scientific-exploration/episode-resistors_abbrev_llama31_8b_10runs-00:latest,2026-05-05T17:23:37+00:00
episode_data,episode-resistors_abbrev_llama31_8b_10runs-01,latest,latest,leyao-li-epfl/scientific-exploration/episode-resistors_abbrev_llama31_8b_10runs-01:latest,2026-05-05T17:23:56+00:00
episode_data,episode-resistors_abbrev_llama31_8b_10runs-02,latest,latest,leyao-li-epfl/scientific-exploration/episode-resistors_abbrev_llama31_8b_10runs-02:latest,2026-05-05T17:27:08+00:00
episode_data,episode-resistors_abbrev_llama31_8b_10runs-03,latest,latest,leyao-li-epfl/scientific-exploration/episode-resistors_abbrev_llama31_8b_10runs-03:latest,2026-05-05T17:28:25+00:00
episode_data,episode-resistors_abbrev_llama31_8b_10runs-04,latest,latest,leyao-li-epfl/scientific-exploration/episode-resistors_abbrev_llama31_8b_10runs-04:latest,2026-05-05T17:29:23+00:00
episode_data,episode-resistors_abbrev_llama31_8b_10runs-05,latest,latest,leyao-li-epfl/scientific-exploration/episode-resistors_abbrev_llama31_8b_10runs-05:latest,2026-05-05T17:30:05+00:00
episode_data,episode-resistors_abbrev_llama31_8b_10runs-06,latest,latest,leyao-li-epfl/scientific-exploration/episode-resistors_abbrev_llama31_8b_10runs-06:latest,2026-05-05T17:30:28+00:00
episode_data,episode-resistors_abbrev_llama31_8b_10runs-07,latest,latest,leyao-li-epfl/scientific-exploration/episode-resistors_abbrev_llama31_8b_10runs-07:latest,2026-05-05T17:31:51+00:00
episode_data,episode-resistors_abbrev_llama31_8b_10runs-08,latest,latest,leyao-li-epfl/scientific-exploration/episode-resistors_abbrev_llama31_8b_10runs-08:latest,2026-05-05T17:32:15+00:00
episode_data,episode-resistors_abbrev_llama31_8b_10runs-09,latest,latest,leyao-li-epfl/scientific-exploration/episode-resistors_abbrev_llama31_8b_10runs-09:latest,2026-05-05T17:33:12+00:00
episode_data,episode-resistors_abbrev_mistral_7b_10runs-00,latest,latest,leyao-li-epfl/scientific-exploration/episode-resistors_abbrev_mistral_7b_10runs-00:latest,2026-05-05T17:34:45+00:00
episode_data,episode-resistors_abbrev_mistral_7b_10runs-01,latest,latest,leyao-li-epfl/scientific-exploration/episode-resistors_abbrev_mistral_7b_10runs-01:latest,2026-05-05T17:35:15+00:00
episode_data,episode-resistors_abbrev_mistral_7b_10runs-02,latest,latest,leyao-li-epfl/scientific-exploration/episode-resistors_abbrev_mistral_7b_10runs-02:latest,2026-05-05T17:35:35+00:00
episode_data,episode-resistors_abbrev_mistral_7b_10runs-03,latest,latest,leyao-li-epfl/scientific-exploration/episode-resistors_abbrev_mistral_7b_10runs-03:latest,2026-05-05T17:35:54+00:00
episode_data,episode-resistors_abbrev_mistral_7b_10runs-04,latest,latest,leyao-li-epfl/scientific-exploration/episode-resistors_abbrev_mistral_7b_10runs-04:latest,2026-05-05T17:36:06+00:00
episode_data,episode-resistors_abbrev_mistral_7b_10runs-05,latest,latest,leyao-li-epfl/scientific-exploration/episode-resistors_abbrev_mistral_7b_10runs-05:latest,2026-05-05T17:36:14+00:00
episode_data,episode-resistors_abbrev_mistral_7b_10runs-06,latest,latest,leyao-li-epfl/scientific-exploration/episode-resistors_abbrev_mistral_7b_10runs-06:latest,2026-05-05T17:36:26+00:00
episode_data,episode-resistors_abbrev_mistral_7b_10runs-07,latest,latest,leyao-li-epfl/scientific-exploration/episode-resistors_abbrev_mistral_7b_10runs-07:latest,2026-05-05T17:36:32+00:00
episode_data,episode-resistors_abbrev_mistral_7b_10runs-08,latest,latest,leyao-li-epfl/scientific-exploration/episode-resistors_abbrev_mistral_7b_10runs-08:latest,2026-05-05T17:36:56+00:00
episode_data,episode-resistors_abbrev_mistral_7b_10runs-09,latest,latest,leyao-li-epfl/scientific-exploration/episode-resistors_abbrev_mistral_7b_10runs-09:latest,2026-05-05T17:37:35+00:00
episode_data,episode-resistors_abbrev_qwen25_3b_10runs-00,latest,latest,leyao-li-epfl/scientific-exploration/episode-resistors_abbrev_qwen25_3b_10runs-00:latest,2026-05-05T17:02:27+00:00
episode_data,episode-resistors_abbrev_qwen25_3b_10runs-01,latest,latest,leyao-li-epfl/scientific-exploration/episode-resistors_abbrev_qwen25_3b_10runs-01:latest,2026-05-05T17:02:42+00:00
episode_data,episode-resistors_abbrev_qwen25_3b_10runs-02,latest,latest,leyao-li-epfl/scientific-exploration/episode-resistors_abbrev_qwen25_3b_10runs-02:latest,2026-05-05T17:03:03+00:00
episode_data,episode-resistors_abbrev_qwen25_3b_10runs-03,latest,latest,leyao-li-epfl/scientific-exploration/episode-resistors_abbrev_qwen25_3b_10runs-03:latest,2026-05-05T17:03:07+00:00
episode_data,episode-resistors_abbrev_qwen25_3b_10runs-04,latest,latest,leyao-li-epfl/scientific-exploration/episode-resistors_abbrev_qwen25_3b_10runs-04:latest,2026-05-05T17:03:25+00:00
episode_data,episode-resistors_abbrev_qwen25_3b_10runs-05,latest,latest,leyao-li-epfl/scientific-exploration/episode-resistors_abbrev_qwen25_3b_10runs-05:latest,2026-05-05T17:03:43+00:00
episode_data,episode-resistors_abbrev_qwen25_3b_10runs-06,latest,latest,leyao-li-epfl/scientific-exploration/episode-resistors_abbrev_qwen25_3b_10runs-06:latest,2026-05-05T17:04:06+00:00
episode_data,episode-resistors_abbrev_qwen25_3b_10runs-07,latest,latest,leyao-li-epfl/scientific-exploration/episode-resistors_abbrev_qwen25_3b_10runs-07:latest,2026-05-05T17:04:26+00:00
episode_data,episode-resistors_abbrev_qwen25_3b_10runs-08,latest,latest,leyao-li-epfl/scientific-exploration/episode-resistors_abbrev_qwen25_3b_10runs-08:latest,2026-05-05T17:05:00+00:00
episode_data,episode-resistors_abbrev_qwen25_3b_10runs-09,latest,latest,leyao-li-epfl/scientific-exploration/episode-resistors_abbrev_qwen25_3b_10runs-09:latest,2026-05-05T17:05:24+00:00
episode_data,episode-resistors_abbrev_qwen25_7b_10runs-00,latest,latest,leyao-li-epfl/scientific-exploration/episode-resistors_abbrev_qwen25_7b_10runs-00:latest,2026-05-05T17:07:01+00:00
episode_data,episode-resistors_abbrev_qwen25_7b_10runs-01,latest,latest,leyao-li-epfl/scientific-exploration/episode-resistors_abbrev_qwen25_7b_10runs-01:latest,2026-05-05T17:07:06+00:00
episode_data,episode-resistors_abbrev_qwen25_7b_10runs-02,latest,latest,leyao-li-epfl/scientific-exploration/episode-resistors_abbrev_qwen25_7b_10runs-02:latest,2026-05-05T17:07:18+00:00
episode_data,episode-resistors_abbrev_qwen25_7b_10runs-03,latest,latest,leyao-li-epfl/scientific-exploration/episode-resistors_abbrev_qwen25_7b_10runs-03:latest,2026-05-05T17:07:25+00:00
episode_data,episode-resistors_abbrev_qwen25_7b_10runs-04,latest,latest,leyao-li-epfl/scientific-exploration/episode-resistors_abbrev_qwen25_7b_10runs-04:latest,2026-05-05T17:07:35+00:00
episode_data,episode-resistors_abbrev_qwen25_7b_10runs-05,latest,latest,leyao-li-epfl/scientific-exploration/episode-resistors_abbrev_qwen25_7b_10runs-05:latest,2026-05-05T17:07:45+00:00
episode_data,episode-resistors_abbrev_qwen25_7b_10runs-06,latest,latest,leyao-li-epfl/scientific-exploration/episode-resistors_abbrev_qwen25_7b_10runs-06:latest,2026-05-05T17:07:53+00:00
episode_data,episode-resistors_abbrev_qwen25_7b_10runs-07,latest,latest,leyao-li-epfl/scientific-exploration/episode-resistors_abbrev_qwen25_7b_10runs-07:latest,2026-05-05T17:07:58+00:00
episode_data,episode-resistors_abbrev_qwen25_7b_10runs-08,latest,latest,leyao-li-epfl/scientific-exploration/episode-resistors_abbrev_qwen25_7b_10runs-08:latest,2026-05-05T17:08:14+00:00
episode_data,episode-resistors_abbrev_qwen25_7b_10runs-09,latest,latest,leyao-li-epfl/scientific-exploration/episode-resistors_abbrev_qwen25_7b_10runs-09:latest,2026-05-05T17:08:21+00:00
episode_data,episode-resistors_abbrev_qwen35_4b_10runs-00,latest,latest,leyao-li-epfl/scientific-exploration/episode-resistors_abbrev_qwen35_4b_10runs-00:latest,2026-05-05T17:09:55+00:00
episode_data,episode-resistors_abbrev_qwen35_4b_10runs-01,latest,latest,leyao-li-epfl/scientific-exploration/episode-resistors_abbrev_qwen35_4b_10runs-01:latest,2026-05-05T17:10:15+00:00
episode_data,episode-resistors_abbrev_qwen35_4b_10runs-02,latest,latest,leyao-li-epfl/scientific-exploration/episode-resistors_abbrev_qwen35_4b_10runs-02:latest,2026-05-05T17:11:08+00:00
episode_data,episode-resistors_abbrev_qwen35_4b_10runs-03,latest,latest,leyao-li-epfl/scientific-exploration/episode-resistors_abbrev_qwen35_4b_10runs-03:latest,2026-05-05T17:11:27+00:00
episode_data,episode-resistors_abbrev_qwen35_4b_10runs-04,latest,latest,leyao-li-epfl/scientific-exploration/episode-resistors_abbrev_qwen35_4b_10runs-04:latest,2026-05-05T17:11:57+00:00
episode_data,episode-resistors_abbrev_qwen35_4b_10runs-05,latest,latest,leyao-li-epfl/scientific-exploration/episode-resistors_abbrev_qwen35_4b_10runs-05:latest,2026-05-05T17:12:14+00:00
episode_data,episode-resistors_abbrev_qwen35_4b_10runs-06,latest,latest,leyao-li-epfl/scientific-exploration/episode-resistors_abbrev_qwen35_4b_10runs-06:latest,2026-05-05T17:13:01+00:00
episode_data,episode-resistors_abbrev_qwen35_4b_10runs-07,latest,latest,leyao-li-epfl/scientific-exploration/episode-resistors_abbrev_qwen35_4b_10runs-07:latest,2026-05-05T17:13:37+00:00
episode_data,episode-resistors_abbrev_qwen35_4b_10runs-08,latest,latest,leyao-li-epfl/scientific-exploration/episode-resistors_abbrev_qwen35_4b_10runs-08:latest,2026-05-05T17:13:57+00:00
episode_data,episode-resistors_abbrev_qwen35_4b_10runs-09,latest,latest,leyao-li-epfl/scientific-exploration/episode-resistors_abbrev_qwen35_4b_10runs-09:latest,2026-05-05T17:14:15+00:00
episode_data,episode-resistors_abbrev_qwen35_9b_10runs-00,latest,latest,leyao-li-epfl/scientific-exploration/episode-resistors_abbrev_qwen35_9b_10runs-00:latest,2026-05-05T17:16:46+00:00
episode_data,episode-resistors_abbrev_qwen35_9b_10runs-01,latest,latest,leyao-li-epfl/scientific-exploration/episode-resistors_abbrev_qwen35_9b_10runs-01:latest,2026-05-05T17:17:17+00:00
episode_data,episode-resistors_abbrev_qwen35_9b_10runs-02,latest,latest,leyao-li-epfl/scientific-exploration/episode-resistors_abbrev_qwen35_9b_10runs-02:latest,2026-05-05T17:17:47+00:00
episode_data,episode-resistors_abbrev_qwen35_9b_10runs-03,latest,latest,leyao-li-epfl/scientific-exploration/episode-resistors_abbrev_qwen35_9b_10runs-03:latest,2026-05-05T17:18:13+00:00
episode_data,episode-resistors_abbrev_qwen35_9b_10runs-04,latest,latest,leyao-li-epfl/scientific-exploration/episode-resistors_abbrev_qwen35_9b_10runs-04:latest,2026-05-05T17:18:44+00:00
episode_data,episode-resistors_abbrev_qwen35_9b_10runs-05,latest,latest,leyao-li-epfl/scientific-exploration/episode-resistors_abbrev_qwen35_9b_10runs-05:latest,2026-05-05T17:19:15+00:00
episode_data,episode-resistors_abbrev_qwen35_9b_10runs-06,latest,latest,leyao-li-epfl/scientific-exploration/episode-resistors_abbrev_qwen35_9b_10runs-06:latest,2026-05-05T17:19:43+00:00
episode_data,episode-resistors_abbrev_qwen35_9b_10runs-07,latest,latest,leyao-li-epfl/scientific-exploration/episode-resistors_abbrev_qwen35_9b_10runs-07:latest,2026-05-05T17:20:13+00:00
episode_data,episode-resistors_abbrev_qwen35_9b_10runs-08,latest,latest,leyao-li-epfl/scientific-exploration/episode-resistors_abbrev_qwen35_9b_10runs-08:latest,2026-05-05T17:20:41+00:00
episode_data,episode-resistors_abbrev_qwen35_9b_10runs-09,latest,latest,leyao-li-epfl/scientific-exploration/episode-resistors_abbrev_qwen35_9b_10runs-09:latest,2026-05-05T17:21:21+00:00
episode_data,episode-resistors_abstract_gemma3_4b_10runs-00,latest,latest,leyao-li-epfl/scientific-exploration/episode-resistors_abstract_gemma3_4b_10runs-00:latest,2026-05-05T18:11:30+00:00
episode_data,episode-resistors_abstract_gemma3_4b_10runs-01,latest,latest,leyao-li-epfl/scientific-exploration/episode-resistors_abstract_gemma3_4b_10runs-01:latest,2026-05-05T18:11:50+00:00
episode_data,episode-resistors_abstract_gemma3_4b_10runs-02,latest,latest,leyao-li-epfl/scientific-exploration/episode-resistors_abstract_gemma3_4b_10runs-02:latest,2026-05-05T18:12:07+00:00
episode_data,episode-resistors_abstract_gemma3_4b_10runs-03,latest,latest,leyao-li-epfl/scientific-exploration/episode-resistors_abstract_gemma3_4b_10runs-03:latest,2026-05-05T18:12:26+00:00
episode_data,episode-resistors_abstract_gemma3_4b_10runs-04,latest,latest,leyao-li-epfl/scientific-exploration/episode-resistors_abstract_gemma3_4b_10runs-04:latest,2026-05-05T18:13:06+00:00
episode_data,episode-resistors_abstract_gemma3_4b_10runs-05,latest,latest,leyao-li-epfl/scientific-exploration/episode-resistors_abstract_gemma3_4b_10runs-05:latest,2026-05-05T18:13:17+00:00
episode_data,episode-resistors_abstract_gemma3_4b_10runs-06,latest,latest,leyao-li-epfl/scientific-exploration/episode-resistors_abstract_gemma3_4b_10runs-06:latest,2026-05-05T18:13:34+00:00
episode_data,episode-resistors_abstract_gemma3_4b_10runs-07,latest,latest,leyao-li-epfl/scientific-exploration/episode-resistors_abstract_gemma3_4b_10runs-07:latest,2026-05-05T18:13:46+00:00
episode_data,episode-resistors_abstract_gemma3_4b_10runs-08,latest,latest,leyao-li-epfl/scientific-exploration/episode-resistors_abstract_gemma3_4b_10runs-08:latest,2026-05-05T18:14:00+00:00
episode_data,episode-resistors_abstract_gemma3_4b_10runs-09,latest,latest,leyao-li-epfl/scientific-exploration/episode-resistors_abstract_gemma3_4b_10runs-09:latest,2026-05-05T18:14:19+00:00
episode_data,episode-resistors_abstract_llama31_8b_10runs-00,latest,latest,leyao-li-epfl/scientific-exploration/episode-resistors_abstract_llama31_8b_10runs-00:latest,2026-05-05T18:02:28+00:00
episode_data,episode-resistors_abstract_llama31_8b_10runs-01,latest,latest,leyao-li-epfl/scientific-exploration/episode-resistors_abstract_llama31_8b_10runs-01:latest,2026-05-05T18:02:56+00:00
episode_data,episode-resistors_abstract_llama31_8b_10runs-02,latest,latest,leyao-li-epfl/scientific-exploration/episode-resistors_abstract_llama31_8b_10runs-02:latest,2026-05-05T18:03:15+00:00
episode_data,episode-resistors_abstract_llama31_8b_10runs-03,latest,latest,leyao-li-epfl/scientific-exploration/episode-resistors_abstract_llama31_8b_10runs-03:latest,2026-05-05T18:04:06+00:00
episode_data,episode-resistors_abstract_llama31_8b_10runs-04,latest,latest,leyao-li-epfl/scientific-exploration/episode-resistors_abstract_llama31_8b_10runs-04:latest,2026-05-05T18:04:15+00:00
episode_data,episode-resistors_abstract_llama31_8b_10runs-05,latest,latest,leyao-li-epfl/scientific-exploration/episode-resistors_abstract_llama31_8b_10runs-05:latest,2026-05-05T18:04:38+00:00
episode_data,episode-resistors_abstract_llama31_8b_10runs-06,latest,latest,leyao-li-epfl/scientific-exploration/episode-resistors_abstract_llama31_8b_10runs-06:latest,2026-05-05T18:04:58+00:00
episode_data,episode-resistors_abstract_llama31_8b_10runs-07,latest,latest,leyao-li-epfl/scientific-exploration/episode-resistors_abstract_llama31_8b_10runs-07:latest,2026-05-05T18:05:21+00:00
episode_data,episode-resistors_abstract_llama31_8b_10runs-08,latest,latest,leyao-li-epfl/scientific-exploration/episode-resistors_abstract_llama31_8b_10runs-08:latest,2026-05-05T18:06:02+00:00
episode_data,episode-resistors_abstract_llama31_8b_10runs-09,latest,latest,leyao-li-epfl/scientific-exploration/episode-resistors_abstract_llama31_8b_10runs-09:latest,2026-05-05T18:06:19+00:00
episode_data,episode-resistors_abstract_mistral_7b_10runs-00,latest,latest,leyao-li-epfl/scientific-exploration/episode-resistors_abstract_mistral_7b_10runs-00:latest,2026-05-05T18:08:11+00:00
episode_data,episode-resistors_abstract_mistral_7b_10runs-01,latest,latest,leyao-li-epfl/scientific-exploration/episode-resistors_abstract_mistral_7b_10runs-01:latest,2026-05-05T18:08:22+00:00
episode_data,episode-resistors_abstract_mistral_7b_10runs-02,latest,latest,leyao-li-epfl/scientific-exploration/episode-resistors_abstract_mistral_7b_10runs-02:latest,2026-05-05T18:08:33+00:00
episode_data,episode-resistors_abstract_mistral_7b_10runs-03,latest,latest,leyao-li-epfl/scientific-exploration/episode-resistors_abstract_mistral_7b_10runs-03:latest,2026-05-05T18:08:41+00:00
episode_data,episode-resistors_abstract_mistral_7b_10runs-04,latest,latest,leyao-li-epfl/scientific-exploration/episode-resistors_abstract_mistral_7b_10runs-04:latest,2026-05-05T18:08:59+00:00
episode_data,episode-resistors_abstract_mistral_7b_10runs-05,latest,latest,leyao-li-epfl/scientific-exploration/episode-resistors_abstract_mistral_7b_10runs-05:latest,2026-05-05T18:09:13+00:00
episode_data,episode-resistors_abstract_mistral_7b_10runs-06,latest,latest,leyao-li-epfl/scientific-exploration/episode-resistors_abstract_mistral_7b_10runs-06:latest,2026-05-05T18:09:27+00:00
episode_data,episode-resistors_abstract_mistral_7b_10runs-07,latest,latest,leyao-li-epfl/scientific-exploration/episode-resistors_abstract_mistral_7b_10runs-07:latest,2026-05-05T18:09:37+00:00
episode_data,episode-resistors_abstract_mistral_7b_10runs-08,latest,latest,leyao-li-epfl/scientific-exploration/episode-resistors_abstract_mistral_7b_10runs-08:latest,2026-05-05T18:09:47+00:00
episode_data,episode-resistors_abstract_mistral_7b_10runs-09,latest,latest,leyao-li-epfl/scientific-exploration/episode-resistors_abstract_mistral_7b_10runs-09:latest,2026-05-05T18:09:56+00:00
episode_data,episode-resistors_abstract_qwen25_3b_10runs-00,latest,latest,leyao-li-epfl/scientific-exploration/episode-resistors_abstract_qwen25_3b_10runs-00:latest,2026-05-05T17:42:36+00:00
episode_data,episode-resistors_abstract_qwen25_3b_10runs-01,latest,latest,leyao-li-epfl/scientific-exploration/episode-resistors_abstract_qwen25_3b_10runs-01:latest,2026-05-05T17:42:48+00:00
episode_data,episode-resistors_abstract_qwen25_3b_10runs-02,latest,latest,leyao-li-epfl/scientific-exploration/episode-resistors_abstract_qwen25_3b_10runs-02:latest,2026-05-05T17:43:00+00:00
episode_data,episode-resistors_abstract_qwen25_3b_10runs-03,latest,latest,leyao-li-epfl/scientific-exploration/episode-resistors_abstract_qwen25_3b_10runs-03:latest,2026-05-05T17:43:12+00:00
episode_data,episode-resistors_abstract_qwen25_3b_10runs-04,latest,latest,leyao-li-epfl/scientific-exploration/episode-resistors_abstract_qwen25_3b_10runs-04:latest,2026-05-05T17:43:23+00:00
episode_data,episode-resistors_abstract_qwen25_3b_10runs-05,latest,latest,leyao-li-epfl/scientific-exploration/episode-resistors_abstract_qwen25_3b_10runs-05:latest,2026-05-05T17:43:36+00:00
episode_data,episode-resistors_abstract_qwen25_3b_10runs-06,latest,latest,leyao-li-epfl/scientific-exploration/episode-resistors_abstract_qwen25_3b_10runs-06:latest,2026-05-05T17:43:44+00:00
episode_data,episode-resistors_abstract_qwen25_3b_10runs-07,latest,latest,leyao-li-epfl/scientific-exploration/episode-resistors_abstract_qwen25_3b_10runs-07:latest,2026-05-05T17:43:52+00:00
episode_data,episode-resistors_abstract_qwen25_3b_10runs-08,latest,latest,leyao-li-epfl/scientific-exploration/episode-resistors_abstract_qwen25_3b_10runs-08:latest,2026-05-05T17:44:08+00:00
episode_data,episode-resistors_abstract_qwen25_3b_10runs-09,latest,latest,leyao-li-epfl/scientific-exploration/episode-resistors_abstract_qwen25_3b_10runs-09:latest,2026-05-05T17:44:27+00:00
episode_data,episode-resistors_abstract_qwen25_7b_10runs-00,latest,latest,leyao-li-epfl/scientific-exploration/episode-resistors_abstract_qwen25_7b_10runs-00:latest,2026-05-05T17:45:52+00:00
episode_data,episode-resistors_abstract_qwen25_7b_10runs-01,latest,latest,leyao-li-epfl/scientific-exploration/episode-resistors_abstract_qwen25_7b_10runs-01:latest,2026-05-05T17:46:01+00:00
episode_data,episode-resistors_abstract_qwen25_7b_10runs-02,latest,latest,leyao-li-epfl/scientific-exploration/episode-resistors_abstract_qwen25_7b_10runs-02:latest,2026-05-05T17:46:17+00:00
episode_data,episode-resistors_abstract_qwen25_7b_10runs-03,latest,latest,leyao-li-epfl/scientific-exploration/episode-resistors_abstract_qwen25_7b_10runs-03:latest,2026-05-05T17:46:24+00:00
episode_data,episode-resistors_abstract_qwen25_7b_10runs-04,latest,latest,leyao-li-epfl/scientific-exploration/episode-resistors_abstract_qwen25_7b_10runs-04:latest,2026-05-05T17:46:33+00:00
episode_data,episode-resistors_abstract_qwen25_7b_10runs-05,latest,latest,leyao-li-epfl/scientific-exploration/episode-resistors_abstract_qwen25_7b_10runs-05:latest,2026-05-05T17:46:40+00:00
episode_data,episode-resistors_abstract_qwen25_7b_10runs-06,latest,latest,leyao-li-epfl/scientific-exploration/episode-resistors_abstract_qwen25_7b_10runs-06:latest,2026-05-05T17:46:49+00:00
episode_data,episode-resistors_abstract_qwen25_7b_10runs-07,latest,latest,leyao-li-epfl/scientific-exploration/episode-resistors_abstract_qwen25_7b_10runs-07:latest,2026-05-05T17:46:57+00:00
episode_data,episode-resistors_abstract_qwen25_7b_10runs-08,latest,latest,leyao-li-epfl/scientific-exploration/episode-resistors_abstract_qwen25_7b_10runs-08:latest,2026-05-05T17:47:02+00:00
episode_data,episode-resistors_abstract_qwen25_7b_10runs-09,latest,latest,leyao-li-epfl/scientific-exploration/episode-resistors_abstract_qwen25_7b_10runs-09:latest,2026-05-05T17:47:08+00:00
episode_data,episode-resistors_abstract_qwen35_4b_10runs-00,latest,latest,leyao-li-epfl/scientific-exploration/episode-resistors_abstract_qwen35_4b_10runs-00:latest,2026-05-05T17:48:43+00:00
episode_data,episode-resistors_abstract_qwen35_4b_10runs-01,latest,latest,leyao-li-epfl/scientific-exploration/episode-resistors_abstract_qwen35_4b_10runs-01:latest,2026-05-05T17:49:00+00:00
episode_data,episode-resistors_abstract_qwen35_4b_10runs-02,latest,latest,leyao-li-epfl/scientific-exploration/episode-resistors_abstract_qwen35_4b_10runs-02:latest,2026-05-05T17:49:20+00:00
episode_data,episode-resistors_abstract_qwen35_4b_10runs-03,latest,latest,leyao-li-epfl/scientific-exploration/episode-resistors_abstract_qwen35_4b_10runs-03:latest,2026-05-05T17:49:38+00:00
episode_data,episode-resistors_abstract_qwen35_4b_10runs-04,latest,latest,leyao-li-epfl/scientific-exploration/episode-resistors_abstract_qwen35_4b_10runs-04:latest,2026-05-05T17:51:02+00:00
episode_data,episode-resistors_abstract_qwen35_4b_10runs-05,latest,latest,leyao-li-epfl/scientific-exploration/episode-resistors_abstract_qwen35_4b_10runs-05:latest,2026-05-05T17:51:33+00:00
episode_data,episode-resistors_abstract_qwen35_4b_10runs-06,latest,latest,leyao-li-epfl/scientific-exploration/episode-resistors_abstract_qwen35_4b_10runs-06:latest,2026-05-05T17:51:54+00:00
episode_data,episode-resistors_abstract_qwen35_4b_10runs-07,latest,latest,leyao-li-epfl/scientific-exploration/episode-resistors_abstract_qwen35_4b_10runs-07:latest,2026-05-05T17:52:15+00:00
episode_data,episode-resistors_abstract_qwen35_4b_10runs-08,latest,latest,leyao-li-epfl/scientific-exploration/episode-resistors_abstract_qwen35_4b_10runs-08:latest,2026-05-05T17:52:44+00:00
episode_data,episode-resistors_abstract_qwen35_4b_10runs-09,latest,latest,leyao-li-epfl/scientific-exploration/episode-resistors_abstract_qwen35_4b_10runs-09:latest,2026-05-05T17:53:02+00:00
episode_data,episode-resistors_abstract_qwen35_9b_10runs-00,latest,latest,leyao-li-epfl/scientific-exploration/episode-resistors_abstract_qwen35_9b_10runs-00:latest,2026-05-05T17:55:24+00:00
episode_data,episode-resistors_abstract_qwen35_9b_10runs-01,latest,latest,leyao-li-epfl/scientific-exploration/episode-resistors_abstract_qwen35_9b_10runs-01:latest,2026-05-05T17:56:03+00:00
episode_data,episode-resistors_abstract_qwen35_9b_10runs-02,latest,latest,leyao-li-epfl/scientific-exploration/episode-resistors_abstract_qwen35_9b_10runs-02:latest,2026-05-05T17:56:36+00:00
episode_data,episode-resistors_abstract_qwen35_9b_10runs-03,latest,latest,leyao-li-epfl/scientific-exploration/episode-resistors_abstract_qwen35_9b_10runs-03:latest,2026-05-05T17:57:03+00:00
episode_data,episode-resistors_abstract_qwen35_9b_10runs-04,latest,latest,leyao-li-epfl/scientific-exploration/episode-resistors_abstract_qwen35_9b_10runs-04:latest,2026-05-05T17:57:51+00:00
episode_data,episode-resistors_abstract_qwen35_9b_10runs-05,latest,latest,leyao-li-epfl/scientific-exploration/episode-resistors_abstract_qwen35_9b_10runs-05:latest,2026-05-05T17:58:22+00:00
episode_data,episode-resistors_abstract_qwen35_9b_10runs-06,latest,latest,leyao-li-epfl/scientific-exploration/episode-resistors_abstract_qwen35_9b_10runs-06:latest,2026-05-05T17:58:51+00:00
episode_data,episode-resistors_abstract_qwen35_9b_10runs-07,latest,latest,leyao-li-epfl/scientific-exploration/episode-resistors_abstract_qwen35_9b_10runs-07:latest,2026-05-05T17:59:18+00:00
episode_data,episode-resistors_abstract_qwen35_9b_10runs-08,latest,latest,leyao-li-epfl/scientific-exploration/episode-resistors_abstract_qwen35_9b_10runs-08:latest,2026-05-05T17:59:46+00:00
episode_data,episode-resistors_abstract_qwen35_9b_10runs-09,latest,latest,leyao-li-epfl/scientific-exploration/episode-resistors_abstract_qwen35_9b_10runs-09:latest,2026-05-05T18:00:16+00:00
episode_data,episode-resistors_concrete_gemma3_4b_10runs-00,latest,latest,leyao-li-epfl/scientific-exploration/episode-resistors_concrete_gemma3_4b_10runs-00:latest,2026-05-05T16:59:29+00:00
episode_data,episode-resistors_concrete_gemma3_4b_10runs-01,latest,latest,leyao-li-epfl/scientific-exploration/episode-resistors_concrete_gemma3_4b_10runs-01:latest,2026-05-05T16:59:42+00:00
episode_data,episode-resistors_concrete_gemma3_4b_10runs-02,latest,latest,leyao-li-epfl/scientific-exploration/episode-resistors_concrete_gemma3_4b_10runs-02:latest,2026-05-05T16:59:54+00:00
episode_data,episode-resistors_concrete_gemma3_4b_10runs-03,latest,latest,leyao-li-epfl/scientific-exploration/episode-resistors_concrete_gemma3_4b_10runs-03:latest,2026-05-05T17:00:07+00:00
episode_data,episode-resistors_concrete_gemma3_4b_10runs-04,latest,latest,leyao-li-epfl/scientific-exploration/episode-resistors_concrete_gemma3_4b_10runs-04:latest,2026-05-05T17:00:19+00:00
episode_data,episode-resistors_concrete_gemma3_4b_10runs-05,latest,latest,leyao-li-epfl/scientific-exploration/episode-resistors_concrete_gemma3_4b_10runs-05:latest,2026-05-05T17:00:36+00:00
episode_data,episode-resistors_concrete_gemma3_4b_10runs-06,latest,latest,leyao-li-epfl/scientific-exploration/episode-resistors_concrete_gemma3_4b_10runs-06:latest,2026-05-05T17:00:50+00:00
episode_data,episode-resistors_concrete_gemma3_4b_10runs-07,latest,latest,leyao-li-epfl/scientific-exploration/episode-resistors_concrete_gemma3_4b_10runs-07:latest,2026-05-05T17:01:06+00:00
episode_data,episode-resistors_concrete_gemma3_4b_10runs-08,latest,latest,leyao-li-epfl/scientific-exploration/episode-resistors_concrete_gemma3_4b_10runs-08:latest,2026-05-05T17:01:14+00:00
episode_data,episode-resistors_concrete_gemma3_4b_10runs-09,latest,latest,leyao-li-epfl/scientific-exploration/episode-resistors_concrete_gemma3_4b_10runs-09:latest,2026-05-05T17:01:27+00:00
episode_data,episode-resistors_concrete_llama31_8b_10runs-00,latest,latest,leyao-li-epfl/scientific-exploration/episode-resistors_concrete_llama31_8b_10runs-00:latest,2026-05-05T16:49:50+00:00
episode_data,episode-resistors_concrete_llama31_8b_10runs-01,latest,latest,leyao-li-epfl/scientific-exploration/episode-resistors_concrete_llama31_8b_10runs-01:latest,2026-05-05T16:50:09+00:00
episode_data,episode-resistors_concrete_llama31_8b_10runs-02,latest,latest,leyao-li-epfl/scientific-exploration/episode-resistors_concrete_llama31_8b_10runs-02:latest,2026-05-05T16:50:51+00:00
episode_data,episode-resistors_concrete_llama31_8b_10runs-03,latest,latest,leyao-li-epfl/scientific-exploration/episode-resistors_concrete_llama31_8b_10runs-03:latest,2026-05-05T16:51:38+00:00
episode_data,episode-resistors_concrete_llama31_8b_10runs-04,latest,latest,leyao-li-epfl/scientific-exploration/episode-resistors_concrete_llama31_8b_10runs-04:latest,2026-05-05T16:51:52+00:00
episode_data,episode-resistors_concrete_llama31_8b_10runs-05,latest,latest,leyao-li-epfl/scientific-exploration/episode-resistors_concrete_llama31_8b_10runs-05:latest,2026-05-05T16:53:21+00:00
episode_data,episode-resistors_concrete_llama31_8b_10runs-06,latest,latest,leyao-li-epfl/scientific-exploration/episode-resistors_concrete_llama31_8b_10runs-06:latest,2026-05-05T16:53:39+00:00
episode_data,episode-resistors_concrete_llama31_8b_10runs-07,latest,latest,leyao-li-epfl/scientific-exploration/episode-resistors_concrete_llama31_8b_10runs-07:latest,2026-05-05T16:54:01+00:00
episode_data,episode-resistors_concrete_llama31_8b_10runs-08,latest,latest,leyao-li-epfl/scientific-exploration/episode-resistors_concrete_llama31_8b_10runs-08:latest,2026-05-05T16:54:15+00:00
episode_data,episode-resistors_concrete_llama31_8b_10runs-09,latest,latest,leyao-li-epfl/scientific-exploration/episode-resistors_concrete_llama31_8b_10runs-09:latest,2026-05-05T16:54:33+00:00
episode_data,episode-resistors_concrete_mistral_7b_10runs-00,latest,latest,leyao-li-epfl/scientific-exploration/episode-resistors_concrete_mistral_7b_10runs-00:latest,2026-05-05T16:56:15+00:00
episode_data,episode-resistors_concrete_mistral_7b_10runs-01,latest,latest,leyao-li-epfl/scientific-exploration/episode-resistors_concrete_mistral_7b_10runs-01:latest,2026-05-05T16:56:25+00:00
episode_data,episode-resistors_concrete_mistral_7b_10runs-02,latest,latest,leyao-li-epfl/scientific-exploration/episode-resistors_concrete_mistral_7b_10runs-02:latest,2026-05-05T16:56:43+00:00
episode_data,episode-resistors_concrete_mistral_7b_10runs-03,latest,latest,leyao-li-epfl/scientific-exploration/episode-resistors_concrete_mistral_7b_10runs-03:latest,2026-05-05T16:56:51+00:00
episode_data,episode-resistors_concrete_mistral_7b_10runs-04,latest,latest,leyao-li-epfl/scientific-exploration/episode-resistors_concrete_mistral_7b_10runs-04:latest,2026-05-05T16:57:11+00:00
episode_data,episode-resistors_concrete_mistral_7b_10runs-05,latest,latest,leyao-li-epfl/scientific-exploration/episode-resistors_concrete_mistral_7b_10runs-05:latest,2026-05-05T16:57:23+00:00
episode_data,episode-resistors_concrete_mistral_7b_10runs-06,latest,latest,leyao-li-epfl/scientific-exploration/episode-resistors_concrete_mistral_7b_10runs-06:latest,2026-05-05T16:57:32+00:00
episode_data,episode-resistors_concrete_mistral_7b_10runs-07,latest,latest,leyao-li-epfl/scientific-exploration/episode-resistors_concrete_mistral_7b_10runs-07:latest,2026-05-05T16:57:46+00:00
episode_data,episode-resistors_concrete_mistral_7b_10runs-08,latest,latest,leyao-li-epfl/scientific-exploration/episode-resistors_concrete_mistral_7b_10runs-08:latest,2026-05-05T16:57:55+00:00
episode_data,episode-resistors_concrete_mistral_7b_10runs-09,latest,latest,leyao-li-epfl/scientific-exploration/episode-resistors_concrete_mistral_7b_10runs-09:latest,2026-05-05T16:58:05+00:00
episode_data,episode-resistors_concrete_qwen25_3b_10runs-00,latest,latest,leyao-li-epfl/scientific-exploration/episode-resistors_concrete_qwen25_3b_10runs-00:latest,2026-05-05T16:32:30+00:00
episode_data,episode-resistors_concrete_qwen25_3b_10runs-01,latest,latest,leyao-li-epfl/scientific-exploration/episode-resistors_concrete_qwen25_3b_10runs-01:latest,2026-05-05T16:32:38+00:00
episode_data,episode-resistors_concrete_qwen25_3b_10runs-02,latest,latest,leyao-li-epfl/scientific-exploration/episode-resistors_concrete_qwen25_3b_10runs-02:latest,2026-05-05T16:32:45+00:00
episode_data,episode-resistors_concrete_qwen25_3b_10runs-03,latest,latest,leyao-li-epfl/scientific-exploration/episode-resistors_concrete_qwen25_3b_10runs-03:latest,2026-05-05T16:32:54+00:00
episode_data,episode-resistors_concrete_qwen25_3b_10runs-04,latest,latest,leyao-li-epfl/scientific-exploration/episode-resistors_concrete_qwen25_3b_10runs-04:latest,2026-05-05T16:33:07+00:00
episode_data,episode-resistors_concrete_qwen25_3b_10runs-05,latest,latest,leyao-li-epfl/scientific-exploration/episode-resistors_concrete_qwen25_3b_10runs-05:latest,2026-05-05T16:33:17+00:00
episode_data,episode-resistors_concrete_qwen25_3b_10runs-06,latest,latest,leyao-li-epfl/scientific-exploration/episode-resistors_concrete_qwen25_3b_10runs-06:latest,2026-05-05T16:33:23+00:00
episode_data,episode-resistors_concrete_qwen25_3b_10runs-07,latest,latest,leyao-li-epfl/scientific-exploration/episode-resistors_concrete_qwen25_3b_10runs-07:latest,2026-05-05T16:33:37+00:00
episode_data,episode-resistors_concrete_qwen25_3b_10runs-08,latest,latest,leyao-li-epfl/scientific-exploration/episode-resistors_concrete_qwen25_3b_10runs-08:latest,2026-05-05T16:33:44+00:00
episode_data,episode-resistors_concrete_qwen25_3b_10runs-09,latest,latest,leyao-li-epfl/scientific-exploration/episode-resistors_concrete_qwen25_3b_10runs-09:latest,2026-05-05T16:33:47+00:00
episode_data,episode-resistors_concrete_qwen25_7b_10runs-00,latest,latest,leyao-li-epfl/scientific-exploration/episode-resistors_concrete_qwen25_7b_10runs-00:latest,2026-05-05T16:35:23+00:00
episode_data,episode-resistors_concrete_qwen25_7b_10runs-01,latest,latest,leyao-li-epfl/scientific-exploration/episode-resistors_concrete_qwen25_7b_10runs-01:latest,2026-05-05T16:35:29+00:00
episode_data,episode-resistors_concrete_qwen25_7b_10runs-02,latest,latest,leyao-li-epfl/scientific-exploration/episode-resistors_concrete_qwen25_7b_10runs-02:latest,2026-05-05T16:35:30+00:00
episode_data,episode-resistors_concrete_qwen25_7b_10runs-03,latest,latest,leyao-li-epfl/scientific-exploration/episode-resistors_concrete_qwen25_7b_10runs-03:latest,2026-05-05T16:35:37+00:00
episode_data,episode-resistors_concrete_qwen25_7b_10runs-04,latest,latest,leyao-li-epfl/scientific-exploration/episode-resistors_concrete_qwen25_7b_10runs-04:latest,2026-05-05T16:35:45+00:00
episode_data,episode-resistors_concrete_qwen25_7b_10runs-05,latest,latest,leyao-li-epfl/scientific-exploration/episode-resistors_concrete_qwen25_7b_10runs-05:latest,2026-05-05T16:35:47+00:00
episode_data,episode-resistors_concrete_qwen25_7b_10runs-06,latest,latest,leyao-li-epfl/scientific-exploration/episode-resistors_concrete_qwen25_7b_10runs-06:latest,2026-05-05T16:35:53+00:00
episode_data,episode-resistors_concrete_qwen25_7b_10runs-07,latest,latest,leyao-li-epfl/scientific-exploration/episode-resistors_concrete_qwen25_7b_10runs-07:latest,2026-05-05T16:36:00+00:00
episode_data,episode-resistors_concrete_qwen25_7b_10runs-08,latest,latest,leyao-li-epfl/scientific-exploration/episode-resistors_concrete_qwen25_7b_10runs-08:latest,2026-05-05T16:36:06+00:00
episode_data,episode-resistors_concrete_qwen25_7b_10runs-09,latest,latest,leyao-li-epfl/scientific-exploration/episode-resistors_concrete_qwen25_7b_10runs-09:latest,2026-05-05T16:36:13+00:00
episode_data,episode-resistors_concrete_qwen35_4b_10runs-00,latest,latest,leyao-li-epfl/scientific-exploration/episode-resistors_concrete_qwen35_4b_10runs-00:latest,2026-05-05T16:37:39+00:00
episode_data,episode-resistors_concrete_qwen35_4b_10runs-01,latest,latest,leyao-li-epfl/scientific-exploration/episode-resistors_concrete_qwen35_4b_10runs-01:latest,2026-05-05T16:38:21+00:00
episode_data,episode-resistors_concrete_qwen35_4b_10runs-02,latest,latest,leyao-li-epfl/scientific-exploration/episode-resistors_concrete_qwen35_4b_10runs-02:latest,2026-05-05T16:38:51+00:00
episode_data,episode-resistors_concrete_qwen35_4b_10runs-03,latest,latest,leyao-li-epfl/scientific-exploration/episode-resistors_concrete_qwen35_4b_10runs-03:latest,2026-05-05T16:39:19+00:00
episode_data,episode-resistors_concrete_qwen35_4b_10runs-04,latest,latest,leyao-li-epfl/scientific-exploration/episode-resistors_concrete_qwen35_4b_10runs-04:latest,2026-05-05T16:39:39+00:00
episode_data,episode-resistors_concrete_qwen35_4b_10runs-05,latest,latest,leyao-li-epfl/scientific-exploration/episode-resistors_concrete_qwen35_4b_10runs-05:latest,2026-05-05T16:39:57+00:00
episode_data,episode-resistors_concrete_qwen35_4b_10runs-06,latest,latest,leyao-li-epfl/scientific-exploration/episode-resistors_concrete_qwen35_4b_10runs-06:latest,2026-05-05T16:40:15+00:00
episode_data,episode-resistors_concrete_qwen35_4b_10runs-07,latest,latest,leyao-li-epfl/scientific-exploration/episode-resistors_concrete_qwen35_4b_10runs-07:latest,2026-05-05T16:40:33+00:00
episode_data,episode-resistors_concrete_qwen35_4b_10runs-08,latest,latest,leyao-li-epfl/scientific-exploration/episode-resistors_concrete_qwen35_4b_10runs-08:latest,2026-05-05T16:41:00+00:00
episode_data,episode-resistors_concrete_qwen35_4b_10runs-09,latest,latest,leyao-li-epfl/scientific-exploration/episode-resistors_concrete_qwen35_4b_10runs-09:latest,2026-05-05T16:41:32+00:00
episode_data,episode-resistors_concrete_qwen35_9b_10runs-00,latest,latest,leyao-li-epfl/scientific-exploration/episode-resistors_concrete_qwen35_9b_10runs-00:latest,2026-05-05T16:43:43+00:00
episode_data,episode-resistors_concrete_qwen35_9b_10runs-01,latest,latest,leyao-li-epfl/scientific-exploration/episode-resistors_concrete_qwen35_9b_10runs-01:latest,2026-05-05T16:44:11+00:00
episode_data,episode-resistors_concrete_qwen35_9b_10runs-02,latest,latest,leyao-li-epfl/scientific-exploration/episode-resistors_concrete_qwen35_9b_10runs-02:latest,2026-05-05T16:44:36+00:00
episode_data,episode-resistors_concrete_qwen35_9b_10runs-03,latest,latest,leyao-li-epfl/scientific-exploration/episode-resistors_concrete_qwen35_9b_10runs-03:latest,2026-05-05T16:45:07+00:00
episode_data,episode-resistors_concrete_qwen35_9b_10runs-04,latest,latest,leyao-li-epfl/scientific-exploration/episode-resistors_concrete_qwen35_9b_10runs-04:latest,2026-05-05T16:45:32+00:00
episode_data,episode-resistors_concrete_qwen35_9b_10runs-05,latest,latest,leyao-li-epfl/scientific-exploration/episode-resistors_concrete_qwen35_9b_10runs-05:latest,2026-05-05T16:46:01+00:00
episode_data,episode-resistors_concrete_qwen35_9b_10runs-06,latest,latest,leyao-li-epfl/scientific-exploration/episode-resistors_concrete_qwen35_9b_10runs-06:latest,2026-05-05T16:46:31+00:00
episode_data,episode-resistors_concrete_qwen35_9b_10runs-07,latest,latest,leyao-li-epfl/scientific-exploration/episode-resistors_concrete_qwen35_9b_10runs-07:latest,2026-05-05T16:46:57+00:00
episode_data,episode-resistors_concrete_qwen35_9b_10runs-08,latest,latest,leyao-li-epfl/scientific-exploration/episode-resistors_concrete_qwen35_9b_10runs-08:latest,2026-05-05T16:47:25+00:00
episode_data,episode-resistors_concrete_qwen35_9b_10runs-09,latest,latest,leyao-li-epfl/scientific-exploration/episode-resistors_concrete_qwen35_9b_10runs-09:latest,2026-05-05T16:47:53+00:00
