episode_id,source,modality,prompt_condition,condition,model,hmm_group,length,human_hmm_mean_loglik_per_step,trace_str
human__ex_bckp1-B-DC_sim1.pkl,human,human,human,human,human,human,79,-1.4430860167293031,increase_concentration -> decrease_concentration -> increase_concentration -> increase_concentration -> increase_concentration -> increase_concentration -> increase_concentration -> decrease_concentration -> increase_path_length -> decrease_path_length -> increase_path_length -> decrease_path_length -> increase_path_length -> decrease_path_length -> increase_path_length -> increase_wavelength -> increase_wavelength -> decrease_wavelength -> increase_wavelength -> decrease_wavelength -> increase_wavelength -> increase_path_length -> decrease_path_length -> increase_path_length -> increase_concentration -> decrease_concentration -> decrease_wavelength -> increase_wavelength -> decrease_wavelength -> increase_concentration -> decrease_concentration -> decrease_wavelength -> decrease_wavelength -> increase_concentration -> decrease_concentration -> increase_concentration -> decrease_wavelength -> decrease_wavelength -> decrease_wavelength -> increase_concentration -> decrease_concentration -> decrease_concentration -> decrease_concentration -> increase_wavelength -> increase_wavelength -> decrease_wavelength -> increase_wavelength -> decrease_wavelength -> increase_wavelength -> increase_wavelength -> increase_wavelength -> increase_wavelength -> increase_wavelength -> increase_concentration -> increase_concentration -> decrease_concentration -> increase_concentration -> decrease_concentration -> increase_wavelength -> decrease_wavelength -> increase_concentration -> increase_concentration -> decrease_concentration -> decrease_concentration -> decrease_wavelength -> increase_wavelength -> decrease_wavelength -> increase_concentration -> increase_concentration -> increase_concentration -> decrease_concentration -> increase_concentration -> decrease_concentration -> decrease_wavelength -> decrease_wavelength -> increase_wavelength -> increase_wavelength -> increase_wavelength -> finish
human__ex_bckp1-B-DI_sim1.pkl,human,human,human,human,human,human,21,-1.2778942945346545,increase_concentration -> decrease_concentration -> increase_concentration -> decrease_concentration -> increase_concentration -> decrease_concentration -> increase_concentration -> increase_wavelength -> decrease_wavelength -> increase_wavelength -> increase_wavelength -> decrease_wavelength -> increase_wavelength -> increase_wavelength -> decrease_wavelength -> increase_wavelength -> decrease_wavelength -> increase_wavelength -> increase_concentration -> increase_concentration -> finish
human__ex_bckp2-B-DC_sim1.pkl,human,human,human,human,human,human,55,-1.3959584836354357,increase_wavelength -> decrease_wavelength -> increase_wavelength -> decrease_wavelength -> decrease_wavelength -> decrease_path_length -> decrease_path_length -> increase_path_length -> decrease_path_length -> decrease_wavelength -> increase_wavelength -> decrease_wavelength -> decrease_path_length -> increase_path_length -> increase_path_length -> decrease_path_length -> decrease_path_length -> increase_wavelength -> decrease_wavelength -> increase_wavelength -> increase_concentration -> decrease_concentration -> increase_concentration -> increase_path_length -> increase_wavelength -> decrease_wavelength -> increase_wavelength -> decrease_concentration -> increase_concentration -> decrease_concentration -> increase_concentration -> decrease_concentration -> increase_concentration -> decrease_concentration -> decrease_wavelength -> increase_wavelength -> increase_wavelength -> decrease_wavelength -> decrease_concentration -> increase_concentration -> increase_concentration -> increase_concentration -> decrease_concentration -> increase_concentration -> increase_concentration -> increase_concentration -> increase_concentration -> increase_concentration -> decrease_concentration -> increase_concentration -> decrease_concentration -> increase_concentration -> increase_concentration -> increase_concentration -> finish
human__ex_bckp3-B-DC_sim1.pkl,human,human,human,human,human,human,33,-1.2750749451659722,decrease_wavelength -> increase_wavelength -> decrease_wavelength -> increase_wavelength -> increase_wavelength -> decrease_wavelength -> increase_wavelength -> decrease_wavelength -> increase_wavelength -> decrease_wavelength -> increase_wavelength -> decrease_wavelength -> decrease_wavelength -> increase_wavelength -> decrease_wavelength -> increase_wavelength -> decrease_wavelength -> increase_concentration -> decrease_concentration -> increase_concentration -> increase_concentration -> decrease_concentration -> decrease_wavelength -> increase_wavelength -> decrease_wavelength -> increase_wavelength -> decrease_wavelength -> increase_concentration -> increase_wavelength -> decrease_wavelength -> increase_wavelength -> increase_concentration -> finish
human__ex_bckp3-B-DI_sim1.pkl,human,human,human,human,human,human,43,-1.4091700749438816,increase_concentration -> increase_wavelength -> decrease_wavelength -> increase_wavelength -> decrease_path_length -> increase_path_length -> decrease_path_length -> increase_wavelength -> decrease_wavelength -> increase_wavelength -> decrease_wavelength -> increase_concentration -> increase_concentration -> increase_path_length -> decrease_path_length -> increase_path_length -> decrease_path_length -> decrease_path_length -> increase_path_length -> decrease_path_length -> increase_path_length -> decrease_path_length -> increase_path_length -> decrease_path_length -> increase_path_length -> decrease_path_length -> decrease_path_length -> increase_path_length -> decrease_path_length -> increase_path_length -> decrease_path_length -> decrease_path_length -> increase_path_length -> decrease_wavelength -> increase_wavelength -> decrease_concentration -> increase_concentration -> decrease_concentration -> decrease_concentration -> increase_concentration -> decrease_concentration -> decrease_concentration -> finish
human__ex_bckp4-B-DC_sim1.pkl,human,human,human,human,human,human,22,-1.8419244239367887,increase_concentration -> decrease_concentration -> decrease_concentration -> increase_wavelength -> decrease_wavelength -> increase_wavelength -> decrease_wavelength -> increase_concentration -> decrease_concentration -> decrease_concentration -> decrease_wavelength -> increase_concentration -> increase_concentration -> increase_wavelength -> increase_path_length -> decrease_path_length -> decrease_path_length -> increase_path_length -> increase_path_length -> increase_concentration -> decrease_concentration -> finish
human__ex_bckp4-B-DI_sim1.pkl,human,human,human,human,human,human,33,-1.890539019934834,increase_concentration -> increase_path_length -> decrease_path_length -> increase_path_length -> decrease_path_length -> increase_path_length -> decrease_concentration -> increase_concentration -> decrease_concentration -> increase_concentration -> increase_wavelength -> decrease_wavelength -> increase_wavelength -> decrease_concentration -> increase_concentration -> decrease_wavelength -> decrease_wavelength -> increase_wavelength -> decrease_concentration -> decrease_path_length -> increase_path_length -> decrease_path_length -> increase_concentration -> decrease_wavelength -> increase_wavelength -> decrease_concentration -> decrease_path_length -> decrease_wavelength -> increase_wavelength -> decrease_wavelength -> increase_wavelength -> increase_wavelength -> finish
human__ex_bckp5-B-DI_sim1.pkl,human,human,human,human,human,human,30,-1.5684520032456986,increase_wavelength -> increase_wavelength -> decrease_wavelength -> increase_wavelength -> increase_concentration -> decrease_concentration -> decrease_concentration -> decrease_concentration -> decrease_wavelength -> decrease_wavelength -> increase_path_length -> decrease_path_length -> increase_path_length -> decrease_path_length -> increase_concentration -> increase_concentration -> increase_concentration -> increase_concentration -> decrease_concentration -> decrease_concentration -> increase_path_length -> decrease_path_length -> decrease_path_length -> increase_wavelength -> increase_concentration -> increase_concentration -> increase_concentration -> increase_concentration -> increase_concentration -> finish
human__k1-25oz4ao2_sim1.pkl,human,human,human,human,human,human,69,-1.3135632501944006,increase_wavelength -> decrease_wavelength -> increase_path_length -> decrease_path_length -> increase_path_length -> decrease_path_length -> increase_path_length -> decrease_path_length -> increase_path_length -> decrease_path_length -> increase_path_length -> decrease_path_length -> increase_path_length -> decrease_path_length -> increase_path_length -> increase_concentration -> decrease_concentration -> increase_concentration -> decrease_concentration -> increase_concentration -> increase_concentration -> decrease_concentration -> increase_concentration -> decrease_concentration -> increase_concentration -> increase_path_length -> decrease_path_length -> decrease_concentration -> increase_wavelength -> decrease_wavelength -> decrease_wavelength -> increase_wavelength -> decrease_wavelength -> decrease_concentration -> increase_concentration -> increase_concentration -> decrease_path_length -> increase_path_length -> decrease_path_length -> decrease_path_length -> increase_concentration -> increase_path_length -> increase_path_length -> decrease_path_length -> increase_path_length -> increase_path_length -> decrease_path_length -> increase_path_length -> decrease_path_length -> decrease_concentration -> increase_concentration -> decrease_concentration -> increase_concentration -> increase_concentration -> decrease_concentration -> increase_concentration -> increase_concentration -> increase_concentration -> decrease_concentration -> increase_concentration -> increase_concentration -> decrease_concentration -> decrease_concentration -> increase_wavelength -> decrease_wavelength -> increase_wavelength -> increase_wavelength -> decrease_wavelength -> finish
human__k1-2amr9p8_sim1.pkl,human,human,human,human,human,human,42,-1.7161533777688367,increase_concentration -> increase_wavelength -> decrease_wavelength -> increase_wavelength -> increase_concentration -> decrease_wavelength -> increase_wavelength -> decrease_wavelength -> decrease_wavelength -> increase_wavelength -> increase_concentration -> decrease_concentration -> increase_concentration -> increase_path_length -> decrease_path_length -> increase_path_length -> decrease_path_length -> decrease_path_length -> increase_path_length -> decrease_wavelength -> decrease_path_length -> increase_path_length -> decrease_concentration -> increase_wavelength -> decrease_wavelength -> increase_wavelength -> decrease_path_length -> decrease_concentration -> increase_concentration -> increase_wavelength -> decrease_concentration -> increase_concentration -> decrease_concentration -> increase_wavelength -> decrease_wavelength -> increase_wavelength -> decrease_wavelength -> increase_wavelength -> increase_wavelength -> decrease_wavelength -> increase_wavelength -> finish
human__k1-2c6xw4w_sim1.pkl,human,human,human,human,human,human,58,-1.3876877235320935,increase_wavelength -> decrease_wavelength -> decrease_wavelength -> increase_wavelength -> decrease_wavelength -> decrease_wavelength -> increase_wavelength -> decrease_path_length -> increase_path_length -> decrease_path_length -> increase_path_length -> increase_path_length -> decrease_path_length -> increase_path_length -> decrease_path_length -> increase_concentration -> decrease_concentration -> increase_concentration -> decrease_concentration -> increase_concentration -> decrease_concentration -> decrease_concentration -> increase_concentration -> increase_wavelength -> increase_wavelength -> decrease_wavelength -> increase_wavelength -> decrease_wavelength -> increase_wavelength -> decrease_wavelength -> increase_wavelength -> decrease_wavelength -> increase_wavelength -> decrease_wavelength -> increase_wavelength -> increase_path_length -> decrease_path_length -> increase_path_length -> decrease_path_length -> decrease_path_length -> increase_wavelength -> decrease_wavelength -> increase_wavelength -> decrease_wavelength -> increase_wavelength -> decrease_wavelength -> increase_wavelength -> decrease_wavelength -> increase_path_length -> decrease_path_length -> increase_path_length -> increase_wavelength -> increase_path_length -> increase_wavelength -> decrease_path_length -> decrease_wavelength -> increase_wavelength -> finish
human__k1-2evmd4o_sim1.pkl,human,human,human,human,human,human,23,-1.6581950120773585,increase_concentration -> increase_concentration -> decrease_concentration -> increase_concentration -> decrease_concentration -> increase_concentration -> increase_concentration -> decrease_concentration -> decrease_concentration -> increase_wavelength -> increase_concentration -> decrease_concentration -> increase_concentration -> decrease_concentration -> increase_wavelength -> decrease_wavelength -> increase_wavelength -> increase_concentration -> increase_path_length -> decrease_path_length -> increase_wavelength -> decrease_wavelength -> finish
human__k1-2gyhzyv_sim1.pkl,human,human,human,human,human,human,20,-1.4989187246209774,increase_concentration -> decrease_concentration -> increase_concentration -> increase_concentration -> increase_concentration -> increase_concentration -> decrease_concentration -> increase_wavelength -> increase_wavelength -> decrease_wavelength -> increase_path_length -> increase_wavelength -> decrease_path_length -> increase_path_length -> decrease_path_length -> increase_path_length -> decrease_path_length -> increase_path_length -> decrease_path_length -> finish
human__k1-2ry26mia_sim1.pkl,human,human,human,human,human,human,9,-2.1487770692414956,decrease_concentration -> decrease_wavelength -> increase_wavelength -> increase_wavelength -> decrease_wavelength -> increase_concentration -> decrease_concentration -> increase_wavelength -> finish
human__k1-3ar8diu9_sim1.pkl,human,human,human,human,human,human,89,-1.6925051028286353,decrease_wavelength -> increase_wavelength -> decrease_wavelength -> increase_wavelength -> decrease_wavelength -> increase_wavelength -> decrease_wavelength -> increase_wavelength -> decrease_wavelength -> increase_wavelength -> decrease_wavelength -> increase_wavelength -> decrease_wavelength -> increase_wavelength -> decrease_wavelength -> increase_wavelength -> decrease_wavelength -> increase_wavelength -> decrease_wavelength -> increase_wavelength -> decrease_wavelength -> increase_wavelength -> decrease_wavelength -> increase_wavelength -> decrease_wavelength -> decrease_concentration -> increase_wavelength -> decrease_wavelength -> increase_wavelength -> decrease_wavelength -> increase_wavelength -> decrease_wavelength -> increase_wavelength -> increase_concentration -> increase_wavelength -> decrease_wavelength -> increase_wavelength -> increase_concentration -> increase_wavelength -> decrease_wavelength -> increase_concentration -> increase_wavelength -> decrease_wavelength -> increase_wavelength -> decrease_wavelength -> increase_concentration -> decrease_concentration -> increase_wavelength -> decrease_wavelength -> increase_concentration -> increase_wavelength -> increase_concentration -> decrease_wavelength -> increase_wavelength -> increase_concentration -> decrease_wavelength -> decrease_concentration -> increase_wavelength -> decrease_wavelength -> increase_concentration -> increase_wavelength -> increase_concentration -> increase_wavelength -> decrease_wavelength -> increase_wavelength -> increase_concentration -> increase_wavelength -> increase_concentration -> increase_wavelength -> decrease_concentration -> increase_concentration -> increase_wavelength -> decrease_wavelength -> decrease_concentration -> increase_wavelength -> increase_concentration -> increase_concentration -> increase_wavelength -> increase_concentration -> increase_wavelength -> increase_concentration -> increase_wavelength -> increase_concentration -> increase_wavelength -> decrease_wavelength -> increase_concentration -> increase_wavelength -> increase_concentration -> finish
human__k1-3wo8c2w_sim1.pkl,human,human,human,human,human,human,93,-1.3024965800636983,increase_concentration -> increase_concentration -> decrease_concentration -> decrease_concentration -> increase_concentration -> decrease_concentration -> increase_concentration -> decrease_concentration -> increase_concentration -> increase_concentration -> increase_concentration -> decrease_concentration -> increase_concentration -> decrease_concentration -> increase_concentration -> increase_concentration -> decrease_concentration -> increase_path_length -> decrease_path_length -> increase_path_length -> increase_concentration -> decrease_path_length -> increase_path_length -> increase_wavelength -> decrease_wavelength -> decrease_wavelength -> increase_wavelength -> decrease_wavelength -> increase_wavelength -> increase_wavelength -> decrease_wavelength -> decrease_wavelength -> increase_wavelength -> decrease_path_length -> increase_path_length -> decrease_path_length -> decrease_wavelength -> increase_wavelength -> decrease_wavelength -> decrease_concentration -> increase_concentration -> increase_concentration -> increase_concentration -> increase_concentration -> increase_concentration -> increase_concentration -> decrease_concentration -> increase_concentration -> increase_concentration -> decrease_concentration -> increase_path_length -> increase_path_length -> decrease_path_length -> increase_path_length -> increase_path_length -> increase_concentration -> increase_concentration -> decrease_concentration -> increase_concentration -> decrease_concentration -> increase_concentration -> increase_concentration -> increase_concentration -> increase_concentration -> increase_concentration -> decrease_path_length -> decrease_concentration -> increase_wavelength -> increase_concentration -> increase_concentration -> increase_concentration -> increase_concentration -> decrease_concentration -> increase_concentration -> decrease_concentration -> increase_concentration -> increase_concentration -> increase_concentration -> increase_path_length -> decrease_path_length -> increase_path_length -> decrease_path_length -> increase_path_length -> increase_path_length -> decrease_path_length -> increase_path_length -> decrease_path_length -> increase_wavelength -> decrease_wavelength -> increase_wavelength -> increase_path_length -> decrease_path_length -> finish
human__k1-4oujvbay_sim1.pkl,human,human,human,human,human,human,35,-1.4987139129015514,increase_wavelength -> decrease_wavelength -> increase_wavelength -> decrease_wavelength -> increase_wavelength -> decrease_wavelength -> increase_wavelength -> decrease_wavelength -> increase_wavelength -> decrease_wavelength -> increase_wavelength -> decrease_wavelength -> increase_wavelength -> decrease_wavelength -> increase_wavelength -> decrease_wavelength -> increase_wavelength -> increase_concentration -> decrease_wavelength -> decrease_concentration -> increase_wavelength -> decrease_wavelength -> increase_wavelength -> increase_concentration -> decrease_concentration -> decrease_wavelength -> increase_wavelength -> decrease_concentration -> decrease_wavelength -> increase_concentration -> decrease_concentration -> increase_concentration -> increase_concentration -> increase_concentration -> finish
human__k1-5cx5i7tg_sim1.pkl,human,human,human,human,human,human,85,-1.205861109122422,increase_wavelength -> decrease_wavelength -> decrease_path_length -> increase_path_length -> decrease_path_length -> increase_path_length -> decrease_path_length -> increase_concentration -> decrease_concentration -> increase_concentration -> decrease_concentration -> increase_concentration -> increase_wavelength -> decrease_wavelength -> increase_wavelength -> increase_wavelength -> increase_wavelength -> decrease_wavelength -> increase_wavelength -> decrease_wavelength -> decrease_wavelength -> increase_wavelength -> increase_wavelength -> decrease_wavelength -> decrease_wavelength -> increase_wavelength -> decrease_wavelength -> increase_wavelength -> increase_concentration -> decrease_concentration -> increase_path_length -> decrease_path_length -> increase_path_length -> decrease_path_length -> decrease_concentration -> increase_concentration -> decrease_concentration -> increase_concentration -> increase_concentration -> decrease_concentration -> increase_concentration -> decrease_concentration -> increase_concentration -> decrease_concentration -> decrease_concentration -> increase_concentration -> increase_concentration -> decrease_concentration -> increase_concentration -> increase_concentration -> increase_concentration -> increase_wavelength -> decrease_wavelength -> increase_wavelength -> decrease_wavelength -> increase_wavelength -> increase_wavelength -> decrease_wavelength -> increase_wavelength -> increase_wavelength -> decrease_wavelength -> increase_wavelength -> decrease_wavelength -> increase_path_length -> decrease_path_length -> increase_path_length -> decrease_path_length -> increase_path_length -> decrease_path_length -> decrease_path_length -> increase_concentration -> decrease_concentration -> increase_concentration -> decrease_concentration -> increase_concentration -> increase_wavelength -> decrease_wavelength -> increase_wavelength -> decrease_wavelength -> increase_wavelength -> decrease_wavelength -> increase_wavelength -> decrease_wavelength -> increase_wavelength -> finish
human__k1-6poawdbw_sim1.pkl,human,human,human,human,human,human,44,-1.2392933038464058,increase_wavelength -> increase_wavelength -> decrease_wavelength -> increase_path_length -> decrease_path_length -> decrease_path_length -> increase_path_length -> decrease_concentration -> increase_concentration -> decrease_path_length -> increase_path_length -> decrease_path_length -> decrease_wavelength -> increase_wavelength -> increase_wavelength -> increase_wavelength -> decrease_wavelength -> increase_wavelength -> decrease_wavelength -> decrease_wavelength -> increase_wavelength -> decrease_wavelength -> decrease_wavelength -> increase_wavelength -> increase_wavelength -> decrease_wavelength -> increase_wavelength -> decrease_wavelength -> increase_wavelength -> decrease_wavelength -> increase_wavelength -> decrease_wavelength -> increase_concentration -> increase_concentration -> increase_concentration -> increase_concentration -> increase_concentration -> decrease_concentration -> increase_concentration -> decrease_concentration -> increase_concentration -> decrease_concentration -> increase_concentration -> finish
human__k1-6x2on43m_sim1.pkl,human,human,human,human,human,human,174,-1.2979829530728637,decrease_path_length -> increase_path_length -> decrease_path_length -> increase_path_length -> decrease_path_length -> increase_path_length -> decrease_path_length -> increase_path_length -> increase_path_length -> decrease_path_length -> increase_path_length -> decrease_path_length -> increase_path_length -> decrease_path_length -> decrease_path_length -> increase_path_length -> decrease_path_length -> increase_path_length -> decrease_path_length -> increase_path_length -> increase_wavelength -> decrease_wavelength -> increase_wavelength -> decrease_wavelength -> increase_wavelength -> decrease_wavelength -> decrease_wavelength -> decrease_wavelength -> decrease_wavelength -> decrease_path_length -> increase_path_length -> decrease_path_length -> increase_path_length -> decrease_path_length -> increase_path_length -> decrease_path_length -> increase_path_length -> decrease_path_length -> increase_path_length -> decrease_path_length -> increase_path_length -> decrease_path_length -> increase_path_length -> decrease_path_length -> decrease_wavelength -> decrease_path_length -> increase_path_length -> increase_wavelength -> decrease_path_length -> increase_path_length -> decrease_wavelength -> increase_wavelength -> decrease_wavelength -> increase_wavelength -> decrease_wavelength -> increase_wavelength -> decrease_wavelength -> decrease_wavelength -> increase_wavelength -> increase_wavelength -> decrease_wavelength -> increase_wavelength -> decrease_wavelength -> decrease_wavelength -> increase_wavelength -> decrease_wavelength -> increase_wavelength -> decrease_wavelength -> increase_wavelength -> decrease_path_length -> increase_path_length -> decrease_path_length -> decrease_wavelength -> increase_wavelength -> increase_path_length -> decrease_path_length -> increase_path_length -> decrease_path_length -> increase_path_length -> increase_path_length -> increase_wavelength -> decrease_path_length -> increase_path_length -> decrease_path_length -> increase_path_length -> decrease_wavelength -> increase_wavelength -> increase_path_length -> increase_wavelength -> decrease_path_length -> increase_path_length -> decrease_wavelength -> increase_wavelength -> decrease_path_length -> increase_path_length -> increase_concentration -> decrease_concentration -> increase_concentration -> decrease_concentration -> increase_concentration -> decrease_path_length -> increase_path_length -> decrease_path_length -> increase_path_length -> decrease_concentration -> increase_concentration -> decrease_concentration -> increase_concentration -> increase_concentration -> increase_concentration -> increase_concentration -> decrease_concentration -> decrease_concentration -> increase_concentration -> decrease_concentration -> increase_concentration -> decrease_concentration -> increase_concentration -> decrease_concentration -> increase_concentration -> decrease_concentration -> decrease_concentration -> increase_concentration -> decrease_concentration -> increase_concentration -> decrease_concentration -> increase_concentration -> increase_concentration -> decrease_concentration -> increase_concentration -> decrease_concentration -> increase_concentration -> decrease_concentration -> increase_concentration -> increase_concentration -> increase_concentration -> increase_concentration -> increase_concentration -> increase_concentration -> increase_concentration -> increase_wavelength -> increase_wavelength -> decrease_concentration -> increase_wavelength -> decrease_wavelength -> increase_wavelength -> decrease_wavelength -> decrease_wavelength -> increase_concentration -> increase_concentration -> decrease_wavelength -> increase_wavelength -> increase_wavelength -> increase_wavelength -> increase_concentration -> increase_wavelength -> decrease_wavelength -> decrease_wavelength -> increase_wavelength -> decrease_wavelength -> decrease_wavelength -> increase_wavelength -> decrease_wavelength -> increase_wavelength -> decrease_wavelength -> increase_wavelength -> decrease_wavelength -> increase_wavelength -> increase_concentration -> decrease_concentration -> decrease_concentration -> decrease_concentration -> decrease_wavelength -> finish
human__k1-7fg7oyno_sim1.pkl,human,human,human,human,human,human,7,-2.1479662458546462,increase_concentration -> decrease_wavelength -> decrease_wavelength -> decrease_concentration -> decrease_concentration -> increase_concentration -> finish
human__k1-7tn4j5r_sim1.pkl,human,human,human,human,human,human,17,-2.259731235613034,increase_concentration -> increase_wavelength -> decrease_path_length -> increase_concentration -> increase_wavelength -> decrease_wavelength -> increase_path_length -> decrease_path_length -> decrease_concentration -> increase_concentration -> increase_wavelength -> increase_wavelength -> increase_path_length -> decrease_path_length -> decrease_path_length -> increase_path_length -> finish
human__k1-7v5rqcw_sim1.pkl,human,human,human,human,human,human,87,-1.3324318900456043,increase_wavelength -> increase_concentration -> decrease_concentration -> increase_concentration -> decrease_wavelength -> increase_wavelength -> increase_wavelength -> increase_wavelength -> increase_wavelength -> decrease_wavelength -> decrease_wavelength -> increase_wavelength -> decrease_wavelength -> increase_wavelength -> decrease_concentration -> increase_concentration -> increase_concentration -> increase_path_length -> decrease_path_length -> increase_wavelength -> decrease_wavelength -> increase_wavelength -> decrease_wavelength -> increase_wavelength -> decrease_wavelength -> increase_wavelength -> decrease_concentration -> increase_concentration -> decrease_concentration -> increase_concentration -> decrease_concentration -> decrease_concentration -> increase_concentration -> decrease_concentration -> decrease_concentration -> increase_concentration -> increase_concentration -> decrease_concentration -> decrease_concentration -> increase_concentration -> increase_path_length -> decrease_path_length -> increase_path_length -> decrease_path_length -> increase_path_length -> decrease_path_length -> increase_path_length -> decrease_path_length -> decrease_wavelength -> increase_wavelength -> increase_wavelength -> decrease_wavelength -> increase_wavelength -> decrease_wavelength -> increase_wavelength -> decrease_wavelength -> increase_wavelength -> decrease_concentration -> increase_concentration -> increase_wavelength -> decrease_wavelength -> increase_wavelength -> decrease_wavelength -> increase_wavelength -> increase_path_length -> decrease_wavelength -> increase_wavelength -> decrease_wavelength -> increase_wavelength -> increase_wavelength -> decrease_wavelength -> increase_wavelength -> decrease_wavelength -> increase_wavelength -> decrease_wavelength -> increase_wavelength -> decrease_wavelength -> increase_wavelength -> increase_wavelength -> decrease_wavelength -> increase_concentration -> decrease_concentration -> increase_concentration -> increase_wavelength -> decrease_wavelength -> decrease_concentration -> finish
human__k1-844jdzzv_sim1.pkl,human,human,human,human,human,human,196,-1.2686658456013,increase_wavelength -> decrease_wavelength -> increase_wavelength -> increase_wavelength -> increase_path_length -> decrease_path_length -> increase_path_length -> decrease_path_length -> increase_wavelength -> decrease_wavelength -> increase_wavelength -> decrease_wavelength -> increase_wavelength -> decrease_wavelength -> increase_wavelength -> increase_concentration -> decrease_concentration -> increase_concentration -> increase_concentration -> decrease_concentration -> increase_concentration -> decrease_concentration -> decrease_concentration -> increase_concentration -> increase_concentration -> decrease_concentration -> decrease_wavelength -> decrease_wavelength -> decrease_wavelength -> decrease_wavelength -> decrease_wavelength -> decrease_wavelength -> decrease_wavelength -> increase_concentration -> decrease_concentration -> increase_wavelength -> increase_wavelength -> decrease_wavelength -> decrease_wavelength -> decrease_wavelength -> decrease_wavelength -> increase_wavelength -> increase_concentration -> decrease_concentration -> decrease_concentration -> increase_concentration -> increase_concentration -> increase_concentration -> increase_concentration -> decrease_concentration -> increase_concentration -> decrease_concentration -> increase_concentration -> increase_concentration -> decrease_concentration -> decrease_concentration -> increase_concentration -> decrease_concentration -> increase_concentration -> decrease_concentration -> increase_concentration -> increase_path_length -> increase_concentration -> decrease_concentration -> increase_concentration -> decrease_concentration -> increase_concentration -> decrease_concentration -> increase_concentration -> decrease_concentration -> increase_concentration -> decrease_concentration -> decrease_path_length -> decrease_path_length -> decrease_path_length -> increase_concentration -> increase_concentration -> increase_concentration -> increase_concentration -> increase_concentration -> increase_concentration -> increase_concentration -> increase_concentration -> decrease_concentration -> decrease_concentration -> increase_concentration -> decrease_concentration -> increase_concentration -> increase_concentration -> increase_concentration -> increase_concentration -> increase_concentration -> increase_concentration -> increase_concentration -> decrease_concentration -> increase_concentration -> increase_concentration -> increase_concentration -> decrease_concentration -> increase_concentration -> increase_concentration -> increase_concentration -> decrease_concentration -> increase_concentration -> increase_concentration -> increase_concentration -> increase_concentration -> increase_concentration -> increase_concentration -> increase_concentration -> increase_concentration -> increase_path_length -> decrease_path_length -> increase_path_length -> decrease_path_length -> increase_path_length -> decrease_path_length -> increase_path_length -> decrease_concentration -> increase_concentration -> decrease_concentration -> decrease_path_length -> increase_path_length -> decrease_concentration -> increase_concentration -> increase_concentration -> increase_concentration -> increase_path_length -> decrease_concentration -> increase_concentration -> decrease_concentration -> increase_concentration -> decrease_concentration -> increase_concentration -> increase_concentration -> increase_concentration -> decrease_concentration -> increase_path_length -> decrease_concentration -> increase_concentration -> increase_concentration -> decrease_concentration -> increase_concentration -> decrease_concentration -> increase_concentration -> decrease_concentration -> increase_concentration -> increase_concentration -> decrease_concentration -> increase_concentration -> decrease_concentration -> increase_concentration -> decrease_concentration -> decrease_concentration -> increase_concentration -> increase_concentration -> increase_concentration -> increase_path_length -> decrease_concentration -> increase_concentration -> decrease_concentration -> increase_concentration -> decrease_concentration -> increase_concentration -> decrease_concentration -> decrease_concentration -> increase_concentration -> decrease_concentration -> increase_concentration -> decrease_concentration -> decrease_concentration -> increase_concentration -> increase_path_length -> increase_concentration -> decrease_path_length -> increase_path_length -> increase_concentration -> increase_concentration -> decrease_path_length -> increase_concentration -> increase_path_length -> increase_path_length -> increase_concentration -> increase_concentration -> decrease_path_length -> increase_concentration -> decrease_concentration -> increase_concentration -> increase_path_length -> increase_concentration -> decrease_concentration -> increase_concentration -> increase_path_length -> increase_concentration -> decrease_path_length -> finish
human__k1-8sivzms8_sim1.pkl,human,human,human,human,human,human,52,-1.3754679739010167,increase_path_length -> decrease_path_length -> increase_path_length -> decrease_path_length -> increase_path_length -> decrease_path_length -> increase_path_length -> decrease_path_length -> increase_path_length -> increase_concentration -> decrease_concentration -> decrease_concentration -> increase_concentration -> decrease_concentration -> decrease_concentration -> increase_wavelength -> decrease_wavelength -> increase_concentration -> decrease_concentration -> increase_concentration -> decrease_path_length -> increase_path_length -> decrease_path_length -> increase_path_length -> decrease_path_length -> increase_path_length -> decrease_concentration -> increase_concentration -> decrease_concentration -> increase_concentration -> increase_wavelength -> decrease_wavelength -> increase_wavelength -> increase_concentration -> decrease_wavelength -> increase_wavelength -> decrease_wavelength -> increase_wavelength -> decrease_wavelength -> increase_wavelength -> decrease_wavelength -> increase_wavelength -> decrease_wavelength -> increase_wavelength -> decrease_path_length -> increase_path_length -> decrease_path_length -> increase_path_length -> decrease_path_length -> increase_path_length -> decrease_path_length -> finish
human__k1-8wnwvt2o_sim1.pkl,human,human,human,human,human,human,14,-1.2978861089895077,increase_wavelength -> decrease_wavelength -> increase_wavelength -> decrease_wavelength -> decrease_wavelength -> increase_wavelength -> increase_wavelength -> increase_concentration -> decrease_concentration -> increase_concentration -> increase_concentration -> decrease_concentration -> increase_concentration -> finish
human__k1-8yhczhdd_sim1.pkl,human,human,human,human,human,human,13,-1.7108495059008226,increase_concentration -> increase_wavelength -> decrease_wavelength -> increase_wavelength -> decrease_concentration -> increase_concentration -> increase_concentration -> decrease_concentration -> increase_concentration -> decrease_concentration -> increase_wavelength -> decrease_wavelength -> finish
human__k1-9k2w3mio_sim1.pkl,human,human,human,human,human,human,34,-1.5990574642899213,increase_concentration -> decrease_concentration -> increase_concentration -> decrease_concentration -> increase_wavelength -> decrease_wavelength -> increase_wavelength -> increase_wavelength -> decrease_wavelength -> increase_wavelength -> decrease_wavelength -> increase_path_length -> increase_wavelength -> decrease_wavelength -> increase_wavelength -> decrease_wavelength -> decrease_wavelength -> decrease_wavelength -> decrease_wavelength -> increase_wavelength -> increase_concentration -> decrease_path_length -> decrease_concentration -> decrease_concentration -> decrease_concentration -> increase_concentration -> decrease_concentration -> increase_wavelength -> increase_path_length -> increase_wavelength -> decrease_wavelength -> increase_wavelength -> decrease_wavelength -> finish
human__k1-9uwp7vnf_sim1.pkl,human,human,human,human,human,human,40,-1.2205338232235323,increase_concentration -> decrease_concentration -> increase_concentration -> decrease_concentration -> decrease_concentration -> increase_concentration -> decrease_concentration -> increase_concentration -> increase_concentration -> decrease_concentration -> increase_wavelength -> decrease_wavelength -> increase_wavelength -> decrease_wavelength -> increase_wavelength -> decrease_wavelength -> increase_wavelength -> decrease_wavelength -> increase_wavelength -> decrease_wavelength -> increase_wavelength -> decrease_wavelength -> increase_wavelength -> decrease_wavelength -> increase_wavelength -> decrease_wavelength -> increase_wavelength -> decrease_wavelength -> increase_wavelength -> increase_wavelength -> increase_wavelength -> decrease_wavelength -> increase_wavelength -> decrease_wavelength -> increase_path_length -> decrease_path_length -> decrease_concentration -> increase_concentration -> increase_path_length -> finish
human__k1-a9vxzvuf_sim1.pkl,human,human,human,human,human,human,61,-1.3760948303540732,increase_wavelength -> decrease_wavelength -> increase_wavelength -> decrease_wavelength -> increase_wavelength -> decrease_wavelength -> increase_wavelength -> increase_concentration -> decrease_concentration -> increase_concentration -> decrease_concentration -> decrease_concentration -> increase_concentration -> increase_wavelength -> decrease_wavelength -> increase_wavelength -> decrease_wavelength -> increase_wavelength -> increase_path_length -> decrease_path_length -> increase_path_length -> decrease_path_length -> increase_path_length -> decrease_path_length -> increase_path_length -> decrease_path_length -> increase_path_length -> decrease_path_length -> increase_path_length -> decrease_path_length -> increase_path_length -> decrease_path_length -> increase_path_length -> increase_path_length -> increase_concentration -> decrease_concentration -> increase_concentration -> decrease_concentration -> increase_concentration -> decrease_concentration -> decrease_path_length -> increase_wavelength -> decrease_wavelength -> increase_wavelength -> increase_wavelength -> increase_concentration -> increase_path_length -> decrease_path_length -> increase_concentration -> decrease_concentration -> increase_concentration -> decrease_concentration -> decrease_wavelength -> decrease_wavelength -> increase_wavelength -> increase_wavelength -> increase_wavelength -> decrease_wavelength -> increase_wavelength -> increase_concentration -> finish
human__k1-e4s6ose8_sim1.pkl,human,human,human,human,human,human,84,-0.9379948490600182,increase_concentration -> decrease_concentration -> increase_concentration -> increase_concentration -> decrease_concentration -> increase_concentration -> decrease_concentration -> increase_concentration -> increase_concentration -> decrease_concentration -> increase_concentration -> increase_concentration -> increase_concentration -> decrease_concentration -> increase_concentration -> decrease_concentration -> increase_concentration -> decrease_concentration -> increase_concentration -> decrease_concentration -> increase_concentration -> increase_concentration -> increase_concentration -> decrease_concentration -> increase_concentration -> decrease_concentration -> increase_concentration -> decrease_concentration -> increase_concentration -> decrease_concentration -> increase_concentration -> decrease_concentration -> increase_concentration -> decrease_concentration -> increase_concentration -> increase_concentration -> increase_concentration -> decrease_concentration -> increase_concentration -> decrease_concentration -> increase_concentration -> decrease_concentration -> increase_concentration -> decrease_concentration -> increase_concentration -> decrease_concentration -> increase_concentration -> decrease_concentration -> increase_concentration -> decrease_concentration -> increase_concentration -> decrease_concentration -> increase_concentration -> increase_concentration -> decrease_concentration -> increase_concentration -> increase_concentration -> decrease_concentration -> increase_concentration -> increase_wavelength -> increase_wavelength -> decrease_wavelength -> increase_wavelength -> increase_wavelength -> increase_wavelength -> increase_wavelength -> decrease_wavelength -> increase_wavelength -> decrease_wavelength -> increase_wavelength -> decrease_wavelength -> increase_wavelength -> increase_wavelength -> decrease_wavelength -> increase_wavelength -> increase_wavelength -> increase_concentration -> increase_concentration -> increase_concentration -> increase_concentration -> increase_concentration -> increase_concentration -> increase_concentration -> finish
human__k1-egrbxr77_sim1.pkl,human,human,human,human,human,human,38,-1.0824114320204377,increase_wavelength -> decrease_wavelength -> increase_wavelength -> decrease_wavelength -> increase_wavelength -> decrease_wavelength -> decrease_wavelength -> increase_wavelength -> decrease_wavelength -> increase_concentration -> increase_concentration -> decrease_concentration -> decrease_concentration -> decrease_concentration -> decrease_concentration -> increase_concentration -> decrease_concentration -> decrease_concentration -> increase_concentration -> increase_concentration -> decrease_concentration -> increase_concentration -> increase_concentration -> decrease_concentration -> increase_concentration -> increase_concentration -> increase_wavelength -> increase_wavelength -> decrease_wavelength -> increase_wavelength -> decrease_wavelength -> increase_wavelength -> increase_wavelength -> increase_wavelength -> increase_wavelength -> decrease_wavelength -> increase_wavelength -> finish
human__k1-ey55om7m_sim1.pkl,human,human,human,human,human,human,133,-1.0355081324750983,increase_wavelength -> decrease_wavelength -> increase_wavelength -> increase_wavelength -> decrease_wavelength -> increase_wavelength -> decrease_wavelength -> increase_wavelength -> decrease_wavelength -> decrease_wavelength -> increase_wavelength -> increase_wavelength -> decrease_wavelength -> increase_wavelength -> decrease_wavelength -> increase_wavelength -> increase_wavelength -> decrease_wavelength -> increase_wavelength -> decrease_wavelength -> decrease_wavelength -> increase_wavelength -> decrease_wavelength -> increase_wavelength -> decrease_wavelength -> increase_wavelength -> decrease_wavelength -> decrease_wavelength -> decrease_wavelength -> decrease_wavelength -> increase_wavelength -> decrease_wavelength -> increase_wavelength -> decrease_wavelength -> increase_wavelength -> decrease_wavelength -> decrease_wavelength -> increase_wavelength -> decrease_wavelength -> increase_wavelength -> decrease_wavelength -> increase_wavelength -> decrease_wavelength -> decrease_wavelength -> increase_concentration -> decrease_concentration -> increase_concentration -> increase_concentration -> decrease_concentration -> increase_concentration -> decrease_concentration -> increase_concentration -> decrease_wavelength -> increase_wavelength -> decrease_wavelength -> increase_wavelength -> decrease_wavelength -> decrease_wavelength -> increase_wavelength -> decrease_wavelength -> increase_wavelength -> increase_wavelength -> increase_concentration -> decrease_wavelength -> increase_wavelength -> decrease_wavelength -> increase_wavelength -> decrease_wavelength -> decrease_wavelength -> decrease_wavelength -> increase_wavelength -> decrease_wavelength -> increase_wavelength -> decrease_wavelength -> decrease_wavelength -> increase_wavelength -> decrease_wavelength -> increase_wavelength -> decrease_wavelength -> increase_wavelength -> decrease_wavelength -> increase_wavelength -> decrease_concentration -> decrease_concentration -> increase_concentration -> increase_concentration -> decrease_wavelength -> increase_wavelength -> decrease_wavelength -> increase_wavelength -> decrease_wavelength -> increase_wavelength -> decrease_wavelength -> increase_wavelength -> increase_wavelength -> decrease_wavelength -> increase_wavelength -> decrease_wavelength -> increase_wavelength -> increase_concentration -> increase_concentration -> decrease_concentration -> increase_concentration -> decrease_concentration -> increase_concentration -> increase_concentration -> decrease_concentration -> increase_concentration -> decrease_concentration -> increase_concentration -> increase_concentration -> increase_concentration -> increase_concentration -> increase_concentration -> increase_path_length -> decrease_path_length -> increase_path_length -> decrease_path_length -> increase_path_length -> increase_path_length -> increase_path_length -> decrease_path_length -> increase_path_length -> decrease_path_length -> decrease_wavelength -> decrease_wavelength -> increase_wavelength -> increase_wavelength -> increase_wavelength -> increase_wavelength -> increase_wavelength -> increase_wavelength -> finish
human__k1-f4pc8r3d_sim1.pkl,human,human,human,human,human,human,102,-1.0461956411319777,increase_wavelength -> decrease_wavelength -> increase_wavelength -> decrease_wavelength -> increase_wavelength -> decrease_wavelength -> decrease_wavelength -> decrease_wavelength -> decrease_wavelength -> decrease_wavelength -> increase_wavelength -> increase_wavelength -> decrease_wavelength -> increase_wavelength -> decrease_wavelength -> increase_concentration -> decrease_concentration -> increase_concentration -> decrease_concentration -> increase_concentration -> decrease_concentration -> increase_concentration -> decrease_concentration -> increase_concentration -> decrease_concentration -> increase_concentration -> decrease_concentration -> decrease_concentration -> increase_concentration -> decrease_concentration -> decrease_concentration -> decrease_concentration -> increase_concentration -> decrease_concentration -> increase_concentration -> decrease_concentration -> increase_concentration -> decrease_concentration -> increase_concentration -> increase_concentration -> increase_concentration -> increase_concentration -> increase_concentration -> increase_wavelength -> decrease_wavelength -> increase_wavelength -> increase_wavelength -> decrease_wavelength -> increase_wavelength -> decrease_wavelength -> increase_wavelength -> decrease_wavelength -> decrease_wavelength -> increase_wavelength -> decrease_wavelength -> increase_wavelength -> decrease_wavelength -> increase_wavelength -> increase_wavelength -> decrease_wavelength -> increase_wavelength -> increase_concentration -> decrease_concentration -> increase_concentration -> decrease_concentration -> increase_wavelength -> increase_wavelength -> decrease_wavelength -> increase_wavelength -> decrease_wavelength -> increase_wavelength -> decrease_wavelength -> increase_wavelength -> decrease_wavelength -> increase_wavelength -> decrease_wavelength -> increase_wavelength -> decrease_wavelength -> increase_wavelength -> increase_concentration -> increase_wavelength -> decrease_wavelength -> increase_wavelength -> decrease_wavelength -> decrease_wavelength -> increase_wavelength -> decrease_wavelength -> increase_wavelength -> increase_wavelength -> decrease_wavelength -> decrease_wavelength -> increase_wavelength -> increase_wavelength -> decrease_wavelength -> decrease_concentration -> increase_concentration -> decrease_concentration -> increase_concentration -> decrease_concentration -> increase_concentration -> decrease_concentration -> finish
human__k1-f5cxv3ih_sim1.pkl,human,human,human,human,human,human,152,-1.110789847373196,increase_concentration -> decrease_concentration -> increase_concentration -> decrease_concentration -> increase_concentration -> decrease_concentration -> increase_concentration -> decrease_concentration -> increase_concentration -> decrease_concentration -> increase_concentration -> increase_path_length -> decrease_path_length -> increase_path_length -> decrease_path_length -> increase_concentration -> increase_wavelength -> decrease_wavelength -> increase_wavelength -> decrease_wavelength -> increase_wavelength -> decrease_wavelength -> increase_wavelength -> increase_wavelength -> increase_wavelength -> increase_wavelength -> decrease_wavelength -> increase_wavelength -> decrease_wavelength -> increase_wavelength -> decrease_wavelength -> increase_wavelength -> decrease_wavelength -> increase_wavelength -> decrease_wavelength -> increase_wavelength -> decrease_wavelength -> increase_wavelength -> increase_path_length -> decrease_path_length -> increase_path_length -> decrease_path_length -> decrease_wavelength -> increase_wavelength -> decrease_path_length -> increase_path_length -> increase_path_length -> decrease_path_length -> increase_path_length -> decrease_path_length -> increase_path_length -> increase_path_length -> decrease_path_length -> decrease_path_length -> increase_path_length -> decrease_path_length -> decrease_path_length -> decrease_concentration -> increase_concentration -> increase_concentration -> decrease_concentration -> increase_concentration -> increase_concentration -> increase_wavelength -> decrease_wavelength -> decrease_wavelength -> decrease_wavelength -> increase_wavelength -> decrease_concentration -> increase_concentration -> decrease_concentration -> increase_concentration -> decrease_concentration -> increase_concentration -> decrease_concentration -> increase_concentration -> increase_concentration -> decrease_concentration -> increase_concentration -> increase_concentration -> increase_concentration -> decrease_concentration -> increase_concentration -> decrease_concentration -> increase_concentration -> decrease_concentration -> increase_concentration -> decrease_concentration -> increase_concentration -> decrease_concentration -> decrease_concentration -> decrease_concentration -> increase_concentration -> increase_concentration -> decrease_concentration -> increase_concentration -> decrease_concentration -> increase_concentration -> decrease_concentration -> increase_concentration -> increase_concentration -> increase_concentration -> decrease_concentration -> increase_concentration -> decrease_concentration -> decrease_wavelength -> increase_wavelength -> decrease_wavelength -> increase_wavelength -> decrease_wavelength -> decrease_wavelength -> increase_wavelength -> decrease_wavelength -> increase_wavelength -> increase_wavelength -> decrease_wavelength -> increase_wavelength -> increase_wavelength -> decrease_wavelength -> decrease_wavelength -> increase_wavelength -> decrease_wavelength -> increase_wavelength -> increase_wavelength -> decrease_wavelength -> increase_wavelength -> decrease_wavelength -> decrease_wavelength -> increase_wavelength -> decrease_wavelength -> decrease_wavelength -> decrease_wavelength -> increase_wavelength -> decrease_wavelength -> increase_wavelength -> decrease_wavelength -> decrease_concentration -> increase_concentration -> increase_concentration -> increase_concentration -> increase_concentration -> decrease_concentration -> increase_concentration -> decrease_concentration -> increase_concentration -> increase_concentration -> increase_concentration -> increase_path_length -> decrease_concentration -> increase_concentration -> decrease_path_length -> finish
human__k1-f5m9gdjy_sim1.pkl,human,human,human,human,human,human,229,-1.2893442692014299,decrease_wavelength -> increase_path_length -> decrease_path_length -> increase_path_length -> decrease_path_length -> increase_path_length -> decrease_path_length -> increase_path_length -> decrease_path_length -> decrease_concentration -> increase_concentration -> decrease_concentration -> increase_path_length -> decrease_path_length -> increase_path_length -> decrease_path_length -> increase_path_length -> decrease_path_length -> increase_path_length -> decrease_path_length -> increase_concentration -> decrease_concentration -> increase_concentration -> increase_concentration -> increase_concentration -> decrease_concentration -> increase_concentration -> decrease_concentration -> increase_concentration -> increase_concentration -> increase_concentration -> increase_concentration -> decrease_concentration -> increase_concentration -> increase_concentration -> decrease_concentration -> increase_concentration -> increase_concentration -> increase_concentration -> increase_path_length -> decrease_path_length -> increase_path_length -> decrease_path_length -> increase_path_length -> decrease_path_length -> decrease_concentration -> increase_concentration -> decrease_concentration -> decrease_concentration -> increase_concentration -> increase_concentration -> decrease_concentration -> increase_concentration -> increase_concentration -> increase_path_length -> decrease_path_length -> increase_path_length -> decrease_path_length -> increase_path_length -> increase_path_length -> increase_path_length -> decrease_path_length -> increase_path_length -> decrease_path_length -> increase_path_length -> increase_concentration -> decrease_concentration -> decrease_concentration -> decrease_path_length -> increase_path_length -> decrease_path_length -> increase_path_length -> decrease_path_length -> increase_path_length -> increase_path_length -> decrease_path_length -> increase_path_length -> increase_path_length -> increase_path_length -> increase_path_length -> increase_path_length -> increase_concentration -> increase_concentration -> decrease_path_length -> increase_path_length -> decrease_path_length -> increase_path_length -> increase_path_length -> decrease_path_length -> increase_path_length -> increase_concentration -> decrease_path_length -> increase_path_length -> decrease_path_length -> decrease_path_length -> increase_path_length -> increase_path_length -> increase_path_length -> decrease_path_length -> increase_path_length -> decrease_concentration -> increase_concentration -> decrease_concentration -> decrease_path_length -> decrease_concentration -> increase_path_length -> increase_path_length -> increase_path_length -> decrease_concentration -> decrease_path_length -> increase_concentration -> decrease_concentration -> increase_concentration -> increase_concentration -> decrease_concentration -> decrease_concentration -> increase_wavelength -> decrease_wavelength -> increase_wavelength -> decrease_wavelength -> increase_wavelength -> decrease_wavelength -> increase_concentration -> decrease_concentration -> decrease_wavelength -> increase_wavelength -> decrease_wavelength -> increase_wavelength -> decrease_wavelength -> increase_wavelength -> decrease_wavelength -> increase_wavelength -> increase_wavelength -> decrease_wavelength -> increase_wavelength -> decrease_wavelength -> increase_wavelength -> decrease_wavelength -> increase_path_length -> increase_path_length -> increase_path_length -> decrease_path_length -> increase_concentration -> decrease_concentration -> increase_path_length -> increase_path_length -> decrease_path_length -> increase_path_length -> decrease_path_length -> increase_path_length -> increase_concentration -> decrease_concentration -> decrease_path_length -> increase_path_length -> increase_path_length -> increase_path_length -> decrease_path_length -> increase_path_length -> decrease_path_length -> increase_path_length -> increase_concentration -> decrease_path_length -> increase_path_length -> increase_path_length -> increase_path_length -> decrease_path_length -> increase_path_length -> decrease_path_length -> increase_path_length -> decrease_path_length -> decrease_path_length -> increase_path_length -> increase_path_length -> increase_path_length -> increase_path_length -> increase_wavelength -> decrease_wavelength -> decrease_wavelength -> decrease_wavelength -> increase_wavelength -> increase_wavelength -> decrease_concentration -> decrease_concentration -> decrease_path_length -> increase_path_length -> increase_wavelength -> decrease_path_length -> increase_concentration -> decrease_concentration -> decrease_wavelength -> increase_wavelength -> decrease_wavelength -> increase_wavelength -> decrease_wavelength -> increase_wavelength -> decrease_wavelength -> increase_wavelength -> decrease_wavelength -> decrease_wavelength -> increase_wavelength -> decrease_wavelength -> increase_wavelength -> decrease_wavelength -> increase_wavelength -> decrease_wavelength -> increase_wavelength -> decrease_wavelength -> increase_wavelength -> decrease_wavelength -> increase_wavelength -> decrease_wavelength -> increase_wavelength -> decrease_wavelength -> increase_wavelength -> decrease_wavelength -> decrease_wavelength -> increase_wavelength -> decrease_wavelength -> increase_wavelength -> increase_wavelength -> increase_path_length -> increase_path_length -> decrease_path_length -> increase_path_length -> decrease_path_length -> increase_path_length -> decrease_path_length -> increase_path_length -> finish
human__k1-fcu4bpjs_sim1.pkl,human,human,human,human,human,human,126,-0.9349945006310465,increase_concentration -> decrease_concentration -> increase_concentration -> decrease_concentration -> decrease_concentration -> increase_concentration -> decrease_concentration -> increase_concentration -> decrease_concentration -> decrease_concentration -> increase_concentration -> increase_concentration -> decrease_concentration -> increase_concentration -> decrease_concentration -> increase_concentration -> decrease_concentration -> increase_concentration -> decrease_concentration -> increase_concentration -> increase_concentration -> decrease_concentration -> decrease_concentration -> increase_concentration -> increase_concentration -> decrease_concentration -> increase_concentration -> decrease_concentration -> increase_concentration -> increase_concentration -> decrease_concentration -> increase_concentration -> decrease_concentration -> increase_concentration -> decrease_concentration -> increase_concentration -> decrease_concentration -> increase_concentration -> decrease_concentration -> increase_concentration -> decrease_concentration -> increase_concentration -> decrease_concentration -> increase_concentration -> decrease_concentration -> increase_concentration -> increase_concentration -> increase_concentration -> increase_concentration -> decrease_concentration -> increase_concentration -> decrease_concentration -> increase_concentration -> increase_concentration -> decrease_concentration -> increase_concentration -> decrease_concentration -> increase_concentration -> decrease_concentration -> increase_concentration -> decrease_concentration -> increase_concentration -> decrease_concentration -> increase_concentration -> decrease_concentration -> increase_concentration -> decrease_concentration -> increase_concentration -> decrease_concentration -> increase_concentration -> decrease_concentration -> increase_concentration -> increase_concentration -> decrease_concentration -> increase_concentration -> decrease_concentration -> decrease_concentration -> increase_concentration -> decrease_concentration -> increase_concentration -> decrease_concentration -> decrease_concentration -> decrease_concentration -> increase_concentration -> decrease_concentration -> decrease_concentration -> increase_concentration -> decrease_concentration -> increase_concentration -> decrease_concentration -> increase_concentration -> increase_concentration -> decrease_concentration -> decrease_concentration -> decrease_concentration -> increase_concentration -> increase_wavelength -> decrease_wavelength -> increase_wavelength -> decrease_wavelength -> increase_wavelength -> increase_wavelength -> increase_wavelength -> increase_wavelength -> decrease_wavelength -> decrease_wavelength -> increase_wavelength -> decrease_wavelength -> decrease_wavelength -> increase_wavelength -> decrease_wavelength -> increase_wavelength -> decrease_wavelength -> increase_wavelength -> increase_wavelength -> increase_wavelength -> increase_wavelength -> increase_concentration -> decrease_concentration -> increase_concentration -> decrease_concentration -> increase_concentration -> decrease_concentration -> decrease_concentration -> decrease_concentration -> finish
human__k1-g69gsa77_sim1.pkl,human,human,human,human,human,human,78,-1.3206047204769618,increase_wavelength -> decrease_wavelength -> increase_wavelength -> decrease_wavelength -> decrease_wavelength -> increase_wavelength -> decrease_wavelength -> increase_path_length -> decrease_path_length -> increase_path_length -> decrease_path_length -> increase_path_length -> increase_concentration -> decrease_concentration -> increase_concentration -> decrease_concentration -> increase_concentration -> decrease_path_length -> increase_path_length -> increase_path_length -> decrease_path_length -> increase_path_length -> increase_concentration -> decrease_concentration -> increase_concentration -> decrease_concentration -> increase_concentration -> decrease_concentration -> increase_concentration -> decrease_concentration -> increase_concentration -> decrease_wavelength -> increase_wavelength -> increase_wavelength -> decrease_wavelength -> decrease_wavelength -> decrease_wavelength -> increase_wavelength -> decrease_path_length -> increase_path_length -> decrease_path_length -> increase_path_length -> decrease_path_length -> increase_path_length -> decrease_path_length -> increase_path_length -> decrease_wavelength -> increase_wavelength -> decrease_wavelength -> increase_wavelength -> increase_wavelength -> increase_wavelength -> decrease_wavelength -> decrease_wavelength -> increase_wavelength -> decrease_wavelength -> decrease_concentration -> increase_concentration -> decrease_path_length -> decrease_path_length -> increase_path_length -> decrease_concentration -> increase_concentration -> decrease_concentration -> increase_concentration -> increase_wavelength -> increase_concentration -> decrease_wavelength -> increase_wavelength -> decrease_wavelength -> increase_wavelength -> decrease_wavelength -> increase_wavelength -> decrease_wavelength -> increase_wavelength -> increase_wavelength -> decrease_wavelength -> finish
human__k1-gak3udqp_sim1.pkl,human,human,human,human,human,human,77,-1.721703261059551,increase_path_length -> increase_path_length -> decrease_path_length -> decrease_path_length -> increase_path_length -> increase_concentration -> decrease_concentration -> increase_concentration -> decrease_concentration -> increase_concentration -> increase_path_length -> decrease_path_length -> increase_path_length -> decrease_path_length -> increase_path_length -> increase_concentration -> decrease_concentration -> increase_path_length -> decrease_path_length -> decrease_wavelength -> increase_wavelength -> increase_path_length -> decrease_path_length -> increase_concentration -> decrease_concentration -> decrease_wavelength -> increase_wavelength -> decrease_wavelength -> decrease_concentration -> increase_concentration -> increase_wavelength -> decrease_wavelength -> increase_wavelength -> decrease_wavelength -> increase_wavelength -> increase_wavelength -> decrease_wavelength -> increase_wavelength -> decrease_wavelength -> increase_concentration -> decrease_concentration -> increase_concentration -> increase_path_length -> decrease_path_length -> increase_concentration -> decrease_concentration -> increase_path_length -> decrease_path_length -> increase_concentration -> increase_wavelength -> increase_path_length -> decrease_concentration -> increase_concentration -> increase_wavelength -> decrease_path_length -> decrease_path_length -> increase_path_length -> decrease_wavelength -> increase_wavelength -> decrease_concentration -> increase_concentration -> decrease_wavelength -> decrease_concentration -> increase_concentration -> decrease_concentration -> increase_concentration -> increase_concentration -> increase_concentration -> decrease_concentration -> increase_concentration -> increase_concentration -> increase_concentration -> decrease_path_length -> increase_path_length -> increase_path_length -> increase_path_length -> finish
human__k1-gsck6mfh_sim1.pkl,human,human,human,human,human,human,59,-1.495681498022405,increase_path_length -> decrease_path_length -> increase_path_length -> increase_wavelength -> decrease_path_length -> increase_path_length -> increase_path_length -> decrease_path_length -> increase_path_length -> decrease_path_length -> decrease_path_length -> increase_path_length -> decrease_path_length -> increase_path_length -> decrease_path_length -> increase_path_length -> decrease_path_length -> increase_wavelength -> decrease_wavelength -> increase_path_length -> increase_wavelength -> decrease_wavelength -> decrease_path_length -> increase_path_length -> decrease_path_length -> increase_path_length -> decrease_wavelength -> increase_wavelength -> decrease_wavelength -> increase_wavelength -> decrease_path_length -> decrease_concentration -> increase_concentration -> increase_concentration -> decrease_concentration -> increase_concentration -> decrease_concentration -> increase_concentration -> decrease_concentration -> increase_concentration -> decrease_concentration -> increase_concentration -> increase_path_length -> decrease_path_length -> increase_path_length -> increase_wavelength -> decrease_wavelength -> increase_wavelength -> decrease_wavelength -> increase_wavelength -> increase_concentration -> decrease_concentration -> increase_concentration -> decrease_concentration -> increase_concentration -> increase_wavelength -> increase_wavelength -> decrease_wavelength -> finish
human__k1-h68szyda_sim1.pkl,human,human,human,human,human,human,93,-1.1936763218264335,decrease_wavelength -> increase_wavelength -> decrease_wavelength -> increase_wavelength -> increase_wavelength -> decrease_concentration -> decrease_concentration -> increase_concentration -> decrease_concentration -> increase_concentration -> decrease_concentration -> increase_concentration -> decrease_concentration -> increase_concentration -> decrease_concentration -> increase_concentration -> increase_concentration -> decrease_concentration -> increase_concentration -> decrease_concentration -> increase_concentration -> increase_concentration -> decrease_concentration -> decrease_concentration -> increase_concentration -> increase_wavelength -> decrease_wavelength -> increase_wavelength -> decrease_wavelength -> increase_wavelength -> increase_wavelength -> increase_wavelength -> decrease_wavelength -> increase_wavelength -> decrease_wavelength -> increase_wavelength -> decrease_wavelength -> decrease_concentration -> increase_concentration -> decrease_concentration -> increase_concentration -> increase_path_length -> decrease_path_length -> increase_path_length -> decrease_path_length -> increase_path_length -> decrease_path_length -> increase_concentration -> decrease_concentration -> increase_concentration -> decrease_concentration -> increase_concentration -> decrease_concentration -> increase_concentration -> decrease_concentration -> increase_concentration -> increase_concentration -> decrease_concentration -> increase_concentration -> increase_concentration -> decrease_concentration -> increase_concentration -> decrease_concentration -> increase_concentration -> increase_wavelength -> increase_wavelength -> decrease_path_length -> increase_concentration -> decrease_concentration -> increase_concentration -> decrease_concentration -> increase_concentration -> increase_concentration -> increase_concentration -> increase_concentration -> increase_concentration -> increase_path_length -> increase_path_length -> decrease_path_length -> increase_path_length -> decrease_path_length -> increase_path_length -> decrease_path_length -> decrease_concentration -> increase_concentration -> decrease_concentration -> increase_concentration -> decrease_concentration -> decrease_path_length -> increase_path_length -> increase_path_length -> decrease_path_length -> finish
human__k1-hxf2dkio_sim1.pkl,human,human,human,human,human,human,34,-1.2187406280846598,increase_concentration -> decrease_concentration -> increase_concentration -> decrease_concentration -> increase_concentration -> increase_wavelength -> decrease_wavelength -> increase_wavelength -> decrease_wavelength -> increase_wavelength -> decrease_wavelength -> increase_wavelength -> increase_wavelength -> increase_wavelength -> decrease_wavelength -> increase_wavelength -> decrease_wavelength -> increase_wavelength -> decrease_wavelength -> increase_path_length -> decrease_path_length -> increase_wavelength -> decrease_wavelength -> increase_wavelength -> decrease_wavelength -> increase_wavelength -> decrease_wavelength -> increase_wavelength -> decrease_wavelength -> decrease_wavelength -> increase_wavelength -> decrease_wavelength -> increase_wavelength -> finish
human__k1-ik93ja9j_sim1.pkl,human,human,human,human,human,human,28,-1.7888470599324384,increase_wavelength -> decrease_wavelength -> increase_wavelength -> decrease_concentration -> increase_concentration -> decrease_concentration -> increase_concentration -> increase_path_length -> decrease_path_length -> decrease_wavelength -> increase_wavelength -> increase_wavelength -> increase_wavelength -> increase_wavelength -> increase_concentration -> decrease_concentration -> increase_wavelength -> decrease_concentration -> increase_concentration -> decrease_concentration -> increase_concentration -> decrease_wavelength -> increase_path_length -> decrease_path_length -> increase_path_length -> decrease_path_length -> increase_wavelength -> finish
human__k1-ipoaq6dm_sim1.pkl,human,human,human,human,human,human,31,-1.0506416229442057,increase_concentration -> increase_concentration -> decrease_concentration -> decrease_concentration -> decrease_concentration -> increase_concentration -> decrease_concentration -> decrease_concentration -> increase_concentration -> decrease_concentration -> decrease_concentration -> increase_concentration -> increase_concentration -> decrease_concentration -> decrease_concentration -> increase_concentration -> increase_concentration -> increase_concentration -> increase_concentration -> increase_concentration -> increase_concentration -> increase_concentration -> decrease_concentration -> increase_concentration -> increase_concentration -> increase_concentration -> increase_wavelength -> increase_wavelength -> decrease_wavelength -> increase_wavelength -> finish
human__k1-j35wegzc_sim1.pkl,human,human,human,human,human,human,53,-1.451304553758196,increase_wavelength -> decrease_wavelength -> increase_wavelength -> increase_wavelength -> decrease_wavelength -> increase_wavelength -> decrease_wavelength -> increase_wavelength -> decrease_wavelength -> increase_concentration -> decrease_concentration -> decrease_wavelength -> increase_wavelength -> decrease_wavelength -> increase_wavelength -> increase_wavelength -> increase_wavelength -> increase_path_length -> decrease_path_length -> increase_wavelength -> increase_wavelength -> decrease_wavelength -> increase_wavelength -> decrease_wavelength -> increase_wavelength -> increase_path_length -> decrease_path_length -> decrease_path_length -> increase_path_length -> decrease_path_length -> increase_path_length -> decrease_path_length -> decrease_path_length -> increase_path_length -> decrease_path_length -> decrease_path_length -> increase_path_length -> decrease_path_length -> decrease_concentration -> increase_concentration -> increase_concentration -> increase_concentration -> increase_path_length -> increase_wavelength -> increase_concentration -> decrease_concentration -> increase_concentration -> decrease_path_length -> decrease_concentration -> increase_concentration -> decrease_concentration -> increase_concentration -> finish
human__k1-j44bm5u5_sim1.pkl,human,human,human,human,human,human,72,-1.413547398903634,increase_wavelength -> decrease_wavelength -> increase_wavelength -> increase_wavelength -> increase_concentration -> decrease_concentration -> increase_concentration -> decrease_concentration -> increase_concentration -> decrease_wavelength -> increase_wavelength -> increase_wavelength -> increase_wavelength -> increase_concentration -> increase_concentration -> decrease_concentration -> increase_concentration -> increase_concentration -> increase_concentration -> increase_concentration -> increase_wavelength -> decrease_wavelength -> increase_wavelength -> decrease_wavelength -> increase_wavelength -> decrease_wavelength -> decrease_wavelength -> increase_concentration -> decrease_concentration -> increase_concentration -> decrease_concentration -> increase_concentration -> increase_concentration -> decrease_concentration -> decrease_concentration -> increase_concentration -> increase_wavelength -> decrease_wavelength -> increase_concentration -> decrease_concentration -> increase_wavelength -> decrease_wavelength -> increase_wavelength -> increase_concentration -> decrease_concentration -> increase_concentration -> increase_wavelength -> decrease_wavelength -> increase_wavelength -> increase_concentration -> decrease_wavelength -> increase_wavelength -> decrease_wavelength -> increase_concentration -> decrease_concentration -> increase_concentration -> decrease_concentration -> decrease_concentration -> increase_wavelength -> increase_path_length -> decrease_path_length -> increase_path_length -> increase_concentration -> decrease_concentration -> increase_concentration -> decrease_concentration -> increase_concentration -> increase_concentration -> increase_concentration -> decrease_concentration -> decrease_concentration -> finish
human__k1-jxxtsxb4_sim1.pkl,human,human,human,human,human,human,40,-1.4739045646000604,increase_concentration -> increase_concentration -> decrease_concentration -> increase_concentration -> decrease_concentration -> increase_concentration -> decrease_concentration -> decrease_wavelength -> decrease_wavelength -> increase_wavelength -> decrease_wavelength -> increase_wavelength -> decrease_wavelength -> decrease_wavelength -> increase_concentration -> decrease_concentration -> decrease_concentration -> decrease_concentration -> decrease_concentration -> decrease_concentration -> increase_concentration -> decrease_concentration -> increase_path_length -> decrease_path_length -> increase_path_length -> decrease_path_length -> decrease_path_length -> increase_wavelength -> decrease_wavelength -> increase_wavelength -> decrease_wavelength -> decrease_wavelength -> increase_concentration -> increase_concentration -> increase_path_length -> decrease_concentration -> decrease_concentration -> decrease_path_length -> decrease_path_length -> finish
human__k1-k2ejoroe_sim1.pkl,human,human,human,human,human,human,47,-2.1077389662294546,increase_wavelength -> decrease_wavelength -> increase_wavelength -> decrease_wavelength -> increase_wavelength -> increase_concentration -> decrease_concentration -> increase_concentration -> decrease_concentration -> increase_concentration -> decrease_wavelength -> increase_wavelength -> decrease_wavelength -> increase_wavelength -> decrease_wavelength -> increase_concentration -> decrease_concentration -> increase_concentration -> increase_wavelength -> decrease_wavelength -> decrease_wavelength -> decrease_path_length -> increase_path_length -> decrease_path_length -> increase_wavelength -> decrease_wavelength -> decrease_path_length -> decrease_wavelength -> increase_concentration -> increase_path_length -> decrease_wavelength -> decrease_concentration -> decrease_concentration -> decrease_path_length -> decrease_wavelength -> decrease_path_length -> increase_wavelength -> increase_path_length -> increase_wavelength -> increase_wavelength -> decrease_path_length -> decrease_concentration -> increase_concentration -> increase_path_length -> decrease_wavelength -> increase_path_length -> finish
human__k1-kewr99xr_sim1.pkl,human,human,human,human,human,human,74,-1.210289503648473,increase_wavelength -> decrease_wavelength -> increase_wavelength -> decrease_wavelength -> increase_wavelength -> decrease_wavelength -> increase_wavelength -> increase_wavelength -> increase_wavelength -> decrease_wavelength -> increase_path_length -> decrease_path_length -> increase_path_length -> decrease_path_length -> decrease_wavelength -> increase_wavelength -> decrease_wavelength -> increase_wavelength -> increase_wavelength -> decrease_wavelength -> decrease_wavelength -> increase_path_length -> decrease_path_length -> increase_path_length -> decrease_path_length -> increase_path_length -> decrease_path_length -> increase_path_length -> decrease_path_length -> increase_path_length -> decrease_path_length -> increase_path_length -> decrease_path_length -> increase_path_length -> increase_path_length -> decrease_path_length -> increase_path_length -> increase_concentration -> decrease_concentration -> increase_concentration -> decrease_concentration -> decrease_wavelength -> increase_wavelength -> decrease_wavelength -> increase_wavelength -> decrease_wavelength -> increase_wavelength -> decrease_wavelength -> increase_wavelength -> decrease_wavelength -> increase_wavelength -> increase_concentration -> decrease_concentration -> increase_concentration -> decrease_concentration -> increase_concentration -> decrease_concentration -> increase_concentration -> increase_wavelength -> decrease_wavelength -> increase_wavelength -> decrease_wavelength -> increase_wavelength -> decrease_wavelength -> decrease_wavelength -> increase_wavelength -> increase_concentration -> increase_wavelength -> decrease_wavelength -> increase_wavelength -> increase_wavelength -> decrease_wavelength -> increase_wavelength -> finish
human__k1-khkmskrb_sim1.pkl,human,human,human,human,human,human,94,-1.418374539034546,decrease_concentration -> increase_concentration -> increase_concentration -> increase_concentration -> increase_concentration -> increase_concentration -> increase_concentration -> decrease_concentration -> increase_concentration -> increase_concentration -> decrease_concentration -> increase_concentration -> decrease_concentration -> increase_concentration -> decrease_concentration -> increase_concentration -> decrease_concentration -> increase_concentration -> decrease_concentration -> increase_concentration -> increase_concentration -> increase_concentration -> increase_concentration -> increase_concentration -> increase_wavelength -> increase_wavelength -> decrease_wavelength -> increase_wavelength -> increase_wavelength -> increase_wavelength -> decrease_wavelength -> increase_wavelength -> decrease_wavelength -> increase_wavelength -> decrease_wavelength -> increase_wavelength -> increase_path_length -> decrease_path_length -> decrease_wavelength -> decrease_wavelength -> increase_wavelength -> decrease_wavelength -> increase_wavelength -> decrease_wavelength -> increase_path_length -> decrease_path_length -> increase_path_length -> increase_path_length -> increase_path_length -> decrease_path_length -> increase_path_length -> decrease_wavelength -> increase_wavelength -> decrease_wavelength -> increase_concentration -> decrease_wavelength -> increase_wavelength -> increase_concentration -> decrease_concentration -> increase_concentration -> decrease_path_length -> increase_wavelength -> increase_concentration -> decrease_concentration -> decrease_wavelength -> decrease_wavelength -> increase_wavelength -> increase_concentration -> decrease_wavelength -> decrease_wavelength -> increase_wavelength -> increase_wavelength -> decrease_wavelength -> decrease_wavelength -> increase_concentration -> increase_wavelength -> decrease_wavelength -> increase_wavelength -> decrease_wavelength -> increase_concentration -> increase_concentration -> decrease_wavelength -> increase_wavelength -> increase_concentration -> decrease_wavelength -> decrease_concentration -> decrease_wavelength -> decrease_wavelength -> decrease_wavelength -> decrease_path_length -> increase_path_length -> increase_path_length -> increase_path_length -> finish
human__k1-koxiis8d_sim1.pkl,human,human,human,human,human,human,128,-1.0512531347120249,increase_path_length -> decrease_path_length -> increase_path_length -> decrease_path_length -> increase_path_length -> decrease_path_length -> increase_path_length -> decrease_path_length -> increase_path_length -> increase_path_length -> decrease_path_length -> increase_path_length -> decrease_path_length -> increase_path_length -> decrease_path_length -> increase_path_length -> decrease_path_length -> increase_concentration -> decrease_concentration -> increase_concentration -> decrease_concentration -> increase_concentration -> decrease_concentration -> increase_concentration -> decrease_concentration -> increase_concentration -> decrease_concentration -> increase_concentration -> decrease_concentration -> increase_wavelength -> increase_concentration -> increase_concentration -> decrease_concentration -> increase_concentration -> decrease_concentration -> increase_concentration -> decrease_concentration -> increase_concentration -> increase_concentration -> increase_wavelength -> decrease_wavelength -> increase_wavelength -> decrease_wavelength -> increase_wavelength -> decrease_wavelength -> increase_wavelength -> decrease_wavelength -> increase_wavelength -> increase_wavelength -> increase_wavelength -> increase_wavelength -> increase_wavelength -> decrease_wavelength -> increase_wavelength -> decrease_wavelength -> decrease_wavelength -> increase_wavelength -> decrease_wavelength -> increase_wavelength -> increase_wavelength -> decrease_wavelength -> increase_wavelength -> decrease_wavelength -> increase_wavelength -> decrease_wavelength -> increase_wavelength -> increase_wavelength -> decrease_wavelength -> decrease_wavelength -> decrease_wavelength -> decrease_wavelength -> decrease_wavelength -> increase_wavelength -> increase_wavelength -> decrease_wavelength -> increase_wavelength -> decrease_wavelength -> decrease_wavelength -> decrease_wavelength -> increase_wavelength -> decrease_wavelength -> decrease_wavelength -> increase_wavelength -> decrease_wavelength -> increase_wavelength -> decrease_wavelength -> decrease_wavelength -> increase_concentration -> increase_concentration -> increase_concentration -> decrease_concentration -> increase_path_length -> decrease_path_length -> increase_path_length -> decrease_path_length -> decrease_path_length -> increase_path_length -> decrease_path_length -> increase_path_length -> decrease_wavelength -> increase_wavelength -> increase_wavelength -> increase_wavelength -> decrease_wavelength -> increase_wavelength -> increase_wavelength -> increase_wavelength -> increase_wavelength -> increase_wavelength -> increase_wavelength -> increase_wavelength -> increase_wavelength -> decrease_wavelength -> decrease_wavelength -> decrease_wavelength -> increase_wavelength -> decrease_wavelength -> decrease_wavelength -> increase_wavelength -> decrease_wavelength -> decrease_wavelength -> increase_wavelength -> decrease_wavelength -> decrease_wavelength -> decrease_wavelength -> increase_wavelength -> increase_concentration -> finish
human__k1-n7d48xur_sim1.pkl,human,human,human,human,human,human,40,-2.10280082756286,increase_path_length -> increase_wavelength -> decrease_wavelength -> increase_wavelength -> increase_concentration -> increase_concentration -> increase_wavelength -> decrease_wavelength -> increase_path_length -> decrease_path_length -> increase_path_length -> decrease_wavelength -> decrease_wavelength -> increase_concentration -> increase_concentration -> decrease_path_length -> decrease_concentration -> increase_wavelength -> decrease_wavelength -> increase_wavelength -> decrease_wavelength -> decrease_path_length -> decrease_path_length -> increase_path_length -> decrease_wavelength -> increase_wavelength -> increase_wavelength -> decrease_wavelength -> decrease_wavelength -> decrease_concentration -> decrease_path_length -> increase_concentration -> increase_concentration -> increase_path_length -> decrease_concentration -> increase_path_length -> decrease_concentration -> decrease_path_length -> decrease_path_length -> finish
human__k1-nyupgx4w_sim1.pkl,human,human,human,human,human,human,71,-1.185304884792665,increase_wavelength -> decrease_wavelength -> increase_path_length -> decrease_path_length -> increase_path_length -> increase_path_length -> decrease_path_length -> increase_path_length -> decrease_path_length -> increase_path_length -> decrease_path_length -> decrease_wavelength -> increase_wavelength -> decrease_wavelength -> increase_wavelength -> increase_wavelength -> decrease_wavelength -> decrease_wavelength -> increase_wavelength -> increase_wavelength -> decrease_wavelength -> increase_wavelength -> decrease_wavelength -> increase_wavelength -> increase_wavelength -> decrease_wavelength -> increase_wavelength -> decrease_wavelength -> increase_wavelength -> increase_wavelength -> decrease_wavelength -> decrease_wavelength -> increase_wavelength -> decrease_wavelength -> increase_wavelength -> decrease_wavelength -> increase_wavelength -> increase_wavelength -> increase_concentration -> decrease_concentration -> increase_concentration -> decrease_wavelength -> increase_wavelength -> decrease_wavelength -> decrease_wavelength -> increase_wavelength -> decrease_wavelength -> decrease_concentration -> decrease_concentration -> increase_wavelength -> increase_wavelength -> decrease_wavelength -> decrease_wavelength -> increase_wavelength -> decrease_wavelength -> increase_wavelength -> decrease_wavelength -> decrease_wavelength -> decrease_wavelength -> decrease_path_length -> increase_path_length -> decrease_path_length -> increase_path_length -> increase_path_length -> decrease_path_length -> increase_path_length -> decrease_path_length -> increase_path_length -> decrease_path_length -> increase_path_length -> finish
human__k1-o65rmutz_sim1.pkl,human,human,human,human,human,human,66,-0.9216598762328223,increase_wavelength -> increase_wavelength -> increase_wavelength -> decrease_wavelength -> increase_wavelength -> decrease_wavelength -> increase_wavelength -> decrease_wavelength -> increase_wavelength -> decrease_wavelength -> increase_wavelength -> decrease_wavelength -> increase_wavelength -> decrease_wavelength -> decrease_wavelength -> decrease_wavelength -> decrease_wavelength -> decrease_wavelength -> decrease_wavelength -> decrease_wavelength -> increase_wavelength -> increase_wavelength -> decrease_wavelength -> decrease_wavelength -> increase_wavelength -> decrease_wavelength -> increase_wavelength -> increase_wavelength -> decrease_wavelength -> decrease_wavelength -> increase_wavelength -> decrease_wavelength -> increase_wavelength -> decrease_wavelength -> increase_wavelength -> decrease_wavelength -> increase_wavelength -> decrease_wavelength -> increase_concentration -> decrease_concentration -> increase_concentration -> decrease_concentration -> increase_concentration -> increase_concentration -> increase_concentration -> decrease_concentration -> increase_concentration -> decrease_concentration -> increase_concentration -> increase_concentration -> increase_concentration -> increase_concentration -> decrease_concentration -> increase_concentration -> increase_concentration -> increase_concentration -> increase_concentration -> increase_concentration -> increase_concentration -> increase_concentration -> increase_concentration -> increase_concentration -> increase_concentration -> increase_concentration -> increase_concentration -> finish
human__k1-o9wjcmsf_sim1.pkl,human,human,human,human,human,human,48,-1.2274287379223938,increase_wavelength -> decrease_wavelength -> increase_wavelength -> decrease_wavelength -> increase_wavelength -> decrease_wavelength -> increase_wavelength -> increase_concentration -> decrease_concentration -> increase_concentration -> decrease_concentration -> increase_concentration -> decrease_concentration -> increase_concentration -> increase_concentration -> decrease_concentration -> increase_concentration -> increase_concentration -> increase_concentration -> increase_concentration -> increase_concentration -> increase_concentration -> increase_concentration -> decrease_concentration -> decrease_wavelength -> decrease_concentration -> increase_concentration -> decrease_wavelength -> increase_wavelength -> decrease_wavelength -> increase_wavelength -> decrease_wavelength -> increase_wavelength -> increase_wavelength -> increase_wavelength -> decrease_wavelength -> increase_path_length -> decrease_concentration -> increase_concentration -> decrease_concentration -> increase_concentration -> increase_concentration -> decrease_concentration -> decrease_concentration -> increase_concentration -> decrease_concentration -> increase_concentration -> finish
human__k1-oas8g9fo_sim1.pkl,human,human,human,human,human,human,63,-0.9017637317302182,increase_concentration -> decrease_concentration -> increase_concentration -> increase_concentration -> increase_concentration -> increase_concentration -> decrease_concentration -> increase_concentration -> decrease_concentration -> increase_concentration -> increase_concentration -> decrease_concentration -> increase_concentration -> decrease_concentration -> increase_concentration -> decrease_concentration -> decrease_concentration -> increase_concentration -> increase_concentration -> decrease_concentration -> increase_concentration -> increase_concentration -> decrease_concentration -> increase_concentration -> increase_concentration -> increase_concentration -> decrease_concentration -> increase_concentration -> decrease_concentration -> decrease_concentration -> increase_concentration -> increase_concentration -> decrease_concentration -> increase_concentration -> decrease_concentration -> increase_concentration -> increase_concentration -> increase_concentration -> increase_concentration -> increase_concentration -> increase_concentration -> decrease_concentration -> decrease_concentration -> increase_concentration -> decrease_concentration -> increase_concentration -> decrease_concentration -> increase_concentration -> decrease_concentration -> increase_concentration -> decrease_concentration -> increase_concentration -> decrease_concentration -> increase_concentration -> decrease_concentration -> decrease_concentration -> increase_concentration -> increase_concentration -> increase_concentration -> increase_concentration -> decrease_concentration -> increase_concentration -> finish
human__k1-oc7xo23m_sim1.pkl,human,human,human,human,human,human,42,-1.123179480986204,decrease_path_length -> increase_path_length -> decrease_path_length -> increase_path_length -> decrease_path_length -> decrease_wavelength -> increase_wavelength -> decrease_wavelength -> increase_wavelength -> decrease_wavelength -> increase_wavelength -> decrease_wavelength -> decrease_wavelength -> increase_wavelength -> decrease_wavelength -> increase_wavelength -> decrease_wavelength -> increase_wavelength -> decrease_wavelength -> decrease_wavelength -> decrease_wavelength -> decrease_concentration -> increase_concentration -> increase_concentration -> decrease_concentration -> decrease_concentration -> decrease_concentration -> increase_concentration -> decrease_concentration -> decrease_concentration -> decrease_concentration -> increase_concentration -> decrease_concentration -> increase_concentration -> increase_concentration -> decrease_concentration -> increase_concentration -> decrease_concentration -> increase_concentration -> decrease_concentration -> increase_concentration -> finish
human__k1-oe26stt9_sim1.pkl,human,human,human,human,human,human,64,-1.2750660022700586,increase_path_length -> decrease_path_length -> increase_path_length -> increase_concentration -> decrease_concentration -> increase_concentration -> decrease_concentration -> increase_concentration -> decrease_concentration -> increase_concentration -> increase_concentration -> decrease_concentration -> increase_concentration -> decrease_concentration -> increase_concentration -> decrease_concentration -> increase_concentration -> decrease_concentration -> increase_concentration -> decrease_concentration -> increase_concentration -> decrease_concentration -> increase_concentration -> decrease_concentration -> increase_concentration -> decrease_concentration -> increase_concentration -> decrease_concentration -> increase_concentration -> decrease_concentration -> increase_concentration -> decrease_concentration -> increase_concentration -> decrease_path_length -> increase_concentration -> increase_path_length -> increase_wavelength -> decrease_wavelength -> increase_wavelength -> decrease_wavelength -> decrease_wavelength -> increase_wavelength -> increase_wavelength -> decrease_wavelength -> increase_wavelength -> decrease_wavelength -> increase_wavelength -> increase_path_length -> decrease_path_length -> increase_path_length -> decrease_concentration -> increase_concentration -> decrease_path_length -> increase_path_length -> decrease_path_length -> increase_path_length -> decrease_path_length -> increase_path_length -> decrease_path_length -> increase_path_length -> decrease_path_length -> increase_path_length -> increase_concentration -> finish
human__k1-og9iomhk_sim1.pkl,human,human,human,human,human,human,141,-1.3832905548810903,increase_wavelength -> decrease_wavelength -> increase_wavelength -> increase_wavelength -> increase_wavelength -> increase_wavelength -> decrease_wavelength -> increase_wavelength -> decrease_wavelength -> decrease_wavelength -> increase_wavelength -> increase_wavelength -> increase_wavelength -> decrease_wavelength -> increase_wavelength -> decrease_concentration -> increase_concentration -> decrease_concentration -> increase_wavelength -> decrease_wavelength -> increase_wavelength -> increase_wavelength -> increase_concentration -> decrease_concentration -> increase_concentration -> decrease_concentration -> decrease_wavelength -> increase_wavelength -> decrease_concentration -> increase_concentration -> decrease_wavelength -> increase_wavelength -> decrease_wavelength -> decrease_concentration -> increase_concentration -> increase_wavelength -> decrease_wavelength -> increase_wavelength -> decrease_wavelength -> increase_wavelength -> decrease_wavelength -> decrease_wavelength -> decrease_wavelength -> increase_wavelength -> decrease_concentration -> increase_concentration -> increase_wavelength -> decrease_wavelength -> decrease_concentration -> increase_concentration -> increase_wavelength -> increase_concentration -> decrease_concentration -> increase_concentration -> decrease_concentration -> decrease_wavelength -> decrease_concentration -> increase_concentration -> decrease_concentration -> increase_concentration -> decrease_wavelength -> decrease_wavelength -> increase_wavelength -> decrease_wavelength -> decrease_wavelength -> increase_wavelength -> decrease_wavelength -> increase_wavelength -> decrease_concentration -> increase_concentration -> increase_wavelength -> increase_wavelength -> increase_wavelength -> decrease_wavelength -> increase_wavelength -> decrease_wavelength -> increase_concentration -> increase_wavelength -> increase_wavelength -> decrease_wavelength -> decrease_wavelength -> increase_wavelength -> decrease_wavelength -> increase_wavelength -> decrease_wavelength -> increase_wavelength -> decrease_wavelength -> decrease_wavelength -> increase_wavelength -> decrease_wavelength -> increase_wavelength -> decrease_wavelength -> decrease_concentration -> increase_concentration -> decrease_concentration -> increase_concentration -> decrease_concentration -> increase_concentration -> decrease_concentration -> increase_concentration -> decrease_concentration -> decrease_concentration -> increase_concentration -> increase_concentration -> increase_concentration -> decrease_concentration -> decrease_concentration -> decrease_wavelength -> increase_wavelength -> decrease_wavelength -> increase_wavelength -> decrease_wavelength -> decrease_concentration -> decrease_concentration -> increase_concentration -> decrease_path_length -> increase_path_length -> increase_path_length -> decrease_path_length -> increase_path_length -> increase_path_length -> increase_path_length -> increase_wavelength -> decrease_path_length -> increase_concentration -> decrease_concentration -> increase_concentration -> increase_concentration -> increase_path_length -> decrease_path_length -> decrease_path_length -> increase_path_length -> decrease_path_length -> decrease_path_length -> increase_concentration -> decrease_concentration -> increase_concentration -> increase_path_length -> decrease_path_length -> increase_path_length -> finish
human__k1-oty69e6s_sim1.pkl,human,human,human,human,human,human,65,-1.3403462699723336,increase_wavelength -> decrease_wavelength -> increase_wavelength -> decrease_wavelength -> increase_wavelength -> decrease_wavelength -> increase_wavelength -> increase_wavelength -> decrease_wavelength -> increase_wavelength -> decrease_concentration -> decrease_concentration -> increase_concentration -> decrease_wavelength -> decrease_wavelength -> increase_wavelength -> increase_concentration -> decrease_wavelength -> increase_wavelength -> decrease_wavelength -> decrease_wavelength -> decrease_concentration -> increase_wavelength -> decrease_wavelength -> increase_wavelength -> decrease_wavelength -> increase_concentration -> decrease_concentration -> increase_concentration -> increase_concentration -> decrease_concentration -> decrease_concentration -> increase_wavelength -> decrease_wavelength -> decrease_wavelength -> decrease_wavelength -> decrease_wavelength -> increase_wavelength -> decrease_wavelength -> decrease_wavelength -> increase_wavelength -> increase_wavelength -> increase_path_length -> decrease_path_length -> decrease_path_length -> increase_wavelength -> decrease_wavelength -> increase_wavelength -> increase_wavelength -> increase_wavelength -> decrease_wavelength -> increase_concentration -> increase_concentration -> increase_wavelength -> decrease_wavelength -> increase_wavelength -> decrease_wavelength -> decrease_wavelength -> increase_wavelength -> decrease_wavelength -> increase_wavelength -> decrease_wavelength -> increase_wavelength -> increase_wavelength -> finish
human__k1-p9dyozie_sim1.pkl,human,human,human,human,human,human,39,-1.6749595926233236,increase_wavelength -> decrease_wavelength -> increase_wavelength -> decrease_concentration -> increase_concentration -> decrease_path_length -> increase_path_length -> decrease_path_length -> increase_path_length -> increase_path_length -> decrease_path_length -> increase_path_length -> decrease_wavelength -> increase_wavelength -> decrease_wavelength -> increase_wavelength -> increase_wavelength -> decrease_wavelength -> decrease_path_length -> increase_path_length -> decrease_path_length -> increase_path_length -> decrease_path_length -> increase_path_length -> increase_wavelength -> decrease_wavelength -> increase_wavelength -> decrease_wavelength -> increase_path_length -> increase_wavelength -> decrease_wavelength -> increase_wavelength -> increase_path_length -> decrease_wavelength -> increase_wavelength -> decrease_concentration -> increase_concentration -> increase_wavelength -> finish
human__k1-pzgsjqi7_sim1.pkl,human,human,human,human,human,human,87,-1.280568766164159,increase_concentration -> decrease_concentration -> increase_concentration -> decrease_concentration -> increase_concentration -> increase_concentration -> increase_wavelength -> increase_concentration -> decrease_concentration -> decrease_concentration -> increase_concentration -> increase_concentration -> decrease_concentration -> increase_concentration -> decrease_concentration -> increase_concentration -> decrease_concentration -> increase_concentration -> decrease_concentration -> increase_concentration -> decrease_concentration -> decrease_concentration -> decrease_concentration -> decrease_concentration -> increase_path_length -> decrease_path_length -> increase_path_length -> decrease_path_length -> increase_path_length -> decrease_path_length -> increase_path_length -> decrease_path_length -> increase_concentration -> decrease_concentration -> increase_concentration -> increase_wavelength -> decrease_wavelength -> increase_wavelength -> decrease_wavelength -> increase_wavelength -> decrease_wavelength -> increase_wavelength -> decrease_wavelength -> increase_wavelength -> decrease_path_length -> increase_path_length -> decrease_path_length -> decrease_path_length -> increase_wavelength -> decrease_wavelength -> increase_wavelength -> increase_wavelength -> decrease_wavelength -> decrease_wavelength -> increase_wavelength -> decrease_wavelength -> decrease_wavelength -> decrease_wavelength -> decrease_path_length -> decrease_path_length -> increase_path_length -> increase_path_length -> increase_path_length -> decrease_wavelength -> increase_wavelength -> decrease_wavelength -> decrease_wavelength -> increase_wavelength -> decrease_wavelength -> decrease_concentration -> decrease_concentration -> increase_concentration -> decrease_concentration -> increase_path_length -> decrease_path_length -> increase_path_length -> decrease_wavelength -> increase_wavelength -> decrease_wavelength -> increase_wavelength -> increase_wavelength -> decrease_wavelength -> decrease_wavelength -> increase_wavelength -> increase_wavelength -> decrease_wavelength -> finish
human__k1-qdfhyyzw_sim1.pkl,human,human,human,human,human,human,69,-1.2129573402634746,increase_wavelength -> decrease_wavelength -> increase_wavelength -> decrease_wavelength -> increase_wavelength -> increase_path_length -> decrease_path_length -> increase_path_length -> decrease_path_length -> increase_concentration -> decrease_concentration -> increase_concentration -> decrease_concentration -> increase_concentration -> decrease_concentration -> increase_concentration -> increase_concentration -> increase_concentration -> decrease_concentration -> increase_concentration -> increase_wavelength -> decrease_wavelength -> increase_wavelength -> increase_path_length -> decrease_path_length -> increase_path_length -> decrease_path_length -> increase_path_length -> increase_path_length -> increase_path_length -> increase_path_length -> decrease_path_length -> increase_path_length -> decrease_path_length -> increase_path_length -> decrease_path_length -> increase_path_length -> increase_path_length -> decrease_path_length -> increase_path_length -> decrease_path_length -> increase_path_length -> decrease_path_length -> decrease_path_length -> decrease_path_length -> increase_path_length -> decrease_path_length -> decrease_wavelength -> increase_wavelength -> decrease_wavelength -> increase_concentration -> increase_wavelength -> increase_wavelength -> decrease_wavelength -> increase_wavelength -> increase_concentration -> decrease_wavelength -> decrease_wavelength -> decrease_wavelength -> increase_wavelength -> increase_wavelength -> increase_wavelength -> decrease_wavelength -> increase_wavelength -> decrease_wavelength -> increase_wavelength -> decrease_wavelength -> decrease_wavelength -> finish
human__k1-qf3zo9v9_sim1.pkl,human,human,human,human,human,human,33,-1.2987671140302464,increase_concentration -> increase_concentration -> increase_concentration -> increase_wavelength -> decrease_wavelength -> increase_wavelength -> increase_wavelength -> increase_wavelength -> increase_wavelength -> decrease_wavelength -> increase_wavelength -> decrease_wavelength -> increase_concentration -> increase_concentration -> increase_concentration -> increase_concentration -> increase_concentration -> increase_concentration -> increase_concentration -> increase_concentration -> increase_concentration -> decrease_concentration -> increase_concentration -> increase_concentration -> increase_concentration -> increase_path_length -> increase_wavelength -> increase_wavelength -> increase_path_length -> increase_path_length -> increase_path_length -> increase_path_length -> finish
human__k1-rjmvg8zc_sim1.pkl,human,human,human,human,human,human,50,-1.4568013614542468,increase_wavelength -> increase_concentration -> decrease_concentration -> increase_concentration -> decrease_concentration -> increase_concentration -> increase_wavelength -> decrease_wavelength -> increase_wavelength -> decrease_wavelength -> increase_wavelength -> decrease_wavelength -> increase_wavelength -> decrease_wavelength -> increase_wavelength -> decrease_wavelength -> increase_wavelength -> decrease_concentration -> increase_concentration -> decrease_concentration -> increase_wavelength -> decrease_wavelength -> increase_concentration -> increase_wavelength -> decrease_wavelength -> increase_wavelength -> increase_concentration -> decrease_concentration -> increase_concentration -> decrease_wavelength -> increase_wavelength -> decrease_wavelength -> decrease_wavelength -> decrease_wavelength -> increase_wavelength -> increase_wavelength -> decrease_wavelength -> increase_wavelength -> decrease_wavelength -> decrease_concentration -> increase_concentration -> decrease_concentration -> decrease_path_length -> increase_path_length -> decrease_path_length -> increase_path_length -> increase_path_length -> increase_wavelength -> increase_path_length -> finish
human__k1-s5i3notu_sim1.pkl,human,human,human,human,human,human,143,-1.1449577018630184,increase_wavelength -> decrease_wavelength -> increase_wavelength -> decrease_wavelength -> decrease_wavelength -> increase_wavelength -> decrease_wavelength -> increase_wavelength -> decrease_wavelength -> decrease_wavelength -> increase_wavelength -> decrease_wavelength -> increase_wavelength -> decrease_concentration -> increase_concentration -> decrease_concentration -> increase_concentration -> decrease_concentration -> increase_concentration -> decrease_concentration -> increase_concentration -> decrease_concentration -> increase_concentration -> decrease_concentration -> increase_concentration -> decrease_concentration -> increase_concentration -> decrease_concentration -> increase_concentration -> decrease_concentration -> increase_concentration -> decrease_concentration -> decrease_concentration -> increase_concentration -> increase_concentration -> decrease_concentration -> increase_concentration -> decrease_concentration -> increase_concentration -> decrease_concentration -> increase_concentration -> decrease_wavelength -> increase_concentration -> increase_concentration -> decrease_concentration -> increase_concentration -> decrease_concentration -> increase_concentration -> decrease_concentration -> increase_concentration -> increase_concentration -> increase_concentration -> decrease_concentration -> decrease_concentration -> decrease_concentration -> increase_concentration -> decrease_concentration -> increase_wavelength -> increase_wavelength -> increase_wavelength -> increase_wavelength -> decrease_wavelength -> increase_wavelength -> decrease_wavelength -> increase_wavelength -> increase_concentration -> decrease_concentration -> increase_path_length -> decrease_path_length -> decrease_path_length -> decrease_path_length -> increase_path_length -> decrease_wavelength -> decrease_path_length -> decrease_path_length -> increase_path_length -> decrease_path_length -> increase_path_length -> decrease_path_length -> increase_path_length -> decrease_path_length -> increase_path_length -> decrease_path_length -> increase_wavelength -> increase_path_length -> decrease_path_length -> increase_path_length -> decrease_wavelength -> decrease_concentration -> increase_concentration -> decrease_concentration -> decrease_path_length -> increase_path_length -> decrease_path_length -> increase_path_length -> increase_wavelength -> decrease_wavelength -> increase_wavelength -> decrease_wavelength -> increase_wavelength -> increase_wavelength -> decrease_wavelength -> increase_wavelength -> decrease_wavelength -> increase_wavelength -> decrease_wavelength -> decrease_wavelength -> increase_concentration -> decrease_wavelength -> increase_wavelength -> decrease_wavelength -> increase_wavelength -> decrease_wavelength -> increase_wavelength -> decrease_wavelength -> increase_wavelength -> decrease_wavelength -> increase_wavelength -> decrease_wavelength -> increase_wavelength -> decrease_wavelength -> increase_wavelength -> decrease_wavelength -> increase_wavelength -> decrease_wavelength -> increase_wavelength -> decrease_wavelength -> increase_wavelength -> decrease_wavelength -> increase_wavelength -> decrease_wavelength -> increase_wavelength -> decrease_wavelength -> increase_wavelength -> decrease_wavelength -> increase_wavelength -> decrease_wavelength -> increase_wavelength -> decrease_wavelength -> increase_wavelength -> decrease_wavelength -> increase_wavelength -> finish
human__k1-ucyvx7sm_sim1.pkl,human,human,human,human,human,human,37,-1.2467974681814793,increase_wavelength -> decrease_wavelength -> increase_wavelength -> increase_wavelength -> increase_wavelength -> decrease_wavelength -> increase_wavelength -> decrease_wavelength -> decrease_wavelength -> decrease_path_length -> increase_path_length -> decrease_path_length -> increase_wavelength -> decrease_wavelength -> increase_wavelength -> increase_wavelength -> increase_wavelength -> increase_wavelength -> decrease_wavelength -> increase_wavelength -> decrease_wavelength -> increase_wavelength -> increase_concentration -> decrease_concentration -> increase_concentration -> decrease_concentration -> decrease_wavelength -> increase_wavelength -> decrease_wavelength -> increase_wavelength -> increase_wavelength -> increase_wavelength -> decrease_wavelength -> decrease_wavelength -> increase_wavelength -> decrease_wavelength -> finish
human__k1-udvx42mx_sim1.pkl,human,human,human,human,human,human,39,-1.388228214443,increase_concentration -> increase_concentration -> increase_concentration -> decrease_concentration -> increase_concentration -> increase_concentration -> increase_concentration -> increase_concentration -> increase_concentration -> decrease_concentration -> decrease_concentration -> decrease_concentration -> decrease_concentration -> increase_concentration -> decrease_concentration -> decrease_concentration -> decrease_concentration -> decrease_concentration -> decrease_wavelength -> increase_wavelength -> decrease_wavelength -> increase_wavelength -> increase_concentration -> decrease_concentration -> increase_concentration -> increase_concentration -> decrease_concentration -> increase_concentration -> increase_wavelength -> increase_wavelength -> increase_concentration -> increase_concentration -> increase_wavelength -> increase_wavelength -> increase_concentration -> decrease_concentration -> decrease_concentration -> increase_wavelength -> finish
human__k1-v7mdsvjn_sim1.pkl,human,human,human,human,human,human,206,-1.1780971736183785,increase_wavelength -> increase_concentration -> increase_concentration -> decrease_concentration -> decrease_path_length -> increase_concentration -> decrease_concentration -> increase_concentration -> decrease_concentration -> increase_concentration -> decrease_concentration -> increase_concentration -> decrease_concentration -> increase_concentration -> decrease_concentration -> increase_concentration -> decrease_concentration -> decrease_concentration -> decrease_concentration -> increase_concentration -> decrease_concentration -> increase_concentration -> decrease_concentration -> decrease_concentration -> decrease_path_length -> increase_path_length -> increase_path_length -> increase_path_length -> increase_path_length -> increase_path_length -> decrease_path_length -> increase_path_length -> increase_path_length -> increase_path_length -> decrease_path_length -> increase_path_length -> increase_path_length -> increase_path_length -> decrease_path_length -> increase_path_length -> increase_path_length -> decrease_path_length -> increase_path_length -> decrease_path_length -> increase_path_length -> increase_path_length -> decrease_path_length -> increase_path_length -> increase_path_length -> increase_concentration -> decrease_concentration -> increase_concentration -> decrease_concentration -> increase_concentration -> decrease_concentration -> increase_concentration -> decrease_path_length -> increase_concentration -> decrease_concentration -> increase_concentration -> increase_concentration -> increase_concentration -> increase_concentration -> decrease_concentration -> increase_concentration -> decrease_concentration -> decrease_concentration -> increase_concentration -> decrease_concentration -> increase_concentration -> decrease_concentration -> increase_concentration -> decrease_concentration -> increase_path_length -> decrease_path_length -> increase_path_length -> decrease_path_length -> increase_path_length -> increase_path_length -> decrease_path_length -> decrease_path_length -> increase_path_length -> decrease_concentration -> increase_concentration -> decrease_concentration -> increase_concentration -> decrease_concentration -> increase_concentration -> decrease_concentration -> increase_concentration -> decrease_concentration -> increase_concentration -> increase_concentration -> decrease_concentration -> increase_concentration -> increase_concentration -> increase_concentration -> increase_concentration -> decrease_concentration -> increase_concentration -> increase_concentration -> increase_concentration -> decrease_concentration -> decrease_concentration -> decrease_concentration -> increase_concentration -> decrease_concentration -> increase_concentration -> decrease_concentration -> increase_concentration -> decrease_path_length -> increase_path_length -> decrease_path_length -> increase_path_length -> increase_path_length -> decrease_path_length -> decrease_path_length -> increase_path_length -> increase_path_length -> increase_path_length -> decrease_concentration -> increase_concentration -> increase_concentration -> decrease_path_length -> increase_path_length -> decrease_path_length -> increase_path_length -> decrease_path_length -> increase_concentration -> increase_concentration -> decrease_concentration -> decrease_concentration -> increase_concentration -> decrease_concentration -> increase_concentration -> decrease_path_length -> decrease_path_length -> increase_concentration -> increase_path_length -> increase_path_length -> increase_path_length -> increase_wavelength -> decrease_concentration -> decrease_path_length -> increase_path_length -> decrease_path_length -> increase_concentration -> decrease_concentration -> increase_concentration -> decrease_concentration -> increase_concentration -> increase_concentration -> decrease_path_length -> increase_path_length -> decrease_path_length -> increase_path_length -> increase_path_length -> decrease_path_length -> increase_path_length -> decrease_path_length -> increase_path_length -> decrease_path_length -> increase_path_length -> decrease_path_length -> decrease_concentration -> increase_concentration -> decrease_concentration -> increase_concentration -> decrease_concentration -> increase_concentration -> increase_concentration -> decrease_concentration -> increase_concentration -> decrease_concentration -> increase_concentration -> decrease_concentration -> increase_concentration -> increase_concentration -> decrease_path_length -> increase_path_length -> decrease_path_length -> increase_path_length -> increase_path_length -> decrease_path_length -> increase_path_length -> increase_path_length -> decrease_path_length -> increase_path_length -> decrease_concentration -> increase_concentration -> decrease_concentration -> increase_concentration -> increase_concentration -> increase_concentration -> increase_concentration -> decrease_concentration -> increase_concentration -> decrease_concentration -> increase_concentration -> decrease_path_length -> increase_path_length -> increase_path_length -> increase_path_length -> decrease_path_length -> decrease_path_length -> finish
human__k1-v9zq6g87_sim1.pkl,human,human,human,human,human,human,39,-1.4365847507739362,increase_wavelength -> decrease_wavelength -> increase_wavelength -> decrease_wavelength -> increase_wavelength -> increase_wavelength -> decrease_wavelength -> increase_wavelength -> increase_path_length -> decrease_path_length -> increase_path_length -> decrease_path_length -> increase_path_length -> increase_concentration -> decrease_concentration -> increase_concentration -> decrease_concentration -> increase_concentration -> decrease_path_length -> decrease_path_length -> increase_path_length -> decrease_concentration -> decrease_concentration -> decrease_path_length -> increase_concentration -> decrease_concentration -> increase_concentration -> decrease_concentration -> increase_concentration -> decrease_concentration -> increase_concentration -> decrease_concentration -> increase_concentration -> increase_path_length -> increase_concentration -> increase_concentration -> increase_concentration -> increase_concentration -> finish
human__k1-vwau7pb7_sim1.pkl,human,human,human,human,human,human,81,-1.1978088323185103,decrease_path_length -> increase_path_length -> decrease_path_length -> increase_path_length -> decrease_path_length -> increase_path_length -> decrease_path_length -> increase_path_length -> decrease_path_length -> increase_wavelength -> decrease_wavelength -> increase_wavelength -> decrease_wavelength -> decrease_wavelength -> increase_concentration -> decrease_concentration -> increase_concentration -> decrease_concentration -> increase_concentration -> increase_path_length -> decrease_path_length -> decrease_path_length -> increase_path_length -> decrease_path_length -> increase_path_length -> decrease_path_length -> increase_path_length -> decrease_path_length -> decrease_path_length -> increase_wavelength -> decrease_wavelength -> increase_wavelength -> decrease_wavelength -> decrease_wavelength -> increase_wavelength -> decrease_wavelength -> increase_wavelength -> decrease_wavelength -> increase_wavelength -> decrease_wavelength -> increase_wavelength -> increase_wavelength -> decrease_wavelength -> increase_wavelength -> decrease_wavelength -> decrease_wavelength -> decrease_wavelength -> decrease_wavelength -> increase_path_length -> decrease_path_length -> increase_path_length -> increase_path_length -> increase_concentration -> increase_concentration -> increase_concentration -> increase_concentration -> increase_concentration -> decrease_path_length -> decrease_path_length -> decrease_path_length -> increase_path_length -> decrease_path_length -> decrease_path_length -> decrease_path_length -> increase_path_length -> decrease_path_length -> decrease_path_length -> increase_path_length -> decrease_wavelength -> increase_wavelength -> decrease_wavelength -> increase_wavelength -> decrease_wavelength -> increase_wavelength -> decrease_wavelength -> increase_wavelength -> decrease_wavelength -> increase_wavelength -> decrease_wavelength -> increase_wavelength -> finish
human__k1-wiaebcd2_sim1.pkl,human,human,human,human,human,human,69,-1.1240719589131514,increase_path_length -> decrease_path_length -> increase_path_length -> decrease_path_length -> increase_wavelength -> decrease_wavelength -> increase_wavelength -> decrease_wavelength -> increase_wavelength -> decrease_wavelength -> increase_wavelength -> decrease_wavelength -> increase_wavelength -> increase_wavelength -> decrease_wavelength -> decrease_concentration -> increase_concentration -> decrease_concentration -> increase_concentration -> decrease_concentration -> increase_concentration -> decrease_concentration -> increase_concentration -> decrease_concentration -> decrease_concentration -> increase_concentration -> decrease_concentration -> increase_wavelength -> increase_wavelength -> decrease_wavelength -> increase_wavelength -> increase_wavelength -> increase_wavelength -> decrease_wavelength -> increase_wavelength -> increase_wavelength -> increase_wavelength -> increase_wavelength -> decrease_wavelength -> increase_wavelength -> increase_path_length -> decrease_path_length -> increase_path_length -> increase_concentration -> decrease_concentration -> increase_concentration -> increase_concentration -> increase_concentration -> decrease_concentration -> increase_concentration -> decrease_concentration -> increase_concentration -> increase_concentration -> decrease_concentration -> increase_concentration -> decrease_concentration -> decrease_concentration -> increase_concentration -> decrease_concentration -> increase_concentration -> decrease_concentration -> increase_concentration -> decrease_concentration -> increase_concentration -> decrease_concentration -> decrease_concentration -> increase_concentration -> decrease_concentration -> finish
human__k1-wqfzyqb9_sim1.pkl,human,human,human,human,human,human,46,-2.0301907171724154,decrease_concentration -> decrease_wavelength -> decrease_concentration -> increase_concentration -> decrease_concentration -> increase_path_length -> increase_concentration -> decrease_path_length -> increase_path_length -> decrease_path_length -> increase_path_length -> decrease_concentration -> increase_path_length -> decrease_concentration -> decrease_wavelength -> increase_wavelength -> decrease_wavelength -> increase_wavelength -> decrease_wavelength -> increase_wavelength -> decrease_wavelength -> increase_wavelength -> increase_concentration -> decrease_wavelength -> decrease_concentration -> decrease_path_length -> increase_concentration -> increase_path_length -> increase_wavelength -> decrease_wavelength -> increase_wavelength -> decrease_path_length -> increase_path_length -> decrease_path_length -> increase_path_length -> decrease_path_length -> increase_path_length -> decrease_wavelength -> increase_wavelength -> decrease_concentration -> increase_concentration -> decrease_wavelength -> increase_concentration -> decrease_path_length -> increase_path_length -> finish
human__k1-wtpst52k_sim1.pkl,human,human,human,human,human,human,77,-1.2406773925864807,increase_wavelength -> decrease_wavelength -> increase_wavelength -> decrease_wavelength -> increase_wavelength -> increase_wavelength -> increase_wavelength -> decrease_wavelength -> decrease_wavelength -> decrease_wavelength -> decrease_wavelength -> decrease_wavelength -> increase_wavelength -> increase_path_length -> decrease_path_length -> increase_path_length -> decrease_path_length -> decrease_wavelength -> increase_wavelength -> decrease_wavelength -> decrease_wavelength -> decrease_wavelength -> decrease_wavelength -> increase_wavelength -> increase_wavelength -> decrease_wavelength -> increase_wavelength -> decrease_wavelength -> increase_wavelength -> decrease_wavelength -> increase_wavelength -> decrease_wavelength -> increase_wavelength -> decrease_wavelength -> decrease_wavelength -> increase_wavelength -> decrease_wavelength -> decrease_wavelength -> increase_wavelength -> decrease_wavelength -> decrease_wavelength -> increase_wavelength -> increase_path_length -> increase_wavelength -> decrease_wavelength -> increase_wavelength -> increase_wavelength -> increase_concentration -> increase_concentration -> increase_concentration -> increase_concentration -> increase_concentration -> decrease_path_length -> increase_path_length -> decrease_path_length -> increase_path_length -> decrease_wavelength -> increase_wavelength -> decrease_wavelength -> decrease_wavelength -> increase_wavelength -> decrease_wavelength -> increase_wavelength -> decrease_wavelength -> increase_wavelength -> increase_path_length -> decrease_path_length -> increase_path_length -> decrease_path_length -> decrease_path_length -> increase_concentration -> decrease_concentration -> decrease_concentration -> increase_concentration -> increase_concentration -> increase_path_length -> finish
human__k1-x7mv42mg_sim1.pkl,human,human,human,human,human,human,23,-1.5279750709485531,increase_path_length -> decrease_path_length -> increase_path_length -> increase_concentration -> increase_concentration -> decrease_path_length -> increase_path_length -> increase_path_length -> decrease_path_length -> increase_path_length -> decrease_path_length -> increase_path_length -> decrease_path_length -> decrease_concentration -> increase_concentration -> increase_path_length -> increase_path_length -> decrease_path_length -> increase_path_length -> decrease_path_length -> increase_path_length -> decrease_path_length -> finish
human__k1-xdeddfxs_sim1.pkl,human,human,human,human,human,human,87,-0.9824050977466814,decrease_wavelength -> decrease_wavelength -> increase_path_length -> decrease_path_length -> decrease_path_length -> increase_path_length -> increase_path_length -> decrease_path_length -> increase_concentration -> increase_concentration -> decrease_concentration -> increase_concentration -> decrease_concentration -> increase_concentration -> increase_concentration -> increase_concentration -> increase_concentration -> increase_concentration -> increase_concentration -> increase_concentration -> increase_concentration -> increase_concentration -> increase_concentration -> decrease_concentration -> increase_concentration -> decrease_concentration -> increase_concentration -> increase_concentration -> increase_concentration -> increase_concentration -> increase_concentration -> increase_concentration -> increase_concentration -> decrease_concentration -> increase_concentration -> decrease_concentration -> decrease_concentration -> increase_concentration -> increase_concentration -> increase_concentration -> decrease_concentration -> increase_concentration -> increase_concentration -> decrease_concentration -> decrease_concentration -> increase_concentration -> decrease_concentration -> decrease_concentration -> increase_concentration -> increase_concentration -> increase_concentration -> decrease_concentration -> increase_concentration -> decrease_concentration -> decrease_concentration -> decrease_concentration -> decrease_concentration -> decrease_concentration -> decrease_concentration -> decrease_concentration -> decrease_concentration -> increase_concentration -> decrease_concentration -> decrease_concentration -> increase_concentration -> decrease_concentration -> increase_concentration -> decrease_concentration -> decrease_concentration -> increase_concentration -> decrease_concentration -> increase_concentration -> decrease_concentration -> increase_concentration -> increase_wavelength -> decrease_wavelength -> increase_wavelength -> decrease_wavelength -> increase_wavelength -> decrease_wavelength -> increase_wavelength -> increase_wavelength -> increase_wavelength -> increase_wavelength -> decrease_wavelength -> increase_wavelength -> finish
human__k1-xuydcgqp_sim1.pkl,human,human,human,human,human,human,73,-1.0379007347878024,increase_wavelength -> decrease_wavelength -> increase_wavelength -> decrease_wavelength -> increase_wavelength -> decrease_wavelength -> increase_wavelength -> decrease_wavelength -> increase_wavelength -> decrease_wavelength -> increase_wavelength -> increase_wavelength -> decrease_wavelength -> increase_wavelength -> increase_wavelength -> decrease_wavelength -> increase_wavelength -> decrease_wavelength -> increase_wavelength -> decrease_wavelength -> increase_wavelength -> decrease_wavelength -> increase_wavelength -> decrease_wavelength -> increase_wavelength -> decrease_wavelength -> increase_wavelength -> increase_wavelength -> decrease_wavelength -> increase_concentration -> decrease_concentration -> increase_concentration -> increase_concentration -> decrease_concentration -> increase_concentration -> decrease_concentration -> increase_concentration -> decrease_concentration -> increase_concentration -> decrease_concentration -> increase_concentration -> increase_wavelength -> decrease_wavelength -> increase_wavelength -> decrease_wavelength -> decrease_wavelength -> decrease_wavelength -> increase_wavelength -> decrease_wavelength -> increase_wavelength -> increase_wavelength -> increase_wavelength -> decrease_wavelength -> increase_wavelength -> decrease_wavelength -> increase_wavelength -> increase_wavelength -> decrease_wavelength -> increase_wavelength -> decrease_wavelength -> increase_wavelength -> decrease_wavelength -> increase_concentration -> decrease_concentration -> increase_concentration -> decrease_concentration -> increase_wavelength -> increase_wavelength -> decrease_wavelength -> increase_wavelength -> decrease_wavelength -> increase_wavelength -> finish
human__k1-yjmnv8bt_sim1.pkl,human,human,human,human,human,human,171,-1.1024780978159388,decrease_concentration -> increase_concentration -> increase_concentration -> increase_concentration -> increase_concentration -> decrease_concentration -> increase_concentration -> decrease_concentration -> increase_concentration -> decrease_concentration -> increase_wavelength -> decrease_wavelength -> increase_wavelength -> decrease_wavelength -> decrease_wavelength -> increase_wavelength -> decrease_wavelength -> increase_wavelength -> increase_wavelength -> decrease_wavelength -> increase_concentration -> decrease_concentration -> increase_concentration -> decrease_concentration -> increase_concentration -> increase_concentration -> decrease_concentration -> increase_concentration -> decrease_concentration -> increase_concentration -> decrease_concentration -> increase_path_length -> decrease_path_length -> increase_path_length -> decrease_path_length -> increase_path_length -> increase_concentration -> increase_concentration -> increase_concentration -> decrease_concentration -> increase_concentration -> increase_path_length -> decrease_path_length -> decrease_path_length -> decrease_path_length -> decrease_path_length -> decrease_wavelength -> increase_wavelength -> decrease_wavelength -> decrease_wavelength -> increase_concentration -> increase_concentration -> decrease_concentration -> increase_concentration -> decrease_concentration -> increase_concentration -> decrease_concentration -> increase_concentration -> increase_concentration -> decrease_concentration -> increase_concentration -> increase_concentration -> increase_concentration -> decrease_concentration -> increase_concentration -> decrease_concentration -> decrease_concentration -> increase_concentration -> decrease_path_length -> increase_path_length -> decrease_path_length -> increase_path_length -> decrease_path_length -> increase_path_length -> decrease_path_length -> increase_path_length -> decrease_path_length -> increase_path_length -> increase_path_length -> decrease_path_length -> increase_path_length -> decrease_path_length -> increase_path_length -> decrease_path_length -> decrease_path_length -> increase_path_length -> decrease_path_length -> increase_path_length -> decrease_path_length -> increase_path_length -> decrease_path_length -> increase_path_length -> increase_path_length -> increase_path_length -> increase_path_length -> increase_path_length -> decrease_path_length -> increase_path_length -> decrease_path_length -> increase_path_length -> decrease_path_length -> increase_path_length -> increase_path_length -> decrease_path_length -> increase_path_length -> decrease_path_length -> increase_path_length -> decrease_path_length -> increase_path_length -> increase_path_length -> decrease_path_length -> increase_path_length -> decrease_wavelength -> increase_wavelength -> decrease_concentration -> increase_concentration -> decrease_concentration -> increase_concentration -> decrease_concentration -> increase_wavelength -> decrease_wavelength -> increase_wavelength -> decrease_wavelength -> increase_wavelength -> decrease_wavelength -> increase_wavelength -> decrease_wavelength -> increase_wavelength -> decrease_wavelength -> increase_wavelength -> decrease_wavelength -> decrease_wavelength -> decrease_wavelength -> increase_wavelength -> increase_wavelength -> decrease_wavelength -> decrease_wavelength -> increase_wavelength -> decrease_wavelength -> increase_wavelength -> decrease_wavelength -> increase_wavelength -> increase_wavelength -> decrease_wavelength -> decrease_wavelength -> decrease_wavelength -> increase_wavelength -> decrease_wavelength -> increase_wavelength -> decrease_wavelength -> increase_wavelength -> decrease_wavelength -> increase_wavelength -> increase_wavelength -> increase_concentration -> decrease_concentration -> increase_concentration -> decrease_concentration -> increase_concentration -> decrease_concentration -> increase_concentration -> decrease_concentration -> increase_concentration -> decrease_concentration -> decrease_wavelength -> increase_wavelength -> decrease_wavelength -> decrease_wavelength -> decrease_concentration -> increase_concentration -> finish
human__k1-z9itzaam_sim1.pkl,human,human,human,human,human,human,68,-1.3055050384795106,increase_wavelength -> decrease_wavelength -> increase_wavelength -> decrease_concentration -> increase_concentration -> decrease_concentration -> decrease_concentration -> increase_concentration -> decrease_concentration -> increase_concentration -> increase_concentration -> decrease_concentration -> increase_concentration -> decrease_concentration -> increase_concentration -> decrease_concentration -> increase_concentration -> decrease_concentration -> increase_wavelength -> decrease_wavelength -> decrease_concentration -> increase_concentration -> increase_concentration -> increase_path_length -> decrease_path_length -> increase_path_length -> decrease_path_length -> decrease_concentration -> increase_concentration -> decrease_path_length -> decrease_path_length -> decrease_path_length -> increase_concentration -> decrease_concentration -> increase_concentration -> increase_concentration -> increase_concentration -> increase_path_length -> decrease_path_length -> increase_path_length -> decrease_path_length -> decrease_concentration -> increase_concentration -> decrease_concentration -> decrease_concentration -> increase_concentration -> decrease_concentration -> increase_concentration -> decrease_concentration -> decrease_concentration -> increase_concentration -> increase_concentration -> decrease_concentration -> decrease_concentration -> decrease_concentration -> increase_concentration -> decrease_concentration -> decrease_concentration -> decrease_concentration -> decrease_concentration -> increase_concentration -> decrease_concentration -> decrease_concentration -> increase_concentration -> decrease_concentration -> decrease_path_length -> increase_path_length -> finish
human__k1-zvm6hs9n_sim1.pkl,human,human,human,human,human,human,58,-1.259920914380403,increase_path_length -> decrease_path_length -> decrease_path_length -> increase_path_length -> decrease_path_length -> decrease_path_length -> increase_path_length -> increase_path_length -> decrease_path_length -> increase_path_length -> decrease_path_length -> increase_concentration -> decrease_concentration -> decrease_concentration -> increase_concentration -> decrease_concentration -> increase_concentration -> decrease_concentration -> decrease_concentration -> decrease_concentration -> decrease_concentration -> increase_wavelength -> decrease_wavelength -> increase_wavelength -> decrease_wavelength -> increase_wavelength -> decrease_wavelength -> decrease_wavelength -> decrease_wavelength -> increase_wavelength -> decrease_wavelength -> decrease_concentration -> increase_wavelength -> decrease_wavelength -> increase_wavelength -> decrease_wavelength -> increase_wavelength -> decrease_wavelength -> increase_wavelength -> increase_wavelength -> decrease_wavelength -> increase_wavelength -> decrease_wavelength -> increase_wavelength -> increase_wavelength -> increase_path_length -> decrease_path_length -> increase_concentration -> decrease_concentration -> increase_concentration -> decrease_concentration -> increase_concentration -> decrease_wavelength -> decrease_wavelength -> increase_wavelength -> decrease_wavelength -> increase_wavelength -> finish
human__kate_testing-B-DC_sim1.pkl,human,human,human,human,human,human,23,-1.5524291016625555,increase_concentration -> decrease_concentration -> increase_concentration -> decrease_concentration -> increase_concentration -> decrease_concentration -> increase_concentration -> increase_wavelength -> decrease_wavelength -> increase_concentration -> increase_concentration -> increase_concentration -> decrease_wavelength -> decrease_wavelength -> decrease_wavelength -> increase_wavelength -> decrease_wavelength -> decrease_wavelength -> decrease_wavelength -> increase_concentration -> decrease_concentration -> increase_path_length -> finish
model__scientific-exploration-increase-student-simulation-chart-student__chart_only__student__beers_wavelength__qwen25_vl_3b__run07,model,chart_only,student,chart_only_student,qwen25_vl_3b,qwen25_vl_3b__chart_only,9,-2.30510710299988,increase_wavelength -> increase_concentration -> increase_path_length -> decrease_concentration -> decrease_concentration -> decrease_wavelength -> decrease_wavelength -> decrease_wavelength -> finish
model__scientific-exploration-increase-student-simulation-chart-student__chart_only__student__beers_wavelength__qwen25_vl_3b__run08,model,chart_only,student,chart_only_student,qwen25_vl_3b,qwen25_vl_3b__chart_only,5,-2.163275914965509,increase_wavelength -> increase_wavelength -> decrease_wavelength -> decrease_concentration -> finish
model__scientific-exploration-increase-student-simulation-chart-student__chart_only__student__beers_wavelength__qwen25_vl_7b__run04,model,chart_only,student,chart_only_student,qwen25_vl_7b,qwen25_vl_7b__chart_only,1,-4.2386835163851595,finish
model__scientific-exploration-increase-student-simulation-chart-student__chart_only__student__beers_wavelength__qwen25_vl_3b__run02,model,chart_only,student,chart_only_student,qwen25_vl_3b,qwen25_vl_3b__chart_only,5,-2.6446853989846364,increase_wavelength -> decrease_concentration -> decrease_concentration -> decrease_path_length -> finish
model__scientific-exploration-increase-student-simulation-chart-student__chart_only__student__beers_wavelength__qwen25_vl_3b__run06,model,chart_only,student,chart_only_student,qwen25_vl_3b,qwen25_vl_3b__chart_only,8,-2.6680679732155066,increase_concentration -> decrease_wavelength -> decrease_path_length -> decrease_wavelength -> increase_wavelength -> decrease_wavelength -> decrease_concentration -> finish
model__scientific-exploration-increase-student-simulation-chart-student__chart_only__student__beers_wavelength__qwen25_vl_7b__run05,model,chart_only,student,chart_only_student,qwen25_vl_7b,qwen25_vl_7b__chart_only,3,-2.2695759212678306,increase_concentration -> increase_concentration -> finish
model__scientific-exploration-increase-student-simulation-chart-student__chart_only__student__beers_wavelength__qwen25_vl_7b__run01,model,chart_only,student,chart_only_student,qwen25_vl_7b,qwen25_vl_7b__chart_only,10,-2.1644829392774714,increase_wavelength -> increase_concentration -> increase_concentration -> increase_path_length -> increase_wavelength -> decrease_wavelength -> increase_concentration -> increase_concentration -> increase_concentration -> finish
model__scientific-exploration-increase-student-simulation-chart-student__chart_only__student__beers_wavelength__qwen25_vl_7b__run08,model,chart_only,student,chart_only_student,qwen25_vl_7b,qwen25_vl_7b__chart_only,4,-2.098315905340607,increase_path_length -> decrease_path_length -> decrease_path_length -> finish
model__scientific-exploration-increase-student-simulation-chart-student__chart_only__student__beers_wavelength__qwen25_vl_3b__run03,model,chart_only,student,chart_only_student,qwen25_vl_3b,qwen25_vl_3b__chart_only,5,-1.6099408876989443,increase_wavelength -> increase_wavelength -> increase_wavelength -> increase_wavelength -> finish
model__scientific-exploration-increase-student-simulation-chart-student__chart_only__student__beers_wavelength__qwen25_vl_3b__run05,model,chart_only,student,chart_only_student,qwen25_vl_3b,qwen25_vl_3b__chart_only,7,-2.1613769371266676,increase_wavelength -> decrease_wavelength -> decrease_concentration -> decrease_concentration -> decrease_wavelength -> increase_wavelength -> finish
model__scientific-exploration-increase-student-simulation-chart-student__chart_only__student__beers_wavelength__qwen25_vl_3b__run01,model,chart_only,student,chart_only_student,qwen25_vl_3b,qwen25_vl_3b__chart_only,7,-1.8548106027265125,decrease_wavelength -> increase_concentration -> decrease_wavelength -> increase_wavelength -> increase_wavelength -> decrease_wavelength -> finish
model__scientific-exploration-increase-student-simulation-chart-student__chart_only__student__beers_wavelength__qwen25_vl_3b__run09,model,chart_only,student,chart_only_student,qwen25_vl_3b,qwen25_vl_3b__chart_only,6,-3.1421631449321272,increase_wavelength -> decrease_concentration -> decrease_wavelength -> decrease_path_length -> decrease_wavelength -> finish
model__scientific-exploration-increase-student-simulation-chart-student__chart_only__student__beers_wavelength__qwen25_vl_3b__run04,model,chart_only,student,chart_only_student,qwen25_vl_3b,qwen25_vl_3b__chart_only,7,-2.1694845513312493,increase_wavelength -> decrease_wavelength -> decrease_wavelength -> decrease_concentration -> decrease_concentration -> decrease_wavelength -> finish
model__scientific-exploration-increase-student-simulation-chart-student__chart_only__student__beers_wavelength__qwen25_vl_7b__run03,model,chart_only,student,chart_only_student,qwen25_vl_7b,qwen25_vl_7b__chart_only,3,-2.438516396142674,increase_path_length -> increase_path_length -> finish
model__scientific-exploration-increase-student-simulation-chart-student__chart_only__student__beers_wavelength__qwen25_vl_7b__run09,model,chart_only,student,chart_only_student,qwen25_vl_7b,qwen25_vl_7b__chart_only,5,-2.045368848813565,increase_wavelength -> increase_wavelength -> decrease_wavelength -> increase_concentration -> finish
model__scientific-exploration-increase-student-simulation-chart-student__chart_only__student__beers_wavelength__qwen25_vl_7b__run02,model,chart_only,student,chart_only_student,qwen25_vl_7b,qwen25_vl_7b__chart_only,6,-1.592441068265518,increase_concentration -> increase_concentration -> decrease_concentration -> increase_concentration -> decrease_concentration -> finish
model__scientific-exploration-increase-student-simulation-chart-student__chart_only__student__beers_wavelength__qwen25_vl_7b__run07,model,chart_only,student,chart_only_student,qwen25_vl_7b,qwen25_vl_7b__chart_only,3,-2.1387391992699394,increase_wavelength -> increase_wavelength -> finish
model__scientific-exploration-increase-student-simulation-chart-student__chart_only__student__beers_wavelength__qwen25_vl_7b__run06,model,chart_only,student,chart_only_student,qwen25_vl_7b,qwen25_vl_7b__chart_only,4,-2.9151442877744826,increase_wavelength -> decrease_concentration -> decrease_wavelength -> finish
model__scientific-exploration-increase-student-simulation-chart-student__chart_only__student__beers_wavelength__qwen25_vl_3b__run00,model,chart_only,student,chart_only_student,qwen25_vl_3b,qwen25_vl_3b__chart_only,11,-2.009502956890329,increase_wavelength -> decrease_wavelength -> increase_wavelength -> decrease_wavelength -> decrease_concentration -> decrease_wavelength -> decrease_wavelength -> decrease_concentration -> decrease_wavelength -> increase_wavelength -> finish
model__scientific-exploration-increase-student-simulation-simulation-normal__simulation_only__normal__beers_wavelength__qwen25_vl_7b__run08,model,simulation_only,normal,simulation_only_normal,qwen25_vl_7b,qwen25_vl_7b__simulation_only,7,-1.3832728576901885,increase_wavelength -> increase_wavelength -> increase_wavelength -> increase_wavelength -> increase_wavelength -> increase_wavelength -> finish
model__scientific-exploration-increase-student-simulation-simulation-normal__simulation_only__normal__beers_wavelength__qwen25_vl_3b__run06,model,simulation_only,normal,simulation_only_normal,qwen25_vl_3b,qwen25_vl_3b__simulation_only,8,-1.3227458357473907,increase_wavelength -> increase_wavelength -> increase_wavelength -> increase_wavelength -> increase_wavelength -> increase_wavelength -> decrease_wavelength -> finish
model__scientific-exploration-increase-student-simulation-simulation-normal__simulation_only__normal__beers_wavelength__qwen25_vl_7b__run04,model,simulation_only,normal,simulation_only_normal,qwen25_vl_7b,qwen25_vl_7b__simulation_only,3,-2.1387391992699394,increase_wavelength -> increase_wavelength -> finish
model__scientific-exploration-increase-student-simulation-simulation-normal__simulation_only__normal__beers_wavelength__qwen25_vl_7b__run00,model,simulation_only,normal,simulation_only_normal,qwen25_vl_7b,qwen25_vl_7b__simulation_only,9,-1.284383497104303,increase_wavelength -> increase_wavelength -> increase_wavelength -> decrease_wavelength -> decrease_wavelength -> decrease_wavelength -> increase_wavelength -> increase_wavelength -> finish
model__scientific-exploration-increase-student-simulation-simulation-normal__simulation_only__normal__beers_wavelength__qwen25_vl_3b__run03,model,simulation_only,normal,simulation_only_normal,qwen25_vl_3b,qwen25_vl_3b__simulation_only,29,-1.3591085670696585,increase_wavelength -> increase_wavelength -> increase_wavelength -> increase_wavelength -> increase_wavelength -> increase_wavelength -> increase_wavelength -> increase_wavelength -> increase_concentration -> increase_wavelength -> increase_concentration -> increase_wavelength -> increase_wavelength -> increase_wavelength -> decrease_path_length -> increase_wavelength -> increase_wavelength -> increase_wavelength -> increase_wavelength -> increase_wavelength -> increase_wavelength -> increase_wavelength -> increase_wavelength -> increase_wavelength -> increase_wavelength -> increase_wavelength -> increase_wavelength -> increase_wavelength -> finish
model__scientific-exploration-increase-student-simulation-simulation-normal__simulation_only__normal__beers_wavelength__qwen25_vl_7b__run05,model,simulation_only,normal,simulation_only_normal,qwen25_vl_7b,qwen25_vl_7b__simulation_only,14,-1.5359645498954921,increase_wavelength -> increase_wavelength -> increase_wavelength -> decrease_wavelength -> decrease_wavelength -> increase_wavelength -> increase_wavelength -> increase_wavelength -> decrease_wavelength -> increase_concentration -> decrease_wavelength -> increase_path_length -> increase_path_length -> finish
model__scientific-exploration-increase-student-simulation-simulation-normal__simulation_only__normal__beers_wavelength__qwen25_vl_3b__run09,model,simulation_only,normal,simulation_only_normal,qwen25_vl_3b,qwen25_vl_3b__simulation_only,12,-1.384415730462117,increase_wavelength -> increase_wavelength -> increase_wavelength -> increase_wavelength -> increase_wavelength -> increase_wavelength -> increase_wavelength -> increase_path_length -> increase_path_length -> increase_path_length -> increase_path_length -> finish
model__scientific-exploration-increase-student-simulation-simulation-normal__simulation_only__normal__beers_wavelength__qwen25_vl_7b__run03,model,simulation_only,normal,simulation_only_normal,qwen25_vl_7b,qwen25_vl_7b__simulation_only,4,-1.8082736047434547,increase_wavelength -> increase_wavelength -> increase_wavelength -> finish
model__scientific-exploration-increase-student-simulation-simulation-normal__simulation_only__normal__beers_wavelength__qwen25_vl_7b__run06,model,simulation_only,normal,simulation_only_normal,qwen25_vl_7b,qwen25_vl_7b__simulation_only,10,-1.9109757171742057,increase_concentration -> increase_concentration -> increase_concentration -> increase_path_length -> decrease_concentration -> increase_wavelength -> increase_wavelength -> increase_wavelength -> increase_wavelength -> finish
model__scientific-exploration-increase-student-simulation-simulation-normal__simulation_only__normal__beers_wavelength__qwen25_vl_3b__run00,model,simulation_only,normal,simulation_only_normal,qwen25_vl_3b,qwen25_vl_3b__simulation_only,6,-2.1938466553876617,increase_wavelength -> increase_wavelength -> increase_wavelength -> increase_concentration -> increase_path_length -> finish
model__scientific-exploration-increase-student-simulation-simulation-normal__simulation_only__normal__beers_wavelength__qwen25_vl_7b__run09,model,simulation_only,normal,simulation_only_normal,qwen25_vl_7b,qwen25_vl_7b__simulation_only,15,-1.6580280304964532,increase_concentration -> increase_concentration -> increase_concentration -> increase_concentration -> increase_path_length -> increase_concentration -> increase_concentration -> increase_path_length -> decrease_concentration -> increase_concentration -> increase_concentration -> increase_concentration -> decrease_concentration -> decrease_concentration -> finish
model__scientific-exploration-increase-student-simulation-simulation-normal__simulation_only__normal__beers_wavelength__qwen25_vl_3b__run05,model,simulation_only,normal,simulation_only_normal,qwen25_vl_3b,qwen25_vl_3b__simulation_only,5,-1.6099408876989443,increase_wavelength -> increase_wavelength -> increase_wavelength -> increase_wavelength -> finish
model__scientific-exploration-increase-student-simulation-simulation-normal__simulation_only__normal__beers_wavelength__qwen25_vl_3b__run07,model,simulation_only,normal,simulation_only_normal,qwen25_vl_3b,qwen25_vl_3b__simulation_only,47,-1.3483335714580118,increase_wavelength -> increase_wavelength -> increase_wavelength -> increase_wavelength -> increase_wavelength -> increase_wavelength -> increase_wavelength -> increase_wavelength -> increase_wavelength -> decrease_concentration -> increase_wavelength -> increase_wavelength -> increase_wavelength -> increase_wavelength -> increase_wavelength -> increase_wavelength -> increase_wavelength -> increase_wavelength -> increase_wavelength -> increase_wavelength -> increase_wavelength -> increase_concentration -> increase_wavelength -> increase_concentration -> increase_concentration -> increase_wavelength -> increase_wavelength -> increase_wavelength -> increase_wavelength -> increase_path_length -> increase_wavelength -> increase_wavelength -> increase_wavelength -> increase_concentration -> increase_concentration -> increase_wavelength -> increase_wavelength -> increase_wavelength -> increase_wavelength -> increase_wavelength -> increase_wavelength -> increase_wavelength -> increase_wavelength -> increase_wavelength -> increase_wavelength -> increase_wavelength -> finish
model__scientific-exploration-increase-student-simulation-simulation-normal__simulation_only__normal__beers_wavelength__qwen25_vl_3b__run01,model,simulation_only,normal,simulation_only_normal,qwen25_vl_3b,qwen25_vl_3b__simulation_only,23,-1.6859766613851277,increase_wavelength -> increase_wavelength -> increase_wavelength -> increase_wavelength -> increase_wavelength -> increase_wavelength -> increase_concentration -> decrease_wavelength -> decrease_wavelength -> decrease_wavelength -> decrease_wavelength -> increase_concentration -> increase_concentration -> increase_concentration -> increase_wavelength -> increase_wavelength -> increase_wavelength -> increase_concentration -> increase_wavelength -> increase_concentration -> increase_wavelength -> increase_concentration -> finish
model__scientific-exploration-increase-student-simulation-simulation-normal__simulation_only__normal__beers_wavelength__qwen25_vl_7b__run01,model,simulation_only,normal,simulation_only_normal,qwen25_vl_7b,qwen25_vl_7b__simulation_only,6,-2.319419427398073,increase_concentration -> increase_wavelength -> increase_wavelength -> increase_path_length -> increase_path_length -> finish
model__scientific-exploration-increase-student-simulation-simulation-normal__simulation_only__normal__beers_wavelength__qwen25_vl_7b__run02,model,simulation_only,normal,simulation_only_normal,qwen25_vl_7b,qwen25_vl_7b__simulation_only,10,-1.9104436907076436,increase_wavelength -> increase_wavelength -> decrease_wavelength -> increase_concentration -> increase_path_length -> increase_wavelength -> increase_wavelength -> increase_wavelength -> increase_wavelength -> finish
model__scientific-exploration-increase-student-simulation-simulation-normal__simulation_only__normal__beers_wavelength__qwen25_vl_3b__run08,model,simulation_only,normal,simulation_only_normal,qwen25_vl_3b,qwen25_vl_3b__simulation_only,25,-0.9882496402621815,increase_wavelength -> increase_wavelength -> increase_wavelength -> increase_wavelength -> increase_wavelength -> increase_wavelength -> increase_wavelength -> decrease_wavelength -> increase_wavelength -> decrease_wavelength -> decrease_wavelength -> increase_wavelength -> increase_wavelength -> increase_wavelength -> increase_wavelength -> increase_wavelength -> increase_wavelength -> increase_wavelength -> increase_wavelength -> increase_wavelength -> increase_wavelength -> increase_wavelength -> decrease_wavelength -> increase_wavelength -> finish
model__scientific-exploration-increase-student-simulation-simulation-normal__simulation_only__normal__beers_wavelength__qwen25_vl_3b__run04,model,simulation_only,normal,simulation_only_normal,qwen25_vl_3b,qwen25_vl_3b__simulation_only,6,-1.4777178863586073,increase_wavelength -> increase_wavelength -> increase_wavelength -> increase_wavelength -> increase_wavelength -> finish
model__scientific-exploration-increase-student-simulation-simulation-normal__simulation_only__normal__beers_wavelength__qwen25_vl_7b__run07,model,simulation_only,normal,simulation_only_normal,qwen25_vl_7b,qwen25_vl_7b__simulation_only,44,-1.626423094199309,increase_wavelength -> increase_wavelength -> increase_wavelength -> decrease_wavelength -> decrease_wavelength -> increase_wavelength -> increase_wavelength -> increase_wavelength -> increase_concentration -> increase_wavelength -> increase_wavelength -> increase_wavelength -> increase_concentration -> increase_path_length -> increase_wavelength -> increase_wavelength -> increase_wavelength -> increase_concentration -> increase_path_length -> decrease_wavelength -> increase_path_length -> increase_concentration -> increase_path_length -> increase_path_length -> increase_path_length -> increase_path_length -> increase_path_length -> increase_path_length -> increase_path_length -> decrease_path_length -> decrease_path_length -> increase_path_length -> increase_path_length -> increase_path_length -> decrease_path_length -> increase_path_length -> increase_path_length -> increase_path_length -> increase_wavelength -> increase_wavelength -> increase_path_length -> increase_path_length -> increase_wavelength -> finish
model__scientific-exploration-increase-student-simulation-chart-normal__chart_only__normal__beers_wavelength__qwen25_vl_7b__run04,model,chart_only,normal,chart_only_normal,qwen25_vl_7b,qwen25_vl_7b__chart_only,14,-2.8121993381155734,increase_wavelength -> decrease_path_length -> decrease_concentration -> decrease_wavelength -> increase_path_length -> increase_concentration -> decrease_path_length -> increase_path_length -> increase_concentration -> increase_wavelength -> increase_concentration -> increase_wavelength -> increase_concentration -> finish
model__scientific-exploration-increase-student-simulation-chart-normal__chart_only__normal__beers_wavelength__qwen25_vl_3b__run00,model,chart_only,normal,chart_only_normal,qwen25_vl_3b,qwen25_vl_3b__chart_only,5,-1.6099408876989443,increase_wavelength -> increase_wavelength -> increase_wavelength -> increase_wavelength -> finish
model__scientific-exploration-increase-student-simulation-chart-normal__chart_only__normal__beers_wavelength__qwen25_vl_7b__run06,model,chart_only,normal,chart_only_normal,qwen25_vl_7b,qwen25_vl_7b__chart_only,5,-2.5613355930678208,increase_wavelength -> increase_concentration -> decrease_concentration -> increase_path_length -> finish
model__scientific-exploration-increase-student-simulation-chart-normal__chart_only__normal__beers_wavelength__qwen25_vl_3b__run01,model,chart_only,normal,chart_only_normal,qwen25_vl_3b,qwen25_vl_3b__chart_only,4,-2.3316525906552945,increase_wavelength -> increase_wavelength -> increase_concentration -> finish
model__scientific-exploration-increase-student-simulation-chart-normal__chart_only__normal__beers_wavelength__qwen25_vl_3b__run03,model,chart_only,normal,chart_only_normal,qwen25_vl_3b,qwen25_vl_3b__chart_only,34,-1.7371652522768135,increase_wavelength -> increase_wavelength -> decrease_concentration -> decrease_concentration -> increase_wavelength -> increase_wavelength -> increase_wavelength -> increase_wavelength -> increase_wavelength -> increase_wavelength -> increase_concentration -> increase_wavelength -> increase_wavelength -> decrease_wavelength -> decrease_wavelength -> decrease_path_length -> increase_wavelength -> increase_wavelength -> decrease_wavelength -> increase_wavelength -> increase_wavelength -> decrease_wavelength -> decrease_wavelength -> decrease_wavelength -> increase_wavelength -> decrease_path_length -> decrease_path_length -> decrease_concentration -> decrease_wavelength -> decrease_concentration -> decrease_wavelength -> decrease_wavelength -> decrease_wavelength -> finish
model__scientific-exploration-increase-student-simulation-chart-normal__chart_only__normal__beers_wavelength__qwen25_vl_3b__run05,model,chart_only,normal,chart_only_normal,qwen25_vl_3b,qwen25_vl_3b__chart_only,9,-1.2573461516092221,increase_wavelength -> increase_wavelength -> increase_wavelength -> increase_wavelength -> increase_wavelength -> increase_wavelength -> increase_wavelength -> increase_wavelength -> finish
model__scientific-exploration-increase-student-simulation-chart-normal__chart_only__normal__beers_wavelength__qwen25_vl_3b__run09,model,chart_only,normal,chart_only_normal,qwen25_vl_3b,qwen25_vl_3b__chart_only,3,-2.193504957848651,decrease_wavelength -> decrease_wavelength -> finish
model__scientific-exploration-increase-student-simulation-chart-normal__chart_only__normal__beers_wavelength__qwen25_vl_7b__run01,model,chart_only,normal,chart_only_normal,qwen25_vl_7b,qwen25_vl_7b__chart_only,11,-2.2980506514282646,increase_wavelength -> decrease_concentration -> increase_path_length -> increase_wavelength -> decrease_wavelength -> decrease_concentration -> decrease_wavelength -> decrease_wavelength -> decrease_wavelength -> decrease_wavelength -> finish
model__scientific-exploration-increase-student-simulation-chart-normal__chart_only__normal__beers_wavelength__qwen25_vl_3b__run02,model,chart_only,normal,chart_only_normal,qwen25_vl_3b,qwen25_vl_3b__chart_only,28,-1.5251528535931327,increase_wavelength -> increase_wavelength -> increase_wavelength -> increase_concentration -> decrease_concentration -> increase_wavelength -> increase_wavelength -> increase_wavelength -> increase_wavelength -> increase_wavelength -> increase_wavelength -> increase_wavelength -> increase_wavelength -> increase_wavelength -> decrease_concentration -> decrease_concentration -> increase_wavelength -> increase_wavelength -> increase_wavelength -> increase_wavelength -> increase_wavelength -> increase_wavelength -> increase_wavelength -> decrease_path_length -> increase_wavelength -> increase_wavelength -> increase_wavelength -> finish
model__scientific-exploration-increase-student-simulation-chart-normal__chart_only__normal__beers_wavelength__qwen25_vl_7b__run00,model,chart_only,normal,chart_only_normal,qwen25_vl_7b,qwen25_vl_7b__chart_only,10,-1.5511761402328261,increase_wavelength -> increase_wavelength -> increase_wavelength -> decrease_wavelength -> decrease_wavelength -> increase_wavelength -> decrease_wavelength -> increase_concentration -> decrease_wavelength -> finish
model__scientific-exploration-increase-student-simulation-chart-normal__chart_only__normal__beers_wavelength__qwen25_vl_7b__run05,model,chart_only,normal,chart_only_normal,qwen25_vl_7b,qwen25_vl_7b__chart_only,5,-1.6426564643000152,increase_wavelength -> increase_wavelength -> decrease_wavelength -> decrease_wavelength -> finish
model__scientific-exploration-increase-student-simulation-chart-normal__chart_only__normal__beers_wavelength__qwen25_vl_7b__run08,model,chart_only,normal,chart_only_normal,qwen25_vl_7b,qwen25_vl_7b__chart_only,5,-2.1428191589586985,increase_concentration -> increase_concentration -> increase_wavelength -> increase_wavelength -> finish
model__scientific-exploration-increase-student-simulation-chart-normal__chart_only__normal__beers_wavelength__qwen25_vl_3b__run06,model,chart_only,normal,chart_only_normal,qwen25_vl_3b,qwen25_vl_3b__chart_only,29,-1.66609086074362,increase_wavelength -> increase_wavelength -> decrease_wavelength -> increase_wavelength -> increase_concentration -> increase_wavelength -> increase_concentration -> increase_concentration -> increase_wavelength -> increase_concentration -> increase_wavelength -> decrease_path_length -> decrease_wavelength -> increase_wavelength -> increase_wavelength -> increase_wavelength -> increase_concentration -> increase_concentration -> increase_wavelength -> increase_wavelength -> increase_wavelength -> increase_wavelength -> increase_wavelength -> increase_wavelength -> increase_wavelength -> increase_wavelength -> increase_wavelength -> increase_wavelength -> finish
model__scientific-exploration-increase-student-simulation-chart-normal__chart_only__normal__beers_wavelength__qwen25_vl_3b__run07,model,chart_only,normal,chart_only_normal,qwen25_vl_3b,qwen25_vl_3b__chart_only,10,-1.954540612385771,increase_wavelength -> increase_wavelength -> increase_wavelength -> increase_path_length -> increase_wavelength -> increase_wavelength -> increase_path_length -> increase_path_length -> increase_path_length -> finish
model__scientific-exploration-increase-student-simulation-chart-normal__chart_only__normal__beers_wavelength__qwen25_vl_7b__run03,model,chart_only,normal,chart_only_normal,qwen25_vl_7b,qwen25_vl_7b__chart_only,7,-2.522983223114985,increase_concentration -> decrease_concentration -> increase_wavelength -> increase_path_length -> decrease_path_length -> increase_wavelength -> finish
model__scientific-exploration-increase-student-simulation-chart-normal__chart_only__normal__beers_wavelength__qwen25_vl_7b__run09,model,chart_only,normal,chart_only_normal,qwen25_vl_7b,qwen25_vl_7b__chart_only,12,-1.9606919428320682,increase_wavelength -> decrease_concentration -> decrease_concentration -> increase_wavelength -> increase_path_length -> increase_wavelength -> increase_wavelength -> increase_wavelength -> increase_wavelength -> increase_wavelength -> increase_wavelength -> finish
model__scientific-exploration-increase-student-simulation-chart-normal__chart_only__normal__beers_wavelength__qwen25_vl_3b__run08,model,chart_only,normal,chart_only_normal,qwen25_vl_3b,qwen25_vl_3b__chart_only,9,-1.4899876256442388,increase_wavelength -> increase_wavelength -> increase_wavelength -> increase_wavelength -> increase_wavelength -> increase_wavelength -> increase_wavelength -> increase_concentration -> finish
model__scientific-exploration-increase-student-simulation-chart-normal__chart_only__normal__beers_wavelength__qwen25_vl_7b__run02,model,chart_only,normal,chart_only_normal,qwen25_vl_7b,qwen25_vl_7b__chart_only,5,-2.174361127255856,increase_concentration -> decrease_concentration -> increase_concentration -> increase_wavelength -> finish
model__scientific-exploration-increase-student-simulation-chart-normal__chart_only__normal__beers_wavelength__qwen25_vl_7b__run07,model,chart_only,normal,chart_only_normal,qwen25_vl_7b,qwen25_vl_7b__chart_only,20,-1.529481212948469,increase_wavelength -> increase_concentration -> increase_path_length -> decrease_concentration -> decrease_path_length -> increase_concentration -> decrease_concentration -> increase_concentration -> increase_concentration -> increase_concentration -> decrease_concentration -> increase_concentration -> decrease_concentration -> increase_concentration -> increase_concentration -> increase_concentration -> increase_concentration -> increase_concentration -> increase_concentration -> finish
model__scientific-exploration-increase-student-simulation-text-normal__text_only__normal__beers_wavelength__qwen35_9b__run08,model,text_only,normal,text_only_normal,qwen35_9b,qwen35_9b__text_only,11,-2.281625177100269,increase_wavelength -> increase_wavelength -> increase_wavelength -> increase_wavelength -> increase_concentration -> increase_concentration -> increase_path_length -> decrease_wavelength -> decrease_concentration -> decrease_path_length -> finish
model__scientific-exploration-increase-student-simulation-text-normal__text_only__normal__beers_wavelength__qwen35_9b__run03,model,text_only,normal,text_only_normal,qwen35_9b,qwen35_9b__text_only,12,-1.7776462980347498,increase_wavelength -> increase_wavelength -> increase_wavelength -> increase_wavelength -> increase_concentration -> increase_concentration -> increase_path_length -> decrease_wavelength -> decrease_wavelength -> decrease_wavelength -> decrease_wavelength -> finish
model__scientific-exploration-increase-student-simulation-text-normal__text_only__normal__beers_wavelength__qwen35_4b__run00,model,text_only,normal,text_only_normal,qwen35_4b,qwen35_4b__text_only,6,-2.28969053883191,increase_wavelength -> decrease_wavelength -> increase_concentration -> decrease_concentration -> increase_path_length -> finish
model__scientific-exploration-increase-student-simulation-text-normal__text_only__normal__beers_wavelength__qwen35_9b__run09,model,text_only,normal,text_only_normal,qwen35_9b,qwen35_9b__text_only,5,-2.486201906398524,increase_wavelength -> decrease_wavelength -> increase_concentration -> increase_path_length -> finish
model__scientific-exploration-increase-student-simulation-text-normal__text_only__normal__beers_wavelength__qwen35_9b__run06,model,text_only,normal,text_only_normal,qwen35_9b,qwen35_9b__text_only,7,-2.1366152981971003,increase_concentration -> increase_path_length -> increase_wavelength -> increase_wavelength -> increase_wavelength -> increase_wavelength -> finish
model__scientific-exploration-increase-student-simulation-text-normal__text_only__normal__beers_wavelength__qwen35_9b__run07,model,text_only,normal,text_only_normal,qwen35_9b,qwen35_9b__text_only,6,-2.6361688194795834,increase_wavelength -> increase_concentration -> increase_path_length -> decrease_wavelength -> increase_wavelength -> finish
model__scientific-exploration-increase-student-simulation-text-normal__text_only__normal__beers_wavelength__qwen35_4b__run05,model,text_only,normal,text_only_normal,qwen35_4b,qwen35_4b__text_only,5,-2.485586599804074,decrease_wavelength -> increase_wavelength -> increase_concentration -> increase_path_length -> finish
model__scientific-exploration-increase-student-simulation-text-normal__text_only__normal__beers_wavelength__qwen35_9b__run05,model,text_only,normal,text_only_normal,qwen35_9b,qwen35_9b__text_only,10,-1.7487626246454286,increase_concentration -> increase_path_length -> increase_wavelength -> decrease_wavelength -> increase_wavelength -> increase_wavelength -> increase_wavelength -> increase_wavelength -> increase_wavelength -> finish
model__scientific-exploration-increase-student-simulation-text-normal__text_only__normal__beers_wavelength__qwen35_9b__run04,model,text_only,normal,text_only_normal,qwen35_9b,qwen35_9b__text_only,18,-1.4908788743534775,increase_wavelength -> increase_wavelength -> increase_concentration -> increase_wavelength -> decrease_wavelength -> increase_path_length -> decrease_wavelength -> decrease_wavelength -> decrease_wavelength -> decrease_wavelength -> increase_wavelength -> increase_wavelength -> increase_wavelength -> increase_wavelength -> increase_wavelength -> increase_wavelength -> increase_wavelength -> finish
model__scientific-exploration-increase-student-simulation-text-normal__text_only__normal__beers_wavelength__qwen35_4b__run09,model,text_only,normal,text_only_normal,qwen35_4b,qwen35_4b__text_only,11,-1.87929596173468,increase_wavelength -> decrease_wavelength -> increase_concentration -> decrease_concentration -> increase_path_length -> increase_wavelength -> decrease_wavelength -> increase_wavelength -> increase_wavelength -> increase_wavelength -> finish
model__scientific-exploration-increase-student-simulation-text-normal__text_only__normal__beers_wavelength__qwen35_9b__run00,model,text_only,normal,text_only_normal,qwen35_9b,qwen35_9b__text_only,11,-1.824139857504103,increase_wavelength -> increase_concentration -> increase_path_length -> decrease_wavelength -> decrease_wavelength -> decrease_wavelength -> increase_wavelength -> increase_wavelength -> increase_wavelength -> increase_wavelength -> finish
model__scientific-exploration-increase-student-simulation-text-normal__text_only__normal__beers_wavelength__qwen35_9b__run01,model,text_only,normal,text_only_normal,qwen35_9b,qwen35_9b__text_only,7,-3.069769959396126,increase_wavelength -> increase_concentration -> increase_path_length -> decrease_wavelength -> decrease_concentration -> decrease_path_length -> finish
model__scientific-exploration-increase-student-simulation-text-normal__text_only__normal__beers_wavelength__qwen35_4b__run04,model,text_only,normal,text_only_normal,qwen35_4b,qwen35_4b__text_only,4,-2.873944449195054,increase_wavelength -> increase_concentration -> increase_path_length -> finish
model__scientific-exploration-increase-student-simulation-text-normal__text_only__normal__beers_wavelength__qwen35_4b__run03,model,text_only,normal,text_only_normal,qwen35_4b,qwen35_4b__text_only,4,-3.0169473897382018,increase_wavelength -> decrease_concentration -> increase_path_length -> finish
model__scientific-exploration-increase-student-simulation-text-normal__text_only__normal__beers_wavelength__qwen35_4b__run01,model,text_only,normal,text_only_normal,qwen35_4b,qwen35_4b__text_only,5,-2.486201906398524,increase_wavelength -> decrease_wavelength -> increase_concentration -> increase_path_length -> finish
model__scientific-exploration-increase-student-simulation-text-normal__text_only__normal__beers_wavelength__qwen35_4b__run08,model,text_only,normal,text_only_normal,qwen35_4b,qwen35_4b__text_only,5,-2.486201906398524,increase_wavelength -> decrease_wavelength -> increase_concentration -> increase_path_length -> finish
model__scientific-exploration-increase-student-simulation-text-normal__text_only__normal__beers_wavelength__qwen35_4b__run06,model,text_only,normal,text_only_normal,qwen35_4b,qwen35_4b__text_only,7,-2.0086887196647303,increase_wavelength -> decrease_wavelength -> increase_wavelength -> increase_wavelength -> increase_concentration -> increase_path_length -> finish
model__scientific-exploration-increase-student-simulation-text-normal__text_only__normal__beers_wavelength__qwen35_4b__run02,model,text_only,normal,text_only_normal,qwen35_4b,qwen35_4b__text_only,5,-2.486201906398524,increase_wavelength -> decrease_wavelength -> increase_concentration -> increase_path_length -> finish
model__scientific-exploration-increase-student-simulation-text-normal__text_only__normal__beers_wavelength__qwen35_4b__run07,model,text_only,normal,text_only_normal,qwen35_4b,qwen35_4b__text_only,7,-2.111759541606335,increase_wavelength -> decrease_wavelength -> increase_concentration -> decrease_concentration -> increase_path_length -> decrease_path_length -> finish
model__scientific-exploration-increase-student-simulation-text-normal__text_only__normal__beers_wavelength__qwen35_9b__run02,model,text_only,normal,text_only_normal,qwen35_9b,qwen35_9b__text_only,5,-2.486201906398524,increase_wavelength -> decrease_wavelength -> increase_concentration -> increase_path_length -> finish
model__scientific-exploration-increase-student-simulation-text-student__text_only__student__beers_wavelength__qwen35_4b__run02,model,text_only,student,text_only_student,qwen35_4b,qwen35_4b__text_only,11,-2.4546054784366174,increase_wavelength -> decrease_wavelength -> increase_concentration -> increase_path_length -> decrease_path_length -> decrease_concentration -> increase_wavelength -> increase_concentration -> increase_path_length -> decrease_path_length -> finish
model__scientific-exploration-increase-student-simulation-text-student__text_only__student__beers_wavelength__qwen35_4b__run09,model,text_only,student,text_only_student,qwen35_4b,qwen35_4b__text_only,6,-2.245181891882362,increase_wavelength -> decrease_wavelength -> increase_concentration -> decrease_path_length -> increase_path_length -> finish
model__scientific-exploration-increase-student-simulation-text-student__text_only__student__beers_wavelength__qwen35_4b__run04,model,text_only,student,text_only_student,qwen35_4b,qwen35_4b__text_only,6,-2.2452608503464244,increase_wavelength -> decrease_wavelength -> increase_concentration -> increase_path_length -> decrease_path_length -> finish
model__scientific-exploration-increase-student-simulation-text-student__text_only__student__beers_wavelength__qwen35_9b__run05,model,text_only,student,text_only_student,qwen35_9b,qwen35_9b__text_only,6,-2.2452608503464244,increase_wavelength -> decrease_wavelength -> increase_concentration -> increase_path_length -> decrease_path_length -> finish
model__scientific-exploration-increase-student-simulation-text-student__text_only__student__beers_wavelength__qwen35_4b__run03,model,text_only,student,text_only_student,qwen35_4b,qwen35_4b__text_only,15,-2.433356814404223,increase_wavelength -> decrease_wavelength -> increase_concentration -> increase_path_length -> decrease_path_length -> decrease_concentration -> increase_concentration -> increase_concentration -> decrease_wavelength -> increase_path_length -> decrease_concentration -> decrease_path_length -> decrease_wavelength -> increase_wavelength -> finish
model__scientific-exploration-increase-student-simulation-text-student__text_only__student__beers_wavelength__qwen35_9b__run07,model,text_only,student,text_only_student,qwen35_9b,qwen35_9b__text_only,7,-2.111759541606335,increase_wavelength -> decrease_wavelength -> increase_concentration -> decrease_concentration -> increase_path_length -> decrease_path_length -> finish
model__scientific-exploration-increase-student-simulation-text-student__text_only__student__beers_wavelength__qwen35_4b__run00,model,text_only,student,text_only_student,qwen35_4b,qwen35_4b__text_only,9,-2.622547465070049,increase_wavelength -> decrease_wavelength -> increase_concentration -> increase_path_length -> decrease_path_length -> decrease_concentration -> increase_wavelength -> decrease_path_length -> finish
model__scientific-exploration-increase-student-simulation-text-student__text_only__student__beers_wavelength__qwen35_9b__run01,model,text_only,student,text_only_student,qwen35_9b,qwen35_9b__text_only,7,-2.111759541606335,increase_wavelength -> decrease_wavelength -> increase_concentration -> decrease_concentration -> increase_path_length -> decrease_path_length -> finish
model__scientific-exploration-increase-student-simulation-text-student__text_only__student__beers_wavelength__qwen35_4b__run06,model,text_only,student,text_only_student,qwen35_4b,qwen35_4b__text_only,7,-2.1179903471177925,increase_wavelength -> increase_concentration -> decrease_concentration -> increase_path_length -> decrease_path_length -> decrease_path_length -> finish
model__scientific-exploration-increase-student-simulation-text-student__text_only__student__beers_wavelength__qwen35_9b__run03,model,text_only,student,text_only_student,qwen35_9b,qwen35_9b__text_only,10,-2.8376964596454224,increase_wavelength -> increase_concentration -> increase_path_length -> decrease_wavelength -> decrease_wavelength -> decrease_path_length -> increase_concentration -> decrease_path_length -> decrease_concentration -> finish
model__scientific-exploration-increase-student-simulation-text-student__text_only__student__beers_wavelength__qwen35_9b__run09,model,text_only,student,text_only_student,qwen35_9b,qwen35_9b__text_only,7,-2.6712017846268528,increase_wavelength -> decrease_wavelength -> increase_concentration -> increase_path_length -> decrease_concentration -> decrease_path_length -> finish
model__scientific-exploration-increase-student-simulation-text-student__text_only__student__beers_wavelength__qwen35_4b__run05,model,text_only,student,text_only_student,qwen35_4b,qwen35_4b__text_only,11,-2.4275344840958635,increase_wavelength -> increase_concentration -> decrease_wavelength -> decrease_concentration -> increase_path_length -> decrease_path_length -> increase_wavelength -> increase_wavelength -> increase_path_length -> decrease_path_length -> finish
model__scientific-exploration-increase-student-simulation-text-student__text_only__student__beers_wavelength__qwen35_4b__run01,model,text_only,student,text_only_student,qwen35_4b,qwen35_4b__text_only,8,-2.263822430427178,increase_wavelength -> decrease_wavelength -> increase_concentration -> decrease_concentration -> increase_path_length -> decrease_path_length -> increase_wavelength -> finish
model__scientific-exploration-increase-student-simulation-text-student__text_only__student__beers_wavelength__qwen35_9b__run02,model,text_only,student,text_only_student,qwen35_9b,qwen35_9b__text_only,12,-2.4975239678855714,decrease_concentration -> increase_concentration -> increase_wavelength -> increase_path_length -> decrease_wavelength -> decrease_concentration -> increase_concentration -> decrease_concentration -> increase_path_length -> increase_wavelength -> decrease_path_length -> finish
model__scientific-exploration-increase-student-simulation-text-student__text_only__student__beers_wavelength__qwen35_4b__run07,model,text_only,student,text_only_student,qwen35_4b,qwen35_4b__text_only,7,-2.111759541606335,increase_wavelength -> decrease_wavelength -> increase_concentration -> decrease_concentration -> increase_path_length -> decrease_path_length -> finish
model__scientific-exploration-increase-student-simulation-text-student__text_only__student__beers_wavelength__qwen35_9b__run06,model,text_only,student,text_only_student,qwen35_9b,qwen35_9b__text_only,35,-2.305622138102978,increase_wavelength -> decrease_wavelength -> increase_concentration -> increase_path_length -> decrease_path_length -> decrease_wavelength -> increase_wavelength -> decrease_wavelength -> increase_wavelength -> decrease_concentration -> increase_path_length -> increase_wavelength -> increase_wavelength -> decrease_wavelength -> increase_concentration -> decrease_wavelength -> increase_wavelength -> decrease_path_length -> decrease_wavelength -> increase_concentration -> increase_concentration -> increase_path_length -> decrease_concentration -> increase_path_length -> decrease_concentration -> increase_wavelength -> decrease_wavelength -> increase_path_length -> decrease_path_length -> increase_wavelength -> increase_wavelength -> decrease_concentration -> increase_concentration -> increase_path_length -> finish
model__scientific-exploration-increase-student-simulation-text-student__text_only__student__beers_wavelength__qwen35_4b__run08,model,text_only,student,text_only_student,qwen35_4b,qwen35_4b__text_only,7,-2.111759541606335,increase_wavelength -> decrease_wavelength -> increase_concentration -> decrease_concentration -> increase_path_length -> decrease_path_length -> finish
model__scientific-exploration-increase-student-simulation-text-student__text_only__student__beers_wavelength__qwen35_9b__run04,model,text_only,student,text_only_student,qwen35_9b,qwen35_9b__text_only,9,-2.3636754262864432,increase_wavelength -> decrease_wavelength -> increase_concentration -> increase_path_length -> decrease_path_length -> decrease_concentration -> increase_wavelength -> decrease_wavelength -> finish
model__scientific-exploration-increase-student-simulation-text-student__text_only__student__beers_wavelength__qwen35_9b__run00,model,text_only,student,text_only_student,qwen35_9b,qwen35_9b__text_only,7,-3.069769959396126,increase_wavelength -> increase_concentration -> increase_path_length -> decrease_wavelength -> decrease_concentration -> decrease_path_length -> finish
model__scientific-exploration-increase-student-simulation-text-student__text_only__student__beers_wavelength__qwen35_9b__run08,model,text_only,student,text_only_student,qwen35_9b,qwen35_9b__text_only,9,-2.1544105147733426,increase_wavelength -> decrease_wavelength -> increase_concentration -> decrease_concentration -> increase_path_length -> decrease_path_length -> increase_wavelength -> decrease_wavelength -> finish
