episode_path,run_name,modality,formula,setup,model,has_parse_error,failed_step,parse_error_message,finish_reached,forced_finish,final_equation
wandb_downloads_image_only/scientific-exploration-increase-image-only-/artifacts/episode-image_only_distance_abbrev_model_qwen25_vl_7b-01_latest,image_only_distance_abbrev_model_qwen25_vl_7b,Simulation-only,distance,abbrev,model_qwen25_vl_7b,False,,,True,False,d = d1 + d2 + d3
wandb_downloads_image_only/scientific-exploration-increase-image-only-/artifacts/episode-image_only_kinematics_abbrev_model_qwen25_vl_7b-09_latest,image_only_kinematics_abbrev_model_qwen25_vl_7b,Simulation-only,kinematics,abbrev,model_qwen25_vl_7b,False,,,True,False,x = v + x0
wandb_downloads_image_only/scientific-exploration-increase-image-only-/artifacts/episode-image_only_mass_abbrev_model_qwen25_vl_3b-06_latest,image_only_mass_abbrev_model_qwen25_vl_3b,Simulation-only,mass,abbrev,model_qwen25_vl_3b,False,,,True,False,m = rho + V
wandb_downloads_image_only/scientific-exploration-increase-image-only-/artifacts/episode-image_only_resistors_abbrev_model_qwen25_vl_3b-00_latest,image_only_resistors_abbrev_model_qwen25_vl_3b,Simulation-only,resistors,abbrev,model_qwen25_vl_3b,False,,,True,False,Rt = R2
wandb_downloads_image_only/scientific-exploration-increase-image-only-/artifacts/episode-image_only_mass_abbrev_model_qwen25_vl_3b-03_latest,image_only_mass_abbrev_model_qwen25_vl_3b,Simulation-only,mass,abbrev,model_qwen25_vl_3b,False,,,True,False,m = e^(rho * V)
wandb_downloads_image_only/scientific-exploration-increase-image-only-/artifacts/episode-image_only_kinematics_abstract_model_qwen25_vl_7b-08_latest,image_only_kinematics_abstract_model_qwen25_vl_7b,Simulation-only,kinematics,abstract,model_qwen25_vl_7b,False,,,True,False,Y = A + B
wandb_downloads_image_only/scientific-exploration-increase-image-only-/artifacts/episode-image_only_distance_concrete_model_qwen25_vl_7b-07_latest,image_only_distance_concrete_model_qwen25_vl_7b,Simulation-only,distance,concrete,model_qwen25_vl_7b,False,,,True,False,total_distance = distance_1 + distance_2 + distance_3
wandb_downloads_image_only/scientific-exploration-increase-image-only-/artifacts/episode-image_only_beers_concrete_model_qwen25_vl_7b-01_latest,image_only_beers_concrete_model_qwen25_vl_7b,Simulation-only,beers,concrete,model_qwen25_vl_7b,False,,,True,False,A = ε * c * l
wandb_downloads_image_only/scientific-exploration-increase-image-only-/artifacts/episode-image_only_ohm_abbrev_model_qwen25_vl_7b-08_latest,image_only_ohm_abbrev_model_qwen25_vl_7b,Simulation-only,ohm,abbrev,model_qwen25_vl_7b,False,,,True,False,V = constant
wandb_downloads_image_only/scientific-exploration-increase-image-only-/artifacts/episode-image_only_beers_abbrev_model_qwen25_vl_7b-02_latest,image_only_beers_abbrev_model_qwen25_vl_7b,Simulation-only,beers,abbrev,model_qwen25_vl_7b,False,,,True,False,A = f(l)
wandb_downloads_image_only/scientific-exploration-increase-image-only-/artifacts/episode-image_only_mass_concrete_model_qwen25_vl_3b-09_latest,image_only_mass_concrete_model_qwen25_vl_3b,Simulation-only,mass,concrete,model_qwen25_vl_3b,False,,,True,False,mass = density * volume
wandb_downloads_image_only/scientific-exploration-increase-image-only-/artifacts/episode-image_only_resistors_abstract_model_qwen25_vl_7b-02_latest,image_only_resistors_abstract_model_qwen25_vl_7b,Simulation-only,resistors,abstract,model_qwen25_vl_7b,False,,,True,False,Y = A + B
wandb_downloads_image_only/scientific-exploration-increase-image-only-/artifacts/episode-image_only_kinematics_abstract_model_qwen25_vl_7b-09_latest,image_only_kinematics_abstract_model_qwen25_vl_7b,Simulation-only,kinematics,abstract,model_qwen25_vl_7b,False,,,True,False,Y = A * B
wandb_downloads_image_only/scientific-exploration-increase-image-only-/artifacts/episode-image_only_resistors_concrete_model_qwen25_vl_7b-00_latest,image_only_resistors_concrete_model_qwen25_vl_7b,Simulation-only,resistors,concrete,model_qwen25_vl_7b,False,,,True,False,total_resistance = resistance_1 + resistance_2
wandb_downloads_image_only/scientific-exploration-increase-image-only-/artifacts/episode-image_only_ohm_concrete_model_qwen25_vl_3b-07_latest,image_only_ohm_concrete_model_qwen25_vl_3b,Simulation-only,ohm,concrete,model_qwen25_vl_3b,False,,,True,False,voltage = current * resistance
wandb_downloads_image_only/scientific-exploration-increase-image-only-/artifacts/episode-image_only_mass_concrete_model_qwen25_vl_7b-07_latest,image_only_mass_concrete_model_qwen25_vl_7b,Simulation-only,mass,concrete,model_qwen25_vl_7b,False,,,True,False,mass = density * volume
wandb_downloads_image_only/scientific-exploration-increase-image-only-/artifacts/episode-image_only_resistors_abbrev_model_qwen25_vl_7b-05_latest,image_only_resistors_abbrev_model_qwen25_vl_7b,Simulation-only,resistors,abbrev,model_qwen25_vl_7b,False,,,True,False,Rt = R1 + R2
wandb_downloads_image_only/scientific-exploration-increase-image-only-/artifacts/episode-image_only_mass_abstract_model_qwen25_vl_3b-01_latest,image_only_mass_abstract_model_qwen25_vl_3b,Simulation-only,mass,abstract,model_qwen25_vl_3b,False,,,True,False,Y = A + B
wandb_downloads_image_only/scientific-exploration-increase-image-only-/artifacts/episode-image_only_mass_abbrev_model_qwen25_vl_3b-09_latest,image_only_mass_abbrev_model_qwen25_vl_3b,Simulation-only,mass,abbrev,model_qwen25_vl_3b,False,,,True,False,m = rho * V
wandb_downloads_image_only/scientific-exploration-increase-image-only-/artifacts/episode-image_only_resistors_concrete_model_qwen25_vl_7b-06_latest,image_only_resistors_concrete_model_qwen25_vl_7b,Simulation-only,resistors,concrete,model_qwen25_vl_7b,False,,,True,False,total_resistance = resistance_1 + resistance_2
wandb_downloads_image_only/scientific-exploration-increase-image-only-/artifacts/episode-image_only_distance_abbrev_model_qwen25_vl_7b-07_latest,image_only_distance_abbrev_model_qwen25_vl_7b,Simulation-only,distance,abbrev,model_qwen25_vl_7b,False,,,True,False,d = d1 + d2 + d3
wandb_downloads_image_only/scientific-exploration-increase-image-only-/artifacts/episode-image_only_ohm_abbrev_model_qwen25_vl_7b-07_latest,image_only_ohm_abbrev_model_qwen25_vl_7b,Simulation-only,ohm,abbrev,model_qwen25_vl_7b,False,,,True,False,V = kI
wandb_downloads_image_only/scientific-exploration-increase-image-only-/artifacts/episode-image_only_resistors_abbrev_model_qwen25_vl_3b-06_latest,image_only_resistors_abbrev_model_qwen25_vl_3b,Simulation-only,resistors,abbrev,model_qwen25_vl_3b,False,,,True,False,Rt = R1 + R2
wandb_downloads_image_only/scientific-exploration-increase-image-only-/artifacts/episode-image_only_kinematics_abbrev_model_qwen25_vl_7b-04_latest,image_only_kinematics_abbrev_model_qwen25_vl_7b,Simulation-only,kinematics,abbrev,model_qwen25_vl_7b,False,,,True,False,x = v * t
wandb_downloads_image_only/scientific-exploration-increase-image-only-/artifacts/episode-image_only_distance_abbrev_model_qwen25_vl_3b-08_latest,image_only_distance_abbrev_model_qwen25_vl_3b,Simulation-only,distance,abbrev,model_qwen25_vl_3b,False,,,True,False,d = d1 + d2 - d3
wandb_downloads_image_only/scientific-exploration-increase-image-only-/artifacts/episode-image_only_kinematics_concrete_model_qwen25_vl_3b-05_latest,image_only_kinematics_concrete_model_qwen25_vl_3b,Simulation-only,kinematics,concrete,model_qwen25_vl_3b,False,,,True,False,position = initial_position + velocity * time
wandb_downloads_image_only/scientific-exploration-increase-image-only-/artifacts/episode-image_only_ohm_concrete_model_qwen25_vl_7b-07_latest,image_only_ohm_concrete_model_qwen25_vl_7b,Simulation-only,ohm,concrete,model_qwen25_vl_7b,False,,,True,False,voltage = current * resistance
wandb_downloads_image_only/scientific-exploration-increase-image-only-/artifacts/episode-image_only_ohm_abbrev_model_qwen25_vl_7b-00_latest,image_only_ohm_abbrev_model_qwen25_vl_7b,Simulation-only,ohm,abbrev,model_qwen25_vl_7b,False,,,True,False,V = kI
wandb_downloads_image_only/scientific-exploration-increase-image-only-/artifacts/episode-image_only_mass_abbrev_model_qwen25_vl_7b-09_latest,image_only_mass_abbrev_model_qwen25_vl_7b,Simulation-only,mass,abbrev,model_qwen25_vl_7b,False,,,True,False,m = ρ / V
wandb_downloads_image_only/scientific-exploration-increase-image-only-/artifacts/episode-image_only_kinematics_abstract_model_qwen25_vl_3b-09_latest,image_only_kinematics_abstract_model_qwen25_vl_3b,Simulation-only,kinematics,abstract,model_qwen25_vl_3b,False,,,True,False,Y = k * A + m * B
wandb_downloads_image_only/scientific-exploration-increase-image-only-/artifacts/episode-image_only_ohm_abstract_model_qwen25_vl_3b-03_latest,image_only_ohm_abstract_model_qwen25_vl_3b,Simulation-only,ohm,abstract,model_qwen25_vl_3b,False,,,True,False,Y = A + B
wandb_downloads_image_only/scientific-exploration-increase-image-only-/artifacts/episode-image_only_mass_concrete_model_qwen25_vl_7b-03_latest,image_only_mass_concrete_model_qwen25_vl_7b,Simulation-only,mass,concrete,model_qwen25_vl_7b,False,,,True,False,mass = density * volume
wandb_downloads_image_only/scientific-exploration-increase-image-only-/artifacts/episode-image_only_resistors_concrete_model_qwen25_vl_7b-07_latest,image_only_resistors_concrete_model_qwen25_vl_7b,Simulation-only,resistors,concrete,model_qwen25_vl_7b,False,,,True,False,total_resistance = resistance_1 + resistance_2
wandb_downloads_image_only/scientific-exploration-increase-image-only-/artifacts/episode-image_only_kinematics_abbrev_model_qwen25_vl_3b-08_latest,image_only_kinematics_abbrev_model_qwen25_vl_3b,Simulation-only,kinematics,abbrev,model_qwen25_vl_3b,False,,,True,False,x = x0 * t
wandb_downloads_image_only/scientific-exploration-increase-image-only-/artifacts/episode-image_only_kinematics_concrete_model_qwen25_vl_3b-08_latest,image_only_kinematics_concrete_model_qwen25_vl_3b,Simulation-only,kinematics,concrete,model_qwen25_vl_3b,False,,,True,False,position = initial_position + velocity * time
wandb_downloads_image_only/scientific-exploration-increase-image-only-/artifacts/episode-image_only_ohm_concrete_model_qwen25_vl_3b-08_latest,image_only_ohm_concrete_model_qwen25_vl_3b,Simulation-only,ohm,concrete,model_qwen25_vl_3b,False,,,True,False,voltage = current + resistance
wandb_downloads_image_only/scientific-exploration-increase-image-only-/artifacts/episode-image_only_beers_abbrev_model_qwen25_vl_7b-09_latest,image_only_beers_abbrev_model_qwen25_vl_7b,Simulation-only,beers,abbrev,model_qwen25_vl_7b,False,,,True,False,A = c * (epsilon + l)
wandb_downloads_image_only/scientific-exploration-increase-image-only-/artifacts/episode-image_only_mass_abbrev_model_qwen25_vl_3b-00_latest,image_only_mass_abbrev_model_qwen25_vl_3b,Simulation-only,mass,abbrev,model_qwen25_vl_3b,False,,,True,False,m = k * V^2
wandb_downloads_image_only/scientific-exploration-increase-image-only-/artifacts/episode-image_only_resistors_abstract_model_qwen25_vl_3b-03_latest,image_only_resistors_abstract_model_qwen25_vl_3b,Simulation-only,resistors,abstract,model_qwen25_vl_3b,False,,,True,False,Y = A
wandb_downloads_image_only/scientific-exploration-increase-image-only-/artifacts/episode-image_only_distance_abbrev_model_qwen25_vl_3b-09_latest,image_only_distance_abbrev_model_qwen25_vl_3b,Simulation-only,distance,abbrev,model_qwen25_vl_3b,False,,,True,False,d = k * d1 / d2
wandb_downloads_image_only/scientific-exploration-increase-image-only-/artifacts/episode-image_only_mass_abstract_model_qwen25_vl_3b-06_latest,image_only_mass_abstract_model_qwen25_vl_3b,Simulation-only,mass,abstract,model_qwen25_vl_3b,False,,,True,False,Y = B
wandb_downloads_image_only/scientific-exploration-increase-image-only-/artifacts/episode-image_only_kinematics_abbrev_model_qwen25_vl_3b-05_latest,image_only_kinematics_abbrev_model_qwen25_vl_3b,Simulation-only,kinematics,abbrev,model_qwen25_vl_3b,False,,,True,False,x = v * t
wandb_downloads_image_only/scientific-exploration-increase-image-only-/artifacts/episode-image_only_ohm_abstract_model_qwen25_vl_3b-09_latest,image_only_ohm_abstract_model_qwen25_vl_3b,Simulation-only,ohm,abstract,model_qwen25_vl_3b,False,,,True,False,Y = A + B
wandb_downloads_image_only/scientific-exploration-increase-image-only-/artifacts/episode-image_only_beers_abstract_model_qwen25_vl_3b-01_latest,image_only_beers_abstract_model_qwen25_vl_3b,Simulation-only,beers,abstract,model_qwen25_vl_3b,False,,,True,False,Y = A + B
wandb_downloads_image_only/scientific-exploration-increase-image-only-/artifacts/episode-image_only_kinematics_abbrev_model_qwen25_vl_7b-03_latest,image_only_kinematics_abbrev_model_qwen25_vl_7b,Simulation-only,kinematics,abbrev,model_qwen25_vl_7b,False,,,True,False,x = 3v
wandb_downloads_image_only/scientific-exploration-increase-image-only-/artifacts/episode-image_only_beers_concrete_model_qwen25_vl_7b-06_latest,image_only_beers_concrete_model_qwen25_vl_7b,Simulation-only,beers,concrete,model_qwen25_vl_7b,False,,,True,False,absorbance = molar_absorptivity * concentration * path_length
wandb_downloads_image_only/scientific-exploration-increase-image-only-/artifacts/episode-image_only_resistors_abbrev_model_qwen25_vl_3b-01_latest,image_only_resistors_abbrev_model_qwen25_vl_3b,Simulation-only,resistors,abbrev,model_qwen25_vl_3b,False,,,True,False,Rt = R1 + R2
wandb_downloads_image_only/scientific-exploration-increase-image-only-/artifacts/episode-image_only_kinematics_concrete_model_qwen25_vl_7b-09_latest,image_only_kinematics_concrete_model_qwen25_vl_7b,Simulation-only,kinematics,concrete,model_qwen25_vl_7b,False,,,True,False,"position = integral(velocity, time)"
wandb_downloads_image_only/scientific-exploration-increase-image-only-/artifacts/episode-image_only_distance_abbrev_model_qwen25_vl_3b-03_latest,image_only_distance_abbrev_model_qwen25_vl_3b,Simulation-only,distance,abbrev,model_qwen25_vl_3b,False,,,True,False,d3 = d1 + d2
wandb_downloads_image_only/scientific-exploration-increase-image-only-/artifacts/episode-image_only_ohm_abbrev_model_qwen25_vl_3b-06_latest,image_only_ohm_abbrev_model_qwen25_vl_3b,Simulation-only,ohm,abbrev,model_qwen25_vl_3b,False,,,True,False,V = I * R
wandb_downloads_image_only/scientific-exploration-increase-image-only-/artifacts/episode-image_only_mass_concrete_model_qwen25_vl_3b-05_latest,image_only_mass_concrete_model_qwen25_vl_3b,Simulation-only,mass,concrete,model_qwen25_vl_3b,False,,,True,False,mass = volume * density
wandb_downloads_image_only/scientific-exploration-increase-image-only-/artifacts/episode-image_only_beers_abbrev_model_qwen25_vl_3b-07_latest,image_only_beers_abbrev_model_qwen25_vl_3b,Simulation-only,beers,abbrev,model_qwen25_vl_3b,False,,,True,False,A = epsilon + c
wandb_downloads_image_only/scientific-exploration-increase-image-only-/artifacts/episode-image_only_ohm_concrete_model_qwen25_vl_7b-01_latest,image_only_ohm_concrete_model_qwen25_vl_7b,Simulation-only,ohm,concrete,model_qwen25_vl_7b,False,,,True,False,voltage = current * resistance
wandb_downloads_image_only/scientific-exploration-increase-image-only-/artifacts/episode-image_only_distance_abstract_model_qwen25_vl_3b-02_latest,image_only_distance_abstract_model_qwen25_vl_3b,Simulation-only,distance,abstract,model_qwen25_vl_3b,False,,,True,False,Y = A + B + C
wandb_downloads_image_only/scientific-exploration-increase-image-only-/artifacts/episode-image_only_ohm_concrete_model_qwen25_vl_3b-06_latest,image_only_ohm_concrete_model_qwen25_vl_3b,Simulation-only,ohm,concrete,model_qwen25_vl_3b,False,,,True,False,voltage = current * resistance
wandb_downloads_image_only/scientific-exploration-increase-image-only-/artifacts/episode-image_only_distance_abstract_model_qwen25_vl_3b-04_latest,image_only_distance_abstract_model_qwen25_vl_3b,Simulation-only,distance,abstract,model_qwen25_vl_3b,False,,,True,False,Y = A + B
wandb_downloads_image_only/scientific-exploration-increase-image-only-/artifacts/episode-image_only_distance_abbrev_model_qwen25_vl_3b-02_latest,image_only_distance_abbrev_model_qwen25_vl_3b,Simulation-only,distance,abbrev,model_qwen25_vl_3b,False,,,True,False,d = d1 + d2 - d3
wandb_downloads_image_only/scientific-exploration-increase-image-only-/artifacts/episode-image_only_distance_concrete_model_qwen25_vl_7b-05_latest,image_only_distance_concrete_model_qwen25_vl_7b,Simulation-only,distance,concrete,model_qwen25_vl_7b,False,,,True,False,total_distance = distance_1 + distance_2 + distance_3
wandb_downloads_image_only/scientific-exploration-increase-image-only-/artifacts/episode-image_only_beers_abbrev_model_qwen25_vl_3b-05_latest,image_only_beers_abbrev_model_qwen25_vl_3b,Simulation-only,beers,abbrev,model_qwen25_vl_3b,False,,,True,False,A = epsilon * c + epsilon
wandb_downloads_image_only/scientific-exploration-increase-image-only-/artifacts/episode-image_only_kinematics_abbrev_model_qwen25_vl_3b-03_latest,image_only_kinematics_abbrev_model_qwen25_vl_3b,Simulation-only,kinematics,abbrev,model_qwen25_vl_3b,False,,,True,False,"x = max(v, t)"
wandb_downloads_image_only/scientific-exploration-increase-image-only-/artifacts/episode-image_only_beers_concrete_model_qwen25_vl_7b-08_latest,image_only_beers_concrete_model_qwen25_vl_7b,Simulation-only,beers,concrete,model_qwen25_vl_7b,False,,,True,False,absorbance = molar_absorptivity * concentration * path_length
wandb_downloads_image_only/scientific-exploration-increase-image-only-/artifacts/episode-image_only_mass_concrete_model_qwen25_vl_7b-05_latest,image_only_mass_concrete_model_qwen25_vl_7b,Simulation-only,mass,concrete,model_qwen25_vl_7b,False,,,True,False,mass = density * volume
wandb_downloads_image_only/scientific-exploration-increase-image-only-/artifacts/episode-image_only_resistors_abstract_model_qwen25_vl_3b-01_latest,image_only_resistors_abstract_model_qwen25_vl_3b,Simulation-only,resistors,abstract,model_qwen25_vl_3b,False,,,True,False,Y = A + B
wandb_downloads_image_only/scientific-exploration-increase-image-only-/artifacts/episode-image_only_kinematics_abstract_model_qwen25_vl_7b-05_latest,image_only_kinematics_abstract_model_qwen25_vl_7b,Simulation-only,kinematics,abstract,model_qwen25_vl_7b,False,,,True,False,Y = C * A + B
wandb_downloads_image_only/scientific-exploration-increase-image-only-/artifacts/episode-image_only_distance_concrete_model_qwen25_vl_3b-05_latest,image_only_distance_concrete_model_qwen25_vl_3b,Simulation-only,distance,concrete,model_qwen25_vl_3b,False,,,True,False,distance_1 + distance_2
wandb_downloads_image_only/scientific-exploration-increase-image-only-/artifacts/episode-image_only_resistors_concrete_model_qwen25_vl_7b-02_latest,image_only_resistors_concrete_model_qwen25_vl_7b,Simulation-only,resistors,concrete,model_qwen25_vl_7b,False,,,True,False,total_resistance = resistance_1 + resistance_2
wandb_downloads_image_only/scientific-exploration-increase-image-only-/artifacts/episode-image_only_kinematics_abstract_model_qwen25_vl_7b-04_latest,image_only_kinematics_abstract_model_qwen25_vl_7b,Simulation-only,kinematics,abstract,model_qwen25_vl_7b,False,,,True,False,Y = C * (A + B)
wandb_downloads_image_only/scientific-exploration-increase-image-only-/artifacts/episode-image_only_kinematics_abbrev_model_qwen25_vl_3b-07_latest,image_only_kinematics_abbrev_model_qwen25_vl_3b,Simulation-only,kinematics,abbrev,model_qwen25_vl_3b,False,,,True,False,x = x0
wandb_downloads_image_only/scientific-exploration-increase-image-only-/artifacts/episode-image_only_resistors_abbrev_model_qwen25_vl_7b-02_latest,image_only_resistors_abbrev_model_qwen25_vl_7b,Simulation-only,resistors,abbrev,model_qwen25_vl_7b,False,,,True,False,Rt = R2
wandb_downloads_image_only/scientific-exploration-increase-image-only-/artifacts/episode-image_only_kinematics_abstract_model_qwen25_vl_3b-03_latest,image_only_kinematics_abstract_model_qwen25_vl_3b,Simulation-only,kinematics,abstract,model_qwen25_vl_3b,True,3,"[json_decode] model output is not valid JSON (error: Expecting ',' delimiter at pos 195): '{\\n  ""reasoning"": ""Observing the bar chart, it appears that the height of the orange bar (Y) is consistently",False,False,
wandb_downloads_image_only/scientific-exploration-increase-image-only-/artifacts/episode-image_only_beers_abbrev_model_qwen25_vl_3b-03_latest,image_only_beers_abbrev_model_qwen25_vl_3b,Simulation-only,beers,abbrev,model_qwen25_vl_3b,False,,,True,False,A = c * l / epsilon
wandb_downloads_image_only/scientific-exploration-increase-image-only-/artifacts/episode-image_only_kinematics_abbrev_model_qwen25_vl_3b-02_latest,image_only_kinematics_abbrev_model_qwen25_vl_3b,Simulation-only,kinematics,abbrev,model_qwen25_vl_3b,False,,,True,False,x = x0 + vt
wandb_downloads_image_only/scientific-exploration-increase-image-only-/artifacts/episode-image_only_mass_abstract_model_qwen25_vl_3b-03_latest,image_only_mass_abstract_model_qwen25_vl_3b,Simulation-only,mass,abstract,model_qwen25_vl_3b,False,,,True,False,Y = const
wandb_downloads_image_only/scientific-exploration-increase-image-only-/artifacts/episode-image_only_kinematics_abbrev_model_qwen25_vl_7b-05_latest,image_only_kinematics_abbrev_model_qwen25_vl_7b,Simulation-only,kinematics,abbrev,model_qwen25_vl_7b,False,,,True,False,x = const
wandb_downloads_image_only/scientific-exploration-increase-image-only-/artifacts/episode-image_only_kinematics_concrete_model_qwen25_vl_3b-04_latest,image_only_kinematics_concrete_model_qwen25_vl_3b,Simulation-only,kinematics,concrete,model_qwen25_vl_3b,False,,,True,False,initial_position + velocity * time^2
wandb_downloads_image_only/scientific-exploration-increase-image-only-/artifacts/episode-image_only_kinematics_abbrev_model_qwen25_vl_3b-06_latest,image_only_kinematics_abbrev_model_qwen25_vl_3b,Simulation-only,kinematics,abbrev,model_qwen25_vl_3b,False,,,True,False,x = x0 / (v * t)
wandb_downloads_image_only/scientific-exploration-increase-image-only-/artifacts/episode-image_only_resistors_abbrev_model_qwen25_vl_3b-02_latest,image_only_resistors_abbrev_model_qwen25_vl_3b,Simulation-only,resistors,abbrev,model_qwen25_vl_3b,False,,,True,False,Rt = R1 + R2
wandb_downloads_image_only/scientific-exploration-increase-image-only-/artifacts/episode-image_only_beers_abstract_model_qwen25_vl_3b-05_latest,image_only_beers_abstract_model_qwen25_vl_3b,Simulation-only,beers,abstract,model_qwen25_vl_3b,False,,,True,False,Y = k * A + k * B
wandb_downloads_image_only/scientific-exploration-increase-image-only-/artifacts/episode-image_only_ohm_abstract_model_qwen25_vl_7b-00_latest,image_only_ohm_abstract_model_qwen25_vl_7b,Simulation-only,ohm,abstract,model_qwen25_vl_7b,False,,,True,False,Y = A + B
wandb_downloads_image_only/scientific-exploration-increase-image-only-/artifacts/episode-image_only_distance_abstract_model_qwen25_vl_7b-08_latest,image_only_distance_abstract_model_qwen25_vl_7b,Simulation-only,distance,abstract,model_qwen25_vl_7b,False,,,True,False,Y = A + C
wandb_downloads_image_only/scientific-exploration-increase-image-only-/artifacts/episode-image_only_beers_concrete_model_qwen25_vl_3b-07_latest,image_only_beers_concrete_model_qwen25_vl_3b,Simulation-only,beers,concrete,model_qwen25_vl_3b,False,,,True,False,absorbance = concentration * molar_absorptivity / path_length
wandb_downloads_image_only/scientific-exploration-increase-image-only-/artifacts/episode-image_only_distance_abbrev_model_qwen25_vl_7b-02_latest,image_only_distance_abbrev_model_qwen25_vl_7b,Simulation-only,distance,abbrev,model_qwen25_vl_7b,False,,,True,False,d = d1 + d2
wandb_downloads_image_only/scientific-exploration-increase-image-only-/artifacts/episode-image_only_mass_concrete_model_qwen25_vl_7b-02_latest,image_only_mass_concrete_model_qwen25_vl_7b,Simulation-only,mass,concrete,model_qwen25_vl_7b,False,,,True,False,mass = volume * density
wandb_downloads_image_only/scientific-exploration-increase-image-only-/artifacts/episode-image_only_mass_abstract_model_qwen25_vl_7b-00_latest,image_only_mass_abstract_model_qwen25_vl_7b,Simulation-only,mass,abstract,model_qwen25_vl_7b,False,,,True,False,Y = A + B
wandb_downloads_image_only/scientific-exploration-increase-image-only-/artifacts/episode-image_only_distance_abbrev_model_qwen25_vl_3b-06_latest,image_only_distance_abbrev_model_qwen25_vl_3b,Simulation-only,distance,abbrev,model_qwen25_vl_3b,False,,,True,False,d = k * d1 + k * d2
wandb_downloads_image_only/scientific-exploration-increase-image-only-/artifacts/episode-image_only_distance_abbrev_model_qwen25_vl_3b-04_latest,image_only_distance_abbrev_model_qwen25_vl_3b,Simulation-only,distance,abbrev,model_qwen25_vl_3b,False,,,True,False,d = constant
wandb_downloads_image_only/scientific-exploration-increase-image-only-/artifacts/episode-image_only_kinematics_abstract_model_qwen25_vl_7b-06_latest,image_only_kinematics_abstract_model_qwen25_vl_7b,Simulation-only,kinematics,abstract,model_qwen25_vl_7b,False,,,True,False,Y = A + B - C
wandb_downloads_image_only/scientific-exploration-increase-image-only-/artifacts/episode-image_only_ohm_abbrev_model_qwen25_vl_7b-05_latest,image_only_ohm_abbrev_model_qwen25_vl_7b,Simulation-only,ohm,abbrev,model_qwen25_vl_7b,False,,,True,False,V = k / I
wandb_downloads_image_only/scientific-exploration-increase-image-only-/artifacts/episode-image_only_beers_abstract_model_qwen25_vl_7b-01_latest,image_only_beers_abstract_model_qwen25_vl_7b,Simulation-only,beers,abstract,model_qwen25_vl_7b,False,,,True,False,Y = A + B + C
wandb_downloads_image_only/scientific-exploration-increase-image-only-/artifacts/episode-image_only_resistors_abbrev_model_qwen25_vl_7b-06_latest,image_only_resistors_abbrev_model_qwen25_vl_7b,Simulation-only,resistors,abbrev,model_qwen25_vl_7b,False,,,True,False,Rt = R1 + R2
wandb_downloads_image_only/scientific-exploration-increase-image-only-/artifacts/episode-image_only_mass_abbrev_model_qwen25_vl_3b-01_latest,image_only_mass_abbrev_model_qwen25_vl_3b,Simulation-only,mass,abbrev,model_qwen25_vl_3b,False,,,True,False,m = rho * V
wandb_downloads_image_only/scientific-exploration-increase-image-only-/artifacts/episode-image_only_distance_abstract_model_qwen25_vl_7b-09_latest,image_only_distance_abstract_model_qwen25_vl_7b,Simulation-only,distance,abstract,model_qwen25_vl_7b,False,,,True,False,Y = A + B + C
wandb_downloads_image_only/scientific-exploration-increase-image-only-/artifacts/episode-image_only_resistors_abstract_model_qwen25_vl_3b-04_latest,image_only_resistors_abstract_model_qwen25_vl_3b,Simulation-only,resistors,abstract,model_qwen25_vl_3b,False,,,True,False,Y = kA + kB
wandb_downloads_image_only/scientific-exploration-increase-image-only-/artifacts/episode-image_only_mass_abstract_model_qwen25_vl_7b-02_latest,image_only_mass_abstract_model_qwen25_vl_7b,Simulation-only,mass,abstract,model_qwen25_vl_7b,False,,,True,False,Y = A + B
wandb_downloads_image_only/scientific-exploration-increase-image-only-/artifacts/episode-image_only_distance_abstract_model_qwen25_vl_3b-09_latest,image_only_distance_abstract_model_qwen25_vl_3b,Simulation-only,distance,abstract,model_qwen25_vl_3b,False,,,True,False,Y = A + B + C
wandb_downloads_image_only/scientific-exploration-increase-image-only-/artifacts/episode-image_only_beers_concrete_model_qwen25_vl_7b-04_latest,image_only_beers_concrete_model_qwen25_vl_7b,Simulation-only,beers,concrete,model_qwen25_vl_7b,False,,,True,False,absorbance = molar_absorptivity * concentration * path_length
wandb_downloads_image_only/scientific-exploration-increase-image-only-/artifacts/episode-image_only_distance_abstract_model_qwen25_vl_7b-02_latest,image_only_distance_abstract_model_qwen25_vl_7b,Simulation-only,distance,abstract,model_qwen25_vl_7b,False,,,True,False,Y = A + B
wandb_downloads_image_only/scientific-exploration-increase-image-only-/artifacts/episode-image_only_ohm_abbrev_model_qwen25_vl_7b-04_latest,image_only_ohm_abbrev_model_qwen25_vl_7b,Simulation-only,ohm,abbrev,model_qwen25_vl_7b,False,,,True,False,V = kI
wandb_downloads_image_only/scientific-exploration-increase-image-only-/artifacts/episode-image_only_beers_concrete_model_qwen25_vl_7b-09_latest,image_only_beers_concrete_model_qwen25_vl_7b,Simulation-only,beers,concrete,model_qwen25_vl_7b,False,,,True,False,Absorbance = k * molar_absorptivity * path_length
wandb_downloads_image_only/scientific-exploration-increase-image-only-/artifacts/episode-image_only_ohm_concrete_model_qwen25_vl_3b-04_latest,image_only_ohm_concrete_model_qwen25_vl_3b,Simulation-only,ohm,concrete,model_qwen25_vl_3b,False,,,True,False,voltage = current * resistance
wandb_downloads_image_only/scientific-exploration-increase-image-only-/artifacts/episode-image_only_beers_abbrev_model_qwen25_vl_3b-01_latest,image_only_beers_abbrev_model_qwen25_vl_3b,Simulation-only,beers,abbrev,model_qwen25_vl_3b,False,,,True,False,A = c + l
wandb_downloads_image_only/scientific-exploration-increase-image-only-/artifacts/episode-image_only_resistors_abbrev_model_qwen25_vl_3b-05_latest,image_only_resistors_abbrev_model_qwen25_vl_3b,Simulation-only,resistors,abbrev,model_qwen25_vl_3b,False,,,True,False,Rt = k * R2
wandb_downloads_image_only/scientific-exploration-increase-image-only-/artifacts/episode-image_only_mass_abbrev_model_qwen25_vl_3b-08_latest,image_only_mass_abbrev_model_qwen25_vl_3b,Simulation-only,mass,abbrev,model_qwen25_vl_3b,False,,,True,False,m = rho * V
wandb_downloads_image_only/scientific-exploration-increase-image-only-/artifacts/episode-image_only_beers_abstract_model_qwen25_vl_3b-07_latest,image_only_beers_abstract_model_qwen25_vl_3b,Simulation-only,beers,abstract,model_qwen25_vl_3b,False,,,True,False,Y = 10A + 2B - 5C
wandb_downloads_image_only/scientific-exploration-increase-image-only-/artifacts/episode-image_only_resistors_abstract_model_qwen25_vl_3b-05_latest,image_only_resistors_abstract_model_qwen25_vl_3b,Simulation-only,resistors,abstract,model_qwen25_vl_3b,False,,,True,False,Y = A + B
wandb_downloads_image_only/scientific-exploration-increase-image-only-/artifacts/episode-image_only_kinematics_abstract_model_qwen25_vl_7b-02_latest,image_only_kinematics_abstract_model_qwen25_vl_7b,Simulation-only,kinematics,abstract,model_qwen25_vl_7b,False,,,True,False,Y = B + A * C
wandb_downloads_image_only/scientific-exploration-increase-image-only-/artifacts/episode-image_only_mass_concrete_model_qwen25_vl_3b-03_latest,image_only_mass_concrete_model_qwen25_vl_3b,Simulation-only,mass,concrete,model_qwen25_vl_3b,False,,,True,False,mass = density * volume
wandb_downloads_image_only/scientific-exploration-increase-image-only-/artifacts/episode-image_only_resistors_concrete_model_qwen25_vl_3b-04_latest,image_only_resistors_concrete_model_qwen25_vl_3b,Simulation-only,resistors,concrete,model_qwen25_vl_3b,False,,,True,False,total_resistance = resistance_1 + resistance_2
wandb_downloads_image_only/scientific-exploration-increase-image-only-/artifacts/episode-image_only_beers_abstract_model_qwen25_vl_3b-09_latest,image_only_beers_abstract_model_qwen25_vl_3b,Simulation-only,beers,abstract,model_qwen25_vl_3b,False,,,True,False,Y = A + B
wandb_downloads_image_only/scientific-exploration-increase-image-only-/artifacts/episode-image_only_distance_abstract_model_qwen25_vl_7b-00_latest,image_only_distance_abstract_model_qwen25_vl_7b,Simulation-only,distance,abstract,model_qwen25_vl_7b,False,,,True,False,Y = 2A + B
wandb_downloads_image_only/scientific-exploration-increase-image-only-/artifacts/episode-image_only_resistors_abbrev_model_qwen25_vl_7b-09_latest,image_only_resistors_abbrev_model_qwen25_vl_7b,Simulation-only,resistors,abbrev,model_qwen25_vl_7b,False,,,True,False,Rt = R1
wandb_downloads_image_only/scientific-exploration-increase-image-only-/artifacts/episode-image_only_ohm_abbrev_model_qwen25_vl_7b-01_latest,image_only_ohm_abbrev_model_qwen25_vl_7b,Simulation-only,ohm,abbrev,model_qwen25_vl_7b,False,,,True,False,V ∝ I
wandb_downloads_image_only/scientific-exploration-increase-image-only-/artifacts/episode-image_only_ohm_abstract_model_qwen25_vl_7b-08_latest,image_only_ohm_abstract_model_qwen25_vl_7b,Simulation-only,ohm,abstract,model_qwen25_vl_7b,False,,,True,False,Y = 1
wandb_downloads_image_only/scientific-exploration-increase-image-only-/artifacts/episode-image_only_mass_abbrev_model_qwen25_vl_7b-05_latest,image_only_mass_abbrev_model_qwen25_vl_7b,Simulation-only,mass,abbrev,model_qwen25_vl_7b,False,,,True,False,m = k * V
wandb_downloads_image_only/scientific-exploration-increase-image-only-/artifacts/episode-image_only_beers_abbrev_model_qwen25_vl_7b-08_latest,image_only_beers_abbrev_model_qwen25_vl_7b,Simulation-only,beers,abbrev,model_qwen25_vl_7b,False,,,True,False,A = constant
wandb_downloads_image_only/scientific-exploration-increase-image-only-/artifacts/episode-image_only_beers_abbrev_model_qwen25_vl_3b-06_latest,image_only_beers_abbrev_model_qwen25_vl_3b,Simulation-only,beers,abbrev,model_qwen25_vl_3b,False,,,True,False,A = c
wandb_downloads_image_only/scientific-exploration-increase-image-only-/artifacts/episode-image_only_beers_concrete_model_qwen25_vl_7b-07_latest,image_only_beers_concrete_model_qwen25_vl_7b,Simulation-only,beers,concrete,model_qwen25_vl_7b,False,,,True,False,absorbance = molar_absorptivity * concentration * path_length
wandb_downloads_image_only/scientific-exploration-increase-image-only-/artifacts/episode-image_only_distance_concrete_model_qwen25_vl_7b-01_latest,image_only_distance_concrete_model_qwen25_vl_7b,Simulation-only,distance,concrete,model_qwen25_vl_7b,False,,,True,False,total_distance = distance_1 + distance_2 + distance_3
wandb_downloads_image_only/scientific-exploration-increase-image-only-/artifacts/episode-image_only_kinematics_concrete_model_qwen25_vl_7b-01_latest,image_only_kinematics_concrete_model_qwen25_vl_7b,Simulation-only,kinematics,concrete,model_qwen25_vl_7b,False,,,True,False,position = initial_position + velocity * time
wandb_downloads_image_only/scientific-exploration-increase-image-only-/artifacts/episode-image_only_resistors_abstract_model_qwen25_vl_3b-09_latest,image_only_resistors_abstract_model_qwen25_vl_3b,Simulation-only,resistors,abstract,model_qwen25_vl_3b,False,,,True,False,Y = A
wandb_downloads_image_only/scientific-exploration-increase-image-only-/artifacts/episode-image_only_distance_abstract_model_qwen25_vl_3b-06_latest,image_only_distance_abstract_model_qwen25_vl_3b,Simulation-only,distance,abstract,model_qwen25_vl_3b,False,,,True,False,Y = A + B
wandb_downloads_image_only/scientific-exploration-increase-image-only-/artifacts/episode-image_only_ohm_abstract_model_qwen25_vl_3b-05_latest,image_only_ohm_abstract_model_qwen25_vl_3b,Simulation-only,ohm,abstract,model_qwen25_vl_3b,False,,,True,False,Y = A + B
wandb_downloads_image_only/scientific-exploration-increase-image-only-/artifacts/episode-image_only_ohm_abbrev_model_qwen25_vl_3b-02_latest,image_only_ohm_abbrev_model_qwen25_vl_3b,Simulation-only,ohm,abbrev,model_qwen25_vl_3b,False,,,True,False,V = aI + bR
wandb_downloads_image_only/scientific-exploration-increase-image-only-/artifacts/episode-image_only_resistors_abbrev_model_qwen25_vl_7b-03_latest,image_only_resistors_abbrev_model_qwen25_vl_7b,Simulation-only,resistors,abbrev,model_qwen25_vl_7b,False,,,True,False,Rt = R1 * k
wandb_downloads_image_only/scientific-exploration-increase-image-only-/artifacts/episode-image_only_beers_abstract_model_qwen25_vl_7b-02_latest,image_only_beers_abstract_model_qwen25_vl_7b,Simulation-only,beers,abstract,model_qwen25_vl_7b,False,,,True,False,Y = constant
wandb_downloads_image_only/scientific-exploration-increase-image-only-/artifacts/episode-image_only_beers_abbrev_model_qwen25_vl_3b-04_latest,image_only_beers_abbrev_model_qwen25_vl_3b,Simulation-only,beers,abbrev,model_qwen25_vl_3b,True,2,finish step must provide either final_equation (formula_discovery) or finish_reason (student_simulation),False,False,
wandb_downloads_image_only/scientific-exploration-increase-image-only-/artifacts/episode-image_only_mass_abstract_model_qwen25_vl_3b-05_latest,image_only_mass_abstract_model_qwen25_vl_3b,Simulation-only,mass,abstract,model_qwen25_vl_3b,False,,,True,False,Y > A + B
wandb_downloads_image_only/scientific-exploration-increase-image-only-/artifacts/episode-image_only_ohm_abstract_model_qwen25_vl_3b-08_latest,image_only_ohm_abstract_model_qwen25_vl_3b,Simulation-only,ohm,abstract,model_qwen25_vl_3b,False,,,True,False,Y = A + B
wandb_downloads_image_only/scientific-exploration-increase-image-only-/artifacts/episode-image_only_distance_concrete_model_qwen25_vl_3b-04_latest,image_only_distance_concrete_model_qwen25_vl_3b,Simulation-only,distance,concrete,model_qwen25_vl_3b,False,,,True,False,distance_1 + distance_2
wandb_downloads_image_only/scientific-exploration-increase-image-only-/artifacts/episode-image_only_kinematics_concrete_model_qwen25_vl_3b-07_latest,image_only_kinematics_concrete_model_qwen25_vl_3b,Simulation-only,kinematics,concrete,model_qwen25_vl_3b,False,,,True,False,initial_position + velocity * time
wandb_downloads_image_only/scientific-exploration-increase-image-only-/artifacts/episode-image_only_ohm_abstract_model_qwen25_vl_3b-06_latest,image_only_ohm_abstract_model_qwen25_vl_3b,Simulation-only,ohm,abstract,model_qwen25_vl_3b,False,,,True,False,Y = A * B
wandb_downloads_image_only/scientific-exploration-increase-image-only-/artifacts/episode-image_only_ohm_abbrev_model_qwen25_vl_7b-06_latest,image_only_ohm_abbrev_model_qwen25_vl_7b,Simulation-only,ohm,abbrev,model_qwen25_vl_7b,False,,,True,False,V = I + R
wandb_downloads_image_only/scientific-exploration-increase-image-only-/artifacts/episode-image_only_beers_abbrev_model_qwen25_vl_7b-07_latest,image_only_beers_abbrev_model_qwen25_vl_7b,Simulation-only,beers,abbrev,model_qwen25_vl_7b,False,,,True,False,A = l * c + epsilon
wandb_downloads_image_only/scientific-exploration-increase-image-only-/artifacts/episode-image_only_ohm_abstract_model_qwen25_vl_3b-01_latest,image_only_ohm_abstract_model_qwen25_vl_3b,Simulation-only,ohm,abstract,model_qwen25_vl_3b,False,,,True,False,Y = A
wandb_downloads_image_only/scientific-exploration-increase-image-only-/artifacts/episode-image_only_mass_abbrev_model_qwen25_vl_7b-04_latest,image_only_mass_abbrev_model_qwen25_vl_7b,Simulation-only,mass,abbrev,model_qwen25_vl_7b,False,,,True,False,m = constant
wandb_downloads_image_only/scientific-exploration-increase-image-only-/artifacts/episode-image_only_kinematics_concrete_model_qwen25_vl_7b-06_latest,image_only_kinematics_concrete_model_qwen25_vl_7b,Simulation-only,kinematics,concrete,model_qwen25_vl_7b,False,,,True,False,position = initial_position + velocity * time
wandb_downloads_image_only/scientific-exploration-increase-image-only-/artifacts/episode-image_only_mass_abbrev_model_qwen25_vl_7b-01_latest,image_only_mass_abbrev_model_qwen25_vl_7b,Simulation-only,mass,abbrev,model_qwen25_vl_7b,False,,,True,False,m = k * V / rho^2
wandb_downloads_image_only/scientific-exploration-increase-image-only-/artifacts/episode-image_only_distance_abstract_model_qwen25_vl_3b-08_latest,image_only_distance_abstract_model_qwen25_vl_3b,Simulation-only,distance,abstract,model_qwen25_vl_3b,False,,,True,False,C = A + B
wandb_downloads_image_only/scientific-exploration-increase-image-only-/artifacts/episode-image_only_beers_abbrev_model_qwen25_vl_7b-01_latest,image_only_beers_abbrev_model_qwen25_vl_7b,Simulation-only,beers,abbrev,model_qwen25_vl_7b,False,,,True,False,A = c * l
wandb_downloads_image_only/scientific-exploration-increase-image-only-/artifacts/episode-image_only_beers_concrete_model_qwen25_vl_3b-05_latest,image_only_beers_concrete_model_qwen25_vl_3b,Simulation-only,beers,concrete,model_qwen25_vl_3b,False,,,True,False,absorbance = molar_absorptivity * concentration
wandb_downloads_image_only/scientific-exploration-increase-image-only-/artifacts/episode-image_only_kinematics_abstract_model_qwen25_vl_3b-04_latest,image_only_kinematics_abstract_model_qwen25_vl_3b,Simulation-only,kinematics,abstract,model_qwen25_vl_3b,False,,,True,False,Y = A + B - C
wandb_downloads_image_only/scientific-exploration-increase-image-only-/artifacts/episode-image_only_kinematics_abstract_model_qwen25_vl_7b-03_latest,image_only_kinematics_abstract_model_qwen25_vl_7b,Simulation-only,kinematics,abstract,model_qwen25_vl_7b,False,,,True,False,Y = A + B + C
wandb_downloads_image_only/scientific-exploration-increase-image-only-/artifacts/episode-image_only_mass_concrete_model_qwen25_vl_7b-00_latest,image_only_mass_concrete_model_qwen25_vl_7b,Simulation-only,mass,concrete,model_qwen25_vl_7b,False,,,True,False,mass = density * volume
wandb_downloads_image_only/scientific-exploration-increase-image-only-/artifacts/episode-image_only_distance_abbrev_model_qwen25_vl_7b-03_latest,image_only_distance_abbrev_model_qwen25_vl_7b,Simulation-only,distance,abbrev,model_qwen25_vl_7b,False,,,True,False,d = k * d3
wandb_downloads_image_only/scientific-exploration-increase-image-only-/artifacts/episode-image_only_mass_abstract_model_qwen25_vl_3b-02_latest,image_only_mass_abstract_model_qwen25_vl_3b,Simulation-only,mass,abstract,model_qwen25_vl_3b,False,,,True,False,Y = constant
wandb_downloads_image_only/scientific-exploration-increase-image-only-/artifacts/episode-image_only_kinematics_abbrev_model_qwen25_vl_7b-01_latest,image_only_kinematics_abbrev_model_qwen25_vl_7b,Simulation-only,kinematics,abbrev,model_qwen25_vl_7b,False,,,True,False,x = v * t
wandb_downloads_image_only/scientific-exploration-increase-image-only-/artifacts/episode-image_only_ohm_abstract_model_qwen25_vl_3b-02_latest,image_only_ohm_abstract_model_qwen25_vl_3b,Simulation-only,ohm,abstract,model_qwen25_vl_3b,False,,,True,False,Y = A + B
wandb_downloads_image_only/scientific-exploration-increase-image-only-/artifacts/episode-image_only_beers_abbrev_model_qwen25_vl_3b-08_latest,image_only_beers_abbrev_model_qwen25_vl_3b,Simulation-only,beers,abbrev,model_qwen25_vl_3b,False,,,True,False,A = c
wandb_downloads_image_only/scientific-exploration-increase-image-only-/artifacts/episode-image_only_distance_concrete_model_qwen25_vl_3b-00_latest,image_only_distance_concrete_model_qwen25_vl_3b,Simulation-only,distance,concrete,model_qwen25_vl_3b,False,,,True,False,total_distance = distance_1 + distance_2
wandb_downloads_image_only/scientific-exploration-increase-image-only-/artifacts/episode-image_only_kinematics_abbrev_model_qwen25_vl_7b-00_latest,image_only_kinematics_abbrev_model_qwen25_vl_7b,Simulation-only,kinematics,abbrev,model_qwen25_vl_7b,True,0,"[json_decode] model output is not valid JSON (error: Invalid \escape at pos 64): '{\\n  ""reasoning"": ""The orange bar represents the target variable \\( x \\), while the blue bars represent input varia",False,False,
wandb_downloads_image_only/scientific-exploration-increase-image-only-/artifacts/episode-image_only_beers_abstract_model_qwen25_vl_3b-03_latest,image_only_beers_abstract_model_qwen25_vl_3b,Simulation-only,beers,abstract,model_qwen25_vl_3b,False,,,True,False,Y = constant
wandb_downloads_image_only/scientific-exploration-increase-image-only-/artifacts/episode-image_only_mass_abstract_model_qwen25_vl_7b-04_latest,image_only_mass_abstract_model_qwen25_vl_7b,Simulation-only,mass,abstract,model_qwen25_vl_7b,False,,,True,False,Y = A + B
wandb_downloads_image_only/scientific-exploration-increase-image-only-/artifacts/episode-image_only_kinematics_abstract_model_qwen25_vl_3b-01_latest,image_only_kinematics_abstract_model_qwen25_vl_3b,Simulation-only,kinematics,abstract,model_qwen25_vl_3b,False,,,True,False,Y = 2A + 3B
wandb_downloads_image_only/scientific-exploration-increase-image-only-/artifacts/episode-image_only_distance_abbrev_model_qwen25_vl_7b-04_latest,image_only_distance_abbrev_model_qwen25_vl_7b,Simulation-only,distance,abbrev,model_qwen25_vl_7b,False,,,True,False,d = 1
wandb_downloads_image_only/scientific-exploration-increase-image-only-/artifacts/episode-image_only_ohm_concrete_model_qwen25_vl_3b-05_latest,image_only_ohm_concrete_model_qwen25_vl_3b,Simulation-only,ohm,concrete,model_qwen25_vl_3b,False,,,True,False,voltage = constant / resistance
wandb_downloads_image_only/scientific-exploration-increase-image-only-/artifacts/episode-image_only_resistors_concrete_model_qwen25_vl_7b-04_latest,image_only_resistors_concrete_model_qwen25_vl_7b,Simulation-only,resistors,concrete,model_qwen25_vl_7b,False,,,True,False,total_resistance = resistance_1 * resistance_2
wandb_downloads_image_only/scientific-exploration-increase-image-only-/artifacts/episode-image_only_distance_abstract_model_qwen25_vl_7b-05_latest,image_only_distance_abstract_model_qwen25_vl_7b,Simulation-only,distance,abstract,model_qwen25_vl_7b,False,,,True,False,Y = A + B
wandb_downloads_image_only/scientific-exploration-increase-image-only-/artifacts/episode-image_only_mass_abstract_model_qwen25_vl_7b-03_latest,image_only_mass_abstract_model_qwen25_vl_7b,Simulation-only,mass,abstract,model_qwen25_vl_7b,False,,,True,False,Y = A + B
wandb_downloads_image_only/scientific-exploration-increase-image-only-/artifacts/episode-image_only_beers_abbrev_model_qwen25_vl_7b-00_latest,image_only_beers_abbrev_model_qwen25_vl_7b,Simulation-only,beers,abbrev,model_qwen25_vl_7b,False,,,True,False,A = c + l
wandb_downloads_image_only/scientific-exploration-increase-image-only-/artifacts/episode-image_only_ohm_abbrev_model_qwen25_vl_7b-09_latest,image_only_ohm_abbrev_model_qwen25_vl_7b,Simulation-only,ohm,abbrev,model_qwen25_vl_7b,False,,,True,False,V = 2 * (I + R)
wandb_downloads_image_only/scientific-exploration-increase-image-only-/artifacts/episode-image_only_ohm_concrete_model_qwen25_vl_7b-00_latest,image_only_ohm_concrete_model_qwen25_vl_7b,Simulation-only,ohm,concrete,model_qwen25_vl_7b,False,,,True,False,voltage = k * current
wandb_downloads_image_only/scientific-exploration-increase-image-only-/artifacts/episode-image_only_ohm_abbrev_model_qwen25_vl_3b-04_latest,image_only_ohm_abbrev_model_qwen25_vl_3b,Simulation-only,ohm,abbrev,model_qwen25_vl_3b,False,,,True,False,V = I + R
wandb_downloads_image_only/scientific-exploration-increase-image-only-/artifacts/episode-image_only_ohm_abbrev_model_qwen25_vl_3b-00_latest,image_only_ohm_abbrev_model_qwen25_vl_3b,Simulation-only,ohm,abbrev,model_qwen25_vl_3b,False,,,True,False,V = constant
wandb_downloads_image_only/scientific-exploration-increase-image-only-/artifacts/episode-image_only_kinematics_abstract_model_qwen25_vl_7b-01_latest,image_only_kinematics_abstract_model_qwen25_vl_7b,Simulation-only,kinematics,abstract,model_qwen25_vl_7b,False,,,True,False,Y = A + B + C
wandb_downloads_image_only/scientific-exploration-increase-image-only-/artifacts/episode-image_only_kinematics_abbrev_model_qwen25_vl_3b-04_latest,image_only_kinematics_abbrev_model_qwen25_vl_3b,Simulation-only,kinematics,abbrev,model_qwen25_vl_3b,False,,,True,False,x = t
wandb_downloads_image_only/scientific-exploration-increase-image-only-/artifacts/episode-image_only_ohm_abbrev_model_qwen25_vl_3b-08_latest,image_only_ohm_abbrev_model_qwen25_vl_3b,Simulation-only,ohm,abbrev,model_qwen25_vl_3b,False,,,True,False,V = I + R
wandb_downloads_image_only/scientific-exploration-increase-image-only-/artifacts/episode-image_only_ohm_concrete_model_qwen25_vl_7b-09_latest,image_only_ohm_concrete_model_qwen25_vl_7b,Simulation-only,ohm,concrete,model_qwen25_vl_7b,False,,,True,False,voltage = current * resistance
wandb_downloads_image_only/scientific-exploration-increase-image-only-/artifacts/episode-image_only_beers_concrete_model_qwen25_vl_7b-00_latest,image_only_beers_concrete_model_qwen25_vl_7b,Simulation-only,beers,concrete,model_qwen25_vl_7b,False,,,True,False,molar_absorptivity * concentration * path_length
wandb_downloads_image_only/scientific-exploration-increase-image-only-/artifacts/episode-image_only_distance_concrete_model_qwen25_vl_7b-08_latest,image_only_distance_concrete_model_qwen25_vl_7b,Simulation-only,distance,concrete,model_qwen25_vl_7b,False,,,True,False,total_distance = distance_1 + distance_2 + distance_3
wandb_downloads_image_only/scientific-exploration-increase-image-only-/artifacts/episode-image_only_resistors_concrete_model_qwen25_vl_7b-03_latest,image_only_resistors_concrete_model_qwen25_vl_7b,Simulation-only,resistors,concrete,model_qwen25_vl_7b,False,,,True,False,total_resistance = resistance_1 + resistance_2
wandb_downloads_image_only/scientific-exploration-increase-image-only-/artifacts/episode-image_only_mass_concrete_model_qwen25_vl_3b-06_latest,image_only_mass_concrete_model_qwen25_vl_3b,Simulation-only,mass,concrete,model_qwen25_vl_3b,False,,,True,False,mass = density * volume
wandb_downloads_image_only/scientific-exploration-increase-image-only-/artifacts/episode-image_only_beers_abstract_model_qwen25_vl_7b-05_latest,image_only_beers_abstract_model_qwen25_vl_7b,Simulation-only,beers,abstract,model_qwen25_vl_7b,False,,,True,False,Y = A + B
wandb_downloads_image_only/scientific-exploration-increase-image-only-/artifacts/episode-image_only_distance_concrete_model_qwen25_vl_3b-01_latest,image_only_distance_concrete_model_qwen25_vl_3b,Simulation-only,distance,concrete,model_qwen25_vl_3b,False,,,True,False,total_distance = distance_1 + distance_2
wandb_downloads_image_only/scientific-exploration-increase-image-only-/artifacts/episode-image_only_distance_concrete_model_qwen25_vl_7b-04_latest,image_only_distance_concrete_model_qwen25_vl_7b,Simulation-only,distance,concrete,model_qwen25_vl_7b,False,,,True,False,total_distance = distance_1 + distance_2 + distance_3
wandb_downloads_image_only/scientific-exploration-increase-image-only-/artifacts/episode-image_only_resistors_abbrev_model_qwen25_vl_7b-08_latest,image_only_resistors_abbrev_model_qwen25_vl_7b,Simulation-only,resistors,abbrev,model_qwen25_vl_7b,False,,,True,False,Rt = R1 + R2
wandb_downloads_image_only/scientific-exploration-increase-image-only-/artifacts/episode-image_only_beers_abstract_model_qwen25_vl_7b-03_latest,image_only_beers_abstract_model_qwen25_vl_7b,Simulation-only,beers,abstract,model_qwen25_vl_7b,False,,,True,False,Y = -C + B
wandb_downloads_image_only/scientific-exploration-increase-image-only-/artifacts/episode-image_only_beers_concrete_model_qwen25_vl_3b-08_latest,image_only_beers_concrete_model_qwen25_vl_3b,Simulation-only,beers,concrete,model_qwen25_vl_3b,False,,,True,False,absorbance = molar_absorptivity * concentration * path_length
wandb_downloads_image_only/scientific-exploration-increase-image-only-/artifacts/episode-image_only_beers_abstract_model_qwen25_vl_3b-04_latest,image_only_beers_abstract_model_qwen25_vl_3b,Simulation-only,beers,abstract,model_qwen25_vl_3b,False,,,True,False,Y = C
wandb_downloads_image_only/scientific-exploration-increase-image-only-/artifacts/episode-image_only_beers_abstract_model_qwen25_vl_3b-08_latest,image_only_beers_abstract_model_qwen25_vl_3b,Simulation-only,beers,abstract,model_qwen25_vl_3b,False,,,True,False,Y = C
wandb_downloads_image_only/scientific-exploration-increase-image-only-/artifacts/episode-image_only_mass_concrete_model_qwen25_vl_7b-04_latest,image_only_mass_concrete_model_qwen25_vl_7b,Simulation-only,mass,concrete,model_qwen25_vl_7b,False,,,True,False,mass = density * volume
wandb_downloads_image_only/scientific-exploration-increase-image-only-/artifacts/episode-image_only_distance_abstract_model_qwen25_vl_7b-06_latest,image_only_distance_abstract_model_qwen25_vl_7b,Simulation-only,distance,abstract,model_qwen25_vl_7b,False,,,True,False,Y = B * C + A * B * C
wandb_downloads_image_only/scientific-exploration-increase-image-only-/artifacts/episode-image_only_mass_concrete_model_qwen25_vl_3b-01_latest,image_only_mass_concrete_model_qwen25_vl_3b,Simulation-only,mass,concrete,model_qwen25_vl_3b,False,,,True,False,mass = density × volume
wandb_downloads_image_only/scientific-exploration-increase-image-only-/artifacts/episode-image_only_kinematics_concrete_model_qwen25_vl_3b-09_latest,image_only_kinematics_concrete_model_qwen25_vl_3b,Simulation-only,kinematics,concrete,model_qwen25_vl_3b,False,,,True,False,initial_position + velocity * time
wandb_downloads_image_only/scientific-exploration-increase-image-only-/artifacts/episode-image_only_resistors_abstract_model_qwen25_vl_7b-05_latest,image_only_resistors_abstract_model_qwen25_vl_7b,Simulation-only,resistors,abstract,model_qwen25_vl_7b,False,,,True,False,Y = A * B
wandb_downloads_image_only/scientific-exploration-increase-image-only-/artifacts/episode-image_only_beers_concrete_model_qwen25_vl_3b-09_latest,image_only_beers_concrete_model_qwen25_vl_3b,Simulation-only,beers,concrete,model_qwen25_vl_3b,False,,,True,False,absorbance = molar_absorptivity * concentration * path_length
wandb_downloads_image_only/scientific-exploration-increase-image-only-/artifacts/episode-image_only_resistors_concrete_model_qwen25_vl_3b-00_latest,image_only_resistors_concrete_model_qwen25_vl_3b,Simulation-only,resistors,concrete,model_qwen25_vl_3b,False,,,True,False,total_resistance = resistance_1 + resistance_2
wandb_downloads_image_only/scientific-exploration-increase-image-only-/artifacts/episode-image_only_ohm_abstract_model_qwen25_vl_7b-09_latest,image_only_ohm_abstract_model_qwen25_vl_7b,Simulation-only,ohm,abstract,model_qwen25_vl_7b,False,,,True,False,Y = constant
wandb_downloads_image_only/scientific-exploration-increase-image-only-/artifacts/episode-image_only_ohm_concrete_model_qwen25_vl_3b-02_latest,image_only_ohm_concrete_model_qwen25_vl_3b,Simulation-only,ohm,concrete,model_qwen25_vl_3b,False,,,True,False,voltage = current * resistance
wandb_downloads_image_only/scientific-exploration-increase-image-only-/artifacts/episode-image_only_resistors_concrete_model_qwen25_vl_3b-09_latest,image_only_resistors_concrete_model_qwen25_vl_3b,Simulation-only,resistors,concrete,model_qwen25_vl_3b,False,,,True,False,total_resistance = resistance_1 + resistance_2
wandb_downloads_image_only/scientific-exploration-increase-image-only-/artifacts/episode-image_only_kinematics_abbrev_model_qwen25_vl_3b-01_latest,image_only_kinematics_abbrev_model_qwen25_vl_3b,Simulation-only,kinematics,abbrev,model_qwen25_vl_3b,False,,,True,False,x = x0 + v * t
wandb_downloads_image_only/scientific-exploration-increase-image-only-/artifacts/episode-image_only_kinematics_concrete_model_qwen25_vl_7b-05_latest,image_only_kinematics_concrete_model_qwen25_vl_7b,Simulation-only,kinematics,concrete,model_qwen25_vl_7b,False,,,True,False,position = initial_position + velocity * time
wandb_downloads_image_only/scientific-exploration-increase-image-only-/artifacts/episode-image_only_distance_abstract_model_qwen25_vl_3b-01_latest,image_only_distance_abstract_model_qwen25_vl_3b,Simulation-only,distance,abstract,model_qwen25_vl_3b,False,,,True,False,Y = A + B
wandb_downloads_image_only/scientific-exploration-increase-image-only-/artifacts/episode-image_only_ohm_concrete_model_qwen25_vl_7b-04_latest,image_only_ohm_concrete_model_qwen25_vl_7b,Simulation-only,ohm,concrete,model_qwen25_vl_7b,False,,,True,False,voltage = k * current
wandb_downloads_image_only/scientific-exploration-increase-image-only-/artifacts/episode-image_only_ohm_abstract_model_qwen25_vl_3b-00_latest,image_only_ohm_abstract_model_qwen25_vl_3b,Simulation-only,ohm,abstract,model_qwen25_vl_3b,False,,,True,False,Y = 100 * A + B
wandb_downloads_image_only/scientific-exploration-increase-image-only-/artifacts/episode-image_only_kinematics_concrete_model_qwen25_vl_7b-04_latest,image_only_kinematics_concrete_model_qwen25_vl_7b,Simulation-only,kinematics,concrete,model_qwen25_vl_7b,False,,,True,False,position = initial_position + velocity * time
wandb_downloads_image_only/scientific-exploration-increase-image-only-/artifacts/episode-image_only_ohm_abstract_model_qwen25_vl_3b-07_latest,image_only_ohm_abstract_model_qwen25_vl_3b,Simulation-only,ohm,abstract,model_qwen25_vl_3b,False,,,True,False,Y = B
wandb_downloads_image_only/scientific-exploration-increase-image-only-/artifacts/episode-image_only_distance_abbrev_model_qwen25_vl_7b-08_latest,image_only_distance_abbrev_model_qwen25_vl_7b,Simulation-only,distance,abbrev,model_qwen25_vl_7b,False,,,True,False,d = d2 + d3
wandb_downloads_image_only/scientific-exploration-increase-image-only-/artifacts/episode-image_only_distance_concrete_model_qwen25_vl_3b-08_latest,image_only_distance_concrete_model_qwen25_vl_3b,Simulation-only,distance,concrete,model_qwen25_vl_3b,False,,,True,False,total_distance = distance_1 + distance_2 + distance_3
wandb_downloads_image_only/scientific-exploration-increase-image-only-/artifacts/episode-image_only_distance_abbrev_model_qwen25_vl_3b-01_latest,image_only_distance_abbrev_model_qwen25_vl_3b,Simulation-only,distance,abbrev,model_qwen25_vl_3b,False,,,True,False,d = d1 + d2
wandb_downloads_image_only/scientific-exploration-increase-image-only-/artifacts/episode-image_only_distance_abstract_model_qwen25_vl_7b-07_latest,image_only_distance_abstract_model_qwen25_vl_7b,Simulation-only,distance,abstract,model_qwen25_vl_7b,False,,,True,False,Y = A + B + C
wandb_downloads_image_only/scientific-exploration-increase-image-only-/artifacts/episode-image_only_distance_concrete_model_qwen25_vl_7b-09_latest,image_only_distance_concrete_model_qwen25_vl_7b,Simulation-only,distance,concrete,model_qwen25_vl_7b,False,,,True,False,total_distance = distance_1 + distance_2 + distance_3
wandb_downloads_image_only/scientific-exploration-increase-image-only-/artifacts/episode-image_only_distance_abbrev_model_qwen25_vl_3b-05_latest,image_only_distance_abbrev_model_qwen25_vl_3b,Simulation-only,distance,abbrev,model_qwen25_vl_3b,False,,,True,False,d = d2 - d1
wandb_downloads_image_only/scientific-exploration-increase-image-only-/artifacts/episode-image_only_resistors_abstract_model_qwen25_vl_7b-09_latest,image_only_resistors_abstract_model_qwen25_vl_7b,Simulation-only,resistors,abstract,model_qwen25_vl_7b,False,,,True,False,Y = A
wandb_downloads_image_only/scientific-exploration-increase-image-only-/artifacts/episode-image_only_distance_concrete_model_qwen25_vl_7b-03_latest,image_only_distance_concrete_model_qwen25_vl_7b,Simulation-only,distance,concrete,model_qwen25_vl_7b,False,,,True,False,total_distance = distance_1 + distance_2 + distance_3
wandb_downloads_image_only/scientific-exploration-increase-image-only-/artifacts/episode-image_only_mass_abstract_model_qwen25_vl_7b-05_latest,image_only_mass_abstract_model_qwen25_vl_7b,Simulation-only,mass,abstract,model_qwen25_vl_7b,False,,,True,False,Y = A + B
wandb_downloads_image_only/scientific-exploration-increase-image-only-/artifacts/episode-image_only_distance_abbrev_model_qwen25_vl_3b-07_latest,image_only_distance_abbrev_model_qwen25_vl_3b,Simulation-only,distance,abbrev,model_qwen25_vl_3b,False,,,True,False,d = d1 + d2 - d3
wandb_downloads_image_only/scientific-exploration-increase-image-only-/artifacts/episode-image_only_mass_concrete_model_qwen25_vl_3b-07_latest,image_only_mass_concrete_model_qwen25_vl_3b,Simulation-only,mass,concrete,model_qwen25_vl_3b,False,,,True,False,mass = volume * density
wandb_downloads_image_only/scientific-exploration-increase-image-only-/artifacts/episode-image_only_kinematics_concrete_model_qwen25_vl_7b-00_latest,image_only_kinematics_concrete_model_qwen25_vl_7b,Simulation-only,kinematics,concrete,model_qwen25_vl_7b,False,,,True,False,position = velocity * time
wandb_downloads_image_only/scientific-exploration-increase-image-only-/artifacts/episode-image_only_mass_concrete_model_qwen25_vl_7b-06_latest,image_only_mass_concrete_model_qwen25_vl_7b,Simulation-only,mass,concrete,model_qwen25_vl_7b,False,,,True,False,mass = density * volume
wandb_downloads_image_only/scientific-exploration-increase-image-only-/artifacts/episode-image_only_resistors_concrete_model_qwen25_vl_7b-05_latest,image_only_resistors_concrete_model_qwen25_vl_7b,Simulation-only,resistors,concrete,model_qwen25_vl_7b,False,,,True,False,total_resistance = resistance_1 + resistance_2
wandb_downloads_image_only/scientific-exploration-increase-image-only-/artifacts/episode-image_only_ohm_concrete_model_qwen25_vl_7b-06_latest,image_only_ohm_concrete_model_qwen25_vl_7b,Simulation-only,ohm,concrete,model_qwen25_vl_7b,False,,,True,False,voltage = current * resistance
wandb_downloads_image_only/scientific-exploration-increase-image-only-/artifacts/episode-image_only_resistors_abbrev_model_qwen25_vl_3b-08_latest,image_only_resistors_abbrev_model_qwen25_vl_3b,Simulation-only,resistors,abbrev,model_qwen25_vl_3b,False,,,True,False,Rt = R1 + R2
wandb_downloads_image_only/scientific-exploration-increase-image-only-/artifacts/episode-image_only_ohm_abbrev_model_qwen25_vl_3b-07_latest,image_only_ohm_abbrev_model_qwen25_vl_3b,Simulation-only,ohm,abbrev,model_qwen25_vl_3b,False,,,True,False,V = I + R
wandb_downloads_image_only/scientific-exploration-increase-image-only-/artifacts/episode-image_only_mass_abstract_model_qwen25_vl_7b-01_latest,image_only_mass_abstract_model_qwen25_vl_7b,Simulation-only,mass,abstract,model_qwen25_vl_7b,False,,,True,False,Y = constant
wandb_downloads_image_only/scientific-exploration-increase-image-only-/artifacts/episode-image_only_beers_abstract_model_qwen25_vl_7b-09_latest,image_only_beers_abstract_model_qwen25_vl_7b,Simulation-only,beers,abstract,model_qwen25_vl_7b,False,,,True,False,Y = 1
wandb_downloads_image_only/scientific-exploration-increase-image-only-/artifacts/episode-image_only_distance_abstract_model_qwen25_vl_3b-07_latest,image_only_distance_abstract_model_qwen25_vl_3b,Simulation-only,distance,abstract,model_qwen25_vl_3b,False,,,True,False,Y = 3B
wandb_downloads_image_only/scientific-exploration-increase-image-only-/artifacts/episode-image_only_ohm_abstract_model_qwen25_vl_7b-04_latest,image_only_ohm_abstract_model_qwen25_vl_7b,Simulation-only,ohm,abstract,model_qwen25_vl_7b,False,,,True,False,Y = B
wandb_downloads_image_only/scientific-exploration-increase-image-only-/artifacts/episode-image_only_kinematics_abbrev_model_qwen25_vl_3b-00_latest,image_only_kinematics_abbrev_model_qwen25_vl_3b,Simulation-only,kinematics,abbrev,model_qwen25_vl_3b,False,,,True,False,x = kt
wandb_downloads_image_only/scientific-exploration-increase-image-only-/artifacts/episode-image_only_beers_abbrev_model_qwen25_vl_3b-02_latest,image_only_beers_abbrev_model_qwen25_vl_3b,Simulation-only,beers,abbrev,model_qwen25_vl_3b,False,,,True,False,A = c * l * epsilon
wandb_downloads_image_only/scientific-exploration-increase-image-only-/artifacts/episode-image_only_kinematics_concrete_model_qwen25_vl_7b-07_latest,image_only_kinematics_concrete_model_qwen25_vl_7b,Simulation-only,kinematics,concrete,model_qwen25_vl_7b,False,,,True,False,position = initial_position + velocity * time
wandb_downloads_image_only/scientific-exploration-increase-image-only-/artifacts/episode-image_only_ohm_abstract_model_qwen25_vl_7b-03_latest,image_only_ohm_abstract_model_qwen25_vl_7b,Simulation-only,ohm,abstract,model_qwen25_vl_7b,False,,,True,False,Y = Constant
wandb_downloads_image_only/scientific-exploration-increase-image-only-/artifacts/episode-image_only_ohm_concrete_model_qwen25_vl_7b-02_latest,image_only_ohm_concrete_model_qwen25_vl_7b,Simulation-only,ohm,concrete,model_qwen25_vl_7b,False,,,True,False,V = R / I
wandb_downloads_image_only/scientific-exploration-increase-image-only-/artifacts/episode-image_only_ohm_abbrev_model_qwen25_vl_3b-05_latest,image_only_ohm_abbrev_model_qwen25_vl_3b,Simulation-only,ohm,abbrev,model_qwen25_vl_3b,False,,,True,False,V = I * R
wandb_downloads_image_only/scientific-exploration-increase-image-only-/artifacts/episode-image_only_ohm_abbrev_model_qwen25_vl_3b-03_latest,image_only_ohm_abbrev_model_qwen25_vl_3b,Simulation-only,ohm,abbrev,model_qwen25_vl_3b,False,,,True,False,V = I + R
wandb_downloads_image_only/scientific-exploration-increase-image-only-/artifacts/episode-image_only_distance_abstract_model_qwen25_vl_7b-01_latest,image_only_distance_abstract_model_qwen25_vl_7b,Simulation-only,distance,abstract,model_qwen25_vl_7b,False,,,True,False,Y = A + B
wandb_downloads_image_only/scientific-exploration-increase-image-only-/artifacts/episode-image_only_beers_abstract_model_qwen25_vl_7b-06_latest,image_only_beers_abstract_model_qwen25_vl_7b,Simulation-only,beers,abstract,model_qwen25_vl_7b,False,,,True,False,Y = constant
wandb_downloads_image_only/scientific-exploration-increase-image-only-/artifacts/episode-image_only_ohm_concrete_model_qwen25_vl_3b-01_latest,image_only_ohm_concrete_model_qwen25_vl_3b,Simulation-only,ohm,concrete,model_qwen25_vl_3b,False,,,True,False,voltage = current * resistance
wandb_downloads_image_only/scientific-exploration-increase-image-only-/artifacts/episode-image_only_ohm_abstract_model_qwen25_vl_7b-01_latest,image_only_ohm_abstract_model_qwen25_vl_7b,Simulation-only,ohm,abstract,model_qwen25_vl_7b,False,,,True,False,Y = A + B
wandb_downloads_image_only/scientific-exploration-increase-image-only-/artifacts/episode-image_only_beers_concrete_model_qwen25_vl_3b-03_latest,image_only_beers_concrete_model_qwen25_vl_3b,Simulation-only,beers,concrete,model_qwen25_vl_3b,False,,,True,False,absorbance = concentration * molar_absorptivity * path_length
wandb_downloads_image_only/scientific-exploration-increase-image-only-/artifacts/episode-image_only_distance_abbrev_model_qwen25_vl_7b-00_latest,image_only_distance_abbrev_model_qwen25_vl_7b,Simulation-only,distance,abbrev,model_qwen25_vl_7b,False,,,True,False,d = d3
wandb_downloads_image_only/scientific-exploration-increase-image-only-/artifacts/episode-image_only_beers_abbrev_model_qwen25_vl_7b-06_latest,image_only_beers_abbrev_model_qwen25_vl_7b,Simulation-only,beers,abbrev,model_qwen25_vl_7b,False,,,True,False,A = c * (epsilon + l)
wandb_downloads_image_only/scientific-exploration-increase-image-only-/artifacts/episode-image_only_mass_abstract_model_qwen25_vl_3b-04_latest,image_only_mass_abstract_model_qwen25_vl_3b,Simulation-only,mass,abstract,model_qwen25_vl_3b,False,,,True,False,Y = C (constant)
wandb_downloads_image_only/scientific-exploration-increase-image-only-/artifacts/episode-image_only_mass_abbrev_model_qwen25_vl_3b-02_latest,image_only_mass_abbrev_model_qwen25_vl_3b,Simulation-only,mass,abbrev,model_qwen25_vl_3b,False,,,True,False,"m = f(rho, V)"
wandb_downloads_image_only/scientific-exploration-increase-image-only-/artifacts/episode-image_only_ohm_abbrev_model_qwen25_vl_3b-09_latest,image_only_ohm_abbrev_model_qwen25_vl_3b,Simulation-only,ohm,abbrev,model_qwen25_vl_3b,False,,,True,False,V = 1.0 * I + R
wandb_downloads_image_only/scientific-exploration-increase-image-only-/artifacts/episode-image_only_ohm_abstract_model_qwen25_vl_7b-02_latest,image_only_ohm_abstract_model_qwen25_vl_7b,Simulation-only,ohm,abstract,model_qwen25_vl_7b,False,,,True,False,Y = A
wandb_downloads_image_only/scientific-exploration-increase-image-only-/artifacts/episode-image_only_resistors_concrete_model_qwen25_vl_7b-09_latest,image_only_resistors_concrete_model_qwen25_vl_7b,Simulation-only,resistors,concrete,model_qwen25_vl_7b,False,,,True,False,total_resistance = resistance_1 + resistance_2
wandb_downloads_image_only/scientific-exploration-increase-image-only-/artifacts/episode-image_only_beers_concrete_model_qwen25_vl_3b-01_latest,image_only_beers_concrete_model_qwen25_vl_3b,Simulation-only,beers,concrete,model_qwen25_vl_3b,False,,,True,False,absorbance = molar_absorptivity * concentration
wandb_downloads_image_only/scientific-exploration-increase-image-only-/artifacts/episode-image_only_ohm_abstract_model_qwen25_vl_7b-06_latest,image_only_ohm_abstract_model_qwen25_vl_7b,Simulation-only,ohm,abstract,model_qwen25_vl_7b,False,,,True,False,Y = A + B
wandb_downloads_image_only/scientific-exploration-increase-image-only-/artifacts/episode-image_only_mass_concrete_model_qwen25_vl_7b-09_latest,image_only_mass_concrete_model_qwen25_vl_7b,Simulation-only,mass,concrete,model_qwen25_vl_7b,False,,,True,False,mass = density * volume
wandb_downloads_image_only/scientific-exploration-increase-image-only-/artifacts/episode-image_only_kinematics_concrete_model_qwen25_vl_3b-02_latest,image_only_kinematics_concrete_model_qwen25_vl_3b,Simulation-only,kinematics,concrete,model_qwen25_vl_3b,False,,,True,False,initial_position + velocity * time
wandb_downloads_image_only/scientific-exploration-increase-image-only-/artifacts/episode-image_only_mass_abstract_model_qwen25_vl_7b-08_latest,image_only_mass_abstract_model_qwen25_vl_7b,Simulation-only,mass,abstract,model_qwen25_vl_7b,False,,,True,False,Y = B
wandb_downloads_image_only/scientific-exploration-increase-image-only-/artifacts/episode-image_only_distance_abstract_model_qwen25_vl_3b-03_latest,image_only_distance_abstract_model_qwen25_vl_3b,Simulation-only,distance,abstract,model_qwen25_vl_3b,False,,,True,False,Y = A + B
wandb_downloads_image_only/scientific-exploration-increase-image-only-/artifacts/episode-image_only_kinematics_abbrev_model_qwen25_vl_3b-09_latest,image_only_kinematics_abbrev_model_qwen25_vl_3b,Simulation-only,kinematics,abbrev,model_qwen25_vl_3b,False,,,True,False,x = x0 + vt
wandb_downloads_image_only/scientific-exploration-increase-image-only-/artifacts/episode-image_only_mass_abstract_model_qwen25_vl_3b-00_latest,image_only_mass_abstract_model_qwen25_vl_3b,Simulation-only,mass,abstract,model_qwen25_vl_3b,False,,,True,False,Y = A + B
wandb_downloads_image_only/scientific-exploration-increase-image-only-/artifacts/episode-image_only_resistors_concrete_model_qwen25_vl_3b-01_latest,image_only_resistors_concrete_model_qwen25_vl_3b,Simulation-only,resistors,concrete,model_qwen25_vl_3b,False,,,True,False,total_resistance = resistance_1 + resistance_2
wandb_downloads_image_only/scientific-exploration-increase-image-only-/artifacts/episode-image_only_mass_concrete_model_qwen25_vl_7b-01_latest,image_only_mass_concrete_model_qwen25_vl_7b,Simulation-only,mass,concrete,model_qwen25_vl_7b,False,,,True,False,mass = density * volume
wandb_downloads_image_only/scientific-exploration-increase-image-only-/artifacts/episode-image_only_distance_abbrev_model_qwen25_vl_7b-06_latest,image_only_distance_abbrev_model_qwen25_vl_7b,Simulation-only,distance,abbrev,model_qwen25_vl_7b,False,,,True,False,d = d1 + d2 + d3
wandb_downloads_image_only/scientific-exploration-increase-image-only-/artifacts/episode-image_only_beers_abstract_model_qwen25_vl_7b-07_latest,image_only_beers_abstract_model_qwen25_vl_7b,Simulation-only,beers,abstract,model_qwen25_vl_7b,False,,,True,False,Y = A + B + C
wandb_downloads_image_only/scientific-exploration-increase-image-only-/artifacts/episode-image_only_distance_abstract_model_qwen25_vl_3b-00_latest,image_only_distance_abstract_model_qwen25_vl_3b,Simulation-only,distance,abstract,model_qwen25_vl_3b,False,,,True,False,Y = C
wandb_downloads_image_only/scientific-exploration-increase-image-only-/artifacts/episode-image_only_kinematics_abstract_model_qwen25_vl_3b-06_latest,image_only_kinematics_abstract_model_qwen25_vl_3b,Simulation-only,kinematics,abstract,model_qwen25_vl_3b,False,,,True,False,Y = k(A + B)
wandb_downloads_image_only/scientific-exploration-increase-image-only-/artifacts/episode-image_only_kinematics_abbrev_model_qwen25_vl_7b-02_latest,image_only_kinematics_abbrev_model_qwen25_vl_7b,Simulation-only,kinematics,abbrev,model_qwen25_vl_7b,False,,,True,False,"x = f(x0, v, t)"
wandb_downloads_image_only/scientific-exploration-increase-image-only-/artifacts/episode-image_only_resistors_abstract_model_qwen25_vl_7b-01_latest,image_only_resistors_abstract_model_qwen25_vl_7b,Simulation-only,resistors,abstract,model_qwen25_vl_7b,False,,,True,False,Y = A
wandb_downloads_image_only/scientific-exploration-increase-image-only-/artifacts/episode-image_only_kinematics_abstract_model_qwen25_vl_3b-08_latest,image_only_kinematics_abstract_model_qwen25_vl_3b,Simulation-only,kinematics,abstract,model_qwen25_vl_3b,False,,,True,False,Y = C
wandb_downloads_image_only/scientific-exploration-increase-image-only-/artifacts/episode-image_only_resistors_abstract_model_qwen25_vl_3b-02_latest,image_only_resistors_abstract_model_qwen25_vl_3b,Simulation-only,resistors,abstract,model_qwen25_vl_3b,False,,,True,False,Y = -A + B
wandb_downloads_image_only/scientific-exploration-increase-image-only-/artifacts/episode-image_only_kinematics_concrete_model_qwen25_vl_7b-08_latest,image_only_kinematics_concrete_model_qwen25_vl_7b,Simulation-only,kinematics,concrete,model_qwen25_vl_7b,False,,,True,False,position = initial_position + velocity * time
wandb_downloads_image_only/scientific-exploration-increase-image-only-/artifacts/episode-image_only_resistors_abstract_model_qwen25_vl_3b-07_latest,image_only_resistors_abstract_model_qwen25_vl_3b,Simulation-only,resistors,abstract,model_qwen25_vl_3b,False,,,True,False,Y = k * A + k * B
wandb_downloads_image_only/scientific-exploration-increase-image-only-/artifacts/episode-image_only_kinematics_abstract_model_qwen25_vl_7b-07_latest,image_only_kinematics_abstract_model_qwen25_vl_7b,Simulation-only,kinematics,abstract,model_qwen25_vl_7b,False,,,True,False,Y = 2B - A
wandb_downloads_image_only/scientific-exploration-increase-image-only-/artifacts/episode-image_only_beers_concrete_model_qwen25_vl_7b-02_latest,image_only_beers_concrete_model_qwen25_vl_7b,Simulation-only,beers,concrete,model_qwen25_vl_7b,False,,,True,False,absorbance = molar_absorptivity * concentration * path_length
wandb_downloads_image_only/scientific-exploration-increase-image-only-/artifacts/episode-image_only_ohm_concrete_model_qwen25_vl_3b-03_latest,image_only_ohm_concrete_model_qwen25_vl_3b,Simulation-only,ohm,concrete,model_qwen25_vl_3b,False,,,True,False,voltage = current * resistance
wandb_downloads_image_only/scientific-exploration-increase-image-only-/artifacts/episode-image_only_mass_abbrev_model_qwen25_vl_7b-08_latest,image_only_mass_abbrev_model_qwen25_vl_7b,Simulation-only,mass,abbrev,model_qwen25_vl_7b,False,,,True,False,m = constant
wandb_downloads_image_only/scientific-exploration-increase-image-only-/artifacts/episode-image_only_mass_abstract_model_qwen25_vl_7b-07_latest,image_only_mass_abstract_model_qwen25_vl_7b,Simulation-only,mass,abstract,model_qwen25_vl_7b,False,,,True,False,Y = A * B
wandb_downloads_image_only/scientific-exploration-increase-image-only-/artifacts/episode-image_only_resistors_abbrev_model_qwen25_vl_7b-01_latest,image_only_resistors_abbrev_model_qwen25_vl_7b,Simulation-only,resistors,abbrev,model_qwen25_vl_7b,False,,,True,False,Rt = Constant
wandb_downloads_image_only/scientific-exploration-increase-image-only-/artifacts/episode-image_only_beers_abstract_model_qwen25_vl_7b-08_latest,image_only_beers_abstract_model_qwen25_vl_7b,Simulation-only,beers,abstract,model_qwen25_vl_7b,False,,,True,False,Y = A + B + C
wandb_downloads_image_only/scientific-exploration-increase-image-only-/artifacts/episode-image_only_mass_abstract_model_qwen25_vl_3b-07_latest,image_only_mass_abstract_model_qwen25_vl_3b,Simulation-only,mass,abstract,model_qwen25_vl_3b,False,,,True,False,Y = k * A
wandb_downloads_image_only/scientific-exploration-increase-image-only-/artifacts/episode-image_only_distance_abbrev_model_qwen25_vl_7b-05_latest,image_only_distance_abbrev_model_qwen25_vl_7b,Simulation-only,distance,abbrev,model_qwen25_vl_7b,False,,,True,False,d = d1 + d2 + d3
wandb_downloads_image_only/scientific-exploration-increase-image-only-/artifacts/episode-image_only_resistors_concrete_model_qwen25_vl_7b-08_latest,image_only_resistors_concrete_model_qwen25_vl_7b,Simulation-only,resistors,concrete,model_qwen25_vl_7b,False,,,True,False,total_resistance = resistance_1 + resistance_2
wandb_downloads_image_only/scientific-exploration-increase-image-only-/artifacts/episode-image_only_mass_abbrev_model_qwen25_vl_7b-00_latest,image_only_mass_abbrev_model_qwen25_vl_7b,Simulation-only,mass,abbrev,model_qwen25_vl_7b,False,,,True,False,m = constant
wandb_downloads_image_only/scientific-exploration-increase-image-only-/artifacts/episode-image_only_resistors_abstract_model_qwen25_vl_3b-06_latest,image_only_resistors_abstract_model_qwen25_vl_3b,Simulation-only,resistors,abstract,model_qwen25_vl_3b,False,,,True,False,Y = k * A
wandb_downloads_image_only/scientific-exploration-increase-image-only-/artifacts/episode-image_only_beers_abstract_model_qwen25_vl_7b-04_latest,image_only_beers_abstract_model_qwen25_vl_7b,Simulation-only,beers,abstract,model_qwen25_vl_7b,False,,,True,False,Y = C
wandb_downloads_image_only/scientific-exploration-increase-image-only-/artifacts/episode-image_only_resistors_concrete_model_qwen25_vl_3b-08_latest,image_only_resistors_concrete_model_qwen25_vl_3b,Simulation-only,resistors,concrete,model_qwen25_vl_3b,False,,,True,False,total_resistance = resistance_1 + resistance_2
wandb_downloads_image_only/scientific-exploration-increase-image-only-/artifacts/episode-image_only_ohm_abbrev_model_qwen25_vl_7b-02_latest,image_only_ohm_abbrev_model_qwen25_vl_7b,Simulation-only,ohm,abbrev,model_qwen25_vl_7b,False,,,True,False,V = I + R
wandb_downloads_image_only/scientific-exploration-increase-image-only-/artifacts/episode-image_only_distance_concrete_model_qwen25_vl_7b-02_latest,image_only_distance_concrete_model_qwen25_vl_7b,Simulation-only,distance,concrete,model_qwen25_vl_7b,False,,,True,False,total_distance = distance_1 + distance_2 + distance_3
wandb_downloads_image_only/scientific-exploration-increase-image-only-/artifacts/episode-image_only_mass_concrete_model_qwen25_vl_3b-08_latest,image_only_mass_concrete_model_qwen25_vl_3b,Simulation-only,mass,concrete,model_qwen25_vl_3b,False,,,True,False,mass = density * volume
wandb_downloads_image_only/scientific-exploration-increase-image-only-/artifacts/episode-image_only_mass_abbrev_model_qwen25_vl_7b-02_latest,image_only_mass_abbrev_model_qwen25_vl_7b,Simulation-only,mass,abbrev,model_qwen25_vl_7b,False,,,True,False,m ∝ V
wandb_downloads_image_only/scientific-exploration-increase-image-only-/artifacts/episode-image_only_mass_concrete_model_qwen25_vl_3b-02_latest,image_only_mass_concrete_model_qwen25_vl_3b,Simulation-only,mass,concrete,model_qwen25_vl_3b,False,,,True,False,mass = density * volume
wandb_downloads_image_only/scientific-exploration-increase-image-only-/artifacts/episode-image_only_beers_abstract_model_qwen25_vl_3b-02_latest,image_only_beers_abstract_model_qwen25_vl_3b,Simulation-only,beers,abstract,model_qwen25_vl_3b,False,,,True,False,Y = -B + A
wandb_downloads_image_only/scientific-exploration-increase-image-only-/artifacts/episode-image_only_beers_abstract_model_qwen25_vl_7b-00_latest,image_only_beers_abstract_model_qwen25_vl_7b,Simulation-only,beers,abstract,model_qwen25_vl_7b,False,,,True,False,Y = C
wandb_downloads_image_only/scientific-exploration-increase-image-only-/artifacts/episode-image_only_kinematics_concrete_model_qwen25_vl_7b-02_latest,image_only_kinematics_concrete_model_qwen25_vl_7b,Simulation-only,kinematics,concrete,model_qwen25_vl_7b,False,,,True,False,position = velocity * time
wandb_downloads_image_only/scientific-exploration-increase-image-only-/artifacts/episode-image_only_kinematics_abstract_model_qwen25_vl_3b-05_latest,image_only_kinematics_abstract_model_qwen25_vl_3b,Simulation-only,kinematics,abstract,model_qwen25_vl_3b,False,,,True,False,null
wandb_downloads_image_only/scientific-exploration-increase-image-only-/artifacts/episode-image_only_ohm_concrete_model_qwen25_vl_3b-09_latest,image_only_ohm_concrete_model_qwen25_vl_3b,Simulation-only,ohm,concrete,model_qwen25_vl_3b,False,,,True,False,voltage = current * resistance
wandb_downloads_image_only/scientific-exploration-increase-image-only-/artifacts/episode-image_only_distance_concrete_model_qwen25_vl_7b-06_latest,image_only_distance_concrete_model_qwen25_vl_7b,Simulation-only,distance,concrete,model_qwen25_vl_7b,False,,,True,False,total_distance = distance_1 + distance_2 + distance_3
wandb_downloads_image_only/scientific-exploration-increase-image-only-/artifacts/episode-image_only_kinematics_abbrev_model_qwen25_vl_7b-06_latest,image_only_kinematics_abbrev_model_qwen25_vl_7b,Simulation-only,kinematics,abbrev,model_qwen25_vl_7b,False,,,True,False,x = (x0 * v) / t
wandb_downloads_image_only/scientific-exploration-increase-image-only-/artifacts/episode-image_only_kinematics_abstract_model_qwen25_vl_3b-00_latest,image_only_kinematics_abstract_model_qwen25_vl_3b,Simulation-only,kinematics,abstract,model_qwen25_vl_3b,False,,,True,False,Y = A + B
wandb_downloads_image_only/scientific-exploration-increase-image-only-/artifacts/episode-image_only_resistors_abstract_model_qwen25_vl_7b-07_latest,image_only_resistors_abstract_model_qwen25_vl_7b,Simulation-only,resistors,abstract,model_qwen25_vl_7b,False,,,True,False,Y = B
wandb_downloads_image_only/scientific-exploration-increase-image-only-/artifacts/episode-image_only_kinematics_abbrev_model_qwen25_vl_7b-07_latest,image_only_kinematics_abbrev_model_qwen25_vl_7b,Simulation-only,kinematics,abbrev,model_qwen25_vl_7b,False,,,True,False,x = x0 + v * t
wandb_downloads_image_only/scientific-exploration-increase-image-only-/artifacts/episode-image_only_resistors_abbrev_model_qwen25_vl_3b-07_latest,image_only_resistors_abbrev_model_qwen25_vl_3b,Simulation-only,resistors,abbrev,model_qwen25_vl_3b,False,,,True,False,Rt = R1 + R2
wandb_downloads_image_only/scientific-exploration-increase-image-only-/artifacts/episode-image_only_ohm_concrete_model_qwen25_vl_7b-05_latest,image_only_ohm_concrete_model_qwen25_vl_7b,Simulation-only,ohm,concrete,model_qwen25_vl_7b,False,,,True,False,voltage = k * current * resistance
wandb_downloads_image_only/scientific-exploration-increase-image-only-/artifacts/episode-image_only_mass_concrete_model_qwen25_vl_3b-04_latest,image_only_mass_concrete_model_qwen25_vl_3b,Simulation-only,mass,concrete,model_qwen25_vl_3b,False,,,True,False,mass = density × volume
wandb_downloads_image_only/scientific-exploration-increase-image-only-/artifacts/episode-image_only_distance_abbrev_model_qwen25_vl_7b-09_latest,image_only_distance_abbrev_model_qwen25_vl_7b,Simulation-only,distance,abbrev,model_qwen25_vl_7b,False,,,True,False,d = d2 + d3
wandb_downloads_image_only/scientific-exploration-increase-image-only-/artifacts/episode-image_only_beers_abbrev_model_qwen25_vl_3b-00_latest,image_only_beers_abbrev_model_qwen25_vl_3b,Simulation-only,beers,abbrev,model_qwen25_vl_3b,False,,,True,False,A = l - c - epsilon
wandb_downloads_image_only/scientific-exploration-increase-image-only-/artifacts/episode-image_only_distance_concrete_model_qwen25_vl_3b-03_latest,image_only_distance_concrete_model_qwen25_vl_3b,Simulation-only,distance,concrete,model_qwen25_vl_3b,False,,,True,False,distance_1 + distance_2 = total_distance
wandb_downloads_image_only/scientific-exploration-increase-image-only-/artifacts/episode-image_only_kinematics_abstract_model_qwen25_vl_3b-07_latest,image_only_kinematics_abstract_model_qwen25_vl_3b,Simulation-only,kinematics,abstract,model_qwen25_vl_3b,False,,,True,False,Y = A + B
wandb_downloads_image_only/scientific-exploration-increase-image-only-/artifacts/episode-image_only_beers_concrete_model_qwen25_vl_7b-03_latest,image_only_beers_concrete_model_qwen25_vl_7b,Simulation-only,beers,concrete,model_qwen25_vl_7b,False,,,True,False,absorbance = molar_absorptivity * concentration * path_length
wandb_downloads_image_only/scientific-exploration-increase-image-only-/artifacts/episode-image_only_resistors_abbrev_model_qwen25_vl_3b-09_latest,image_only_resistors_abbrev_model_qwen25_vl_3b,Simulation-only,resistors,abbrev,model_qwen25_vl_3b,False,,,True,False,Rt = R1 + R2
wandb_downloads_image_only/scientific-exploration-increase-image-only-/artifacts/episode-image_only_resistors_abbrev_model_qwen25_vl_3b-03_latest,image_only_resistors_abbrev_model_qwen25_vl_3b,Simulation-only,resistors,abbrev,model_qwen25_vl_3b,False,,,True,False,Rt = constant
wandb_downloads_image_only/scientific-exploration-increase-image-only-/artifacts/episode-image_only_beers_abbrev_model_qwen25_vl_7b-04_latest,image_only_beers_abbrev_model_qwen25_vl_7b,Simulation-only,beers,abbrev,model_qwen25_vl_7b,False,,,True,False,A = c + l
wandb_downloads_image_only/scientific-exploration-increase-image-only-/artifacts/episode-image_only_kinematics_abstract_model_qwen25_vl_7b-00_latest,image_only_kinematics_abstract_model_qwen25_vl_7b,Simulation-only,kinematics,abstract,model_qwen25_vl_7b,False,,,True,False,Y = A + B
wandb_downloads_image_only/scientific-exploration-increase-image-only-/artifacts/episode-image_only_mass_abstract_model_qwen25_vl_7b-09_latest,image_only_mass_abstract_model_qwen25_vl_7b,Simulation-only,mass,abstract,model_qwen25_vl_7b,False,,,True,False,Y = constant
wandb_downloads_image_only/scientific-exploration-increase-image-only-/artifacts/episode-image_only_mass_concrete_model_qwen25_vl_7b-08_latest,image_only_mass_concrete_model_qwen25_vl_7b,Simulation-only,mass,concrete,model_qwen25_vl_7b,False,,,True,False,mass = density * volume
wandb_downloads_image_only/scientific-exploration-increase-image-only-/artifacts/episode-image_only_mass_abstract_model_qwen25_vl_3b-09_latest,image_only_mass_abstract_model_qwen25_vl_3b,Simulation-only,mass,abstract,model_qwen25_vl_3b,False,,,True,False,Y = kA
wandb_downloads_image_only/scientific-exploration-increase-image-only-/artifacts/episode-image_only_distance_concrete_model_qwen25_vl_3b-09_latest,image_only_distance_concrete_model_qwen25_vl_3b,Simulation-only,distance,concrete,model_qwen25_vl_3b,False,,,True,False,total_distance = distance_3
wandb_downloads_image_only/scientific-exploration-increase-image-only-/artifacts/episode-image_only_resistors_abbrev_model_qwen25_vl_7b-04_latest,image_only_resistors_abbrev_model_qwen25_vl_7b,Simulation-only,resistors,abbrev,model_qwen25_vl_7b,False,,,True,False,Rt = R1 + R2
wandb_downloads_image_only/scientific-exploration-increase-image-only-/artifacts/episode-image_only_mass_abbrev_model_qwen25_vl_3b-05_latest,image_only_mass_abbrev_model_qwen25_vl_3b,Simulation-only,mass,abbrev,model_qwen25_vl_3b,False,,,True,False,m = rho * V
wandb_downloads_image_only/scientific-exploration-increase-image-only-/artifacts/episode-image_only_ohm_abbrev_model_qwen25_vl_7b-03_latest,image_only_ohm_abbrev_model_qwen25_vl_7b,Simulation-only,ohm,abbrev,model_qwen25_vl_7b,False,,,True,False,V = kR
wandb_downloads_image_only/scientific-exploration-increase-image-only-/artifacts/episode-image_only_resistors_abbrev_model_qwen25_vl_7b-07_latest,image_only_resistors_abbrev_model_qwen25_vl_7b,Simulation-only,resistors,abbrev,model_qwen25_vl_7b,False,,,True,False,Rt = R1 + R2
wandb_downloads_image_only/scientific-exploration-increase-image-only-/artifacts/episode-image_only_resistors_abstract_model_qwen25_vl_7b-06_latest,image_only_resistors_abstract_model_qwen25_vl_7b,Simulation-only,resistors,abstract,model_qwen25_vl_7b,False,,,True,False,Y ~ B
wandb_downloads_image_only/scientific-exploration-increase-image-only-/artifacts/episode-image_only_kinematics_concrete_model_qwen25_vl_3b-06_latest,image_only_kinematics_concrete_model_qwen25_vl_3b,Simulation-only,kinematics,concrete,model_qwen25_vl_3b,False,,,True,False,position = velocity * time + constant
wandb_downloads_image_only/scientific-exploration-increase-image-only-/artifacts/episode-image_only_resistors_concrete_model_qwen25_vl_3b-02_latest,image_only_resistors_concrete_model_qwen25_vl_3b,Simulation-only,resistors,concrete,model_qwen25_vl_3b,False,,,True,False,total_resistance = resistance_1 + resistance_2
wandb_downloads_image_only/scientific-exploration-increase-image-only-/artifacts/episode-image_only_distance_concrete_model_qwen25_vl_3b-02_latest,image_only_distance_concrete_model_qwen25_vl_3b,Simulation-only,distance,concrete,model_qwen25_vl_3b,False,,,True,False,distance_1 + distance_2
wandb_downloads_image_only/scientific-exploration-increase-image-only-/artifacts/episode-image_only_kinematics_concrete_model_qwen25_vl_7b-03_latest,image_only_kinematics_concrete_model_qwen25_vl_7b,Simulation-only,kinematics,concrete,model_qwen25_vl_7b,False,,,True,False,position = initial_position + (velocity * time)
wandb_downloads_image_only/scientific-exploration-increase-image-only-/artifacts/episode-image_only_beers_abstract_model_qwen25_vl_3b-06_latest,image_only_beers_abstract_model_qwen25_vl_3b,Simulation-only,beers,abstract,model_qwen25_vl_3b,False,,,True,False,Y = A + B * C
wandb_downloads_image_only/scientific-exploration-increase-image-only-/artifacts/episode-image_only_mass_abbrev_model_qwen25_vl_3b-04_latest,image_only_mass_abbrev_model_qwen25_vl_3b,Simulation-only,mass,abbrev,model_qwen25_vl_3b,False,,,True,False,m = k * rho + l * V
wandb_downloads_image_only/scientific-exploration-increase-image-only-/artifacts/episode-image_only_kinematics_abstract_model_qwen25_vl_3b-02_latest,image_only_kinematics_abstract_model_qwen25_vl_3b,Simulation-only,kinematics,abstract,model_qwen25_vl_3b,False,,,True,False,Y = constant
wandb_downloads_image_only/scientific-exploration-increase-image-only-/artifacts/episode-image_only_kinematics_concrete_model_qwen25_vl_3b-01_latest,image_only_kinematics_concrete_model_qwen25_vl_3b,Simulation-only,kinematics,concrete,model_qwen25_vl_3b,False,,,True,False,initial_position + (velocity * time)
wandb_downloads_image_only/scientific-exploration-increase-image-only-/artifacts/episode-image_only_ohm_concrete_model_qwen25_vl_7b-03_latest,image_only_ohm_concrete_model_qwen25_vl_7b,Simulation-only,ohm,concrete,model_qwen25_vl_7b,False,,,True,False,V = I * R
wandb_downloads_image_only/scientific-exploration-increase-image-only-/artifacts/episode-image_only_ohm_abbrev_model_qwen25_vl_3b-01_latest,image_only_ohm_abbrev_model_qwen25_vl_3b,Simulation-only,ohm,abbrev,model_qwen25_vl_3b,False,,,True,False,V = I + R
wandb_downloads_image_only/scientific-exploration-increase-image-only-/artifacts/episode-image_only_resistors_abstract_model_qwen25_vl_3b-00_latest,image_only_resistors_abstract_model_qwen25_vl_3b,Simulation-only,resistors,abstract,model_qwen25_vl_3b,False,,,True,False,Y = A + B
wandb_downloads_image_only/scientific-exploration-increase-image-only-/artifacts/episode-image_only_beers_abstract_model_qwen25_vl_3b-00_latest,image_only_beers_abstract_model_qwen25_vl_3b,Simulation-only,beers,abstract,model_qwen25_vl_3b,False,,,True,False,Y = A + B
wandb_downloads_image_only/scientific-exploration-increase-image-only-/artifacts/episode-image_only_beers_abbrev_model_qwen25_vl_7b-05_latest,image_only_beers_abbrev_model_qwen25_vl_7b,Simulation-only,beers,abbrev,model_qwen25_vl_7b,False,,,True,False,A = k / (epsilon + c + l)
wandb_downloads_image_only/scientific-exploration-increase-image-only-/artifacts/episode-image_only_resistors_abstract_model_qwen25_vl_3b-08_latest,image_only_resistors_abstract_model_qwen25_vl_3b,Simulation-only,resistors,abstract,model_qwen25_vl_3b,False,,,True,False,Y = A
wandb_downloads_image_only/scientific-exploration-increase-image-only-/artifacts/episode-image_only_beers_concrete_model_qwen25_vl_3b-06_latest,image_only_beers_concrete_model_qwen25_vl_3b,Simulation-only,beers,concrete,model_qwen25_vl_3b,False,,,True,False,absorbance = molar_absorptivity * concentration * path_length
wandb_downloads_image_only/scientific-exploration-increase-image-only-/artifacts/episode-image_only_resistors_concrete_model_qwen25_vl_7b-01_latest,image_only_resistors_concrete_model_qwen25_vl_7b,Simulation-only,resistors,concrete,model_qwen25_vl_7b,False,,,True,False,total_resistance = resistance_1 + resistance_2
wandb_downloads_image_only/scientific-exploration-increase-image-only-/artifacts/episode-image_only_mass_abbrev_model_qwen25_vl_3b-07_latest,image_only_mass_abbrev_model_qwen25_vl_3b,Simulation-only,mass,abbrev,model_qwen25_vl_3b,False,,,True,False,m = a*rho + b*V
wandb_downloads_image_only/scientific-exploration-increase-image-only-/artifacts/episode-image_only_distance_abstract_model_qwen25_vl_7b-04_latest,image_only_distance_abstract_model_qwen25_vl_7b,Simulation-only,distance,abstract,model_qwen25_vl_7b,False,,,True,False,Y = A + B + C
wandb_downloads_image_only/scientific-exploration-increase-image-only-/artifacts/episode-image_only_kinematics_concrete_model_qwen25_vl_3b-03_latest,image_only_kinematics_concrete_model_qwen25_vl_3b,Simulation-only,kinematics,concrete,model_qwen25_vl_3b,False,,,True,False,initial_position = velocity * time
wandb_downloads_image_only/scientific-exploration-increase-image-only-/artifacts/episode-image_only_resistors_concrete_model_qwen25_vl_3b-05_latest,image_only_resistors_concrete_model_qwen25_vl_3b,Simulation-only,resistors,concrete,model_qwen25_vl_3b,False,,,True,False,total_resistance = resistance_1 + resistance_2
wandb_downloads_image_only/scientific-exploration-increase-image-only-/artifacts/episode-image_only_beers_concrete_model_qwen25_vl_3b-02_latest,image_only_beers_concrete_model_qwen25_vl_3b,Simulation-only,beers,concrete,model_qwen25_vl_3b,False,,,True,False,Absorbance = Constant Value
wandb_downloads_image_only/scientific-exploration-increase-image-only-/artifacts/episode-image_only_distance_abstract_model_qwen25_vl_3b-05_latest,image_only_distance_abstract_model_qwen25_vl_3b,Simulation-only,distance,abstract,model_qwen25_vl_3b,False,,,True,False,Y = A + B
wandb_downloads_image_only/scientific-exploration-increase-image-only-/artifacts/episode-image_only_kinematics_concrete_model_qwen25_vl_3b-00_latest,image_only_kinematics_concrete_model_qwen25_vl_3b,Simulation-only,kinematics,concrete,model_qwen25_vl_3b,False,,,True,False,initial_position + velocity * time
wandb_downloads_image_only/scientific-exploration-increase-image-only-/artifacts/episode-image_only_beers_abbrev_model_qwen25_vl_7b-03_latest,image_only_beers_abbrev_model_qwen25_vl_7b,Simulation-only,beers,abbrev,model_qwen25_vl_7b,False,,,True,False,A = c + l * epsilon
wandb_downloads_image_only/scientific-exploration-increase-image-only-/artifacts/episode-image_only_distance_concrete_model_qwen25_vl_7b-00_latest,image_only_distance_concrete_model_qwen25_vl_7b,Simulation-only,distance,concrete,model_qwen25_vl_7b,False,,,True,False,total_distance = distance_1 + distance_2 + distance_3
wandb_downloads_image_only/scientific-exploration-increase-image-only-/artifacts/episode-image_only_ohm_abstract_model_qwen25_vl_7b-07_latest,image_only_ohm_abstract_model_qwen25_vl_7b,Simulation-only,ohm,abstract,model_qwen25_vl_7b,False,,,True,False,Y = const
wandb_downloads_image_only/scientific-exploration-increase-image-only-/artifacts/episode-image_only_resistors_concrete_model_qwen25_vl_3b-06_latest,image_only_resistors_concrete_model_qwen25_vl_3b,Simulation-only,resistors,concrete,model_qwen25_vl_3b,False,,,True,False,total_resistance = resistance_1 + resistance_2
wandb_downloads_image_only/scientific-exploration-increase-image-only-/artifacts/episode-image_only_distance_abbrev_model_qwen25_vl_3b-00_latest,image_only_distance_abbrev_model_qwen25_vl_3b,Simulation-only,distance,abbrev,model_qwen25_vl_3b,False,,,True,False,d = k * (d1 + d2)
wandb_downloads_image_only/scientific-exploration-increase-image-only-/artifacts/episode-image_only_ohm_abstract_model_qwen25_vl_3b-04_latest,image_only_ohm_abstract_model_qwen25_vl_3b,Simulation-only,ohm,abstract,model_qwen25_vl_3b,False,,,True,False,Y = A + B
wandb_downloads_image_only/scientific-exploration-increase-image-only-/artifacts/episode-image_only_mass_abstract_model_qwen25_vl_7b-06_latest,image_only_mass_abstract_model_qwen25_vl_7b,Simulation-only,mass,abstract,model_qwen25_vl_7b,False,,,True,False,Y = A + B
wandb_downloads_image_only/scientific-exploration-increase-image-only-/artifacts/episode-image_only_distance_concrete_model_qwen25_vl_3b-06_latest,image_only_distance_concrete_model_qwen25_vl_3b,Simulation-only,distance,concrete,model_qwen25_vl_3b,False,,,True,False,distance_1 + distance_2 + distance_3
wandb_downloads_image_only/scientific-exploration-increase-image-only-/artifacts/episode-image_only_ohm_abstract_model_qwen25_vl_7b-05_latest,image_only_ohm_abstract_model_qwen25_vl_7b,Simulation-only,ohm,abstract,model_qwen25_vl_7b,False,,,True,False,Y = 1
wandb_downloads_image_only/scientific-exploration-increase-image-only-/artifacts/episode-image_only_ohm_concrete_model_qwen25_vl_3b-00_latest,image_only_ohm_concrete_model_qwen25_vl_3b,Simulation-only,ohm,concrete,model_qwen25_vl_3b,False,,,True,False,voltage = constant
wandb_downloads_image_only/scientific-exploration-increase-image-only-/artifacts/episode-image_only_beers_concrete_model_qwen25_vl_3b-04_latest,image_only_beers_concrete_model_qwen25_vl_3b,Simulation-only,beers,concrete,model_qwen25_vl_3b,False,,,True,False,absorbance = k * path_length
wandb_downloads_image_only/scientific-exploration-increase-image-only-/artifacts/episode-image_only_mass_abstract_model_qwen25_vl_3b-08_latest,image_only_mass_abstract_model_qwen25_vl_3b,Simulation-only,mass,abstract,model_qwen25_vl_3b,False,,,True,False,Y = A + B
wandb_downloads_image_only/scientific-exploration-increase-image-only-/artifacts/episode-image_only_mass_concrete_model_qwen25_vl_3b-00_latest,image_only_mass_concrete_model_qwen25_vl_3b,Simulation-only,mass,concrete,model_qwen25_vl_3b,False,,,True,False,mass = density * volume
wandb_downloads_image_only/scientific-exploration-increase-image-only-/artifacts/episode-image_only_resistors_abbrev_model_qwen25_vl_3b-04_latest,image_only_resistors_abbrev_model_qwen25_vl_3b,Simulation-only,resistors,abbrev,model_qwen25_vl_3b,False,,,True,False,Rt = k * (R1 + R2)
wandb_downloads_image_only/scientific-exploration-increase-image-only-/artifacts/episode-image_only_kinematics_abbrev_model_qwen25_vl_7b-08_latest,image_only_kinematics_abbrev_model_qwen25_vl_7b,Simulation-only,kinematics,abbrev,model_qwen25_vl_7b,False,,,True,False,x = v
wandb_downloads_image_only/scientific-exploration-increase-image-only-/artifacts/episode-image_only_ohm_concrete_model_qwen25_vl_7b-08_latest,image_only_ohm_concrete_model_qwen25_vl_7b,Simulation-only,ohm,concrete,model_qwen25_vl_7b,False,,,True,False,voltage ∝ 1/current
wandb_downloads_image_only/scientific-exploration-increase-image-only-/artifacts/episode-image_only_beers_concrete_model_qwen25_vl_3b-00_latest,image_only_beers_concrete_model_qwen25_vl_3b,Simulation-only,beers,concrete,model_qwen25_vl_3b,False,,,True,False,Absorbance = Molar Absorptivity * Concentration * Path Length
wandb_downloads_image_only/scientific-exploration-increase-image-only-/artifacts/episode-image_only_resistors_abstract_model_qwen25_vl_7b-04_latest,image_only_resistors_abstract_model_qwen25_vl_7b,Simulation-only,resistors,abstract,model_qwen25_vl_7b,False,,,True,False,B > A
wandb_downloads_image_only/scientific-exploration-increase-image-only-/artifacts/episode-image_only_distance_concrete_model_qwen25_vl_3b-07_latest,image_only_distance_concrete_model_qwen25_vl_3b,Simulation-only,distance,concrete,model_qwen25_vl_3b,False,,,True,False,distance_1 + distance_2 = total_distance
wandb_downloads_image_only/scientific-exploration-increase-image-only-/artifacts/episode-image_only_resistors_abstract_model_qwen25_vl_7b-00_latest,image_only_resistors_abstract_model_qwen25_vl_7b,Simulation-only,resistors,abstract,model_qwen25_vl_7b,False,,,True,False,Y = A / B
wandb_downloads_image_only/scientific-exploration-increase-image-only-/artifacts/episode-image_only_mass_abbrev_model_qwen25_vl_7b-07_latest,image_only_mass_abbrev_model_qwen25_vl_7b,Simulation-only,mass,abbrev,model_qwen25_vl_7b,False,,,True,False,m = f(rho)
wandb_downloads_image_only/scientific-exploration-increase-image-only-/artifacts/episode-image_only_mass_abbrev_model_qwen25_vl_7b-03_latest,image_only_mass_abbrev_model_qwen25_vl_7b,Simulation-only,mass,abbrev,model_qwen25_vl_7b,False,,,True,False,m = rho * V
wandb_downloads_image_only/scientific-exploration-increase-image-only-/artifacts/episode-image_only_beers_concrete_model_qwen25_vl_7b-05_latest,image_only_beers_concrete_model_qwen25_vl_7b,Simulation-only,beers,concrete,model_qwen25_vl_7b,False,,,True,False,absorbance = molar_absorptivity * (concentration * path_length)
wandb_downloads_image_only/scientific-exploration-increase-image-only-/artifacts/episode-image_only_resistors_abstract_model_qwen25_vl_7b-03_latest,image_only_resistors_abstract_model_qwen25_vl_7b,Simulation-only,resistors,abstract,model_qwen25_vl_7b,False,,,True,False,Y ~ B
wandb_downloads_image_only/scientific-exploration-increase-image-only-/artifacts/episode-image_only_resistors_abbrev_model_qwen25_vl_7b-00_latest,image_only_resistors_abbrev_model_qwen25_vl_7b,Simulation-only,resistors,abbrev,model_qwen25_vl_7b,False,,,True,False,Rt = R1 + R2
wandb_downloads_image_only/scientific-exploration-increase-image-only-/artifacts/episode-image_only_mass_abbrev_model_qwen25_vl_7b-06_latest,image_only_mass_abbrev_model_qwen25_vl_7b,Simulation-only,mass,abbrev,model_qwen25_vl_7b,False,,,True,False,m = constant
wandb_downloads_image_only/scientific-exploration-increase-image-only-/artifacts/episode-image_only_resistors_abstract_model_qwen25_vl_7b-08_latest,image_only_resistors_abstract_model_qwen25_vl_7b,Simulation-only,resistors,abstract,model_qwen25_vl_7b,False,,,True,False,Y = A + B
wandb_downloads_image_only/scientific-exploration-increase-image-only-/artifacts/episode-image_only_beers_abbrev_model_qwen25_vl_3b-09_latest,image_only_beers_abbrev_model_qwen25_vl_3b,Simulation-only,beers,abbrev,model_qwen25_vl_3b,False,,,True,False,A = constant
wandb_downloads_image_only/scientific-exploration-increase-image-only-/artifacts/episode-image_only_resistors_concrete_model_qwen25_vl_3b-03_latest,image_only_resistors_concrete_model_qwen25_vl_3b,Simulation-only,resistors,concrete,model_qwen25_vl_3b,False,,,True,False,total_resistance = resistance_1 + resistance_2
wandb_downloads_image_only/scientific-exploration-increase-image-only-/artifacts/episode-image_only_distance_abstract_model_qwen25_vl_7b-03_latest,image_only_distance_abstract_model_qwen25_vl_7b,Simulation-only,distance,abstract,model_qwen25_vl_7b,False,,,True,False,Y = C
wandb_downloads_image_only/scientific-exploration-increase-image-only-/artifacts/episode-image_only_resistors_concrete_model_qwen25_vl_3b-07_latest,image_only_resistors_concrete_model_qwen25_vl_3b,Simulation-only,resistors,concrete,model_qwen25_vl_3b,False,,,True,False,total_resistance = resistance_1 + resistance_2
wandb_downloads_student_simulation/scientific-exploration-increase-student-simulation/artifacts/episode-student_concentration_qwen25vl3b-03_latest,student_concentration_qwen25vl3b,Student-simulation,concentration,unknown,model_qwen25_vl_3b,False,,,True,False,
wandb_downloads_student_simulation/scientific-exploration-increase-student-simulation/artifacts/episode-student_concentration_qwen25vl3b-07_latest,student_concentration_qwen25vl3b,Student-simulation,concentration,unknown,model_qwen25_vl_3b,False,,,True,False,
wandb_downloads_student_simulation/scientific-exploration-increase-student-simulation/artifacts/episode-student_concentration_qwen25vl7b-06_latest,student_concentration_qwen25vl7b,Student-simulation,concentration,unknown,model_qwen25_vl_7b,False,,,True,False,
wandb_downloads_student_simulation/scientific-exploration-increase-student-simulation/artifacts/episode-student_concentration_qwen25vl3b-08_latest,student_concentration_qwen25vl3b,Student-simulation,concentration,unknown,model_qwen25_vl_3b,False,,,True,False,
wandb_downloads_student_simulation/scientific-exploration-increase-student-simulation/artifacts/episode-student_concentration_qwen25vl3b-05_latest,student_concentration_qwen25vl3b,Student-simulation,concentration,unknown,model_qwen25_vl_3b,False,,,True,False,
wandb_downloads_student_simulation/scientific-exploration-increase-student-simulation/artifacts/episode-student_beers_wavelength_qwen25vl3b-09_latest,student_beers_wavelength_qwen25vl3b,Student-simulation,beers_wavelength,unknown,model_qwen25_vl_3b,False,,,True,False,
wandb_downloads_student_simulation/scientific-exploration-increase-student-simulation/artifacts/episode-student_beers_wavelength_qwen25vl7b-08_latest,student_beers_wavelength_qwen25vl7b,Student-simulation,beers_wavelength,unknown,model_qwen25_vl_7b,False,,,True,False,
wandb_downloads_student_simulation/scientific-exploration-increase-student-simulation/artifacts/episode-student_beers_wavelength_qwen25vl7b-06_latest,student_beers_wavelength_qwen25vl7b,Student-simulation,beers_wavelength,unknown,model_qwen25_vl_7b,False,,,True,False,
wandb_downloads_student_simulation/scientific-exploration-increase-student-simulation/artifacts/episode-student_beers_wavelength_qwen25vl3b-00_latest,student_beers_wavelength_qwen25vl3b,Student-simulation,beers_wavelength,unknown,model_qwen25_vl_3b,False,,,True,False,
wandb_downloads_student_simulation/scientific-exploration-increase-student-simulation/artifacts/episode-student_beers_wavelength_qwen25vl3b-06_latest,student_beers_wavelength_qwen25vl3b,Student-simulation,beers_wavelength,unknown,model_qwen25_vl_3b,False,,,True,False,
wandb_downloads_student_simulation/scientific-exploration-increase-student-simulation/artifacts/episode-student_beers_wavelength_qwen25vl7b-07_latest,student_beers_wavelength_qwen25vl7b,Student-simulation,beers_wavelength,unknown,model_qwen25_vl_7b,False,,,True,False,
wandb_downloads_student_simulation/scientific-exploration-increase-student-simulation/artifacts/episode-student_concentration_qwen25vl7b-08_latest,student_concentration_qwen25vl7b,Student-simulation,concentration,unknown,model_qwen25_vl_7b,False,,,True,False,
wandb_downloads_student_simulation/scientific-exploration-increase-student-simulation/artifacts/episode-student_concentration_qwen25vl7b-03_latest,student_concentration_qwen25vl7b,Student-simulation,concentration,unknown,model_qwen25_vl_7b,False,,,True,False,
wandb_downloads_student_simulation/scientific-exploration-increase-student-simulation/artifacts/episode-student_beers_wavelength_qwen25vl7b-01_latest,student_beers_wavelength_qwen25vl7b,Student-simulation,beers_wavelength,unknown,model_qwen25_vl_7b,False,,,True,False,
wandb_downloads_student_simulation/scientific-exploration-increase-student-simulation/artifacts/episode-student_beers_wavelength_qwen25vl3b-08_latest,student_beers_wavelength_qwen25vl3b,Student-simulation,beers_wavelength,unknown,model_qwen25_vl_3b,False,,,True,False,
wandb_downloads_student_simulation/scientific-exploration-increase-student-simulation/artifacts/episode-student_concentration_qwen25vl3b-06_latest,student_concentration_qwen25vl3b,Student-simulation,concentration,unknown,model_qwen25_vl_3b,False,,,True,False,
wandb_downloads_student_simulation/scientific-exploration-increase-student-simulation/artifacts/episode-student_beers_wavelength_qwen25vl3b-05_latest,student_beers_wavelength_qwen25vl3b,Student-simulation,beers_wavelength,unknown,model_qwen25_vl_3b,False,,,True,False,
wandb_downloads_student_simulation/scientific-exploration-increase-student-simulation/artifacts/episode-student_concentration_qwen25vl7b-07_latest,student_concentration_qwen25vl7b,Student-simulation,concentration,unknown,model_qwen25_vl_7b,False,,,True,False,
wandb_downloads_student_simulation/scientific-exploration-increase-student-simulation/artifacts/episode-student_concentration_qwen25vl7b-05_latest,student_concentration_qwen25vl7b,Student-simulation,concentration,unknown,model_qwen25_vl_7b,False,,,True,False,
wandb_downloads_student_simulation/scientific-exploration-increase-student-simulation/artifacts/episode-student_concentration_qwen25vl7b-02_latest,student_concentration_qwen25vl7b,Student-simulation,concentration,unknown,model_qwen25_vl_7b,False,,,True,False,
wandb_downloads_student_simulation/scientific-exploration-increase-student-simulation/artifacts/episode-student_beers_wavelength_qwen25vl3b-01_latest,student_beers_wavelength_qwen25vl3b,Student-simulation,beers_wavelength,unknown,model_qwen25_vl_3b,False,,,True,False,
wandb_downloads_student_simulation/scientific-exploration-increase-student-simulation/artifacts/episode-student_beers_wavelength_qwen25vl7b-04_latest,student_beers_wavelength_qwen25vl7b,Student-simulation,beers_wavelength,unknown,model_qwen25_vl_7b,False,,,True,False,
wandb_downloads_student_simulation/scientific-exploration-increase-student-simulation/artifacts/episode-student_concentration_qwen25vl7b-04_latest,student_concentration_qwen25vl7b,Student-simulation,concentration,unknown,model_qwen25_vl_7b,False,,,True,False,
wandb_downloads_student_simulation/scientific-exploration-increase-student-simulation/artifacts/episode-student_concentration_qwen25vl3b-02_latest,student_concentration_qwen25vl3b,Student-simulation,concentration,unknown,model_qwen25_vl_3b,False,,,True,False,
wandb_downloads_student_simulation/scientific-exploration-increase-student-simulation/artifacts/episode-student_concentration_qwen25vl7b-01_latest,student_concentration_qwen25vl7b,Student-simulation,concentration,unknown,model_qwen25_vl_7b,False,,,True,False,
wandb_downloads_student_simulation/scientific-exploration-increase-student-simulation/artifacts/episode-student_beers_wavelength_qwen25vl7b-05_latest,student_beers_wavelength_qwen25vl7b,Student-simulation,beers_wavelength,unknown,model_qwen25_vl_7b,False,,,True,False,
wandb_downloads_student_simulation/scientific-exploration-increase-student-simulation/artifacts/episode-student_beers_wavelength_qwen25vl3b-02_latest,student_beers_wavelength_qwen25vl3b,Student-simulation,beers_wavelength,unknown,model_qwen25_vl_3b,False,,,True,False,
wandb_downloads_student_simulation/scientific-exploration-increase-student-simulation/artifacts/episode-student_beers_wavelength_qwen25vl3b-04_latest,student_beers_wavelength_qwen25vl3b,Student-simulation,beers_wavelength,unknown,model_qwen25_vl_3b,False,,,True,False,
wandb_downloads_student_simulation/scientific-exploration-increase-student-simulation/artifacts/episode-student_beers_wavelength_qwen25vl3b-03_latest,student_beers_wavelength_qwen25vl3b,Student-simulation,beers_wavelength,unknown,model_qwen25_vl_3b,False,,,True,True,
wandb_downloads_student_simulation/scientific-exploration-increase-student-simulation/artifacts/episode-student_beers_wavelength_qwen25vl3b-07_latest,student_beers_wavelength_qwen25vl3b,Student-simulation,beers_wavelength,unknown,model_qwen25_vl_3b,False,,,True,False,
wandb_downloads_student_simulation/scientific-exploration-increase-student-simulation/artifacts/episode-student_concentration_qwen25vl3b-00_latest,student_concentration_qwen25vl3b,Student-simulation,concentration,unknown,model_qwen25_vl_3b,False,,,True,False,
wandb_downloads_student_simulation/scientific-exploration-increase-student-simulation/artifacts/episode-student_concentration_qwen25vl7b-00_latest,student_concentration_qwen25vl7b,Student-simulation,concentration,unknown,model_qwen25_vl_7b,False,,,True,False,
wandb_downloads_student_simulation/scientific-exploration-increase-student-simulation/artifacts/episode-student_beers_wavelength_qwen25vl7b-02_latest,student_beers_wavelength_qwen25vl7b,Student-simulation,beers_wavelength,unknown,model_qwen25_vl_7b,False,,,True,False,
wandb_downloads_student_simulation/scientific-exploration-increase-student-simulation/artifacts/episode-student_beers_wavelength_qwen25vl7b-00_latest,student_beers_wavelength_qwen25vl7b,Student-simulation,beers_wavelength,unknown,model_qwen25_vl_7b,False,,,True,False,
wandb_downloads_student_simulation/scientific-exploration-increase-student-simulation/artifacts/episode-student_concentration_qwen25vl3b-01_latest,student_concentration_qwen25vl3b,Student-simulation,concentration,unknown,model_qwen25_vl_3b,False,,,True,False,
wandb_downloads_student_simulation/scientific-exploration-increase-student-simulation/artifacts/episode-student_beers_wavelength_qwen25vl7b-09_latest,student_beers_wavelength_qwen25vl7b,Student-simulation,beers_wavelength,unknown,model_qwen25_vl_7b,False,,,True,False,
wandb_downloads_student_simulation/scientific-exploration-increase-student-simulation/artifacts/episode-student_concentration_qwen25vl3b-09_latest,student_concentration_qwen25vl3b,Student-simulation,concentration,unknown,model_qwen25_vl_3b,False,,,True,False,
wandb_downloads_student_simulation/scientific-exploration-increase-student-simulation/artifacts/episode-student_beers_wavelength_qwen25vl7b-03_latest,student_beers_wavelength_qwen25vl7b,Student-simulation,beers_wavelength,unknown,model_qwen25_vl_7b,False,,,True,False,
wandb_downloads_student_simulation/scientific-exploration-increase-student-simulation/artifacts/episode-student_concentration_qwen25vl3b-04_latest,student_concentration_qwen25vl3b,Student-simulation,concentration,unknown,model_qwen25_vl_3b,False,,,True,False,
wandb_downloads_student_simulation/scientific-exploration-increase-student-simulation/artifacts/episode-student_concentration_qwen25vl7b-09_latest,student_concentration_qwen25vl7b,Student-simulation,concentration,unknown,model_qwen25_vl_7b,False,,,True,False,
wandb_downloads_student_simulation_5projects/scientific-exploration-increase-student-simulation-chart-student/artifacts/episode-chart_student_beers_wavelength_model_qwen25_vl_3b-07_latest,chart_student_beers_wavelength_model_qwen25_vl_3b,Student-simulation,beers_wavelength,unknown,model_qwen25_vl_3b,False,,,True,False,
wandb_downloads_student_simulation_5projects/scientific-exploration-increase-student-simulation-chart-student/artifacts/episode-chart_student_beers_wavelength_model_qwen25_vl_3b-08_latest,chart_student_beers_wavelength_model_qwen25_vl_3b,Student-simulation,beers_wavelength,unknown,model_qwen25_vl_3b,False,,,True,False,
wandb_downloads_student_simulation_5projects/scientific-exploration-increase-student-simulation-chart-student/artifacts/episode-chart_student_beers_wavelength_model_qwen25_vl_7b-04_latest,chart_student_beers_wavelength_model_qwen25_vl_7b,Student-simulation,beers_wavelength,unknown,model_qwen25_vl_7b,False,,,True,False,
wandb_downloads_student_simulation_5projects/scientific-exploration-increase-student-simulation-chart-student/artifacts/episode-chart_student_beers_wavelength_model_qwen25_vl_3b-02_latest,chart_student_beers_wavelength_model_qwen25_vl_3b,Student-simulation,beers_wavelength,unknown,model_qwen25_vl_3b,False,,,True,False,
wandb_downloads_student_simulation_5projects/scientific-exploration-increase-student-simulation-chart-student/artifacts/episode-chart_student_concentration_model_qwen25_vl_3b-01_latest,chart_student_concentration_model_qwen25_vl_3b,Student-simulation,concentration,unknown,model_qwen25_vl_3b,False,,,True,False,
wandb_downloads_student_simulation_5projects/scientific-exploration-increase-student-simulation-chart-student/artifacts/episode-chart_student_concentration_model_qwen25_vl_3b-05_latest,chart_student_concentration_model_qwen25_vl_3b,Student-simulation,concentration,unknown,model_qwen25_vl_3b,False,,,True,False,
wandb_downloads_student_simulation_5projects/scientific-exploration-increase-student-simulation-chart-student/artifacts/episode-chart_student_concentration_model_qwen25_vl_3b-00_latest,chart_student_concentration_model_qwen25_vl_3b,Student-simulation,concentration,unknown,model_qwen25_vl_3b,False,,,True,False,
wandb_downloads_student_simulation_5projects/scientific-exploration-increase-student-simulation-chart-student/artifacts/episode-chart_student_beers_wavelength_model_qwen25_vl_3b-06_latest,chart_student_beers_wavelength_model_qwen25_vl_3b,Student-simulation,beers_wavelength,unknown,model_qwen25_vl_3b,False,,,True,False,
wandb_downloads_student_simulation_5projects/scientific-exploration-increase-student-simulation-chart-student/artifacts/episode-chart_student_concentration_model_qwen25_vl_7b-02_latest,chart_student_concentration_model_qwen25_vl_7b,Student-simulation,concentration,unknown,model_qwen25_vl_7b,False,,,True,False,
wandb_downloads_student_simulation_5projects/scientific-exploration-increase-student-simulation-chart-student/artifacts/episode-chart_student_beers_wavelength_model_qwen25_vl_7b-05_latest,chart_student_beers_wavelength_model_qwen25_vl_7b,Student-simulation,beers_wavelength,unknown,model_qwen25_vl_7b,False,,,True,False,
wandb_downloads_student_simulation_5projects/scientific-exploration-increase-student-simulation-chart-student/artifacts/episode-chart_student_beers_wavelength_model_qwen25_vl_7b-01_latest,chart_student_beers_wavelength_model_qwen25_vl_7b,Student-simulation,beers_wavelength,unknown,model_qwen25_vl_7b,False,,,True,False,
wandb_downloads_student_simulation_5projects/scientific-exploration-increase-student-simulation-chart-student/artifacts/episode-chart_student_beers_wavelength_model_qwen25_vl_7b-00_latest,chart_student_beers_wavelength_model_qwen25_vl_7b,Student-simulation,beers_wavelength,unknown,model_qwen25_vl_7b,False,,,True,False,
wandb_downloads_student_simulation_5projects/scientific-exploration-increase-student-simulation-chart-student/artifacts/episode-chart_student_concentration_model_qwen25_vl_3b-02_latest,chart_student_concentration_model_qwen25_vl_3b,Student-simulation,concentration,unknown,model_qwen25_vl_3b,False,,,True,False,
wandb_downloads_student_simulation_5projects/scientific-exploration-increase-student-simulation-chart-student/artifacts/episode-chart_student_concentration_model_qwen25_vl_3b-09_latest,chart_student_concentration_model_qwen25_vl_3b,Student-simulation,concentration,unknown,model_qwen25_vl_3b,False,,,True,False,
wandb_downloads_student_simulation_5projects/scientific-exploration-increase-student-simulation-chart-student/artifacts/episode-chart_student_beers_wavelength_model_qwen25_vl_7b-08_latest,chart_student_beers_wavelength_model_qwen25_vl_7b,Student-simulation,beers_wavelength,unknown,model_qwen25_vl_7b,False,,,True,False,
wandb_downloads_student_simulation_5projects/scientific-exploration-increase-student-simulation-chart-student/artifacts/episode-chart_student_concentration_model_qwen25_vl_3b-08_latest,chart_student_concentration_model_qwen25_vl_3b,Student-simulation,concentration,unknown,model_qwen25_vl_3b,False,,,True,False,
wandb_downloads_student_simulation_5projects/scientific-exploration-increase-student-simulation-chart-student/artifacts/episode-chart_student_concentration_model_qwen25_vl_3b-04_latest,chart_student_concentration_model_qwen25_vl_3b,Student-simulation,concentration,unknown,model_qwen25_vl_3b,False,,,True,False,
wandb_downloads_student_simulation_5projects/scientific-exploration-increase-student-simulation-chart-student/artifacts/episode-chart_student_concentration_model_qwen25_vl_7b-05_latest,chart_student_concentration_model_qwen25_vl_7b,Student-simulation,concentration,unknown,model_qwen25_vl_7b,False,,,True,False,
wandb_downloads_student_simulation_5projects/scientific-exploration-increase-student-simulation-chart-student/artifacts/episode-chart_student_concentration_model_qwen25_vl_7b-09_latest,chart_student_concentration_model_qwen25_vl_7b,Student-simulation,concentration,unknown,model_qwen25_vl_7b,False,,,True,False,
wandb_downloads_student_simulation_5projects/scientific-exploration-increase-student-simulation-chart-student/artifacts/episode-chart_student_concentration_model_qwen25_vl_3b-03_latest,chart_student_concentration_model_qwen25_vl_3b,Student-simulation,concentration,unknown,model_qwen25_vl_3b,False,,,True,False,
wandb_downloads_student_simulation_5projects/scientific-exploration-increase-student-simulation-chart-student/artifacts/episode-chart_student_beers_wavelength_model_qwen25_vl_3b-03_latest,chart_student_beers_wavelength_model_qwen25_vl_3b,Student-simulation,beers_wavelength,unknown,model_qwen25_vl_3b,False,,,True,False,
wandb_downloads_student_simulation_5projects/scientific-exploration-increase-student-simulation-chart-student/artifacts/episode-chart_student_beers_wavelength_model_qwen25_vl_3b-05_latest,chart_student_beers_wavelength_model_qwen25_vl_3b,Student-simulation,beers_wavelength,unknown,model_qwen25_vl_3b,False,,,True,False,
wandb_downloads_student_simulation_5projects/scientific-exploration-increase-student-simulation-chart-student/artifacts/episode-chart_student_concentration_model_qwen25_vl_3b-06_latest,chart_student_concentration_model_qwen25_vl_3b,Student-simulation,concentration,unknown,model_qwen25_vl_3b,False,,,True,False,
wandb_downloads_student_simulation_5projects/scientific-exploration-increase-student-simulation-chart-student/artifacts/episode-chart_student_concentration_model_qwen25_vl_7b-08_latest,chart_student_concentration_model_qwen25_vl_7b,Student-simulation,concentration,unknown,model_qwen25_vl_7b,False,,,True,False,
wandb_downloads_student_simulation_5projects/scientific-exploration-increase-student-simulation-chart-student/artifacts/episode-chart_student_beers_wavelength_model_qwen25_vl_3b-01_latest,chart_student_beers_wavelength_model_qwen25_vl_3b,Student-simulation,beers_wavelength,unknown,model_qwen25_vl_3b,False,,,True,False,
wandb_downloads_student_simulation_5projects/scientific-exploration-increase-student-simulation-chart-student/artifacts/episode-chart_student_concentration_model_qwen25_vl_7b-06_latest,chart_student_concentration_model_qwen25_vl_7b,Student-simulation,concentration,unknown,model_qwen25_vl_7b,False,,,True,False,
wandb_downloads_student_simulation_5projects/scientific-exploration-increase-student-simulation-chart-student/artifacts/episode-chart_student_beers_wavelength_model_qwen25_vl_3b-09_latest,chart_student_beers_wavelength_model_qwen25_vl_3b,Student-simulation,beers_wavelength,unknown,model_qwen25_vl_3b,False,,,True,False,
wandb_downloads_student_simulation_5projects/scientific-exploration-increase-student-simulation-chart-student/artifacts/episode-chart_student_concentration_model_qwen25_vl_7b-03_latest,chart_student_concentration_model_qwen25_vl_7b,Student-simulation,concentration,unknown,model_qwen25_vl_7b,False,,,True,False,
wandb_downloads_student_simulation_5projects/scientific-exploration-increase-student-simulation-chart-student/artifacts/episode-chart_student_concentration_model_qwen25_vl_7b-07_latest,chart_student_concentration_model_qwen25_vl_7b,Student-simulation,concentration,unknown,model_qwen25_vl_7b,False,,,True,False,
wandb_downloads_student_simulation_5projects/scientific-exploration-increase-student-simulation-chart-student/artifacts/episode-chart_student_beers_wavelength_model_qwen25_vl_3b-04_latest,chart_student_beers_wavelength_model_qwen25_vl_3b,Student-simulation,beers_wavelength,unknown,model_qwen25_vl_3b,False,,,True,False,
wandb_downloads_student_simulation_5projects/scientific-exploration-increase-student-simulation-chart-student/artifacts/episode-chart_student_beers_wavelength_model_qwen25_vl_7b-03_latest,chart_student_beers_wavelength_model_qwen25_vl_7b,Student-simulation,beers_wavelength,unknown,model_qwen25_vl_7b,False,,,True,False,
wandb_downloads_student_simulation_5projects/scientific-exploration-increase-student-simulation-chart-student/artifacts/episode-chart_student_beers_wavelength_model_qwen25_vl_7b-09_latest,chart_student_beers_wavelength_model_qwen25_vl_7b,Student-simulation,beers_wavelength,unknown,model_qwen25_vl_7b,False,,,True,False,
wandb_downloads_student_simulation_5projects/scientific-exploration-increase-student-simulation-chart-student/artifacts/episode-chart_student_beers_wavelength_model_qwen25_vl_7b-02_latest,chart_student_beers_wavelength_model_qwen25_vl_7b,Student-simulation,beers_wavelength,unknown,model_qwen25_vl_7b,False,,,True,False,
wandb_downloads_student_simulation_5projects/scientific-exploration-increase-student-simulation-chart-student/artifacts/episode-chart_student_beers_wavelength_model_qwen25_vl_7b-07_latest,chart_student_beers_wavelength_model_qwen25_vl_7b,Student-simulation,beers_wavelength,unknown,model_qwen25_vl_7b,False,,,True,False,
wandb_downloads_student_simulation_5projects/scientific-exploration-increase-student-simulation-chart-student/artifacts/episode-chart_student_beers_wavelength_model_qwen25_vl_7b-06_latest,chart_student_beers_wavelength_model_qwen25_vl_7b,Student-simulation,beers_wavelength,unknown,model_qwen25_vl_7b,False,,,True,False,
wandb_downloads_student_simulation_5projects/scientific-exploration-increase-student-simulation-chart-student/artifacts/episode-chart_student_concentration_model_qwen25_vl_7b-01_latest,chart_student_concentration_model_qwen25_vl_7b,Student-simulation,concentration,unknown,model_qwen25_vl_7b,False,,,True,False,
wandb_downloads_student_simulation_5projects/scientific-exploration-increase-student-simulation-chart-student/artifacts/episode-chart_student_concentration_model_qwen25_vl_7b-04_latest,chart_student_concentration_model_qwen25_vl_7b,Student-simulation,concentration,unknown,model_qwen25_vl_7b,False,,,True,False,
wandb_downloads_student_simulation_5projects/scientific-exploration-increase-student-simulation-chart-student/artifacts/episode-chart_student_concentration_model_qwen25_vl_3b-07_latest,chart_student_concentration_model_qwen25_vl_3b,Student-simulation,concentration,unknown,model_qwen25_vl_3b,False,,,True,False,
wandb_downloads_student_simulation_5projects/scientific-exploration-increase-student-simulation-chart-student/artifacts/episode-chart_student_beers_wavelength_model_qwen25_vl_3b-00_latest,chart_student_beers_wavelength_model_qwen25_vl_3b,Student-simulation,beers_wavelength,unknown,model_qwen25_vl_3b,False,,,True,False,
wandb_downloads_student_simulation_5projects/scientific-exploration-increase-student-simulation-chart-student/artifacts/episode-chart_student_concentration_model_qwen25_vl_7b-00_latest,chart_student_concentration_model_qwen25_vl_7b,Student-simulation,concentration,unknown,model_qwen25_vl_7b,False,,,True,False,
wandb_downloads_student_simulation_5projects/scientific-exploration-increase-student-simulation-simulation-normal/artifacts/episode-simulation_normal_concentration_model_qwen25_vl_3b-00_latest,simulation_normal_concentration_model_qwen25_vl_3b,Student-simulation,concentration,unknown,model_qwen25_vl_3b,False,,,True,False,
wandb_downloads_student_simulation_5projects/scientific-exploration-increase-student-simulation-simulation-normal/artifacts/episode-simulation_normal_beers_wavelength_model_qwen25_vl_3b-02_latest,simulation_normal_beers_wavelength_model_qwen25_vl_3b,Student-simulation,beers_wavelength,unknown,model_qwen25_vl_3b,False,,,True,True,
wandb_downloads_student_simulation_5projects/scientific-exploration-increase-student-simulation-simulation-normal/artifacts/episode-simulation_normal_concentration_model_qwen25_vl_3b-02_latest,simulation_normal_concentration_model_qwen25_vl_3b,Student-simulation,concentration,unknown,model_qwen25_vl_3b,False,,,True,False,
wandb_downloads_student_simulation_5projects/scientific-exploration-increase-student-simulation-simulation-normal/artifacts/episode-simulation_normal_beers_wavelength_model_qwen25_vl_7b-08_latest,simulation_normal_beers_wavelength_model_qwen25_vl_7b,Student-simulation,beers_wavelength,unknown,model_qwen25_vl_7b,False,,,True,False,
wandb_downloads_student_simulation_5projects/scientific-exploration-increase-student-simulation-simulation-normal/artifacts/episode-simulation_normal_beers_wavelength_model_qwen25_vl_3b-06_latest,simulation_normal_beers_wavelength_model_qwen25_vl_3b,Student-simulation,beers_wavelength,unknown,model_qwen25_vl_3b,False,,,True,False,
wandb_downloads_student_simulation_5projects/scientific-exploration-increase-student-simulation-simulation-normal/artifacts/episode-simulation_normal_beers_wavelength_model_qwen25_vl_7b-04_latest,simulation_normal_beers_wavelength_model_qwen25_vl_7b,Student-simulation,beers_wavelength,unknown,model_qwen25_vl_7b,False,,,True,False,
wandb_downloads_student_simulation_5projects/scientific-exploration-increase-student-simulation-simulation-normal/artifacts/episode-simulation_normal_concentration_model_qwen25_vl_7b-03_latest,simulation_normal_concentration_model_qwen25_vl_7b,Student-simulation,concentration,unknown,model_qwen25_vl_7b,False,,,True,True,
wandb_downloads_student_simulation_5projects/scientific-exploration-increase-student-simulation-simulation-normal/artifacts/episode-simulation_normal_concentration_model_qwen25_vl_3b-04_latest,simulation_normal_concentration_model_qwen25_vl_3b,Student-simulation,concentration,unknown,model_qwen25_vl_3b,False,,,True,True,
wandb_downloads_student_simulation_5projects/scientific-exploration-increase-student-simulation-simulation-normal/artifacts/episode-simulation_normal_concentration_model_qwen25_vl_7b-06_latest,simulation_normal_concentration_model_qwen25_vl_7b,Student-simulation,concentration,unknown,model_qwen25_vl_7b,False,,,True,True,
wandb_downloads_student_simulation_5projects/scientific-exploration-increase-student-simulation-simulation-normal/artifacts/episode-simulation_normal_beers_wavelength_model_qwen25_vl_7b-00_latest,simulation_normal_beers_wavelength_model_qwen25_vl_7b,Student-simulation,beers_wavelength,unknown,model_qwen25_vl_7b,False,,,True,False,
wandb_downloads_student_simulation_5projects/scientific-exploration-increase-student-simulation-simulation-normal/artifacts/episode-simulation_normal_beers_wavelength_model_qwen25_vl_3b-03_latest,simulation_normal_beers_wavelength_model_qwen25_vl_3b,Student-simulation,beers_wavelength,unknown,model_qwen25_vl_3b,False,,,True,False,
wandb_downloads_student_simulation_5projects/scientific-exploration-increase-student-simulation-simulation-normal/artifacts/episode-simulation_normal_beers_wavelength_model_qwen25_vl_7b-05_latest,simulation_normal_beers_wavelength_model_qwen25_vl_7b,Student-simulation,beers_wavelength,unknown,model_qwen25_vl_7b,False,,,True,False,
wandb_downloads_student_simulation_5projects/scientific-exploration-increase-student-simulation-simulation-normal/artifacts/episode-simulation_normal_beers_wavelength_model_qwen25_vl_3b-09_latest,simulation_normal_beers_wavelength_model_qwen25_vl_3b,Student-simulation,beers_wavelength,unknown,model_qwen25_vl_3b,False,,,True,False,
wandb_downloads_student_simulation_5projects/scientific-exploration-increase-student-simulation-simulation-normal/artifacts/episode-simulation_normal_beers_wavelength_model_qwen25_vl_7b-03_latest,simulation_normal_beers_wavelength_model_qwen25_vl_7b,Student-simulation,beers_wavelength,unknown,model_qwen25_vl_7b,False,,,True,False,
wandb_downloads_student_simulation_5projects/scientific-exploration-increase-student-simulation-simulation-normal/artifacts/episode-simulation_normal_concentration_model_qwen25_vl_3b-05_latest,simulation_normal_concentration_model_qwen25_vl_3b,Student-simulation,concentration,unknown,model_qwen25_vl_3b,False,,,True,True,
wandb_downloads_student_simulation_5projects/scientific-exploration-increase-student-simulation-simulation-normal/artifacts/episode-simulation_normal_beers_wavelength_model_qwen25_vl_7b-06_latest,simulation_normal_beers_wavelength_model_qwen25_vl_7b,Student-simulation,beers_wavelength,unknown,model_qwen25_vl_7b,False,,,True,False,
wandb_downloads_student_simulation_5projects/scientific-exploration-increase-student-simulation-simulation-normal/artifacts/episode-simulation_normal_beers_wavelength_model_qwen25_vl_3b-00_latest,simulation_normal_beers_wavelength_model_qwen25_vl_3b,Student-simulation,beers_wavelength,unknown,model_qwen25_vl_3b,False,,,True,False,
wandb_downloads_student_simulation_5projects/scientific-exploration-increase-student-simulation-simulation-normal/artifacts/episode-simulation_normal_concentration_model_qwen25_vl_7b-02_latest,simulation_normal_concentration_model_qwen25_vl_7b,Student-simulation,concentration,unknown,model_qwen25_vl_7b,False,,,True,True,
wandb_downloads_student_simulation_5projects/scientific-exploration-increase-student-simulation-simulation-normal/artifacts/episode-simulation_normal_concentration_model_qwen25_vl_3b-08_latest,simulation_normal_concentration_model_qwen25_vl_3b,Student-simulation,concentration,unknown,model_qwen25_vl_3b,False,,,True,False,
wandb_downloads_student_simulation_5projects/scientific-exploration-increase-student-simulation-simulation-normal/artifacts/episode-simulation_normal_concentration_model_qwen25_vl_7b-01_latest,simulation_normal_concentration_model_qwen25_vl_7b,Student-simulation,concentration,unknown,model_qwen25_vl_7b,False,,,True,False,
wandb_downloads_student_simulation_5projects/scientific-exploration-increase-student-simulation-simulation-normal/artifacts/episode-simulation_normal_beers_wavelength_model_qwen25_vl_7b-09_latest,simulation_normal_beers_wavelength_model_qwen25_vl_7b,Student-simulation,beers_wavelength,unknown,model_qwen25_vl_7b,False,,,True,False,
wandb_downloads_student_simulation_5projects/scientific-exploration-increase-student-simulation-simulation-normal/artifacts/episode-simulation_normal_beers_wavelength_model_qwen25_vl_3b-05_latest,simulation_normal_beers_wavelength_model_qwen25_vl_3b,Student-simulation,beers_wavelength,unknown,model_qwen25_vl_3b,False,,,True,False,
wandb_downloads_student_simulation_5projects/scientific-exploration-increase-student-simulation-simulation-normal/artifacts/episode-simulation_normal_concentration_model_qwen25_vl_3b-03_latest,simulation_normal_concentration_model_qwen25_vl_3b,Student-simulation,concentration,unknown,model_qwen25_vl_3b,False,,,True,True,
wandb_downloads_student_simulation_5projects/scientific-exploration-increase-student-simulation-simulation-normal/artifacts/episode-simulation_normal_concentration_model_qwen25_vl_3b-06_latest,simulation_normal_concentration_model_qwen25_vl_3b,Student-simulation,concentration,unknown,model_qwen25_vl_3b,False,,,True,False,
wandb_downloads_student_simulation_5projects/scientific-exploration-increase-student-simulation-simulation-normal/artifacts/episode-simulation_normal_beers_wavelength_model_qwen25_vl_3b-07_latest,simulation_normal_beers_wavelength_model_qwen25_vl_3b,Student-simulation,beers_wavelength,unknown,model_qwen25_vl_3b,False,,,True,False,
wandb_downloads_student_simulation_5projects/scientific-exploration-increase-student-simulation-simulation-normal/artifacts/episode-simulation_normal_beers_wavelength_model_qwen25_vl_3b-01_latest,simulation_normal_beers_wavelength_model_qwen25_vl_3b,Student-simulation,beers_wavelength,unknown,model_qwen25_vl_3b,False,,,True,False,
wandb_downloads_student_simulation_5projects/scientific-exploration-increase-student-simulation-simulation-normal/artifacts/episode-simulation_normal_concentration_model_qwen25_vl_7b-08_latest,simulation_normal_concentration_model_qwen25_vl_7b,Student-simulation,concentration,unknown,model_qwen25_vl_7b,False,,,True,True,
wandb_downloads_student_simulation_5projects/scientific-exploration-increase-student-simulation-simulation-normal/artifacts/episode-simulation_normal_concentration_model_qwen25_vl_3b-09_latest,simulation_normal_concentration_model_qwen25_vl_3b,Student-simulation,concentration,unknown,model_qwen25_vl_3b,False,,,True,True,
wandb_downloads_student_simulation_5projects/scientific-exploration-increase-student-simulation-simulation-normal/artifacts/episode-simulation_normal_beers_wavelength_model_qwen25_vl_7b-01_latest,simulation_normal_beers_wavelength_model_qwen25_vl_7b,Student-simulation,beers_wavelength,unknown,model_qwen25_vl_7b,False,,,True,False,
wandb_downloads_student_simulation_5projects/scientific-exploration-increase-student-simulation-simulation-normal/artifacts/episode-simulation_normal_concentration_model_qwen25_vl_7b-07_latest,simulation_normal_concentration_model_qwen25_vl_7b,Student-simulation,concentration,unknown,model_qwen25_vl_7b,False,,,True,False,
wandb_downloads_student_simulation_5projects/scientific-exploration-increase-student-simulation-simulation-normal/artifacts/episode-simulation_normal_concentration_model_qwen25_vl_7b-04_latest,simulation_normal_concentration_model_qwen25_vl_7b,Student-simulation,concentration,unknown,model_qwen25_vl_7b,False,,,True,True,
wandb_downloads_student_simulation_5projects/scientific-exploration-increase-student-simulation-simulation-normal/artifacts/episode-simulation_normal_concentration_model_qwen25_vl_7b-00_latest,simulation_normal_concentration_model_qwen25_vl_7b,Student-simulation,concentration,unknown,model_qwen25_vl_7b,False,,,True,True,
wandb_downloads_student_simulation_5projects/scientific-exploration-increase-student-simulation-simulation-normal/artifacts/episode-simulation_normal_beers_wavelength_model_qwen25_vl_7b-02_latest,simulation_normal_beers_wavelength_model_qwen25_vl_7b,Student-simulation,beers_wavelength,unknown,model_qwen25_vl_7b,False,,,True,False,
wandb_downloads_student_simulation_5projects/scientific-exploration-increase-student-simulation-simulation-normal/artifacts/episode-simulation_normal_beers_wavelength_model_qwen25_vl_3b-08_latest,simulation_normal_beers_wavelength_model_qwen25_vl_3b,Student-simulation,beers_wavelength,unknown,model_qwen25_vl_3b,False,,,True,False,
wandb_downloads_student_simulation_5projects/scientific-exploration-increase-student-simulation-simulation-normal/artifacts/episode-simulation_normal_beers_wavelength_model_qwen25_vl_3b-04_latest,simulation_normal_beers_wavelength_model_qwen25_vl_3b,Student-simulation,beers_wavelength,unknown,model_qwen25_vl_3b,False,,,True,False,
wandb_downloads_student_simulation_5projects/scientific-exploration-increase-student-simulation-simulation-normal/artifacts/episode-simulation_normal_concentration_model_qwen25_vl_3b-07_latest,simulation_normal_concentration_model_qwen25_vl_3b,Student-simulation,concentration,unknown,model_qwen25_vl_3b,False,,,True,False,
wandb_downloads_student_simulation_5projects/scientific-exploration-increase-student-simulation-simulation-normal/artifacts/episode-simulation_normal_concentration_model_qwen25_vl_7b-09_latest,simulation_normal_concentration_model_qwen25_vl_7b,Student-simulation,concentration,unknown,model_qwen25_vl_7b,False,,,True,False,
wandb_downloads_student_simulation_5projects/scientific-exploration-increase-student-simulation-simulation-normal/artifacts/episode-simulation_normal_concentration_model_qwen25_vl_7b-05_latest,simulation_normal_concentration_model_qwen25_vl_7b,Student-simulation,concentration,unknown,model_qwen25_vl_7b,False,,,True,False,
wandb_downloads_student_simulation_5projects/scientific-exploration-increase-student-simulation-simulation-normal/artifacts/episode-simulation_normal_concentration_model_qwen25_vl_3b-01_latest,simulation_normal_concentration_model_qwen25_vl_3b,Student-simulation,concentration,unknown,model_qwen25_vl_3b,False,,,True,True,
wandb_downloads_student_simulation_5projects/scientific-exploration-increase-student-simulation-simulation-normal/artifacts/episode-simulation_normal_beers_wavelength_model_qwen25_vl_7b-07_latest,simulation_normal_beers_wavelength_model_qwen25_vl_7b,Student-simulation,beers_wavelength,unknown,model_qwen25_vl_7b,False,,,True,False,
wandb_downloads_student_simulation_5projects/scientific-exploration-increase-student-simulation-chart-normal/artifacts/episode-chart_normal_concentration_model_qwen25_vl_3b-00_latest,chart_normal_concentration_model_qwen25_vl_3b,Student-simulation,concentration,unknown,model_qwen25_vl_3b,False,,,True,False,
wandb_downloads_student_simulation_5projects/scientific-exploration-increase-student-simulation-chart-normal/artifacts/episode-chart_normal_beers_wavelength_model_qwen25_vl_7b-04_latest,chart_normal_beers_wavelength_model_qwen25_vl_7b,Student-simulation,beers_wavelength,unknown,model_qwen25_vl_7b,False,,,True,False,
wandb_downloads_student_simulation_5projects/scientific-exploration-increase-student-simulation-chart-normal/artifacts/episode-chart_normal_concentration_model_qwen25_vl_7b-08_latest,chart_normal_concentration_model_qwen25_vl_7b,Student-simulation,concentration,unknown,model_qwen25_vl_7b,False,,,True,False,
wandb_downloads_student_simulation_5projects/scientific-exploration-increase-student-simulation-chart-normal/artifacts/episode-chart_normal_concentration_model_qwen25_vl_7b-02_latest,chart_normal_concentration_model_qwen25_vl_7b,Student-simulation,concentration,unknown,model_qwen25_vl_7b,False,,,True,False,
wandb_downloads_student_simulation_5projects/scientific-exploration-increase-student-simulation-chart-normal/artifacts/episode-chart_normal_concentration_model_qwen25_vl_3b-08_latest,chart_normal_concentration_model_qwen25_vl_3b,Student-simulation,concentration,unknown,model_qwen25_vl_3b,False,,,True,False,
wandb_downloads_student_simulation_5projects/scientific-exploration-increase-student-simulation-chart-normal/artifacts/episode-chart_normal_beers_wavelength_model_qwen25_vl_3b-00_latest,chart_normal_beers_wavelength_model_qwen25_vl_3b,Student-simulation,beers_wavelength,unknown,model_qwen25_vl_3b,False,,,True,False,
wandb_downloads_student_simulation_5projects/scientific-exploration-increase-student-simulation-chart-normal/artifacts/episode-chart_normal_beers_wavelength_model_qwen25_vl_7b-06_latest,chart_normal_beers_wavelength_model_qwen25_vl_7b,Student-simulation,beers_wavelength,unknown,model_qwen25_vl_7b,False,,,True,False,
wandb_downloads_student_simulation_5projects/scientific-exploration-increase-student-simulation-chart-normal/artifacts/episode-chart_normal_beers_wavelength_model_qwen25_vl_3b-01_latest,chart_normal_beers_wavelength_model_qwen25_vl_3b,Student-simulation,beers_wavelength,unknown,model_qwen25_vl_3b,False,,,True,False,
wandb_downloads_student_simulation_5projects/scientific-exploration-increase-student-simulation-chart-normal/artifacts/episode-chart_normal_concentration_model_qwen25_vl_3b-05_latest,chart_normal_concentration_model_qwen25_vl_3b,Student-simulation,concentration,unknown,model_qwen25_vl_3b,False,,,True,False,
wandb_downloads_student_simulation_5projects/scientific-exploration-increase-student-simulation-chart-normal/artifacts/episode-chart_normal_beers_wavelength_model_qwen25_vl_3b-03_latest,chart_normal_beers_wavelength_model_qwen25_vl_3b,Student-simulation,beers_wavelength,unknown,model_qwen25_vl_3b,False,,,True,False,
wandb_downloads_student_simulation_5projects/scientific-exploration-increase-student-simulation-chart-normal/artifacts/episode-chart_normal_beers_wavelength_model_qwen25_vl_3b-05_latest,chart_normal_beers_wavelength_model_qwen25_vl_3b,Student-simulation,beers_wavelength,unknown,model_qwen25_vl_3b,False,,,True,False,
wandb_downloads_student_simulation_5projects/scientific-exploration-increase-student-simulation-chart-normal/artifacts/episode-chart_normal_concentration_model_qwen25_vl_7b-01_latest,chart_normal_concentration_model_qwen25_vl_7b,Student-simulation,concentration,unknown,model_qwen25_vl_7b,False,,,True,False,
wandb_downloads_student_simulation_5projects/scientific-exploration-increase-student-simulation-chart-normal/artifacts/episode-chart_normal_concentration_model_qwen25_vl_7b-09_latest,chart_normal_concentration_model_qwen25_vl_7b,Student-simulation,concentration,unknown,model_qwen25_vl_7b,False,,,True,False,
wandb_downloads_student_simulation_5projects/scientific-exploration-increase-student-simulation-chart-normal/artifacts/episode-chart_normal_beers_wavelength_model_qwen25_vl_3b-09_latest,chart_normal_beers_wavelength_model_qwen25_vl_3b,Student-simulation,beers_wavelength,unknown,model_qwen25_vl_3b,False,,,True,False,
wandb_downloads_student_simulation_5projects/scientific-exploration-increase-student-simulation-chart-normal/artifacts/episode-chart_normal_concentration_model_qwen25_vl_3b-06_latest,chart_normal_concentration_model_qwen25_vl_3b,Student-simulation,concentration,unknown,model_qwen25_vl_3b,False,,,True,False,
wandb_downloads_student_simulation_5projects/scientific-exploration-increase-student-simulation-chart-normal/artifacts/episode-chart_normal_beers_wavelength_model_qwen25_vl_7b-01_latest,chart_normal_beers_wavelength_model_qwen25_vl_7b,Student-simulation,beers_wavelength,unknown,model_qwen25_vl_7b,False,,,True,False,
wandb_downloads_student_simulation_5projects/scientific-exploration-increase-student-simulation-chart-normal/artifacts/episode-chart_normal_beers_wavelength_model_qwen25_vl_3b-02_latest,chart_normal_beers_wavelength_model_qwen25_vl_3b,Student-simulation,beers_wavelength,unknown,model_qwen25_vl_3b,False,,,True,False,
wandb_downloads_student_simulation_5projects/scientific-exploration-increase-student-simulation-chart-normal/artifacts/episode-chart_normal_concentration_model_qwen25_vl_7b-05_latest,chart_normal_concentration_model_qwen25_vl_7b,Student-simulation,concentration,unknown,model_qwen25_vl_7b,False,,,True,False,
wandb_downloads_student_simulation_5projects/scientific-exploration-increase-student-simulation-chart-normal/artifacts/episode-chart_normal_beers_wavelength_model_qwen25_vl_7b-00_latest,chart_normal_beers_wavelength_model_qwen25_vl_7b,Student-simulation,beers_wavelength,unknown,model_qwen25_vl_7b,False,,,True,False,
wandb_downloads_student_simulation_5projects/scientific-exploration-increase-student-simulation-chart-normal/artifacts/episode-chart_normal_concentration_model_qwen25_vl_7b-04_latest,chart_normal_concentration_model_qwen25_vl_7b,Student-simulation,concentration,unknown,model_qwen25_vl_7b,False,,,True,False,
wandb_downloads_student_simulation_5projects/scientific-exploration-increase-student-simulation-chart-normal/artifacts/episode-chart_normal_concentration_model_qwen25_vl_3b-03_latest,chart_normal_concentration_model_qwen25_vl_3b,Student-simulation,concentration,unknown,model_qwen25_vl_3b,False,,,True,False,
wandb_downloads_student_simulation_5projects/scientific-exploration-increase-student-simulation-chart-normal/artifacts/episode-chart_normal_beers_wavelength_model_qwen25_vl_7b-05_latest,chart_normal_beers_wavelength_model_qwen25_vl_7b,Student-simulation,beers_wavelength,unknown,model_qwen25_vl_7b,False,,,True,False,
wandb_downloads_student_simulation_5projects/scientific-exploration-increase-student-simulation-chart-normal/artifacts/episode-chart_normal_concentration_model_qwen25_vl_7b-03_latest,chart_normal_concentration_model_qwen25_vl_7b,Student-simulation,concentration,unknown,model_qwen25_vl_7b,False,,,True,False,
wandb_downloads_student_simulation_5projects/scientific-exploration-increase-student-simulation-chart-normal/artifacts/episode-chart_normal_concentration_model_qwen25_vl_7b-07_latest,chart_normal_concentration_model_qwen25_vl_7b,Student-simulation,concentration,unknown,model_qwen25_vl_7b,False,,,True,False,
wandb_downloads_student_simulation_5projects/scientific-exploration-increase-student-simulation-chart-normal/artifacts/episode-chart_normal_concentration_model_qwen25_vl_3b-07_latest,chart_normal_concentration_model_qwen25_vl_3b,Student-simulation,concentration,unknown,model_qwen25_vl_3b,False,,,True,False,
wandb_downloads_student_simulation_5projects/scientific-exploration-increase-student-simulation-chart-normal/artifacts/episode-chart_normal_concentration_model_qwen25_vl_7b-00_latest,chart_normal_concentration_model_qwen25_vl_7b,Student-simulation,concentration,unknown,model_qwen25_vl_7b,False,,,True,False,
wandb_downloads_student_simulation_5projects/scientific-exploration-increase-student-simulation-chart-normal/artifacts/episode-chart_normal_concentration_model_qwen25_vl_3b-04_latest,chart_normal_concentration_model_qwen25_vl_3b,Student-simulation,concentration,unknown,model_qwen25_vl_3b,False,,,True,False,
wandb_downloads_student_simulation_5projects/scientific-exploration-increase-student-simulation-chart-normal/artifacts/episode-chart_normal_concentration_model_qwen25_vl_3b-02_latest,chart_normal_concentration_model_qwen25_vl_3b,Student-simulation,concentration,unknown,model_qwen25_vl_3b,False,,,True,False,
wandb_downloads_student_simulation_5projects/scientific-exploration-increase-student-simulation-chart-normal/artifacts/episode-chart_normal_beers_wavelength_model_qwen25_vl_7b-08_latest,chart_normal_beers_wavelength_model_qwen25_vl_7b,Student-simulation,beers_wavelength,unknown,model_qwen25_vl_7b,False,,,True,False,
wandb_downloads_student_simulation_5projects/scientific-exploration-increase-student-simulation-chart-normal/artifacts/episode-chart_normal_concentration_model_qwen25_vl_7b-06_latest,chart_normal_concentration_model_qwen25_vl_7b,Student-simulation,concentration,unknown,model_qwen25_vl_7b,False,,,True,False,
wandb_downloads_student_simulation_5projects/scientific-exploration-increase-student-simulation-chart-normal/artifacts/episode-chart_normal_beers_wavelength_model_qwen25_vl_3b-06_latest,chart_normal_beers_wavelength_model_qwen25_vl_3b,Student-simulation,beers_wavelength,unknown,model_qwen25_vl_3b,False,,,True,False,
wandb_downloads_student_simulation_5projects/scientific-exploration-increase-student-simulation-chart-normal/artifacts/episode-chart_normal_beers_wavelength_model_qwen25_vl_3b-07_latest,chart_normal_beers_wavelength_model_qwen25_vl_3b,Student-simulation,beers_wavelength,unknown,model_qwen25_vl_3b,False,,,True,False,
wandb_downloads_student_simulation_5projects/scientific-exploration-increase-student-simulation-chart-normal/artifacts/episode-chart_normal_concentration_model_qwen25_vl_3b-01_latest,chart_normal_concentration_model_qwen25_vl_3b,Student-simulation,concentration,unknown,model_qwen25_vl_3b,False,,,True,False,
wandb_downloads_student_simulation_5projects/scientific-exploration-increase-student-simulation-chart-normal/artifacts/episode-chart_normal_beers_wavelength_model_qwen25_vl_7b-03_latest,chart_normal_beers_wavelength_model_qwen25_vl_7b,Student-simulation,beers_wavelength,unknown,model_qwen25_vl_7b,False,,,True,False,
wandb_downloads_student_simulation_5projects/scientific-exploration-increase-student-simulation-chart-normal/artifacts/episode-chart_normal_beers_wavelength_model_qwen25_vl_7b-09_latest,chart_normal_beers_wavelength_model_qwen25_vl_7b,Student-simulation,beers_wavelength,unknown,model_qwen25_vl_7b,False,,,True,False,
wandb_downloads_student_simulation_5projects/scientific-exploration-increase-student-simulation-chart-normal/artifacts/episode-chart_normal_beers_wavelength_model_qwen25_vl_3b-08_latest,chart_normal_beers_wavelength_model_qwen25_vl_3b,Student-simulation,beers_wavelength,unknown,model_qwen25_vl_3b,False,,,True,False,
wandb_downloads_student_simulation_5projects/scientific-exploration-increase-student-simulation-chart-normal/artifacts/episode-chart_normal_beers_wavelength_model_qwen25_vl_7b-02_latest,chart_normal_beers_wavelength_model_qwen25_vl_7b,Student-simulation,beers_wavelength,unknown,model_qwen25_vl_7b,False,,,True,False,
wandb_downloads_student_simulation_5projects/scientific-exploration-increase-student-simulation-chart-normal/artifacts/episode-chart_normal_concentration_model_qwen25_vl_3b-09_latest,chart_normal_concentration_model_qwen25_vl_3b,Student-simulation,concentration,unknown,model_qwen25_vl_3b,False,,,True,False,
wandb_downloads_student_simulation_5projects/scientific-exploration-increase-student-simulation-chart-normal/artifacts/episode-chart_normal_beers_wavelength_model_qwen25_vl_3b-04_latest,chart_normal_beers_wavelength_model_qwen25_vl_3b,Student-simulation,beers_wavelength,unknown,model_qwen25_vl_3b,False,,,True,True,
wandb_downloads_student_simulation_5projects/scientific-exploration-increase-student-simulation-chart-normal/artifacts/episode-chart_normal_beers_wavelength_model_qwen25_vl_7b-07_latest,chart_normal_beers_wavelength_model_qwen25_vl_7b,Student-simulation,beers_wavelength,unknown,model_qwen25_vl_7b,False,,,True,False,
wandb_downloads_student_simulation_5projects/scientific-exploration-increase-student-simulation-text-normal/artifacts/episode-text_normal_beers_wavelength_model_qwen35_9b-08_latest,text_normal_beers_wavelength_model_qwen35_9b,Student-simulation,beers_wavelength,unknown,model_qwen35_9b,False,,,True,False,
wandb_downloads_student_simulation_5projects/scientific-exploration-increase-student-simulation-text-normal/artifacts/episode-text_normal_concentration_model_qwen35_9b-09_latest,text_normal_concentration_model_qwen35_9b,Student-simulation,concentration,unknown,model_qwen35_9b,False,,,True,False,
wandb_downloads_student_simulation_5projects/scientific-exploration-increase-student-simulation-text-normal/artifacts/episode-text_normal_beers_wavelength_model_qwen35_9b-03_latest,text_normal_beers_wavelength_model_qwen35_9b,Student-simulation,beers_wavelength,unknown,model_qwen35_9b,False,,,True,False,
wandb_downloads_student_simulation_5projects/scientific-exploration-increase-student-simulation-text-normal/artifacts/episode-text_normal_beers_wavelength_model_qwen35_4b-00_latest,text_normal_beers_wavelength_model_qwen35_4b,Student-simulation,beers_wavelength,unknown,model_qwen35_4b,False,,,True,False,
wandb_downloads_student_simulation_5projects/scientific-exploration-increase-student-simulation-text-normal/artifacts/episode-text_normal_beers_wavelength_model_qwen35_9b-09_latest,text_normal_beers_wavelength_model_qwen35_9b,Student-simulation,beers_wavelength,unknown,model_qwen35_9b,False,,,True,False,
wandb_downloads_student_simulation_5projects/scientific-exploration-increase-student-simulation-text-normal/artifacts/episode-text_normal_concentration_model_qwen35_4b-04_latest,text_normal_concentration_model_qwen35_4b,Student-simulation,concentration,unknown,model_qwen35_4b,False,,,True,False,
wandb_downloads_student_simulation_5projects/scientific-exploration-increase-student-simulation-text-normal/artifacts/episode-text_normal_beers_wavelength_model_qwen35_9b-06_latest,text_normal_beers_wavelength_model_qwen35_9b,Student-simulation,beers_wavelength,unknown,model_qwen35_9b,False,,,True,False,
wandb_downloads_student_simulation_5projects/scientific-exploration-increase-student-simulation-text-normal/artifacts/episode-text_normal_concentration_model_qwen35_9b-04_latest,text_normal_concentration_model_qwen35_9b,Student-simulation,concentration,unknown,model_qwen35_9b,False,,,True,False,
wandb_downloads_student_simulation_5projects/scientific-exploration-increase-student-simulation-text-normal/artifacts/episode-text_normal_beers_wavelength_model_qwen35_9b-07_latest,text_normal_beers_wavelength_model_qwen35_9b,Student-simulation,beers_wavelength,unknown,model_qwen35_9b,False,,,True,False,
wandb_downloads_student_simulation_5projects/scientific-exploration-increase-student-simulation-text-normal/artifacts/episode-text_normal_concentration_model_qwen35_9b-02_latest,text_normal_concentration_model_qwen35_9b,Student-simulation,concentration,unknown,model_qwen35_9b,False,,,True,False,
wandb_downloads_student_simulation_5projects/scientific-exploration-increase-student-simulation-text-normal/artifacts/episode-text_normal_concentration_model_qwen35_4b-00_latest,text_normal_concentration_model_qwen35_4b,Student-simulation,concentration,unknown,model_qwen35_4b,False,,,True,False,
wandb_downloads_student_simulation_5projects/scientific-exploration-increase-student-simulation-text-normal/artifacts/episode-text_normal_beers_wavelength_model_qwen35_4b-05_latest,text_normal_beers_wavelength_model_qwen35_4b,Student-simulation,beers_wavelength,unknown,model_qwen35_4b,False,,,True,False,
wandb_downloads_student_simulation_5projects/scientific-exploration-increase-student-simulation-text-normal/artifacts/episode-text_normal_beers_wavelength_model_qwen35_9b-05_latest,text_normal_beers_wavelength_model_qwen35_9b,Student-simulation,beers_wavelength,unknown,model_qwen35_9b,False,,,True,False,
wandb_downloads_student_simulation_5projects/scientific-exploration-increase-student-simulation-text-normal/artifacts/episode-text_normal_concentration_model_qwen35_4b-06_latest,text_normal_concentration_model_qwen35_4b,Student-simulation,concentration,unknown,model_qwen35_4b,False,,,True,False,
wandb_downloads_student_simulation_5projects/scientific-exploration-increase-student-simulation-text-normal/artifacts/episode-text_normal_concentration_model_qwen35_9b-03_latest,text_normal_concentration_model_qwen35_9b,Student-simulation,concentration,unknown,model_qwen35_9b,False,,,True,False,
wandb_downloads_student_simulation_5projects/scientific-exploration-increase-student-simulation-text-normal/artifacts/episode-text_normal_concentration_model_qwen35_4b-02_latest,text_normal_concentration_model_qwen35_4b,Student-simulation,concentration,unknown,model_qwen35_4b,False,,,True,False,
wandb_downloads_student_simulation_5projects/scientific-exploration-increase-student-simulation-text-normal/artifacts/episode-text_normal_concentration_model_qwen35_9b-06_latest,text_normal_concentration_model_qwen35_9b,Student-simulation,concentration,unknown,model_qwen35_9b,False,,,True,False,
wandb_downloads_student_simulation_5projects/scientific-exploration-increase-student-simulation-text-normal/artifacts/episode-text_normal_beers_wavelength_model_qwen35_9b-04_latest,text_normal_beers_wavelength_model_qwen35_9b,Student-simulation,beers_wavelength,unknown,model_qwen35_9b,False,,,True,False,
wandb_downloads_student_simulation_5projects/scientific-exploration-increase-student-simulation-text-normal/artifacts/episode-text_normal_beers_wavelength_model_qwen35_4b-09_latest,text_normal_beers_wavelength_model_qwen35_4b,Student-simulation,beers_wavelength,unknown,model_qwen35_4b,False,,,True,False,
wandb_downloads_student_simulation_5projects/scientific-exploration-increase-student-simulation-text-normal/artifacts/episode-text_normal_beers_wavelength_model_qwen35_9b-00_latest,text_normal_beers_wavelength_model_qwen35_9b,Student-simulation,beers_wavelength,unknown,model_qwen35_9b,False,,,True,False,
wandb_downloads_student_simulation_5projects/scientific-exploration-increase-student-simulation-text-normal/artifacts/episode-text_normal_concentration_model_qwen35_4b-07_latest,text_normal_concentration_model_qwen35_4b,Student-simulation,concentration,unknown,model_qwen35_4b,False,,,True,False,
wandb_downloads_student_simulation_5projects/scientific-exploration-increase-student-simulation-text-normal/artifacts/episode-text_normal_beers_wavelength_model_qwen35_9b-01_latest,text_normal_beers_wavelength_model_qwen35_9b,Student-simulation,beers_wavelength,unknown,model_qwen35_9b,False,,,True,False,
wandb_downloads_student_simulation_5projects/scientific-exploration-increase-student-simulation-text-normal/artifacts/episode-text_normal_concentration_model_qwen35_9b-08_latest,text_normal_concentration_model_qwen35_9b,Student-simulation,concentration,unknown,model_qwen35_9b,False,,,True,False,
wandb_downloads_student_simulation_5projects/scientific-exploration-increase-student-simulation-text-normal/artifacts/episode-text_normal_concentration_model_qwen35_4b-03_latest,text_normal_concentration_model_qwen35_4b,Student-simulation,concentration,unknown,model_qwen35_4b,False,,,True,False,
wandb_downloads_student_simulation_5projects/scientific-exploration-increase-student-simulation-text-normal/artifacts/episode-text_normal_beers_wavelength_model_qwen35_4b-04_latest,text_normal_beers_wavelength_model_qwen35_4b,Student-simulation,beers_wavelength,unknown,model_qwen35_4b,False,,,True,False,
wandb_downloads_student_simulation_5projects/scientific-exploration-increase-student-simulation-text-normal/artifacts/episode-text_normal_beers_wavelength_model_qwen35_4b-03_latest,text_normal_beers_wavelength_model_qwen35_4b,Student-simulation,beers_wavelength,unknown,model_qwen35_4b,False,,,True,False,
wandb_downloads_student_simulation_5projects/scientific-exploration-increase-student-simulation-text-normal/artifacts/episode-text_normal_concentration_model_qwen35_4b-05_latest,text_normal_concentration_model_qwen35_4b,Student-simulation,concentration,unknown,model_qwen35_4b,False,,,True,False,
wandb_downloads_student_simulation_5projects/scientific-exploration-increase-student-simulation-text-normal/artifacts/episode-text_normal_beers_wavelength_model_qwen35_4b-01_latest,text_normal_beers_wavelength_model_qwen35_4b,Student-simulation,beers_wavelength,unknown,model_qwen35_4b,False,,,True,False,
wandb_downloads_student_simulation_5projects/scientific-exploration-increase-student-simulation-text-normal/artifacts/episode-text_normal_beers_wavelength_model_qwen35_4b-08_latest,text_normal_beers_wavelength_model_qwen35_4b,Student-simulation,beers_wavelength,unknown,model_qwen35_4b,False,,,True,False,
wandb_downloads_student_simulation_5projects/scientific-exploration-increase-student-simulation-text-normal/artifacts/episode-text_normal_concentration_model_qwen35_9b-00_latest,text_normal_concentration_model_qwen35_9b,Student-simulation,concentration,unknown,model_qwen35_9b,False,,,True,False,
wandb_downloads_student_simulation_5projects/scientific-exploration-increase-student-simulation-text-normal/artifacts/episode-text_normal_concentration_model_qwen35_9b-01_latest,text_normal_concentration_model_qwen35_9b,Student-simulation,concentration,unknown,model_qwen35_9b,False,,,True,False,
wandb_downloads_student_simulation_5projects/scientific-exploration-increase-student-simulation-text-normal/artifacts/episode-text_normal_concentration_model_qwen35_4b-01_latest,text_normal_concentration_model_qwen35_4b,Student-simulation,concentration,unknown,model_qwen35_4b,False,,,True,False,
wandb_downloads_student_simulation_5projects/scientific-exploration-increase-student-simulation-text-normal/artifacts/episode-text_normal_beers_wavelength_model_qwen35_4b-06_latest,text_normal_beers_wavelength_model_qwen35_4b,Student-simulation,beers_wavelength,unknown,model_qwen35_4b,False,,,True,False,
wandb_downloads_student_simulation_5projects/scientific-exploration-increase-student-simulation-text-normal/artifacts/episode-text_normal_concentration_model_qwen35_9b-05_latest,text_normal_concentration_model_qwen35_9b,Student-simulation,concentration,unknown,model_qwen35_9b,False,,,True,False,
wandb_downloads_student_simulation_5projects/scientific-exploration-increase-student-simulation-text-normal/artifacts/episode-text_normal_beers_wavelength_model_qwen35_4b-02_latest,text_normal_beers_wavelength_model_qwen35_4b,Student-simulation,beers_wavelength,unknown,model_qwen35_4b,False,,,True,False,
wandb_downloads_student_simulation_5projects/scientific-exploration-increase-student-simulation-text-normal/artifacts/episode-text_normal_concentration_model_qwen35_9b-07_latest,text_normal_concentration_model_qwen35_9b,Student-simulation,concentration,unknown,model_qwen35_9b,False,,,True,False,
wandb_downloads_student_simulation_5projects/scientific-exploration-increase-student-simulation-text-normal/artifacts/episode-text_normal_concentration_model_qwen35_4b-08_latest,text_normal_concentration_model_qwen35_4b,Student-simulation,concentration,unknown,model_qwen35_4b,False,,,True,False,
wandb_downloads_student_simulation_5projects/scientific-exploration-increase-student-simulation-text-normal/artifacts/episode-text_normal_concentration_model_qwen35_4b-09_latest,text_normal_concentration_model_qwen35_4b,Student-simulation,concentration,unknown,model_qwen35_4b,False,,,True,False,
wandb_downloads_student_simulation_5projects/scientific-exploration-increase-student-simulation-text-normal/artifacts/episode-text_normal_beers_wavelength_model_qwen35_4b-07_latest,text_normal_beers_wavelength_model_qwen35_4b,Student-simulation,beers_wavelength,unknown,model_qwen35_4b,False,,,True,False,
wandb_downloads_student_simulation_5projects/scientific-exploration-increase-student-simulation-text-normal/artifacts/episode-text_normal_beers_wavelength_model_qwen35_9b-02_latest,text_normal_beers_wavelength_model_qwen35_9b,Student-simulation,beers_wavelength,unknown,model_qwen35_9b,False,,,True,False,
wandb_downloads_student_simulation_5projects/scientific-exploration-increase-student-simulation-text-student/artifacts/episode-text_student_beers_wavelength_model_qwen35_4b-02_latest,text_student_beers_wavelength_model_qwen35_4b,Student-simulation,beers_wavelength,unknown,model_qwen35_4b,False,,,True,False,
wandb_downloads_student_simulation_5projects/scientific-exploration-increase-student-simulation-text-student/artifacts/episode-text_student_concentration_model_qwen35_4b-05_latest,text_student_concentration_model_qwen35_4b,Student-simulation,concentration,unknown,model_qwen35_4b,False,,,True,False,
wandb_downloads_student_simulation_5projects/scientific-exploration-increase-student-simulation-text-student/artifacts/episode-text_student_beers_wavelength_model_qwen35_4b-09_latest,text_student_beers_wavelength_model_qwen35_4b,Student-simulation,beers_wavelength,unknown,model_qwen35_4b,False,,,True,False,
wandb_downloads_student_simulation_5projects/scientific-exploration-increase-student-simulation-text-student/artifacts/episode-text_student_beers_wavelength_model_qwen35_4b-04_latest,text_student_beers_wavelength_model_qwen35_4b,Student-simulation,beers_wavelength,unknown,model_qwen35_4b,False,,,True,False,
wandb_downloads_student_simulation_5projects/scientific-exploration-increase-student-simulation-text-student/artifacts/episode-text_student_concentration_model_qwen35_9b-03_latest,text_student_concentration_model_qwen35_9b,Student-simulation,concentration,unknown,model_qwen35_9b,False,,,True,False,
wandb_downloads_student_simulation_5projects/scientific-exploration-increase-student-simulation-text-student/artifacts/episode-text_student_beers_wavelength_model_qwen35_9b-05_latest,text_student_beers_wavelength_model_qwen35_9b,Student-simulation,beers_wavelength,unknown,model_qwen35_9b,False,,,True,False,
wandb_downloads_student_simulation_5projects/scientific-exploration-increase-student-simulation-text-student/artifacts/episode-text_student_concentration_model_qwen35_4b-00_latest,text_student_concentration_model_qwen35_4b,Student-simulation,concentration,unknown,model_qwen35_4b,False,,,True,False,
wandb_downloads_student_simulation_5projects/scientific-exploration-increase-student-simulation-text-student/artifacts/episode-text_student_beers_wavelength_model_qwen35_4b-03_latest,text_student_beers_wavelength_model_qwen35_4b,Student-simulation,beers_wavelength,unknown,model_qwen35_4b,False,,,True,False,
wandb_downloads_student_simulation_5projects/scientific-exploration-increase-student-simulation-text-student/artifacts/episode-text_student_beers_wavelength_model_qwen35_9b-07_latest,text_student_beers_wavelength_model_qwen35_9b,Student-simulation,beers_wavelength,unknown,model_qwen35_9b,False,,,True,False,
wandb_downloads_student_simulation_5projects/scientific-exploration-increase-student-simulation-text-student/artifacts/episode-text_student_beers_wavelength_model_qwen35_4b-00_latest,text_student_beers_wavelength_model_qwen35_4b,Student-simulation,beers_wavelength,unknown,model_qwen35_4b,False,,,True,False,
wandb_downloads_student_simulation_5projects/scientific-exploration-increase-student-simulation-text-student/artifacts/episode-text_student_concentration_model_qwen35_4b-08_latest,text_student_concentration_model_qwen35_4b,Student-simulation,concentration,unknown,model_qwen35_4b,False,,,True,False,
wandb_downloads_student_simulation_5projects/scientific-exploration-increase-student-simulation-text-student/artifacts/episode-text_student_beers_wavelength_model_qwen35_9b-01_latest,text_student_beers_wavelength_model_qwen35_9b,Student-simulation,beers_wavelength,unknown,model_qwen35_9b,False,,,True,False,
wandb_downloads_student_simulation_5projects/scientific-exploration-increase-student-simulation-text-student/artifacts/episode-text_student_beers_wavelength_model_qwen35_4b-06_latest,text_student_beers_wavelength_model_qwen35_4b,Student-simulation,beers_wavelength,unknown,model_qwen35_4b,False,,,True,False,
wandb_downloads_student_simulation_5projects/scientific-exploration-increase-student-simulation-text-student/artifacts/episode-text_student_beers_wavelength_model_qwen35_9b-03_latest,text_student_beers_wavelength_model_qwen35_9b,Student-simulation,beers_wavelength,unknown,model_qwen35_9b,False,,,True,False,
wandb_downloads_student_simulation_5projects/scientific-exploration-increase-student-simulation-text-student/artifacts/episode-text_student_concentration_model_qwen35_4b-06_latest,text_student_concentration_model_qwen35_4b,Student-simulation,concentration,unknown,model_qwen35_4b,False,,,True,False,
wandb_downloads_student_simulation_5projects/scientific-exploration-increase-student-simulation-text-student/artifacts/episode-text_student_concentration_model_qwen35_9b-09_latest,text_student_concentration_model_qwen35_9b,Student-simulation,concentration,unknown,model_qwen35_9b,False,,,True,False,
wandb_downloads_student_simulation_5projects/scientific-exploration-increase-student-simulation-text-student/artifacts/episode-text_student_concentration_model_qwen35_4b-03_latest,text_student_concentration_model_qwen35_4b,Student-simulation,concentration,unknown,model_qwen35_4b,False,,,True,False,
wandb_downloads_student_simulation_5projects/scientific-exploration-increase-student-simulation-text-student/artifacts/episode-text_student_concentration_model_qwen35_4b-04_latest,text_student_concentration_model_qwen35_4b,Student-simulation,concentration,unknown,model_qwen35_4b,False,,,True,False,
wandb_downloads_student_simulation_5projects/scientific-exploration-increase-student-simulation-text-student/artifacts/episode-text_student_beers_wavelength_model_qwen35_9b-09_latest,text_student_beers_wavelength_model_qwen35_9b,Student-simulation,beers_wavelength,unknown,model_qwen35_9b,False,,,True,False,
wandb_downloads_student_simulation_5projects/scientific-exploration-increase-student-simulation-text-student/artifacts/episode-text_student_concentration_model_qwen35_4b-09_latest,text_student_concentration_model_qwen35_4b,Student-simulation,concentration,unknown,model_qwen35_4b,False,,,True,False,
wandb_downloads_student_simulation_5projects/scientific-exploration-increase-student-simulation-text-student/artifacts/episode-text_student_concentration_model_qwen35_4b-07_latest,text_student_concentration_model_qwen35_4b,Student-simulation,concentration,unknown,model_qwen35_4b,False,,,True,False,
wandb_downloads_student_simulation_5projects/scientific-exploration-increase-student-simulation-text-student/artifacts/episode-text_student_beers_wavelength_model_qwen35_4b-05_latest,text_student_beers_wavelength_model_qwen35_4b,Student-simulation,beers_wavelength,unknown,model_qwen35_4b,False,,,True,False,
wandb_downloads_student_simulation_5projects/scientific-exploration-increase-student-simulation-text-student/artifacts/episode-text_student_beers_wavelength_model_qwen35_4b-01_latest,text_student_beers_wavelength_model_qwen35_4b,Student-simulation,beers_wavelength,unknown,model_qwen35_4b,False,,,True,False,
wandb_downloads_student_simulation_5projects/scientific-exploration-increase-student-simulation-text-student/artifacts/episode-text_student_concentration_model_qwen35_9b-06_latest,text_student_concentration_model_qwen35_9b,Student-simulation,concentration,unknown,model_qwen35_9b,False,,,True,False,
wandb_downloads_student_simulation_5projects/scientific-exploration-increase-student-simulation-text-student/artifacts/episode-text_student_concentration_model_qwen35_9b-07_latest,text_student_concentration_model_qwen35_9b,Student-simulation,concentration,unknown,model_qwen35_9b,False,,,True,False,
wandb_downloads_student_simulation_5projects/scientific-exploration-increase-student-simulation-text-student/artifacts/episode-text_student_beers_wavelength_model_qwen35_9b-02_latest,text_student_beers_wavelength_model_qwen35_9b,Student-simulation,beers_wavelength,unknown,model_qwen35_9b,False,,,True,False,
wandb_downloads_student_simulation_5projects/scientific-exploration-increase-student-simulation-text-student/artifacts/episode-text_student_concentration_model_qwen35_4b-01_latest,text_student_concentration_model_qwen35_4b,Student-simulation,concentration,unknown,model_qwen35_4b,False,,,True,False,
wandb_downloads_student_simulation_5projects/scientific-exploration-increase-student-simulation-text-student/artifacts/episode-text_student_concentration_model_qwen35_9b-02_latest,text_student_concentration_model_qwen35_9b,Student-simulation,concentration,unknown,model_qwen35_9b,False,,,True,False,
wandb_downloads_student_simulation_5projects/scientific-exploration-increase-student-simulation-text-student/artifacts/episode-text_student_concentration_model_qwen35_9b-04_latest,text_student_concentration_model_qwen35_9b,Student-simulation,concentration,unknown,model_qwen35_9b,False,,,True,False,
wandb_downloads_student_simulation_5projects/scientific-exploration-increase-student-simulation-text-student/artifacts/episode-text_student_concentration_model_qwen35_9b-08_latest,text_student_concentration_model_qwen35_9b,Student-simulation,concentration,unknown,model_qwen35_9b,False,,,True,False,
wandb_downloads_student_simulation_5projects/scientific-exploration-increase-student-simulation-text-student/artifacts/episode-text_student_beers_wavelength_model_qwen35_4b-07_latest,text_student_beers_wavelength_model_qwen35_4b,Student-simulation,beers_wavelength,unknown,model_qwen35_4b,False,,,True,False,
wandb_downloads_student_simulation_5projects/scientific-exploration-increase-student-simulation-text-student/artifacts/episode-text_student_beers_wavelength_model_qwen35_9b-06_latest,text_student_beers_wavelength_model_qwen35_9b,Student-simulation,beers_wavelength,unknown,model_qwen35_9b,False,,,True,False,
wandb_downloads_student_simulation_5projects/scientific-exploration-increase-student-simulation-text-student/artifacts/episode-text_student_concentration_model_qwen35_4b-02_latest,text_student_concentration_model_qwen35_4b,Student-simulation,concentration,unknown,model_qwen35_4b,False,,,True,False,
wandb_downloads_student_simulation_5projects/scientific-exploration-increase-student-simulation-text-student/artifacts/episode-text_student_concentration_model_qwen35_9b-05_latest,text_student_concentration_model_qwen35_9b,Student-simulation,concentration,unknown,model_qwen35_9b,False,,,True,False,
wandb_downloads_student_simulation_5projects/scientific-exploration-increase-student-simulation-text-student/artifacts/episode-text_student_beers_wavelength_model_qwen35_4b-08_latest,text_student_beers_wavelength_model_qwen35_4b,Student-simulation,beers_wavelength,unknown,model_qwen35_4b,False,,,True,False,
wandb_downloads_student_simulation_5projects/scientific-exploration-increase-student-simulation-text-student/artifacts/episode-text_student_beers_wavelength_model_qwen35_9b-04_latest,text_student_beers_wavelength_model_qwen35_9b,Student-simulation,beers_wavelength,unknown,model_qwen35_9b,False,,,True,False,
wandb_downloads_student_simulation_5projects/scientific-exploration-increase-student-simulation-text-student/artifacts/episode-text_student_beers_wavelength_model_qwen35_9b-00_latest,text_student_beers_wavelength_model_qwen35_9b,Student-simulation,beers_wavelength,unknown,model_qwen35_9b,False,,,True,False,
wandb_downloads_student_simulation_5projects/scientific-exploration-increase-student-simulation-text-student/artifacts/episode-text_student_concentration_model_qwen35_9b-01_latest,text_student_concentration_model_qwen35_9b,Student-simulation,concentration,unknown,model_qwen35_9b,False,,,True,False,
wandb_downloads_student_simulation_5projects/scientific-exploration-increase-student-simulation-text-student/artifacts/episode-text_student_concentration_model_qwen35_9b-00_latest,text_student_concentration_model_qwen35_9b,Student-simulation,concentration,unknown,model_qwen35_9b,False,,,True,False,
wandb_downloads_student_simulation_5projects/scientific-exploration-increase-student-simulation-text-student/artifacts/episode-text_student_beers_wavelength_model_qwen35_9b-08_latest,text_student_beers_wavelength_model_qwen35_9b,Student-simulation,beers_wavelength,unknown,model_qwen35_9b,False,,,True,False,
wandb_downloads_text_image_chart_only2/scientific-exploration-increase-text-image-chart-only2/artifacts/episode-chart_only_no_action_mass_concrete_model_qwen25_vl_7b-02_latest,chart_only_no_action_mass_concrete_model_qwen25_vl_7b,Chart-only,mass,concrete,model_qwen25_vl_7b,False,,,True,False,mass = density * volume
wandb_downloads_text_image_chart_only2/scientific-exploration-increase-text-image-chart-only2/artifacts/episode-chart_only_no_action_ohm_abbrev_model_qwen25_vl_3b-05_latest,chart_only_no_action_ohm_abbrev_model_qwen25_vl_3b,Chart-only,ohm,abbrev,model_qwen25_vl_3b,False,,,True,False,V = I + R
wandb_downloads_text_image_chart_only2/scientific-exploration-increase-text-image-chart-only2/artifacts/episode-chart_only_no_action_resistors_abbrev_model_qwen25_vl_3b-05_latest,chart_only_no_action_resistors_abbrev_model_qwen25_vl_3b,Chart-only,resistors,abbrev,model_qwen25_vl_3b,False,,,True,False,Rt = R1 + R2
wandb_downloads_text_image_chart_only2/scientific-exploration-increase-text-image-chart-only2/artifacts/episode-chart_only_no_action_distance_abstract_model_qwen25_vl_7b-02_latest,chart_only_no_action_distance_abstract_model_qwen25_vl_7b,Chart-only,distance,abstract,model_qwen25_vl_7b,False,,,True,False,Y = A + B + C
wandb_downloads_text_image_chart_only2/scientific-exploration-increase-text-image-chart-only2/artifacts/episode-chart_only_no_action_resistors_concrete_model_qwen25_vl_7b-07_latest,chart_only_no_action_resistors_concrete_model_qwen25_vl_7b,Chart-only,resistors,concrete,model_qwen25_vl_7b,False,,,True,False,total_resistance = resistance_1 + resistance_2
wandb_downloads_text_image_chart_only2/scientific-exploration-increase-text-image-chart-only2/artifacts/episode-chart_only_no_action_distance_concrete_model_qwen25_vl_3b-03_latest,chart_only_no_action_distance_concrete_model_qwen25_vl_3b,Chart-only,distance,concrete,model_qwen25_vl_3b,False,,,True,False,total_distance = distance_1 + distance_2 + distance_3
wandb_downloads_text_image_chart_only2/scientific-exploration-increase-text-image-chart-only2/artifacts/episode-chart_only_no_action_resistors_concrete_model_qwen25_vl_7b-05_latest,chart_only_no_action_resistors_concrete_model_qwen25_vl_7b,Chart-only,resistors,concrete,model_qwen25_vl_7b,False,,,True,False,total_resistance = resistance_1 + resistance_2
wandb_downloads_text_image_chart_only2/scientific-exploration-increase-text-image-chart-only2/artifacts/episode-chart_only_no_action_distance_concrete_model_qwen25_vl_7b-05_latest,chart_only_no_action_distance_concrete_model_qwen25_vl_7b,Chart-only,distance,concrete,model_qwen25_vl_7b,False,,,True,False,total_distance = distance_1 + distance_2 + distance_3
wandb_downloads_text_image_chart_only2/scientific-exploration-increase-text-image-chart-only2/artifacts/episode-chart_only_no_action_resistors_abstract_model_qwen25_vl_7b-05_latest,chart_only_no_action_resistors_abstract_model_qwen25_vl_7b,Chart-only,resistors,abstract,model_qwen25_vl_7b,False,,,True,False,Y = A
wandb_downloads_text_image_chart_only2/scientific-exploration-increase-text-image-chart-only2/artifacts/episode-chart_only_no_action_distance_concrete_model_qwen25_vl_3b-07_latest,chart_only_no_action_distance_concrete_model_qwen25_vl_3b,Chart-only,distance,concrete,model_qwen25_vl_3b,True,3,finish step must provide either final_equation (formula_discovery) or finish_reason (student_simulation),False,False,
wandb_downloads_text_image_chart_only2/scientific-exploration-increase-text-image-chart-only2/artifacts/episode-chart_only_no_action_mass_abbrev_model_qwen25_vl_7b-08_latest,chart_only_no_action_mass_abbrev_model_qwen25_vl_7b,Chart-only,mass,abbrev,model_qwen25_vl_7b,False,,,True,False,m = rho * V
wandb_downloads_text_image_chart_only2/scientific-exploration-increase-text-image-chart-only2/artifacts/episode-chart_only_no_action_ohm_abstract_model_qwen25_vl_7b-04_latest,chart_only_no_action_ohm_abstract_model_qwen25_vl_7b,Chart-only,ohm,abstract,model_qwen25_vl_7b,False,,,True,False,Y = A + B
wandb_downloads_text_image_chart_only2/scientific-exploration-increase-text-image-chart-only2/artifacts/episode-chart_only_no_action_ohm_concrete_model_qwen25_vl_7b-09_latest,chart_only_no_action_ohm_concrete_model_qwen25_vl_7b,Chart-only,ohm,concrete,model_qwen25_vl_7b,False,,,True,False,voltage = current * resistance
wandb_downloads_text_image_chart_only2/scientific-exploration-increase-text-image-chart-only2/artifacts/episode-chart_only_no_action_resistors_abstract_model_qwen25_vl_3b-03_latest,chart_only_no_action_resistors_abstract_model_qwen25_vl_3b,Chart-only,resistors,abstract,model_qwen25_vl_3b,False,,,True,False,Y = A + B
wandb_downloads_text_image_chart_only2/scientific-exploration-increase-text-image-chart-only2/artifacts/episode-chart_only_no_action_beers_concrete_model_qwen25_vl_7b-01_latest,chart_only_no_action_beers_concrete_model_qwen25_vl_7b,Chart-only,beers,concrete,model_qwen25_vl_7b,False,,,True,False,absorbance = k * molar_absorptivity * concentration * path_length
wandb_downloads_text_image_chart_only2/scientific-exploration-increase-text-image-chart-only2/artifacts/episode-chart_only_no_action_distance_concrete_model_qwen25_vl_3b-01_latest,chart_only_no_action_distance_concrete_model_qwen25_vl_3b,Chart-only,distance,concrete,model_qwen25_vl_3b,False,,,True,False,distance_1 + distance_2
wandb_downloads_text_image_chart_only2/scientific-exploration-increase-text-image-chart-only2/artifacts/episode-chart_only_no_action_distance_abstract_model_qwen25_vl_3b-09_latest,chart_only_no_action_distance_abstract_model_qwen25_vl_3b,Chart-only,distance,abstract,model_qwen25_vl_3b,False,,,True,False,Y = k * B
wandb_downloads_text_image_chart_only2/scientific-exploration-increase-text-image-chart-only2/artifacts/episode-chart_only_no_action_kinematics_abstract_model_qwen25_vl_7b-00_latest,chart_only_no_action_kinematics_abstract_model_qwen25_vl_7b,Chart-only,kinematics,abstract,model_qwen25_vl_7b,False,,,True,False,Y = A + B + C
wandb_downloads_text_image_chart_only2/scientific-exploration-increase-text-image-chart-only2/artifacts/episode-chart_only_no_action_distance_concrete_model_qwen25_vl_7b-02_latest,chart_only_no_action_distance_concrete_model_qwen25_vl_7b,Chart-only,distance,concrete,model_qwen25_vl_7b,False,,,True,False,total_distance = distance_1 + distance_2 + distance_3
wandb_downloads_text_image_chart_only2/scientific-exploration-increase-text-image-chart-only2/artifacts/episode-chart_only_no_action_mass_abbrev_model_qwen25_vl_3b-07_latest,chart_only_no_action_mass_abbrev_model_qwen25_vl_3b,Chart-only,mass,abbrev,model_qwen25_vl_3b,False,,,True,False,m = 2 * V + rho
wandb_downloads_text_image_chart_only2/scientific-exploration-increase-text-image-chart-only2/artifacts/episode-chart_only_no_action_distance_abstract_model_qwen25_vl_7b-05_latest,chart_only_no_action_distance_abstract_model_qwen25_vl_7b,Chart-only,distance,abstract,model_qwen25_vl_7b,False,,,True,False,Y = B + C
wandb_downloads_text_image_chart_only2/scientific-exploration-increase-text-image-chart-only2/artifacts/episode-chart_only_no_action_mass_abbrev_model_qwen25_vl_3b-06_latest,chart_only_no_action_mass_abbrev_model_qwen25_vl_3b,Chart-only,mass,abbrev,model_qwen25_vl_3b,False,,,True,False,m = const
wandb_downloads_text_image_chart_only2/scientific-exploration-increase-text-image-chart-only2/artifacts/episode-chart_only_no_action_ohm_abstract_model_qwen25_vl_3b-00_latest,chart_only_no_action_ohm_abstract_model_qwen25_vl_3b,Chart-only,ohm,abstract,model_qwen25_vl_3b,False,,,True,False,Y = const
wandb_downloads_text_image_chart_only2/scientific-exploration-increase-text-image-chart-only2/artifacts/episode-chart_only_no_action_kinematics_abstract_model_qwen25_vl_7b-08_latest,chart_only_no_action_kinematics_abstract_model_qwen25_vl_7b,Chart-only,kinematics,abstract,model_qwen25_vl_7b,False,,,True,False,Y = constant
wandb_downloads_text_image_chart_only2/scientific-exploration-increase-text-image-chart-only2/artifacts/episode-chart_only_no_action_distance_abstract_model_qwen25_vl_3b-03_latest,chart_only_no_action_distance_abstract_model_qwen25_vl_3b,Chart-only,distance,abstract,model_qwen25_vl_3b,False,,,True,False,Y = k * (A + B)
wandb_downloads_text_image_chart_only2/scientific-exploration-increase-text-image-chart-only2/artifacts/episode-chart_only_no_action_kinematics_abstract_model_qwen25_vl_3b-08_latest,chart_only_no_action_kinematics_abstract_model_qwen25_vl_3b,Chart-only,kinematics,abstract,model_qwen25_vl_3b,False,,,True,False,Y = A * B
wandb_downloads_text_image_chart_only2/scientific-exploration-increase-text-image-chart-only2/artifacts/episode-chart_only_no_action_ohm_concrete_model_qwen25_vl_3b-02_latest,chart_only_no_action_ohm_concrete_model_qwen25_vl_3b,Chart-only,ohm,concrete,model_qwen25_vl_3b,False,,,True,False,voltage = constant * (current / resistance)
wandb_downloads_text_image_chart_only2/scientific-exploration-increase-text-image-chart-only2/artifacts/episode-chart_only_no_action_mass_abstract_model_qwen25_vl_7b-03_latest,chart_only_no_action_mass_abstract_model_qwen25_vl_7b,Chart-only,mass,abstract,model_qwen25_vl_7b,False,,,True,False,Y = constant
wandb_downloads_text_image_chart_only2/scientific-exploration-increase-text-image-chart-only2/artifacts/episode-chart_only_no_action_resistors_abstract_model_qwen25_vl_7b-04_latest,chart_only_no_action_resistors_abstract_model_qwen25_vl_7b,Chart-only,resistors,abstract,model_qwen25_vl_7b,False,,,True,False,Y ~ A
wandb_downloads_text_image_chart_only2/scientific-exploration-increase-text-image-chart-only2/artifacts/episode-chart_only_no_action_kinematics_abstract_model_qwen25_vl_7b-07_latest,chart_only_no_action_kinematics_abstract_model_qwen25_vl_7b,Chart-only,kinematics,abstract,model_qwen25_vl_7b,False,,,True,False,Y = A + B
wandb_downloads_text_image_chart_only2/scientific-exploration-increase-text-image-chart-only2/artifacts/episode-chart_only_no_action_mass_abbrev_model_qwen25_vl_7b-07_latest,chart_only_no_action_mass_abbrev_model_qwen25_vl_7b,Chart-only,mass,abbrev,model_qwen25_vl_7b,False,,,True,False,m = kV
wandb_downloads_text_image_chart_only2/scientific-exploration-increase-text-image-chart-only2/artifacts/episode-chart_only_no_action_ohm_abstract_model_qwen25_vl_3b-05_latest,chart_only_no_action_ohm_abstract_model_qwen25_vl_3b,Chart-only,ohm,abstract,model_qwen25_vl_3b,False,,,True,False,Y = constant
wandb_downloads_text_image_chart_only2/scientific-exploration-increase-text-image-chart-only2/artifacts/episode-chart_only_no_action_mass_abbrev_model_qwen25_vl_7b-03_latest,chart_only_no_action_mass_abbrev_model_qwen25_vl_7b,Chart-only,mass,abbrev,model_qwen25_vl_7b,False,,,True,False,m = constant
wandb_downloads_text_image_chart_only2/scientific-exploration-increase-text-image-chart-only2/artifacts/episode-chart_only_no_action_resistors_concrete_model_qwen25_vl_3b-02_latest,chart_only_no_action_resistors_concrete_model_qwen25_vl_3b,Chart-only,resistors,concrete,model_qwen25_vl_3b,False,,,True,False,total_resistance = resistance_1 + resistance_2
wandb_downloads_text_image_chart_only2/scientific-exploration-increase-text-image-chart-only2/artifacts/episode-chart_only_no_action_ohm_abstract_model_qwen25_vl_3b-07_latest,chart_only_no_action_ohm_abstract_model_qwen25_vl_3b,Chart-only,ohm,abstract,model_qwen25_vl_3b,False,,,True,False,Y = A + B
wandb_downloads_text_image_chart_only2/scientific-exploration-increase-text-image-chart-only2/artifacts/episode-chart_only_no_action_beers_abstract_model_qwen25_vl_3b-03_latest,chart_only_no_action_beers_abstract_model_qwen25_vl_3b,Chart-only,beers,abstract,model_qwen25_vl_3b,False,,,True,False,Y = A + B
wandb_downloads_text_image_chart_only2/scientific-exploration-increase-text-image-chart-only2/artifacts/episode-chart_only_no_action_distance_abbrev_model_qwen25_vl_7b-06_latest,chart_only_no_action_distance_abbrev_model_qwen25_vl_7b,Chart-only,distance,abbrev,model_qwen25_vl_7b,False,,,True,False,d = d1 + d2 + d3
wandb_downloads_text_image_chart_only2/scientific-exploration-increase-text-image-chart-only2/artifacts/episode-chart_only_no_action_ohm_concrete_model_qwen25_vl_7b-03_latest,chart_only_no_action_ohm_concrete_model_qwen25_vl_7b,Chart-only,ohm,concrete,model_qwen25_vl_7b,False,,,True,False,voltage = current * resistance
wandb_downloads_text_image_chart_only2/scientific-exploration-increase-text-image-chart-only2/artifacts/episode-chart_only_no_action_distance_abbrev_model_qwen25_vl_7b-01_latest,chart_only_no_action_distance_abbrev_model_qwen25_vl_7b,Chart-only,distance,abbrev,model_qwen25_vl_7b,False,,,True,False,d = d1 + d2 + d3
wandb_downloads_text_image_chart_only2/scientific-exploration-increase-text-image-chart-only2/artifacts/episode-chart_only_no_action_ohm_abbrev_model_qwen25_vl_7b-09_latest,chart_only_no_action_ohm_abbrev_model_qwen25_vl_7b,Chart-only,ohm,abbrev,model_qwen25_vl_7b,False,,,True,False,"V = f(I, R)"
wandb_downloads_text_image_chart_only2/scientific-exploration-increase-text-image-chart-only2/artifacts/episode-chart_only_no_action_resistors_abbrev_model_qwen25_vl_7b-04_latest,chart_only_no_action_resistors_abbrev_model_qwen25_vl_7b,Chart-only,resistors,abbrev,model_qwen25_vl_7b,False,,,True,False,Rt = k * R2
wandb_downloads_text_image_chart_only2/scientific-exploration-increase-text-image-chart-only2/artifacts/episode-chart_only_no_action_beers_abstract_model_qwen25_vl_7b-08_latest,chart_only_no_action_beers_abstract_model_qwen25_vl_7b,Chart-only,beers,abstract,model_qwen25_vl_7b,False,,,True,False,Y = A + B + C
wandb_downloads_text_image_chart_only2/scientific-exploration-increase-text-image-chart-only2/artifacts/episode-chart_only_no_action_kinematics_abbrev_model_qwen25_vl_7b-05_latest,chart_only_no_action_kinematics_abbrev_model_qwen25_vl_7b,Chart-only,kinematics,abbrev,model_qwen25_vl_7b,True,0,"[json_decode] model output is not valid JSON (error: Invalid \escape at pos 64): '{\\n  ""reasoning"": ""The orange bar represents the target variable \\( x \\), which appears to be significantly higher ",False,False,
wandb_downloads_text_image_chart_only2/scientific-exploration-increase-text-image-chart-only2/artifacts/episode-chart_only_no_action_kinematics_abbrev_model_qwen25_vl_3b-06_latest,chart_only_no_action_kinematics_abbrev_model_qwen25_vl_3b,Chart-only,kinematics,abbrev,model_qwen25_vl_3b,False,,,True,False,x = x0 + v * t
wandb_downloads_text_image_chart_only2/scientific-exploration-increase-text-image-chart-only2/artifacts/episode-chart_only_no_action_ohm_abbrev_model_qwen25_vl_7b-00_latest,chart_only_no_action_ohm_abbrev_model_qwen25_vl_7b,Chart-only,ohm,abbrev,model_qwen25_vl_7b,False,,,True,False,V = I
wandb_downloads_text_image_chart_only2/scientific-exploration-increase-text-image-chart-only2/artifacts/episode-chart_only_no_action_ohm_abstract_model_qwen25_vl_7b-09_latest,chart_only_no_action_ohm_abstract_model_qwen25_vl_7b,Chart-only,ohm,abstract,model_qwen25_vl_7b,False,,,True,False,Y = A + B
wandb_downloads_text_image_chart_only2/scientific-exploration-increase-text-image-chart-only2/artifacts/episode-chart_only_no_action_mass_abbrev_model_qwen25_vl_3b-04_latest,chart_only_no_action_mass_abbrev_model_qwen25_vl_3b,Chart-only,mass,abbrev,model_qwen25_vl_3b,False,,,True,False,m = rho / V
wandb_downloads_text_image_chart_only2/scientific-exploration-increase-text-image-chart-only2/artifacts/episode-chart_only_no_action_resistors_abbrev_model_qwen25_vl_3b-04_latest,chart_only_no_action_resistors_abbrev_model_qwen25_vl_3b,Chart-only,resistors,abbrev,model_qwen25_vl_3b,False,,,True,False,Rt = R1 + R2
wandb_downloads_text_image_chart_only2/scientific-exploration-increase-text-image-chart-only2/artifacts/episode-chart_only_no_action_distance_abstract_model_qwen25_vl_3b-06_latest,chart_only_no_action_distance_abstract_model_qwen25_vl_3b,Chart-only,distance,abstract,model_qwen25_vl_3b,False,,,True,False,Y = A + B
wandb_downloads_text_image_chart_only2/scientific-exploration-increase-text-image-chart-only2/artifacts/episode-chart_only_no_action_resistors_abbrev_model_qwen25_vl_7b-06_latest,chart_only_no_action_resistors_abbrev_model_qwen25_vl_7b,Chart-only,resistors,abbrev,model_qwen25_vl_7b,False,,,True,False,Rt = R1
wandb_downloads_text_image_chart_only2/scientific-exploration-increase-text-image-chart-only2/artifacts/episode-chart_only_no_action_kinematics_concrete_model_qwen25_vl_7b-08_latest,chart_only_no_action_kinematics_concrete_model_qwen25_vl_7b,Chart-only,kinematics,concrete,model_qwen25_vl_7b,False,,,True,False,position = initial_position + velocity * time - final_position
wandb_downloads_text_image_chart_only2/scientific-exploration-increase-text-image-chart-only2/artifacts/episode-chart_only_no_action_resistors_concrete_model_qwen25_vl_7b-00_latest,chart_only_no_action_resistors_concrete_model_qwen25_vl_7b,Chart-only,resistors,concrete,model_qwen25_vl_7b,False,,,True,False,total_resistance = resistance_1 + resistance_2
wandb_downloads_text_image_chart_only2/scientific-exploration-increase-text-image-chart-only2/artifacts/episode-chart_only_no_action_resistors_abbrev_model_qwen25_vl_7b-02_latest,chart_only_no_action_resistors_abbrev_model_qwen25_vl_7b,Chart-only,resistors,abbrev,model_qwen25_vl_7b,False,,,True,False,Rt = R1 * R2
wandb_downloads_text_image_chart_only2/scientific-exploration-increase-text-image-chart-only2/artifacts/episode-chart_only_no_action_distance_abstract_model_qwen25_vl_7b-03_latest,chart_only_no_action_distance_abstract_model_qwen25_vl_7b,Chart-only,distance,abstract,model_qwen25_vl_7b,False,,,True,False,Y = A + B + C
wandb_downloads_text_image_chart_only2/scientific-exploration-increase-text-image-chart-only2/artifacts/episode-chart_only_no_action_resistors_abstract_model_qwen25_vl_7b-03_latest,chart_only_no_action_resistors_abstract_model_qwen25_vl_7b,Chart-only,resistors,abstract,model_qwen25_vl_7b,False,,,True,False,Y = 1
wandb_downloads_text_image_chart_only2/scientific-exploration-increase-text-image-chart-only2/artifacts/episode-chart_only_no_action_ohm_concrete_model_qwen25_vl_3b-06_latest,chart_only_no_action_ohm_concrete_model_qwen25_vl_3b,Chart-only,ohm,concrete,model_qwen25_vl_3b,False,,,True,False,voltage = current * resistance
wandb_downloads_text_image_chart_only2/scientific-exploration-increase-text-image-chart-only2/artifacts/episode-chart_only_no_action_resistors_abstract_model_qwen25_vl_7b-08_latest,chart_only_no_action_resistors_abstract_model_qwen25_vl_7b,Chart-only,resistors,abstract,model_qwen25_vl_7b,False,,,True,False,B = 1/Y
wandb_downloads_text_image_chart_only2/scientific-exploration-increase-text-image-chart-only2/artifacts/episode-chart_only_no_action_beers_concrete_model_qwen25_vl_7b-04_latest,chart_only_no_action_beers_concrete_model_qwen25_vl_7b,Chart-only,beers,concrete,model_qwen25_vl_7b,False,,,True,False,absorbance = molar_absorptivity * concentration * path_length
wandb_downloads_text_image_chart_only2/scientific-exploration-increase-text-image-chart-only2/artifacts/episode-chart_only_no_action_mass_abstract_model_qwen25_vl_7b-06_latest,chart_only_no_action_mass_abstract_model_qwen25_vl_7b,Chart-only,mass,abstract,model_qwen25_vl_7b,False,,,True,False,Y = A + B
wandb_downloads_text_image_chart_only2/scientific-exploration-increase-text-image-chart-only2/artifacts/episode-chart_only_no_action_ohm_abstract_model_qwen25_vl_3b-02_latest,chart_only_no_action_ohm_abstract_model_qwen25_vl_3b,Chart-only,ohm,abstract,model_qwen25_vl_3b,False,,,True,False,Y = 1
wandb_downloads_text_image_chart_only2/scientific-exploration-increase-text-image-chart-only2/artifacts/episode-chart_only_no_action_kinematics_concrete_model_qwen25_vl_3b-09_latest,chart_only_no_action_kinematics_concrete_model_qwen25_vl_3b,Chart-only,kinematics,concrete,model_qwen25_vl_3b,False,,,True,False,position = initial_position + velocity * time
wandb_downloads_text_image_chart_only2/scientific-exploration-increase-text-image-chart-only2/artifacts/episode-chart_only_no_action_mass_abstract_model_qwen25_vl_3b-04_latest,chart_only_no_action_mass_abstract_model_qwen25_vl_3b,Chart-only,mass,abstract,model_qwen25_vl_3b,False,,,True,False,Y = A
wandb_downloads_text_image_chart_only2/scientific-exploration-increase-text-image-chart-only2/artifacts/episode-chart_only_no_action_mass_abstract_model_qwen25_vl_3b-02_latest,chart_only_no_action_mass_abstract_model_qwen25_vl_3b,Chart-only,mass,abstract,model_qwen25_vl_3b,False,,,True,False,Y = A + B
wandb_downloads_text_image_chart_only2/scientific-exploration-increase-text-image-chart-only2/artifacts/episode-chart_only_no_action_kinematics_abbrev_model_qwen25_vl_7b-01_latest,chart_only_no_action_kinematics_abbrev_model_qwen25_vl_7b,Chart-only,kinematics,abbrev,model_qwen25_vl_7b,False,,,True,False,x = v + t
wandb_downloads_text_image_chart_only2/scientific-exploration-increase-text-image-chart-only2/artifacts/episode-chart_only_no_action_mass_concrete_model_qwen25_vl_3b-08_latest,chart_only_no_action_mass_concrete_model_qwen25_vl_3b,Chart-only,mass,concrete,model_qwen25_vl_3b,False,,,True,False,mass = volume * density
wandb_downloads_text_image_chart_only2/scientific-exploration-increase-text-image-chart-only2/artifacts/episode-chart_only_no_action_distance_abbrev_model_qwen25_vl_7b-08_latest,chart_only_no_action_distance_abbrev_model_qwen25_vl_7b,Chart-only,distance,abbrev,model_qwen25_vl_7b,False,,,True,False,d = d1 * d2 * d3
wandb_downloads_text_image_chart_only2/scientific-exploration-increase-text-image-chart-only2/artifacts/episode-chart_only_no_action_resistors_abstract_model_qwen25_vl_3b-01_latest,chart_only_no_action_resistors_abstract_model_qwen25_vl_3b,Chart-only,resistors,abstract,model_qwen25_vl_3b,False,,,True,False,Y = constant
wandb_downloads_text_image_chart_only2/scientific-exploration-increase-text-image-chart-only2/artifacts/episode-chart_only_no_action_distance_concrete_model_qwen25_vl_7b-04_latest,chart_only_no_action_distance_concrete_model_qwen25_vl_7b,Chart-only,distance,concrete,model_qwen25_vl_7b,False,,,True,False,total_distance = distance_1 + distance_2 + distance_3
wandb_downloads_text_image_chart_only2/scientific-exploration-increase-text-image-chart-only2/artifacts/episode-chart_only_no_action_distance_abstract_model_qwen25_vl_7b-06_latest,chart_only_no_action_distance_abstract_model_qwen25_vl_7b,Chart-only,distance,abstract,model_qwen25_vl_7b,False,,,True,False,Y = A + B + C
wandb_downloads_text_image_chart_only2/scientific-exploration-increase-text-image-chart-only2/artifacts/episode-chart_only_no_action_resistors_abbrev_model_qwen25_vl_7b-03_latest,chart_only_no_action_resistors_abbrev_model_qwen25_vl_7b,Chart-only,resistors,abbrev,model_qwen25_vl_7b,False,,,True,False,Rt = R1
wandb_downloads_text_image_chart_only2/scientific-exploration-increase-text-image-chart-only2/artifacts/episode-chart_only_no_action_beers_abbrev_model_qwen25_vl_3b-08_latest,chart_only_no_action_beers_abbrev_model_qwen25_vl_3b,Chart-only,beers,abbrev,model_qwen25_vl_3b,False,,,True,False,A = c * l + epsilon
wandb_downloads_text_image_chart_only2/scientific-exploration-increase-text-image-chart-only2/artifacts/episode-chart_only_no_action_beers_abbrev_model_qwen25_vl_7b-01_latest,chart_only_no_action_beers_abbrev_model_qwen25_vl_7b,Chart-only,beers,abbrev,model_qwen25_vl_7b,False,,,True,False,A = 1 / (epsilon * c * l)
wandb_downloads_text_image_chart_only2/scientific-exploration-increase-text-image-chart-only2/artifacts/episode-chart_only_no_action_mass_abstract_model_qwen25_vl_7b-04_latest,chart_only_no_action_mass_abstract_model_qwen25_vl_7b,Chart-only,mass,abstract,model_qwen25_vl_7b,False,,,True,False,Y = constant
wandb_downloads_text_image_chart_only2/scientific-exploration-increase-text-image-chart-only2/artifacts/episode-chart_only_no_action_ohm_concrete_model_qwen25_vl_7b-05_latest,chart_only_no_action_ohm_concrete_model_qwen25_vl_7b,Chart-only,ohm,concrete,model_qwen25_vl_7b,False,,,True,False,V = I * R
wandb_downloads_text_image_chart_only2/scientific-exploration-increase-text-image-chart-only2/artifacts/episode-chart_only_no_action_beers_concrete_model_qwen25_vl_7b-08_latest,chart_only_no_action_beers_concrete_model_qwen25_vl_7b,Chart-only,beers,concrete,model_qwen25_vl_7b,False,,,True,False,absorbance = molar_absorptivity * concentration * path_length
wandb_downloads_text_image_chart_only2/scientific-exploration-increase-text-image-chart-only2/artifacts/episode-chart_only_no_action_ohm_abstract_model_qwen25_vl_3b-06_latest,chart_only_no_action_ohm_abstract_model_qwen25_vl_3b,Chart-only,ohm,abstract,model_qwen25_vl_3b,False,,,True,False,Y = A + B
wandb_downloads_text_image_chart_only2/scientific-exploration-increase-text-image-chart-only2/artifacts/episode-chart_only_no_action_kinematics_concrete_model_qwen25_vl_7b-04_latest,chart_only_no_action_kinematics_concrete_model_qwen25_vl_7b,Chart-only,kinematics,concrete,model_qwen25_vl_7b,False,,,True,False,position = velocity * time
wandb_downloads_text_image_chart_only2/scientific-exploration-increase-text-image-chart-only2/artifacts/episode-chart_only_no_action_beers_abstract_model_qwen25_vl_7b-03_latest,chart_only_no_action_beers_abstract_model_qwen25_vl_7b,Chart-only,beers,abstract,model_qwen25_vl_7b,False,,,True,False,Y = C
wandb_downloads_text_image_chart_only2/scientific-exploration-increase-text-image-chart-only2/artifacts/episode-chart_only_no_action_kinematics_abstract_model_qwen25_vl_7b-02_latest,chart_only_no_action_kinematics_abstract_model_qwen25_vl_7b,Chart-only,kinematics,abstract,model_qwen25_vl_7b,False,,,True,False,Y = A + B + C
wandb_downloads_text_image_chart_only2/scientific-exploration-increase-text-image-chart-only2/artifacts/episode-chart_only_no_action_distance_abstract_model_qwen25_vl_7b-00_latest,chart_only_no_action_distance_abstract_model_qwen25_vl_7b,Chart-only,distance,abstract,model_qwen25_vl_7b,False,,,True,False,A + B = Y
wandb_downloads_text_image_chart_only2/scientific-exploration-increase-text-image-chart-only2/artifacts/episode-chart_only_no_action_mass_abbrev_model_qwen25_vl_3b-08_latest,chart_only_no_action_mass_abbrev_model_qwen25_vl_3b,Chart-only,mass,abbrev,model_qwen25_vl_3b,False,,,True,False,m = ρ * V
wandb_downloads_text_image_chart_only2/scientific-exploration-increase-text-image-chart-only2/artifacts/episode-chart_only_no_action_beers_concrete_model_qwen25_vl_3b-03_latest,chart_only_no_action_beers_concrete_model_qwen25_vl_3b,Chart-only,beers,concrete,model_qwen25_vl_3b,False,,,True,False,Absorbance = Molar Absorptivity + Concentration
wandb_downloads_text_image_chart_only2/scientific-exploration-increase-text-image-chart-only2/artifacts/episode-chart_only_no_action_resistors_concrete_model_qwen25_vl_7b-02_latest,chart_only_no_action_resistors_concrete_model_qwen25_vl_7b,Chart-only,resistors,concrete,model_qwen25_vl_7b,False,,,True,False,total_resistance = resistance_1 + resistance_2
wandb_downloads_text_image_chart_only2/scientific-exploration-increase-text-image-chart-only2/artifacts/episode-chart_only_no_action_distance_abbrev_model_qwen25_vl_7b-04_latest,chart_only_no_action_distance_abbrev_model_qwen25_vl_7b,Chart-only,distance,abbrev,model_qwen25_vl_7b,False,,,True,False,d = d1 + d2 + d3
wandb_downloads_text_image_chart_only2/scientific-exploration-increase-text-image-chart-only2/artifacts/episode-chart_only_no_action_mass_concrete_model_qwen25_vl_7b-06_latest,chart_only_no_action_mass_concrete_model_qwen25_vl_7b,Chart-only,mass,concrete,model_qwen25_vl_7b,False,,,True,False,mass = density * volume
wandb_downloads_text_image_chart_only2/scientific-exploration-increase-text-image-chart-only2/artifacts/episode-chart_only_no_action_beers_concrete_model_qwen25_vl_7b-03_latest,chart_only_no_action_beers_concrete_model_qwen25_vl_7b,Chart-only,beers,concrete,model_qwen25_vl_7b,False,,,True,False,absorbance = molar absorptivity * concentration
wandb_downloads_text_image_chart_only2/scientific-exploration-increase-text-image-chart-only2/artifacts/episode-chart_only_no_action_mass_abbrev_model_qwen25_vl_7b-06_latest,chart_only_no_action_mass_abbrev_model_qwen25_vl_7b,Chart-only,mass,abbrev,model_qwen25_vl_7b,False,,,True,False,m = const
wandb_downloads_text_image_chart_only2/scientific-exploration-increase-text-image-chart-only2/artifacts/episode-chart_only_no_action_ohm_concrete_model_qwen25_vl_7b-08_latest,chart_only_no_action_ohm_concrete_model_qwen25_vl_7b,Chart-only,ohm,concrete,model_qwen25_vl_7b,False,,,True,False,V = I * R
wandb_downloads_text_image_chart_only2/scientific-exploration-increase-text-image-chart-only2/artifacts/episode-chart_only_no_action_kinematics_concrete_model_qwen25_vl_7b-02_latest,chart_only_no_action_kinematics_concrete_model_qwen25_vl_7b,Chart-only,kinematics,concrete,model_qwen25_vl_7b,False,,,True,False,position = integral(velocity * time)
wandb_downloads_text_image_chart_only2/scientific-exploration-increase-text-image-chart-only2/artifacts/episode-chart_only_no_action_kinematics_abstract_model_qwen25_vl_7b-06_latest,chart_only_no_action_kinematics_abstract_model_qwen25_vl_7b,Chart-only,kinematics,abstract,model_qwen25_vl_7b,False,,,True,False,Y = C
wandb_downloads_text_image_chart_only2/scientific-exploration-increase-text-image-chart-only2/artifacts/episode-chart_only_no_action_kinematics_concrete_model_qwen25_vl_7b-06_latest,chart_only_no_action_kinematics_concrete_model_qwen25_vl_7b,Chart-only,kinematics,concrete,model_qwen25_vl_7b,False,,,True,False,position = initial_position + velocity * time
wandb_downloads_text_image_chart_only2/scientific-exploration-increase-text-image-chart-only2/artifacts/episode-chart_only_no_action_beers_abbrev_model_qwen25_vl_7b-07_latest,chart_only_no_action_beers_abbrev_model_qwen25_vl_7b,Chart-only,beers,abbrev,model_qwen25_vl_7b,False,,,True,False,A = constant
wandb_downloads_text_image_chart_only2/scientific-exploration-increase-text-image-chart-only2/artifacts/episode-chart_only_no_action_resistors_concrete_model_qwen25_vl_3b-05_latest,chart_only_no_action_resistors_concrete_model_qwen25_vl_3b,Chart-only,resistors,concrete,model_qwen25_vl_3b,False,,,True,False,total_resistance = resistance_1 + resistance_2
wandb_downloads_text_image_chart_only2/scientific-exploration-increase-text-image-chart-only2/artifacts/episode-chart_only_no_action_ohm_abstract_model_qwen25_vl_7b-01_latest,chart_only_no_action_ohm_abstract_model_qwen25_vl_7b,Chart-only,ohm,abstract,model_qwen25_vl_7b,False,,,True,False,Y = A + B
wandb_downloads_text_image_chart_only2/scientific-exploration-increase-text-image-chart-only2/artifacts/episode-chart_only_no_action_mass_abbrev_model_qwen25_vl_7b-04_latest,chart_only_no_action_mass_abbrev_model_qwen25_vl_7b,Chart-only,mass,abbrev,model_qwen25_vl_7b,False,,,True,False,m = rho * V
wandb_downloads_text_image_chart_only2/scientific-exploration-increase-text-image-chart-only2/artifacts/episode-chart_only_no_action_beers_concrete_model_qwen25_vl_7b-07_latest,chart_only_no_action_beers_concrete_model_qwen25_vl_7b,Chart-only,beers,concrete,model_qwen25_vl_7b,False,,,True,False,molar_absorptivity * concentration * path_length = absorbance
wandb_downloads_text_image_chart_only2/scientific-exploration-increase-text-image-chart-only2/artifacts/episode-chart_only_no_action_resistors_concrete_model_qwen25_vl_7b-03_latest,chart_only_no_action_resistors_concrete_model_qwen25_vl_7b,Chart-only,resistors,concrete,model_qwen25_vl_7b,False,,,True,False,total_resistance = resistance_1 + resistance_2
wandb_downloads_text_image_chart_only2/scientific-exploration-increase-text-image-chart-only2/artifacts/episode-chart_only_no_action_mass_concrete_model_qwen25_vl_3b-04_latest,chart_only_no_action_mass_concrete_model_qwen25_vl_3b,Chart-only,mass,concrete,model_qwen25_vl_3b,False,,,True,False,mass = volume * density
wandb_downloads_text_image_chart_only2/scientific-exploration-increase-text-image-chart-only2/artifacts/episode-chart_only_no_action_kinematics_concrete_model_qwen25_vl_7b-01_latest,chart_only_no_action_kinematics_concrete_model_qwen25_vl_7b,Chart-only,kinematics,concrete,model_qwen25_vl_7b,False,,,True,False,position = velocity * time
wandb_downloads_text_image_chart_only2/scientific-exploration-increase-text-image-chart-only2/artifacts/episode-chart_only_no_action_ohm_abbrev_model_qwen25_vl_7b-07_latest,chart_only_no_action_ohm_abbrev_model_qwen25_vl_7b,Chart-only,ohm,abbrev,model_qwen25_vl_7b,False,,,True,False,V = R * I
wandb_downloads_text_image_chart_only2/scientific-exploration-increase-text-image-chart-only2/artifacts/episode-chart_only_no_action_beers_concrete_model_qwen25_vl_3b-08_latest,chart_only_no_action_beers_concrete_model_qwen25_vl_3b,Chart-only,beers,concrete,model_qwen25_vl_3b,True,7,"[json_decode] model output is not valid JSON (error: Expecting ',' delimiter at pos 170): '{\\n  ""reasoning"": ""Observing the bar chart, I notice that the absorbance (orange bar) increases as both conc",False,False,
wandb_downloads_text_image_chart_only2/scientific-exploration-increase-text-image-chart-only2/artifacts/episode-chart_only_no_action_resistors_abstract_model_qwen25_vl_7b-09_latest,chart_only_no_action_resistors_abstract_model_qwen25_vl_7b,Chart-only,resistors,abstract,model_qwen25_vl_7b,False,,,True,False,Y = A + B
wandb_downloads_text_image_chart_only2/scientific-exploration-increase-text-image-chart-only2/artifacts/episode-chart_only_no_action_distance_concrete_model_qwen25_vl_7b-00_latest,chart_only_no_action_distance_concrete_model_qwen25_vl_7b,Chart-only,distance,concrete,model_qwen25_vl_7b,False,,,True,False,total_distance = distance_1 + distance_2 + distance_3
wandb_downloads_text_image_chart_only2/scientific-exploration-increase-text-image-chart-only2/artifacts/episode-chart_only_no_action_ohm_concrete_model_qwen25_vl_3b-03_latest,chart_only_no_action_ohm_concrete_model_qwen25_vl_3b,Chart-only,ohm,concrete,model_qwen25_vl_3b,False,,,True,False,voltage = current * resistance
wandb_downloads_text_image_chart_only2/scientific-exploration-increase-text-image-chart-only2/artifacts/episode-chart_only_no_action_resistors_abstract_model_qwen25_vl_3b-05_latest,chart_only_no_action_resistors_abstract_model_qwen25_vl_3b,Chart-only,resistors,abstract,model_qwen25_vl_3b,False,,,True,False,Y = B * constant
wandb_downloads_text_image_chart_only2/scientific-exploration-increase-text-image-chart-only2/artifacts/episode-chart_only_no_action_beers_abbrev_model_qwen25_vl_3b-01_latest,chart_only_no_action_beers_abbrev_model_qwen25_vl_3b,Chart-only,beers,abbrev,model_qwen25_vl_3b,False,,,True,False,A = c * epsilon
wandb_downloads_text_image_chart_only2/scientific-exploration-increase-text-image-chart-only2/artifacts/episode-chart_only_no_action_mass_concrete_model_qwen25_vl_3b-09_latest,chart_only_no_action_mass_concrete_model_qwen25_vl_3b,Chart-only,mass,concrete,model_qwen25_vl_3b,False,,,True,False,mass = density * volume
wandb_downloads_text_image_chart_only2/scientific-exploration-increase-text-image-chart-only2/artifacts/episode-chart_only_no_action_beers_concrete_model_qwen25_vl_3b-04_latest,chart_only_no_action_beers_concrete_model_qwen25_vl_3b,Chart-only,beers,concrete,model_qwen25_vl_3b,False,,,True,False,Absorbance = Molar Absorptivity × Concentration × Path Length
wandb_downloads_text_image_chart_only2/scientific-exploration-increase-text-image-chart-only2/artifacts/episode-chart_only_no_action_distance_abstract_model_qwen25_vl_3b-05_latest,chart_only_no_action_distance_abstract_model_qwen25_vl_3b,Chart-only,distance,abstract,model_qwen25_vl_3b,False,,,True,False,Y = C
wandb_downloads_text_image_chart_only2/scientific-exploration-increase-text-image-chart-only2/artifacts/episode-chart_only_no_action_beers_abbrev_model_qwen25_vl_3b-00_latest,chart_only_no_action_beers_abbrev_model_qwen25_vl_3b,Chart-only,beers,abbrev,model_qwen25_vl_3b,False,,,True,False,A = k * (c + l)
wandb_downloads_text_image_chart_only2/scientific-exploration-increase-text-image-chart-only2/artifacts/episode-chart_only_no_action_kinematics_concrete_model_qwen25_vl_3b-02_latest,chart_only_no_action_kinematics_concrete_model_qwen25_vl_3b,Chart-only,kinematics,concrete,model_qwen25_vl_3b,False,,,True,False,position = initial_position + velocity * time
wandb_downloads_text_image_chart_only2/scientific-exploration-increase-text-image-chart-only2/artifacts/episode-chart_only_no_action_resistors_abstract_model_qwen25_vl_7b-06_latest,chart_only_no_action_resistors_abstract_model_qwen25_vl_7b,Chart-only,resistors,abstract,model_qwen25_vl_7b,False,,,True,False,Y = A
wandb_downloads_text_image_chart_only2/scientific-exploration-increase-text-image-chart-only2/artifacts/episode-chart_only_no_action_ohm_abbrev_model_qwen25_vl_3b-03_latest,chart_only_no_action_ohm_abbrev_model_qwen25_vl_3b,Chart-only,ohm,abbrev,model_qwen25_vl_3b,False,,,True,False,V = I + R
wandb_downloads_text_image_chart_only2/scientific-exploration-increase-text-image-chart-only2/artifacts/episode-chart_only_no_action_kinematics_abbrev_model_qwen25_vl_7b-08_latest,chart_only_no_action_kinematics_abbrev_model_qwen25_vl_7b,Chart-only,kinematics,abbrev,model_qwen25_vl_7b,False,,,True,False,x = v / t
wandb_downloads_text_image_chart_only2/scientific-exploration-increase-text-image-chart-only2/artifacts/episode-chart_only_no_action_mass_concrete_model_qwen25_vl_7b-01_latest,chart_only_no_action_mass_concrete_model_qwen25_vl_7b,Chart-only,mass,concrete,model_qwen25_vl_7b,False,,,True,False,mass = density * volume
wandb_downloads_text_image_chart_only2/scientific-exploration-increase-text-image-chart-only2/artifacts/episode-chart_only_no_action_mass_abstract_model_qwen25_vl_7b-07_latest,chart_only_no_action_mass_abstract_model_qwen25_vl_7b,Chart-only,mass,abstract,model_qwen25_vl_7b,False,,,True,False,Y = A + B
wandb_downloads_text_image_chart_only2/scientific-exploration-increase-text-image-chart-only2/artifacts/episode-chart_only_no_action_ohm_abbrev_model_qwen25_vl_7b-06_latest,chart_only_no_action_ohm_abbrev_model_qwen25_vl_7b,Chart-only,ohm,abbrev,model_qwen25_vl_7b,False,,,True,False,V = I + R
wandb_downloads_text_image_chart_only2/scientific-exploration-increase-text-image-chart-only2/artifacts/episode-chart_only_no_action_beers_abbrev_model_qwen25_vl_7b-03_latest,chart_only_no_action_beers_abbrev_model_qwen25_vl_7b,Chart-only,beers,abbrev,model_qwen25_vl_7b,False,,,True,False,A = epsilon + c + l
wandb_downloads_text_image_chart_only2/scientific-exploration-increase-text-image-chart-only2/artifacts/episode-chart_only_no_action_mass_concrete_model_qwen25_vl_3b-02_latest,chart_only_no_action_mass_concrete_model_qwen25_vl_3b,Chart-only,mass,concrete,model_qwen25_vl_3b,False,,,True,False,mass = density * volume
wandb_downloads_text_image_chart_only2/scientific-exploration-increase-text-image-chart-only2/artifacts/episode-chart_only_no_action_resistors_abbrev_model_qwen25_vl_3b-08_latest,chart_only_no_action_resistors_abbrev_model_qwen25_vl_3b,Chart-only,resistors,abbrev,model_qwen25_vl_3b,False,,,True,False,Rt = R1
wandb_downloads_text_image_chart_only2/scientific-exploration-increase-text-image-chart-only2/artifacts/episode-chart_only_no_action_beers_concrete_model_qwen25_vl_3b-06_latest,chart_only_no_action_beers_concrete_model_qwen25_vl_3b,Chart-only,beers,concrete,model_qwen25_vl_3b,False,,,True,False,absorbance = k * (concentration * path_length)
wandb_downloads_text_image_chart_only2/scientific-exploration-increase-text-image-chart-only2/artifacts/episode-chart_only_no_action_kinematics_abstract_model_qwen25_vl_7b-03_latest,chart_only_no_action_kinematics_abstract_model_qwen25_vl_7b,Chart-only,kinematics,abstract,model_qwen25_vl_7b,False,,,True,False,Y = A * B
wandb_downloads_text_image_chart_only2/scientific-exploration-increase-text-image-chart-only2/artifacts/episode-chart_only_no_action_beers_concrete_model_qwen25_vl_3b-07_latest,chart_only_no_action_beers_concrete_model_qwen25_vl_3b,Chart-only,beers,concrete,model_qwen25_vl_3b,False,,,True,False,Absorbance = Molar Absorptivity × Concentration × Path Length
wandb_downloads_text_image_chart_only2/scientific-exploration-increase-text-image-chart-only2/artifacts/episode-chart_only_no_action_kinematics_abbrev_model_qwen25_vl_7b-06_latest,chart_only_no_action_kinematics_abbrev_model_qwen25_vl_7b,Chart-only,kinematics,abbrev,model_qwen25_vl_7b,False,,,True,False,x = v * t
wandb_downloads_text_image_chart_only2/scientific-exploration-increase-text-image-chart-only2/artifacts/episode-chart_only_no_action_ohm_concrete_model_qwen25_vl_7b-00_latest,chart_only_no_action_ohm_concrete_model_qwen25_vl_7b,Chart-only,ohm,concrete,model_qwen25_vl_7b,False,,,True,False,V = I * R
wandb_downloads_text_image_chart_only2/scientific-exploration-increase-text-image-chart-only2/artifacts/episode-chart_only_no_action_ohm_abbrev_model_qwen25_vl_7b-04_latest,chart_only_no_action_ohm_abbrev_model_qwen25_vl_7b,Chart-only,ohm,abbrev,model_qwen25_vl_7b,False,,,True,False,V = I * R
wandb_downloads_text_image_chart_only2/scientific-exploration-increase-text-image-chart-only2/artifacts/episode-chart_only_no_action_ohm_concrete_model_qwen25_vl_3b-08_latest,chart_only_no_action_ohm_concrete_model_qwen25_vl_3b,Chart-only,ohm,concrete,model_qwen25_vl_3b,False,,,True,False,voltage = current / resistance
wandb_downloads_text_image_chart_only2/scientific-exploration-increase-text-image-chart-only2/artifacts/episode-chart_only_no_action_beers_abstract_model_qwen25_vl_7b-02_latest,chart_only_no_action_beers_abstract_model_qwen25_vl_7b,Chart-only,beers,abstract,model_qwen25_vl_7b,False,,,True,False,Y = A + B + C
wandb_downloads_text_image_chart_only2/scientific-exploration-increase-text-image-chart-only2/artifacts/episode-chart_only_no_action_distance_abstract_model_qwen25_vl_7b-08_latest,chart_only_no_action_distance_abstract_model_qwen25_vl_7b,Chart-only,distance,abstract,model_qwen25_vl_7b,False,,,True,False,Y = A + B + C
wandb_downloads_text_image_chart_only2/scientific-exploration-increase-text-image-chart-only2/artifacts/episode-chart_only_no_action_kinematics_abstract_model_qwen25_vl_7b-05_latest,chart_only_no_action_kinematics_abstract_model_qwen25_vl_7b,Chart-only,kinematics,abstract,model_qwen25_vl_7b,False,,,True,False,Y = A + B + C
wandb_downloads_text_image_chart_only2/scientific-exploration-increase-text-image-chart-only2/artifacts/episode-chart_only_no_action_beers_abstract_model_qwen25_vl_7b-00_latest,chart_only_no_action_beers_abstract_model_qwen25_vl_7b,Chart-only,beers,abstract,model_qwen25_vl_7b,False,,,True,False,Y = A + B + C
wandb_downloads_text_image_chart_only2/scientific-exploration-increase-text-image-chart-only2/artifacts/episode-chart_only_no_action_ohm_abstract_model_qwen25_vl_3b-03_latest,chart_only_no_action_ohm_abstract_model_qwen25_vl_3b,Chart-only,ohm,abstract,model_qwen25_vl_3b,False,,,True,False,Y = A + B
wandb_downloads_text_image_chart_only2/scientific-exploration-increase-text-image-chart-only2/artifacts/episode-chart_only_no_action_beers_abstract_model_qwen25_vl_3b-08_latest,chart_only_no_action_beers_abstract_model_qwen25_vl_3b,Chart-only,beers,abstract,model_qwen25_vl_3b,False,,,True,False,Y = A + B
wandb_downloads_text_image_chart_only2/scientific-exploration-increase-text-image-chart-only2/artifacts/episode-chart_only_no_action_ohm_concrete_model_qwen25_vl_3b-05_latest,chart_only_no_action_ohm_concrete_model_qwen25_vl_3b,Chart-only,ohm,concrete,model_qwen25_vl_3b,False,,,True,False,voltage = (resistance * current) / resistance
wandb_downloads_text_image_chart_only2/scientific-exploration-increase-text-image-chart-only2/artifacts/episode-chart_only_no_action_resistors_abstract_model_qwen25_vl_7b-02_latest,chart_only_no_action_resistors_abstract_model_qwen25_vl_7b,Chart-only,resistors,abstract,model_qwen25_vl_7b,False,,,True,False,Y = A * B
wandb_downloads_text_image_chart_only2/scientific-exploration-increase-text-image-chart-only2/artifacts/episode-chart_only_no_action_beers_abbrev_model_qwen25_vl_7b-02_latest,chart_only_no_action_beers_abbrev_model_qwen25_vl_7b,Chart-only,beers,abbrev,model_qwen25_vl_7b,False,,,True,False,A = ε
wandb_downloads_text_image_chart_only2/scientific-exploration-increase-text-image-chart-only2/artifacts/episode-chart_only_no_action_ohm_abstract_model_qwen25_vl_7b-03_latest,chart_only_no_action_ohm_abstract_model_qwen25_vl_7b,Chart-only,ohm,abstract,model_qwen25_vl_7b,False,,,True,False,Y = A + B
wandb_downloads_text_image_chart_only2/scientific-exploration-increase-text-image-chart-only2/artifacts/episode-chart_only_no_action_ohm_abbrev_model_qwen25_vl_7b-01_latest,chart_only_no_action_ohm_abbrev_model_qwen25_vl_7b,Chart-only,ohm,abbrev,model_qwen25_vl_7b,False,,,True,False,V ~ I * R
wandb_downloads_text_image_chart_only2/scientific-exploration-increase-text-image-chart-only2/artifacts/episode-chart_only_no_action_kinematics_abbrev_model_qwen25_vl_7b-00_latest,chart_only_no_action_kinematics_abbrev_model_qwen25_vl_7b,Chart-only,kinematics,abbrev,model_qwen25_vl_7b,False,,,True,False,"x = f(v, t)"
wandb_downloads_text_image_chart_only2/scientific-exploration-increase-text-image-chart-only2/artifacts/episode-chart_only_no_action_kinematics_concrete_model_qwen25_vl_3b-05_latest,chart_only_no_action_kinematics_concrete_model_qwen25_vl_3b,Chart-only,kinematics,concrete,model_qwen25_vl_3b,False,,,True,False,initial_position + velocity * time
wandb_downloads_text_image_chart_only2/scientific-exploration-increase-text-image-chart-only2/artifacts/episode-chart_only_no_action_beers_abbrev_model_qwen25_vl_3b-03_latest,chart_only_no_action_beers_abbrev_model_qwen25_vl_3b,Chart-only,beers,abbrev,model_qwen25_vl_3b,True,6,"[json_decode] model output is not valid JSON (error: Expecting ',' delimiter at pos 252): '{\\n  ""reasoning"": ""Observing the bar chart, I notice that the orange bar, which represents variable A, is si",False,False,
wandb_downloads_text_image_chart_only2/scientific-exploration-increase-text-image-chart-only2/artifacts/episode-chart_only_no_action_distance_abstract_model_qwen25_vl_7b-04_latest,chart_only_no_action_distance_abstract_model_qwen25_vl_7b,Chart-only,distance,abstract,model_qwen25_vl_7b,False,,,True,False,Y = A + B
wandb_downloads_text_image_chart_only2/scientific-exploration-increase-text-image-chart-only2/artifacts/episode-chart_only_no_action_beers_concrete_model_qwen25_vl_7b-02_latest,chart_only_no_action_beers_concrete_model_qwen25_vl_7b,Chart-only,beers,concrete,model_qwen25_vl_7b,False,,,True,False,absorbance = molar_absorptivity * concentration * path_length
wandb_downloads_text_image_chart_only2/scientific-exploration-increase-text-image-chart-only2/artifacts/episode-chart_only_no_action_mass_abstract_model_qwen25_vl_7b-02_latest,chart_only_no_action_mass_abstract_model_qwen25_vl_7b,Chart-only,mass,abstract,model_qwen25_vl_7b,False,,,True,False,Y = A * B
wandb_downloads_text_image_chart_only2/scientific-exploration-increase-text-image-chart-only2/artifacts/episode-chart_only_no_action_kinematics_concrete_model_qwen25_vl_3b-08_latest,chart_only_no_action_kinematics_concrete_model_qwen25_vl_3b,Chart-only,kinematics,concrete,model_qwen25_vl_3b,False,,,True,False,position = initial_position + velocity * time
wandb_downloads_text_image_chart_only2/scientific-exploration-increase-text-image-chart-only2/artifacts/episode-chart_only_no_action_beers_concrete_model_qwen25_vl_7b-09_latest,chart_only_no_action_beers_concrete_model_qwen25_vl_7b,Chart-only,beers,concrete,model_qwen25_vl_7b,False,,,True,False,absorbance = molar_absorptivity * concentration
wandb_downloads_text_image_chart_only2/scientific-exploration-increase-text-image-chart-only2/artifacts/episode-chart_only_no_action_kinematics_concrete_model_qwen25_vl_7b-09_latest,chart_only_no_action_kinematics_concrete_model_qwen25_vl_7b,Chart-only,kinematics,concrete,model_qwen25_vl_7b,False,,,True,False,position = initial_position + velocity * time
wandb_downloads_text_image_chart_only2/scientific-exploration-increase-text-image-chart-only2/artifacts/episode-chart_only_no_action_mass_concrete_model_qwen25_vl_3b-05_latest,chart_only_no_action_mass_concrete_model_qwen25_vl_3b,Chart-only,mass,concrete,model_qwen25_vl_3b,False,,,True,False,mass = volume * density
wandb_downloads_text_image_chart_only2/scientific-exploration-increase-text-image-chart-only2/artifacts/episode-chart_only_no_action_distance_concrete_model_qwen25_vl_3b-09_latest,chart_only_no_action_distance_concrete_model_qwen25_vl_3b,Chart-only,distance,concrete,model_qwen25_vl_3b,False,,,True,False,total_distance > distance_1 && total_distance > distance_2
wandb_downloads_text_image_chart_only2/scientific-exploration-increase-text-image-chart-only2/artifacts/episode-chart_only_no_action_resistors_abstract_model_qwen25_vl_3b-08_latest,chart_only_no_action_resistors_abstract_model_qwen25_vl_3b,Chart-only,resistors,abstract,model_qwen25_vl_3b,False,,,True,False,Y = A + B
wandb_downloads_text_image_chart_only2/scientific-exploration-increase-text-image-chart-only2/artifacts/episode-chart_only_no_action_kinematics_abbrev_model_qwen25_vl_3b-08_latest,chart_only_no_action_kinematics_abbrev_model_qwen25_vl_3b,Chart-only,kinematics,abbrev,model_qwen25_vl_3b,False,,,True,False,x = x0
wandb_downloads_text_image_chart_only2/scientific-exploration-increase-text-image-chart-only2/artifacts/episode-chart_only_no_action_resistors_abstract_model_qwen25_vl_7b-07_latest,chart_only_no_action_resistors_abstract_model_qwen25_vl_7b,Chart-only,resistors,abstract,model_qwen25_vl_7b,False,,,True,False,B = 3A + 1
wandb_downloads_text_image_chart_only2/scientific-exploration-increase-text-image-chart-only2/artifacts/episode-chart_only_no_action_beers_concrete_model_qwen25_vl_3b-00_latest,chart_only_no_action_beers_concrete_model_qwen25_vl_3b,Chart-only,beers,concrete,model_qwen25_vl_3b,False,,,True,False,absorbance = constant
wandb_downloads_text_image_chart_only2/scientific-exploration-increase-text-image-chart-only2/artifacts/episode-chart_only_no_action_kinematics_abbrev_model_qwen25_vl_3b-00_latest,chart_only_no_action_kinematics_abbrev_model_qwen25_vl_3b,Chart-only,kinematics,abbrev,model_qwen25_vl_3b,False,,,True,False,x = x0 + vt
wandb_downloads_text_image_chart_only2/scientific-exploration-increase-text-image-chart-only2/artifacts/episode-chart_only_no_action_kinematics_concrete_model_qwen25_vl_3b-00_latest,chart_only_no_action_kinematics_concrete_model_qwen25_vl_3b,Chart-only,kinematics,concrete,model_qwen25_vl_3b,False,,,True,False,initial_position + velocity * time
wandb_downloads_text_image_chart_only2/scientific-exploration-increase-text-image-chart-only2/artifacts/episode-chart_only_no_action_kinematics_concrete_model_qwen25_vl_7b-00_latest,chart_only_no_action_kinematics_concrete_model_qwen25_vl_7b,Chart-only,kinematics,concrete,model_qwen25_vl_7b,False,,,True,False,position = initial_position + velocity * time
wandb_downloads_text_image_chart_only2/scientific-exploration-increase-text-image-chart-only2/artifacts/episode-chart_only_no_action_mass_abstract_model_qwen25_vl_3b-05_latest,chart_only_no_action_mass_abstract_model_qwen25_vl_3b,Chart-only,mass,abstract,model_qwen25_vl_3b,False,,,True,False,Y = A * B
wandb_downloads_text_image_chart_only2/scientific-exploration-increase-text-image-chart-only2/artifacts/episode-chart_only_no_action_beers_abstract_model_qwen25_vl_3b-05_latest,chart_only_no_action_beers_abstract_model_qwen25_vl_3b,Chart-only,beers,abstract,model_qwen25_vl_3b,False,,,True,False,Y = A + B
wandb_downloads_text_image_chart_only2/scientific-exploration-increase-text-image-chart-only2/artifacts/episode-chart_only_no_action_kinematics_abstract_model_qwen25_vl_3b-05_latest,chart_only_no_action_kinematics_abstract_model_qwen25_vl_3b,Chart-only,kinematics,abstract,model_qwen25_vl_3b,False,,,True,False,Y = -A * B + C
wandb_downloads_text_image_chart_only2/scientific-exploration-increase-text-image-chart-only2/artifacts/episode-chart_only_no_action_distance_concrete_model_qwen25_vl_3b-05_latest,chart_only_no_action_distance_concrete_model_qwen25_vl_3b,Chart-only,distance,concrete,model_qwen25_vl_3b,False,,,True,False,total_distance = distance_1 + distance_2 + distance_3
wandb_downloads_text_image_chart_only2/scientific-exploration-increase-text-image-chart-only2/artifacts/episode-chart_only_no_action_ohm_abstract_model_qwen25_vl_3b-09_latest,chart_only_no_action_ohm_abstract_model_qwen25_vl_3b,Chart-only,ohm,abstract,model_qwen25_vl_3b,False,,,True,False,Y = 2A + B
wandb_downloads_text_image_chart_only2/scientific-exploration-increase-text-image-chart-only2/artifacts/episode-chart_only_no_action_kinematics_abstract_model_qwen25_vl_7b-04_latest,chart_only_no_action_kinematics_abstract_model_qwen25_vl_7b,Chart-only,kinematics,abstract,model_qwen25_vl_7b,False,,,True,False,Y = C
wandb_downloads_text_image_chart_only2/scientific-exploration-increase-text-image-chart-only2/artifacts/episode-chart_only_no_action_distance_abstract_model_qwen25_vl_3b-08_latest,chart_only_no_action_distance_abstract_model_qwen25_vl_3b,Chart-only,distance,abstract,model_qwen25_vl_3b,False,,,True,False,Y = A + B
wandb_downloads_text_image_chart_only2/scientific-exploration-increase-text-image-chart-only2/artifacts/episode-chart_only_no_action_beers_abstract_model_qwen25_vl_3b-09_latest,chart_only_no_action_beers_abstract_model_qwen25_vl_3b,Chart-only,beers,abstract,model_qwen25_vl_3b,False,,,True,False,Y = A + B
wandb_downloads_text_image_chart_only2/scientific-exploration-increase-text-image-chart-only2/artifacts/episode-chart_only_no_action_beers_abbrev_model_qwen25_vl_3b-07_latest,chart_only_no_action_beers_abbrev_model_qwen25_vl_3b,Chart-only,beers,abbrev,model_qwen25_vl_3b,False,,,True,False,A = epsilon + c
wandb_downloads_text_image_chart_only2/scientific-exploration-increase-text-image-chart-only2/artifacts/episode-chart_only_no_action_kinematics_abbrev_model_qwen25_vl_7b-07_latest,chart_only_no_action_kinematics_abbrev_model_qwen25_vl_7b,Chart-only,kinematics,abbrev,model_qwen25_vl_7b,False,,,True,False,x = v * t
wandb_downloads_text_image_chart_only2/scientific-exploration-increase-text-image-chart-only2/artifacts/episode-chart_only_no_action_ohm_concrete_model_qwen25_vl_3b-04_latest,chart_only_no_action_ohm_concrete_model_qwen25_vl_3b,Chart-only,ohm,concrete,model_qwen25_vl_3b,False,,,True,False,V = Constant
wandb_downloads_text_image_chart_only2/scientific-exploration-increase-text-image-chart-only2/artifacts/episode-chart_only_no_action_beers_abbrev_model_qwen25_vl_7b-00_latest,chart_only_no_action_beers_abbrev_model_qwen25_vl_7b,Chart-only,beers,abbrev,model_qwen25_vl_7b,False,,,True,False,A = c * l * epsilon
wandb_downloads_text_image_chart_only2/scientific-exploration-increase-text-image-chart-only2/artifacts/episode-chart_only_no_action_ohm_abbrev_model_qwen25_vl_3b-02_latest,chart_only_no_action_ohm_abbrev_model_qwen25_vl_3b,Chart-only,ohm,abbrev,model_qwen25_vl_3b,False,,,True,False,V = k * (I + R)
wandb_downloads_text_image_chart_only2/scientific-exploration-increase-text-image-chart-only2/artifacts/episode-chart_only_no_action_beers_abbrev_model_qwen25_vl_7b-05_latest,chart_only_no_action_beers_abbrev_model_qwen25_vl_7b,Chart-only,beers,abbrev,model_qwen25_vl_7b,False,,,True,False,A = constant
wandb_downloads_text_image_chart_only2/scientific-exploration-increase-text-image-chart-only2/artifacts/episode-chart_only_no_action_mass_concrete_model_qwen25_vl_7b-07_latest,chart_only_no_action_mass_concrete_model_qwen25_vl_7b,Chart-only,mass,concrete,model_qwen25_vl_7b,False,,,True,False,mass = density * volume
wandb_downloads_text_image_chart_only2/scientific-exploration-increase-text-image-chart-only2/artifacts/episode-chart_only_no_action_kinematics_concrete_model_qwen25_vl_3b-01_latest,chart_only_no_action_kinematics_concrete_model_qwen25_vl_3b,Chart-only,kinematics,concrete,model_qwen25_vl_3b,False,,,True,False,initial_position + velocity * time
wandb_downloads_text_image_chart_only2/scientific-exploration-increase-text-image-chart-only2/artifacts/episode-chart_only_no_action_mass_abbrev_model_qwen25_vl_3b-01_latest,chart_only_no_action_mass_abbrev_model_qwen25_vl_3b,Chart-only,mass,abbrev,model_qwen25_vl_3b,False,,,True,False,m = k * V
wandb_downloads_text_image_chart_only2/scientific-exploration-increase-text-image-chart-only2/artifacts/episode-chart_only_no_action_mass_concrete_model_qwen25_vl_3b-03_latest,chart_only_no_action_mass_concrete_model_qwen25_vl_3b,Chart-only,mass,concrete,model_qwen25_vl_3b,False,,,True,False,mass = density * volume
wandb_downloads_text_image_chart_only2/scientific-exploration-increase-text-image-chart-only2/artifacts/episode-chart_only_no_action_mass_concrete_model_qwen25_vl_3b-01_latest,chart_only_no_action_mass_concrete_model_qwen25_vl_3b,Chart-only,mass,concrete,model_qwen25_vl_3b,False,,,True,False,mass = density * volume
wandb_downloads_text_image_chart_only2/scientific-exploration-increase-text-image-chart-only2/artifacts/episode-chart_only_no_action_beers_abstract_model_qwen25_vl_7b-01_latest,chart_only_no_action_beers_abstract_model_qwen25_vl_7b,Chart-only,beers,abstract,model_qwen25_vl_7b,False,,,True,False,Y = C
wandb_downloads_text_image_chart_only2/scientific-exploration-increase-text-image-chart-only2/artifacts/episode-chart_only_no_action_mass_abbrev_model_qwen25_vl_3b-09_latest,chart_only_no_action_mass_abbrev_model_qwen25_vl_3b,Chart-only,mass,abbrev,model_qwen25_vl_3b,False,,,True,False,m = k * V
wandb_downloads_text_image_chart_only2/scientific-exploration-increase-text-image-chart-only2/artifacts/episode-chart_only_no_action_beers_abstract_model_qwen25_vl_3b-07_latest,chart_only_no_action_beers_abstract_model_qwen25_vl_3b,Chart-only,beers,abstract,model_qwen25_vl_3b,False,,,True,False,Y = A + B
wandb_downloads_text_image_chart_only2/scientific-exploration-increase-text-image-chart-only2/artifacts/episode-chart_only_no_action_distance_abbrev_model_qwen25_vl_3b-05_latest,chart_only_no_action_distance_abbrev_model_qwen25_vl_3b,Chart-only,distance,abbrev,model_qwen25_vl_3b,False,,,True,False,d = k * (d1 + d2)
wandb_downloads_text_image_chart_only2/scientific-exploration-increase-text-image-chart-only2/artifacts/episode-chart_only_no_action_mass_abbrev_model_qwen25_vl_7b-01_latest,chart_only_no_action_mass_abbrev_model_qwen25_vl_7b,Chart-only,mass,abbrev,model_qwen25_vl_7b,False,,,True,False,m ∝ ρ
wandb_downloads_text_image_chart_only2/scientific-exploration-increase-text-image-chart-only2/artifacts/episode-chart_only_no_action_ohm_concrete_model_qwen25_vl_7b-04_latest,chart_only_no_action_ohm_concrete_model_qwen25_vl_7b,Chart-only,ohm,concrete,model_qwen25_vl_7b,False,,,True,False,voltage = current * resistance
wandb_downloads_text_image_chart_only2/scientific-exploration-increase-text-image-chart-only2/artifacts/episode-chart_only_no_action_kinematics_concrete_model_qwen25_vl_3b-03_latest,chart_only_no_action_kinematics_concrete_model_qwen25_vl_3b,Chart-only,kinematics,concrete,model_qwen25_vl_3b,False,,,True,False,position = initial_position + velocity * time
wandb_downloads_text_image_chart_only2/scientific-exploration-increase-text-image-chart-only2/artifacts/episode-chart_only_no_action_mass_abstract_model_qwen25_vl_3b-09_latest,chart_only_no_action_mass_abstract_model_qwen25_vl_3b,Chart-only,mass,abstract,model_qwen25_vl_3b,False,,,True,False,Y >> A + B
wandb_downloads_text_image_chart_only2/scientific-exploration-increase-text-image-chart-only2/artifacts/episode-chart_only_no_action_mass_abstract_model_qwen25_vl_3b-07_latest,chart_only_no_action_mass_abstract_model_qwen25_vl_3b,Chart-only,mass,abstract,model_qwen25_vl_3b,False,,,True,False,"Y = max(A, B)"
wandb_downloads_text_image_chart_only2/scientific-exploration-increase-text-image-chart-only2/artifacts/episode-chart_only_no_action_distance_abstract_model_qwen25_vl_7b-09_latest,chart_only_no_action_distance_abstract_model_qwen25_vl_7b,Chart-only,distance,abstract,model_qwen25_vl_7b,False,,,True,False,Y = A + B
wandb_downloads_text_image_chart_only2/scientific-exploration-increase-text-image-chart-only2/artifacts/episode-chart_only_no_action_beers_abstract_model_qwen25_vl_7b-06_latest,chart_only_no_action_beers_abstract_model_qwen25_vl_7b,Chart-only,beers,abstract,model_qwen25_vl_7b,False,,,True,False,Y = A + B + C
wandb_downloads_text_image_chart_only2/scientific-exploration-increase-text-image-chart-only2/artifacts/episode-chart_only_no_action_beers_abbrev_model_qwen25_vl_7b-06_latest,chart_only_no_action_beers_abbrev_model_qwen25_vl_7b,Chart-only,beers,abbrev,model_qwen25_vl_7b,False,,,True,False,"A = f(epsilon, c)"
wandb_downloads_text_image_chart_only2/scientific-exploration-increase-text-image-chart-only2/artifacts/episode-chart_only_no_action_distance_abbrev_model_qwen25_vl_3b-00_latest,chart_only_no_action_distance_abbrev_model_qwen25_vl_3b,Chart-only,distance,abbrev,model_qwen25_vl_3b,False,,,True,False,d = constant value
wandb_downloads_text_image_chart_only2/scientific-exploration-increase-text-image-chart-only2/artifacts/episode-chart_only_no_action_distance_abbrev_model_qwen25_vl_3b-07_latest,chart_only_no_action_distance_abbrev_model_qwen25_vl_3b,Chart-only,distance,abbrev,model_qwen25_vl_3b,False,,,True,False,d = k - d1
wandb_downloads_text_image_chart_only2/scientific-exploration-increase-text-image-chart-only2/artifacts/episode-chart_only_no_action_distance_concrete_model_qwen25_vl_3b-04_latest,chart_only_no_action_distance_concrete_model_qwen25_vl_3b,Chart-only,distance,concrete,model_qwen25_vl_3b,False,,,True,False,distance_1 + distance_2
wandb_downloads_text_image_chart_only2/scientific-exploration-increase-text-image-chart-only2/artifacts/episode-chart_only_no_action_kinematics_abbrev_model_qwen25_vl_7b-02_latest,chart_only_no_action_kinematics_abbrev_model_qwen25_vl_7b,Chart-only,kinematics,abbrev,model_qwen25_vl_7b,False,,,True,False,"x = f(x0, v, t)"
wandb_downloads_text_image_chart_only2/scientific-exploration-increase-text-image-chart-only2/artifacts/episode-chart_only_no_action_mass_concrete_model_qwen25_vl_7b-05_latest,chart_only_no_action_mass_concrete_model_qwen25_vl_7b,Chart-only,mass,concrete,model_qwen25_vl_7b,False,,,True,False,mass = density * volume
wandb_downloads_text_image_chart_only2/scientific-exploration-increase-text-image-chart-only2/artifacts/episode-chart_only_no_action_beers_abbrev_model_qwen25_vl_7b-08_latest,chart_only_no_action_beers_abbrev_model_qwen25_vl_7b,Chart-only,beers,abbrev,model_qwen25_vl_7b,False,,,True,False,A = k * c
wandb_downloads_text_image_chart_only2/scientific-exploration-increase-text-image-chart-only2/artifacts/episode-chart_only_no_action_distance_concrete_model_qwen25_vl_7b-06_latest,chart_only_no_action_distance_concrete_model_qwen25_vl_7b,Chart-only,distance,concrete,model_qwen25_vl_7b,False,,,True,False,total_distance = distance_1 + distance_2 + distance_3
wandb_downloads_text_image_chart_only2/scientific-exploration-increase-text-image-chart-only2/artifacts/episode-chart_only_no_action_kinematics_abbrev_model_qwen25_vl_3b-01_latest,chart_only_no_action_kinematics_abbrev_model_qwen25_vl_3b,Chart-only,kinematics,abbrev,model_qwen25_vl_3b,False,,,True,False,x = x0 * v * t
wandb_downloads_text_image_chart_only2/scientific-exploration-increase-text-image-chart-only2/artifacts/episode-chart_only_no_action_kinematics_abbrev_model_qwen25_vl_7b-09_latest,chart_only_no_action_kinematics_abbrev_model_qwen25_vl_7b,Chart-only,kinematics,abbrev,model_qwen25_vl_7b,True,0,"[json_decode] model output is not valid JSON (error: Invalid \escape at pos 64): '{\\n  ""reasoning"": ""The orange bar represents the target variable \\( x \\), while the blue bars represent the input v",False,False,
wandb_downloads_text_image_chart_only2/scientific-exploration-increase-text-image-chart-only2/artifacts/episode-chart_only_no_action_mass_abstract_model_qwen25_vl_3b-03_latest,chart_only_no_action_mass_abstract_model_qwen25_vl_3b,Chart-only,mass,abstract,model_qwen25_vl_3b,False,,,True,False,Y = A + B
wandb_downloads_text_image_chart_only2/scientific-exploration-increase-text-image-chart-only2/artifacts/episode-chart_only_no_action_distance_abstract_model_qwen25_vl_3b-02_latest,chart_only_no_action_distance_abstract_model_qwen25_vl_3b,Chart-only,distance,abstract,model_qwen25_vl_3b,False,,,True,False,Y = C
wandb_downloads_text_image_chart_only2/scientific-exploration-increase-text-image-chart-only2/artifacts/episode-chart_only_no_action_beers_abstract_model_qwen25_vl_7b-04_latest,chart_only_no_action_beers_abstract_model_qwen25_vl_7b,Chart-only,beers,abstract,model_qwen25_vl_7b,False,,,True,False,Y = A + B + C
wandb_downloads_text_image_chart_only2/scientific-exploration-increase-text-image-chart-only2/artifacts/episode-chart_only_no_action_mass_concrete_model_qwen25_vl_7b-08_latest,chart_only_no_action_mass_concrete_model_qwen25_vl_7b,Chart-only,mass,concrete,model_qwen25_vl_7b,False,,,True,False,mass = density * volume
wandb_downloads_text_image_chart_only2/scientific-exploration-increase-text-image-chart-only2/artifacts/episode-chart_only_no_action_beers_abstract_model_qwen25_vl_3b-06_latest,chart_only_no_action_beers_abstract_model_qwen25_vl_3b,Chart-only,beers,abstract,model_qwen25_vl_3b,False,,,True,False,Y = A
wandb_downloads_text_image_chart_only2/scientific-exploration-increase-text-image-chart-only2/artifacts/episode-chart_only_no_action_resistors_concrete_model_qwen25_vl_3b-00_latest,chart_only_no_action_resistors_concrete_model_qwen25_vl_3b,Chart-only,resistors,concrete,model_qwen25_vl_3b,False,,,True,False,total_resistance = resistance_1 + resistance_2
wandb_downloads_text_image_chart_only2/scientific-exploration-increase-text-image-chart-only2/artifacts/episode-chart_only_no_action_ohm_abbrev_model_qwen25_vl_3b-08_latest,chart_only_no_action_ohm_abbrev_model_qwen25_vl_3b,Chart-only,ohm,abbrev,model_qwen25_vl_3b,False,,,True,False,V = I + R
wandb_downloads_text_image_chart_only2/scientific-exploration-increase-text-image-chart-only2/artifacts/episode-chart_only_no_action_ohm_concrete_model_qwen25_vl_3b-09_latest,chart_only_no_action_ohm_concrete_model_qwen25_vl_3b,Chart-only,ohm,concrete,model_qwen25_vl_3b,False,,,True,False,voltage = constant
wandb_downloads_text_image_chart_only2/scientific-exploration-increase-text-image-chart-only2/artifacts/episode-chart_only_no_action_ohm_abbrev_model_qwen25_vl_3b-01_latest,chart_only_no_action_ohm_abbrev_model_qwen25_vl_3b,Chart-only,ohm,abbrev,model_qwen25_vl_3b,False,,,True,False,V = I + R
wandb_downloads_text_image_chart_only2/scientific-exploration-increase-text-image-chart-only2/artifacts/episode-chart_only_no_action_kinematics_abstract_model_qwen25_vl_3b-01_latest,chart_only_no_action_kinematics_abstract_model_qwen25_vl_3b,Chart-only,kinematics,abstract,model_qwen25_vl_3b,False,,,True,False,Y = k * A + k * B
wandb_downloads_text_image_chart_only2/scientific-exploration-increase-text-image-chart-only2/artifacts/episode-chart_only_no_action_kinematics_concrete_model_qwen25_vl_7b-05_latest,chart_only_no_action_kinematics_concrete_model_qwen25_vl_7b,Chart-only,kinematics,concrete,model_qwen25_vl_7b,False,,,True,False,Position = Initial_position + Velocity * Time
wandb_downloads_text_image_chart_only2/scientific-exploration-increase-text-image-chart-only2/artifacts/episode-chart_only_no_action_distance_abbrev_model_qwen25_vl_7b-07_latest,chart_only_no_action_distance_abbrev_model_qwen25_vl_7b,Chart-only,distance,abbrev,model_qwen25_vl_7b,False,,,True,False,d = d1 + d2 + d3
wandb_downloads_text_image_chart_only2/scientific-exploration-increase-text-image-chart-only2/artifacts/episode-chart_only_no_action_resistors_concrete_model_qwen25_vl_3b-07_latest,chart_only_no_action_resistors_concrete_model_qwen25_vl_3b,Chart-only,resistors,concrete,model_qwen25_vl_3b,False,,,True,False,total_resistance = resistance_1 + resistance_2
wandb_downloads_text_image_chart_only2/scientific-exploration-increase-text-image-chart-only2/artifacts/episode-chart_only_no_action_distance_concrete_model_qwen25_vl_3b-00_latest,chart_only_no_action_distance_concrete_model_qwen25_vl_3b,Chart-only,distance,concrete,model_qwen25_vl_3b,False,,,True,False,total_distance = distance_1 + distance_2
wandb_downloads_text_image_chart_only2/scientific-exploration-increase-text-image-chart-only2/artifacts/episode-chart_only_no_action_ohm_abstract_model_qwen25_vl_7b-06_latest,chart_only_no_action_ohm_abstract_model_qwen25_vl_7b,Chart-only,ohm,abstract,model_qwen25_vl_7b,False,,,True,False,Y = const
wandb_downloads_text_image_chart_only2/scientific-exploration-increase-text-image-chart-only2/artifacts/episode-chart_only_no_action_resistors_abbrev_model_qwen25_vl_7b-05_latest,chart_only_no_action_resistors_abbrev_model_qwen25_vl_7b,Chart-only,resistors,abbrev,model_qwen25_vl_7b,False,,,True,False,"Rt = f(R1, R2)"
wandb_downloads_text_image_chart_only2/scientific-exploration-increase-text-image-chart-only2/artifacts/episode-chart_only_no_action_ohm_abbrev_model_qwen25_vl_7b-05_latest,chart_only_no_action_ohm_abbrev_model_qwen25_vl_7b,Chart-only,ohm,abbrev,model_qwen25_vl_7b,False,,,True,False,V = I
wandb_downloads_text_image_chart_only2/scientific-exploration-increase-text-image-chart-only2/artifacts/episode-chart_only_no_action_resistors_concrete_model_qwen25_vl_7b-01_latest,chart_only_no_action_resistors_concrete_model_qwen25_vl_7b,Chart-only,resistors,concrete,model_qwen25_vl_7b,False,,,True,False,total_resistance = 1/(1/resistance_1 + 1/resistance_2)
wandb_downloads_text_image_chart_only2/scientific-exploration-increase-text-image-chart-only2/artifacts/episode-chart_only_no_action_distance_concrete_model_qwen25_vl_7b-03_latest,chart_only_no_action_distance_concrete_model_qwen25_vl_7b,Chart-only,distance,concrete,model_qwen25_vl_7b,False,,,True,False,total_distance = distance_1 + distance_2 + distance_3
wandb_downloads_text_image_chart_only2/scientific-exploration-increase-text-image-chart-only2/artifacts/episode-chart_only_no_action_kinematics_abbrev_model_qwen25_vl_3b-03_latest,chart_only_no_action_kinematics_abbrev_model_qwen25_vl_3b,Chart-only,kinematics,abbrev,model_qwen25_vl_3b,False,,,True,False,x = k * v + l * t
wandb_downloads_text_image_chart_only2/scientific-exploration-increase-text-image-chart-only2/artifacts/episode-chart_only_no_action_distance_concrete_model_qwen25_vl_7b-01_latest,chart_only_no_action_distance_concrete_model_qwen25_vl_7b,Chart-only,distance,concrete,model_qwen25_vl_7b,False,,,True,False,total_distance = distance_1 + distance_2 + distance_3
wandb_downloads_text_image_chart_only2/scientific-exploration-increase-text-image-chart-only2/artifacts/episode-chart_only_no_action_resistors_concrete_model_qwen25_vl_3b-01_latest,chart_only_no_action_resistors_concrete_model_qwen25_vl_3b,Chart-only,resistors,concrete,model_qwen25_vl_3b,False,,,True,False,total_resistance = resistance_1 + resistance_2
wandb_downloads_text_image_chart_only2/scientific-exploration-increase-text-image-chart-only2/artifacts/episode-chart_only_no_action_kinematics_concrete_model_qwen25_vl_3b-07_latest,chart_only_no_action_kinematics_concrete_model_qwen25_vl_3b,Chart-only,kinematics,concrete,model_qwen25_vl_3b,False,,,True,False,initial_position + velocity * time
wandb_downloads_text_image_chart_only2/scientific-exploration-increase-text-image-chart-only2/artifacts/episode-chart_only_no_action_mass_abstract_model_qwen25_vl_7b-05_latest,chart_only_no_action_mass_abstract_model_qwen25_vl_7b,Chart-only,mass,abstract,model_qwen25_vl_7b,False,,,True,False,Y = B
wandb_downloads_text_image_chart_only2/scientific-exploration-increase-text-image-chart-only2/artifacts/episode-chart_only_no_action_distance_abbrev_model_qwen25_vl_7b-02_latest,chart_only_no_action_distance_abbrev_model_qwen25_vl_7b,Chart-only,distance,abbrev,model_qwen25_vl_7b,False,,,True,False,d = d1 + d2
wandb_downloads_text_image_chart_only2/scientific-exploration-increase-text-image-chart-only2/artifacts/episode-chart_only_no_action_beers_concrete_model_qwen25_vl_7b-05_latest,chart_only_no_action_beers_concrete_model_qwen25_vl_7b,Chart-only,beers,concrete,model_qwen25_vl_7b,False,,,True,False,absorbance = molar_absorptivity * concentration * path_length
wandb_downloads_text_image_chart_only2/scientific-exploration-increase-text-image-chart-only2/artifacts/episode-chart_only_no_action_mass_abbrev_model_qwen25_vl_3b-03_latest,chart_only_no_action_mass_abbrev_model_qwen25_vl_3b,Chart-only,mass,abbrev,model_qwen25_vl_3b,False,,,True,False,m = rho + V
wandb_downloads_text_image_chart_only2/scientific-exploration-increase-text-image-chart-only2/artifacts/episode-chart_only_no_action_resistors_abbrev_model_qwen25_vl_3b-02_latest,chart_only_no_action_resistors_abbrev_model_qwen25_vl_3b,Chart-only,resistors,abbrev,model_qwen25_vl_3b,False,,,True,False,Rt = R1 + R2
wandb_downloads_text_image_chart_only2/scientific-exploration-increase-text-image-chart-only2/artifacts/episode-chart_only_no_action_distance_concrete_model_qwen25_vl_7b-09_latest,chart_only_no_action_distance_concrete_model_qwen25_vl_7b,Chart-only,distance,concrete,model_qwen25_vl_7b,False,,,True,False,total_distance = distance_1 + distance_2 + distance_3
wandb_downloads_text_image_chart_only2/scientific-exploration-increase-text-image-chart-only2/artifacts/episode-chart_only_no_action_beers_abstract_model_qwen25_vl_3b-00_latest,chart_only_no_action_beers_abstract_model_qwen25_vl_3b,Chart-only,beers,abstract,model_qwen25_vl_3b,False,,,True,False,Y = 2A + 3B
wandb_downloads_text_image_chart_only2/scientific-exploration-increase-text-image-chart-only2/artifacts/episode-chart_only_no_action_kinematics_concrete_model_qwen25_vl_7b-03_latest,chart_only_no_action_kinematics_concrete_model_qwen25_vl_7b,Chart-only,kinematics,concrete,model_qwen25_vl_7b,False,,,True,False,initial_position + time * velocity
wandb_downloads_text_image_chart_only2/scientific-exploration-increase-text-image-chart-only2/artifacts/episode-chart_only_no_action_distance_abstract_model_qwen25_vl_7b-01_latest,chart_only_no_action_distance_abstract_model_qwen25_vl_7b,Chart-only,distance,abstract,model_qwen25_vl_7b,False,,,True,False,Y = A + B + C
wandb_downloads_text_image_chart_only2/scientific-exploration-increase-text-image-chart-only2/artifacts/episode-chart_only_no_action_distance_abstract_model_qwen25_vl_3b-04_latest,chart_only_no_action_distance_abstract_model_qwen25_vl_3b,Chart-only,distance,abstract,model_qwen25_vl_3b,False,,,True,False,Y = A + B + C
wandb_downloads_text_image_chart_only2/scientific-exploration-increase-text-image-chart-only2/artifacts/episode-chart_only_no_action_beers_concrete_model_qwen25_vl_3b-09_latest,chart_only_no_action_beers_concrete_model_qwen25_vl_3b,Chart-only,beers,concrete,model_qwen25_vl_3b,False,,,True,False,absorbance = molar_absorptivity * concentration
wandb_downloads_text_image_chart_only2/scientific-exploration-increase-text-image-chart-only2/artifacts/episode-chart_only_no_action_beers_abbrev_model_qwen25_vl_3b-02_latest,chart_only_no_action_beers_abbrev_model_qwen25_vl_3b,Chart-only,beers,abbrev,model_qwen25_vl_3b,False,,,True,False,A = epsilon + c
wandb_downloads_text_image_chart_only2/scientific-exploration-increase-text-image-chart-only2/artifacts/episode-chart_only_no_action_distance_abbrev_model_qwen25_vl_3b-08_latest,chart_only_no_action_distance_abbrev_model_qwen25_vl_3b,Chart-only,distance,abbrev,model_qwen25_vl_3b,False,,,True,False,d = d1 + d2
wandb_downloads_text_image_chart_only2/scientific-exploration-increase-text-image-chart-only2/artifacts/episode-chart_only_no_action_beers_concrete_model_qwen25_vl_3b-05_latest,chart_only_no_action_beers_concrete_model_qwen25_vl_3b,Chart-only,beers,concrete,model_qwen25_vl_3b,False,,,True,False,absorbance = molar_absorptivity * concentration
wandb_downloads_text_image_chart_only2/scientific-exploration-increase-text-image-chart-only2/artifacts/episode-chart_only_no_action_ohm_abstract_model_qwen25_vl_7b-05_latest,chart_only_no_action_ohm_abstract_model_qwen25_vl_7b,Chart-only,ohm,abstract,model_qwen25_vl_7b,False,,,True,False,Y = A + B
wandb_downloads_text_image_chart_only2/scientific-exploration-increase-text-image-chart-only2/artifacts/episode-chart_only_no_action_resistors_abstract_model_qwen25_vl_3b-09_latest,chart_only_no_action_resistors_abstract_model_qwen25_vl_3b,Chart-only,resistors,abstract,model_qwen25_vl_3b,False,,,True,False,Y = constant
wandb_downloads_text_image_chart_only2/scientific-exploration-increase-text-image-chart-only2/artifacts/episode-chart_only_no_action_kinematics_abbrev_model_qwen25_vl_7b-03_latest,chart_only_no_action_kinematics_abbrev_model_qwen25_vl_7b,Chart-only,kinematics,abbrev,model_qwen25_vl_7b,False,,,True,False,x = v * t
wandb_downloads_text_image_chart_only2/scientific-exploration-increase-text-image-chart-only2/artifacts/episode-chart_only_no_action_resistors_concrete_model_qwen25_vl_3b-06_latest,chart_only_no_action_resistors_concrete_model_qwen25_vl_3b,Chart-only,resistors,concrete,model_qwen25_vl_3b,False,,,True,False,total_resistance = resistance_1 + resistance_2
wandb_downloads_text_image_chart_only2/scientific-exploration-increase-text-image-chart-only2/artifacts/episode-chart_only_no_action_resistors_abbrev_model_qwen25_vl_3b-00_latest,chart_only_no_action_resistors_abbrev_model_qwen25_vl_3b,Chart-only,resistors,abbrev,model_qwen25_vl_3b,False,,,True,False,Rt = αR1 + βR2
wandb_downloads_text_image_chart_only2/scientific-exploration-increase-text-image-chart-only2/artifacts/episode-chart_only_no_action_kinematics_abstract_model_qwen25_vl_3b-00_latest,chart_only_no_action_kinematics_abstract_model_qwen25_vl_3b,Chart-only,kinematics,abstract,model_qwen25_vl_3b,False,,,True,False,Y = B - A
wandb_downloads_text_image_chart_only2/scientific-exploration-increase-text-image-chart-only2/artifacts/episode-chart_only_no_action_mass_abstract_model_qwen25_vl_7b-08_latest,chart_only_no_action_mass_abstract_model_qwen25_vl_7b,Chart-only,mass,abstract,model_qwen25_vl_7b,False,,,True,False,Y = A + B
wandb_downloads_text_image_chart_only2/scientific-exploration-increase-text-image-chart-only2/artifacts/episode-chart_only_no_action_mass_abbrev_model_qwen25_vl_3b-02_latest,chart_only_no_action_mass_abbrev_model_qwen25_vl_3b,Chart-only,mass,abbrev,model_qwen25_vl_3b,False,,,True,False,m = k * rho * V
wandb_downloads_text_image_chart_only2/scientific-exploration-increase-text-image-chart-only2/artifacts/episode-chart_only_no_action_resistors_abbrev_model_qwen25_vl_7b-08_latest,chart_only_no_action_resistors_abbrev_model_qwen25_vl_7b,Chart-only,resistors,abbrev,model_qwen25_vl_7b,False,,,True,False,Rt = R1 + R2
wandb_downloads_text_image_chart_only2/scientific-exploration-increase-text-image-chart-only2/artifacts/episode-chart_only_no_action_ohm_abstract_model_qwen25_vl_3b-01_latest,chart_only_no_action_ohm_abstract_model_qwen25_vl_3b,Chart-only,ohm,abstract,model_qwen25_vl_3b,False,,,True,False,Y = constant
wandb_downloads_text_image_chart_only2/scientific-exploration-increase-text-image-chart-only2/artifacts/episode-chart_only_no_action_ohm_abstract_model_qwen25_vl_7b-00_latest,chart_only_no_action_ohm_abstract_model_qwen25_vl_7b,Chart-only,ohm,abstract,model_qwen25_vl_7b,False,,,True,False,Y = Constant
wandb_downloads_text_image_chart_only2/scientific-exploration-increase-text-image-chart-only2/artifacts/episode-chart_only_no_action_distance_abbrev_model_qwen25_vl_3b-03_latest,chart_only_no_action_distance_abbrev_model_qwen25_vl_3b,Chart-only,distance,abbrev,model_qwen25_vl_3b,False,,,True,False,d = k * (d1 + d2)
wandb_downloads_text_image_chart_only2/scientific-exploration-increase-text-image-chart-only2/artifacts/episode-chart_only_no_action_resistors_abstract_model_qwen25_vl_3b-00_latest,chart_only_no_action_resistors_abstract_model_qwen25_vl_3b,Chart-only,resistors,abstract,model_qwen25_vl_3b,False,,,True,False,Y = A + B
wandb_downloads_text_image_chart_only2/scientific-exploration-increase-text-image-chart-only2/artifacts/episode-chart_only_no_action_beers_abstract_model_qwen25_vl_7b-07_latest,chart_only_no_action_beers_abstract_model_qwen25_vl_7b,Chart-only,beers,abstract,model_qwen25_vl_7b,False,,,True,False,Y = 1 / (A + B + C)
wandb_downloads_text_image_chart_only2/scientific-exploration-increase-text-image-chart-only2/artifacts/episode-chart_only_no_action_resistors_concrete_model_qwen25_vl_3b-04_latest,chart_only_no_action_resistors_concrete_model_qwen25_vl_3b,Chart-only,resistors,concrete,model_qwen25_vl_3b,False,,,True,False,total_resistance = resistance_1 + resistance_2
wandb_downloads_text_image_chart_only2/scientific-exploration-increase-text-image-chart-only2/artifacts/episode-chart_only_no_action_distance_abbrev_model_qwen25_vl_3b-02_latest,chart_only_no_action_distance_abbrev_model_qwen25_vl_3b,Chart-only,distance,abbrev,model_qwen25_vl_3b,False,,,True,False,d = k * d1
wandb_downloads_text_image_chart_only2/scientific-exploration-increase-text-image-chart-only2/artifacts/episode-chart_only_no_action_resistors_concrete_model_qwen25_vl_3b-03_latest,chart_only_no_action_resistors_concrete_model_qwen25_vl_3b,Chart-only,resistors,concrete,model_qwen25_vl_3b,False,,,True,False,total_resistance = resistance_1 + resistance_2
wandb_downloads_text_image_chart_only2/scientific-exploration-increase-text-image-chart-only2/artifacts/episode-chart_only_no_action_distance_abstract_model_qwen25_vl_7b-07_latest,chart_only_no_action_distance_abstract_model_qwen25_vl_7b,Chart-only,distance,abstract,model_qwen25_vl_7b,False,,,True,False,Y = A + B + C
wandb_downloads_text_image_chart_only2/scientific-exploration-increase-text-image-chart-only2/artifacts/episode-chart_only_no_action_ohm_concrete_model_qwen25_vl_3b-07_latest,chart_only_no_action_ohm_concrete_model_qwen25_vl_3b,Chart-only,ohm,concrete,model_qwen25_vl_3b,False,,,True,False,voltage = constant
wandb_downloads_text_image_chart_only2/scientific-exploration-increase-text-image-chart-only2/artifacts/episode-chart_only_no_action_distance_abstract_model_qwen25_vl_3b-07_latest,chart_only_no_action_distance_abstract_model_qwen25_vl_3b,Chart-only,distance,abstract,model_qwen25_vl_3b,False,,,True,False,Y = A + B
wandb_downloads_text_image_chart_only2/scientific-exploration-increase-text-image-chart-only2/artifacts/episode-chart_only_no_action_resistors_abstract_model_qwen25_vl_3b-04_latest,chart_only_no_action_resistors_abstract_model_qwen25_vl_3b,Chart-only,resistors,abstract,model_qwen25_vl_3b,False,,,True,False,Y = A + B
wandb_downloads_text_image_chart_only2/scientific-exploration-increase-text-image-chart-only2/artifacts/episode-chart_only_no_action_distance_abbrev_model_qwen25_vl_7b-03_latest,chart_only_no_action_distance_abbrev_model_qwen25_vl_7b,Chart-only,distance,abbrev,model_qwen25_vl_7b,False,,,True,False,d = d1 + d2 + d3
wandb_downloads_text_image_chart_only2/scientific-exploration-increase-text-image-chart-only2/artifacts/episode-chart_only_no_action_ohm_abstract_model_qwen25_vl_7b-07_latest,chart_only_no_action_ohm_abstract_model_qwen25_vl_7b,Chart-only,ohm,abstract,model_qwen25_vl_7b,False,,,True,False,Y = A + B
wandb_downloads_text_image_chart_only2/scientific-exploration-increase-text-image-chart-only2/artifacts/episode-chart_only_no_action_kinematics_abbrev_model_qwen25_vl_7b-04_latest,chart_only_no_action_kinematics_abbrev_model_qwen25_vl_7b,Chart-only,kinematics,abbrev,model_qwen25_vl_7b,False,,,True,False,x = v * t
wandb_downloads_text_image_chart_only2/scientific-exploration-increase-text-image-chart-only2/artifacts/episode-chart_only_no_action_kinematics_concrete_model_qwen25_vl_7b-07_latest,chart_only_no_action_kinematics_concrete_model_qwen25_vl_7b,Chart-only,kinematics,concrete,model_qwen25_vl_7b,False,,,True,False,position = initial_position + velocity * time
wandb_downloads_text_image_chart_only2/scientific-exploration-increase-text-image-chart-only2/artifacts/episode-chart_only_no_action_ohm_abbrev_model_qwen25_vl_3b-06_latest,chart_only_no_action_ohm_abbrev_model_qwen25_vl_3b,Chart-only,ohm,abbrev,model_qwen25_vl_3b,False,,,True,False,V = I + R
wandb_downloads_text_image_chart_only2/scientific-exploration-increase-text-image-chart-only2/artifacts/episode-chart_only_no_action_beers_concrete_model_qwen25_vl_3b-02_latest,chart_only_no_action_beers_concrete_model_qwen25_vl_3b,Chart-only,beers,concrete,model_qwen25_vl_3b,False,,,True,False,Absorbance = molar_absorptivity × concentration × path_length
wandb_downloads_text_image_chart_only2/scientific-exploration-increase-text-image-chart-only2/artifacts/episode-chart_only_no_action_mass_abbrev_model_qwen25_vl_7b-02_latest,chart_only_no_action_mass_abbrev_model_qwen25_vl_7b,Chart-only,mass,abbrev,model_qwen25_vl_7b,False,,,True,False,m = f(rho)
wandb_downloads_text_image_chart_only2/scientific-exploration-increase-text-image-chart-only2/artifacts/episode-chart_only_no_action_resistors_abbrev_model_qwen25_vl_3b-06_latest,chart_only_no_action_resistors_abbrev_model_qwen25_vl_3b,Chart-only,resistors,abbrev,model_qwen25_vl_3b,False,,,True,False,Rt = R1 + R2
wandb_downloads_text_image_chart_only2/scientific-exploration-increase-text-image-chart-only2/artifacts/episode-chart_only_no_action_beers_abbrev_model_qwen25_vl_3b-05_latest,chart_only_no_action_beers_abbrev_model_qwen25_vl_3b,Chart-only,beers,abbrev,model_qwen25_vl_3b,False,,,True,False,A = c + l
wandb_downloads_text_image_chart_only2/scientific-exploration-increase-text-image-chart-only2/artifacts/episode-chart_only_no_action_resistors_abstract_model_qwen25_vl_3b-06_latest,chart_only_no_action_resistors_abstract_model_qwen25_vl_3b,Chart-only,resistors,abstract,model_qwen25_vl_3b,False,,,True,False,Y = f(A)
wandb_downloads_text_image_chart_only2/scientific-exploration-increase-text-image-chart-only2/artifacts/episode-chart_only_no_action_mass_concrete_model_qwen25_vl_7b-03_latest,chart_only_no_action_mass_concrete_model_qwen25_vl_7b,Chart-only,mass,concrete,model_qwen25_vl_7b,False,,,True,False,mass = volume
wandb_downloads_text_image_chart_only2/scientific-exploration-increase-text-image-chart-only2/artifacts/episode-chart_only_no_action_ohm_abstract_model_qwen25_vl_3b-08_latest,chart_only_no_action_ohm_abstract_model_qwen25_vl_3b,Chart-only,ohm,abstract,model_qwen25_vl_3b,False,,,True,False,Y = A + B
wandb_downloads_text_image_chart_only2/scientific-exploration-increase-text-image-chart-only2/artifacts/episode-chart_only_no_action_beers_abstract_model_qwen25_vl_3b-02_latest,chart_only_no_action_beers_abstract_model_qwen25_vl_3b,Chart-only,beers,abstract,model_qwen25_vl_3b,False,,,True,False,Y = A + B
wandb_downloads_text_image_chart_only2/scientific-exploration-increase-text-image-chart-only2/artifacts/episode-chart_only_no_action_beers_abbrev_model_qwen25_vl_3b-04_latest,chart_only_no_action_beers_abbrev_model_qwen25_vl_3b,Chart-only,beers,abbrev,model_qwen25_vl_3b,False,,,True,False,A = k * c + k * l
wandb_downloads_text_image_chart_only2/scientific-exploration-increase-text-image-chart-only2/artifacts/episode-chart_only_no_action_kinematics_abstract_model_qwen25_vl_3b-03_latest,chart_only_no_action_kinematics_abstract_model_qwen25_vl_3b,Chart-only,kinematics,abstract,model_qwen25_vl_3b,False,,,True,False,Y = C
wandb_downloads_text_image_chart_only2/scientific-exploration-increase-text-image-chart-only2/artifacts/episode-chart_only_no_action_mass_abbrev_model_qwen25_vl_7b-05_latest,chart_only_no_action_mass_abbrev_model_qwen25_vl_7b,Chart-only,mass,abbrev,model_qwen25_vl_7b,False,,,True,False,m = constant
wandb_downloads_text_image_chart_only2/scientific-exploration-increase-text-image-chart-only2/artifacts/episode-chart_only_no_action_beers_abstract_model_qwen25_vl_3b-01_latest,chart_only_no_action_beers_abstract_model_qwen25_vl_3b,Chart-only,beers,abstract,model_qwen25_vl_3b,False,,,True,False,Y = C
wandb_downloads_text_image_chart_only2/scientific-exploration-increase-text-image-chart-only2/artifacts/episode-chart_only_no_action_beers_abbrev_model_qwen25_vl_7b-09_latest,chart_only_no_action_beers_abbrev_model_qwen25_vl_7b,Chart-only,beers,abbrev,model_qwen25_vl_7b,False,,,True,False,A = 3c
wandb_downloads_text_image_chart_only2/scientific-exploration-increase-text-image-chart-only2/artifacts/episode-chart_only_no_action_mass_abstract_model_qwen25_vl_7b-01_latest,chart_only_no_action_mass_abstract_model_qwen25_vl_7b,Chart-only,mass,abstract,model_qwen25_vl_7b,False,,,True,False,Y = 1
wandb_downloads_text_image_chart_only2/scientific-exploration-increase-text-image-chart-only2/artifacts/episode-chart_only_no_action_resistors_concrete_model_qwen25_vl_7b-09_latest,chart_only_no_action_resistors_concrete_model_qwen25_vl_7b,Chart-only,resistors,concrete,model_qwen25_vl_7b,False,,,True,False,total_resistance = resistance_1 + resistance_2
wandb_downloads_text_image_chart_only2/scientific-exploration-increase-text-image-chart-only2/artifacts/episode-chart_only_no_action_distance_abbrev_model_qwen25_vl_3b-06_latest,chart_only_no_action_distance_abbrev_model_qwen25_vl_3b,Chart-only,distance,abbrev,model_qwen25_vl_3b,False,,,True,False,d = k * (d1 + d2)
wandb_downloads_text_image_chart_only2/scientific-exploration-increase-text-image-chart-only2/artifacts/episode-chart_only_no_action_resistors_abbrev_model_qwen25_vl_3b-07_latest,chart_only_no_action_resistors_abbrev_model_qwen25_vl_3b,Chart-only,resistors,abbrev,model_qwen25_vl_3b,False,,,True,False,Rt = k * R1 + l * R2
wandb_downloads_text_image_chart_only2/scientific-exploration-increase-text-image-chart-only2/artifacts/episode-chart_only_no_action_distance_concrete_model_qwen25_vl_7b-07_latest,chart_only_no_action_distance_concrete_model_qwen25_vl_7b,Chart-only,distance,concrete,model_qwen25_vl_7b,False,,,True,False,total_distance = distance_1 + distance_2 + distance_3
wandb_downloads_text_image_chart_only2/scientific-exploration-increase-text-image-chart-only2/artifacts/episode-chart_only_no_action_kinematics_abstract_model_qwen25_vl_7b-09_latest,chart_only_no_action_kinematics_abstract_model_qwen25_vl_7b,Chart-only,kinematics,abstract,model_qwen25_vl_7b,False,,,True,False,Y = A + B + C
wandb_downloads_text_image_chart_only2/scientific-exploration-increase-text-image-chart-only2/artifacts/episode-chart_only_no_action_distance_abbrev_model_qwen25_vl_3b-09_latest,chart_only_no_action_distance_abbrev_model_qwen25_vl_3b,Chart-only,distance,abbrev,model_qwen25_vl_3b,False,,,True,False,d = d1 * d2
wandb_downloads_text_image_chart_only2/scientific-exploration-increase-text-image-chart-only2/artifacts/episode-chart_only_no_action_resistors_abbrev_model_qwen25_vl_7b-00_latest,chart_only_no_action_resistors_abbrev_model_qwen25_vl_7b,Chart-only,resistors,abbrev,model_qwen25_vl_7b,False,,,True,False,Rt = 1 / R1
wandb_downloads_text_image_chart_only2/scientific-exploration-increase-text-image-chart-only2/artifacts/episode-chart_only_no_action_ohm_concrete_model_qwen25_vl_7b-07_latest,chart_only_no_action_ohm_concrete_model_qwen25_vl_7b,Chart-only,ohm,concrete,model_qwen25_vl_7b,False,,,True,False,V = IR
wandb_downloads_text_image_chart_only2/scientific-exploration-increase-text-image-chart-only2/artifacts/episode-chart_only_no_action_resistors_abbrev_model_qwen25_vl_3b-09_latest,chart_only_no_action_resistors_abbrev_model_qwen25_vl_3b,Chart-only,resistors,abbrev,model_qwen25_vl_3b,False,,,True,False,Rt = k * (R1 + R2)
wandb_downloads_text_image_chart_only2/scientific-exploration-increase-text-image-chart-only2/artifacts/episode-chart_only_no_action_ohm_abbrev_model_qwen25_vl_3b-07_latest,chart_only_no_action_ohm_abbrev_model_qwen25_vl_3b,Chart-only,ohm,abbrev,model_qwen25_vl_3b,False,,,True,False,V = I * R
wandb_downloads_text_image_chart_only2/scientific-exploration-increase-text-image-chart-only2/artifacts/episode-chart_only_no_action_kinematics_concrete_model_qwen25_vl_3b-06_latest,chart_only_no_action_kinematics_concrete_model_qwen25_vl_3b,Chart-only,kinematics,concrete,model_qwen25_vl_3b,False,,,True,False,position = initial_position + velocity * time
wandb_downloads_text_image_chart_only2/scientific-exploration-increase-text-image-chart-only2/artifacts/episode-chart_only_no_action_ohm_concrete_model_qwen25_vl_7b-01_latest,chart_only_no_action_ohm_concrete_model_qwen25_vl_7b,Chart-only,ohm,concrete,model_qwen25_vl_7b,False,,,True,False,voltage = current * resistance
wandb_downloads_text_image_chart_only2/scientific-exploration-increase-text-image-chart-only2/artifacts/episode-chart_only_no_action_ohm_abstract_model_qwen25_vl_3b-04_latest,chart_only_no_action_ohm_abstract_model_qwen25_vl_3b,Chart-only,ohm,abstract,model_qwen25_vl_3b,False,,,True,False,Y = A + B
wandb_downloads_text_image_chart_only2/scientific-exploration-increase-text-image-chart-only2/artifacts/episode-chart_only_no_action_kinematics_abbrev_model_qwen25_vl_3b-07_latest,chart_only_no_action_kinematics_abbrev_model_qwen25_vl_3b,Chart-only,kinematics,abbrev,model_qwen25_vl_3b,False,,,True,False,x = k * v / t
wandb_downloads_text_image_chart_only2/scientific-exploration-increase-text-image-chart-only2/artifacts/episode-chart_only_no_action_resistors_abbrev_model_qwen25_vl_3b-03_latest,chart_only_no_action_resistors_abbrev_model_qwen25_vl_3b,Chart-only,resistors,abbrev,model_qwen25_vl_3b,False,,,True,False,Rt = k * R1 + R2
wandb_downloads_text_image_chart_only2/scientific-exploration-increase-text-image-chart-only2/artifacts/episode-chart_only_no_action_kinematics_abstract_model_qwen25_vl_3b-02_latest,chart_only_no_action_kinematics_abstract_model_qwen25_vl_3b,Chart-only,kinematics,abstract,model_qwen25_vl_3b,False,,,True,False,Y = A + (B^-1)
wandb_downloads_text_image_chart_only2/scientific-exploration-increase-text-image-chart-only2/artifacts/episode-chart_only_no_action_resistors_abbrev_model_qwen25_vl_7b-07_latest,chart_only_no_action_resistors_abbrev_model_qwen25_vl_7b,Chart-only,resistors,abbrev,model_qwen25_vl_7b,False,,,True,False,Rt = R2
wandb_downloads_text_image_chart_only2/scientific-exploration-increase-text-image-chart-only2/artifacts/episode-chart_only_no_action_beers_concrete_model_qwen25_vl_7b-00_latest,chart_only_no_action_beers_concrete_model_qwen25_vl_7b,Chart-only,beers,concrete,model_qwen25_vl_7b,False,,,True,False,absorbance = molar_absorptivity * concentration
wandb_downloads_text_image_chart_only2/scientific-exploration-increase-text-image-chart-only2/artifacts/episode-chart_only_no_action_ohm_abbrev_model_qwen25_vl_3b-04_latest,chart_only_no_action_ohm_abbrev_model_qwen25_vl_3b,Chart-only,ohm,abbrev,model_qwen25_vl_3b,False,,,True,False,V = R
wandb_downloads_text_image_chart_only2/scientific-exploration-increase-text-image-chart-only2/artifacts/episode-chart_only_no_action_resistors_abbrev_model_qwen25_vl_7b-09_latest,chart_only_no_action_resistors_abbrev_model_qwen25_vl_7b,Chart-only,resistors,abbrev,model_qwen25_vl_7b,False,,,True,False,Rt = R1 + R2
wandb_downloads_text_image_chart_only2/scientific-exploration-increase-text-image-chart-only2/artifacts/episode-chart_only_no_action_beers_concrete_model_qwen25_vl_7b-06_latest,chart_only_no_action_beers_concrete_model_qwen25_vl_7b,Chart-only,beers,concrete,model_qwen25_vl_7b,False,,,True,False,absorbance = molar_absorptivity * concentration * path_length
wandb_downloads_text_image_chart_only2/scientific-exploration-increase-text-image-chart-only2/artifacts/episode-chart_only_no_action_ohm_abbrev_model_qwen25_vl_7b-08_latest,chart_only_no_action_ohm_abbrev_model_qwen25_vl_7b,Chart-only,ohm,abbrev,model_qwen25_vl_7b,False,,,True,False,V ∝ I
wandb_downloads_text_image_chart_only2/scientific-exploration-increase-text-image-chart-only2/artifacts/episode-chart_only_no_action_mass_abstract_model_qwen25_vl_3b-01_latest,chart_only_no_action_mass_abstract_model_qwen25_vl_3b,Chart-only,mass,abstract,model_qwen25_vl_3b,False,,,True,False,Y = A + B
wandb_downloads_text_image_chart_only2/scientific-exploration-increase-text-image-chart-only2/artifacts/episode-chart_only_no_action_mass_abbrev_model_qwen25_vl_7b-00_latest,chart_only_no_action_mass_abbrev_model_qwen25_vl_7b,Chart-only,mass,abbrev,model_qwen25_vl_7b,False,,,True,False,m = rho * V
wandb_downloads_text_image_chart_only2/scientific-exploration-increase-text-image-chart-only2/artifacts/episode-chart_only_no_action_resistors_abstract_model_qwen25_vl_3b-02_latest,chart_only_no_action_resistors_abstract_model_qwen25_vl_3b,Chart-only,resistors,abstract,model_qwen25_vl_3b,False,,,True,False,Y = A + B
wandb_downloads_text_image_chart_only2/scientific-exploration-increase-text-image-chart-only2/artifacts/episode-chart_only_no_action_mass_abstract_model_qwen25_vl_3b-06_latest,chart_only_no_action_mass_abstract_model_qwen25_vl_3b,Chart-only,mass,abstract,model_qwen25_vl_3b,False,,,True,False,Y = constant
wandb_downloads_text_image_chart_only2/scientific-exploration-increase-text-image-chart-only2/artifacts/episode-chart_only_no_action_ohm_abbrev_model_qwen25_vl_7b-02_latest,chart_only_no_action_ohm_abbrev_model_qwen25_vl_7b,Chart-only,ohm,abbrev,model_qwen25_vl_7b,False,,,True,False,V = constant
wandb_downloads_text_image_chart_only2/scientific-exploration-increase-text-image-chart-only2/artifacts/episode-chart_only_no_action_distance_abbrev_model_qwen25_vl_3b-04_latest,chart_only_no_action_distance_abbrev_model_qwen25_vl_3b,Chart-only,distance,abbrev,model_qwen25_vl_3b,False,,,True,False,d = k * d1 + l * d2 + m * d3
wandb_downloads_text_image_chart_only2/scientific-exploration-increase-text-image-chart-only2/artifacts/episode-chart_only_no_action_beers_abstract_model_qwen25_vl_7b-09_latest,chart_only_no_action_beers_abstract_model_qwen25_vl_7b,Chart-only,beers,abstract,model_qwen25_vl_7b,False,,,True,False,"Y = f(A, B, C)"
wandb_downloads_text_image_chart_only2/scientific-exploration-increase-text-image-chart-only2/artifacts/episode-chart_only_no_action_resistors_abstract_model_qwen25_vl_7b-01_latest,chart_only_no_action_resistors_abstract_model_qwen25_vl_7b,Chart-only,resistors,abstract,model_qwen25_vl_7b,False,,,True,False,Y = A / B
wandb_downloads_text_image_chart_only2/scientific-exploration-increase-text-image-chart-only2/artifacts/episode-chart_only_no_action_distance_concrete_model_qwen25_vl_3b-06_latest,chart_only_no_action_distance_concrete_model_qwen25_vl_3b,Chart-only,distance,concrete,model_qwen25_vl_3b,False,,,True,False,distance_1 + distance_2 = total_distance
wandb_downloads_text_image_chart_only2/scientific-exploration-increase-text-image-chart-only2/artifacts/episode-chart_only_no_action_mass_abstract_model_qwen25_vl_7b-00_latest,chart_only_no_action_mass_abstract_model_qwen25_vl_7b,Chart-only,mass,abstract,model_qwen25_vl_7b,False,,,True,False,Y = Constant
wandb_downloads_text_image_chart_only2/scientific-exploration-increase-text-image-chart-only2/artifacts/episode-chart_only_no_action_mass_abstract_model_qwen25_vl_7b-09_latest,chart_only_no_action_mass_abstract_model_qwen25_vl_7b,Chart-only,mass,abstract,model_qwen25_vl_7b,False,,,True,False,Y = A * B
wandb_downloads_text_image_chart_only2/scientific-exploration-increase-text-image-chart-only2/artifacts/episode-chart_only_no_action_ohm_concrete_model_qwen25_vl_7b-02_latest,chart_only_no_action_ohm_concrete_model_qwen25_vl_7b,Chart-only,ohm,concrete,model_qwen25_vl_7b,False,,,True,False,voltage = 1/resistance * current
wandb_downloads_text_image_chart_only2/scientific-exploration-increase-text-image-chart-only2/artifacts/episode-chart_only_no_action_ohm_concrete_model_qwen25_vl_3b-01_latest,chart_only_no_action_ohm_concrete_model_qwen25_vl_3b,Chart-only,ohm,concrete,model_qwen25_vl_3b,False,,,True,False,voltage = current + resistance
wandb_downloads_text_image_chart_only2/scientific-exploration-increase-text-image-chart-only2/artifacts/episode-chart_only_no_action_beers_concrete_model_qwen25_vl_3b-01_latest,chart_only_no_action_beers_concrete_model_qwen25_vl_3b,Chart-only,beers,concrete,model_qwen25_vl_3b,False,,,True,False,absorbance = molar_absorptivity * concentration * path_length
wandb_downloads_text_image_chart_only2/scientific-exploration-increase-text-image-chart-only2/artifacts/episode-chart_only_no_action_mass_abstract_model_qwen25_vl_3b-08_latest,chart_only_no_action_mass_abstract_model_qwen25_vl_3b,Chart-only,mass,abstract,model_qwen25_vl_3b,False,,,True,False,Y = A + B
wandb_downloads_text_image_chart_only2/scientific-exploration-increase-text-image-chart-only2/artifacts/episode-chart_only_no_action_resistors_abstract_model_qwen25_vl_3b-07_latest,chart_only_no_action_resistors_abstract_model_qwen25_vl_3b,Chart-only,resistors,abstract,model_qwen25_vl_3b,False,,,True,False,Y = A + B
wandb_downloads_text_image_chart_only2/scientific-exploration-increase-text-image-chart-only2/artifacts/episode-chart_only_no_action_kinematics_abstract_model_qwen25_vl_7b-01_latest,chart_only_no_action_kinematics_abstract_model_qwen25_vl_7b,Chart-only,kinematics,abstract,model_qwen25_vl_7b,False,,,True,False,Y = A + B + C
wandb_downloads_text_image_chart_only2/scientific-exploration-increase-text-image-chart-only2/artifacts/episode-chart_only_no_action_beers_abbrev_model_qwen25_vl_3b-09_latest,chart_only_no_action_beers_abbrev_model_qwen25_vl_3b,Chart-only,beers,abbrev,model_qwen25_vl_3b,False,,,True,False,A = constant value
wandb_downloads_text_image_chart_only2/scientific-exploration-increase-text-image-chart-only2/artifacts/episode-chart_only_no_action_kinematics_abstract_model_qwen25_vl_3b-07_latest,chart_only_no_action_kinematics_abstract_model_qwen25_vl_3b,Chart-only,kinematics,abstract,model_qwen25_vl_3b,False,,,True,False,Y = C - A + B
wandb_downloads_text_image_chart_only2/scientific-exploration-increase-text-image-chart-only2/artifacts/episode-chart_only_no_action_resistors_concrete_model_qwen25_vl_3b-09_latest,chart_only_no_action_resistors_concrete_model_qwen25_vl_3b,Chart-only,resistors,concrete,model_qwen25_vl_3b,False,,,True,False,total_resistance = resistance_1 + resistance_2
wandb_downloads_text_image_chart_only2/scientific-exploration-increase-text-image-chart-only2/artifacts/episode-chart_only_no_action_kinematics_abbrev_model_qwen25_vl_3b-04_latest,chart_only_no_action_kinematics_abbrev_model_qwen25_vl_3b,Chart-only,kinematics,abbrev,model_qwen25_vl_3b,False,,,True,False,x = x0
wandb_downloads_text_image_chart_only2/scientific-exploration-increase-text-image-chart-only2/artifacts/episode-chart_only_no_action_ohm_concrete_model_qwen25_vl_3b-00_latest,chart_only_no_action_ohm_concrete_model_qwen25_vl_3b,Chart-only,ohm,concrete,model_qwen25_vl_3b,False,,,True,False,voltage = constant / current
wandb_downloads_text_image_chart_only2/scientific-exploration-increase-text-image-chart-only2/artifacts/episode-chart_only_no_action_ohm_abstract_model_qwen25_vl_7b-08_latest,chart_only_no_action_ohm_abstract_model_qwen25_vl_7b,Chart-only,ohm,abstract,model_qwen25_vl_7b,False,,,True,False,Y = C
wandb_downloads_text_image_chart_only2/scientific-exploration-increase-text-image-chart-only2/artifacts/episode-chart_only_no_action_resistors_concrete_model_qwen25_vl_7b-04_latest,chart_only_no_action_resistors_concrete_model_qwen25_vl_7b,Chart-only,resistors,concrete,model_qwen25_vl_7b,False,,,True,False,total_resistance = resistance_1 + resistance_2
wandb_downloads_text_image_chart_only2/scientific-exploration-increase-text-image-chart-only2/artifacts/episode-chart_only_no_action_resistors_abbrev_model_qwen25_vl_3b-01_latest,chart_only_no_action_resistors_abbrev_model_qwen25_vl_3b,Chart-only,resistors,abbrev,model_qwen25_vl_3b,False,,,True,False,Rt = R2 + R1
wandb_downloads_text_image_chart_only2/scientific-exploration-increase-text-image-chart-only2/artifacts/episode-chart_only_no_action_resistors_abstract_model_qwen25_vl_7b-00_latest,chart_only_no_action_resistors_abstract_model_qwen25_vl_7b,Chart-only,resistors,abstract,model_qwen25_vl_7b,False,,,True,False,Y = A + B
wandb_downloads_text_image_chart_only2/scientific-exploration-increase-text-image-chart-only2/artifacts/episode-chart_only_no_action_distance_abbrev_model_qwen25_vl_7b-00_latest,chart_only_no_action_distance_abbrev_model_qwen25_vl_7b,Chart-only,distance,abbrev,model_qwen25_vl_7b,False,,,True,False,d = d1 + d2 + d3
wandb_downloads_text_image_chart_only2/scientific-exploration-increase-text-image-chart-only2/artifacts/episode-chart_only_no_action_kinematics_abbrev_model_qwen25_vl_3b-05_latest,chart_only_no_action_kinematics_abbrev_model_qwen25_vl_3b,Chart-only,kinematics,abbrev,model_qwen25_vl_3b,False,,,True,False,x = x0
wandb_downloads_text_image_chart_only2/scientific-exploration-increase-text-image-chart-only2/artifacts/episode-chart_only_no_action_mass_abbrev_model_qwen25_vl_3b-05_latest,chart_only_no_action_mass_abbrev_model_qwen25_vl_3b,Chart-only,mass,abbrev,model_qwen25_vl_3b,False,,,True,False,m = 100 * rho * V
wandb_downloads_text_image_chart_only2/scientific-exploration-increase-text-image-chart-only2/artifacts/episode-chart_only_no_action_mass_concrete_model_qwen25_vl_3b-00_latest,chart_only_no_action_mass_concrete_model_qwen25_vl_3b,Chart-only,mass,concrete,model_qwen25_vl_3b,False,,,True,False,mass = volume * density
wandb_downloads_text_image_chart_only2/scientific-exploration-increase-text-image-chart-only2/artifacts/episode-chart_only_no_action_distance_abbrev_model_qwen25_vl_7b-09_latest,chart_only_no_action_distance_abbrev_model_qwen25_vl_7b,Chart-only,distance,abbrev,model_qwen25_vl_7b,False,,,True,False,d = d1 + d2 + d3
wandb_downloads_text_image_chart_only2/scientific-exploration-increase-text-image-chart-only2/artifacts/episode-chart_only_no_action_beers_abbrev_model_qwen25_vl_3b-06_latest,chart_only_no_action_beers_abbrev_model_qwen25_vl_3b,Chart-only,beers,abbrev,model_qwen25_vl_3b,True,2,"[json_decode] model output is not valid JSON (error: Invalid \escape at pos 285): '{\\n  ""reasoning"": ""Observing the bar chart, it appears that as epsilon increases, A also increases, while both c and",False,False,
wandb_downloads_text_image_chart_only2/scientific-exploration-increase-text-image-chart-only2/artifacts/episode-chart_only_no_action_distance_abstract_model_qwen25_vl_3b-00_latest,chart_only_no_action_distance_abstract_model_qwen25_vl_3b,Chart-only,distance,abstract,model_qwen25_vl_3b,False,,,True,False,Y = 2A + 3B
wandb_downloads_text_image_chart_only2/scientific-exploration-increase-text-image-chart-only2/artifacts/episode-chart_only_no_action_ohm_abstract_model_qwen25_vl_7b-02_latest,chart_only_no_action_ohm_abstract_model_qwen25_vl_7b,Chart-only,ohm,abstract,model_qwen25_vl_7b,False,,,True,False,Y = A * B
wandb_downloads_text_image_chart_only2/scientific-exploration-increase-text-image-chart-only2/artifacts/episode-chart_only_no_action_mass_concrete_model_qwen25_vl_7b-09_latest,chart_only_no_action_mass_concrete_model_qwen25_vl_7b,Chart-only,mass,concrete,model_qwen25_vl_7b,False,,,True,False,mass = density * volume
wandb_downloads_text_image_chart_only2/scientific-exploration-increase-text-image-chart-only2/artifacts/episode-chart_only_no_action_beers_abbrev_model_qwen25_vl_7b-04_latest,chart_only_no_action_beers_abbrev_model_qwen25_vl_7b,Chart-only,beers,abbrev,model_qwen25_vl_7b,False,,,True,False,"A = f(c, l, epsilon)"
wandb_downloads_text_image_chart_only2/scientific-exploration-increase-text-image-chart-only2/artifacts/episode-chart_only_no_action_kinematics_abstract_model_qwen25_vl_3b-06_latest,chart_only_no_action_kinematics_abstract_model_qwen25_vl_3b,Chart-only,kinematics,abstract,model_qwen25_vl_3b,False,,,True,False,Y = A + B
wandb_downloads_text_image_chart_only2/scientific-exploration-increase-text-image-chart-only2/artifacts/episode-chart_only_no_action_mass_concrete_model_qwen25_vl_3b-07_latest,chart_only_no_action_mass_concrete_model_qwen25_vl_3b,Chart-only,mass,concrete,model_qwen25_vl_3b,False,,,True,False,mass = volume * density
wandb_downloads_text_image_chart_only2/scientific-exploration-increase-text-image-chart-only2/artifacts/episode-chart_only_no_action_kinematics_abbrev_model_qwen25_vl_3b-09_latest,chart_only_no_action_kinematics_abbrev_model_qwen25_vl_3b,Chart-only,kinematics,abbrev,model_qwen25_vl_3b,False,,,True,False,x = x0 + v * t
wandb_downloads_text_image_chart_only2/scientific-exploration-increase-text-image-chart-only2/artifacts/episode-chart_only_no_action_mass_concrete_model_qwen25_vl_7b-00_latest,chart_only_no_action_mass_concrete_model_qwen25_vl_7b,Chart-only,mass,concrete,model_qwen25_vl_7b,False,,,True,False,mass = volume * density
wandb_downloads_text_image_chart_only2/scientific-exploration-increase-text-image-chart-only2/artifacts/episode-chart_only_no_action_distance_abbrev_model_qwen25_vl_7b-05_latest,chart_only_no_action_distance_abbrev_model_qwen25_vl_7b,Chart-only,distance,abbrev,model_qwen25_vl_7b,False,,,True,False,d = 0
wandb_downloads_text_image_chart_only2/scientific-exploration-increase-text-image-chart-only2/artifacts/episode-chart_only_no_action_mass_abbrev_model_qwen25_vl_7b-09_latest,chart_only_no_action_mass_abbrev_model_qwen25_vl_7b,Chart-only,mass,abbrev,model_qwen25_vl_7b,False,,,True,False,m = k * V
wandb_downloads_text_image_chart_only2/scientific-exploration-increase-text-image-chart-only2/artifacts/episode-chart_only_no_action_mass_concrete_model_qwen25_vl_7b-04_latest,chart_only_no_action_mass_concrete_model_qwen25_vl_7b,Chart-only,mass,concrete,model_qwen25_vl_7b,False,,,True,False,mass = density * volume
wandb_downloads_text_image_chart_only2/scientific-exploration-increase-text-image-chart-only2/artifacts/episode-chart_only_no_action_kinematics_abstract_model_qwen25_vl_3b-09_latest,chart_only_no_action_kinematics_abstract_model_qwen25_vl_3b,Chart-only,kinematics,abstract,model_qwen25_vl_3b,False,,,True,False,Y = B
wandb_downloads_text_image_chart_only2/scientific-exploration-increase-text-image-chart-only2/artifacts/episode-chart_only_no_action_distance_concrete_model_qwen25_vl_3b-02_latest,chart_only_no_action_distance_concrete_model_qwen25_vl_3b,Chart-only,distance,concrete,model_qwen25_vl_3b,False,,,True,False,total_distance = distance_1 + distance_2
wandb_downloads_text_image_chart_only2/scientific-exploration-increase-text-image-chart-only2/artifacts/episode-chart_only_no_action_beers_abstract_model_qwen25_vl_3b-04_latest,chart_only_no_action_beers_abstract_model_qwen25_vl_3b,Chart-only,beers,abstract,model_qwen25_vl_3b,False,,,True,False,Y = A + B
wandb_downloads_text_image_chart_only2/scientific-exploration-increase-text-image-chart-only2/artifacts/episode-chart_only_no_action_mass_abstract_model_qwen25_vl_3b-00_latest,chart_only_no_action_mass_abstract_model_qwen25_vl_3b,Chart-only,mass,abstract,model_qwen25_vl_3b,False,,,True,False,Y = k(A + B)
wandb_downloads_text_image_chart_only2/scientific-exploration-increase-text-image-chart-only2/artifacts/episode-chart_only_no_action_kinematics_abstract_model_qwen25_vl_3b-04_latest,chart_only_no_action_kinematics_abstract_model_qwen25_vl_3b,Chart-only,kinematics,abstract,model_qwen25_vl_3b,False,,,True,False,Y = A + B
wandb_downloads_text_image_chart_only2/scientific-exploration-increase-text-image-chart-only2/artifacts/episode-chart_only_no_action_resistors_concrete_model_qwen25_vl_7b-06_latest,chart_only_no_action_resistors_concrete_model_qwen25_vl_7b,Chart-only,resistors,concrete,model_qwen25_vl_7b,False,,,True,False,total_resistance = resistance_1 + resistance_2
wandb_downloads_text_image_chart_only2/scientific-exploration-increase-text-image-chart-only2/artifacts/episode-chart_only_no_action_distance_concrete_model_qwen25_vl_7b-08_latest,chart_only_no_action_distance_concrete_model_qwen25_vl_7b,Chart-only,distance,concrete,model_qwen25_vl_7b,False,,,True,False,total_distance = distance_1 + distance_2 + distance_3
wandb_downloads_text_image_chart_only2/scientific-exploration-increase-text-image-chart-only2/artifacts/episode-chart_only_no_action_resistors_abbrev_model_qwen25_vl_7b-01_latest,chart_only_no_action_resistors_abbrev_model_qwen25_vl_7b,Chart-only,resistors,abbrev,model_qwen25_vl_7b,False,,,True,False,Rt = R1 * R2
wandb_downloads_text_image_chart_only2/scientific-exploration-increase-text-image-chart-only2/artifacts/episode-chart_only_no_action_distance_concrete_model_qwen25_vl_3b-08_latest,chart_only_no_action_distance_concrete_model_qwen25_vl_3b,Chart-only,distance,concrete,model_qwen25_vl_3b,False,,,True,False,total_distance = distance_1 + distance_2
wandb_downloads_text_image_chart_only2/scientific-exploration-increase-text-image-chart-only2/artifacts/episode-chart_only_no_action_kinematics_abbrev_model_qwen25_vl_3b-02_latest,chart_only_no_action_kinematics_abbrev_model_qwen25_vl_3b,Chart-only,kinematics,abbrev,model_qwen25_vl_3b,False,,,True,False,x = k * t
wandb_downloads_text_image_chart_only2/scientific-exploration-increase-text-image-chart-only2/artifacts/episode-chart_only_no_action_beers_abstract_model_qwen25_vl_7b-05_latest,chart_only_no_action_beers_abstract_model_qwen25_vl_7b,Chart-only,beers,abstract,model_qwen25_vl_7b,False,,,True,False,Y = A + B + C
wandb_downloads_text_image_chart_only2/scientific-exploration-increase-text-image-chart-only2/artifacts/episode-chart_only_no_action_mass_concrete_model_qwen25_vl_3b-06_latest,chart_only_no_action_mass_concrete_model_qwen25_vl_3b,Chart-only,mass,concrete,model_qwen25_vl_3b,False,,,True,False,mass = volume * density
wandb_downloads_text_image_chart_only2/scientific-exploration-increase-text-image-chart-only2/artifacts/episode-chart_only_no_action_resistors_concrete_model_qwen25_vl_7b-08_latest,chart_only_no_action_resistors_concrete_model_qwen25_vl_7b,Chart-only,resistors,concrete,model_qwen25_vl_7b,False,,,True,False,total_resistance = resistance_1 + resistance_2
wandb_downloads_text_image_chart_only2/scientific-exploration-increase-text-image-chart-only2/artifacts/episode-chart_only_no_action_ohm_abbrev_model_qwen25_vl_3b-00_latest,chart_only_no_action_ohm_abbrev_model_qwen25_vl_3b,Chart-only,ohm,abbrev,model_qwen25_vl_3b,False,,,True,False,V = k * R
wandb_downloads_text_image_chart_only2/scientific-exploration-increase-text-image-chart-only2/artifacts/episode-chart_only_no_action_distance_abbrev_model_qwen25_vl_3b-01_latest,chart_only_no_action_distance_abbrev_model_qwen25_vl_3b,Chart-only,distance,abbrev,model_qwen25_vl_3b,False,,,True,False,d = d1 + d2 + d3
wandb_downloads_text_image_chart_only2/scientific-exploration-increase-text-image-chart-only2/artifacts/episode-chart_only_no_action_distance_abstract_model_qwen25_vl_3b-01_latest,chart_only_no_action_distance_abstract_model_qwen25_vl_3b,Chart-only,distance,abstract,model_qwen25_vl_3b,False,,,True,False,Y = k * A + k * B
wandb_downloads_text_image_chart_only2/scientific-exploration-increase-text-image-chart-only2/artifacts/episode-chart_only_no_action_mass_abbrev_model_qwen25_vl_3b-00_latest,chart_only_no_action_mass_abbrev_model_qwen25_vl_3b,Chart-only,mass,abbrev,model_qwen25_vl_3b,False,,,True,False,m = k * V
wandb_downloads_text_image_chart_only2/scientific-exploration-increase-text-image-chart-only2/artifacts/episode-chart_only_no_action_kinematics_concrete_model_qwen25_vl_3b-04_latest,chart_only_no_action_kinematics_concrete_model_qwen25_vl_3b,Chart-only,kinematics,concrete,model_qwen25_vl_3b,False,,,True,False,initial_position + velocity * time = position
wandb_downloads_text_image_chart_only2/scientific-exploration-increase-text-image-chart-only2/artifacts/episode-chart_only_no_action_ohm_concrete_model_qwen25_vl_7b-06_latest,chart_only_no_action_ohm_concrete_model_qwen25_vl_7b,Chart-only,ohm,concrete,model_qwen25_vl_7b,False,,,True,False,voltage = R * current
wandb_downloads_text_image_chart_only2/scientific-exploration-increase-text-image-chart-only2/artifacts/episode-chart_only_no_action_ohm_abbrev_model_qwen25_vl_7b-03_latest,chart_only_no_action_ohm_abbrev_model_qwen25_vl_7b,Chart-only,ohm,abbrev,model_qwen25_vl_7b,False,,,True,False,V = I * R
wandb_downloads_text_image_chart_only2/scientific-exploration-increase-text-image-chart-only2/artifacts/episode-chart_only_no_action_resistors_concrete_model_qwen25_vl_3b-08_latest,chart_only_no_action_resistors_concrete_model_qwen25_vl_3b,Chart-only,resistors,concrete,model_qwen25_vl_3b,False,,,True,False,total_resistance = resistance_1 + resistance_2
wandb_downloads_text_image_chart_only2/scientific-exploration-increase-text-image-chart-only2/artifacts/episode-chart_only_no_action_ohm_abbrev_model_qwen25_vl_3b-09_latest,chart_only_no_action_ohm_abbrev_model_qwen25_vl_3b,Chart-only,ohm,abbrev,model_qwen25_vl_3b,False,,,True,False,V = I * R
wandb_downloads_text_image_chart_only_action_text/scientific-exploration-increase-text-image-chart-only-action-text/artifacts/episode-chart_only_kinematics_concrete_model_qwen25_vl_3b-01_latest,chart_only_kinematics_concrete_model_qwen25_vl_3b,Text+image,kinematics,concrete,model_qwen25_vl_3b,False,,,True,False,initial_position + time * velocity
wandb_downloads_text_image_chart_only_action_text/scientific-exploration-increase-text-image-chart-only-action-text/artifacts/episode-chart_only_mass_concrete_model_qwen25_vl_3b-01_latest,chart_only_mass_concrete_model_qwen25_vl_3b,Text+image,mass,concrete,model_qwen25_vl_3b,False,,,True,False,mass = density * volume
wandb_downloads_text_image_chart_only_action_text/scientific-exploration-increase-text-image-chart-only-action-text/artifacts/episode-chart_only_resistors_concrete_model_qwen25_vl_3b-00_latest,chart_only_resistors_concrete_model_qwen25_vl_3b,Text+image,resistors,concrete,model_qwen25_vl_3b,False,,,True,False,total_resistance = resistance_1 + resistance_2
wandb_downloads_text_image_chart_only_action_text/scientific-exploration-increase-text-image-chart-only-action-text/artifacts/episode-chart_only_distance_concrete_model_qwen25_vl_7b-07_latest,chart_only_distance_concrete_model_qwen25_vl_7b,Text+image,distance,concrete,model_qwen25_vl_7b,False,,,True,False,total_distance = distance_1 + distance_2 + distance_3
wandb_downloads_text_image_chart_only_action_text/scientific-exploration-increase-text-image-chart-only-action-text/artifacts/episode-chart_only_resistors_abstract_model_qwen25_vl_3b-05_latest,chart_only_resistors_abstract_model_qwen25_vl_3b,Text+image,resistors,abstract,model_qwen25_vl_3b,False,,,True,False,Y = -A
wandb_downloads_text_image_chart_only_action_text/scientific-exploration-increase-text-image-chart-only-action-text/artifacts/episode-chart_only_resistors_abbrev_model_qwen25_vl_3b-06_latest,chart_only_resistors_abbrev_model_qwen25_vl_3b,Text+image,resistors,abbrev,model_qwen25_vl_3b,False,,,True,False,Rt = R1 + R2
wandb_downloads_text_image_chart_only_action_text/scientific-exploration-increase-text-image-chart-only-action-text/artifacts/episode-chart_only_mass_concrete_model_qwen25_vl_3b-03_latest,chart_only_mass_concrete_model_qwen25_vl_3b,Text+image,mass,concrete,model_qwen25_vl_3b,False,,,True,False,mass = density * volume
wandb_downloads_text_image_chart_only_action_text/scientific-exploration-increase-text-image-chart-only-action-text/artifacts/episode-chart_only_ohm_abstract_model_qwen25_vl_3b-06_latest,chart_only_ohm_abstract_model_qwen25_vl_3b,Text+image,ohm,abstract,model_qwen25_vl_3b,False,,,True,False,Y = A
wandb_downloads_text_image_chart_only_action_text/scientific-exploration-increase-text-image-chart-only-action-text/artifacts/episode-chart_only_mass_abbrev_model_qwen25_vl_7b-03_latest,chart_only_mass_abbrev_model_qwen25_vl_7b,Text+image,mass,abbrev,model_qwen25_vl_7b,False,,,True,False,"m = f(V, ρ)"
wandb_downloads_text_image_chart_only_action_text/scientific-exploration-increase-text-image-chart-only-action-text/artifacts/episode-chart_only_distance_abstract_model_qwen25_vl_3b-00_latest,chart_only_distance_abstract_model_qwen25_vl_3b,Text+image,distance,abstract,model_qwen25_vl_3b,False,,,True,False,Y = B - A - C
wandb_downloads_text_image_chart_only_action_text/scientific-exploration-increase-text-image-chart-only-action-text/artifacts/episode-chart_only_beers_concrete_model_qwen25_vl_7b-00_latest,chart_only_beers_concrete_model_qwen25_vl_7b,Text+image,beers,concrete,model_qwen25_vl_7b,False,,,True,False,molar_absorptivity * concentration * path_length
wandb_downloads_text_image_chart_only_action_text/scientific-exploration-increase-text-image-chart-only-action-text/artifacts/episode-chart_only_mass_abstract_model_qwen25_vl_7b-00_latest,chart_only_mass_abstract_model_qwen25_vl_7b,Text+image,mass,abstract,model_qwen25_vl_7b,False,,,True,False,Y = B
wandb_downloads_text_image_chart_only_action_text/scientific-exploration-increase-text-image-chart-only-action-text/artifacts/episode-chart_only_ohm_abbrev_model_qwen25_vl_7b-07_latest,chart_only_ohm_abbrev_model_qwen25_vl_7b,Text+image,ohm,abbrev,model_qwen25_vl_7b,False,,,True,False,V = R * I
wandb_downloads_text_image_chart_only_action_text/scientific-exploration-increase-text-image-chart-only-action-text/artifacts/episode-chart_only_ohm_concrete_model_qwen25_vl_3b-02_latest,chart_only_ohm_concrete_model_qwen25_vl_3b,Text+image,ohm,concrete,model_qwen25_vl_3b,False,,,True,False,null
wandb_downloads_text_image_chart_only_action_text/scientific-exploration-increase-text-image-chart-only-action-text/artifacts/episode-chart_only_ohm_abbrev_model_qwen25_vl_7b-06_latest,chart_only_ohm_abbrev_model_qwen25_vl_7b,Text+image,ohm,abbrev,model_qwen25_vl_7b,False,,,True,False,V = k / R
wandb_downloads_text_image_chart_only_action_text/scientific-exploration-increase-text-image-chart-only-action-text/artifacts/episode-chart_only_kinematics_concrete_model_qwen25_vl_7b-09_latest,chart_only_kinematics_concrete_model_qwen25_vl_7b,Text+image,kinematics,concrete,model_qwen25_vl_7b,False,,,True,False,position = velocity * time
wandb_downloads_text_image_chart_only_action_text/scientific-exploration-increase-text-image-chart-only-action-text/artifacts/episode-chart_only_mass_abbrev_model_qwen25_vl_3b-08_latest,chart_only_mass_abbrev_model_qwen25_vl_3b,Text+image,mass,abbrev,model_qwen25_vl_3b,False,,,True,False,m = -V * rho
wandb_downloads_text_image_chart_only_action_text/scientific-exploration-increase-text-image-chart-only-action-text/artifacts/episode-chart_only_resistors_abbrev_model_qwen25_vl_3b-04_latest,chart_only_resistors_abbrev_model_qwen25_vl_3b,Text+image,resistors,abbrev,model_qwen25_vl_3b,False,,,True,False,Rt = R1 + R2
wandb_downloads_text_image_chart_only_action_text/scientific-exploration-increase-text-image-chart-only-action-text/artifacts/episode-chart_only_beers_abbrev_model_qwen25_vl_7b-09_latest,chart_only_beers_abbrev_model_qwen25_vl_7b,Text+image,beers,abbrev,model_qwen25_vl_7b,False,,,True,False,A = 3 * (ε + l)
wandb_downloads_text_image_chart_only_action_text/scientific-exploration-increase-text-image-chart-only-action-text/artifacts/episode-chart_only_kinematics_abbrev_model_qwen25_vl_3b-00_latest,chart_only_kinematics_abbrev_model_qwen25_vl_3b,Text+image,kinematics,abbrev,model_qwen25_vl_3b,False,,,True,False,x = vt
wandb_downloads_text_image_chart_only_action_text/scientific-exploration-increase-text-image-chart-only-action-text/artifacts/episode-chart_only_resistors_concrete_model_qwen25_vl_7b-01_latest,chart_only_resistors_concrete_model_qwen25_vl_7b,Text+image,resistors,concrete,model_qwen25_vl_7b,False,,,True,False,total_resistance = resistance_1 + resistance_2
wandb_downloads_text_image_chart_only_action_text/scientific-exploration-increase-text-image-chart-only-action-text/artifacts/episode-chart_only_distance_abbrev_model_qwen25_vl_3b-02_latest,chart_only_distance_abbrev_model_qwen25_vl_3b,Text+image,distance,abbrev,model_qwen25_vl_3b,False,,,True,False,d = -d1 + d2 + d3
wandb_downloads_text_image_chart_only_action_text/scientific-exploration-increase-text-image-chart-only-action-text/artifacts/episode-chart_only_mass_abstract_model_qwen25_vl_3b-00_latest,chart_only_mass_abstract_model_qwen25_vl_3b,Text+image,mass,abstract,model_qwen25_vl_3b,False,,,True,False,Y = A + B
wandb_downloads_text_image_chart_only_action_text/scientific-exploration-increase-text-image-chart-only-action-text/artifacts/episode-chart_only_kinematics_concrete_model_qwen25_vl_7b-03_latest,chart_only_kinematics_concrete_model_qwen25_vl_7b,Text+image,kinematics,concrete,model_qwen25_vl_7b,False,,,True,False,position = velocity * time + initial_position
wandb_downloads_text_image_chart_only_action_text/scientific-exploration-increase-text-image-chart-only-action-text/artifacts/episode-chart_only_mass_abstract_model_qwen25_vl_3b-03_latest,chart_only_mass_abstract_model_qwen25_vl_3b,Text+image,mass,abstract,model_qwen25_vl_3b,False,,,True,False,Y = A * B
wandb_downloads_text_image_chart_only_action_text/scientific-exploration-increase-text-image-chart-only-action-text/artifacts/episode-chart_only_ohm_concrete_model_qwen25_vl_3b-09_latest,chart_only_ohm_concrete_model_qwen25_vl_3b,Text+image,ohm,concrete,model_qwen25_vl_3b,False,,,True,False,voltage = current * resistance
wandb_downloads_text_image_chart_only_action_text/scientific-exploration-increase-text-image-chart-only-action-text/artifacts/episode-chart_only_distance_abbrev_model_qwen25_vl_7b-06_latest,chart_only_distance_abbrev_model_qwen25_vl_7b,Text+image,distance,abbrev,model_qwen25_vl_7b,False,,,True,False,d = d1 + d2
wandb_downloads_text_image_chart_only_action_text/scientific-exploration-increase-text-image-chart-only-action-text/artifacts/episode-chart_only_mass_concrete_model_qwen25_vl_7b-05_latest,chart_only_mass_concrete_model_qwen25_vl_7b,Text+image,mass,concrete,model_qwen25_vl_7b,False,,,True,False,mass = volume * density
wandb_downloads_text_image_chart_only_action_text/scientific-exploration-increase-text-image-chart-only-action-text/artifacts/episode-chart_only_beers_abstract_model_qwen25_vl_7b-05_latest,chart_only_beers_abstract_model_qwen25_vl_7b,Text+image,beers,abstract,model_qwen25_vl_7b,False,,,True,False,"Y = f(A, B)"
wandb_downloads_text_image_chart_only_action_text/scientific-exploration-increase-text-image-chart-only-action-text/artifacts/episode-chart_only_ohm_concrete_model_qwen25_vl_3b-03_latest,chart_only_ohm_concrete_model_qwen25_vl_3b,Text+image,ohm,concrete,model_qwen25_vl_3b,False,,,True,False,voltage = current * resistance
wandb_downloads_text_image_chart_only_action_text/scientific-exploration-increase-text-image-chart-only-action-text/artifacts/episode-chart_only_mass_concrete_model_qwen25_vl_7b-08_latest,chart_only_mass_concrete_model_qwen25_vl_7b,Text+image,mass,concrete,model_qwen25_vl_7b,False,,,True,False,mass = density * volume
wandb_downloads_text_image_chart_only_action_text/scientific-exploration-increase-text-image-chart-only-action-text/artifacts/episode-chart_only_distance_abbrev_model_qwen25_vl_3b-03_latest,chart_only_distance_abbrev_model_qwen25_vl_3b,Text+image,distance,abbrev,model_qwen25_vl_3b,False,,,True,False,d = -d1 - d2 + d3
wandb_downloads_text_image_chart_only_action_text/scientific-exploration-increase-text-image-chart-only-action-text/artifacts/episode-chart_only_resistors_abstract_model_qwen25_vl_3b-06_latest,chart_only_resistors_abstract_model_qwen25_vl_3b,Text+image,resistors,abstract,model_qwen25_vl_3b,False,,,True,False,Y = A
wandb_downloads_text_image_chart_only_action_text/scientific-exploration-increase-text-image-chart-only-action-text/artifacts/episode-chart_only_kinematics_abstract_model_qwen25_vl_7b-03_latest,chart_only_kinematics_abstract_model_qwen25_vl_7b,Text+image,kinematics,abstract,model_qwen25_vl_7b,False,,,True,False,Y = A + B
wandb_downloads_text_image_chart_only_action_text/scientific-exploration-increase-text-image-chart-only-action-text/artifacts/episode-chart_only_ohm_abstract_model_qwen25_vl_3b-09_latest,chart_only_ohm_abstract_model_qwen25_vl_3b,Text+image,ohm,abstract,model_qwen25_vl_3b,False,,,True,False,Y = -A - B
wandb_downloads_text_image_chart_only_action_text/scientific-exploration-increase-text-image-chart-only-action-text/artifacts/episode-chart_only_distance_abstract_model_qwen25_vl_7b-01_latest,chart_only_distance_abstract_model_qwen25_vl_7b,Text+image,distance,abstract,model_qwen25_vl_7b,False,,,True,False,Y = A + C
wandb_downloads_text_image_chart_only_action_text/scientific-exploration-increase-text-image-chart-only-action-text/artifacts/episode-chart_only_resistors_abstract_model_qwen25_vl_7b-03_latest,chart_only_resistors_abstract_model_qwen25_vl_7b,Text+image,resistors,abstract,model_qwen25_vl_7b,False,,,True,False,Y ~ B
wandb_downloads_text_image_chart_only_action_text/scientific-exploration-increase-text-image-chart-only-action-text/artifacts/episode-chart_only_kinematics_abbrev_model_qwen25_vl_7b-02_latest,chart_only_kinematics_abbrev_model_qwen25_vl_7b,Text+image,kinematics,abbrev,model_qwen25_vl_7b,False,,,True,False,x = v + t
wandb_downloads_text_image_chart_only_action_text/scientific-exploration-increase-text-image-chart-only-action-text/artifacts/episode-chart_only_beers_abstract_model_qwen25_vl_7b-06_latest,chart_only_beers_abstract_model_qwen25_vl_7b,Text+image,beers,abstract,model_qwen25_vl_7b,False,,,True,False,Y = A + B + C
wandb_downloads_text_image_chart_only_action_text/scientific-exploration-increase-text-image-chart-only-action-text/artifacts/episode-chart_only_ohm_abstract_model_qwen25_vl_7b-05_latest,chart_only_ohm_abstract_model_qwen25_vl_7b,Text+image,ohm,abstract,model_qwen25_vl_7b,False,,,True,False,Y ~ B
wandb_downloads_text_image_chart_only_action_text/scientific-exploration-increase-text-image-chart-only-action-text/artifacts/episode-chart_only_resistors_concrete_model_qwen25_vl_3b-09_latest,chart_only_resistors_concrete_model_qwen25_vl_3b,Text+image,resistors,concrete,model_qwen25_vl_3b,False,,,True,False,total_resistance = resistance_1 + resistance_2
wandb_downloads_text_image_chart_only_action_text/scientific-exploration-increase-text-image-chart-only-action-text/artifacts/episode-chart_only_resistors_abbrev_model_qwen25_vl_3b-02_latest,chart_only_resistors_abbrev_model_qwen25_vl_3b,Text+image,resistors,abbrev,model_qwen25_vl_3b,False,,,True,False,Rt = R1 * R2
wandb_downloads_text_image_chart_only_action_text/scientific-exploration-increase-text-image-chart-only-action-text/artifacts/episode-chart_only_beers_abstract_model_qwen25_vl_7b-07_latest,chart_only_beers_abstract_model_qwen25_vl_7b,Text+image,beers,abstract,model_qwen25_vl_7b,False,,,True,False,Y = A * C
wandb_downloads_text_image_chart_only_action_text/scientific-exploration-increase-text-image-chart-only-action-text/artifacts/episode-chart_only_kinematics_concrete_model_qwen25_vl_7b-06_latest,chart_only_kinematics_concrete_model_qwen25_vl_7b,Text+image,kinematics,concrete,model_qwen25_vl_7b,False,,,True,False,position = velocity * time
wandb_downloads_text_image_chart_only_action_text/scientific-exploration-increase-text-image-chart-only-action-text/artifacts/episode-chart_only_mass_abbrev_model_qwen25_vl_7b-04_latest,chart_only_mass_abbrev_model_qwen25_vl_7b,Text+image,mass,abbrev,model_qwen25_vl_7b,False,,,True,False,m = ρ * V
wandb_downloads_text_image_chart_only_action_text/scientific-exploration-increase-text-image-chart-only-action-text/artifacts/episode-chart_only_kinematics_concrete_model_qwen25_vl_3b-02_latest,chart_only_kinematics_concrete_model_qwen25_vl_3b,Text+image,kinematics,concrete,model_qwen25_vl_3b,False,,,True,False,initial_position - velocity * time
wandb_downloads_text_image_chart_only_action_text/scientific-exploration-increase-text-image-chart-only-action-text/artifacts/episode-chart_only_distance_abstract_model_qwen25_vl_7b-06_latest,chart_only_distance_abstract_model_qwen25_vl_7b,Text+image,distance,abstract,model_qwen25_vl_7b,False,,,True,False,Y = A + B + C
wandb_downloads_text_image_chart_only_action_text/scientific-exploration-increase-text-image-chart-only-action-text/artifacts/episode-chart_only_ohm_abbrev_model_qwen25_vl_3b-06_latest,chart_only_ohm_abbrev_model_qwen25_vl_3b,Text+image,ohm,abbrev,model_qwen25_vl_3b,False,,,True,False,V = -I + R
wandb_downloads_text_image_chart_only_action_text/scientific-exploration-increase-text-image-chart-only-action-text/artifacts/episode-chart_only_ohm_concrete_model_qwen25_vl_3b-01_latest,chart_only_ohm_concrete_model_qwen25_vl_3b,Text+image,ohm,concrete,model_qwen25_vl_3b,False,,,True,False,voltage = current * resistance
wandb_downloads_text_image_chart_only_action_text/scientific-exploration-increase-text-image-chart-only-action-text/artifacts/episode-chart_only_resistors_abbrev_model_qwen25_vl_7b-00_latest,chart_only_resistors_abbrev_model_qwen25_vl_7b,Text+image,resistors,abbrev,model_qwen25_vl_7b,False,,,True,False,Rt = f(R1)
wandb_downloads_text_image_chart_only_action_text/scientific-exploration-increase-text-image-chart-only-action-text/artifacts/episode-chart_only_resistors_abbrev_model_qwen25_vl_3b-05_latest,chart_only_resistors_abbrev_model_qwen25_vl_3b,Text+image,resistors,abbrev,model_qwen25_vl_3b,False,,,True,False,Rt = R1 + R2
wandb_downloads_text_image_chart_only_action_text/scientific-exploration-increase-text-image-chart-only-action-text/artifacts/episode-chart_only_mass_abbrev_model_qwen25_vl_7b-02_latest,chart_only_mass_abbrev_model_qwen25_vl_7b,Text+image,mass,abbrev,model_qwen25_vl_7b,False,,,True,False,m = k * ρ
wandb_downloads_text_image_chart_only_action_text/scientific-exploration-increase-text-image-chart-only-action-text/artifacts/episode-chart_only_beers_concrete_model_qwen25_vl_3b-04_latest,chart_only_beers_concrete_model_qwen25_vl_3b,Text+image,beers,concrete,model_qwen25_vl_3b,False,,,True,False,absorbance = molar_absorptivity * concentration * path_length
wandb_downloads_text_image_chart_only_action_text/scientific-exploration-increase-text-image-chart-only-action-text/artifacts/episode-chart_only_ohm_abstract_model_qwen25_vl_3b-02_latest,chart_only_ohm_abstract_model_qwen25_vl_3b,Text+image,ohm,abstract,model_qwen25_vl_3b,False,,,True,False,Y = 1 / B
wandb_downloads_text_image_chart_only_action_text/scientific-exploration-increase-text-image-chart-only-action-text/artifacts/episode-chart_only_ohm_abbrev_model_qwen25_vl_3b-02_latest,chart_only_ohm_abbrev_model_qwen25_vl_3b,Text+image,ohm,abbrev,model_qwen25_vl_3b,False,,,True,False,V = I
wandb_downloads_text_image_chart_only_action_text/scientific-exploration-increase-text-image-chart-only-action-text/artifacts/episode-chart_only_kinematics_concrete_model_qwen25_vl_3b-04_latest,chart_only_kinematics_concrete_model_qwen25_vl_3b,Text+image,kinematics,concrete,model_qwen25_vl_3b,False,,,True,False,position = initial_position + velocity * time
wandb_downloads_text_image_chart_only_action_text/scientific-exploration-increase-text-image-chart-only-action-text/artifacts/episode-chart_only_resistors_abstract_model_qwen25_vl_7b-06_latest,chart_only_resistors_abstract_model_qwen25_vl_7b,Text+image,resistors,abstract,model_qwen25_vl_7b,False,,,True,False,Y ~ A
wandb_downloads_text_image_chart_only_action_text/scientific-exploration-increase-text-image-chart-only-action-text/artifacts/episode-chart_only_kinematics_abbrev_model_qwen25_vl_7b-09_latest,chart_only_kinematics_abbrev_model_qwen25_vl_7b,Text+image,kinematics,abbrev,model_qwen25_vl_7b,False,,,True,False,x = v / t
wandb_downloads_text_image_chart_only_action_text/scientific-exploration-increase-text-image-chart-only-action-text/artifacts/episode-chart_only_beers_abstract_model_qwen25_vl_7b-08_latest,chart_only_beers_abstract_model_qwen25_vl_7b,Text+image,beers,abstract,model_qwen25_vl_7b,False,,,True,False,Y = A * C
wandb_downloads_text_image_chart_only_action_text/scientific-exploration-increase-text-image-chart-only-action-text/artifacts/episode-chart_only_kinematics_abstract_model_qwen25_vl_7b-02_latest,chart_only_kinematics_abstract_model_qwen25_vl_7b,Text+image,kinematics,abstract,model_qwen25_vl_7b,False,,,True,False,Y = C
wandb_downloads_text_image_chart_only_action_text/scientific-exploration-increase-text-image-chart-only-action-text/artifacts/episode-chart_only_mass_abbrev_model_qwen25_vl_7b-05_latest,chart_only_mass_abbrev_model_qwen25_vl_7b,Text+image,mass,abbrev,model_qwen25_vl_7b,False,,,True,False,"m = f(V, ρ)"
wandb_downloads_text_image_chart_only_action_text/scientific-exploration-increase-text-image-chart-only-action-text/artifacts/episode-chart_only_distance_abbrev_model_qwen25_vl_7b-00_latest,chart_only_distance_abbrev_model_qwen25_vl_7b,Text+image,distance,abbrev,model_qwen25_vl_7b,False,,,True,False,d = d1 + d3
wandb_downloads_text_image_chart_only_action_text/scientific-exploration-increase-text-image-chart-only-action-text/artifacts/episode-chart_only_distance_concrete_model_qwen25_vl_3b-03_latest,chart_only_distance_concrete_model_qwen25_vl_3b,Text+image,distance,concrete,model_qwen25_vl_3b,False,,,True,False,total_distance = distance_1 + distance_2 + distance_3
wandb_downloads_text_image_chart_only_action_text/scientific-exploration-increase-text-image-chart-only-action-text/artifacts/episode-chart_only_mass_abstract_model_qwen25_vl_3b-01_latest,chart_only_mass_abstract_model_qwen25_vl_3b,Text+image,mass,abstract,model_qwen25_vl_3b,False,,,True,False,Y = -A + B
wandb_downloads_text_image_chart_only_action_text/scientific-exploration-increase-text-image-chart-only-action-text/artifacts/episode-chart_only_kinematics_abbrev_model_qwen25_vl_3b-08_latest,chart_only_kinematics_abbrev_model_qwen25_vl_3b,Text+image,kinematics,abbrev,model_qwen25_vl_3b,False,,,True,False,x = v + t
wandb_downloads_text_image_chart_only_action_text/scientific-exploration-increase-text-image-chart-only-action-text/artifacts/episode-chart_only_beers_abstract_model_qwen25_vl_7b-00_latest,chart_only_beers_abstract_model_qwen25_vl_7b,Text+image,beers,abstract,model_qwen25_vl_7b,False,,,True,False,Y = C
wandb_downloads_text_image_chart_only_action_text/scientific-exploration-increase-text-image-chart-only-action-text/artifacts/episode-chart_only_beers_abstract_model_qwen25_vl_3b-02_latest,chart_only_beers_abstract_model_qwen25_vl_3b,Text+image,beers,abstract,model_qwen25_vl_3b,False,,,True,False,Y = A + B
wandb_downloads_text_image_chart_only_action_text/scientific-exploration-increase-text-image-chart-only-action-text/artifacts/episode-chart_only_beers_abbrev_model_qwen25_vl_3b-01_latest,chart_only_beers_abbrev_model_qwen25_vl_3b,Text+image,beers,abbrev,model_qwen25_vl_3b,False,,,True,False,A = epsilon + c - l
wandb_downloads_text_image_chart_only_action_text/scientific-exploration-increase-text-image-chart-only-action-text/artifacts/episode-chart_only_beers_abbrev_model_qwen25_vl_7b-06_latest,chart_only_beers_abbrev_model_qwen25_vl_7b,Text+image,beers,abbrev,model_qwen25_vl_7b,False,,,True,False,A = epsilon * constant
wandb_downloads_text_image_chart_only_action_text/scientific-exploration-increase-text-image-chart-only-action-text/artifacts/episode-chart_only_resistors_concrete_model_qwen25_vl_3b-08_latest,chart_only_resistors_concrete_model_qwen25_vl_3b,Text+image,resistors,concrete,model_qwen25_vl_3b,False,,,True,False,total_resistance = resistance_1 - resistance_2
wandb_downloads_text_image_chart_only_action_text/scientific-exploration-increase-text-image-chart-only-action-text/artifacts/episode-chart_only_distance_abstract_model_qwen25_vl_3b-01_latest,chart_only_distance_abstract_model_qwen25_vl_3b,Text+image,distance,abstract,model_qwen25_vl_3b,False,,,True,False,Y = C
wandb_downloads_text_image_chart_only_action_text/scientific-exploration-increase-text-image-chart-only-action-text/artifacts/episode-chart_only_kinematics_abbrev_model_qwen25_vl_3b-09_latest,chart_only_kinematics_abbrev_model_qwen25_vl_3b,Text+image,kinematics,abbrev,model_qwen25_vl_3b,False,,,True,False,x = vt
wandb_downloads_text_image_chart_only_action_text/scientific-exploration-increase-text-image-chart-only-action-text/artifacts/episode-chart_only_kinematics_abbrev_model_qwen25_vl_3b-05_latest,chart_only_kinematics_abbrev_model_qwen25_vl_3b,Text+image,kinematics,abbrev,model_qwen25_vl_3b,False,,,True,False,x = v1 + v2
wandb_downloads_text_image_chart_only_action_text/scientific-exploration-increase-text-image-chart-only-action-text/artifacts/episode-chart_only_beers_abbrev_model_qwen25_vl_3b-03_latest,chart_only_beers_abbrev_model_qwen25_vl_3b,Text+image,beers,abbrev,model_qwen25_vl_3b,False,,,True,False,A = const
wandb_downloads_text_image_chart_only_action_text/scientific-exploration-increase-text-image-chart-only-action-text/artifacts/episode-chart_only_ohm_abbrev_model_qwen25_vl_3b-08_latest,chart_only_ohm_abbrev_model_qwen25_vl_3b,Text+image,ohm,abbrev,model_qwen25_vl_3b,False,,,True,False,V = 1 / R
wandb_downloads_text_image_chart_only_action_text/scientific-exploration-increase-text-image-chart-only-action-text/artifacts/episode-chart_only_resistors_abstract_model_qwen25_vl_7b-09_latest,chart_only_resistors_abstract_model_qwen25_vl_7b,Text+image,resistors,abstract,model_qwen25_vl_7b,False,,,True,False,Y = A + B
wandb_downloads_text_image_chart_only_action_text/scientific-exploration-increase-text-image-chart-only-action-text/artifacts/episode-chart_only_ohm_concrete_model_qwen25_vl_3b-04_latest,chart_only_ohm_concrete_model_qwen25_vl_3b,Text+image,ohm,concrete,model_qwen25_vl_3b,False,,,True,False,voltage = current * resistance
wandb_downloads_text_image_chart_only_action_text/scientific-exploration-increase-text-image-chart-only-action-text/artifacts/episode-chart_only_resistors_concrete_model_qwen25_vl_7b-02_latest,chart_only_resistors_concrete_model_qwen25_vl_7b,Text+image,resistors,concrete,model_qwen25_vl_7b,False,,,True,False,total_resistance = resistance_1 + resistance_2
wandb_downloads_text_image_chart_only_action_text/scientific-exploration-increase-text-image-chart-only-action-text/artifacts/episode-chart_only_mass_abstract_model_qwen25_vl_3b-09_latest,chart_only_mass_abstract_model_qwen25_vl_3b,Text+image,mass,abstract,model_qwen25_vl_3b,False,,,True,False,Y = A
wandb_downloads_text_image_chart_only_action_text/scientific-exploration-increase-text-image-chart-only-action-text/artifacts/episode-chart_only_ohm_abbrev_model_qwen25_vl_3b-01_latest,chart_only_ohm_abbrev_model_qwen25_vl_3b,Text+image,ohm,abbrev,model_qwen25_vl_3b,False,,,True,False,V = -I * R
wandb_downloads_text_image_chart_only_action_text/scientific-exploration-increase-text-image-chart-only-action-text/artifacts/episode-chart_only_kinematics_abbrev_model_qwen25_vl_7b-07_latest,chart_only_kinematics_abbrev_model_qwen25_vl_7b,Text+image,kinematics,abbrev,model_qwen25_vl_7b,False,,,True,False,x = k * v / t
wandb_downloads_text_image_chart_only_action_text/scientific-exploration-increase-text-image-chart-only-action-text/artifacts/episode-chart_only_resistors_abstract_model_qwen25_vl_3b-02_latest,chart_only_resistors_abstract_model_qwen25_vl_3b,Text+image,resistors,abstract,model_qwen25_vl_3b,False,,,True,False,Y = B
wandb_downloads_text_image_chart_only_action_text/scientific-exploration-increase-text-image-chart-only-action-text/artifacts/episode-chart_only_mass_concrete_model_qwen25_vl_7b-06_latest,chart_only_mass_concrete_model_qwen25_vl_7b,Text+image,mass,concrete,model_qwen25_vl_7b,False,,,True,False,mass = density * volume
wandb_downloads_text_image_chart_only_action_text/scientific-exploration-increase-text-image-chart-only-action-text/artifacts/episode-chart_only_distance_abstract_model_qwen25_vl_7b-02_latest,chart_only_distance_abstract_model_qwen25_vl_7b,Text+image,distance,abstract,model_qwen25_vl_7b,False,,,True,False,Y = B
wandb_downloads_text_image_chart_only_action_text/scientific-exploration-increase-text-image-chart-only-action-text/artifacts/episode-chart_only_resistors_abbrev_model_qwen25_vl_7b-05_latest,chart_only_resistors_abbrev_model_qwen25_vl_7b,Text+image,resistors,abbrev,model_qwen25_vl_7b,False,,,True,False,Rt = const
wandb_downloads_text_image_chart_only_action_text/scientific-exploration-increase-text-image-chart-only-action-text/artifacts/episode-chart_only_distance_abbrev_model_qwen25_vl_7b-05_latest,chart_only_distance_abbrev_model_qwen25_vl_7b,Text+image,distance,abbrev,model_qwen25_vl_7b,False,,,True,False,d = d1 + d2 + d3
wandb_downloads_text_image_chart_only_action_text/scientific-exploration-increase-text-image-chart-only-action-text/artifacts/episode-chart_only_kinematics_abbrev_model_qwen25_vl_3b-03_latest,chart_only_kinematics_abbrev_model_qwen25_vl_3b,Text+image,kinematics,abbrev,model_qwen25_vl_3b,False,,,True,False,x = v * t + x0
wandb_downloads_text_image_chart_only_action_text/scientific-exploration-increase-text-image-chart-only-action-text/artifacts/episode-chart_only_resistors_abbrev_model_qwen25_vl_7b-08_latest,chart_only_resistors_abbrev_model_qwen25_vl_7b,Text+image,resistors,abbrev,model_qwen25_vl_7b,False,,,True,False,Rt = R1 + R2
wandb_downloads_text_image_chart_only_action_text/scientific-exploration-increase-text-image-chart-only-action-text/artifacts/episode-chart_only_beers_concrete_model_qwen25_vl_7b-08_latest,chart_only_beers_concrete_model_qwen25_vl_7b,Text+image,beers,concrete,model_qwen25_vl_7b,False,,,True,False,absorbance = molar_absorptivity * concentration * path_length
wandb_downloads_text_image_chart_only_action_text/scientific-exploration-increase-text-image-chart-only-action-text/artifacts/episode-chart_only_mass_abbrev_model_qwen25_vl_3b-09_latest,chart_only_mass_abbrev_model_qwen25_vl_3b,Text+image,mass,abbrev,model_qwen25_vl_3b,False,,,True,False,m = k * rho
wandb_downloads_text_image_chart_only_action_text/scientific-exploration-increase-text-image-chart-only-action-text/artifacts/episode-chart_only_distance_concrete_model_qwen25_vl_7b-02_latest,chart_only_distance_concrete_model_qwen25_vl_7b,Text+image,distance,concrete,model_qwen25_vl_7b,False,,,True,False,total_distance = distance_1 + distance_2 + distance_3
wandb_downloads_text_image_chart_only_action_text/scientific-exploration-increase-text-image-chart-only-action-text/artifacts/episode-chart_only_kinematics_abbrev_model_qwen25_vl_7b-00_latest,chart_only_kinematics_abbrev_model_qwen25_vl_7b,Text+image,kinematics,abbrev,model_qwen25_vl_7b,False,,,True,False,x = x0 + v * t
wandb_downloads_text_image_chart_only_action_text/scientific-exploration-increase-text-image-chart-only-action-text/artifacts/episode-chart_only_beers_abbrev_model_qwen25_vl_3b-02_latest,chart_only_beers_abbrev_model_qwen25_vl_3b,Text+image,beers,abbrev,model_qwen25_vl_3b,False,,,True,False,A = c + l
wandb_downloads_text_image_chart_only_action_text/scientific-exploration-increase-text-image-chart-only-action-text/artifacts/episode-chart_only_ohm_abbrev_model_qwen25_vl_3b-05_latest,chart_only_ohm_abbrev_model_qwen25_vl_3b,Text+image,ohm,abbrev,model_qwen25_vl_3b,False,,,True,False,V = I * R
wandb_downloads_text_image_chart_only_action_text/scientific-exploration-increase-text-image-chart-only-action-text/artifacts/episode-chart_only_kinematics_abstract_model_qwen25_vl_7b-08_latest,chart_only_kinematics_abstract_model_qwen25_vl_7b,Text+image,kinematics,abstract,model_qwen25_vl_7b,False,,,True,False,Y = A * C
wandb_downloads_text_image_chart_only_action_text/scientific-exploration-increase-text-image-chart-only-action-text/artifacts/episode-chart_only_resistors_abstract_model_qwen25_vl_3b-08_latest,chart_only_resistors_abstract_model_qwen25_vl_3b,Text+image,resistors,abstract,model_qwen25_vl_3b,False,,,True,False,Y = A + B
wandb_downloads_text_image_chart_only_action_text/scientific-exploration-increase-text-image-chart-only-action-text/artifacts/episode-chart_only_ohm_concrete_model_qwen25_vl_3b-05_latest,chart_only_ohm_concrete_model_qwen25_vl_3b,Text+image,ohm,concrete,model_qwen25_vl_3b,False,,,True,False,voltage = 2 * current + resistance
wandb_downloads_text_image_chart_only_action_text/scientific-exploration-increase-text-image-chart-only-action-text/artifacts/episode-chart_only_distance_abstract_model_qwen25_vl_3b-02_latest,chart_only_distance_abstract_model_qwen25_vl_3b,Text+image,distance,abstract,model_qwen25_vl_3b,False,,,True,False,Y = A + C - B
wandb_downloads_text_image_chart_only_action_text/scientific-exploration-increase-text-image-chart-only-action-text/artifacts/episode-chart_only_ohm_abbrev_model_qwen25_vl_7b-08_latest,chart_only_ohm_abbrev_model_qwen25_vl_7b,Text+image,ohm,abbrev,model_qwen25_vl_7b,False,,,True,False,V = kI
wandb_downloads_text_image_chart_only_action_text/scientific-exploration-increase-text-image-chart-only-action-text/artifacts/episode-chart_only_mass_abbrev_model_qwen25_vl_3b-03_latest,chart_only_mass_abbrev_model_qwen25_vl_3b,Text+image,mass,abbrev,model_qwen25_vl_3b,False,,,True,False,m = const
wandb_downloads_text_image_chart_only_action_text/scientific-exploration-increase-text-image-chart-only-action-text/artifacts/episode-chart_only_beers_concrete_model_qwen25_vl_7b-06_latest,chart_only_beers_concrete_model_qwen25_vl_7b,Text+image,beers,concrete,model_qwen25_vl_7b,False,,,True,False,absorbance = molar_absorptivity * concentration * path_length
wandb_downloads_text_image_chart_only_action_text/scientific-exploration-increase-text-image-chart-only-action-text/artifacts/episode-chart_only_beers_abbrev_model_qwen25_vl_3b-04_latest,chart_only_beers_abbrev_model_qwen25_vl_3b,Text+image,beers,abbrev,model_qwen25_vl_3b,False,,,True,False,A = c * epsilon - l
wandb_downloads_text_image_chart_only_action_text/scientific-exploration-increase-text-image-chart-only-action-text/artifacts/episode-chart_only_kinematics_abbrev_model_qwen25_vl_3b-06_latest,chart_only_kinematics_abbrev_model_qwen25_vl_3b,Text+image,kinematics,abbrev,model_qwen25_vl_3b,False,,,True,False,x = x0
wandb_downloads_text_image_chart_only_action_text/scientific-exploration-increase-text-image-chart-only-action-text/artifacts/episode-chart_only_ohm_abstract_model_qwen25_vl_7b-08_latest,chart_only_ohm_abstract_model_qwen25_vl_7b,Text+image,ohm,abstract,model_qwen25_vl_7b,False,,,True,False,Y ~ A
wandb_downloads_text_image_chart_only_action_text/scientific-exploration-increase-text-image-chart-only-action-text/artifacts/episode-chart_only_beers_abbrev_model_qwen25_vl_3b-05_latest,chart_only_beers_abbrev_model_qwen25_vl_3b,Text+image,beers,abbrev,model_qwen25_vl_3b,False,,,True,False,A = l
wandb_downloads_text_image_chart_only_action_text/scientific-exploration-increase-text-image-chart-only-action-text/artifacts/episode-chart_only_kinematics_abstract_model_qwen25_vl_3b-06_latest,chart_only_kinematics_abstract_model_qwen25_vl_3b,Text+image,kinematics,abstract,model_qwen25_vl_3b,False,,,True,False,Y = k * A
wandb_downloads_text_image_chart_only_action_text/scientific-exploration-increase-text-image-chart-only-action-text/artifacts/episode-chart_only_distance_abstract_model_qwen25_vl_7b-00_latest,chart_only_distance_abstract_model_qwen25_vl_7b,Text+image,distance,abstract,model_qwen25_vl_7b,False,,,True,False,"Y = f(A, B)"
wandb_downloads_text_image_chart_only_action_text/scientific-exploration-increase-text-image-chart-only-action-text/artifacts/episode-chart_only_distance_abstract_model_qwen25_vl_3b-03_latest,chart_only_distance_abstract_model_qwen25_vl_3b,Text+image,distance,abstract,model_qwen25_vl_3b,False,,,True,False,Y = A + B
wandb_downloads_text_image_chart_only_action_text/scientific-exploration-increase-text-image-chart-only-action-text/artifacts/episode-chart_only_beers_concrete_model_qwen25_vl_3b-05_latest,chart_only_beers_concrete_model_qwen25_vl_3b,Text+image,beers,concrete,model_qwen25_vl_3b,False,,,True,False,absorbance = molar_absorptivity * concentration * path_length
wandb_downloads_text_image_chart_only_action_text/scientific-exploration-increase-text-image-chart-only-action-text/artifacts/episode-chart_only_kinematics_abstract_model_qwen25_vl_7b-06_latest,chart_only_kinematics_abstract_model_qwen25_vl_7b,Text+image,kinematics,abstract,model_qwen25_vl_7b,False,,,True,False,Y = A + B + C
wandb_downloads_text_image_chart_only_action_text/scientific-exploration-increase-text-image-chart-only-action-text/artifacts/episode-chart_only_kinematics_abstract_model_qwen25_vl_7b-09_latest,chart_only_kinematics_abstract_model_qwen25_vl_7b,Text+image,kinematics,abstract,model_qwen25_vl_7b,False,,,True,False,Y = A * B
wandb_downloads_text_image_chart_only_action_text/scientific-exploration-increase-text-image-chart-only-action-text/artifacts/episode-chart_only_ohm_abstract_model_qwen25_vl_7b-01_latest,chart_only_ohm_abstract_model_qwen25_vl_7b,Text+image,ohm,abstract,model_qwen25_vl_7b,False,,,True,False,Y = B
wandb_downloads_text_image_chart_only_action_text/scientific-exploration-increase-text-image-chart-only-action-text/artifacts/episode-chart_only_beers_abbrev_model_qwen25_vl_7b-02_latest,chart_only_beers_abbrev_model_qwen25_vl_7b,Text+image,beers,abbrev,model_qwen25_vl_7b,False,,,True,False,A = c * l * epsilon
wandb_downloads_text_image_chart_only_action_text/scientific-exploration-increase-text-image-chart-only-action-text/artifacts/episode-chart_only_kinematics_concrete_model_qwen25_vl_7b-02_latest,chart_only_kinematics_concrete_model_qwen25_vl_7b,Text+image,kinematics,concrete,model_qwen25_vl_7b,False,,,True,False,position = initial_position + velocity * time
wandb_downloads_text_image_chart_only_action_text/scientific-exploration-increase-text-image-chart-only-action-text/artifacts/episode-chart_only_distance_concrete_model_qwen25_vl_3b-05_latest,chart_only_distance_concrete_model_qwen25_vl_3b,Text+image,distance,concrete,model_qwen25_vl_3b,False,,,True,False,distance_1 + distance_2 + distance_3
wandb_downloads_text_image_chart_only_action_text/scientific-exploration-increase-text-image-chart-only-action-text/artifacts/episode-chart_only_distance_abbrev_model_qwen25_vl_3b-00_latest,chart_only_distance_abbrev_model_qwen25_vl_3b,Text+image,distance,abbrev,model_qwen25_vl_3b,False,,,True,False,d = d3
wandb_downloads_text_image_chart_only_action_text/scientific-exploration-increase-text-image-chart-only-action-text/artifacts/episode-chart_only_ohm_abstract_model_qwen25_vl_7b-02_latest,chart_only_ohm_abstract_model_qwen25_vl_7b,Text+image,ohm,abstract,model_qwen25_vl_7b,False,,,True,False,Y ~ B^2 + A
wandb_downloads_text_image_chart_only_action_text/scientific-exploration-increase-text-image-chart-only-action-text/artifacts/episode-chart_only_kinematics_abbrev_model_qwen25_vl_7b-04_latest,chart_only_kinematics_abbrev_model_qwen25_vl_7b,Text+image,kinematics,abbrev,model_qwen25_vl_7b,False,,,True,False,x = v * t
wandb_downloads_text_image_chart_only_action_text/scientific-exploration-increase-text-image-chart-only-action-text/artifacts/episode-chart_only_mass_abstract_model_qwen25_vl_7b-07_latest,chart_only_mass_abstract_model_qwen25_vl_7b,Text+image,mass,abstract,model_qwen25_vl_7b,False,,,True,False,Y = B
wandb_downloads_text_image_chart_only_action_text/scientific-exploration-increase-text-image-chart-only-action-text/artifacts/episode-chart_only_resistors_abbrev_model_qwen25_vl_3b-01_latest,chart_only_resistors_abbrev_model_qwen25_vl_3b,Text+image,resistors,abbrev,model_qwen25_vl_3b,False,,,True,False,Rt = k * R1 + m * R2
wandb_downloads_text_image_chart_only_action_text/scientific-exploration-increase-text-image-chart-only-action-text/artifacts/episode-chart_only_mass_concrete_model_qwen25_vl_7b-01_latest,chart_only_mass_concrete_model_qwen25_vl_7b,Text+image,mass,concrete,model_qwen25_vl_7b,False,,,True,False,mass = density * volume
wandb_downloads_text_image_chart_only_action_text/scientific-exploration-increase-text-image-chart-only-action-text/artifacts/episode-chart_only_kinematics_abstract_model_qwen25_vl_7b-04_latest,chart_only_kinematics_abstract_model_qwen25_vl_7b,Text+image,kinematics,abstract,model_qwen25_vl_7b,False,,,True,False,Y = A + B
wandb_downloads_text_image_chart_only_action_text/scientific-exploration-increase-text-image-chart-only-action-text/artifacts/episode-chart_only_mass_abbrev_model_qwen25_vl_3b-07_latest,chart_only_mass_abbrev_model_qwen25_vl_3b,Text+image,mass,abbrev,model_qwen25_vl_3b,False,,,True,False,m = k * (rho * V)
wandb_downloads_text_image_chart_only_action_text/scientific-exploration-increase-text-image-chart-only-action-text/artifacts/episode-chart_only_kinematics_abstract_model_qwen25_vl_7b-01_latest,chart_only_kinematics_abstract_model_qwen25_vl_7b,Text+image,kinematics,abstract,model_qwen25_vl_7b,False,,,True,False,Y = A + B
wandb_downloads_text_image_chart_only_action_text/scientific-exploration-increase-text-image-chart-only-action-text/artifacts/episode-chart_only_distance_abbrev_model_qwen25_vl_7b-07_latest,chart_only_distance_abbrev_model_qwen25_vl_7b,Text+image,distance,abbrev,model_qwen25_vl_7b,False,,,True,False,d = d1 + d2 + d3
wandb_downloads_text_image_chart_only_action_text/scientific-exploration-increase-text-image-chart-only-action-text/artifacts/episode-chart_only_kinematics_abbrev_model_qwen25_vl_3b-04_latest,chart_only_kinematics_abbrev_model_qwen25_vl_3b,Text+image,kinematics,abbrev,model_qwen25_vl_3b,False,,,True,False,x = constant
wandb_downloads_text_image_chart_only_action_text/scientific-exploration-increase-text-image-chart-only-action-text/artifacts/episode-chart_only_kinematics_concrete_model_qwen25_vl_7b-07_latest,chart_only_kinematics_concrete_model_qwen25_vl_7b,Text+image,kinematics,concrete,model_qwen25_vl_7b,False,,,True,False,position = velocity * time + initial_position
wandb_downloads_text_image_chart_only_action_text/scientific-exploration-increase-text-image-chart-only-action-text/artifacts/episode-chart_only_mass_abstract_model_qwen25_vl_7b-03_latest,chart_only_mass_abstract_model_qwen25_vl_7b,Text+image,mass,abstract,model_qwen25_vl_7b,False,,,True,False,Y = -A + B
wandb_downloads_text_image_chart_only_action_text/scientific-exploration-increase-text-image-chart-only-action-text/artifacts/episode-chart_only_kinematics_abstract_model_qwen25_vl_3b-08_latest,chart_only_kinematics_abstract_model_qwen25_vl_3b,Text+image,kinematics,abstract,model_qwen25_vl_3b,False,,,True,False,Y = C
wandb_downloads_text_image_chart_only_action_text/scientific-exploration-increase-text-image-chart-only-action-text/artifacts/episode-chart_only_ohm_concrete_model_qwen25_vl_7b-08_latest,chart_only_ohm_concrete_model_qwen25_vl_7b,Text+image,ohm,concrete,model_qwen25_vl_7b,False,,,True,False,voltage = k * current
wandb_downloads_text_image_chart_only_action_text/scientific-exploration-increase-text-image-chart-only-action-text/artifacts/episode-chart_only_mass_abstract_model_qwen25_vl_7b-02_latest,chart_only_mass_abstract_model_qwen25_vl_7b,Text+image,mass,abstract,model_qwen25_vl_7b,False,,,True,False,Y = A + B
wandb_downloads_text_image_chart_only_action_text/scientific-exploration-increase-text-image-chart-only-action-text/artifacts/episode-chart_only_ohm_abstract_model_qwen25_vl_3b-08_latest,chart_only_ohm_abstract_model_qwen25_vl_3b,Text+image,ohm,abstract,model_qwen25_vl_3b,False,,,True,False,Y = A + B
wandb_downloads_text_image_chart_only_action_text/scientific-exploration-increase-text-image-chart-only-action-text/artifacts/episode-chart_only_distance_abbrev_model_qwen25_vl_7b-08_latest,chart_only_distance_abbrev_model_qwen25_vl_7b,Text+image,distance,abbrev,model_qwen25_vl_7b,False,,,True,False,d = d1 + d2 + d3
wandb_downloads_text_image_chart_only_action_text/scientific-exploration-increase-text-image-chart-only-action-text/artifacts/episode-chart_only_ohm_concrete_model_qwen25_vl_7b-04_latest,chart_only_ohm_concrete_model_qwen25_vl_7b,Text+image,ohm,concrete,model_qwen25_vl_7b,False,,,True,False,voltage = k * current + b
wandb_downloads_text_image_chart_only_action_text/scientific-exploration-increase-text-image-chart-only-action-text/artifacts/episode-chart_only_resistors_concrete_model_qwen25_vl_7b-07_latest,chart_only_resistors_concrete_model_qwen25_vl_7b,Text+image,resistors,concrete,model_qwen25_vl_7b,False,,,True,False,total_resistance = resistance_1 + resistance_2
wandb_downloads_text_image_chart_only_action_text/scientific-exploration-increase-text-image-chart-only-action-text/artifacts/episode-chart_only_kinematics_abstract_model_qwen25_vl_7b-05_latest,chart_only_kinematics_abstract_model_qwen25_vl_7b,Text+image,kinematics,abstract,model_qwen25_vl_7b,False,,,True,False,Y = A
wandb_downloads_text_image_chart_only_action_text/scientific-exploration-increase-text-image-chart-only-action-text/artifacts/episode-chart_only_resistors_concrete_model_qwen25_vl_3b-02_latest,chart_only_resistors_concrete_model_qwen25_vl_3b,Text+image,resistors,concrete,model_qwen25_vl_3b,False,,,True,False,total_resistance = resistance_1 + resistance_2
wandb_downloads_text_image_chart_only_action_text/scientific-exploration-increase-text-image-chart-only-action-text/artifacts/episode-chart_only_resistors_abbrev_model_qwen25_vl_7b-03_latest,chart_only_resistors_abbrev_model_qwen25_vl_7b,Text+image,resistors,abbrev,model_qwen25_vl_7b,False,,,True,False,Rt ~ R1 * R2
wandb_downloads_text_image_chart_only_action_text/scientific-exploration-increase-text-image-chart-only-action-text/artifacts/episode-chart_only_beers_abstract_model_qwen25_vl_7b-01_latest,chart_only_beers_abstract_model_qwen25_vl_7b,Text+image,beers,abstract,model_qwen25_vl_7b,False,,,True,False,Y = A
wandb_downloads_text_image_chart_only_action_text/scientific-exploration-increase-text-image-chart-only-action-text/artifacts/episode-chart_only_beers_concrete_model_qwen25_vl_3b-09_latest,chart_only_beers_concrete_model_qwen25_vl_3b,Text+image,beers,concrete,model_qwen25_vl_3b,True,11,[schema] 'action.variable' is required when action is provided,False,False,
wandb_downloads_text_image_chart_only_action_text/scientific-exploration-increase-text-image-chart-only-action-text/artifacts/episode-chart_only_mass_abbrev_model_qwen25_vl_7b-01_latest,chart_only_mass_abbrev_model_qwen25_vl_7b,Text+image,mass,abbrev,model_qwen25_vl_7b,False,,,True,False,m = f(rho)
wandb_downloads_text_image_chart_only_action_text/scientific-exploration-increase-text-image-chart-only-action-text/artifacts/episode-chart_only_resistors_concrete_model_qwen25_vl_3b-03_latest,chart_only_resistors_concrete_model_qwen25_vl_3b,Text+image,resistors,concrete,model_qwen25_vl_3b,False,,,True,False,total_resistance = resistance_1 + resistance_2
wandb_downloads_text_image_chart_only_action_text/scientific-exploration-increase-text-image-chart-only-action-text/artifacts/episode-chart_only_ohm_concrete_model_qwen25_vl_7b-03_latest,chart_only_ohm_concrete_model_qwen25_vl_7b,Text+image,ohm,concrete,model_qwen25_vl_7b,False,,,True,False,voltage = current * resistance
wandb_downloads_text_image_chart_only_action_text/scientific-exploration-increase-text-image-chart-only-action-text/artifacts/episode-chart_only_mass_concrete_model_qwen25_vl_3b-05_latest,chart_only_mass_concrete_model_qwen25_vl_3b,Text+image,mass,concrete,model_qwen25_vl_3b,False,,,True,False,mass = density * volume
wandb_downloads_text_image_chart_only_action_text/scientific-exploration-increase-text-image-chart-only-action-text/artifacts/episode-chart_only_mass_abbrev_model_qwen25_vl_7b-09_latest,chart_only_mass_abbrev_model_qwen25_vl_7b,Text+image,mass,abbrev,model_qwen25_vl_7b,False,,,True,False,m = rho * V
wandb_downloads_text_image_chart_only_action_text/scientific-exploration-increase-text-image-chart-only-action-text/artifacts/episode-chart_only_distance_concrete_model_qwen25_vl_7b-09_latest,chart_only_distance_concrete_model_qwen25_vl_7b,Text+image,distance,concrete,model_qwen25_vl_7b,False,,,True,False,total_distance = distance_1 + distance_2 + distance_3
wandb_downloads_text_image_chart_only_action_text/scientific-exploration-increase-text-image-chart-only-action-text/artifacts/episode-chart_only_mass_abbrev_model_qwen25_vl_3b-00_latest,chart_only_mass_abbrev_model_qwen25_vl_3b,Text+image,mass,abbrev,model_qwen25_vl_3b,False,,,True,False,m = 1 / (rho * V)
wandb_downloads_text_image_chart_only_action_text/scientific-exploration-increase-text-image-chart-only-action-text/artifacts/episode-chart_only_mass_abstract_model_qwen25_vl_7b-04_latest,chart_only_mass_abstract_model_qwen25_vl_7b,Text+image,mass,abstract,model_qwen25_vl_7b,False,,,True,False,Y = A + B
wandb_downloads_text_image_chart_only_action_text/scientific-exploration-increase-text-image-chart-only-action-text/artifacts/episode-chart_only_beers_concrete_model_qwen25_vl_3b-07_latest,chart_only_beers_concrete_model_qwen25_vl_3b,Text+image,beers,concrete,model_qwen25_vl_3b,False,,,True,False,absorbance = molar_absorptivity * concentration * path_length
wandb_downloads_text_image_chart_only_action_text/scientific-exploration-increase-text-image-chart-only-action-text/artifacts/episode-chart_only_mass_abbrev_model_qwen25_vl_3b-01_latest,chart_only_mass_abbrev_model_qwen25_vl_3b,Text+image,mass,abbrev,model_qwen25_vl_3b,False,,,True,False,m = 2 * rho + V
wandb_downloads_text_image_chart_only_action_text/scientific-exploration-increase-text-image-chart-only-action-text/artifacts/episode-chart_only_kinematics_abbrev_model_qwen25_vl_3b-01_latest,chart_only_kinematics_abbrev_model_qwen25_vl_3b,Text+image,kinematics,abbrev,model_qwen25_vl_3b,False,,,True,False,x = x0 + v * t
wandb_downloads_text_image_chart_only_action_text/scientific-exploration-increase-text-image-chart-only-action-text/artifacts/episode-chart_only_ohm_concrete_model_qwen25_vl_7b-07_latest,chart_only_ohm_concrete_model_qwen25_vl_7b,Text+image,ohm,concrete,model_qwen25_vl_7b,False,,,True,False,voltage = current * resistance
wandb_downloads_text_image_chart_only_action_text/scientific-exploration-increase-text-image-chart-only-action-text/artifacts/episode-chart_only_kinematics_abstract_model_qwen25_vl_7b-07_latest,chart_only_kinematics_abstract_model_qwen25_vl_7b,Text+image,kinematics,abstract,model_qwen25_vl_7b,False,,,True,False,Y = A * B
wandb_downloads_text_image_chart_only_action_text/scientific-exploration-increase-text-image-chart-only-action-text/artifacts/episode-chart_only_distance_abstract_model_qwen25_vl_3b-07_latest,chart_only_distance_abstract_model_qwen25_vl_3b,Text+image,distance,abstract,model_qwen25_vl_3b,False,,,True,False,Y = A + B
wandb_downloads_text_image_chart_only_action_text/scientific-exploration-increase-text-image-chart-only-action-text/artifacts/episode-chart_only_beers_abstract_model_qwen25_vl_3b-07_latest,chart_only_beers_abstract_model_qwen25_vl_3b,Text+image,beers,abstract,model_qwen25_vl_3b,False,,,True,False,Y = 1 / B
wandb_downloads_text_image_chart_only_action_text/scientific-exploration-increase-text-image-chart-only-action-text/artifacts/episode-chart_only_ohm_concrete_model_qwen25_vl_7b-01_latest,chart_only_ohm_concrete_model_qwen25_vl_7b,Text+image,ohm,concrete,model_qwen25_vl_7b,False,,,True,False,voltage = 1/current * resistance
wandb_downloads_text_image_chart_only_action_text/scientific-exploration-increase-text-image-chart-only-action-text/artifacts/episode-chart_only_mass_concrete_model_qwen25_vl_3b-08_latest,chart_only_mass_concrete_model_qwen25_vl_3b,Text+image,mass,concrete,model_qwen25_vl_3b,False,,,True,False,mass = density × volume
wandb_downloads_text_image_chart_only_action_text/scientific-exploration-increase-text-image-chart-only-action-text/artifacts/episode-chart_only_resistors_concrete_model_qwen25_vl_7b-00_latest,chart_only_resistors_concrete_model_qwen25_vl_7b,Text+image,resistors,concrete,model_qwen25_vl_7b,False,,,True,False,total_resistance = resistance_1 + resistance_2
wandb_downloads_text_image_chart_only_action_text/scientific-exploration-increase-text-image-chart-only-action-text/artifacts/episode-chart_only_mass_abbrev_model_qwen25_vl_7b-08_latest,chart_only_mass_abbrev_model_qwen25_vl_7b,Text+image,mass,abbrev,model_qwen25_vl_7b,False,,,True,False,m = k * V
wandb_downloads_text_image_chart_only_action_text/scientific-exploration-increase-text-image-chart-only-action-text/artifacts/episode-chart_only_ohm_concrete_model_qwen25_vl_7b-05_latest,chart_only_ohm_concrete_model_qwen25_vl_7b,Text+image,ohm,concrete,model_qwen25_vl_7b,False,,,True,False,voltage = current * resistance
wandb_downloads_text_image_chart_only_action_text/scientific-exploration-increase-text-image-chart-only-action-text/artifacts/episode-chart_only_kinematics_abbrev_model_qwen25_vl_7b-03_latest,chart_only_kinematics_abbrev_model_qwen25_vl_7b,Text+image,kinematics,abbrev,model_qwen25_vl_7b,False,,,True,False,t = x / x0 * v
wandb_downloads_text_image_chart_only_action_text/scientific-exploration-increase-text-image-chart-only-action-text/artifacts/episode-chart_only_ohm_concrete_model_qwen25_vl_3b-08_latest,chart_only_ohm_concrete_model_qwen25_vl_3b,Text+image,ohm,concrete,model_qwen25_vl_3b,False,,,True,False,voltage = current * resistance
wandb_downloads_text_image_chart_only_action_text/scientific-exploration-increase-text-image-chart-only-action-text/artifacts/episode-chart_only_distance_concrete_model_qwen25_vl_7b-00_latest,chart_only_distance_concrete_model_qwen25_vl_7b,Text+image,distance,concrete,model_qwen25_vl_7b,False,,,True,False,total_distance = distance_1 + distance_2 + distance_3
wandb_downloads_text_image_chart_only_action_text/scientific-exploration-increase-text-image-chart-only-action-text/artifacts/episode-chart_only_ohm_abbrev_model_qwen25_vl_3b-03_latest,chart_only_ohm_abbrev_model_qwen25_vl_3b,Text+image,ohm,abbrev,model_qwen25_vl_3b,False,,,True,False,V = -R / I
wandb_downloads_text_image_chart_only_action_text/scientific-exploration-increase-text-image-chart-only-action-text/artifacts/episode-chart_only_mass_abstract_model_qwen25_vl_3b-05_latest,chart_only_mass_abstract_model_qwen25_vl_3b,Text+image,mass,abstract,model_qwen25_vl_3b,False,,,True,False,Y = A + B
wandb_downloads_text_image_chart_only_action_text/scientific-exploration-increase-text-image-chart-only-action-text/artifacts/episode-chart_only_ohm_abstract_model_qwen25_vl_3b-05_latest,chart_only_ohm_abstract_model_qwen25_vl_3b,Text+image,ohm,abstract,model_qwen25_vl_3b,False,,,True,False,Y = A + B
wandb_downloads_text_image_chart_only_action_text/scientific-exploration-increase-text-image-chart-only-action-text/artifacts/episode-chart_only_mass_abstract_model_qwen25_vl_3b-08_latest,chart_only_mass_abstract_model_qwen25_vl_3b,Text+image,mass,abstract,model_qwen25_vl_3b,False,,,True,False,Y = kA + mB - nA^2
wandb_downloads_text_image_chart_only_action_text/scientific-exploration-increase-text-image-chart-only-action-text/artifacts/episode-chart_only_distance_abbrev_model_qwen25_vl_7b-09_latest,chart_only_distance_abbrev_model_qwen25_vl_7b,Text+image,distance,abbrev,model_qwen25_vl_7b,False,,,True,False,d = d1 + d2 + d3
wandb_downloads_text_image_chart_only_action_text/scientific-exploration-increase-text-image-chart-only-action-text/artifacts/episode-chart_only_ohm_concrete_model_qwen25_vl_7b-00_latest,chart_only_ohm_concrete_model_qwen25_vl_7b,Text+image,ohm,concrete,model_qwen25_vl_7b,False,,,True,False,voltage = current * resistance
wandb_downloads_text_image_chart_only_action_text/scientific-exploration-increase-text-image-chart-only-action-text/artifacts/episode-chart_only_distance_abbrev_model_qwen25_vl_7b-04_latest,chart_only_distance_abbrev_model_qwen25_vl_7b,Text+image,distance,abbrev,model_qwen25_vl_7b,False,,,True,False,d = d1 + d2 + d3
wandb_downloads_text_image_chart_only_action_text/scientific-exploration-increase-text-image-chart-only-action-text/artifacts/episode-chart_only_resistors_concrete_model_qwen25_vl_3b-06_latest,chart_only_resistors_concrete_model_qwen25_vl_3b,Text+image,resistors,concrete,model_qwen25_vl_3b,False,,,True,False,total_resistance = resistance_1 + resistance_2
wandb_downloads_text_image_chart_only_action_text/scientific-exploration-increase-text-image-chart-only-action-text/artifacts/episode-chart_only_distance_abbrev_model_qwen25_vl_3b-01_latest,chart_only_distance_abbrev_model_qwen25_vl_3b,Text+image,distance,abbrev,model_qwen25_vl_3b,False,,,True,False,d = d1 + d2
wandb_downloads_text_image_chart_only_action_text/scientific-exploration-increase-text-image-chart-only-action-text/artifacts/episode-chart_only_beers_abstract_model_qwen25_vl_3b-00_latest,chart_only_beers_abstract_model_qwen25_vl_3b,Text+image,beers,abstract,model_qwen25_vl_3b,False,,,True,False,Y = -k * (A + B)
wandb_downloads_text_image_chart_only_action_text/scientific-exploration-increase-text-image-chart-only-action-text/artifacts/episode-chart_only_mass_concrete_model_qwen25_vl_3b-00_latest,chart_only_mass_concrete_model_qwen25_vl_3b,Text+image,mass,concrete,model_qwen25_vl_3b,False,,,True,False,mass = density * volume
wandb_downloads_text_image_chart_only_action_text/scientific-exploration-increase-text-image-chart-only-action-text/artifacts/episode-chart_only_kinematics_abstract_model_qwen25_vl_3b-07_latest,chart_only_kinematics_abstract_model_qwen25_vl_3b,Text+image,kinematics,abstract,model_qwen25_vl_3b,False,,,True,False,Y = -A + B
wandb_downloads_text_image_chart_only_action_text/scientific-exploration-increase-text-image-chart-only-action-text/artifacts/episode-chart_only_kinematics_abbrev_model_qwen25_vl_7b-06_latest,chart_only_kinematics_abbrev_model_qwen25_vl_7b,Text+image,kinematics,abbrev,model_qwen25_vl_7b,False,,,True,False,x = v
wandb_downloads_text_image_chart_only_action_text/scientific-exploration-increase-text-image-chart-only-action-text/artifacts/episode-chart_only_ohm_concrete_model_qwen25_vl_3b-06_latest,chart_only_ohm_concrete_model_qwen25_vl_3b,Text+image,ohm,concrete,model_qwen25_vl_3b,False,,,True,False,voltage = -current * resistance
wandb_downloads_text_image_chart_only_action_text/scientific-exploration-increase-text-image-chart-only-action-text/artifacts/episode-chart_only_ohm_abstract_model_qwen25_vl_3b-04_latest,chart_only_ohm_abstract_model_qwen25_vl_3b,Text+image,ohm,abstract,model_qwen25_vl_3b,True,0,"[json_decode] model output is not valid JSON (error: Expecting ',' delimiter at pos 159): '{\\n  ""reasoning"": ""Observing the bar chart, the orange bar appears significantly taller than the blue bars, ",False,False,
wandb_downloads_text_image_chart_only_action_text/scientific-exploration-increase-text-image-chart-only-action-text/artifacts/episode-chart_only_mass_abbrev_model_qwen25_vl_3b-06_latest,chart_only_mass_abbrev_model_qwen25_vl_3b,Text+image,mass,abbrev,model_qwen25_vl_3b,False,,,True,False,m = k * V
wandb_downloads_text_image_chart_only_action_text/scientific-exploration-increase-text-image-chart-only-action-text/artifacts/episode-chart_only_resistors_abbrev_model_qwen25_vl_3b-07_latest,chart_only_resistors_abbrev_model_qwen25_vl_3b,Text+image,resistors,abbrev,model_qwen25_vl_3b,False,,,True,False,Rt = R2
wandb_downloads_text_image_chart_only_action_text/scientific-exploration-increase-text-image-chart-only-action-text/artifacts/episode-chart_only_beers_abbrev_model_qwen25_vl_7b-07_latest,chart_only_beers_abbrev_model_qwen25_vl_7b,Text+image,beers,abbrev,model_qwen25_vl_7b,False,,,True,False,A = c * l
wandb_downloads_text_image_chart_only_action_text/scientific-exploration-increase-text-image-chart-only-action-text/artifacts/episode-chart_only_ohm_abstract_model_qwen25_vl_3b-01_latest,chart_only_ohm_abstract_model_qwen25_vl_3b,Text+image,ohm,abstract,model_qwen25_vl_3b,False,,,True,False,Y = k * (A + B)
wandb_downloads_text_image_chart_only_action_text/scientific-exploration-increase-text-image-chart-only-action-text/artifacts/episode-chart_only_resistors_concrete_model_qwen25_vl_7b-04_latest,chart_only_resistors_concrete_model_qwen25_vl_7b,Text+image,resistors,concrete,model_qwen25_vl_7b,False,,,True,False,total_resistance = resistance_1 + resistance_2
wandb_downloads_text_image_chart_only_action_text/scientific-exploration-increase-text-image-chart-only-action-text/artifacts/episode-chart_only_distance_concrete_model_qwen25_vl_7b-08_latest,chart_only_distance_concrete_model_qwen25_vl_7b,Text+image,distance,concrete,model_qwen25_vl_7b,False,,,True,False,total_distance = distance_1 + distance_2 + distance_3
wandb_downloads_text_image_chart_only_action_text/scientific-exploration-increase-text-image-chart-only-action-text/artifacts/episode-chart_only_kinematics_abbrev_model_qwen25_vl_3b-07_latest,chart_only_kinematics_abbrev_model_qwen25_vl_3b,Text+image,kinematics,abbrev,model_qwen25_vl_3b,False,,,True,False,x = (v / t) * x0
wandb_downloads_text_image_chart_only_action_text/scientific-exploration-increase-text-image-chart-only-action-text/artifacts/episode-chart_only_distance_concrete_model_qwen25_vl_7b-06_latest,chart_only_distance_concrete_model_qwen25_vl_7b,Text+image,distance,concrete,model_qwen25_vl_7b,False,,,True,False,total_distance = distance_1 + distance_2 + distance_3
wandb_downloads_text_image_chart_only_action_text/scientific-exploration-increase-text-image-chart-only-action-text/artifacts/episode-chart_only_mass_concrete_model_qwen25_vl_7b-09_latest,chart_only_mass_concrete_model_qwen25_vl_7b,Text+image,mass,concrete,model_qwen25_vl_7b,False,,,True,False,mass = volume * density
wandb_downloads_text_image_chart_only_action_text/scientific-exploration-increase-text-image-chart-only-action-text/artifacts/episode-chart_only_beers_abbrev_model_qwen25_vl_7b-03_latest,chart_only_beers_abbrev_model_qwen25_vl_7b,Text+image,beers,abbrev,model_qwen25_vl_7b,False,,,True,False,A = 1/epsilon
wandb_downloads_text_image_chart_only_action_text/scientific-exploration-increase-text-image-chart-only-action-text/artifacts/episode-chart_only_beers_abbrev_model_qwen25_vl_3b-00_latest,chart_only_beers_abbrev_model_qwen25_vl_3b,Text+image,beers,abbrev,model_qwen25_vl_3b,False,,,True,False,A = 0
wandb_downloads_text_image_chart_only_action_text/scientific-exploration-increase-text-image-chart-only-action-text/artifacts/episode-chart_only_kinematics_concrete_model_qwen25_vl_7b-05_latest,chart_only_kinematics_concrete_model_qwen25_vl_7b,Text+image,kinematics,concrete,model_qwen25_vl_7b,False,,,True,False,position = initial_position + velocity * time
wandb_downloads_text_image_chart_only_action_text/scientific-exploration-increase-text-image-chart-only-action-text/artifacts/episode-chart_only_kinematics_abstract_model_qwen25_vl_3b-05_latest,chart_only_kinematics_abstract_model_qwen25_vl_3b,Text+image,kinematics,abstract,model_qwen25_vl_3b,False,,,True,False,A = B + C
wandb_downloads_text_image_chart_only_action_text/scientific-exploration-increase-text-image-chart-only-action-text/artifacts/episode-chart_only_distance_abbrev_model_qwen25_vl_7b-03_latest,chart_only_distance_abbrev_model_qwen25_vl_7b,Text+image,distance,abbrev,model_qwen25_vl_7b,False,,,True,False,d = d1 + d2 + d3
wandb_downloads_text_image_chart_only_action_text/scientific-exploration-increase-text-image-chart-only-action-text/artifacts/episode-chart_only_mass_abstract_model_qwen25_vl_3b-06_latest,chart_only_mass_abstract_model_qwen25_vl_3b,Text+image,mass,abstract,model_qwen25_vl_3b,False,,,True,False,Y = kA^2 - kB^2
wandb_downloads_text_image_chart_only_action_text/scientific-exploration-increase-text-image-chart-only-action-text/artifacts/episode-chart_only_distance_concrete_model_qwen25_vl_7b-01_latest,chart_only_distance_concrete_model_qwen25_vl_7b,Text+image,distance,concrete,model_qwen25_vl_7b,False,,,True,False,total_distance = distance_1 + distance_2 + distance_3
wandb_downloads_text_image_chart_only_action_text/scientific-exploration-increase-text-image-chart-only-action-text/artifacts/episode-chart_only_distance_concrete_model_qwen25_vl_3b-00_latest,chart_only_distance_concrete_model_qwen25_vl_3b,Text+image,distance,concrete,model_qwen25_vl_3b,False,,,True,False,total_distance = distance_3
wandb_downloads_text_image_chart_only_action_text/scientific-exploration-increase-text-image-chart-only-action-text/artifacts/episode-chart_only_distance_concrete_model_qwen25_vl_3b-04_latest,chart_only_distance_concrete_model_qwen25_vl_3b,Text+image,distance,concrete,model_qwen25_vl_3b,False,,,True,False,distance_3 + distance_2
wandb_downloads_text_image_chart_only_action_text/scientific-exploration-increase-text-image-chart-only-action-text/artifacts/episode-chart_only_mass_concrete_model_qwen25_vl_3b-07_latest,chart_only_mass_concrete_model_qwen25_vl_3b,Text+image,mass,concrete,model_qwen25_vl_3b,False,,,True,False,mass = density * volume
wandb_downloads_text_image_chart_only_action_text/scientific-exploration-increase-text-image-chart-only-action-text/artifacts/episode-chart_only_resistors_abbrev_model_qwen25_vl_7b-09_latest,chart_only_resistors_abbrev_model_qwen25_vl_7b,Text+image,resistors,abbrev,model_qwen25_vl_7b,False,,,True,False,Rt ≠ R1 + R2
wandb_downloads_text_image_chart_only_action_text/scientific-exploration-increase-text-image-chart-only-action-text/artifacts/episode-chart_only_kinematics_abstract_model_qwen25_vl_3b-09_latest,chart_only_kinematics_abstract_model_qwen25_vl_3b,Text+image,kinematics,abstract,model_qwen25_vl_3b,False,,,True,False,null
wandb_downloads_text_image_chart_only_action_text/scientific-exploration-increase-text-image-chart-only-action-text/artifacts/episode-chart_only_kinematics_abbrev_model_qwen25_vl_7b-01_latest,chart_only_kinematics_abbrev_model_qwen25_vl_7b,Text+image,kinematics,abbrev,model_qwen25_vl_7b,False,,,True,False,x = x0 + v + t
wandb_downloads_text_image_chart_only_action_text/scientific-exploration-increase-text-image-chart-only-action-text/artifacts/episode-chart_only_kinematics_abstract_model_qwen25_vl_3b-02_latest,chart_only_kinematics_abstract_model_qwen25_vl_3b,Text+image,kinematics,abstract,model_qwen25_vl_3b,False,,,True,False,Y = A * B + C
wandb_downloads_text_image_chart_only_action_text/scientific-exploration-increase-text-image-chart-only-action-text/artifacts/episode-chart_only_mass_abbrev_model_qwen25_vl_7b-00_latest,chart_only_mass_abbrev_model_qwen25_vl_7b,Text+image,mass,abbrev,model_qwen25_vl_7b,False,,,True,False,m ∝ ρ
wandb_downloads_text_image_chart_only_action_text/scientific-exploration-increase-text-image-chart-only-action-text/artifacts/episode-chart_only_kinematics_concrete_model_qwen25_vl_3b-08_latest,chart_only_kinematics_concrete_model_qwen25_vl_3b,Text+image,kinematics,concrete,model_qwen25_vl_3b,False,,,True,False,initial_position + velocity * time
wandb_downloads_text_image_chart_only_action_text/scientific-exploration-increase-text-image-chart-only-action-text/artifacts/episode-chart_only_kinematics_concrete_model_qwen25_vl_7b-01_latest,chart_only_kinematics_concrete_model_qwen25_vl_7b,Text+image,kinematics,concrete,model_qwen25_vl_7b,False,,,True,False,position = velocity * time + initial_position
wandb_downloads_text_image_chart_only_action_text/scientific-exploration-increase-text-image-chart-only-action-text/artifacts/episode-chart_only_beers_abbrev_model_qwen25_vl_3b-08_latest,chart_only_beers_abbrev_model_qwen25_vl_3b,Text+image,beers,abbrev,model_qwen25_vl_3b,False,,,True,False,A = c + l
wandb_downloads_text_image_chart_only_action_text/scientific-exploration-increase-text-image-chart-only-action-text/artifacts/episode-chart_only_mass_concrete_model_qwen25_vl_3b-09_latest,chart_only_mass_concrete_model_qwen25_vl_3b,Text+image,mass,concrete,model_qwen25_vl_3b,False,,,True,False,mass = density * volume
wandb_downloads_text_image_chart_only_action_text/scientific-exploration-increase-text-image-chart-only-action-text/artifacts/episode-chart_only_kinematics_abstract_model_qwen25_vl_7b-00_latest,chart_only_kinematics_abstract_model_qwen25_vl_7b,Text+image,kinematics,abstract,model_qwen25_vl_7b,False,,,True,False,Y = A
wandb_downloads_text_image_chart_only_action_text/scientific-exploration-increase-text-image-chart-only-action-text/artifacts/episode-chart_only_beers_concrete_model_qwen25_vl_3b-08_latest,chart_only_beers_concrete_model_qwen25_vl_3b,Text+image,beers,concrete,model_qwen25_vl_3b,False,,,True,False,absorbance = molar_absorptivity * concentration * path_length
wandb_downloads_text_image_chart_only_action_text/scientific-exploration-increase-text-image-chart-only-action-text/artifacts/episode-chart_only_resistors_concrete_model_qwen25_vl_7b-05_latest,chart_only_resistors_concrete_model_qwen25_vl_7b,Text+image,resistors,concrete,model_qwen25_vl_7b,False,,,True,False,total_resistance = resistance_1 + resistance_2
wandb_downloads_text_image_chart_only_action_text/scientific-exploration-increase-text-image-chart-only-action-text/artifacts/episode-chart_only_ohm_abbrev_model_qwen25_vl_3b-09_latest,chart_only_ohm_abbrev_model_qwen25_vl_3b,Text+image,ohm,abbrev,model_qwen25_vl_3b,False,,,True,False,V = I * R
wandb_downloads_text_image_chart_only_action_text/scientific-exploration-increase-text-image-chart-only-action-text/artifacts/episode-chart_only_mass_concrete_model_qwen25_vl_7b-03_latest,chart_only_mass_concrete_model_qwen25_vl_7b,Text+image,mass,concrete,model_qwen25_vl_7b,False,,,True,False,mass = volume * density
wandb_downloads_text_image_chart_only_action_text/scientific-exploration-increase-text-image-chart-only-action-text/artifacts/episode-chart_only_kinematics_concrete_model_qwen25_vl_3b-03_latest,chart_only_kinematics_concrete_model_qwen25_vl_3b,Text+image,kinematics,concrete,model_qwen25_vl_3b,False,,,True,False,initial_position + velocity * time
wandb_downloads_text_image_chart_only_action_text/scientific-exploration-increase-text-image-chart-only-action-text/artifacts/episode-chart_only_ohm_abstract_model_qwen25_vl_7b-04_latest,chart_only_ohm_abstract_model_qwen25_vl_7b,Text+image,ohm,abstract,model_qwen25_vl_7b,False,,,True,False,Y = A + B
wandb_downloads_text_image_chart_only_action_text/scientific-exploration-increase-text-image-chart-only-action-text/artifacts/episode-chart_only_ohm_abbrev_model_qwen25_vl_7b-01_latest,chart_only_ohm_abbrev_model_qwen25_vl_7b,Text+image,ohm,abbrev,model_qwen25_vl_7b,False,,,True,False,V = R
wandb_downloads_text_image_chart_only_action_text/scientific-exploration-increase-text-image-chart-only-action-text/artifacts/episode-chart_only_resistors_abstract_model_qwen25_vl_3b-09_latest,chart_only_resistors_abstract_model_qwen25_vl_3b,Text+image,resistors,abstract,model_qwen25_vl_3b,False,,,True,False,Y = A + B
wandb_downloads_text_image_chart_only_action_text/scientific-exploration-increase-text-image-chart-only-action-text/artifacts/episode-chart_only_ohm_abbrev_model_qwen25_vl_3b-07_latest,chart_only_ohm_abbrev_model_qwen25_vl_3b,Text+image,ohm,abbrev,model_qwen25_vl_3b,False,,,True,False,V = -k * I + m * R
wandb_downloads_text_image_chart_only_action_text/scientific-exploration-increase-text-image-chart-only-action-text/artifacts/episode-chart_only_distance_concrete_model_qwen25_vl_3b-02_latest,chart_only_distance_concrete_model_qwen25_vl_3b,Text+image,distance,concrete,model_qwen25_vl_3b,False,,,True,False,total_distance = distance_1 + distance_2
wandb_downloads_text_image_chart_only_action_text/scientific-exploration-increase-text-image-chart-only-action-text/artifacts/episode-chart_only_resistors_abstract_model_qwen25_vl_7b-00_latest,chart_only_resistors_abstract_model_qwen25_vl_7b,Text+image,resistors,abstract,model_qwen25_vl_7b,False,,,True,False,Y = A + B
wandb_downloads_text_image_chart_only_action_text/scientific-exploration-increase-text-image-chart-only-action-text/artifacts/episode-chart_only_kinematics_concrete_model_qwen25_vl_3b-05_latest,chart_only_kinematics_concrete_model_qwen25_vl_3b,Text+image,kinematics,concrete,model_qwen25_vl_3b,False,,,True,False,position = initial_position + velocity * time
wandb_downloads_text_image_chart_only_action_text/scientific-exploration-increase-text-image-chart-only-action-text/artifacts/episode-chart_only_mass_abbrev_model_qwen25_vl_7b-06_latest,chart_only_mass_abbrev_model_qwen25_vl_7b,Text+image,mass,abbrev,model_qwen25_vl_7b,False,,,True,False,m = k * V / ρ
wandb_downloads_text_image_chart_only_action_text/scientific-exploration-increase-text-image-chart-only-action-text/artifacts/episode-chart_only_distance_abstract_model_qwen25_vl_7b-07_latest,chart_only_distance_abstract_model_qwen25_vl_7b,Text+image,distance,abstract,model_qwen25_vl_7b,False,,,True,False,Y = A + B
wandb_downloads_text_image_chart_only_action_text/scientific-exploration-increase-text-image-chart-only-action-text/artifacts/episode-chart_only_resistors_abstract_model_qwen25_vl_3b-04_latest,chart_only_resistors_abstract_model_qwen25_vl_3b,Text+image,resistors,abstract,model_qwen25_vl_3b,False,,,True,False,Y = -A + B
wandb_downloads_text_image_chart_only_action_text/scientific-exploration-increase-text-image-chart-only-action-text/artifacts/episode-chart_only_beers_concrete_model_qwen25_vl_3b-02_latest,chart_only_beers_concrete_model_qwen25_vl_3b,Text+image,beers,concrete,model_qwen25_vl_3b,False,,,True,False,absorbance = molar_absorptivity * concentration * path_length
wandb_downloads_text_image_chart_only_action_text/scientific-exploration-increase-text-image-chart-only-action-text/artifacts/episode-chart_only_beers_abbrev_model_qwen25_vl_3b-06_latest,chart_only_beers_abbrev_model_qwen25_vl_3b,Text+image,beers,abbrev,model_qwen25_vl_3b,False,,,True,False,A = -epsilon * c + l
wandb_downloads_text_image_chart_only_action_text/scientific-exploration-increase-text-image-chart-only-action-text/artifacts/episode-chart_only_distance_abbrev_model_qwen25_vl_3b-09_latest,chart_only_distance_abbrev_model_qwen25_vl_3b,Text+image,distance,abbrev,model_qwen25_vl_3b,False,,,True,False,d = d1 + d2
wandb_downloads_text_image_chart_only_action_text/scientific-exploration-increase-text-image-chart-only-action-text/artifacts/episode-chart_only_resistors_concrete_model_qwen25_vl_3b-05_latest,chart_only_resistors_concrete_model_qwen25_vl_3b,Text+image,resistors,concrete,model_qwen25_vl_3b,False,,,True,False,total_resistance = resistance_1 + resistance_2
wandb_downloads_text_image_chart_only_action_text/scientific-exploration-increase-text-image-chart-only-action-text/artifacts/episode-chart_only_distance_concrete_model_qwen25_vl_3b-06_latest,chart_only_distance_concrete_model_qwen25_vl_3b,Text+image,distance,concrete,model_qwen25_vl_3b,False,,,True,False,total_distance = distance_1 + distance_2 + distance_3
wandb_downloads_text_image_chart_only_action_text/scientific-exploration-increase-text-image-chart-only-action-text/artifacts/episode-chart_only_kinematics_abstract_model_qwen25_vl_3b-01_latest,chart_only_kinematics_abstract_model_qwen25_vl_3b,Text+image,kinematics,abstract,model_qwen25_vl_3b,False,,,True,False,Y = A
wandb_downloads_text_image_chart_only_action_text/scientific-exploration-increase-text-image-chart-only-action-text/artifacts/episode-chart_only_ohm_abstract_model_qwen25_vl_7b-07_latest,chart_only_ohm_abstract_model_qwen25_vl_7b,Text+image,ohm,abstract,model_qwen25_vl_7b,False,,,True,False,Y = f(B)
wandb_downloads_text_image_chart_only_action_text/scientific-exploration-increase-text-image-chart-only-action-text/artifacts/episode-chart_only_kinematics_concrete_model_qwen25_vl_7b-00_latest,chart_only_kinematics_concrete_model_qwen25_vl_7b,Text+image,kinematics,concrete,model_qwen25_vl_7b,False,,,True,False,position = initial_position + velocity * time
wandb_downloads_text_image_chart_only_action_text/scientific-exploration-increase-text-image-chart-only-action-text/artifacts/episode-chart_only_mass_abbrev_model_qwen25_vl_3b-05_latest,chart_only_mass_abbrev_model_qwen25_vl_3b,Text+image,mass,abbrev,model_qwen25_vl_3b,False,,,True,False,m = k * rho
wandb_downloads_text_image_chart_only_action_text/scientific-exploration-increase-text-image-chart-only-action-text/artifacts/episode-chart_only_beers_concrete_model_qwen25_vl_7b-01_latest,chart_only_beers_concrete_model_qwen25_vl_7b,Text+image,beers,concrete,model_qwen25_vl_7b,False,,,True,False,absorbance = molar_absorptivity * concentration * path_length
wandb_downloads_text_image_chart_only_action_text/scientific-exploration-increase-text-image-chart-only-action-text/artifacts/episode-chart_only_ohm_abstract_model_qwen25_vl_7b-06_latest,chart_only_ohm_abstract_model_qwen25_vl_7b,Text+image,ohm,abstract,model_qwen25_vl_7b,False,,,True,False,Y = A + B
wandb_downloads_text_image_chart_only_action_text/scientific-exploration-increase-text-image-chart-only-action-text/artifacts/episode-chart_only_mass_abstract_model_qwen25_vl_3b-02_latest,chart_only_mass_abstract_model_qwen25_vl_3b,Text+image,mass,abstract,model_qwen25_vl_3b,False,,,True,False,Y = A
wandb_downloads_text_image_chart_only_action_text/scientific-exploration-increase-text-image-chart-only-action-text/artifacts/episode-chart_only_kinematics_concrete_model_qwen25_vl_3b-07_latest,chart_only_kinematics_concrete_model_qwen25_vl_3b,Text+image,kinematics,concrete,model_qwen25_vl_3b,False,,,True,False,position = initial_position + velocity * time
wandb_downloads_text_image_chart_only_action_text/scientific-exploration-increase-text-image-chart-only-action-text/artifacts/episode-chart_only_mass_concrete_model_qwen25_vl_3b-06_latest,chart_only_mass_concrete_model_qwen25_vl_3b,Text+image,mass,concrete,model_qwen25_vl_3b,False,,,True,False,mass = volume * density
wandb_downloads_text_image_chart_only_action_text/scientific-exploration-increase-text-image-chart-only-action-text/artifacts/episode-chart_only_ohm_abbrev_model_qwen25_vl_3b-00_latest,chart_only_ohm_abbrev_model_qwen25_vl_3b,Text+image,ohm,abbrev,model_qwen25_vl_3b,False,,,True,False,V = 1 / (I * R)
wandb_downloads_text_image_chart_only_action_text/scientific-exploration-increase-text-image-chart-only-action-text/artifacts/episode-chart_only_ohm_abbrev_model_qwen25_vl_7b-02_latest,chart_only_ohm_abbrev_model_qwen25_vl_7b,Text+image,ohm,abbrev,model_qwen25_vl_7b,False,,,True,False,V = R
wandb_downloads_text_image_chart_only_action_text/scientific-exploration-increase-text-image-chart-only-action-text/artifacts/episode-chart_only_resistors_abbrev_model_qwen25_vl_7b-07_latest,chart_only_resistors_abbrev_model_qwen25_vl_7b,Text+image,resistors,abbrev,model_qwen25_vl_7b,False,,,True,False,Rt = R1 + R2
wandb_downloads_text_image_chart_only_action_text/scientific-exploration-increase-text-image-chart-only-action-text/artifacts/episode-chart_only_distance_abbrev_model_qwen25_vl_3b-06_latest,chart_only_distance_abbrev_model_qwen25_vl_3b,Text+image,distance,abbrev,model_qwen25_vl_3b,False,,,True,False,d = k * d3
wandb_downloads_text_image_chart_only_action_text/scientific-exploration-increase-text-image-chart-only-action-text/artifacts/episode-chart_only_distance_abstract_model_qwen25_vl_3b-05_latest,chart_only_distance_abstract_model_qwen25_vl_3b,Text+image,distance,abstract,model_qwen25_vl_3b,False,,,True,False,Y = A + B
wandb_downloads_text_image_chart_only_action_text/scientific-exploration-increase-text-image-chart-only-action-text/artifacts/episode-chart_only_kinematics_abstract_model_qwen25_vl_3b-04_latest,chart_only_kinematics_abstract_model_qwen25_vl_3b,Text+image,kinematics,abstract,model_qwen25_vl_3b,False,,,True,False,Y = A + B
wandb_downloads_text_image_chart_only_action_text/scientific-exploration-increase-text-image-chart-only-action-text/artifacts/episode-chart_only_mass_abstract_model_qwen25_vl_7b-09_latest,chart_only_mass_abstract_model_qwen25_vl_7b,Text+image,mass,abstract,model_qwen25_vl_7b,False,,,True,False,Y = -B
wandb_downloads_text_image_chart_only_action_text/scientific-exploration-increase-text-image-chart-only-action-text/artifacts/episode-chart_only_distance_abstract_model_qwen25_vl_3b-06_latest,chart_only_distance_abstract_model_qwen25_vl_3b,Text+image,distance,abstract,model_qwen25_vl_3b,False,,,True,False,Y = constant
wandb_downloads_text_image_chart_only_action_text/scientific-exploration-increase-text-image-chart-only-action-text/artifacts/episode-chart_only_resistors_abstract_model_qwen25_vl_7b-08_latest,chart_only_resistors_abstract_model_qwen25_vl_7b,Text+image,resistors,abstract,model_qwen25_vl_7b,False,,,True,False,Y ~ B
wandb_downloads_text_image_chart_only_action_text/scientific-exploration-increase-text-image-chart-only-action-text/artifacts/episode-chart_only_resistors_concrete_model_qwen25_vl_7b-03_latest,chart_only_resistors_concrete_model_qwen25_vl_7b,Text+image,resistors,concrete,model_qwen25_vl_7b,False,,,True,False,total_resistance = resistance_1 + resistance_2
wandb_downloads_text_image_chart_only_action_text/scientific-exploration-increase-text-image-chart-only-action-text/artifacts/episode-chart_only_ohm_abstract_model_qwen25_vl_3b-03_latest,chart_only_ohm_abstract_model_qwen25_vl_3b,Text+image,ohm,abstract,model_qwen25_vl_3b,False,,,True,False,Y = A + B
wandb_downloads_text_image_chart_only_action_text/scientific-exploration-increase-text-image-chart-only-action-text/artifacts/episode-chart_only_resistors_abbrev_model_qwen25_vl_7b-06_latest,chart_only_resistors_abbrev_model_qwen25_vl_7b,Text+image,resistors,abbrev,model_qwen25_vl_7b,False,,,True,False,Rt ~ R2
wandb_downloads_text_image_chart_only_action_text/scientific-exploration-increase-text-image-chart-only-action-text/artifacts/episode-chart_only_ohm_abstract_model_qwen25_vl_7b-09_latest,chart_only_ohm_abstract_model_qwen25_vl_7b,Text+image,ohm,abstract,model_qwen25_vl_7b,False,,,True,False,Y = const
wandb_downloads_text_image_chart_only_action_text/scientific-exploration-increase-text-image-chart-only-action-text/artifacts/episode-chart_only_beers_abbrev_model_qwen25_vl_3b-09_latest,chart_only_beers_abbrev_model_qwen25_vl_3b,Text+image,beers,abbrev,model_qwen25_vl_3b,False,,,True,False,A = -epsilon * c + l
wandb_downloads_text_image_chart_only_action_text/scientific-exploration-increase-text-image-chart-only-action-text/artifacts/episode-chart_only_beers_abstract_model_qwen25_vl_7b-09_latest,chart_only_beers_abstract_model_qwen25_vl_7b,Text+image,beers,abstract,model_qwen25_vl_7b,False,,,True,False,Y = A + B
wandb_downloads_text_image_chart_only_action_text/scientific-exploration-increase-text-image-chart-only-action-text/artifacts/episode-chart_only_ohm_concrete_model_qwen25_vl_3b-00_latest,chart_only_ohm_concrete_model_qwen25_vl_3b,Text+image,ohm,concrete,model_qwen25_vl_3b,False,,,True,False,voltage = current * resistance
wandb_downloads_text_image_chart_only_action_text/scientific-exploration-increase-text-image-chart-only-action-text/artifacts/episode-chart_only_beers_abstract_model_qwen25_vl_3b-09_latest,chart_only_beers_abstract_model_qwen25_vl_3b,Text+image,beers,abstract,model_qwen25_vl_3b,False,,,True,False,Y = A - B
wandb_downloads_text_image_chart_only_action_text/scientific-exploration-increase-text-image-chart-only-action-text/artifacts/episode-chart_only_distance_concrete_model_qwen25_vl_7b-04_latest,chart_only_distance_concrete_model_qwen25_vl_7b,Text+image,distance,concrete,model_qwen25_vl_7b,False,,,True,False,total_distance = distance_1 + distance_2 + distance_3
wandb_downloads_text_image_chart_only_action_text/scientific-exploration-increase-text-image-chart-only-action-text/artifacts/episode-chart_only_ohm_abstract_model_qwen25_vl_3b-07_latest,chart_only_ohm_abstract_model_qwen25_vl_3b,Text+image,ohm,abstract,model_qwen25_vl_3b,False,,,True,False,Y = 2B
wandb_downloads_text_image_chart_only_action_text/scientific-exploration-increase-text-image-chart-only-action-text/artifacts/episode-chart_only_beers_abstract_model_qwen25_vl_3b-08_latest,chart_only_beers_abstract_model_qwen25_vl_3b,Text+image,beers,abstract,model_qwen25_vl_3b,False,,,True,False,Y = C
wandb_downloads_text_image_chart_only_action_text/scientific-exploration-increase-text-image-chart-only-action-text/artifacts/episode-chart_only_resistors_abbrev_model_qwen25_vl_7b-04_latest,chart_only_resistors_abbrev_model_qwen25_vl_7b,Text+image,resistors,abbrev,model_qwen25_vl_7b,False,,,True,False,Rt = R1 + R2
wandb_downloads_text_image_chart_only_action_text/scientific-exploration-increase-text-image-chart-only-action-text/artifacts/episode-chart_only_kinematics_abbrev_model_qwen25_vl_3b-02_latest,chart_only_kinematics_abbrev_model_qwen25_vl_3b,Text+image,kinematics,abbrev,model_qwen25_vl_3b,False,,,True,False,x = v * t
wandb_downloads_text_image_chart_only_action_text/scientific-exploration-increase-text-image-chart-only-action-text/artifacts/episode-chart_only_ohm_abbrev_model_qwen25_vl_7b-03_latest,chart_only_ohm_abbrev_model_qwen25_vl_7b,Text+image,ohm,abbrev,model_qwen25_vl_7b,False,,,True,False,V ∝ 1/I * 1/R
wandb_downloads_text_image_chart_only_action_text/scientific-exploration-increase-text-image-chart-only-action-text/artifacts/episode-chart_only_beers_abstract_model_qwen25_vl_7b-03_latest,chart_only_beers_abstract_model_qwen25_vl_7b,Text+image,beers,abstract,model_qwen25_vl_7b,False,,,True,False,Y = -A - B
wandb_downloads_text_image_chart_only_action_text/scientific-exploration-increase-text-image-chart-only-action-text/artifacts/episode-chart_only_distance_concrete_model_qwen25_vl_3b-08_latest,chart_only_distance_concrete_model_qwen25_vl_3b,Text+image,distance,concrete,model_qwen25_vl_3b,False,,,True,False,distance_1 + distance_2
wandb_downloads_text_image_chart_only_action_text/scientific-exploration-increase-text-image-chart-only-action-text/artifacts/episode-chart_only_mass_abstract_model_qwen25_vl_7b-06_latest,chart_only_mass_abstract_model_qwen25_vl_7b,Text+image,mass,abstract,model_qwen25_vl_7b,False,,,True,False,Y = A + B
wandb_downloads_text_image_chart_only_action_text/scientific-exploration-increase-text-image-chart-only-action-text/artifacts/episode-chart_only_distance_concrete_model_qwen25_vl_3b-09_latest,chart_only_distance_concrete_model_qwen25_vl_3b,Text+image,distance,concrete,model_qwen25_vl_3b,False,,,True,False,distance_1 + distance_2 + distance_3
wandb_downloads_text_image_chart_only_action_text/scientific-exploration-increase-text-image-chart-only-action-text/artifacts/episode-chart_only_beers_abstract_model_qwen25_vl_7b-04_latest,chart_only_beers_abstract_model_qwen25_vl_7b,Text+image,beers,abstract,model_qwen25_vl_7b,False,,,True,False,Y = A + B + C
wandb_downloads_text_image_chart_only_action_text/scientific-exploration-increase-text-image-chart-only-action-text/artifacts/episode-chart_only_ohm_abbrev_model_qwen25_vl_7b-04_latest,chart_only_ohm_abbrev_model_qwen25_vl_7b,Text+image,ohm,abbrev,model_qwen25_vl_7b,False,,,True,False,V = kI
wandb_downloads_text_image_chart_only_action_text/scientific-exploration-increase-text-image-chart-only-action-text/artifacts/episode-chart_only_distance_abstract_model_qwen25_vl_7b-03_latest,chart_only_distance_abstract_model_qwen25_vl_7b,Text+image,distance,abstract,model_qwen25_vl_7b,False,,,True,False,Y = A + B + C
wandb_downloads_text_image_chart_only_action_text/scientific-exploration-increase-text-image-chart-only-action-text/artifacts/episode-chart_only_ohm_abstract_model_qwen25_vl_3b-00_latest,chart_only_ohm_abstract_model_qwen25_vl_3b,Text+image,ohm,abstract,model_qwen25_vl_3b,False,,,True,False,Y = A * B^(-1)
wandb_downloads_text_image_chart_only_action_text/scientific-exploration-increase-text-image-chart-only-action-text/artifacts/episode-chart_only_beers_concrete_model_qwen25_vl_7b-03_latest,chart_only_beers_concrete_model_qwen25_vl_7b,Text+image,beers,concrete,model_qwen25_vl_7b,False,,,True,False,absorbance = molar_absorptivity * concentration * path_length
wandb_downloads_text_image_chart_only_action_text/scientific-exploration-increase-text-image-chart-only-action-text/artifacts/episode-chart_only_distance_abstract_model_qwen25_vl_7b-05_latest,chart_only_distance_abstract_model_qwen25_vl_7b,Text+image,distance,abstract,model_qwen25_vl_7b,False,,,True,False,Y = A + C
wandb_downloads_text_image_chart_only_action_text/scientific-exploration-increase-text-image-chart-only-action-text/artifacts/episode-chart_only_mass_abstract_model_qwen25_vl_7b-01_latest,chart_only_mass_abstract_model_qwen25_vl_7b,Text+image,mass,abstract,model_qwen25_vl_7b,False,,,True,False,Y = A
wandb_downloads_text_image_chart_only_action_text/scientific-exploration-increase-text-image-chart-only-action-text/artifacts/episode-chart_only_resistors_abstract_model_qwen25_vl_7b-01_latest,chart_only_resistors_abstract_model_qwen25_vl_7b,Text+image,resistors,abstract,model_qwen25_vl_7b,False,,,True,False,Y = A + B
wandb_downloads_text_image_chart_only_action_text/scientific-exploration-increase-text-image-chart-only-action-text/artifacts/episode-chart_only_distance_abbrev_model_qwen25_vl_3b-05_latest,chart_only_distance_abbrev_model_qwen25_vl_3b,Text+image,distance,abbrev,model_qwen25_vl_3b,False,,,True,False,d = k * d1 / d3
wandb_downloads_text_image_chart_only_action_text/scientific-exploration-increase-text-image-chart-only-action-text/artifacts/episode-chart_only_kinematics_abbrev_model_qwen25_vl_7b-05_latest,chart_only_kinematics_abbrev_model_qwen25_vl_7b,Text+image,kinematics,abbrev,model_qwen25_vl_7b,False,,,True,False,x = v + t
wandb_downloads_text_image_chart_only_action_text/scientific-exploration-increase-text-image-chart-only-action-text/artifacts/episode-chart_only_beers_abstract_model_qwen25_vl_3b-03_latest,chart_only_beers_abstract_model_qwen25_vl_3b,Text+image,beers,abstract,model_qwen25_vl_3b,False,,,True,False,Y = A - B - C
wandb_downloads_text_image_chart_only_action_text/scientific-exploration-increase-text-image-chart-only-action-text/artifacts/episode-chart_only_distance_abstract_model_qwen25_vl_7b-04_latest,chart_only_distance_abstract_model_qwen25_vl_7b,Text+image,distance,abstract,model_qwen25_vl_7b,False,,,True,False,Y = A + constant
wandb_downloads_text_image_chart_only_action_text/scientific-exploration-increase-text-image-chart-only-action-text/artifacts/episode-chart_only_beers_abbrev_model_qwen25_vl_3b-07_latest,chart_only_beers_abbrev_model_qwen25_vl_3b,Text+image,beers,abbrev,model_qwen25_vl_3b,False,,,True,False,A = c + epsilon
wandb_downloads_text_image_chart_only_action_text/scientific-exploration-increase-text-image-chart-only-action-text/artifacts/episode-chart_only_distance_abbrev_model_qwen25_vl_7b-01_latest,chart_only_distance_abbrev_model_qwen25_vl_7b,Text+image,distance,abbrev,model_qwen25_vl_7b,False,,,True,False,d = d1 + d2 + d3
wandb_downloads_text_image_chart_only_action_text/scientific-exploration-increase-text-image-chart-only-action-text/artifacts/episode-chart_only_beers_abstract_model_qwen25_vl_3b-04_latest,chart_only_beers_abstract_model_qwen25_vl_3b,Text+image,beers,abstract,model_qwen25_vl_3b,False,,,True,False,Y = A + B
wandb_downloads_text_image_chart_only_action_text/scientific-exploration-increase-text-image-chart-only-action-text/artifacts/episode-chart_only_kinematics_concrete_model_qwen25_vl_3b-06_latest,chart_only_kinematics_concrete_model_qwen25_vl_3b,Text+image,kinematics,concrete,model_qwen25_vl_3b,False,,,True,False,initial_position + velocity * time
wandb_downloads_text_image_chart_only_action_text/scientific-exploration-increase-text-image-chart-only-action-text/artifacts/episode-chart_only_ohm_abstract_model_qwen25_vl_7b-00_latest,chart_only_ohm_abstract_model_qwen25_vl_7b,Text+image,ohm,abstract,model_qwen25_vl_7b,False,,,True,False,Y = A + B
wandb_downloads_text_image_chart_only_action_text/scientific-exploration-increase-text-image-chart-only-action-text/artifacts/episode-chart_only_beers_abstract_model_qwen25_vl_3b-05_latest,chart_only_beers_abstract_model_qwen25_vl_3b,Text+image,beers,abstract,model_qwen25_vl_3b,False,,,True,False,Y = A + B
wandb_downloads_text_image_chart_only_action_text/scientific-exploration-increase-text-image-chart-only-action-text/artifacts/episode-chart_only_resistors_abstract_model_qwen25_vl_3b-00_latest,chart_only_resistors_abstract_model_qwen25_vl_3b,Text+image,resistors,abstract,model_qwen25_vl_3b,False,,,True,False,Y = A + B
wandb_downloads_text_image_chart_only_action_text/scientific-exploration-increase-text-image-chart-only-action-text/artifacts/episode-chart_only_distance_concrete_model_qwen25_vl_3b-07_latest,chart_only_distance_concrete_model_qwen25_vl_3b,Text+image,distance,concrete,model_qwen25_vl_3b,False,,,True,False,distance_1 + distance_2 + distance_3
wandb_downloads_text_image_chart_only_action_text/scientific-exploration-increase-text-image-chart-only-action-text/artifacts/episode-chart_only_mass_abbrev_model_qwen25_vl_3b-04_latest,chart_only_mass_abbrev_model_qwen25_vl_3b,Text+image,mass,abbrev,model_qwen25_vl_3b,False,,,True,False,m = k * (1 - rho) + l * V
wandb_downloads_text_image_chart_only_action_text/scientific-exploration-increase-text-image-chart-only-action-text/artifacts/episode-chart_only_beers_abbrev_model_qwen25_vl_7b-04_latest,chart_only_beers_abbrev_model_qwen25_vl_7b,Text+image,beers,abbrev,model_qwen25_vl_7b,False,,,True,False,A = 1
wandb_downloads_text_image_chart_only_action_text/scientific-exploration-increase-text-image-chart-only-action-text/artifacts/episode-chart_only_distance_abstract_model_qwen25_vl_7b-09_latest,chart_only_distance_abstract_model_qwen25_vl_7b,Text+image,distance,abstract,model_qwen25_vl_7b,False,,,True,False,Y = A + B + C
wandb_downloads_text_image_chart_only_action_text/scientific-exploration-increase-text-image-chart-only-action-text/artifacts/episode-chart_only_mass_abstract_model_qwen25_vl_3b-07_latest,chart_only_mass_abstract_model_qwen25_vl_3b,Text+image,mass,abstract,model_qwen25_vl_3b,False,,,True,False,Y = A + B
wandb_downloads_text_image_chart_only_action_text/scientific-exploration-increase-text-image-chart-only-action-text/artifacts/episode-chart_only_beers_concrete_model_qwen25_vl_3b-06_latest,chart_only_beers_concrete_model_qwen25_vl_3b,Text+image,beers,concrete,model_qwen25_vl_3b,False,,,True,False,absorbance = molar_absorptivity * concentration * path_length
wandb_downloads_text_image_chart_only_action_text/scientific-exploration-increase-text-image-chart-only-action-text/artifacts/episode-chart_only_resistors_abstract_model_qwen25_vl_7b-07_latest,chart_only_resistors_abstract_model_qwen25_vl_7b,Text+image,resistors,abstract,model_qwen25_vl_7b,False,,,True,False,Y = A - B
wandb_downloads_text_image_chart_only_action_text/scientific-exploration-increase-text-image-chart-only-action-text/artifacts/episode-chart_only_ohm_abbrev_model_qwen25_vl_7b-05_latest,chart_only_ohm_abbrev_model_qwen25_vl_7b,Text+image,ohm,abbrev,model_qwen25_vl_7b,False,,,True,False,V = kI
wandb_downloads_text_image_chart_only_action_text/scientific-exploration-increase-text-image-chart-only-action-text/artifacts/episode-chart_only_beers_concrete_model_qwen25_vl_7b-05_latest,chart_only_beers_concrete_model_qwen25_vl_7b,Text+image,beers,concrete,model_qwen25_vl_7b,False,,,True,False,absorbance = molar_absorptivity * concentration * path_length
wandb_downloads_text_image_chart_only_action_text/scientific-exploration-increase-text-image-chart-only-action-text/artifacts/episode-chart_only_kinematics_concrete_model_qwen25_vl_3b-00_latest,chart_only_kinematics_concrete_model_qwen25_vl_3b,Text+image,kinematics,concrete,model_qwen25_vl_3b,False,,,True,False,initial_position + velocity * time
wandb_downloads_text_image_chart_only_action_text/scientific-exploration-increase-text-image-chart-only-action-text/artifacts/episode-chart_only_kinematics_concrete_model_qwen25_vl_7b-08_latest,chart_only_kinematics_concrete_model_qwen25_vl_7b,Text+image,kinematics,concrete,model_qwen25_vl_7b,False,,,True,False,position = velocity * time
wandb_downloads_text_image_chart_only_action_text/scientific-exploration-increase-text-image-chart-only-action-text/artifacts/episode-chart_only_distance_abstract_model_qwen25_vl_3b-09_latest,chart_only_distance_abstract_model_qwen25_vl_3b,Text+image,distance,abstract,model_qwen25_vl_3b,False,,,True,False,Y = B * C
wandb_downloads_text_image_chart_only_action_text/scientific-exploration-increase-text-image-chart-only-action-text/artifacts/episode-chart_only_ohm_abstract_model_qwen25_vl_7b-03_latest,chart_only_ohm_abstract_model_qwen25_vl_7b,Text+image,ohm,abstract,model_qwen25_vl_7b,False,,,True,False,Y = k * B
wandb_downloads_text_image_chart_only_action_text/scientific-exploration-increase-text-image-chart-only-action-text/artifacts/episode-chart_only_resistors_abbrev_model_qwen25_vl_7b-02_latest,chart_only_resistors_abbrev_model_qwen25_vl_7b,Text+image,resistors,abbrev,model_qwen25_vl_7b,False,,,True,False,Rt = R2
wandb_downloads_text_image_chart_only_action_text/scientific-exploration-increase-text-image-chart-only-action-text/artifacts/episode-chart_only_mass_abbrev_model_qwen25_vl_7b-07_latest,chart_only_mass_abbrev_model_qwen25_vl_7b,Text+image,mass,abbrev,model_qwen25_vl_7b,False,,,True,False,m = k * V
wandb_downloads_text_image_chart_only_action_text/scientific-exploration-increase-text-image-chart-only-action-text/artifacts/episode-chart_only_distance_abbrev_model_qwen25_vl_3b-07_latest,chart_only_distance_abbrev_model_qwen25_vl_3b,Text+image,distance,abbrev,model_qwen25_vl_3b,False,,,True,False,d = d1 + d2
wandb_downloads_text_image_chart_only_action_text/scientific-exploration-increase-text-image-chart-only-action-text/artifacts/episode-chart_only_kinematics_concrete_model_qwen25_vl_7b-04_latest,chart_only_kinematics_concrete_model_qwen25_vl_7b,Text+image,kinematics,concrete,model_qwen25_vl_7b,False,,,True,False,position = velocity * time
wandb_downloads_text_image_chart_only_action_text/scientific-exploration-increase-text-image-chart-only-action-text/artifacts/episode-chart_only_resistors_concrete_model_qwen25_vl_3b-01_latest,chart_only_resistors_concrete_model_qwen25_vl_3b,Text+image,resistors,concrete,model_qwen25_vl_3b,False,,,True,False,total_resistance = resistance_1 + resistance_2
wandb_downloads_text_image_chart_only_action_text/scientific-exploration-increase-text-image-chart-only-action-text/artifacts/episode-chart_only_distance_abbrev_model_qwen25_vl_3b-08_latest,chart_only_distance_abbrev_model_qwen25_vl_3b,Text+image,distance,abbrev,model_qwen25_vl_3b,False,,,True,False,null
wandb_downloads_text_image_chart_only_action_text/scientific-exploration-increase-text-image-chart-only-action-text/artifacts/episode-chart_only_mass_concrete_model_qwen25_vl_7b-00_latest,chart_only_mass_concrete_model_qwen25_vl_7b,Text+image,mass,concrete,model_qwen25_vl_7b,False,,,True,False,mass = density * volume
wandb_downloads_text_image_chart_only_action_text/scientific-exploration-increase-text-image-chart-only-action-text/artifacts/episode-chart_only_ohm_concrete_model_qwen25_vl_7b-09_latest,chart_only_ohm_concrete_model_qwen25_vl_7b,Text+image,ohm,concrete,model_qwen25_vl_7b,False,,,True,False,voltage = current * resistance
wandb_downloads_text_image_chart_only_action_text/scientific-exploration-increase-text-image-chart-only-action-text/artifacts/episode-chart_only_beers_abstract_model_qwen25_vl_7b-02_latest,chart_only_beers_abstract_model_qwen25_vl_7b,Text+image,beers,abstract,model_qwen25_vl_7b,False,,,True,False,Y = C
wandb_downloads_text_image_chart_only_action_text/scientific-exploration-increase-text-image-chart-only-action-text/artifacts/episode-chart_only_ohm_abbrev_model_qwen25_vl_7b-00_latest,chart_only_ohm_abbrev_model_qwen25_vl_7b,Text+image,ohm,abbrev,model_qwen25_vl_7b,False,,,True,False,V = kI
wandb_downloads_text_image_chart_only_action_text/scientific-exploration-increase-text-image-chart-only-action-text/artifacts/episode-chart_only_resistors_concrete_model_qwen25_vl_7b-06_latest,chart_only_resistors_concrete_model_qwen25_vl_7b,Text+image,resistors,concrete,model_qwen25_vl_7b,False,,,True,False,total_resistance = resistance_2
wandb_downloads_text_image_chart_only_action_text/scientific-exploration-increase-text-image-chart-only-action-text/artifacts/episode-chart_only_mass_abstract_model_qwen25_vl_7b-05_latest,chart_only_mass_abstract_model_qwen25_vl_7b,Text+image,mass,abstract,model_qwen25_vl_7b,False,,,True,False,Y = 1
wandb_downloads_text_image_chart_only_action_text/scientific-exploration-increase-text-image-chart-only-action-text/artifacts/episode-chart_only_mass_concrete_model_qwen25_vl_7b-04_latest,chart_only_mass_concrete_model_qwen25_vl_7b,Text+image,mass,concrete,model_qwen25_vl_7b,False,,,True,False,mass = density * volume
wandb_downloads_text_image_chart_only_action_text/scientific-exploration-increase-text-image-chart-only-action-text/artifacts/episode-chart_only_distance_abstract_model_qwen25_vl_7b-08_latest,chart_only_distance_abstract_model_qwen25_vl_7b,Text+image,distance,abstract,model_qwen25_vl_7b,False,,,True,False,Y = A + B + C
wandb_downloads_text_image_chart_only_action_text/scientific-exploration-increase-text-image-chart-only-action-text/artifacts/episode-chart_only_beers_abbrev_model_qwen25_vl_7b-08_latest,chart_only_beers_abbrev_model_qwen25_vl_7b,Text+image,beers,abbrev,model_qwen25_vl_7b,False,,,True,False,A = l
wandb_downloads_text_image_chart_only_action_text/scientific-exploration-increase-text-image-chart-only-action-text/artifacts/episode-chart_only_resistors_concrete_model_qwen25_vl_3b-04_latest,chart_only_resistors_concrete_model_qwen25_vl_3b,Text+image,resistors,concrete,model_qwen25_vl_3b,False,,,True,False,total_resistance = resistance_1 + resistance_2
wandb_downloads_text_image_chart_only_action_text/scientific-exploration-increase-text-image-chart-only-action-text/artifacts/episode-chart_only_ohm_concrete_model_qwen25_vl_7b-06_latest,chart_only_ohm_concrete_model_qwen25_vl_7b,Text+image,ohm,concrete,model_qwen25_vl_7b,False,,,True,False,voltage = current * resistance
wandb_downloads_text_image_chart_only_action_text/scientific-exploration-increase-text-image-chart-only-action-text/artifacts/episode-chart_only_beers_concrete_model_qwen25_vl_7b-09_latest,chart_only_beers_concrete_model_qwen25_vl_7b,Text+image,beers,concrete,model_qwen25_vl_7b,False,,,True,False,molar_absorptivity * concentration * path_length
wandb_downloads_text_image_chart_only_action_text/scientific-exploration-increase-text-image-chart-only-action-text/artifacts/episode-chart_only_distance_abstract_model_qwen25_vl_3b-08_latest,chart_only_distance_abstract_model_qwen25_vl_3b,Text+image,distance,abstract,model_qwen25_vl_3b,False,,,True,False,Y = A + B
wandb_downloads_text_image_chart_only_action_text/scientific-exploration-increase-text-image-chart-only-action-text/artifacts/episode-chart_only_resistors_abbrev_model_qwen25_vl_3b-09_latest,chart_only_resistors_abbrev_model_qwen25_vl_3b,Text+image,resistors,abbrev,model_qwen25_vl_3b,False,,,True,False,Rt = R1 + R2
wandb_downloads_text_image_chart_only_action_text/scientific-exploration-increase-text-image-chart-only-action-text/artifacts/episode-chart_only_resistors_abbrev_model_qwen25_vl_3b-00_latest,chart_only_resistors_abbrev_model_qwen25_vl_3b,Text+image,resistors,abbrev,model_qwen25_vl_3b,False,,,True,False,Rt = R1 + R2
wandb_downloads_text_image_chart_only_action_text/scientific-exploration-increase-text-image-chart-only-action-text/artifacts/episode-chart_only_beers_abbrev_model_qwen25_vl_7b-00_latest,chart_only_beers_abbrev_model_qwen25_vl_7b,Text+image,beers,abbrev,model_qwen25_vl_7b,False,,,True,False,A = c + c + c
wandb_downloads_text_image_chart_only_action_text/scientific-exploration-increase-text-image-chart-only-action-text/artifacts/episode-chart_only_beers_concrete_model_qwen25_vl_3b-01_latest,chart_only_beers_concrete_model_qwen25_vl_3b,Text+image,beers,concrete,model_qwen25_vl_3b,False,,,True,False,absorbance = k * concentration + l * path_length
wandb_downloads_text_image_chart_only_action_text/scientific-exploration-increase-text-image-chart-only-action-text/artifacts/episode-chart_only_resistors_concrete_model_qwen25_vl_7b-08_latest,chart_only_resistors_concrete_model_qwen25_vl_7b,Text+image,resistors,concrete,model_qwen25_vl_7b,False,,,True,False,total_resistance = resistance_1 + resistance_2
wandb_downloads_text_image_chart_only_action_text/scientific-exploration-increase-text-image-chart-only-action-text/artifacts/episode-chart_only_mass_abbrev_model_qwen25_vl_3b-02_latest,chart_only_mass_abbrev_model_qwen25_vl_3b,Text+image,mass,abbrev,model_qwen25_vl_3b,False,,,True,False,m = 1
wandb_downloads_text_image_chart_only_action_text/scientific-exploration-increase-text-image-chart-only-action-text/artifacts/episode-chart_only_beers_concrete_model_qwen25_vl_7b-02_latest,chart_only_beers_concrete_model_qwen25_vl_7b,Text+image,beers,concrete,model_qwen25_vl_7b,False,,,True,False,absorbance = molar_absorptivity * concentration * path_length
wandb_downloads_text_image_chart_only_action_text/scientific-exploration-increase-text-image-chart-only-action-text/artifacts/episode-chart_only_mass_concrete_model_qwen25_vl_7b-07_latest,chart_only_mass_concrete_model_qwen25_vl_7b,Text+image,mass,concrete,model_qwen25_vl_7b,False,,,True,False,mass = density * volume
wandb_downloads_text_image_chart_only_action_text/scientific-exploration-increase-text-image-chart-only-action-text/artifacts/episode-chart_only_beers_concrete_model_qwen25_vl_7b-07_latest,chart_only_beers_concrete_model_qwen25_vl_7b,Text+image,beers,concrete,model_qwen25_vl_7b,False,,,True,False,absorbance = molar_absorptivity * concentration * path_length
wandb_downloads_text_image_chart_only_action_text/scientific-exploration-increase-text-image-chart-only-action-text/artifacts/episode-chart_only_kinematics_abstract_model_qwen25_vl_3b-00_latest,chart_only_kinematics_abstract_model_qwen25_vl_3b,Text+image,kinematics,abstract,model_qwen25_vl_3b,False,,,True,False,Y = A^2 * B
wandb_downloads_text_image_chart_only_action_text/scientific-exploration-increase-text-image-chart-only-action-text/artifacts/episode-chart_only_beers_concrete_model_qwen25_vl_3b-00_latest,chart_only_beers_concrete_model_qwen25_vl_3b,Text+image,beers,concrete,model_qwen25_vl_3b,False,,,True,False,absorbance = molar_absorptivity * concentration
wandb_downloads_text_image_chart_only_action_text/scientific-exploration-increase-text-image-chart-only-action-text/artifacts/episode-chart_only_mass_abstract_model_qwen25_vl_7b-08_latest,chart_only_mass_abstract_model_qwen25_vl_7b,Text+image,mass,abstract,model_qwen25_vl_7b,False,,,True,False,Y = A + B
wandb_downloads_text_image_chart_only_action_text/scientific-exploration-increase-text-image-chart-only-action-text/artifacts/episode-chart_only_ohm_concrete_model_qwen25_vl_7b-02_latest,chart_only_ohm_concrete_model_qwen25_vl_7b,Text+image,ohm,concrete,model_qwen25_vl_7b,False,,,True,False,voltage = current * resistance
wandb_downloads_text_image_chart_only_action_text/scientific-exploration-increase-text-image-chart-only-action-text/artifacts/episode-chart_only_ohm_concrete_model_qwen25_vl_3b-07_latest,chart_only_ohm_concrete_model_qwen25_vl_3b,Text+image,ohm,concrete,model_qwen25_vl_3b,False,,,True,False,voltage = current * resistance
wandb_downloads_text_image_chart_only_action_text/scientific-exploration-increase-text-image-chart-only-action-text/artifacts/episode-chart_only_resistors_abbrev_model_qwen25_vl_3b-08_latest,chart_only_resistors_abbrev_model_qwen25_vl_3b,Text+image,resistors,abbrev,model_qwen25_vl_3b,False,,,True,False,Rt > R1 + R2
wandb_downloads_text_image_chart_only_action_text/scientific-exploration-increase-text-image-chart-only-action-text/artifacts/episode-chart_only_distance_abbrev_model_qwen25_vl_7b-02_latest,chart_only_distance_abbrev_model_qwen25_vl_7b,Text+image,distance,abbrev,model_qwen25_vl_7b,False,,,True,False,d = d1 + d2 + d3
wandb_downloads_text_image_chart_only_action_text/scientific-exploration-increase-text-image-chart-only-action-text/artifacts/episode-chart_only_resistors_abstract_model_qwen25_vl_3b-07_latest,chart_only_resistors_abstract_model_qwen25_vl_3b,Text+image,resistors,abstract,model_qwen25_vl_3b,False,,,True,False,Y = k * A
wandb_downloads_text_image_chart_only_action_text/scientific-exploration-increase-text-image-chart-only-action-text/artifacts/episode-chart_only_kinematics_concrete_model_qwen25_vl_3b-09_latest,chart_only_kinematics_concrete_model_qwen25_vl_3b,Text+image,kinematics,concrete,model_qwen25_vl_3b,False,,,True,False,initial_position + velocity * time
wandb_downloads_text_image_chart_only_action_text/scientific-exploration-increase-text-image-chart-only-action-text/artifacts/episode-chart_only_beers_abstract_model_qwen25_vl_3b-06_latest,chart_only_beers_abstract_model_qwen25_vl_3b,Text+image,beers,abstract,model_qwen25_vl_3b,False,,,True,False,Y = A * B
wandb_downloads_text_image_chart_only_action_text/scientific-exploration-increase-text-image-chart-only-action-text/artifacts/episode-chart_only_distance_abbrev_model_qwen25_vl_3b-04_latest,chart_only_distance_abbrev_model_qwen25_vl_3b,Text+image,distance,abbrev,model_qwen25_vl_3b,False,,,True,False,d = 2 * d1 - d3
wandb_downloads_text_image_chart_only_action_text/scientific-exploration-increase-text-image-chart-only-action-text/artifacts/episode-chart_only_resistors_abbrev_model_qwen25_vl_3b-03_latest,chart_only_resistors_abbrev_model_qwen25_vl_3b,Text+image,resistors,abbrev,model_qwen25_vl_3b,False,,,True,False,Rt = -0.2 * R1 + 0.3 * R2
wandb_downloads_text_image_chart_only_action_text/scientific-exploration-increase-text-image-chart-only-action-text/artifacts/episode-chart_only_mass_concrete_model_qwen25_vl_3b-04_latest,chart_only_mass_concrete_model_qwen25_vl_3b,Text+image,mass,concrete,model_qwen25_vl_3b,False,,,True,False,mass = density * volume
wandb_downloads_text_image_chart_only_action_text/scientific-exploration-increase-text-image-chart-only-action-text/artifacts/episode-chart_only_resistors_abbrev_model_qwen25_vl_7b-01_latest,chart_only_resistors_abbrev_model_qwen25_vl_7b,Text+image,resistors,abbrev,model_qwen25_vl_7b,False,,,True,False,Rt = R2
wandb_downloads_text_image_chart_only_action_text/scientific-exploration-increase-text-image-chart-only-action-text/artifacts/episode-chart_only_distance_abstract_model_qwen25_vl_3b-04_latest,chart_only_distance_abstract_model_qwen25_vl_3b,Text+image,distance,abstract,model_qwen25_vl_3b,False,,,True,False,Y = A + B + C
wandb_downloads_text_image_chart_only_action_text/scientific-exploration-increase-text-image-chart-only-action-text/artifacts/episode-chart_only_resistors_abstract_model_qwen25_vl_7b-05_latest,chart_only_resistors_abstract_model_qwen25_vl_7b,Text+image,resistors,abstract,model_qwen25_vl_7b,False,,,True,False,Y = B + A
wandb_downloads_text_image_chart_only_action_text/scientific-exploration-increase-text-image-chart-only-action-text/artifacts/episode-chart_only_mass_abstract_model_qwen25_vl_3b-04_latest,chart_only_mass_abstract_model_qwen25_vl_3b,Text+image,mass,abstract,model_qwen25_vl_3b,False,,,True,False,Y = A
wandb_downloads_text_image_chart_only_action_text/scientific-exploration-increase-text-image-chart-only-action-text/artifacts/episode-chart_only_resistors_abstract_model_qwen25_vl_3b-03_latest,chart_only_resistors_abstract_model_qwen25_vl_3b,Text+image,resistors,abstract,model_qwen25_vl_3b,False,,,True,False,Y = k * A / B
wandb_downloads_text_image_chart_only_action_text/scientific-exploration-increase-text-image-chart-only-action-text/artifacts/episode-chart_only_distance_concrete_model_qwen25_vl_7b-05_latest,chart_only_distance_concrete_model_qwen25_vl_7b,Text+image,distance,concrete,model_qwen25_vl_7b,False,,,True,False,total_distance = distance_1 + distance_2 + distance_3
wandb_downloads_text_image_chart_only_action_text/scientific-exploration-increase-text-image-chart-only-action-text/artifacts/episode-chart_only_mass_concrete_model_qwen25_vl_7b-02_latest,chart_only_mass_concrete_model_qwen25_vl_7b,Text+image,mass,concrete,model_qwen25_vl_7b,False,,,True,False,mass = volume * density
wandb_downloads_text_image_chart_only_action_text/scientific-exploration-increase-text-image-chart-only-action-text/artifacts/episode-chart_only_ohm_abbrev_model_qwen25_vl_7b-09_latest,chart_only_ohm_abbrev_model_qwen25_vl_7b,Text+image,ohm,abbrev,model_qwen25_vl_7b,False,,,True,False,V ~ R
wandb_downloads_text_image_chart_only_action_text/scientific-exploration-increase-text-image-chart-only-action-text/artifacts/episode-chart_only_beers_abstract_model_qwen25_vl_3b-01_latest,chart_only_beers_abstract_model_qwen25_vl_3b,Text+image,beers,abstract,model_qwen25_vl_3b,False,,,True,False,Y = C
wandb_downloads_text_image_chart_only_action_text/scientific-exploration-increase-text-image-chart-only-action-text/artifacts/episode-chart_only_beers_abbrev_model_qwen25_vl_7b-05_latest,chart_only_beers_abbrev_model_qwen25_vl_7b,Text+image,beers,abbrev,model_qwen25_vl_7b,False,,,True,False,A = c * epsilon
wandb_downloads_text_image_chart_only_action_text/scientific-exploration-increase-text-image-chart-only-action-text/artifacts/episode-chart_only_beers_concrete_model_qwen25_vl_7b-04_latest,chart_only_beers_concrete_model_qwen25_vl_7b,Text+image,beers,concrete,model_qwen25_vl_7b,False,,,True,False,absorbance = molar_absorptivity * concentration * path_length
wandb_downloads_text_image_chart_only_action_text/scientific-exploration-increase-text-image-chart-only-action-text/artifacts/episode-chart_only_resistors_abstract_model_qwen25_vl_3b-01_latest,chart_only_resistors_abstract_model_qwen25_vl_3b,Text+image,resistors,abstract,model_qwen25_vl_3b,False,,,True,False,Y = A + B
wandb_downloads_text_image_chart_only_action_text/scientific-exploration-increase-text-image-chart-only-action-text/artifacts/episode-chart_only_distance_concrete_model_qwen25_vl_3b-01_latest,chart_only_distance_concrete_model_qwen25_vl_3b,Text+image,distance,concrete,model_qwen25_vl_3b,False,,,True,False,total_distance = distance_2
wandb_downloads_text_image_chart_only_action_text/scientific-exploration-increase-text-image-chart-only-action-text/artifacts/episode-chart_only_mass_concrete_model_qwen25_vl_3b-02_latest,chart_only_mass_concrete_model_qwen25_vl_3b,Text+image,mass,concrete,model_qwen25_vl_3b,False,,,True,False,mass = density * volume
wandb_downloads_text_image_chart_only_action_text/scientific-exploration-increase-text-image-chart-only-action-text/artifacts/episode-chart_only_beers_abbrev_model_qwen25_vl_7b-01_latest,chart_only_beers_abbrev_model_qwen25_vl_7b,Text+image,beers,abbrev,model_qwen25_vl_7b,False,,,True,False,A = 1/(epsilon * c * l)
wandb_downloads_text_image_chart_only_action_text/scientific-exploration-increase-text-image-chart-only-action-text/artifacts/episode-chart_only_distance_concrete_model_qwen25_vl_7b-03_latest,chart_only_distance_concrete_model_qwen25_vl_7b,Text+image,distance,concrete,model_qwen25_vl_7b,False,,,True,False,total_distance = distance_1 + distance_2 + distance_3
wandb_downloads_text_image_chart_only_action_text/scientific-exploration-increase-text-image-chart-only-action-text/artifacts/episode-chart_only_kinematics_abbrev_model_qwen25_vl_7b-08_latest,chart_only_kinematics_abbrev_model_qwen25_vl_7b,Text+image,kinematics,abbrev,model_qwen25_vl_7b,False,,,True,False,x = v1 + v2 + v3
wandb_downloads_text_image_chart_only_action_text/scientific-exploration-increase-text-image-chart-only-action-text/artifacts/episode-chart_only_resistors_concrete_model_qwen25_vl_7b-09_latest,chart_only_resistors_concrete_model_qwen25_vl_7b,Text+image,resistors,concrete,model_qwen25_vl_7b,False,,,True,False,total_resistance = resistance_1 + resistance_2
wandb_downloads_text_image_chart_only_action_text/scientific-exploration-increase-text-image-chart-only-action-text/artifacts/episode-chart_only_beers_concrete_model_qwen25_vl_3b-03_latest,chart_only_beers_concrete_model_qwen25_vl_3b,Text+image,beers,concrete,model_qwen25_vl_3b,False,,,True,False,Absorbance = molar_absorptivity * concentration
wandb_downloads_text_image_chart_only_action_text/scientific-exploration-increase-text-image-chart-only-action-text/artifacts/episode-chart_only_resistors_abstract_model_qwen25_vl_7b-04_latest,chart_only_resistors_abstract_model_qwen25_vl_7b,Text+image,resistors,abstract,model_qwen25_vl_7b,False,,,True,False,Y ~ A
wandb_downloads_text_image_chart_only_action_text/scientific-exploration-increase-text-image-chart-only-action-text/artifacts/episode-chart_only_resistors_abstract_model_qwen25_vl_7b-02_latest,chart_only_resistors_abstract_model_qwen25_vl_7b,Text+image,resistors,abstract,model_qwen25_vl_7b,False,,,True,False,Y = A
wandb_downloads_text_image_chart_only_action_text/scientific-exploration-increase-text-image-chart-only-action-text/artifacts/episode-chart_only_kinematics_abstract_model_qwen25_vl_3b-03_latest,chart_only_kinematics_abstract_model_qwen25_vl_3b,Text+image,kinematics,abstract,model_qwen25_vl_3b,False,,,True,False,Y = A + B
wandb_downloads_text_image_chart_only_action_text/scientific-exploration-increase-text-image-chart-only-action-text/artifacts/episode-chart_only_resistors_concrete_model_qwen25_vl_3b-07_latest,chart_only_resistors_concrete_model_qwen25_vl_3b,Text+image,resistors,concrete,model_qwen25_vl_3b,False,,,True,False,total_resistance = resistance_1 + resistance_2
wandb_downloads_text_image_chart_only_action_text/scientific-exploration-increase-text-image-chart-only-action-text/artifacts/episode-chart_only_ohm_abbrev_model_qwen25_vl_3b-04_latest,chart_only_ohm_abbrev_model_qwen25_vl_3b,Text+image,ohm,abbrev,model_qwen25_vl_3b,False,,,True,False,V = constant
wandb_downloads_text_only/scientific-exploration-increase-text-only/artifacts/episode-text_only_distance_concrete_model_gemma3_4b-08_latest,text_only_distance_concrete_model_gemma3_4b,Text-only,distance,concrete,model_gemma3_4b,False,,,True,False,total_distance = distance_1 + distance_2 + distance_3
wandb_downloads_text_only/scientific-exploration-increase-text-only/artifacts/episode-text_only_ohm_abstract_model_mistral_7b-06_latest,text_only_ohm_abstract_model_mistral_7b,Text-only,ohm,abstract,model_mistral_7b,True,11,"[json_decode] model output is not valid JSON (error: Expecting ',' delimiter at pos 434): '{\\n  ""reasoning"": ""Given the observations, it\'s clear that Y is a constant multiple of B. To find the value",True,True,Y = B
wandb_downloads_text_only/scientific-exploration-increase-text-only/artifacts/episode-text_only_mass_abstract_model_qwen35_4b-00_latest,text_only_mass_abstract_model_qwen35_4b,Text-only,mass,abstract,model_qwen35_4b,False,,,True,False,Y = A * B
wandb_downloads_text_only/scientific-exploration-increase-text-only/artifacts/episode-text_only_distance_abstract_model_gemma3_4b-03_latest,text_only_distance_abstract_model_gemma3_4b,Text-only,distance,abstract,model_gemma3_4b,False,,,True,False,Y = A + B + C
wandb_downloads_text_only/scientific-exploration-increase-text-only/artifacts/episode-text_only_resistors_concrete_model_llama31_8b-04_latest,text_only_resistors_concrete_model_llama31_8b,Text-only,resistors,concrete,model_llama31_8b,False,,,True,False,total_resistance = resistance_1 + resistance_2
wandb_downloads_text_only/scientific-exploration-increase-text-only/artifacts/episode-text_only_mass_concrete_model_qwen35_9b-07_latest,text_only_mass_concrete_model_qwen35_9b,Text-only,mass,concrete,model_qwen35_9b,False,,,True,False,mass = density * volume
wandb_downloads_text_only/scientific-exploration-increase-text-only/artifacts/episode-text_only_resistors_abstract_model_llama31_8b-03_latest,text_only_resistors_abstract_model_llama31_8b,Text-only,resistors,abstract,model_llama31_8b,False,,,True,False,Y = B + (A - 10)
wandb_downloads_text_only/scientific-exploration-increase-text-only/artifacts/episode-text_only_resistors_abstract_model_qwen25_7b-07_latest,text_only_resistors_abstract_model_qwen25_7b,Text-only,resistors,abstract,model_qwen25_7b,False,,,True,False,Y = A + 10
wandb_downloads_text_only/scientific-exploration-increase-text-only/artifacts/episode-text_only_distance_abstract_model_qwen25_7b-08_latest,text_only_distance_abstract_model_qwen25_7b,Text-only,distance,abstract,model_qwen25_7b,False,,,True,False,Y = 80.0
wandb_downloads_text_only/scientific-exploration-increase-text-only/artifacts/episode-text_only_distance_abstract_model_qwen25_3b-08_latest,text_only_distance_abstract_model_qwen25_3b,Text-only,distance,abstract,model_qwen25_3b,False,,,True,False,Y = 3A
wandb_downloads_text_only/scientific-exploration-increase-text-only/artifacts/episode-text_only_resistors_abstract_model_qwen35_9b-03_latest,text_only_resistors_abstract_model_qwen35_9b,Text-only,resistors,abstract,model_qwen35_9b,False,,,True,False,Y = A + B
wandb_downloads_text_only/scientific-exploration-increase-text-only/artifacts/episode-text_only_distance_abstract_model_qwen35_4b-04_latest,text_only_distance_abstract_model_qwen35_4b,Text-only,distance,abstract,model_qwen35_4b,False,,,True,False,Y = 2*B + C
wandb_downloads_text_only/scientific-exploration-increase-text-only/artifacts/episode-text_only_kinematics_abbrev_model_qwen35_9b-02_latest,text_only_kinematics_abbrev_model_qwen35_9b,Text-only,kinematics,abbrev,model_qwen35_9b,False,,,True,False,x = x0 + v * t
wandb_downloads_text_only/scientific-exploration-increase-text-only/artifacts/episode-text_only_beers_concrete_model_gemma3_4b-08_latest,text_only_beers_concrete_model_gemma3_4b,Text-only,beers,concrete,model_gemma3_4b,False,,,True,False,absorbance = molar_absorptivity * concentration * path_length
wandb_downloads_text_only/scientific-exploration-increase-text-only/artifacts/episode-text_only_beers_abbrev_model_qwen35_4b-01_latest,text_only_beers_abbrev_model_qwen35_4b,Text-only,beers,abbrev,model_qwen35_4b,False,,,True,False,A = epsilon * c * l
wandb_downloads_text_only/scientific-exploration-increase-text-only/artifacts/episode-text_only_mass_concrete_model_gemma3_4b-05_latest,text_only_mass_concrete_model_gemma3_4b,Text-only,mass,concrete,model_gemma3_4b,False,,,True,False,mass = density * volume
wandb_downloads_text_only/scientific-exploration-increase-text-only/artifacts/episode-text_only_distance_abbrev_model_mistral_7b-01_latest,text_only_distance_abbrev_model_mistral_7b,Text-only,distance,abbrev,model_mistral_7b,False,,,True,False,d = d1 + d2 + d3
wandb_downloads_text_only/scientific-exploration-increase-text-only/artifacts/episode-text_only_ohm_concrete_model_llama31_8b-08_latest,text_only_ohm_concrete_model_llama31_8b,Text-only,ohm,concrete,model_llama31_8b,False,,,True,False,V = I * R
wandb_downloads_text_only/scientific-exploration-increase-text-only/artifacts/episode-text_only_mass_concrete_model_llama31_8b-07_latest,text_only_mass_concrete_model_llama31_8b,Text-only,mass,concrete,model_llama31_8b,False,,,True,False,mass = density * volume
wandb_downloads_text_only/scientific-exploration-increase-text-only/artifacts/episode-text_only_beers_abbrev_model_mistral_7b-04_latest,text_only_beers_abbrev_model_mistral_7b,Text-only,beers,abbrev,model_mistral_7b,False,,,True,False,A = k * epsilon
wandb_downloads_text_only/scientific-exploration-increase-text-only/artifacts/episode-text_only_kinematics_concrete_model_qwen25_3b-01_latest,text_only_kinematics_concrete_model_qwen25_3b,Text-only,kinematics,concrete,model_qwen25_3b,False,,,True,False,position = initial_position + velocity * time
wandb_downloads_text_only/scientific-exploration-increase-text-only/artifacts/episode-text_only_beers_abbrev_model_qwen35_4b-05_latest,text_only_beers_abbrev_model_qwen35_4b,Text-only,beers,abbrev,model_qwen35_4b,False,,,True,False,A = epsilon * c * l
wandb_downloads_text_only/scientific-exploration-increase-text-only/artifacts/episode-text_only_distance_concrete_model_qwen35_9b-02_latest,text_only_distance_concrete_model_qwen35_9b,Text-only,distance,concrete,model_qwen35_9b,False,,,True,False,total_distance = distance_1 + distance_2 + distance_3
wandb_downloads_text_only/scientific-exploration-increase-text-only/artifacts/episode-text_only_kinematics_abbrev_model_mistral_7b-05_latest,text_only_kinematics_abbrev_model_mistral_7b,Text-only,kinematics,abbrev,model_mistral_7b,False,,,True,False,x = x0 + v*t
wandb_downloads_text_only/scientific-exploration-increase-text-only/artifacts/episode-text_only_distance_concrete_model_qwen25_7b-02_latest,text_only_distance_concrete_model_qwen25_7b,Text-only,distance,concrete,model_qwen25_7b,False,,,True,False,total_distance = distance_1 + distance_2 + distance_3
wandb_downloads_text_only/scientific-exploration-increase-text-only/artifacts/episode-text_only_ohm_abbrev_model_qwen35_4b-00_latest,text_only_ohm_abbrev_model_qwen35_4b,Text-only,ohm,abbrev,model_qwen35_4b,False,,,True,False,V = I * R
wandb_downloads_text_only/scientific-exploration-increase-text-only/artifacts/episode-text_only_distance_abbrev_model_llama31_8b-00_latest,text_only_distance_abbrev_model_llama31_8b,Text-only,distance,abbrev,model_llama31_8b,False,,,True,False,d = d3
wandb_downloads_text_only/scientific-exploration-increase-text-only/artifacts/episode-text_only_kinematics_abbrev_model_qwen35_4b-01_latest,text_only_kinematics_abbrev_model_qwen35_4b,Text-only,kinematics,abbrev,model_qwen35_4b,False,,,True,False,x = x0 + v * t
wandb_downloads_text_only/scientific-exploration-increase-text-only/artifacts/episode-text_only_kinematics_abstract_model_qwen35_9b-01_latest,text_only_kinematics_abstract_model_qwen35_9b,Text-only,kinematics,abstract,model_qwen35_9b,False,,,True,False,Y = A + 2*B + 6*C
wandb_downloads_text_only/scientific-exploration-increase-text-only/artifacts/episode-text_only_kinematics_abstract_model_qwen35_9b-07_latest,text_only_kinematics_abstract_model_qwen35_9b,Text-only,kinematics,abstract,model_qwen35_9b,False,,,True,False,Y = A + B * C
wandb_downloads_text_only/scientific-exploration-increase-text-only/artifacts/episode-text_only_mass_concrete_model_llama31_8b-00_latest,text_only_mass_concrete_model_llama31_8b,Text-only,mass,concrete,model_llama31_8b,False,,,True,False,mass = density * volume
wandb_downloads_text_only/scientific-exploration-increase-text-only/artifacts/episode-text_only_resistors_abstract_model_qwen35_4b-08_latest,text_only_resistors_abstract_model_qwen35_4b,Text-only,resistors,abstract,model_qwen35_4b,False,,,True,False,Y = A + B
wandb_downloads_text_only/scientific-exploration-increase-text-only/artifacts/episode-text_only_distance_abbrev_model_llama31_8b-01_latest,text_only_distance_abbrev_model_llama31_8b,Text-only,distance,abbrev,model_llama31_8b,False,,,True,False,d = d1 + d3 - d2
wandb_downloads_text_only/scientific-exploration-increase-text-only/artifacts/episode-text_only_resistors_abbrev_model_qwen35_9b-09_latest,text_only_resistors_abbrev_model_qwen35_9b,Text-only,resistors,abbrev,model_qwen35_9b,False,,,True,False,Rt = R1 + R2
wandb_downloads_text_only/scientific-exploration-increase-text-only/artifacts/episode-text_only_resistors_concrete_model_qwen25_3b-05_latest,text_only_resistors_concrete_model_qwen25_3b,Text-only,resistors,concrete,model_qwen25_3b,False,,,True,False,total_resistance = resistance_1 + resistance_2
wandb_downloads_text_only/scientific-exploration-increase-text-only/artifacts/episode-text_only_distance_abstract_model_mistral_7b-00_latest,text_only_distance_abstract_model_mistral_7b,Text-only,distance,abstract,model_mistral_7b,True,4,"[json_decode] model output is not valid JSON (error: Expecting ',' delimiter at pos 231): '{\\n  ""reasoning"": ""Y remains constant when decreasing C, confirming that it\'s in a simple sum relationship ",True,True,Y = A + B + C
wandb_downloads_text_only/scientific-exploration-increase-text-only/artifacts/episode-text_only_kinematics_abbrev_model_llama31_8b-02_latest,text_only_kinematics_abbrev_model_llama31_8b,Text-only,kinematics,abbrev,model_llama31_8b,False,,,True,False,x = v * t^2 + x0
wandb_downloads_text_only/scientific-exploration-increase-text-only/artifacts/episode-text_only_mass_abbrev_model_qwen35_9b-01_latest,text_only_mass_abbrev_model_qwen35_9b,Text-only,mass,abbrev,model_qwen35_9b,False,,,True,False,m = rho * V
wandb_downloads_text_only/scientific-exploration-increase-text-only/artifacts/episode-text_only_distance_concrete_model_qwen35_9b-08_latest,text_only_distance_concrete_model_qwen35_9b,Text-only,distance,concrete,model_qwen35_9b,False,,,True,False,total_distance = distance_1 + distance_2 + distance_3
wandb_downloads_text_only/scientific-exploration-increase-text-only/artifacts/episode-text_only_mass_abbrev_model_qwen25_3b-02_latest,text_only_mass_abbrev_model_qwen25_3b,Text-only,mass,abbrev,model_qwen25_3b,False,,,True,False,m = 2 * rho * V
wandb_downloads_text_only/scientific-exploration-increase-text-only/artifacts/episode-text_only_kinematics_abstract_model_qwen35_4b-00_latest,text_only_kinematics_abstract_model_qwen35_4b,Text-only,kinematics,abstract,model_qwen35_4b,False,,,True,False,Y = A + B * C
wandb_downloads_text_only/scientific-exploration-increase-text-only/artifacts/episode-text_only_mass_concrete_model_llama31_8b-04_latest,text_only_mass_concrete_model_llama31_8b,Text-only,mass,concrete,model_llama31_8b,False,,,True,False,mass = density * volume
wandb_downloads_text_only/scientific-exploration-increase-text-only/artifacts/episode-text_only_beers_abbrev_model_qwen25_7b-07_latest,text_only_beers_abbrev_model_qwen25_7b,Text-only,beers,abbrev,model_qwen25_7b,False,,,True,False,A = epsilon * c * l
wandb_downloads_text_only/scientific-exploration-increase-text-only/artifacts/episode-text_only_distance_abbrev_model_llama31_8b-09_latest,text_only_distance_abbrev_model_llama31_8b,Text-only,distance,abbrev,model_llama31_8b,False,,,True,False,d = k * d1 * d3
wandb_downloads_text_only/scientific-exploration-increase-text-only/artifacts/episode-text_only_kinematics_abbrev_model_qwen35_9b-06_latest,text_only_kinematics_abbrev_model_qwen35_9b,Text-only,kinematics,abbrev,model_qwen35_9b,False,,,True,False,x = x0 + v * t
wandb_downloads_text_only/scientific-exploration-increase-text-only/artifacts/episode-text_only_resistors_abbrev_model_mistral_7b-09_latest,text_only_resistors_abbrev_model_mistral_7b,Text-only,resistors,abbrev,model_mistral_7b,False,,,True,False,Rt = k * R1 * R2
wandb_downloads_text_only/scientific-exploration-increase-text-only/artifacts/episode-text_only_distance_concrete_model_llama31_8b-00_latest,text_only_distance_concrete_model_llama31_8b,Text-only,distance,concrete,model_llama31_8b,False,,,True,False,distance_1 + distance_2 + distance_3
wandb_downloads_text_only/scientific-exploration-increase-text-only/artifacts/episode-text_only_beers_concrete_model_qwen35_4b-05_latest,text_only_beers_concrete_model_qwen35_4b,Text-only,beers,concrete,model_qwen35_4b,False,,,True,False,absorbance = molar_absorptivity * concentration * path_length
wandb_downloads_text_only/scientific-exploration-increase-text-only/artifacts/episode-text_only_ohm_abbrev_model_qwen25_3b-02_latest,text_only_ohm_abbrev_model_qwen25_3b,Text-only,ohm,abbrev,model_qwen25_3b,False,,,True,False,V = 5 * I * R
wandb_downloads_text_only/scientific-exploration-increase-text-only/artifacts/episode-text_only_beers_abbrev_model_gemma3_4b-02_latest,text_only_beers_abbrev_model_gemma3_4b,Text-only,beers,abbrev,model_gemma3_4b,False,,,True,False,A = epsilon * c * l
wandb_downloads_text_only/scientific-exploration-increase-text-only/artifacts/episode-text_only_kinematics_concrete_model_qwen25_3b-08_latest,text_only_kinematics_concrete_model_qwen25_3b,Text-only,kinematics,concrete,model_qwen25_3b,False,,,True,False,P = initial_position + velocity * time
wandb_downloads_text_only/scientific-exploration-increase-text-only/artifacts/episode-text_only_kinematics_abbrev_model_qwen35_9b-03_latest,text_only_kinematics_abbrev_model_qwen35_9b,Text-only,kinematics,abbrev,model_qwen35_9b,False,,,True,False,x = x0 + v * t
wandb_downloads_text_only/scientific-exploration-increase-text-only/artifacts/episode-text_only_resistors_concrete_model_qwen25_3b-04_latest,text_only_resistors_concrete_model_qwen25_3b,Text-only,resistors,concrete,model_qwen25_3b,False,,,True,False,total_resistance = resistance_1 + resistance_2
wandb_downloads_text_only/scientific-exploration-increase-text-only/artifacts/episode-text_only_distance_abbrev_model_qwen25_7b-09_latest,text_only_distance_abbrev_model_qwen25_7b,Text-only,distance,abbrev,model_qwen25_7b,False,,,True,False,d = d1 + d2 + d3
wandb_downloads_text_only/scientific-exploration-increase-text-only/artifacts/episode-text_only_mass_abbrev_model_qwen35_4b-08_latest,text_only_mass_abbrev_model_qwen35_4b,Text-only,mass,abbrev,model_qwen35_4b,False,,,True,False,m = rho * V
wandb_downloads_text_only/scientific-exploration-increase-text-only/artifacts/episode-text_only_distance_abbrev_model_qwen35_9b-03_latest,text_only_distance_abbrev_model_qwen35_9b,Text-only,distance,abbrev,model_qwen35_9b,False,,,True,False,d = d1 + d2 + d3
wandb_downloads_text_only/scientific-exploration-increase-text-only/artifacts/episode-text_only_distance_abstract_model_mistral_7b-07_latest,text_only_distance_abstract_model_mistral_7b,Text-only,distance,abstract,model_mistral_7b,False,,,True,False,Y = k * C
wandb_downloads_text_only/scientific-exploration-increase-text-only/artifacts/episode-text_only_beers_abstract_model_gemma3_4b-00_latest,text_only_beers_abstract_model_gemma3_4b,Text-only,beers,abstract,model_gemma3_4b,False,,,True,False,Y = A * B * C
wandb_downloads_text_only/scientific-exploration-increase-text-only/artifacts/episode-text_only_resistors_abbrev_model_qwen35_4b-09_latest,text_only_resistors_abbrev_model_qwen35_4b,Text-only,resistors,abbrev,model_qwen35_4b,False,,,True,False,Rt = R1 + R2
wandb_downloads_text_only/scientific-exploration-increase-text-only/artifacts/episode-text_only_ohm_concrete_model_llama31_8b-05_latest,text_only_ohm_concrete_model_llama31_8b,Text-only,ohm,concrete,model_llama31_8b,False,,,True,False,V = I * R
wandb_downloads_text_only/scientific-exploration-increase-text-only/artifacts/episode-text_only_kinematics_concrete_model_mistral_7b-07_latest,text_only_kinematics_concrete_model_mistral_7b,Text-only,kinematics,concrete,model_mistral_7b,False,,,True,False,position = initial_position + velocity * time
wandb_downloads_text_only/scientific-exploration-increase-text-only/artifacts/episode-text_only_distance_abbrev_model_qwen25_7b-05_latest,text_only_distance_abbrev_model_qwen25_7b,Text-only,distance,abbrev,model_qwen25_7b,False,,,True,False,d = d2 + 2*d3
wandb_downloads_text_only/scientific-exploration-increase-text-only/artifacts/episode-text_only_resistors_abstract_model_qwen35_4b-00_latest,text_only_resistors_abstract_model_qwen35_4b,Text-only,resistors,abstract,model_qwen35_4b,False,,,True,False,Y = A + B
wandb_downloads_text_only/scientific-exploration-increase-text-only/artifacts/episode-text_only_ohm_abstract_model_qwen35_4b-00_latest,text_only_ohm_abstract_model_qwen35_4b,Text-only,ohm,abstract,model_qwen35_4b,False,,,True,False,Y = A * B
wandb_downloads_text_only/scientific-exploration-increase-text-only/artifacts/episode-text_only_beers_abbrev_model_qwen35_4b-09_latest,text_only_beers_abbrev_model_qwen35_4b,Text-only,beers,abbrev,model_qwen35_4b,False,,,True,False,A = epsilon * c * l
wandb_downloads_text_only/scientific-exploration-increase-text-only/artifacts/episode-text_only_mass_concrete_model_qwen25_7b-09_latest,text_only_mass_concrete_model_qwen25_7b,Text-only,mass,concrete,model_qwen25_7b,False,,,True,False,mass = density * volume
wandb_downloads_text_only/scientific-exploration-increase-text-only/artifacts/episode-text_only_resistors_abbrev_model_qwen35_9b-03_latest,text_only_resistors_abbrev_model_qwen35_9b,Text-only,resistors,abbrev,model_qwen35_9b,False,,,True,False,Rt = R1 + R2
wandb_downloads_text_only/scientific-exploration-increase-text-only/artifacts/episode-text_only_ohm_abstract_model_qwen25_7b-00_latest,text_only_ohm_abstract_model_qwen25_7b,Text-only,ohm,abstract,model_qwen25_7b,False,,,True,False,Y = 3A + 3B - 9
wandb_downloads_text_only/scientific-exploration-increase-text-only/artifacts/episode-text_only_ohm_abbrev_model_mistral_7b-00_latest,text_only_ohm_abbrev_model_mistral_7b,Text-only,ohm,abbrev,model_mistral_7b,False,,,True,False,V = k * I
wandb_downloads_text_only/scientific-exploration-increase-text-only/artifacts/episode-text_only_distance_abstract_model_qwen25_3b-05_latest,text_only_distance_abstract_model_qwen25_3b,Text-only,distance,abstract,model_qwen25_3b,False,,,True,False,Y = 1.4A + 1.8B + 1.8C
wandb_downloads_text_only/scientific-exploration-increase-text-only/artifacts/episode-text_only_kinematics_abbrev_model_llama31_8b-06_latest,text_only_kinematics_abbrev_model_llama31_8b,Text-only,kinematics,abbrev,model_llama31_8b,False,,,True,False,x = x0 + 7t
wandb_downloads_text_only/scientific-exploration-increase-text-only/artifacts/episode-text_only_ohm_abstract_model_mistral_7b-09_latest,text_only_ohm_abstract_model_mistral_7b,Text-only,ohm,abstract,model_mistral_7b,True,5,[schema] 'action' must be provided when step_type='action',True,True,Y = A * B
wandb_downloads_text_only/scientific-exploration-increase-text-only/artifacts/episode-text_only_kinematics_abstract_model_llama31_8b-06_latest,text_only_kinematics_abstract_model_llama31_8b,Text-only,kinematics,abstract,model_llama31_8b,False,,,True,False,Y = k1*B + k2*C^2
wandb_downloads_text_only/scientific-exploration-increase-text-only/artifacts/episode-text_only_ohm_abstract_model_qwen25_3b-07_latest,text_only_ohm_abstract_model_qwen25_3b,Text-only,ohm,abstract,model_qwen25_3b,False,,,True,False,Y = 15A + 15B
wandb_downloads_text_only/scientific-exploration-increase-text-only/artifacts/episode-text_only_beers_abbrev_model_qwen25_3b-08_latest,text_only_beers_abbrev_model_qwen25_3b,Text-only,beers,abbrev,model_qwen25_3b,False,,,True,False,A = epsilon * c * l
wandb_downloads_text_only/scientific-exploration-increase-text-only/artifacts/episode-text_only_kinematics_abstract_model_qwen35_9b-02_latest,text_only_kinematics_abstract_model_qwen35_9b,Text-only,kinematics,abstract,model_qwen35_9b,True,3,"[json_decode] model output is not valid JSON (error: Unterminated string starting at at pos 17): '{\\n  ""reasoning"": ""From Step 0, increasing A from 10 to 15 (delta +5) increased Y from 20 to 25 (delt",True,True,Y = (A * C + B * C) / C
wandb_downloads_text_only/scientific-exploration-increase-text-only/artifacts/episode-text_only_mass_abbrev_model_gemma3_4b-01_latest,text_only_mass_abbrev_model_gemma3_4b,Text-only,mass,abbrev,model_gemma3_4b,False,,,True,False,m = 2 * V
wandb_downloads_text_only/scientific-exploration-increase-text-only/artifacts/episode-text_only_distance_concrete_model_qwen35_4b-08_latest,text_only_distance_concrete_model_qwen35_4b,Text-only,distance,concrete,model_qwen35_4b,False,,,True,False,total_distance = distance_1 + distance_2 + distance_3
wandb_downloads_text_only/scientific-exploration-increase-text-only/artifacts/episode-text_only_mass_abbrev_model_llama31_8b-00_latest,text_only_mass_abbrev_model_llama31_8b,Text-only,mass,abbrev,model_llama31_8b,False,,,True,False,m = rho * V
wandb_downloads_text_only/scientific-exploration-increase-text-only/artifacts/episode-text_only_distance_abstract_model_qwen25_3b-02_latest,text_only_distance_abstract_model_qwen25_3b,Text-only,distance,abstract,model_qwen25_3b,False,,,True,False,Y = A + 5
wandb_downloads_text_only/scientific-exploration-increase-text-only/artifacts/episode-text_only_mass_concrete_model_qwen35_9b-05_latest,text_only_mass_concrete_model_qwen35_9b,Text-only,mass,concrete,model_qwen35_9b,False,,,True,False,mass = density * volume
wandb_downloads_text_only/scientific-exploration-increase-text-only/artifacts/episode-text_only_kinematics_abbrev_model_qwen25_3b-05_latest,text_only_kinematics_abbrev_model_qwen25_3b,Text-only,kinematics,abbrev,model_qwen25_3b,False,,,True,False,x = 5 * t + 10
wandb_downloads_text_only/scientific-exploration-increase-text-only/artifacts/episode-text_only_kinematics_abstract_model_gemma3_4b-00_latest,text_only_kinematics_abstract_model_gemma3_4b,Text-only,kinematics,abstract,model_gemma3_4b,False,,,True,False,Y = B*C + A
wandb_downloads_text_only/scientific-exploration-increase-text-only/artifacts/episode-text_only_kinematics_abstract_model_qwen25_7b-03_latest,text_only_kinematics_abstract_model_qwen25_7b,Text-only,kinematics,abstract,model_qwen25_7b,False,,,True,False,Y = 3A
wandb_downloads_text_only/scientific-exploration-increase-text-only/artifacts/episode-text_only_beers_abstract_model_gemma3_4b-02_latest,text_only_beers_abstract_model_gemma3_4b,Text-only,beers,abstract,model_gemma3_4b,False,,,True,False,Y = A * B * C
wandb_downloads_text_only/scientific-exploration-increase-text-only/artifacts/episode-text_only_mass_abstract_model_qwen25_7b-08_latest,text_only_mass_abstract_model_qwen25_7b,Text-only,mass,abstract,model_qwen25_7b,False,,,True,False,Y = 2 * A * B
wandb_downloads_text_only/scientific-exploration-increase-text-only/artifacts/episode-text_only_ohm_abstract_model_qwen35_4b-02_latest,text_only_ohm_abstract_model_qwen35_4b,Text-only,ohm,abstract,model_qwen35_4b,False,,,True,False,Y = A * B
wandb_downloads_text_only/scientific-exploration-increase-text-only/artifacts/episode-text_only_beers_abbrev_model_qwen25_3b-06_latest,text_only_beers_abbrev_model_qwen25_3b,Text-only,beers,abbrev,model_qwen25_3b,False,,,True,False,A = 12 * epsilon * c * l
wandb_downloads_text_only/scientific-exploration-increase-text-only/artifacts/episode-text_only_distance_abbrev_model_qwen25_3b-03_latest,text_only_distance_abbrev_model_qwen25_3b,Text-only,distance,abbrev,model_qwen25_3b,False,,,True,False,d = (d1 + d2 + d3) / 3
wandb_downloads_text_only/scientific-exploration-increase-text-only/artifacts/episode-text_only_ohm_abstract_model_qwen35_4b-06_latest,text_only_ohm_abstract_model_qwen35_4b,Text-only,ohm,abstract,model_qwen35_4b,False,,,True,False,Y = A * B
wandb_downloads_text_only/scientific-exploration-increase-text-only/artifacts/episode-text_only_mass_abstract_model_qwen25_7b-00_latest,text_only_mass_abstract_model_qwen25_7b,Text-only,mass,abstract,model_qwen25_7b,False,,,True,False,Y = 3A + 3B
wandb_downloads_text_only/scientific-exploration-increase-text-only/artifacts/episode-text_only_kinematics_concrete_model_qwen25_3b-06_latest,text_only_kinematics_concrete_model_qwen25_3b,Text-only,kinematics,concrete,model_qwen25_3b,False,,,True,False,position = initial_position + velocity * time
wandb_downloads_text_only/scientific-exploration-increase-text-only/artifacts/episode-text_only_resistors_abstract_model_qwen35_9b-01_latest,text_only_resistors_abstract_model_qwen35_9b,Text-only,resistors,abstract,model_qwen35_9b,False,,,True,False,Y = A + B
wandb_downloads_text_only/scientific-exploration-increase-text-only/artifacts/episode-text_only_distance_concrete_model_qwen35_9b-04_latest,text_only_distance_concrete_model_qwen35_9b,Text-only,distance,concrete,model_qwen35_9b,False,,,True,False,total_distance = distance_1 + distance_2 + distance_3
wandb_downloads_text_only/scientific-exploration-increase-text-only/artifacts/episode-text_only_mass_concrete_model_qwen35_4b-04_latest,text_only_mass_concrete_model_qwen35_4b,Text-only,mass,concrete,model_qwen35_4b,False,,,True,False,mass = density * volume
wandb_downloads_text_only/scientific-exploration-increase-text-only/artifacts/episode-text_only_distance_concrete_model_qwen35_9b-07_latest,text_only_distance_concrete_model_qwen35_9b,Text-only,distance,concrete,model_qwen35_9b,False,,,True,False,total_distance = distance_1 + distance_2 + distance_3
wandb_downloads_text_only/scientific-exploration-increase-text-only/artifacts/episode-text_only_ohm_abstract_model_qwen35_4b-08_latest,text_only_ohm_abstract_model_qwen35_4b,Text-only,ohm,abstract,model_qwen35_4b,False,,,True,False,Y = A * B
wandb_downloads_text_only/scientific-exploration-increase-text-only/artifacts/episode-text_only_mass_concrete_model_gemma3_4b-03_latest,text_only_mass_concrete_model_gemma3_4b,Text-only,mass,concrete,model_gemma3_4b,False,,,True,False,mass = density * volume
wandb_downloads_text_only/scientific-exploration-increase-text-only/artifacts/episode-text_only_ohm_concrete_model_llama31_8b-04_latest,text_only_ohm_concrete_model_llama31_8b,Text-only,ohm,concrete,model_llama31_8b,False,,,True,False,voltage = current * resistance
wandb_downloads_text_only/scientific-exploration-increase-text-only/artifacts/episode-text_only_mass_abstract_model_gemma3_4b-05_latest,text_only_mass_abstract_model_gemma3_4b,Text-only,mass,abstract,model_gemma3_4b,False,,,True,False,Y = 2 * B
wandb_downloads_text_only/scientific-exploration-increase-text-only/artifacts/episode-text_only_kinematics_abbrev_model_qwen35_9b-04_latest,text_only_kinematics_abbrev_model_qwen35_9b,Text-only,kinematics,abbrev,model_qwen35_9b,False,,,True,False,x = x0 + v * t
wandb_downloads_text_only/scientific-exploration-increase-text-only/artifacts/episode-text_only_ohm_abstract_model_qwen25_3b-00_latest,text_only_ohm_abstract_model_qwen25_3b,Text-only,ohm,abstract,model_qwen25_3b,False,,,True,False,Y = 15A + 15B
wandb_downloads_text_only/scientific-exploration-increase-text-only/artifacts/episode-text_only_resistors_abstract_model_qwen35_4b-02_latest,text_only_resistors_abstract_model_qwen35_4b,Text-only,resistors,abstract,model_qwen35_4b,False,,,True,False,Y = A + B
wandb_downloads_text_only/scientific-exploration-increase-text-only/artifacts/episode-text_only_kinematics_abstract_model_qwen35_4b-05_latest,text_only_kinematics_abstract_model_qwen35_4b,Text-only,kinematics,abstract,model_qwen35_4b,True,3,"[json_decode] model output is not valid JSON (error: Expecting ',' delimiter at pos 1447): '{\\n  ""reasoning"": ""Re-evaluating the data points: Step 0 (A=10, B=5, C=2, Y=20) and Step 1 (A=10, B=6, C=2,",True,True,Y = A + B + B
wandb_downloads_text_only/scientific-exploration-increase-text-only/artifacts/episode-text_only_resistors_concrete_model_qwen25_3b-09_latest,text_only_resistors_concrete_model_qwen25_3b,Text-only,resistors,concrete,model_qwen25_3b,False,,,True,False,total_resistance = resistance_1 + resistance_2
wandb_downloads_text_only/scientific-exploration-increase-text-only/artifacts/episode-text_only_ohm_abbrev_model_qwen25_3b-00_latest,text_only_ohm_abbrev_model_qwen25_3b,Text-only,ohm,abbrev,model_qwen25_3b,False,,,True,False,V = 10.0 * I
wandb_downloads_text_only/scientific-exploration-increase-text-only/artifacts/episode-text_only_resistors_concrete_model_qwen35_9b-00_latest,text_only_resistors_concrete_model_qwen35_9b,Text-only,resistors,concrete,model_qwen35_9b,False,,,True,False,total_resistance = resistance_1 + resistance_2
wandb_downloads_text_only/scientific-exploration-increase-text-only/artifacts/episode-text_only_ohm_abbrev_model_llama31_8b-02_latest,text_only_ohm_abbrev_model_llama31_8b,Text-only,ohm,abbrev,model_llama31_8b,False,,,True,False,V = I * R
wandb_downloads_text_only/scientific-exploration-increase-text-only/artifacts/episode-text_only_resistors_abstract_model_gemma3_4b-01_latest,text_only_resistors_abstract_model_gemma3_4b,Text-only,resistors,abstract,model_gemma3_4b,False,,,True,False,Y = A + B
wandb_downloads_text_only/scientific-exploration-increase-text-only/artifacts/episode-text_only_kinematics_concrete_model_qwen35_4b-06_latest,text_only_kinematics_concrete_model_qwen35_4b,Text-only,kinematics,concrete,model_qwen35_4b,False,,,True,False,position = initial_position + velocity * time
wandb_downloads_text_only/scientific-exploration-increase-text-only/artifacts/episode-text_only_mass_abstract_model_mistral_7b-04_latest,text_only_mass_abstract_model_mistral_7b,Text-only,mass,abstract,model_mistral_7b,True,4,"[json_decode] model output is not valid JSON (error: Expecting ',' delimiter at pos 253): '{\\n  ""reasoning"": ""Y seems to be directly proportional to B and inversely proportional to A. Since we have c",True,True,Y = B / A
wandb_downloads_text_only/scientific-exploration-increase-text-only/artifacts/episode-text_only_beers_concrete_model_mistral_7b-04_latest,text_only_beers_concrete_model_mistral_7b,Text-only,beers,concrete,model_mistral_7b,False,,,True,False,absorbance = molar_absorptivity * concentration * path_length^2
wandb_downloads_text_only/scientific-exploration-increase-text-only/artifacts/episode-text_only_resistors_concrete_model_llama31_8b-07_latest,text_only_resistors_concrete_model_llama31_8b,Text-only,resistors,concrete,model_llama31_8b,False,,,True,False,resistance_1 + resistance_2
wandb_downloads_text_only/scientific-exploration-increase-text-only/artifacts/episode-text_only_resistors_concrete_model_qwen25_7b-04_latest,text_only_resistors_concrete_model_qwen25_7b,Text-only,resistors,concrete,model_qwen25_7b,False,,,True,False,total_resistance = resistance_1 + resistance_2
wandb_downloads_text_only/scientific-exploration-increase-text-only/artifacts/episode-text_only_beers_abbrev_model_qwen25_3b-09_latest,text_only_beers_abbrev_model_qwen25_3b,Text-only,beers,abbrev,model_qwen25_3b,False,,,True,False,A = 6.0 * epsilon
wandb_downloads_text_only/scientific-exploration-increase-text-only/artifacts/episode-text_only_distance_concrete_model_mistral_7b-01_latest,text_only_distance_concrete_model_mistral_7b,Text-only,distance,concrete,model_mistral_7b,False,,,True,False,total_distance = distance_1 + distance_3
wandb_downloads_text_only/scientific-exploration-increase-text-only/artifacts/episode-text_only_mass_abbrev_model_qwen25_7b-05_latest,text_only_mass_abbrev_model_qwen25_7b,Text-only,mass,abbrev,model_qwen25_7b,False,,,True,False,m = rho * V
wandb_downloads_text_only/scientific-exploration-increase-text-only/artifacts/episode-text_only_resistors_concrete_model_qwen35_4b-04_latest,text_only_resistors_concrete_model_qwen35_4b,Text-only,resistors,concrete,model_qwen35_4b,False,,,True,False,total_resistance = resistance_1 + resistance_2
wandb_downloads_text_only/scientific-exploration-increase-text-only/artifacts/episode-text_only_resistors_abstract_model_qwen25_7b-03_latest,text_only_resistors_abstract_model_qwen25_7b,Text-only,resistors,abstract,model_qwen25_7b,False,,,True,False,Y = A + B
wandb_downloads_text_only/scientific-exploration-increase-text-only/artifacts/episode-text_only_beers_abbrev_model_llama31_8b-04_latest,text_only_beers_abbrev_model_llama31_8b,Text-only,beers,abbrev,model_llama31_8b,False,,,True,False,A = epsilon * l * c
wandb_downloads_text_only/scientific-exploration-increase-text-only/artifacts/episode-text_only_resistors_concrete_model_qwen25_3b-07_latest,text_only_resistors_concrete_model_qwen25_3b,Text-only,resistors,concrete,model_qwen25_3b,False,,,True,False,total_resistance = resistance_1 + resistance_2
wandb_downloads_text_only/scientific-exploration-increase-text-only/artifacts/episode-text_only_distance_abbrev_model_qwen35_4b-05_latest,text_only_distance_abbrev_model_qwen35_4b,Text-only,distance,abbrev,model_qwen35_4b,False,,,True,False,d = d1 + d2 + d3
wandb_downloads_text_only/scientific-exploration-increase-text-only/artifacts/episode-text_only_mass_abbrev_model_qwen25_3b-03_latest,text_only_mass_abbrev_model_qwen25_3b,Text-only,mass,abbrev,model_qwen25_3b,False,,,True,False,m = 10 * V
wandb_downloads_text_only/scientific-exploration-increase-text-only/artifacts/episode-text_only_distance_concrete_model_mistral_7b-08_latest,text_only_distance_concrete_model_mistral_7b,Text-only,distance,concrete,model_mistral_7b,False,,,True,False,total_distance = distance_1 + distance_2 + distance_3
wandb_downloads_text_only/scientific-exploration-increase-text-only/artifacts/episode-text_only_resistors_abbrev_model_qwen25_3b-02_latest,text_only_resistors_abbrev_model_qwen25_3b,Text-only,resistors,abbrev,model_qwen25_3b,False,,,True,False,Rt = R1 + R2
wandb_downloads_text_only/scientific-exploration-increase-text-only/artifacts/episode-text_only_distance_concrete_model_mistral_7b-02_latest,text_only_distance_concrete_model_mistral_7b,Text-only,distance,concrete,model_mistral_7b,False,,,True,False,total_distance = distance_1 + distance_2 + distance_3
wandb_downloads_text_only/scientific-exploration-increase-text-only/artifacts/episode-text_only_distance_concrete_model_gemma3_4b-04_latest,text_only_distance_concrete_model_gemma3_4b,Text-only,distance,concrete,model_gemma3_4b,False,,,True,False,total_distance = distance_1 + distance_2 + distance_3
wandb_downloads_text_only/scientific-exploration-increase-text-only/artifacts/episode-text_only_kinematics_abbrev_model_gemma3_4b-05_latest,text_only_kinematics_abbrev_model_gemma3_4b,Text-only,kinematics,abbrev,model_gemma3_4b,False,,,True,False,x = x0 + v * t
wandb_downloads_text_only/scientific-exploration-increase-text-only/artifacts/episode-text_only_beers_abstract_model_qwen35_4b-05_latest,text_only_beers_abstract_model_qwen35_4b,Text-only,beers,abstract,model_qwen35_4b,False,,,True,False,Y = A * B * C
wandb_downloads_text_only/scientific-exploration-increase-text-only/artifacts/episode-text_only_resistors_abbrev_model_qwen35_9b-01_latest,text_only_resistors_abbrev_model_qwen35_9b,Text-only,resistors,abbrev,model_qwen35_9b,False,,,True,False,Rt = R1 + R2
wandb_downloads_text_only/scientific-exploration-increase-text-only/artifacts/episode-text_only_kinematics_abstract_model_qwen35_4b-06_latest,text_only_kinematics_abstract_model_qwen35_4b,Text-only,kinematics,abstract,model_qwen35_4b,True,2,"[json_decode] model output is not valid JSON (error: Unterminated string starting at at pos 17): '{\\n  ""reasoning"": ""Current state: A=10, B=6, C=3, Y=28. Previous state (Step 1): A=10, B=5, C=3, Y=25",True,True,Y = A + B + 5*C
wandb_downloads_text_only/scientific-exploration-increase-text-only/artifacts/episode-text_only_beers_abstract_model_qwen35_4b-00_latest,text_only_beers_abstract_model_qwen35_4b,Text-only,beers,abstract,model_qwen35_4b,False,,,True,False,Y = A * B * C
wandb_downloads_text_only/scientific-exploration-increase-text-only/artifacts/episode-text_only_kinematics_abstract_model_qwen25_3b-01_latest,text_only_kinematics_abstract_model_qwen25_3b,Text-only,kinematics,abstract,model_qwen25_3b,False,,,True,False,Y = 4A + 2B + C
wandb_downloads_text_only/scientific-exploration-increase-text-only/artifacts/episode-text_only_resistors_concrete_model_llama31_8b-09_latest,text_only_resistors_concrete_model_llama31_8b,Text-only,resistors,concrete,model_llama31_8b,False,,,True,False,resistance_1 + resistance_2
wandb_downloads_text_only/scientific-exploration-increase-text-only/artifacts/episode-text_only_mass_abstract_model_qwen25_3b-04_latest,text_only_mass_abstract_model_qwen25_3b,Text-only,mass,abstract,model_qwen25_3b,False,,,True,False,Y = 15 * A + 15 * B
wandb_downloads_text_only/scientific-exploration-increase-text-only/artifacts/episode-text_only_mass_concrete_model_mistral_7b-05_latest,text_only_mass_concrete_model_mistral_7b,Text-only,mass,concrete,model_mistral_7b,False,,,True,False,mass = density * volume
wandb_downloads_text_only/scientific-exploration-increase-text-only/artifacts/episode-text_only_ohm_abbrev_model_qwen25_7b-02_latest,text_only_ohm_abbrev_model_qwen25_7b,Text-only,ohm,abbrev,model_qwen25_7b,False,,,True,False,V = 4 * I
wandb_downloads_text_only/scientific-exploration-increase-text-only/artifacts/episode-text_only_mass_concrete_model_gemma3_4b-06_latest,text_only_mass_concrete_model_gemma3_4b,Text-only,mass,concrete,model_gemma3_4b,False,,,True,False,mass = density * volume
wandb_downloads_text_only/scientific-exploration-increase-text-only/artifacts/episode-text_only_kinematics_concrete_model_mistral_7b-01_latest,text_only_kinematics_concrete_model_mistral_7b,Text-only,kinematics,concrete,model_mistral_7b,False,,,True,False,position = initial_position + (velocity * time)
wandb_downloads_text_only/scientific-exploration-increase-text-only/artifacts/episode-text_only_distance_abstract_model_qwen35_4b-06_latest,text_only_distance_abstract_model_qwen35_4b,Text-only,distance,abstract,model_qwen35_4b,False,,,True,False,Y = A + B + C
wandb_downloads_text_only/scientific-exploration-increase-text-only/artifacts/episode-text_only_distance_abstract_model_qwen25_7b-00_latest,text_only_distance_abstract_model_qwen25_7b,Text-only,distance,abstract,model_qwen25_7b,False,,,True,False,A + C
wandb_downloads_text_only/scientific-exploration-increase-text-only/artifacts/episode-text_only_kinematics_concrete_model_mistral_7b-04_latest,text_only_kinematics_concrete_model_mistral_7b,Text-only,kinematics,concrete,model_mistral_7b,False,,,True,False,position = initial_position + velocity * time
wandb_downloads_text_only/scientific-exploration-increase-text-only/artifacts/episode-text_only_kinematics_abstract_model_qwen35_9b-08_latest,text_only_kinematics_abstract_model_qwen35_9b,Text-only,kinematics,abstract,model_qwen35_9b,True,3,"[json_decode] model output is not valid JSON (error: Unterminated string starting at at pos 17): '{\\n  ""reasoning"": ""From Step 0 to Step 1, increasing A by 5 increased Y by 5, suggesting a coefficien",True,True,Y = A + B * C
wandb_downloads_text_only/scientific-exploration-increase-text-only/artifacts/episode-text_only_mass_abbrev_model_llama31_8b-05_latest,text_only_mass_abbrev_model_llama31_8b,Text-only,mass,abbrev,model_llama31_8b,False,,,True,False,m = k * rho * V
wandb_downloads_text_only/scientific-exploration-increase-text-only/artifacts/episode-text_only_ohm_abstract_model_gemma3_4b-09_latest,text_only_ohm_abstract_model_gemma3_4b,Text-only,ohm,abstract,model_gemma3_4b,False,,,True,False,Y = 2 * B
wandb_downloads_text_only/scientific-exploration-increase-text-only/artifacts/episode-text_only_kinematics_concrete_model_qwen35_9b-05_latest,text_only_kinematics_concrete_model_qwen35_9b,Text-only,kinematics,concrete,model_qwen35_9b,False,,,True,False,position = initial_position + velocity * time
wandb_downloads_text_only/scientific-exploration-increase-text-only/artifacts/episode-text_only_beers_abbrev_model_gemma3_4b-00_latest,text_only_beers_abbrev_model_gemma3_4b,Text-only,beers,abbrev,model_gemma3_4b,False,,,True,False,A = epsilon * c * l
wandb_downloads_text_only/scientific-exploration-increase-text-only/artifacts/episode-text_only_mass_concrete_model_gemma3_4b-02_latest,text_only_mass_concrete_model_gemma3_4b,Text-only,mass,concrete,model_gemma3_4b,False,,,True,False,mass = density * volume
wandb_downloads_text_only/scientific-exploration-increase-text-only/artifacts/episode-text_only_resistors_abbrev_model_mistral_7b-06_latest,text_only_resistors_abbrev_model_mistral_7b,Text-only,resistors,abbrev,model_mistral_7b,False,,,True,False,Rt = a*R2 + b
wandb_downloads_text_only/scientific-exploration-increase-text-only/artifacts/episode-text_only_mass_abbrev_model_qwen35_4b-05_latest,text_only_mass_abbrev_model_qwen35_4b,Text-only,mass,abbrev,model_qwen35_4b,False,,,True,False,m = rho * V
wandb_downloads_text_only/scientific-exploration-increase-text-only/artifacts/episode-text_only_ohm_abstract_model_gemma3_4b-03_latest,text_only_ohm_abstract_model_gemma3_4b,Text-only,ohm,abstract,model_gemma3_4b,False,,,True,False,Y = B
wandb_downloads_text_only/scientific-exploration-increase-text-only/artifacts/episode-text_only_ohm_abbrev_model_llama31_8b-07_latest,text_only_ohm_abbrev_model_llama31_8b,Text-only,ohm,abbrev,model_llama31_8b,False,,,True,False,V = I * R
wandb_downloads_text_only/scientific-exploration-increase-text-only/artifacts/episode-text_only_resistors_concrete_model_mistral_7b-02_latest,text_only_resistors_concrete_model_mistral_7b,Text-only,resistors,concrete,model_mistral_7b,False,,,True,False,total_resistance = 1 / (1/resistance_1 + 1/resistance_2)
wandb_downloads_text_only/scientific-exploration-increase-text-only/artifacts/episode-text_only_beers_abbrev_model_mistral_7b-00_latest,text_only_beers_abbrev_model_mistral_7b,Text-only,beers,abbrev,model_mistral_7b,True,3,"[json_decode] model output is not valid JSON (error: Expecting ',' delimiter at pos 308): '{\\n  ""reasoning"": ""Decreasing both \'c\' and \'epsilon\' to the original values confirms that \'A\' is indee",True,True,A = c * c * epsilon * l
wandb_downloads_text_only/scientific-exploration-increase-text-only/artifacts/episode-text_only_resistors_concrete_model_qwen25_3b-01_latest,text_only_resistors_concrete_model_qwen25_3b,Text-only,resistors,concrete,model_qwen25_3b,False,,,True,False,total_resistance = resistance_1 + resistance_2
wandb_downloads_text_only/scientific-exploration-increase-text-only/artifacts/episode-text_only_beers_concrete_model_mistral_7b-09_latest,text_only_beers_concrete_model_mistral_7b,Text-only,beers,concrete,model_mistral_7b,False,,,True,False,A = log10(K) * molar_absorptivity * concentration * path_length
wandb_downloads_text_only/scientific-exploration-increase-text-only/artifacts/episode-text_only_kinematics_concrete_model_mistral_7b-08_latest,text_only_kinematics_concrete_model_mistral_7b,Text-only,kinematics,concrete,model_mistral_7b,False,,,True,False,position = initial_position * time + (initial_position_0 - initial_position) * velocity / 2
wandb_downloads_text_only/scientific-exploration-increase-text-only/artifacts/episode-text_only_ohm_abbrev_model_gemma3_4b-03_latest,text_only_ohm_abbrev_model_gemma3_4b,Text-only,ohm,abbrev,model_gemma3_4b,False,,,True,False,V = (I / 20) * R
wandb_downloads_text_only/scientific-exploration-increase-text-only/artifacts/episode-text_only_beers_abbrev_model_qwen25_3b-00_latest,text_only_beers_abbrev_model_qwen25_3b,Text-only,beers,abbrev,model_qwen25_3b,False,,,True,False,A = 6 * epsilon
wandb_downloads_text_only/scientific-exploration-increase-text-only/artifacts/episode-text_only_beers_abstract_model_qwen25_3b-07_latest,text_only_beers_abstract_model_qwen25_3b,Text-only,beers,abstract,model_qwen25_3b,False,,,True,False,Y = 6 * A
wandb_downloads_text_only/scientific-exploration-increase-text-only/artifacts/episode-text_only_resistors_concrete_model_qwen25_7b-05_latest,text_only_resistors_concrete_model_qwen25_7b,Text-only,resistors,concrete,model_qwen25_7b,False,,,True,False,total_resistance = resistance_1 + resistance_2
wandb_downloads_text_only/scientific-exploration-increase-text-only/artifacts/episode-text_only_mass_abbrev_model_qwen35_9b-03_latest,text_only_mass_abbrev_model_qwen35_9b,Text-only,mass,abbrev,model_qwen35_9b,False,,,True,False,m = rho * V
wandb_downloads_text_only/scientific-exploration-increase-text-only/artifacts/episode-text_only_kinematics_abbrev_model_gemma3_4b-09_latest,text_only_kinematics_abbrev_model_gemma3_4b,Text-only,kinematics,abbrev,model_gemma3_4b,False,,,True,False,x = x0 + v * t
wandb_downloads_text_only/scientific-exploration-increase-text-only/artifacts/episode-text_only_resistors_abbrev_model_qwen35_9b-02_latest,text_only_resistors_abbrev_model_qwen35_9b,Text-only,resistors,abbrev,model_qwen35_9b,False,,,True,False,Rt = R1 + R2
wandb_downloads_text_only/scientific-exploration-increase-text-only/artifacts/episode-text_only_mass_concrete_model_qwen35_9b-04_latest,text_only_mass_concrete_model_qwen35_9b,Text-only,mass,concrete,model_qwen35_9b,False,,,True,False,mass = density * volume
wandb_downloads_text_only/scientific-exploration-increase-text-only/artifacts/episode-text_only_mass_abbrev_model_mistral_7b-06_latest,text_only_mass_abbrev_model_mistral_7b,Text-only,mass,abbrev,model_mistral_7b,True,3,"[json_decode] model output is not valid JSON (error: Expecting ',' delimiter at pos 251): '{\\n  ""reasoning"": ""The linear relationship between m and V has been confirmed. No further exploration is nee",True,True,m = rho * V
wandb_downloads_text_only/scientific-exploration-increase-text-only/artifacts/episode-text_only_mass_abbrev_model_qwen35_4b-06_latest,text_only_mass_abbrev_model_qwen35_4b,Text-only,mass,abbrev,model_qwen35_4b,False,,,True,False,m = rho * V
wandb_downloads_text_only/scientific-exploration-increase-text-only/artifacts/episode-text_only_beers_concrete_model_llama31_8b-02_latest,text_only_beers_concrete_model_llama31_8b,Text-only,beers,concrete,model_llama31_8b,False,,,True,False,A = ε * c * l
wandb_downloads_text_only/scientific-exploration-increase-text-only/artifacts/episode-text_only_kinematics_concrete_model_qwen25_3b-04_latest,text_only_kinematics_concrete_model_qwen25_3b,Text-only,kinematics,concrete,model_qwen25_3b,False,,,True,False,p = i + vt
wandb_downloads_text_only/scientific-exploration-increase-text-only/artifacts/episode-text_only_beers_concrete_model_qwen25_7b-02_latest,text_only_beers_concrete_model_qwen25_7b,Text-only,beers,concrete,model_qwen25_7b,False,,,True,False,absorbance = molar_absorptivity * concentration * path_length
wandb_downloads_text_only/scientific-exploration-increase-text-only/artifacts/episode-text_only_distance_abbrev_model_gemma3_4b-00_latest,text_only_distance_abbrev_model_gemma3_4b,Text-only,distance,abbrev,model_gemma3_4b,False,,,True,False,d = d1 + d2 + d3
wandb_downloads_text_only/scientific-exploration-increase-text-only/artifacts/episode-text_only_beers_abstract_model_qwen25_7b-01_latest,text_only_beers_abstract_model_qwen25_7b,Text-only,beers,abstract,model_qwen25_7b,False,,,True,False,Y = B^2
wandb_downloads_text_only/scientific-exploration-increase-text-only/artifacts/episode-text_only_kinematics_abbrev_model_qwen35_4b-08_latest,text_only_kinematics_abbrev_model_qwen35_4b,Text-only,kinematics,abbrev,model_qwen35_4b,False,,,True,False,x = x0 + v * t
wandb_downloads_text_only/scientific-exploration-increase-text-only/artifacts/episode-text_only_resistors_abstract_model_qwen25_7b-05_latest,text_only_resistors_abstract_model_qwen25_7b,Text-only,resistors,abstract,model_qwen25_7b,False,,,True,False,Y = A + B
wandb_downloads_text_only/scientific-exploration-increase-text-only/artifacts/episode-text_only_kinematics_concrete_model_llama31_8b-09_latest,text_only_kinematics_concrete_model_llama31_8b,Text-only,kinematics,concrete,model_llama31_8b,False,,,True,False,position = initial_position + velocity * time
wandb_downloads_text_only/scientific-exploration-increase-text-only/artifacts/episode-text_only_kinematics_concrete_model_gemma3_4b-07_latest,text_only_kinematics_concrete_model_gemma3_4b,Text-only,kinematics,concrete,model_gemma3_4b,False,,,True,False,position = initial_position + velocity * time
wandb_downloads_text_only/scientific-exploration-increase-text-only/artifacts/episode-text_only_mass_concrete_model_qwen25_7b-05_latest,text_only_mass_concrete_model_qwen25_7b,Text-only,mass,concrete,model_qwen25_7b,False,,,True,False,mass = density * volume
wandb_downloads_text_only/scientific-exploration-increase-text-only/artifacts/episode-text_only_beers_abbrev_model_qwen25_7b-08_latest,text_only_beers_abbrev_model_qwen25_7b,Text-only,beers,abbrev,model_qwen25_7b,False,,,True,False,A = epsilon * c * l
wandb_downloads_text_only/scientific-exploration-increase-text-only/artifacts/episode-text_only_distance_abstract_model_qwen35_9b-07_latest,text_only_distance_abstract_model_qwen35_9b,Text-only,distance,abstract,model_qwen35_9b,False,,,True,False,Y = A + B + C
wandb_downloads_text_only/scientific-exploration-increase-text-only/artifacts/episode-text_only_resistors_abbrev_model_qwen25_3b-08_latest,text_only_resistors_abbrev_model_qwen25_3b,Text-only,resistors,abbrev,model_qwen25_3b,False,,,True,False,Rt = R1 + R2
wandb_downloads_text_only/scientific-exploration-increase-text-only/artifacts/episode-text_only_mass_abstract_model_qwen35_9b-08_latest,text_only_mass_abstract_model_qwen35_9b,Text-only,mass,abstract,model_qwen35_9b,False,,,True,False,Y = A * B
wandb_downloads_text_only/scientific-exploration-increase-text-only/artifacts/episode-text_only_ohm_abbrev_model_qwen25_7b-00_latest,text_only_ohm_abbrev_model_qwen25_7b,Text-only,ohm,abbrev,model_qwen25_7b,False,,,True,False,V = I * R
wandb_downloads_text_only/scientific-exploration-increase-text-only/artifacts/episode-text_only_resistors_abbrev_model_gemma3_4b-05_latest,text_only_resistors_abbrev_model_gemma3_4b,Text-only,resistors,abbrev,model_gemma3_4b,False,,,True,False,Rt = R1 + R2
wandb_downloads_text_only/scientific-exploration-increase-text-only/artifacts/episode-text_only_ohm_abbrev_model_gemma3_4b-04_latest,text_only_ohm_abbrev_model_gemma3_4b,Text-only,ohm,abbrev,model_gemma3_4b,False,,,True,False,V = 2 * R
wandb_downloads_text_only/scientific-exploration-increase-text-only/artifacts/episode-text_only_mass_concrete_model_llama31_8b-02_latest,text_only_mass_concrete_model_llama31_8b,Text-only,mass,concrete,model_llama31_8b,False,,,True,False,mass = density * volume
wandb_downloads_text_only/scientific-exploration-increase-text-only/artifacts/episode-text_only_mass_abstract_model_qwen35_4b-08_latest,text_only_mass_abstract_model_qwen35_4b,Text-only,mass,abstract,model_qwen35_4b,False,,,True,False,Y = A * B
wandb_downloads_text_only/scientific-exploration-increase-text-only/artifacts/episode-text_only_ohm_concrete_model_gemma3_4b-07_latest,text_only_ohm_concrete_model_gemma3_4b,Text-only,ohm,concrete,model_gemma3_4b,False,,,True,False,voltage = current * resistance
wandb_downloads_text_only/scientific-exploration-increase-text-only/artifacts/episode-text_only_resistors_concrete_model_qwen25_7b-06_latest,text_only_resistors_concrete_model_qwen25_7b,Text-only,resistors,concrete,model_qwen25_7b,False,,,True,False,total_resistance = resistance_1 + resistance_2
wandb_downloads_text_only/scientific-exploration-increase-text-only/artifacts/episode-text_only_mass_concrete_model_qwen35_9b-02_latest,text_only_mass_concrete_model_qwen35_9b,Text-only,mass,concrete,model_qwen35_9b,False,,,True,False,mass = density * volume
wandb_downloads_text_only/scientific-exploration-increase-text-only/artifacts/episode-text_only_mass_abstract_model_qwen35_4b-05_latest,text_only_mass_abstract_model_qwen35_4b,Text-only,mass,abstract,model_qwen35_4b,False,,,True,False,Y = A * B
wandb_downloads_text_only/scientific-exploration-increase-text-only/artifacts/episode-text_only_distance_abstract_model_qwen25_7b-04_latest,text_only_distance_abstract_model_qwen25_7b,Text-only,distance,abstract,model_qwen25_7b,False,,,True,False,Y = 5*A - C
wandb_downloads_text_only/scientific-exploration-increase-text-only/artifacts/episode-text_only_distance_abstract_model_qwen35_9b-02_latest,text_only_distance_abstract_model_qwen35_9b,Text-only,distance,abstract,model_qwen35_9b,False,,,True,False,Y = A + B + C
wandb_downloads_text_only/scientific-exploration-increase-text-only/artifacts/episode-text_only_mass_abbrev_model_qwen25_3b-00_latest,text_only_mass_abbrev_model_qwen25_3b,Text-only,mass,abbrev,model_qwen25_3b,False,,,True,False,m = 2 * V
wandb_downloads_text_only/scientific-exploration-increase-text-only/artifacts/episode-text_only_beers_abbrev_model_mistral_7b-07_latest,text_only_beers_abbrev_model_mistral_7b,Text-only,beers,abbrev,model_mistral_7b,False,,,True,False,A = k * epsilon
wandb_downloads_text_only/scientific-exploration-increase-text-only/artifacts/episode-text_only_ohm_abbrev_model_gemma3_4b-01_latest,text_only_ohm_abbrev_model_gemma3_4b,Text-only,ohm,abbrev,model_gemma3_4b,False,,,True,False,V = R
wandb_downloads_text_only/scientific-exploration-increase-text-only/artifacts/episode-text_only_kinematics_concrete_model_qwen35_9b-02_latest,text_only_kinematics_concrete_model_qwen35_9b,Text-only,kinematics,concrete,model_qwen35_9b,False,,,True,False,position = initial_position + velocity * time
wandb_downloads_text_only/scientific-exploration-increase-text-only/artifacts/episode-text_only_mass_abbrev_model_gemma3_4b-04_latest,text_only_mass_abbrev_model_gemma3_4b,Text-only,mass,abbrev,model_gemma3_4b,False,,,True,False,m = V * rho
wandb_downloads_text_only/scientific-exploration-increase-text-only/artifacts/episode-text_only_ohm_abbrev_model_qwen35_9b-07_latest,text_only_ohm_abbrev_model_qwen35_9b,Text-only,ohm,abbrev,model_qwen35_9b,False,,,True,False,V = I * R
wandb_downloads_text_only/scientific-exploration-increase-text-only/artifacts/episode-text_only_ohm_abstract_model_gemma3_4b-07_latest,text_only_ohm_abstract_model_gemma3_4b,Text-only,ohm,abstract,model_gemma3_4b,False,,,True,False,Y = 3 * A
wandb_downloads_text_only/scientific-exploration-increase-text-only/artifacts/episode-text_only_distance_abbrev_model_gemma3_4b-07_latest,text_only_distance_abbrev_model_gemma3_4b,Text-only,distance,abbrev,model_gemma3_4b,False,,,True,False,d = 2 * d1
wandb_downloads_text_only/scientific-exploration-increase-text-only/artifacts/episode-text_only_beers_abbrev_model_llama31_8b-00_latest,text_only_beers_abbrev_model_llama31_8b,Text-only,beers,abbrev,model_llama31_8b,False,,,True,False,A = 5 * epsilon * c * l
wandb_downloads_text_only/scientific-exploration-increase-text-only/artifacts/episode-text_only_mass_concrete_model_qwen25_3b-05_latest,text_only_mass_concrete_model_qwen25_3b,Text-only,mass,concrete,model_qwen25_3b,False,,,True,False,mass = density * volume
wandb_downloads_text_only/scientific-exploration-increase-text-only/artifacts/episode-text_only_beers_abstract_model_mistral_7b-00_latest,text_only_beers_abstract_model_mistral_7b,Text-only,beers,abstract,model_mistral_7b,False,,,True,False,Y = A^2 * B + C^2
wandb_downloads_text_only/scientific-exploration-increase-text-only/artifacts/episode-text_only_distance_concrete_model_qwen35_4b-02_latest,text_only_distance_concrete_model_qwen35_4b,Text-only,distance,concrete,model_qwen35_4b,False,,,True,False,total_distance = distance_1 + distance_2 + distance_3
wandb_downloads_text_only/scientific-exploration-increase-text-only/artifacts/episode-text_only_ohm_concrete_model_qwen25_7b-07_latest,text_only_ohm_concrete_model_qwen25_7b,Text-only,ohm,concrete,model_qwen25_7b,False,,,True,False,voltage = current * resistance
wandb_downloads_text_only/scientific-exploration-increase-text-only/artifacts/episode-text_only_distance_abstract_model_qwen35_4b-08_latest,text_only_distance_abstract_model_qwen35_4b,Text-only,distance,abstract,model_qwen35_4b,False,,,True,False,Y = A + B + C
wandb_downloads_text_only/scientific-exploration-increase-text-only/artifacts/episode-text_only_kinematics_concrete_model_llama31_8b-00_latest,text_only_kinematics_concrete_model_llama31_8b,Text-only,kinematics,concrete,model_llama31_8b,False,,,True,False,position = initial_position + velocity * time
wandb_downloads_text_only/scientific-exploration-increase-text-only/artifacts/episode-text_only_resistors_abbrev_model_llama31_8b-03_latest,text_only_resistors_abbrev_model_llama31_8b,Text-only,resistors,abbrev,model_llama31_8b,False,,,True,False,R1 * R2
wandb_downloads_text_only/scientific-exploration-increase-text-only/artifacts/episode-text_only_beers_concrete_model_qwen25_7b-06_latest,text_only_beers_concrete_model_qwen25_7b,Text-only,beers,concrete,model_qwen25_7b,False,,,True,False,absorbance = molar_absorptivity * concentration * path_length
wandb_downloads_text_only/scientific-exploration-increase-text-only/artifacts/episode-text_only_mass_abstract_model_qwen35_4b-07_latest,text_only_mass_abstract_model_qwen35_4b,Text-only,mass,abstract,model_qwen35_4b,False,,,True,False,Y = A * B
wandb_downloads_text_only/scientific-exploration-increase-text-only/artifacts/episode-text_only_beers_abstract_model_qwen25_7b-08_latest,text_only_beers_abstract_model_qwen25_7b,Text-only,beers,abstract,model_qwen25_7b,False,,,True,False,Y = (A + B)^3 - 9
wandb_downloads_text_only/scientific-exploration-increase-text-only/artifacts/episode-text_only_mass_concrete_model_qwen35_9b-03_latest,text_only_mass_concrete_model_qwen35_9b,Text-only,mass,concrete,model_qwen35_9b,False,,,True,False,mass = density * volume
wandb_downloads_text_only/scientific-exploration-increase-text-only/artifacts/episode-text_only_distance_abbrev_model_qwen25_3b-05_latest,text_only_distance_abbrev_model_qwen25_3b,Text-only,distance,abbrev,model_qwen25_3b,False,,,True,False,d = d1 + d2 + d3
wandb_downloads_text_only/scientific-exploration-increase-text-only/artifacts/episode-text_only_resistors_abbrev_model_qwen35_4b-03_latest,text_only_resistors_abbrev_model_qwen35_4b,Text-only,resistors,abbrev,model_qwen35_4b,False,,,True,False,Rt = R1 + R2
wandb_downloads_text_only/scientific-exploration-increase-text-only/artifacts/episode-text_only_kinematics_abbrev_model_qwen25_7b-03_latest,text_only_kinematics_abbrev_model_qwen25_7b,Text-only,kinematics,abbrev,model_qwen25_7b,False,,,True,False,x = x0 + v*t
wandb_downloads_text_only/scientific-exploration-increase-text-only/artifacts/episode-text_only_ohm_abbrev_model_qwen35_9b-00_latest,text_only_ohm_abbrev_model_qwen35_9b,Text-only,ohm,abbrev,model_qwen35_9b,False,,,True,False,V = I * R
wandb_downloads_text_only/scientific-exploration-increase-text-only/artifacts/episode-text_only_beers_concrete_model_qwen25_3b-00_latest,text_only_beers_concrete_model_qwen25_3b,Text-only,beers,concrete,model_qwen25_3b,False,,,True,False,absorbance = molar_absorptivity * concentration / path_length
wandb_downloads_text_only/scientific-exploration-increase-text-only/artifacts/episode-text_only_distance_concrete_model_mistral_7b-09_latest,text_only_distance_concrete_model_mistral_7b,Text-only,distance,concrete,model_mistral_7b,False,,,True,False,total_distance = distance_1 + 5 * distance_2 + 5 * distance_3
wandb_downloads_text_only/scientific-exploration-increase-text-only/artifacts/episode-text_only_resistors_abstract_model_gemma3_4b-05_latest,text_only_resistors_abstract_model_gemma3_4b,Text-only,resistors,abstract,model_gemma3_4b,False,,,True,False,Y = A + B
wandb_downloads_text_only/scientific-exploration-increase-text-only/artifacts/episode-text_only_beers_concrete_model_gemma3_4b-00_latest,text_only_beers_concrete_model_gemma3_4b,Text-only,beers,concrete,model_gemma3_4b,False,,,True,False,absorbance = molar_absorptivity * concentration * path_length
wandb_downloads_text_only/scientific-exploration-increase-text-only/artifacts/episode-text_only_distance_abstract_model_llama31_8b-07_latest,text_only_distance_abstract_model_llama31_8b,Text-only,distance,abstract,model_llama31_8b,False,,,True,False,Y = AC + B
wandb_downloads_text_only/scientific-exploration-increase-text-only/artifacts/episode-text_only_distance_abbrev_model_qwen25_3b-02_latest,text_only_distance_abbrev_model_qwen25_3b,Text-only,distance,abbrev,model_qwen25_3b,False,,,True,False,d = 3 * d1
wandb_downloads_text_only/scientific-exploration-increase-text-only/artifacts/episode-text_only_beers_concrete_model_qwen25_7b-05_latest,text_only_beers_concrete_model_qwen25_7b,Text-only,beers,concrete,model_qwen25_7b,False,,,True,False,absorbance = molar_absorptivity * concentration * path_length
wandb_downloads_text_only/scientific-exploration-increase-text-only/artifacts/episode-text_only_mass_concrete_model_qwen25_7b-01_latest,text_only_mass_concrete_model_qwen25_7b,Text-only,mass,concrete,model_qwen25_7b,False,,,True,False,mass = density * volume
wandb_downloads_text_only/scientific-exploration-increase-text-only/artifacts/episode-text_only_resistors_abstract_model_qwen25_7b-01_latest,text_only_resistors_abstract_model_qwen25_7b,Text-only,resistors,abstract,model_qwen25_7b,False,,,True,False,Y = B + 15
wandb_downloads_text_only/scientific-exploration-increase-text-only/artifacts/episode-text_only_resistors_abstract_model_mistral_7b-00_latest,text_only_resistors_abstract_model_mistral_7b,Text-only,resistors,abstract,model_mistral_7b,False,,,True,False,Y = b
wandb_downloads_text_only/scientific-exploration-increase-text-only/artifacts/episode-text_only_kinematics_abstract_model_qwen35_9b-03_latest,text_only_kinematics_abstract_model_qwen35_9b,Text-only,kinematics,abstract,model_qwen35_9b,False,,,True,False,Y = A + B * C
wandb_downloads_text_only/scientific-exploration-increase-text-only/artifacts/episode-text_only_ohm_abstract_model_qwen25_3b-02_latest,text_only_ohm_abstract_model_qwen25_3b,Text-only,ohm,abstract,model_qwen25_3b,False,,,True,False,Y = 15A
wandb_downloads_text_only/scientific-exploration-increase-text-only/artifacts/episode-text_only_resistors_concrete_model_qwen35_4b-02_latest,text_only_resistors_concrete_model_qwen35_4b,Text-only,resistors,concrete,model_qwen35_4b,False,,,True,False,total_resistance = resistance_1 + resistance_2
wandb_downloads_text_only/scientific-exploration-increase-text-only/artifacts/episode-text_only_ohm_abbrev_model_mistral_7b-01_latest,text_only_ohm_abbrev_model_mistral_7b,Text-only,ohm,abbrev,model_mistral_7b,False,,,True,False,V = k*I
wandb_downloads_text_only/scientific-exploration-increase-text-only/artifacts/episode-text_only_mass_concrete_model_mistral_7b-07_latest,text_only_mass_concrete_model_mistral_7b,Text-only,mass,concrete,model_mistral_7b,False,,,True,False,mass = volume
wandb_downloads_text_only/scientific-exploration-increase-text-only/artifacts/episode-text_only_beers_abstract_model_qwen25_3b-03_latest,text_only_beers_abstract_model_qwen25_3b,Text-only,beers,abstract,model_qwen25_3b,False,,,True,False,Y = 4.0 * C
wandb_downloads_text_only/scientific-exploration-increase-text-only/artifacts/episode-text_only_ohm_concrete_model_qwen35_4b-02_latest,text_only_ohm_concrete_model_qwen35_4b,Text-only,ohm,concrete,model_qwen35_4b,False,,,True,False,voltage = current * resistance
wandb_downloads_text_only/scientific-exploration-increase-text-only/artifacts/episode-text_only_ohm_abstract_model_qwen25_7b-04_latest,text_only_ohm_abstract_model_qwen25_7b,Text-only,ohm,abstract,model_qwen25_7b,False,,,True,False,5A + 5B
wandb_downloads_text_only/scientific-exploration-increase-text-only/artifacts/episode-text_only_ohm_concrete_model_gemma3_4b-02_latest,text_only_ohm_concrete_model_gemma3_4b,Text-only,ohm,concrete,model_gemma3_4b,False,,,True,False,voltage = current * resistance
wandb_downloads_text_only/scientific-exploration-increase-text-only/artifacts/episode-text_only_mass_abstract_model_mistral_7b-09_latest,text_only_mass_abstract_model_mistral_7b,Text-only,mass,abstract,model_mistral_7b,True,5,"[json_decode] model output is not valid JSON (error: Expecting ',' delimiter at pos 280): '{\\n  ""reasoning"": ""The current observation indicates that Y is directly proportional to A, with no observabl",True,True,Y = A * B
wandb_downloads_text_only/scientific-exploration-increase-text-only/artifacts/episode-text_only_kinematics_abbrev_model_qwen25_3b-04_latest,text_only_kinematics_abbrev_model_qwen25_3b,Text-only,kinematics,abbrev,model_qwen25_3b,False,,,True,False,x = x0 * v / t
wandb_downloads_text_only/scientific-exploration-increase-text-only/artifacts/episode-text_only_distance_concrete_model_qwen35_9b-00_latest,text_only_distance_concrete_model_qwen35_9b,Text-only,distance,concrete,model_qwen35_9b,False,,,True,False,total_distance = distance_1 + distance_2 + distance_3
wandb_downloads_text_only/scientific-exploration-increase-text-only/artifacts/episode-text_only_distance_abstract_model_mistral_7b-05_latest,text_only_distance_abstract_model_mistral_7b,Text-only,distance,abstract,model_mistral_7b,False,,,True,False,Y = a*A^2 + b*B^2 + C
wandb_downloads_text_only/scientific-exploration-increase-text-only/artifacts/episode-text_only_mass_concrete_model_llama31_8b-03_latest,text_only_mass_concrete_model_llama31_8b,Text-only,mass,concrete,model_llama31_8b,False,,,True,False,mass = density * volume
wandb_downloads_text_only/scientific-exploration-increase-text-only/artifacts/episode-text_only_mass_concrete_model_qwen25_7b-00_latest,text_only_mass_concrete_model_qwen25_7b,Text-only,mass,concrete,model_qwen25_7b,False,,,True,False,mass = density * volume
wandb_downloads_text_only/scientific-exploration-increase-text-only/artifacts/episode-text_only_ohm_abbrev_model_llama31_8b-00_latest,text_only_ohm_abbrev_model_llama31_8b,Text-only,ohm,abbrev,model_llama31_8b,False,,,True,False,V = k * R
wandb_downloads_text_only/scientific-exploration-increase-text-only/artifacts/episode-text_only_beers_abbrev_model_mistral_7b-05_latest,text_only_beers_abbrev_model_mistral_7b,Text-only,beers,abbrev,model_mistral_7b,False,,,True,False,A = k * l
wandb_downloads_text_only/scientific-exploration-increase-text-only/artifacts/episode-text_only_distance_concrete_model_qwen35_4b-05_latest,text_only_distance_concrete_model_qwen35_4b,Text-only,distance,concrete,model_qwen35_4b,False,,,True,False,total_distance = distance_1 + distance_2 + distance_3
wandb_downloads_text_only/scientific-exploration-increase-text-only/artifacts/episode-text_only_resistors_abstract_model_qwen35_4b-01_latest,text_only_resistors_abstract_model_qwen35_4b,Text-only,resistors,abstract,model_qwen35_4b,False,,,True,False,Y = A + B
wandb_downloads_text_only/scientific-exploration-increase-text-only/artifacts/episode-text_only_resistors_abbrev_model_gemma3_4b-07_latest,text_only_resistors_abbrev_model_gemma3_4b,Text-only,resistors,abbrev,model_gemma3_4b,False,,,True,False,Rt = 1.5 * R1 + 1.5 * R2
wandb_downloads_text_only/scientific-exploration-increase-text-only/artifacts/episode-text_only_mass_abbrev_model_qwen35_9b-08_latest,text_only_mass_abbrev_model_qwen35_9b,Text-only,mass,abbrev,model_qwen35_9b,False,,,True,False,m = rho * V
wandb_downloads_text_only/scientific-exploration-increase-text-only/artifacts/episode-text_only_ohm_concrete_model_qwen35_9b-07_latest,text_only_ohm_concrete_model_qwen35_9b,Text-only,ohm,concrete,model_qwen35_9b,False,,,True,False,voltage = current * resistance
wandb_downloads_text_only/scientific-exploration-increase-text-only/artifacts/episode-text_only_mass_abstract_model_gemma3_4b-02_latest,text_only_mass_abstract_model_gemma3_4b,Text-only,mass,abstract,model_gemma3_4b,False,,,True,False,Y = 2 * B
wandb_downloads_text_only/scientific-exploration-increase-text-only/artifacts/episode-text_only_mass_abstract_model_mistral_7b-06_latest,text_only_mass_abstract_model_mistral_7b,Text-only,mass,abstract,model_mistral_7b,False,,,True,False,Y = k * B
wandb_downloads_text_only/scientific-exploration-increase-text-only/artifacts/episode-text_only_ohm_concrete_model_gemma3_4b-05_latest,text_only_ohm_concrete_model_gemma3_4b,Text-only,ohm,concrete,model_gemma3_4b,False,,,True,False,voltage = current * resistance
wandb_downloads_text_only/scientific-exploration-increase-text-only/artifacts/episode-text_only_beers_abbrev_model_llama31_8b-06_latest,text_only_beers_abbrev_model_llama31_8b,Text-only,beers,abbrev,model_llama31_8b,False,,,True,False,A = 3c
wandb_downloads_text_only/scientific-exploration-increase-text-only/artifacts/episode-text_only_resistors_abbrev_model_mistral_7b-02_latest,text_only_resistors_abbrev_model_mistral_7b,Text-only,resistors,abbrev,model_mistral_7b,True,7,"[json_decode] model output is not valid JSON (error: Expecting ',' delimiter at pos 273): '{\\n  ""reasoning"": ""The relationship between Rt, R1, and R2 appears to be linear and directly proportional to",True,True,Rt = R1
wandb_downloads_text_only/scientific-exploration-increase-text-only/artifacts/episode-text_only_resistors_abbrev_model_qwen25_3b-09_latest,text_only_resistors_abbrev_model_qwen25_3b,Text-only,resistors,abbrev,model_qwen25_3b,False,,,True,False,Rt = k * R1 * R2
wandb_downloads_text_only/scientific-exploration-increase-text-only/artifacts/episode-text_only_beers_abstract_model_qwen25_7b-04_latest,text_only_beers_abstract_model_qwen25_7b,Text-only,beers,abstract,model_qwen25_7b,False,,,True,False,Y = A * B * C
wandb_downloads_text_only/scientific-exploration-increase-text-only/artifacts/episode-text_only_kinematics_abstract_model_llama31_8b-09_latest,text_only_kinematics_abstract_model_llama31_8b,Text-only,kinematics,abstract,model_llama31_8b,False,,,True,False,A + C
wandb_downloads_text_only/scientific-exploration-increase-text-only/artifacts/episode-text_only_resistors_abbrev_model_mistral_7b-05_latest,text_only_resistors_abbrev_model_mistral_7b,Text-only,resistors,abbrev,model_mistral_7b,False,,,True,False,Rt = k * R2
wandb_downloads_text_only/scientific-exploration-increase-text-only/artifacts/episode-text_only_mass_concrete_model_qwen25_3b-00_latest,text_only_mass_concrete_model_qwen25_3b,Text-only,mass,concrete,model_qwen25_3b,False,,,True,False,m = ρ * V
wandb_downloads_text_only/scientific-exploration-increase-text-only/artifacts/episode-text_only_distance_abstract_model_qwen35_4b-03_latest,text_only_distance_abstract_model_qwen35_4b,Text-only,distance,abstract,model_qwen35_4b,False,,,True,False,Y = A + B + C
wandb_downloads_text_only/scientific-exploration-increase-text-only/artifacts/episode-text_only_kinematics_concrete_model_qwen25_3b-00_latest,text_only_kinematics_concrete_model_qwen25_3b,Text-only,kinematics,concrete,model_qwen25_3b,False,,,True,False,position = initial_position + velocity * time
wandb_downloads_text_only/scientific-exploration-increase-text-only/artifacts/episode-text_only_mass_concrete_model_llama31_8b-01_latest,text_only_mass_concrete_model_llama31_8b,Text-only,mass,concrete,model_llama31_8b,False,,,True,False,mass = density * volume
wandb_downloads_text_only/scientific-exploration-increase-text-only/artifacts/episode-text_only_ohm_abstract_model_llama31_8b-08_latest,text_only_ohm_abstract_model_llama31_8b,Text-only,ohm,abstract,model_llama31_8b,False,,,True,False,Y = 15*A - 25
wandb_downloads_text_only/scientific-exploration-increase-text-only/artifacts/episode-text_only_distance_abbrev_model_llama31_8b-03_latest,text_only_distance_abbrev_model_llama31_8b,Text-only,distance,abbrev,model_llama31_8b,False,,,True,False,d = d1 + d2
wandb_downloads_text_only/scientific-exploration-increase-text-only/artifacts/episode-text_only_distance_abstract_model_qwen35_4b-09_latest,text_only_distance_abstract_model_qwen35_4b,Text-only,distance,abstract,model_qwen35_4b,False,,,True,False,Y = A + B + C
wandb_downloads_text_only/scientific-exploration-increase-text-only/artifacts/episode-text_only_ohm_abstract_model_qwen35_9b-01_latest,text_only_ohm_abstract_model_qwen35_9b,Text-only,ohm,abstract,model_qwen35_9b,False,,,True,False,Y = A * B
wandb_downloads_text_only/scientific-exploration-increase-text-only/artifacts/episode-text_only_ohm_abbrev_model_llama31_8b-06_latest,text_only_ohm_abbrev_model_llama31_8b,Text-only,ohm,abbrev,model_llama31_8b,False,,,True,False,100.0 * I / R
wandb_downloads_text_only/scientific-exploration-increase-text-only/artifacts/episode-text_only_mass_abbrev_model_mistral_7b-02_latest,text_only_mass_abbrev_model_mistral_7b,Text-only,mass,abbrev,model_mistral_7b,False,,,True,False,m = (k / rho^2) * V
wandb_downloads_text_only/scientific-exploration-increase-text-only/artifacts/episode-text_only_beers_concrete_model_qwen35_9b-05_latest,text_only_beers_concrete_model_qwen35_9b,Text-only,beers,concrete,model_qwen35_9b,False,,,True,False,absorbance = molar_absorptivity * concentration * path_length
wandb_downloads_text_only/scientific-exploration-increase-text-only/artifacts/episode-text_only_resistors_abstract_model_gemma3_4b-03_latest,text_only_resistors_abstract_model_gemma3_4b,Text-only,resistors,abstract,model_gemma3_4b,False,,,True,False,Y = 3 * A
wandb_downloads_text_only/scientific-exploration-increase-text-only/artifacts/episode-text_only_resistors_abbrev_model_gemma3_4b-01_latest,text_only_resistors_abbrev_model_gemma3_4b,Text-only,resistors,abbrev,model_gemma3_4b,False,,,True,False,Rt = 3 * R1 + R2
wandb_downloads_text_only/scientific-exploration-increase-text-only/artifacts/episode-text_only_beers_abstract_model_qwen35_4b-07_latest,text_only_beers_abstract_model_qwen35_4b,Text-only,beers,abstract,model_qwen35_4b,False,,,True,False,Y = A * B * C
wandb_downloads_text_only/scientific-exploration-increase-text-only/artifacts/episode-text_only_mass_abstract_model_qwen35_4b-01_latest,text_only_mass_abstract_model_qwen35_4b,Text-only,mass,abstract,model_qwen35_4b,False,,,True,False,Y = A * B
wandb_downloads_text_only/scientific-exploration-increase-text-only/artifacts/episode-text_only_beers_abstract_model_qwen25_7b-06_latest,text_only_beers_abstract_model_qwen25_7b,Text-only,beers,abstract,model_qwen25_7b,False,,,True,False,Y = A * B
wandb_downloads_text_only/scientific-exploration-increase-text-only/artifacts/episode-text_only_distance_abbrev_model_qwen25_7b-02_latest,text_only_distance_abbrev_model_qwen25_7b,Text-only,distance,abbrev,model_qwen25_7b,False,,,True,False,d = d1 + d2 + d3
wandb_downloads_text_only/scientific-exploration-increase-text-only/artifacts/episode-text_only_ohm_abstract_model_gemma3_4b-08_latest,text_only_ohm_abstract_model_gemma3_4b,Text-only,ohm,abstract,model_gemma3_4b,False,,,True,False,Y = 2 * B
wandb_downloads_text_only/scientific-exploration-increase-text-only/artifacts/episode-text_only_ohm_abstract_model_llama31_8b-01_latest,text_only_ohm_abstract_model_llama31_8b,Text-only,ohm,abstract,model_llama31_8b,False,,,True,False,Y = B
wandb_downloads_text_only/scientific-exploration-increase-text-only/artifacts/episode-text_only_resistors_abbrev_model_llama31_8b-05_latest,text_only_resistors_abbrev_model_llama31_8b,Text-only,resistors,abbrev,model_llama31_8b,False,,,True,False,Rt = 5 * R1
wandb_downloads_text_only/scientific-exploration-increase-text-only/artifacts/episode-text_only_beers_abstract_model_gemma3_4b-04_latest,text_only_beers_abstract_model_gemma3_4b,Text-only,beers,abstract,model_gemma3_4b,False,,,True,False,Y = A * B * C
wandb_downloads_text_only/scientific-exploration-increase-text-only/artifacts/episode-text_only_resistors_abbrev_model_qwen35_4b-05_latest,text_only_resistors_abbrev_model_qwen35_4b,Text-only,resistors,abbrev,model_qwen35_4b,False,,,True,False,Rt = R1 + R2
wandb_downloads_text_only/scientific-exploration-increase-text-only/artifacts/episode-text_only_resistors_concrete_model_mistral_7b-04_latest,text_only_resistors_concrete_model_mistral_7b,Text-only,resistors,concrete,model_mistral_7b,False,,,True,False,total_resistance = 1 / (1/resistance_1 + 1/resistance_2)
wandb_downloads_text_only/scientific-exploration-increase-text-only/artifacts/episode-text_only_kinematics_abbrev_model_qwen25_7b-08_latest,text_only_kinematics_abbrev_model_qwen25_7b,Text-only,kinematics,abbrev,model_qwen25_7b,False,,,True,False,x = x0 + v*t
wandb_downloads_text_only/scientific-exploration-increase-text-only/artifacts/episode-text_only_ohm_abbrev_model_qwen25_3b-08_latest,text_only_ohm_abbrev_model_qwen25_3b,Text-only,ohm,abbrev,model_qwen25_3b,False,,,True,False,V = I * R
wandb_downloads_text_only/scientific-exploration-increase-text-only/artifacts/episode-text_only_beers_abbrev_model_qwen35_9b-09_latest,text_only_beers_abbrev_model_qwen35_9b,Text-only,beers,abbrev,model_qwen35_9b,False,,,True,False,A = epsilon * c * l
wandb_downloads_text_only/scientific-exploration-increase-text-only/artifacts/episode-text_only_resistors_abstract_model_gemma3_4b-02_latest,text_only_resistors_abstract_model_gemma3_4b,Text-only,resistors,abstract,model_gemma3_4b,False,,,True,False,Y = 3 * A + 0.5 * B
wandb_downloads_text_only/scientific-exploration-increase-text-only/artifacts/episode-text_only_distance_abbrev_model_qwen35_4b-03_latest,text_only_distance_abbrev_model_qwen35_4b,Text-only,distance,abbrev,model_qwen35_4b,False,,,True,False,d = d1 + d2 + d3
wandb_downloads_text_only/scientific-exploration-increase-text-only/artifacts/episode-text_only_mass_abstract_model_mistral_7b-07_latest,text_only_mass_abstract_model_mistral_7b,Text-only,mass,abstract,model_mistral_7b,True,8,"[json_decode] model output is not valid JSON (error: Expecting ',' delimiter at pos 290): '{\\n  ""reasoning"": ""With the current observations, we have established a linear relationship between A and Y,",True,True,Y = 2A + 10
wandb_downloads_text_only/scientific-exploration-increase-text-only/artifacts/episode-text_only_beers_abstract_model_gemma3_4b-05_latest,text_only_beers_abstract_model_gemma3_4b,Text-only,beers,abstract,model_gemma3_4b,False,,,True,False,Y = A * B * C
wandb_downloads_text_only/scientific-exploration-increase-text-only/artifacts/episode-text_only_mass_abstract_model_qwen25_3b-08_latest,text_only_mass_abstract_model_qwen25_3b,Text-only,mass,abstract,model_qwen25_3b,False,,,True,False,Y = 3 * A * B
wandb_downloads_text_only/scientific-exploration-increase-text-only/artifacts/episode-text_only_ohm_abbrev_model_qwen35_9b-04_latest,text_only_ohm_abbrev_model_qwen35_9b,Text-only,ohm,abbrev,model_qwen35_9b,False,,,True,False,V = I * R
wandb_downloads_text_only/scientific-exploration-increase-text-only/artifacts/episode-text_only_kinematics_abbrev_model_qwen25_3b-03_latest,text_only_kinematics_abbrev_model_qwen25_3b,Text-only,kinematics,abbrev,model_qwen25_3b,False,,,True,False,x = x0 + vt
wandb_downloads_text_only/scientific-exploration-increase-text-only/artifacts/episode-text_only_distance_abbrev_model_qwen35_9b-06_latest,text_only_distance_abbrev_model_qwen35_9b,Text-only,distance,abbrev,model_qwen35_9b,False,,,True,False,d = d1 + d2 + d3
wandb_downloads_text_only/scientific-exploration-increase-text-only/artifacts/episode-text_only_distance_abstract_model_qwen25_3b-03_latest,text_only_distance_abstract_model_qwen25_3b,Text-only,distance,abstract,model_qwen25_3b,False,,,True,False,Y = A + B + C
wandb_downloads_text_only/scientific-exploration-increase-text-only/artifacts/episode-text_only_resistors_abstract_model_qwen35_4b-03_latest,text_only_resistors_abstract_model_qwen35_4b,Text-only,resistors,abstract,model_qwen35_4b,False,,,True,False,Y = A + B
wandb_downloads_text_only/scientific-exploration-increase-text-only/artifacts/episode-text_only_distance_abbrev_model_qwen35_4b-02_latest,text_only_distance_abbrev_model_qwen35_4b,Text-only,distance,abbrev,model_qwen35_4b,False,,,True,False,d = d1 + d2 + d3
wandb_downloads_text_only/scientific-exploration-increase-text-only/artifacts/episode-text_only_distance_concrete_model_qwen35_9b-09_latest,text_only_distance_concrete_model_qwen35_9b,Text-only,distance,concrete,model_qwen35_9b,False,,,True,False,total_distance = distance_1 + distance_2 + distance_3
wandb_downloads_text_only/scientific-exploration-increase-text-only/artifacts/episode-text_only_kinematics_abstract_model_llama31_8b-04_latest,text_only_kinematics_abstract_model_llama31_8b,Text-only,kinematics,abstract,model_llama31_8b,False,,,True,False,A * C
wandb_downloads_text_only/scientific-exploration-increase-text-only/artifacts/episode-text_only_kinematics_concrete_model_gemma3_4b-09_latest,text_only_kinematics_concrete_model_gemma3_4b,Text-only,kinematics,concrete,model_gemma3_4b,False,,,True,False,position = initial_position + velocity * time
wandb_downloads_text_only/scientific-exploration-increase-text-only/artifacts/episode-text_only_ohm_abbrev_model_gemma3_4b-05_latest,text_only_ohm_abbrev_model_gemma3_4b,Text-only,ohm,abbrev,model_gemma3_4b,False,,,True,False,V = 15 * I
wandb_downloads_text_only/scientific-exploration-increase-text-only/artifacts/episode-text_only_beers_concrete_model_llama31_8b-05_latest,text_only_beers_concrete_model_llama31_8b,Text-only,beers,concrete,model_llama31_8b,False,,,True,False,A = εcL
wandb_downloads_text_only/scientific-exploration-increase-text-only/artifacts/episode-text_only_mass_concrete_model_qwen25_3b-06_latest,text_only_mass_concrete_model_qwen25_3b,Text-only,mass,concrete,model_qwen25_3b,False,,,True,False,mass = density * volume
wandb_downloads_text_only/scientific-exploration-increase-text-only/artifacts/episode-text_only_ohm_abstract_model_qwen25_7b-03_latest,text_only_ohm_abstract_model_qwen25_7b,Text-only,ohm,abstract,model_qwen25_7b,False,,,True,False,Y = 3A + 3B
wandb_downloads_text_only/scientific-exploration-increase-text-only/artifacts/episode-text_only_ohm_abbrev_model_mistral_7b-09_latest,text_only_ohm_abbrev_model_mistral_7b,Text-only,ohm,abbrev,model_mistral_7b,False,,,True,False,V = k * I * R
wandb_downloads_text_only/scientific-exploration-increase-text-only/artifacts/episode-text_only_resistors_abbrev_model_qwen25_3b-01_latest,text_only_resistors_abbrev_model_qwen25_3b,Text-only,resistors,abbrev,model_qwen25_3b,False,,,True,False,Rt = 2 * R1 + R2
wandb_downloads_text_only/scientific-exploration-increase-text-only/artifacts/episode-text_only_mass_concrete_model_qwen25_7b-04_latest,text_only_mass_concrete_model_qwen25_7b,Text-only,mass,concrete,model_qwen25_7b,False,,,True,False,mass = density * volume
wandb_downloads_text_only/scientific-exploration-increase-text-only/artifacts/episode-text_only_distance_concrete_model_llama31_8b-06_latest,text_only_distance_concrete_model_llama31_8b,Text-only,distance,concrete,model_llama31_8b,False,,,True,False,distance_1 + distance_2 + distance_3
wandb_downloads_text_only/scientific-exploration-increase-text-only/artifacts/episode-text_only_resistors_concrete_model_qwen25_3b-06_latest,text_only_resistors_concrete_model_qwen25_3b,Text-only,resistors,concrete,model_qwen25_3b,False,,,True,False,total_resistance = resistance_1 + resistance_2
wandb_downloads_text_only/scientific-exploration-increase-text-only/artifacts/episode-text_only_ohm_abstract_model_qwen25_3b-04_latest,text_only_ohm_abstract_model_qwen25_3b,Text-only,ohm,abstract,model_qwen25_3b,False,,,True,False,Y = 15A
wandb_downloads_text_only/scientific-exploration-increase-text-only/artifacts/episode-text_only_beers_abstract_model_llama31_8b-04_latest,text_only_beers_abstract_model_llama31_8b,Text-only,beers,abstract,model_llama31_8b,False,,,True,False,Y = 20 * B
wandb_downloads_text_only/scientific-exploration-increase-text-only/artifacts/episode-text_only_ohm_abbrev_model_qwen35_9b-08_latest,text_only_ohm_abbrev_model_qwen35_9b,Text-only,ohm,abbrev,model_qwen35_9b,False,,,True,False,V = I * R
wandb_downloads_text_only/scientific-exploration-increase-text-only/artifacts/episode-text_only_kinematics_abstract_model_qwen25_7b-08_latest,text_only_kinematics_abstract_model_qwen25_7b,Text-only,kinematics,abstract,model_qwen25_7b,False,,,True,False,Y = A + B + C
wandb_downloads_text_only/scientific-exploration-increase-text-only/artifacts/episode-text_only_kinematics_abbrev_model_llama31_8b-00_latest,text_only_kinematics_abbrev_model_llama31_8b,Text-only,kinematics,abbrev,model_llama31_8b,False,,,True,False,x = 5*x0 + 5*v
wandb_downloads_text_only/scientific-exploration-increase-text-only/artifacts/episode-text_only_ohm_abstract_model_mistral_7b-07_latest,text_only_ohm_abstract_model_mistral_7b,Text-only,ohm,abstract,model_mistral_7b,False,,,True,False,Y = k * A
wandb_downloads_text_only/scientific-exploration-increase-text-only/artifacts/episode-text_only_resistors_abstract_model_llama31_8b-04_latest,text_only_resistors_abstract_model_llama31_8b,Text-only,resistors,abstract,model_llama31_8b,False,,,True,False,Y = AB
wandb_downloads_text_only/scientific-exploration-increase-text-only/artifacts/episode-text_only_distance_abbrev_model_qwen25_3b-04_latest,text_only_distance_abbrev_model_qwen25_3b,Text-only,distance,abbrev,model_qwen25_3b,False,,,True,False,d = d1 + d2 + d3
wandb_downloads_text_only/scientific-exploration-increase-text-only/artifacts/episode-text_only_beers_abbrev_model_qwen35_4b-03_latest,text_only_beers_abbrev_model_qwen35_4b,Text-only,beers,abbrev,model_qwen35_4b,False,,,True,False,A = epsilon * c * l
wandb_downloads_text_only/scientific-exploration-increase-text-only/artifacts/episode-text_only_resistors_abbrev_model_llama31_8b-00_latest,text_only_resistors_abbrev_model_llama31_8b,Text-only,resistors,abbrev,model_llama31_8b,False,,,True,False,Rt = R1*R2
wandb_downloads_text_only/scientific-exploration-increase-text-only/artifacts/episode-text_only_mass_abstract_model_llama31_8b-09_latest,text_only_mass_abstract_model_llama31_8b,Text-only,mass,abstract,model_llama31_8b,False,,,True,False,Y = 15A + 3B
wandb_downloads_text_only/scientific-exploration-increase-text-only/artifacts/episode-text_only_beers_concrete_model_qwen25_3b-05_latest,text_only_beers_concrete_model_qwen25_3b,Text-only,beers,concrete,model_qwen25_3b,False,,,True,False,Absorbance = 27 * (3.0 * 3.0) / 3.0
wandb_downloads_text_only/scientific-exploration-increase-text-only/artifacts/episode-text_only_mass_concrete_model_qwen25_7b-03_latest,text_only_mass_concrete_model_qwen25_7b,Text-only,mass,concrete,model_qwen25_7b,False,,,True,False,mass = density * volume
wandb_downloads_text_only/scientific-exploration-increase-text-only/artifacts/episode-text_only_kinematics_abstract_model_qwen35_9b-00_latest,text_only_kinematics_abstract_model_qwen35_9b,Text-only,kinematics,abstract,model_qwen35_9b,False,,,True,False,Y = A + B * C
wandb_downloads_text_only/scientific-exploration-increase-text-only/artifacts/episode-text_only_resistors_abstract_model_qwen25_3b-04_latest,text_only_resistors_abstract_model_qwen25_3b,Text-only,resistors,abstract,model_qwen25_3b,False,,,True,False,Y = A + B
wandb_downloads_text_only/scientific-exploration-increase-text-only/artifacts/episode-text_only_resistors_abbrev_model_qwen25_3b-04_latest,text_only_resistors_abbrev_model_qwen25_3b,Text-only,resistors,abbrev,model_qwen25_3b,False,,,True,False,Rt = (R1 + R2)
wandb_downloads_text_only/scientific-exploration-increase-text-only/artifacts/episode-text_only_beers_abbrev_model_qwen25_3b-03_latest,text_only_beers_abbrev_model_qwen25_3b,Text-only,beers,abbrev,model_qwen25_3b,False,,,True,False,A = 9 * epsilon * c * l
wandb_downloads_text_only/scientific-exploration-increase-text-only/artifacts/episode-text_only_kinematics_abbrev_model_llama31_8b-05_latest,text_only_kinematics_abbrev_model_llama31_8b,Text-only,kinematics,abbrev,model_llama31_8b,False,,,True,False,x = x0^2 + v*t
wandb_downloads_text_only/scientific-exploration-increase-text-only/artifacts/episode-text_only_beers_abstract_model_qwen35_4b-04_latest,text_only_beers_abstract_model_qwen35_4b,Text-only,beers,abstract,model_qwen35_4b,False,,,True,False,Y = A * B * C
wandb_downloads_text_only/scientific-exploration-increase-text-only/artifacts/episode-text_only_resistors_abbrev_model_qwen25_7b-03_latest,text_only_resistors_abbrev_model_qwen25_7b,Text-only,resistors,abbrev,model_qwen25_7b,False,,,True,False,Rt = R1 + R2
wandb_downloads_text_only/scientific-exploration-increase-text-only/artifacts/episode-text_only_distance_concrete_model_qwen35_9b-03_latest,text_only_distance_concrete_model_qwen35_9b,Text-only,distance,concrete,model_qwen35_9b,False,,,True,False,total_distance = distance_1 + distance_2 + distance_3
wandb_downloads_text_only/scientific-exploration-increase-text-only/artifacts/episode-text_only_ohm_abstract_model_qwen25_3b-05_latest,text_only_ohm_abstract_model_qwen25_3b,Text-only,ohm,abstract,model_qwen25_3b,False,,,True,False,Y = 10A
wandb_downloads_text_only/scientific-exploration-increase-text-only/artifacts/episode-text_only_ohm_abstract_model_qwen25_7b-09_latest,text_only_ohm_abstract_model_qwen25_7b,Text-only,ohm,abstract,model_qwen25_7b,False,,,True,False,Y = 15A + 0B
wandb_downloads_text_only/scientific-exploration-increase-text-only/artifacts/episode-text_only_distance_concrete_model_qwen35_9b-06_latest,text_only_distance_concrete_model_qwen35_9b,Text-only,distance,concrete,model_qwen35_9b,False,,,True,False,total_distance = distance_1 + distance_2 + distance_3
wandb_downloads_text_only/scientific-exploration-increase-text-only/artifacts/episode-text_only_ohm_concrete_model_mistral_7b-01_latest,text_only_ohm_concrete_model_mistral_7b,Text-only,ohm,concrete,model_mistral_7b,True,6,"[json_decode] model output is not valid JSON (error: Expecting ',' delimiter at pos 281): '{\\n  ""reasoning"": ""We have observed that the voltage changes proportionally with the current and resistance,",True,True,voltage = current * resistance
wandb_downloads_text_only/scientific-exploration-increase-text-only/artifacts/episode-text_only_resistors_abstract_model_qwen35_9b-06_latest,text_only_resistors_abstract_model_qwen35_9b,Text-only,resistors,abstract,model_qwen35_9b,False,,,True,False,Y = A + B
wandb_downloads_text_only/scientific-exploration-increase-text-only/artifacts/episode-text_only_mass_concrete_model_qwen35_4b-06_latest,text_only_mass_concrete_model_qwen35_4b,Text-only,mass,concrete,model_qwen35_4b,False,,,True,False,mass = density * volume
wandb_downloads_text_only/scientific-exploration-increase-text-only/artifacts/episode-text_only_kinematics_abbrev_model_qwen25_3b-02_latest,text_only_kinematics_abbrev_model_qwen25_3b,Text-only,kinematics,abbrev,model_qwen25_3b,False,,,True,False,x = 5 * t + 10.0
wandb_downloads_text_only/scientific-exploration-increase-text-only/artifacts/episode-text_only_beers_abbrev_model_qwen35_4b-02_latest,text_only_beers_abbrev_model_qwen35_4b,Text-only,beers,abbrev,model_qwen35_4b,False,,,True,False,A = epsilon * c * l
wandb_downloads_text_only/scientific-exploration-increase-text-only/artifacts/episode-text_only_mass_abstract_model_qwen35_9b-00_latest,text_only_mass_abstract_model_qwen35_9b,Text-only,mass,abstract,model_qwen35_9b,False,,,True,False,Y = A * B
wandb_downloads_text_only/scientific-exploration-increase-text-only/artifacts/episode-text_only_mass_abstract_model_qwen25_7b-04_latest,text_only_mass_abstract_model_qwen25_7b,Text-only,mass,abstract,model_qwen25_7b,False,,,True,False,Y = 15A + 0B
wandb_downloads_text_only/scientific-exploration-increase-text-only/artifacts/episode-text_only_resistors_concrete_model_llama31_8b-08_latest,text_only_resistors_concrete_model_llama31_8b,Text-only,resistors,concrete,model_llama31_8b,False,,,True,False,total_resistance = resistance_1 + resistance_2
wandb_downloads_text_only/scientific-exploration-increase-text-only/artifacts/episode-text_only_kinematics_abbrev_model_qwen25_3b-06_latest,text_only_kinematics_abbrev_model_qwen25_3b,Text-only,kinematics,abbrev,model_qwen25_3b,False,,,True,False,x = x0 + vt
wandb_downloads_text_only/scientific-exploration-increase-text-only/artifacts/episode-text_only_ohm_concrete_model_mistral_7b-08_latest,text_only_ohm_concrete_model_mistral_7b,Text-only,ohm,concrete,model_mistral_7b,True,8,"[json_decode] model output is not valid JSON (error: Expecting ',' delimiter at pos 302): '{\\n  ""reasoning"": ""The given observations show a linear relationship between current and voltage (V=k*I), an",True,True,voltage = resistance * current
wandb_downloads_text_only/scientific-exploration-increase-text-only/artifacts/episode-text_only_mass_concrete_model_qwen35_4b-03_latest,text_only_mass_concrete_model_qwen35_4b,Text-only,mass,concrete,model_qwen35_4b,False,,,True,False,mass = density * volume
wandb_downloads_text_only/scientific-exploration-increase-text-only/artifacts/episode-text_only_mass_abbrev_model_qwen35_9b-09_latest,text_only_mass_abbrev_model_qwen35_9b,Text-only,mass,abbrev,model_qwen35_9b,False,,,True,False,m = rho * V
wandb_downloads_text_only/scientific-exploration-increase-text-only/artifacts/episode-text_only_mass_abbrev_model_qwen25_7b-07_latest,text_only_mass_abbrev_model_qwen25_7b,Text-only,mass,abbrev,model_qwen25_7b,False,,,True,False,m = rho * V
wandb_downloads_text_only/scientific-exploration-increase-text-only/artifacts/episode-text_only_mass_abstract_model_qwen25_7b-07_latest,text_only_mass_abstract_model_qwen25_7b,Text-only,mass,abstract,model_qwen25_7b,False,,,True,False,Y = 15A
wandb_downloads_text_only/scientific-exploration-increase-text-only/artifacts/episode-text_only_distance_concrete_model_qwen25_3b-04_latest,text_only_distance_concrete_model_qwen25_3b,Text-only,distance,concrete,model_qwen25_3b,False,,,True,False,total_distance = distance_1 + distance_2 + distance_3
wandb_downloads_text_only/scientific-exploration-increase-text-only/artifacts/episode-text_only_distance_abstract_model_qwen25_7b-01_latest,text_only_distance_abstract_model_qwen25_7b,Text-only,distance,abstract,model_qwen25_7b,False,,,True,False,Y = C
wandb_downloads_text_only/scientific-exploration-increase-text-only/artifacts/episode-text_only_kinematics_abstract_model_qwen25_7b-06_latest,text_only_kinematics_abstract_model_qwen25_7b,Text-only,kinematics,abstract,model_qwen25_7b,False,,,True,False,Y = 5*A + 3*C
wandb_downloads_text_only/scientific-exploration-increase-text-only/artifacts/episode-text_only_resistors_concrete_model_qwen25_7b-08_latest,text_only_resistors_concrete_model_qwen25_7b,Text-only,resistors,concrete,model_qwen25_7b,False,,,True,False,total_resistance = resistance_1 + resistance_2
wandb_downloads_text_only/scientific-exploration-increase-text-only/artifacts/episode-text_only_kinematics_concrete_model_qwen35_9b-04_latest,text_only_kinematics_concrete_model_qwen35_9b,Text-only,kinematics,concrete,model_qwen35_9b,False,,,True,False,position = initial_position + velocity * time
wandb_downloads_text_only/scientific-exploration-increase-text-only/artifacts/episode-text_only_beers_abbrev_model_mistral_7b-06_latest,text_only_beers_abbrev_model_mistral_7b,Text-only,beers,abbrev,model_mistral_7b,True,6,"[json_decode] model output is not valid JSON (error: Expecting ',' delimiter at pos 434): '{\\n  ""reasoning"": ""The variable \'A\' is directly proportional to \'l\' and does not seem to be affected by ",True,True,A = l * (some constant)
wandb_downloads_text_only/scientific-exploration-increase-text-only/artifacts/episode-text_only_beers_abstract_model_qwen25_7b-02_latest,text_only_beers_abstract_model_qwen25_7b,Text-only,beers,abstract,model_qwen25_7b,False,,,True,False,Y = 8 * A^2
wandb_downloads_text_only/scientific-exploration-increase-text-only/artifacts/episode-text_only_mass_abbrev_model_llama31_8b-04_latest,text_only_mass_abbrev_model_llama31_8b,Text-only,mass,abbrev,model_llama31_8b,False,,,True,False,m = 15*rho
wandb_downloads_text_only/scientific-exploration-increase-text-only/artifacts/episode-text_only_ohm_abbrev_model_mistral_7b-08_latest,text_only_ohm_abbrev_model_mistral_7b,Text-only,ohm,abbrev,model_mistral_7b,False,,,True,False,"V = k * I, where k is the slope determined from our observations"
wandb_downloads_text_only/scientific-exploration-increase-text-only/artifacts/episode-text_only_resistors_abstract_model_qwen35_9b-07_latest,text_only_resistors_abstract_model_qwen35_9b,Text-only,resistors,abstract,model_qwen35_9b,False,,,True,False,Y = A + B
wandb_downloads_text_only/scientific-exploration-increase-text-only/artifacts/episode-text_only_mass_abbrev_model_mistral_7b-00_latest,text_only_mass_abbrev_model_mistral_7b,Text-only,mass,abbrev,model_mistral_7b,False,,,True,False,m = kV
wandb_downloads_text_only/scientific-exploration-increase-text-only/artifacts/episode-text_only_resistors_concrete_model_qwen25_3b-03_latest,text_only_resistors_concrete_model_qwen25_3b,Text-only,resistors,concrete,model_qwen25_3b,False,,,True,False,total_resistance = resistance_1 + resistance_2
wandb_downloads_text_only/scientific-exploration-increase-text-only/artifacts/episode-text_only_ohm_concrete_model_gemma3_4b-00_latest,text_only_ohm_concrete_model_gemma3_4b,Text-only,ohm,concrete,model_gemma3_4b,False,,,True,False,voltage = current * resistance
wandb_downloads_text_only/scientific-exploration-increase-text-only/artifacts/episode-text_only_beers_abbrev_model_qwen25_7b-04_latest,text_only_beers_abbrev_model_qwen25_7b,Text-only,beers,abbrev,model_qwen25_7b,False,,,True,False,A = epsilon * c * l
wandb_downloads_text_only/scientific-exploration-increase-text-only/artifacts/episode-text_only_resistors_abstract_model_qwen25_3b-01_latest,text_only_resistors_abstract_model_qwen25_3b,Text-only,resistors,abstract,model_qwen25_3b,False,,,True,False,Y = A + 10
wandb_downloads_text_only/scientific-exploration-increase-text-only/artifacts/episode-text_only_ohm_abstract_model_gemma3_4b-02_latest,text_only_ohm_abstract_model_gemma3_4b,Text-only,ohm,abstract,model_gemma3_4b,False,,,True,False,Y = 2 * B
wandb_downloads_text_only/scientific-exploration-increase-text-only/artifacts/episode-text_only_ohm_concrete_model_qwen35_9b-02_latest,text_only_ohm_concrete_model_qwen35_9b,Text-only,ohm,concrete,model_qwen35_9b,False,,,True,False,voltage = current * resistance
wandb_downloads_text_only/scientific-exploration-increase-text-only/artifacts/episode-text_only_kinematics_abbrev_model_qwen35_9b-08_latest,text_only_kinematics_abbrev_model_qwen35_9b,Text-only,kinematics,abbrev,model_qwen35_9b,False,,,True,False,x = x0 + v * t
wandb_downloads_text_only/scientific-exploration-increase-text-only/artifacts/episode-text_only_kinematics_abbrev_model_qwen35_9b-05_latest,text_only_kinematics_abbrev_model_qwen35_9b,Text-only,kinematics,abbrev,model_qwen35_9b,False,,,True,False,x = x0 + v * t
wandb_downloads_text_only/scientific-exploration-increase-text-only/artifacts/episode-text_only_resistors_abstract_model_mistral_7b-01_latest,text_only_resistors_abstract_model_mistral_7b,Text-only,resistors,abstract,model_mistral_7b,False,,,True,False,Y = f(B)
wandb_downloads_text_only/scientific-exploration-increase-text-only/artifacts/episode-text_only_mass_abbrev_model_qwen25_3b-07_latest,text_only_mass_abbrev_model_qwen25_3b,Text-only,mass,abbrev,model_qwen25_3b,False,,,True,False,m = 2 * rho * V
wandb_downloads_text_only/scientific-exploration-increase-text-only/artifacts/episode-text_only_mass_abbrev_model_gemma3_4b-08_latest,text_only_mass_abbrev_model_gemma3_4b,Text-only,mass,abbrev,model_gemma3_4b,False,,,True,False,m = V
wandb_downloads_text_only/scientific-exploration-increase-text-only/artifacts/episode-text_only_kinematics_abstract_model_gemma3_4b-05_latest,text_only_kinematics_abstract_model_gemma3_4b,Text-only,kinematics,abstract,model_gemma3_4b,False,,,True,False,Y = A * 3 + B * 2 + C * 1
wandb_downloads_text_only/scientific-exploration-increase-text-only/artifacts/episode-text_only_ohm_concrete_model_mistral_7b-00_latest,text_only_ohm_concrete_model_mistral_7b,Text-only,ohm,concrete,model_mistral_7b,False,,,True,False,V = I * R
wandb_downloads_text_only/scientific-exploration-increase-text-only/artifacts/episode-text_only_resistors_abbrev_model_llama31_8b-06_latest,text_only_resistors_abbrev_model_llama31_8b,Text-only,resistors,abbrev,model_llama31_8b,False,,,True,False,Rt = R1 + R2
wandb_downloads_text_only/scientific-exploration-increase-text-only/artifacts/episode-text_only_distance_abstract_model_llama31_8b-01_latest,text_only_distance_abstract_model_llama31_8b,Text-only,distance,abstract,model_llama31_8b,False,,,True,False,A + B + C
wandb_downloads_text_only/scientific-exploration-increase-text-only/artifacts/episode-text_only_resistors_concrete_model_qwen35_9b-01_latest,text_only_resistors_concrete_model_qwen35_9b,Text-only,resistors,concrete,model_qwen35_9b,False,,,True,False,total_resistance = resistance_1 + resistance_2
wandb_downloads_text_only/scientific-exploration-increase-text-only/artifacts/episode-text_only_beers_abbrev_model_qwen35_9b-00_latest,text_only_beers_abbrev_model_qwen35_9b,Text-only,beers,abbrev,model_qwen35_9b,False,,,True,False,A = epsilon * c * l
wandb_downloads_text_only/scientific-exploration-increase-text-only/artifacts/episode-text_only_mass_abstract_model_qwen35_9b-07_latest,text_only_mass_abstract_model_qwen35_9b,Text-only,mass,abstract,model_qwen35_9b,False,,,True,False,Y = A * B
wandb_downloads_text_only/scientific-exploration-increase-text-only/artifacts/episode-text_only_resistors_concrete_model_gemma3_4b-01_latest,text_only_resistors_concrete_model_gemma3_4b,Text-only,resistors,concrete,model_gemma3_4b,False,,,True,False,total_resistance = resistance_1 + resistance_2
wandb_downloads_text_only/scientific-exploration-increase-text-only/artifacts/episode-text_only_ohm_concrete_model_qwen35_4b-09_latest,text_only_ohm_concrete_model_qwen35_4b,Text-only,ohm,concrete,model_qwen35_4b,False,,,True,False,voltage = current * resistance
wandb_downloads_text_only/scientific-exploration-increase-text-only/artifacts/episode-text_only_kinematics_abstract_model_llama31_8b-01_latest,text_only_kinematics_abstract_model_llama31_8b,Text-only,kinematics,abstract,model_llama31_8b,False,,,True,False,Y = AC
wandb_downloads_text_only/scientific-exploration-increase-text-only/artifacts/episode-text_only_beers_abstract_model_qwen25_3b-04_latest,text_only_beers_abstract_model_qwen25_3b,Text-only,beers,abstract,model_qwen25_3b,False,,,True,False,Y = 6A
wandb_downloads_text_only/scientific-exploration-increase-text-only/artifacts/episode-text_only_resistors_abstract_model_mistral_7b-06_latest,text_only_resistors_abstract_model_mistral_7b,Text-only,resistors,abstract,model_mistral_7b,False,,,True,False,Y = a*A + b
wandb_downloads_text_only/scientific-exploration-increase-text-only/artifacts/episode-text_only_resistors_abbrev_model_llama31_8b-01_latest,text_only_resistors_abbrev_model_llama31_8b,Text-only,resistors,abbrev,model_llama31_8b,False,,,True,False,R1 + R2 = Rt
wandb_downloads_text_only/scientific-exploration-increase-text-only/artifacts/episode-text_only_resistors_concrete_model_qwen25_3b-00_latest,text_only_resistors_concrete_model_qwen25_3b,Text-only,resistors,concrete,model_qwen25_3b,False,,,True,False,total_resistance = resistance_1 + resistance_2
wandb_downloads_text_only/scientific-exploration-increase-text-only/artifacts/episode-text_only_ohm_abbrev_model_qwen35_4b-04_latest,text_only_ohm_abbrev_model_qwen35_4b,Text-only,ohm,abbrev,model_qwen35_4b,False,,,True,False,V = I * R
wandb_downloads_text_only/scientific-exploration-increase-text-only/artifacts/episode-text_only_mass_concrete_model_llama31_8b-06_latest,text_only_mass_concrete_model_llama31_8b,Text-only,mass,concrete,model_llama31_8b,False,,,True,False,mass = density * volume
wandb_downloads_text_only/scientific-exploration-increase-text-only/artifacts/episode-text_only_distance_abbrev_model_mistral_7b-03_latest,text_only_distance_abbrev_model_mistral_7b,Text-only,distance,abbrev,model_mistral_7b,False,,,True,False,d = k * d2 + b
wandb_downloads_text_only/scientific-exploration-increase-text-only/artifacts/episode-text_only_ohm_abstract_model_mistral_7b-04_latest,text_only_ohm_abstract_model_mistral_7b,Text-only,ohm,abstract,model_mistral_7b,True,6,"[json_decode] model output is not valid JSON (error: Expecting ',' delimiter at pos 375): '{\\n  ""reasoning"": ""We have established a linear relationship between Y and A with a slope of 10. However, th",True,True,Y = A * 10 + 0 * B
wandb_downloads_text_only/scientific-exploration-increase-text-only/artifacts/episode-text_only_ohm_abbrev_model_qwen25_3b-05_latest,text_only_ohm_abbrev_model_qwen25_3b,Text-only,ohm,abbrev,model_qwen25_3b,False,,,True,False,V = (I + R) * k
wandb_downloads_text_only/scientific-exploration-increase-text-only/artifacts/episode-text_only_resistors_abstract_model_qwen25_3b-02_latest,text_only_resistors_abstract_model_qwen25_3b,Text-only,resistors,abstract,model_qwen25_3b,False,,,True,False,Y = 5(A + B)
wandb_downloads_text_only/scientific-exploration-increase-text-only/artifacts/episode-text_only_distance_abbrev_model_llama31_8b-04_latest,text_only_distance_abbrev_model_llama31_8b,Text-only,distance,abbrev,model_llama31_8b,False,,,True,False,d = d1 * d2
wandb_downloads_text_only/scientific-exploration-increase-text-only/artifacts/episode-text_only_beers_abbrev_model_llama31_8b-07_latest,text_only_beers_abbrev_model_llama31_8b,Text-only,beers,abbrev,model_llama31_8b,False,,,True,False,A = (epsilon^2) / l
wandb_downloads_text_only/scientific-exploration-increase-text-only/artifacts/episode-text_only_beers_concrete_model_llama31_8b-06_latest,text_only_beers_concrete_model_llama31_8b,Text-only,beers,concrete,model_llama31_8b,False,,,True,False,A = molar_absorptivity * concentration * path_length
wandb_downloads_text_only/scientific-exploration-increase-text-only/artifacts/episode-text_only_resistors_concrete_model_gemma3_4b-07_latest,text_only_resistors_concrete_model_gemma3_4b,Text-only,resistors,concrete,model_gemma3_4b,False,,,True,False,total_resistance = resistance_1 + resistance_2
wandb_downloads_text_only/scientific-exploration-increase-text-only/artifacts/episode-text_only_resistors_abbrev_model_qwen25_7b-09_latest,text_only_resistors_abbrev_model_qwen25_7b,Text-only,resistors,abbrev,model_qwen25_7b,False,,,True,False,Rt = R1
wandb_downloads_text_only/scientific-exploration-increase-text-only/artifacts/episode-text_only_ohm_concrete_model_qwen25_3b-03_latest,text_only_ohm_concrete_model_qwen25_3b,Text-only,ohm,concrete,model_qwen25_3b,False,,,True,False,voltage = current * resistance
wandb_downloads_text_only/scientific-exploration-increase-text-only/artifacts/episode-text_only_beers_abstract_model_qwen35_9b-09_latest,text_only_beers_abstract_model_qwen35_9b,Text-only,beers,abstract,model_qwen35_9b,False,,,True,False,Y = A * B * C
wandb_downloads_text_only/scientific-exploration-increase-text-only/artifacts/episode-text_only_distance_abbrev_model_qwen25_7b-01_latest,text_only_distance_abbrev_model_qwen25_7b,Text-only,distance,abbrev,model_qwen25_7b,False,,,True,False,d = d1 + d2 + d3
wandb_downloads_text_only/scientific-exploration-increase-text-only/artifacts/episode-text_only_resistors_concrete_model_gemma3_4b-00_latest,text_only_resistors_concrete_model_gemma3_4b,Text-only,resistors,concrete,model_gemma3_4b,False,,,True,False,total_resistance = resistance_1 + resistance_2
wandb_downloads_text_only/scientific-exploration-increase-text-only/artifacts/episode-text_only_beers_abstract_model_qwen35_9b-00_latest,text_only_beers_abstract_model_qwen35_9b,Text-only,beers,abstract,model_qwen35_9b,False,,,True,False,Y = A * B * C
wandb_downloads_text_only/scientific-exploration-increase-text-only/artifacts/episode-text_only_mass_abstract_model_gemma3_4b-08_latest,text_only_mass_abstract_model_gemma3_4b,Text-only,mass,abstract,model_gemma3_4b,False,,,True,False,Y = A * B
wandb_downloads_text_only/scientific-exploration-increase-text-only/artifacts/episode-text_only_beers_concrete_model_llama31_8b-00_latest,text_only_beers_concrete_model_llama31_8b,Text-only,beers,concrete,model_llama31_8b,False,,,True,False,A = molar_absorptivity * concentration * path_length
wandb_downloads_text_only/scientific-exploration-increase-text-only/artifacts/episode-text_only_kinematics_abstract_model_qwen35_4b-01_latest,text_only_kinematics_abstract_model_qwen35_4b,Text-only,kinematics,abstract,model_qwen35_4b,False,,,True,False,Y = A + B * C
wandb_downloads_text_only/scientific-exploration-increase-text-only/artifacts/episode-text_only_beers_abstract_model_llama31_8b-02_latest,text_only_beers_abstract_model_llama31_8b,Text-only,beers,abstract,model_llama31_8b,False,,,True,False,Y = A
wandb_downloads_text_only/scientific-exploration-increase-text-only/artifacts/episode-text_only_resistors_abbrev_model_qwen35_4b-06_latest,text_only_resistors_abbrev_model_qwen35_4b,Text-only,resistors,abbrev,model_qwen35_4b,False,,,True,False,Rt = R1 + R2
wandb_downloads_text_only/scientific-exploration-increase-text-only/artifacts/episode-text_only_mass_abstract_model_qwen25_7b-03_latest,text_only_mass_abstract_model_qwen25_7b,Text-only,mass,abstract,model_qwen25_7b,False,,,True,False,Y = B - A
wandb_downloads_text_only/scientific-exploration-increase-text-only/artifacts/episode-text_only_mass_abstract_model_qwen25_3b-02_latest,text_only_mass_abstract_model_qwen25_3b,Text-only,mass,abstract,model_qwen25_3b,False,,,True,False,Y = 10 * A
wandb_downloads_text_only/scientific-exploration-increase-text-only/artifacts/episode-text_only_distance_abbrev_model_qwen25_3b-08_latest,text_only_distance_abbrev_model_qwen25_3b,Text-only,distance,abbrev,model_qwen25_3b,False,,,True,False,d = (d1 + d2 + d3)
wandb_downloads_text_only/scientific-exploration-increase-text-only/artifacts/episode-text_only_beers_concrete_model_gemma3_4b-03_latest,text_only_beers_concrete_model_gemma3_4b,Text-only,beers,concrete,model_gemma3_4b,False,,,True,False,absorbance = molar_absorptivity * concentration * path_length
wandb_downloads_text_only/scientific-exploration-increase-text-only/artifacts/episode-text_only_kinematics_concrete_model_llama31_8b-01_latest,text_only_kinematics_concrete_model_llama31_8b,Text-only,kinematics,concrete,model_llama31_8b,False,,,True,False,position = initial_position + velocity * time
wandb_downloads_text_only/scientific-exploration-increase-text-only/artifacts/episode-text_only_ohm_abbrev_model_qwen25_3b-03_latest,text_only_ohm_abbrev_model_qwen25_3b,Text-only,ohm,abbrev,model_qwen25_3b,False,,,True,False,V = 20 * I * R / 100
wandb_downloads_text_only/scientific-exploration-increase-text-only/artifacts/episode-text_only_distance_concrete_model_qwen25_7b-01_latest,text_only_distance_concrete_model_qwen25_7b,Text-only,distance,concrete,model_qwen25_7b,False,,,True,False,total_distance = distance_1 + distance_2 + distance_3
wandb_downloads_text_only/scientific-exploration-increase-text-only/artifacts/episode-text_only_mass_abstract_model_gemma3_4b-09_latest,text_only_mass_abstract_model_gemma3_4b,Text-only,mass,abstract,model_gemma3_4b,False,,,True,False,Y = 2 * A
wandb_downloads_text_only/scientific-exploration-increase-text-only/artifacts/episode-text_only_ohm_concrete_model_gemma3_4b-03_latest,text_only_ohm_concrete_model_gemma3_4b,Text-only,ohm,concrete,model_gemma3_4b,False,,,True,False,voltage = current * resistance
wandb_downloads_text_only/scientific-exploration-increase-text-only/artifacts/episode-text_only_ohm_abstract_model_gemma3_4b-04_latest,text_only_ohm_abstract_model_gemma3_4b,Text-only,ohm,abstract,model_gemma3_4b,False,,,True,False,Y = 2 * B
wandb_downloads_text_only/scientific-exploration-increase-text-only/artifacts/episode-text_only_resistors_abbrev_model_mistral_7b-00_latest,text_only_resistors_abbrev_model_mistral_7b,Text-only,resistors,abbrev,model_mistral_7b,True,3,"[json_decode] model output is not valid JSON (error: Expecting ',' delimiter at pos 258): '{\\n  ""reasoning"": ""The relationship between R1, R2, and Rt is consistent with Rt = R1 + R2. No further obser",True,True,Rt = R1 + R2
wandb_downloads_text_only/scientific-exploration-increase-text-only/artifacts/episode-text_only_distance_abbrev_model_qwen25_7b-00_latest,text_only_distance_abbrev_model_qwen25_7b,Text-only,distance,abbrev,model_qwen25_7b,False,,,True,False,d = d3
wandb_downloads_text_only/scientific-exploration-increase-text-only/artifacts/episode-text_only_mass_concrete_model_qwen25_3b-08_latest,text_only_mass_concrete_model_qwen25_3b,Text-only,mass,concrete,model_qwen25_3b,False,,,True,False,m = ρ * V
wandb_downloads_text_only/scientific-exploration-increase-text-only/artifacts/episode-text_only_distance_abbrev_model_qwen35_4b-01_latest,text_only_distance_abbrev_model_qwen35_4b,Text-only,distance,abbrev,model_qwen35_4b,False,,,True,False,d = d1 + d2 + d3
wandb_downloads_text_only/scientific-exploration-increase-text-only/artifacts/episode-text_only_distance_concrete_model_qwen35_9b-05_latest,text_only_distance_concrete_model_qwen35_9b,Text-only,distance,concrete,model_qwen35_9b,False,,,True,False,total_distance = distance_1 + distance_2 + distance_3
wandb_downloads_text_only/scientific-exploration-increase-text-only/artifacts/episode-text_only_resistors_concrete_model_qwen35_9b-09_latest,text_only_resistors_concrete_model_qwen35_9b,Text-only,resistors,concrete,model_qwen35_9b,False,,,True,False,total_resistance = resistance_1 + resistance_2
wandb_downloads_text_only/scientific-exploration-increase-text-only/artifacts/episode-text_only_ohm_concrete_model_qwen35_4b-00_latest,text_only_ohm_concrete_model_qwen35_4b,Text-only,ohm,concrete,model_qwen35_4b,False,,,True,False,voltage = current * resistance
wandb_downloads_text_only/scientific-exploration-increase-text-only/artifacts/episode-text_only_resistors_concrete_model_mistral_7b-05_latest,text_only_resistors_concrete_model_mistral_7b,Text-only,resistors,concrete,model_mistral_7b,False,,,True,False,total_resistance = 5.0 * resistance_1 + 0.0
wandb_downloads_text_only/scientific-exploration-increase-text-only/artifacts/episode-text_only_kinematics_abbrev_model_qwen35_9b-01_latest,text_only_kinematics_abbrev_model_qwen35_9b,Text-only,kinematics,abbrev,model_qwen35_9b,False,,,True,False,x = x0 + v * t
wandb_downloads_text_only/scientific-exploration-increase-text-only/artifacts/episode-text_only_kinematics_concrete_model_qwen25_3b-02_latest,text_only_kinematics_concrete_model_qwen25_3b,Text-only,kinematics,concrete,model_qwen25_3b,False,,,True,False,position = initial_position * velocity
wandb_downloads_text_only/scientific-exploration-increase-text-only/artifacts/episode-text_only_kinematics_abstract_model_mistral_7b-02_latest,text_only_kinematics_abstract_model_mistral_7b,Text-only,kinematics,abstract,model_mistral_7b,True,8,"[json_decode] model output is not valid JSON (error: Expecting ',' delimiter at pos 347): '{\\n  ""reasoning"": ""We have found a strong relationship between Y, A, B, and C. Based on the observations, we",True,True,Y = A + C - B
wandb_downloads_text_only/scientific-exploration-increase-text-only/artifacts/episode-text_only_ohm_abstract_model_qwen35_9b-09_latest,text_only_ohm_abstract_model_qwen35_9b,Text-only,ohm,abstract,model_qwen35_9b,False,,,True,False,Y = A * B
wandb_downloads_text_only/scientific-exploration-increase-text-only/artifacts/episode-text_only_ohm_abbrev_model_qwen25_3b-04_latest,text_only_ohm_abbrev_model_qwen25_3b,Text-only,ohm,abbrev,model_qwen25_3b,False,,,True,False,V = 15 * I * R
wandb_downloads_text_only/scientific-exploration-increase-text-only/artifacts/episode-text_only_resistors_concrete_model_qwen25_7b-02_latest,text_only_resistors_concrete_model_qwen25_7b,Text-only,resistors,concrete,model_qwen25_7b,False,,,True,False,total_resistance = resistance_1 + resistance_2
wandb_downloads_text_only/scientific-exploration-increase-text-only/artifacts/episode-text_only_distance_concrete_model_llama31_8b-04_latest,text_only_distance_concrete_model_llama31_8b,Text-only,distance,concrete,model_llama31_8b,False,,,True,False,distance_1 + distance_2 + distance_3
wandb_downloads_text_only/scientific-exploration-increase-text-only/artifacts/episode-text_only_beers_abbrev_model_qwen35_9b-08_latest,text_only_beers_abbrev_model_qwen35_9b,Text-only,beers,abbrev,model_qwen35_9b,False,,,True,False,A = epsilon * c * l
wandb_downloads_text_only/scientific-exploration-increase-text-only/artifacts/episode-text_only_distance_abstract_model_qwen25_3b-06_latest,text_only_distance_abstract_model_qwen25_3b,Text-only,distance,abstract,model_qwen25_3b,False,,,True,False,Y = A + B + C
wandb_downloads_text_only/scientific-exploration-increase-text-only/artifacts/episode-text_only_ohm_abbrev_model_llama31_8b-08_latest,text_only_ohm_abbrev_model_llama31_8b,Text-only,ohm,abbrev,model_llama31_8b,False,,,True,False,V = I * R
wandb_downloads_text_only/scientific-exploration-increase-text-only/artifacts/episode-text_only_mass_abstract_model_qwen35_4b-06_latest,text_only_mass_abstract_model_qwen35_4b,Text-only,mass,abstract,model_qwen35_4b,False,,,True,False,Y = A * B
wandb_downloads_text_only/scientific-exploration-increase-text-only/artifacts/episode-text_only_beers_abbrev_model_qwen25_7b-06_latest,text_only_beers_abbrev_model_qwen25_7b,Text-only,beers,abbrev,model_qwen25_7b,False,,,True,False,A = epsilon * c * l
wandb_downloads_text_only/scientific-exploration-increase-text-only/artifacts/episode-text_only_ohm_abstract_model_llama31_8b-06_latest,text_only_ohm_abstract_model_llama31_8b,Text-only,ohm,abstract,model_llama31_8b,False,,,True,False,Y = k * B
wandb_downloads_text_only/scientific-exploration-increase-text-only/artifacts/episode-text_only_ohm_abbrev_model_qwen25_7b-04_latest,text_only_ohm_abbrev_model_qwen25_7b,Text-only,ohm,abbrev,model_qwen25_7b,False,,,True,False,V = I * R
wandb_downloads_text_only/scientific-exploration-increase-text-only/artifacts/episode-text_only_distance_abstract_model_gemma3_4b-06_latest,text_only_distance_abstract_model_gemma3_4b,Text-only,distance,abstract,model_gemma3_4b,False,,,True,False,Y = 5 * A
wandb_downloads_text_only/scientific-exploration-increase-text-only/artifacts/episode-text_only_distance_abstract_model_mistral_7b-08_latest,text_only_distance_abstract_model_mistral_7b,Text-only,distance,abstract,model_mistral_7b,False,,,True,False,Y = k * B + b
wandb_downloads_text_only/scientific-exploration-increase-text-only/artifacts/episode-text_only_beers_abbrev_model_qwen25_7b-09_latest,text_only_beers_abbrev_model_qwen25_7b,Text-only,beers,abbrev,model_qwen25_7b,False,,,True,False,A = epsilon * c * l
wandb_downloads_text_only/scientific-exploration-increase-text-only/artifacts/episode-text_only_kinematics_abbrev_model_qwen35_4b-02_latest,text_only_kinematics_abbrev_model_qwen35_4b,Text-only,kinematics,abbrev,model_qwen35_4b,False,,,True,False,x = x0 + v * t
wandb_downloads_text_only/scientific-exploration-increase-text-only/artifacts/episode-text_only_resistors_abstract_model_qwen35_4b-06_latest,text_only_resistors_abstract_model_qwen35_4b,Text-only,resistors,abstract,model_qwen35_4b,False,,,True,False,Y = A + B
wandb_downloads_text_only/scientific-exploration-increase-text-only/artifacts/episode-text_only_mass_concrete_model_qwen35_9b-09_latest,text_only_mass_concrete_model_qwen35_9b,Text-only,mass,concrete,model_qwen35_9b,False,,,True,False,mass = density * volume
wandb_downloads_text_only/scientific-exploration-increase-text-only/artifacts/episode-text_only_beers_abstract_model_mistral_7b-08_latest,text_only_beers_abstract_model_mistral_7b,Text-only,beers,abstract,model_mistral_7b,False,,,True,False,Y = a*A + b*B + c*C^2
wandb_downloads_text_only/scientific-exploration-increase-text-only/artifacts/episode-text_only_beers_concrete_model_qwen35_4b-02_latest,text_only_beers_concrete_model_qwen35_4b,Text-only,beers,concrete,model_qwen35_4b,False,,,True,False,absorbance = molar_absorptivity * concentration * path_length
wandb_downloads_text_only/scientific-exploration-increase-text-only/artifacts/episode-text_only_ohm_concrete_model_qwen25_7b-04_latest,text_only_ohm_concrete_model_qwen25_7b,Text-only,ohm,concrete,model_qwen25_7b,False,,,True,False,voltage = current * resistance
wandb_downloads_text_only/scientific-exploration-increase-text-only/artifacts/episode-text_only_distance_concrete_model_qwen25_3b-05_latest,text_only_distance_concrete_model_qwen25_3b,Text-only,distance,concrete,model_qwen25_3b,False,,,True,False,total_distance = distance_1 + distance_2 + distance_3
wandb_downloads_text_only/scientific-exploration-increase-text-only/artifacts/episode-text_only_ohm_abstract_model_qwen25_3b-06_latest,text_only_ohm_abstract_model_qwen25_3b,Text-only,ohm,abstract,model_qwen25_3b,False,,,True,False,Y = 3B
wandb_downloads_text_only/scientific-exploration-increase-text-only/artifacts/episode-text_only_resistors_abstract_model_qwen25_3b-06_latest,text_only_resistors_abstract_model_qwen25_3b,Text-only,resistors,abstract,model_qwen25_3b,False,,,True,False,Y = A + B
wandb_downloads_text_only/scientific-exploration-increase-text-only/artifacts/episode-text_only_beers_abbrev_model_qwen25_3b-05_latest,text_only_beers_abbrev_model_qwen25_3b,Text-only,beers,abbrev,model_qwen25_3b,False,,,True,False,A = epsilon
wandb_downloads_text_only/scientific-exploration-increase-text-only/artifacts/episode-text_only_beers_abstract_model_mistral_7b-05_latest,text_only_beers_abstract_model_mistral_7b,Text-only,beers,abstract,model_mistral_7b,False,,,True,False,Y = B * C
wandb_downloads_text_only/scientific-exploration-increase-text-only/artifacts/episode-text_only_beers_concrete_model_mistral_7b-02_latest,text_only_beers_concrete_model_mistral_7b,Text-only,beers,concrete,model_mistral_7b,False,,,True,False,A = εcl
wandb_downloads_text_only/scientific-exploration-increase-text-only/artifacts/episode-text_only_mass_abbrev_model_qwen25_7b-03_latest,text_only_mass_abbrev_model_qwen25_7b,Text-only,mass,abbrev,model_qwen25_7b,False,,,True,False,m = rho * V
wandb_downloads_text_only/scientific-exploration-increase-text-only/artifacts/episode-text_only_beers_abstract_model_qwen35_9b-01_latest,text_only_beers_abstract_model_qwen35_9b,Text-only,beers,abstract,model_qwen35_9b,False,,,True,False,Y = A * B * C
wandb_downloads_text_only/scientific-exploration-increase-text-only/artifacts/episode-text_only_kinematics_abbrev_model_mistral_7b-08_latest,text_only_kinematics_abbrev_model_mistral_7b,Text-only,kinematics,abbrev,model_mistral_7b,False,,,True,False,x = x0 * t + v * t^2
wandb_downloads_text_only/scientific-exploration-increase-text-only/artifacts/episode-text_only_kinematics_concrete_model_qwen35_9b-00_latest,text_only_kinematics_concrete_model_qwen35_9b,Text-only,kinematics,concrete,model_qwen35_9b,False,,,True,False,initial_position + velocity * time
wandb_downloads_text_only/scientific-exploration-increase-text-only/artifacts/episode-text_only_kinematics_abstract_model_mistral_7b-00_latest,text_only_kinematics_abstract_model_mistral_7b,Text-only,kinematics,abstract,model_mistral_7b,False,,,True,False,Y = aA + bC
wandb_downloads_text_only/scientific-exploration-increase-text-only/artifacts/episode-text_only_ohm_concrete_model_llama31_8b-01_latest,text_only_ohm_concrete_model_llama31_8b,Text-only,ohm,concrete,model_llama31_8b,False,,,True,False,voltage = current * resistance
wandb_downloads_text_only/scientific-exploration-increase-text-only/artifacts/episode-text_only_distance_concrete_model_qwen25_7b-00_latest,text_only_distance_concrete_model_qwen25_7b,Text-only,distance,concrete,model_qwen25_7b,False,,,True,False,total_distance = distance_1 + distance_2 + distance_3
wandb_downloads_text_only/scientific-exploration-increase-text-only/artifacts/episode-text_only_distance_abstract_model_gemma3_4b-01_latest,text_only_distance_abstract_model_gemma3_4b,Text-only,distance,abstract,model_gemma3_4b,False,,,True,False,Y = A + B + C
wandb_downloads_text_only/scientific-exploration-increase-text-only/artifacts/episode-text_only_beers_abstract_model_gemma3_4b-03_latest,text_only_beers_abstract_model_gemma3_4b,Text-only,beers,abstract,model_gemma3_4b,False,,,True,False,Y = A * B * C
wandb_downloads_text_only/scientific-exploration-increase-text-only/artifacts/episode-text_only_ohm_concrete_model_qwen35_4b-07_latest,text_only_ohm_concrete_model_qwen35_4b,Text-only,ohm,concrete,model_qwen35_4b,False,,,True,False,voltage = current * resistance
wandb_downloads_text_only/scientific-exploration-increase-text-only/artifacts/episode-text_only_kinematics_abbrev_model_gemma3_4b-02_latest,text_only_kinematics_abbrev_model_gemma3_4b,Text-only,kinematics,abbrev,model_gemma3_4b,False,,,True,False,x = x0 + v * t
wandb_downloads_text_only/scientific-exploration-increase-text-only/artifacts/episode-text_only_resistors_abbrev_model_qwen35_9b-07_latest,text_only_resistors_abbrev_model_qwen35_9b,Text-only,resistors,abbrev,model_qwen35_9b,False,,,True,False,Rt = R1 + R2
wandb_downloads_text_only/scientific-exploration-increase-text-only/artifacts/episode-text_only_distance_abbrev_model_qwen25_3b-00_latest,text_only_distance_abbrev_model_qwen25_3b,Text-only,distance,abbrev,model_qwen25_3b,False,,,True,False,d = (d1 + d2 + d3) / 3
wandb_downloads_text_only/scientific-exploration-increase-text-only/artifacts/episode-text_only_distance_concrete_model_mistral_7b-00_latest,text_only_distance_concrete_model_mistral_7b,Text-only,distance,concrete,model_mistral_7b,False,,,True,False,total_distance = distance_1 + distance_2 + distance_3
wandb_downloads_text_only/scientific-exploration-increase-text-only/artifacts/episode-text_only_kinematics_abbrev_model_mistral_7b-02_latest,text_only_kinematics_abbrev_model_mistral_7b,Text-only,kinematics,abbrev,model_mistral_7b,False,,,True,False,x = x0 + v*t
wandb_downloads_text_only/scientific-exploration-increase-text-only/artifacts/episode-text_only_beers_abstract_model_gemma3_4b-09_latest,text_only_beers_abstract_model_gemma3_4b,Text-only,beers,abstract,model_gemma3_4b,False,,,True,False,Y = A * B * C
wandb_downloads_text_only/scientific-exploration-increase-text-only/artifacts/episode-text_only_ohm_concrete_model_qwen25_7b-01_latest,text_only_ohm_concrete_model_qwen25_7b,Text-only,ohm,concrete,model_qwen25_7b,False,,,True,False,voltage = current * resistance
wandb_downloads_text_only/scientific-exploration-increase-text-only/artifacts/episode-text_only_resistors_concrete_model_qwen25_7b-07_latest,text_only_resistors_concrete_model_qwen25_7b,Text-only,resistors,concrete,model_qwen25_7b,False,,,True,False,total_resistance = resistance_1 + resistance_2
wandb_downloads_text_only/scientific-exploration-increase-text-only/artifacts/episode-text_only_mass_abbrev_model_qwen25_7b-01_latest,text_only_mass_abbrev_model_qwen25_7b,Text-only,mass,abbrev,model_qwen25_7b,False,,,True,False,m = rho * V
wandb_downloads_text_only/scientific-exploration-increase-text-only/artifacts/episode-text_only_kinematics_abbrev_model_llama31_8b-04_latest,text_only_kinematics_abbrev_model_llama31_8b,Text-only,kinematics,abbrev,model_llama31_8b,False,,,True,False,x = x0 + vt
wandb_downloads_text_only/scientific-exploration-increase-text-only/artifacts/episode-text_only_resistors_abstract_model_qwen25_3b-00_latest,text_only_resistors_abstract_model_qwen25_3b,Text-only,resistors,abstract,model_qwen25_3b,False,,,True,False,Y = A + B
wandb_downloads_text_only/scientific-exploration-increase-text-only/artifacts/episode-text_only_ohm_concrete_model_gemma3_4b-06_latest,text_only_ohm_concrete_model_gemma3_4b,Text-only,ohm,concrete,model_gemma3_4b,False,,,True,False,voltage = current * resistance
wandb_downloads_text_only/scientific-exploration-increase-text-only/artifacts/episode-text_only_ohm_abbrev_model_mistral_7b-06_latest,text_only_ohm_abbrev_model_mistral_7b,Text-only,ohm,abbrev,model_mistral_7b,False,,,True,False,V = 15 * I * R
wandb_downloads_text_only/scientific-exploration-increase-text-only/artifacts/episode-text_only_kinematics_abbrev_model_qwen25_7b-05_latest,text_only_kinematics_abbrev_model_qwen25_7b,Text-only,kinematics,abbrev,model_qwen25_7b,False,,,True,False,x = x0 + v * t
wandb_downloads_text_only/scientific-exploration-increase-text-only/artifacts/episode-text_only_ohm_concrete_model_gemma3_4b-08_latest,text_only_ohm_concrete_model_gemma3_4b,Text-only,ohm,concrete,model_gemma3_4b,False,,,True,False,voltage = current * resistance
wandb_downloads_text_only/scientific-exploration-increase-text-only/artifacts/episode-text_only_beers_concrete_model_qwen35_9b-01_latest,text_only_beers_concrete_model_qwen35_9b,Text-only,beers,concrete,model_qwen35_9b,False,,,True,False,absorbance = molar_absorptivity * concentration * path_length
wandb_downloads_text_only/scientific-exploration-increase-text-only/artifacts/episode-text_only_kinematics_abbrev_model_qwen25_3b-08_latest,text_only_kinematics_abbrev_model_qwen25_3b,Text-only,kinematics,abbrev,model_qwen25_3b,False,,,True,False,x = x0 + v*t
wandb_downloads_text_only/scientific-exploration-increase-text-only/artifacts/episode-text_only_ohm_concrete_model_qwen25_3b-01_latest,text_only_ohm_concrete_model_qwen25_3b,Text-only,ohm,concrete,model_qwen25_3b,False,,,True,False,voltage = current * resistance
wandb_downloads_text_only/scientific-exploration-increase-text-only/artifacts/episode-text_only_resistors_concrete_model_llama31_8b-00_latest,text_only_resistors_concrete_model_llama31_8b,Text-only,resistors,concrete,model_llama31_8b,False,,,True,False,resistance_1 + resistance_2
wandb_downloads_text_only/scientific-exploration-increase-text-only/artifacts/episode-text_only_distance_concrete_model_qwen25_3b-00_latest,text_only_distance_concrete_model_qwen25_3b,Text-only,distance,concrete,model_qwen25_3b,False,,,True,False,total_distance = distance_1 + distance_2 + distance_3
wandb_downloads_text_only/scientific-exploration-increase-text-only/artifacts/episode-text_only_distance_concrete_model_qwen35_4b-01_latest,text_only_distance_concrete_model_qwen35_4b,Text-only,distance,concrete,model_qwen35_4b,False,,,True,False,total_distance = distance_1 + distance_2 + distance_3
wandb_downloads_text_only/scientific-exploration-increase-text-only/artifacts/episode-text_only_distance_abstract_model_gemma3_4b-05_latest,text_only_distance_abstract_model_gemma3_4b,Text-only,distance,abstract,model_gemma3_4b,False,,,True,False,Y = 2 * A + 0 * B + 0 * C
wandb_downloads_text_only/scientific-exploration-increase-text-only/artifacts/episode-text_only_resistors_abstract_model_qwen35_4b-07_latest,text_only_resistors_abstract_model_qwen35_4b,Text-only,resistors,abstract,model_qwen35_4b,False,,,True,False,Y = A + B
wandb_downloads_text_only/scientific-exploration-increase-text-only/artifacts/episode-text_only_mass_abbrev_model_qwen25_3b-09_latest,text_only_mass_abbrev_model_qwen25_3b,Text-only,mass,abbrev,model_qwen25_3b,False,,,True,False,m = 2 * rho * V
wandb_downloads_text_only/scientific-exploration-increase-text-only/artifacts/episode-text_only_beers_concrete_model_qwen25_7b-01_latest,text_only_beers_concrete_model_qwen25_7b,Text-only,beers,concrete,model_qwen25_7b,False,,,True,False,absorbance = molar_absorptivity * concentration * path_length
wandb_downloads_text_only/scientific-exploration-increase-text-only/artifacts/episode-text_only_beers_abstract_model_llama31_8b-00_latest,text_only_beers_abstract_model_llama31_8b,Text-only,beers,abstract,model_llama31_8b,False,,,True,False,Y = AC^2
wandb_downloads_text_only/scientific-exploration-increase-text-only/artifacts/episode-text_only_resistors_concrete_model_qwen35_4b-03_latest,text_only_resistors_concrete_model_qwen35_4b,Text-only,resistors,concrete,model_qwen35_4b,False,,,True,False,total_resistance = resistance_1 + resistance_2
wandb_downloads_text_only/scientific-exploration-increase-text-only/artifacts/episode-text_only_kinematics_concrete_model_qwen35_4b-08_latest,text_only_kinematics_concrete_model_qwen35_4b,Text-only,kinematics,concrete,model_qwen35_4b,False,,,True,False,position = initial_position + velocity * time
wandb_downloads_text_only/scientific-exploration-increase-text-only/artifacts/episode-text_only_distance_abstract_model_qwen25_3b-00_latest,text_only_distance_abstract_model_qwen25_3b,Text-only,distance,abstract,model_qwen25_3b,False,,,True,False,Y = 1.4 * (A + B + C)
wandb_downloads_text_only/scientific-exploration-increase-text-only/artifacts/episode-text_only_ohm_concrete_model_mistral_7b-05_latest,text_only_ohm_concrete_model_mistral_7b,Text-only,ohm,concrete,model_mistral_7b,False,,,True,False,voltage = current * resistance
wandb_downloads_text_only/scientific-exploration-increase-text-only/artifacts/episode-text_only_mass_abbrev_model_qwen35_4b-04_latest,text_only_mass_abbrev_model_qwen35_4b,Text-only,mass,abbrev,model_qwen35_4b,False,,,True,False,m = rho * V
wandb_downloads_text_only/scientific-exploration-increase-text-only/artifacts/episode-text_only_ohm_concrete_model_gemma3_4b-04_latest,text_only_ohm_concrete_model_gemma3_4b,Text-only,ohm,concrete,model_gemma3_4b,False,,,True,False,voltage = current * resistance
wandb_downloads_text_only/scientific-exploration-increase-text-only/artifacts/episode-text_only_distance_abstract_model_qwen25_7b-06_latest,text_only_distance_abstract_model_qwen25_7b,Text-only,distance,abstract,model_qwen25_7b,False,,,True,False,Y = A
wandb_downloads_text_only/scientific-exploration-increase-text-only/artifacts/episode-text_only_distance_concrete_model_qwen35_9b-01_latest,text_only_distance_concrete_model_qwen35_9b,Text-only,distance,concrete,model_qwen35_9b,False,,,True,False,total_distance = distance_1 + distance_2 + distance_3
wandb_downloads_text_only/scientific-exploration-increase-text-only/artifacts/episode-text_only_beers_abbrev_model_mistral_7b-08_latest,text_only_beers_abbrev_model_mistral_7b,Text-only,beers,abbrev,model_mistral_7b,False,,,True,False,A = l^3
wandb_downloads_text_only/scientific-exploration-increase-text-only/artifacts/episode-text_only_mass_abbrev_model_qwen35_9b-00_latest,text_only_mass_abbrev_model_qwen35_9b,Text-only,mass,abbrev,model_qwen35_9b,False,,,True,False,m = rho * V
wandb_downloads_text_only/scientific-exploration-increase-text-only/artifacts/episode-text_only_kinematics_abstract_model_llama31_8b-05_latest,text_only_kinematics_abstract_model_llama31_8b,Text-only,kinematics,abstract,model_llama31_8b,False,,,True,False,Y = C
wandb_downloads_text_only/scientific-exploration-increase-text-only/artifacts/episode-text_only_mass_abstract_model_qwen25_3b-05_latest,text_only_mass_abstract_model_qwen25_3b,Text-only,mass,abstract,model_qwen25_3b,False,,,True,False,Y = 20A
wandb_downloads_text_only/scientific-exploration-increase-text-only/artifacts/episode-text_only_mass_concrete_model_qwen35_9b-08_latest,text_only_mass_concrete_model_qwen35_9b,Text-only,mass,concrete,model_qwen35_9b,False,,,True,False,mass = density * volume
wandb_downloads_text_only/scientific-exploration-increase-text-only/artifacts/episode-text_only_ohm_concrete_model_qwen25_7b-06_latest,text_only_ohm_concrete_model_qwen25_7b,Text-only,ohm,concrete,model_qwen25_7b,False,,,True,False,voltage = current * resistance
wandb_downloads_text_only/scientific-exploration-increase-text-only/artifacts/episode-text_only_mass_abbrev_model_qwen35_4b-07_latest,text_only_mass_abbrev_model_qwen35_4b,Text-only,mass,abbrev,model_qwen35_4b,False,,,True,False,m = rho * V
wandb_downloads_text_only/scientific-exploration-increase-text-only/artifacts/episode-text_only_beers_abbrev_model_mistral_7b-09_latest,text_only_beers_abbrev_model_mistral_7b,Text-only,beers,abbrev,model_mistral_7b,False,,,True,False,A = k * epsilon / c
wandb_downloads_text_only/scientific-exploration-increase-text-only/artifacts/episode-text_only_resistors_concrete_model_gemma3_4b-06_latest,text_only_resistors_concrete_model_gemma3_4b,Text-only,resistors,concrete,model_gemma3_4b,False,,,True,False,total_resistance = resistance_1 + resistance_2
wandb_downloads_text_only/scientific-exploration-increase-text-only/artifacts/episode-text_only_distance_abbrev_model_qwen25_7b-08_latest,text_only_distance_abbrev_model_qwen25_7b,Text-only,distance,abbrev,model_qwen25_7b,False,,,True,False,d = d1
wandb_downloads_text_only/scientific-exploration-increase-text-only/artifacts/episode-text_only_mass_abstract_model_qwen35_9b-09_latest,text_only_mass_abstract_model_qwen35_9b,Text-only,mass,abstract,model_qwen35_9b,False,,,True,False,Y = A * B
wandb_downloads_text_only/scientific-exploration-increase-text-only/artifacts/episode-text_only_kinematics_abstract_model_qwen25_3b-07_latest,text_only_kinematics_abstract_model_qwen25_3b,Text-only,kinematics,abstract,model_qwen25_3b,False,,,True,False,Y = A + B + C
wandb_downloads_text_only/scientific-exploration-increase-text-only/artifacts/episode-text_only_mass_abstract_model_gemma3_4b-07_latest,text_only_mass_abstract_model_gemma3_4b,Text-only,mass,abstract,model_gemma3_4b,False,,,True,False,Y = A * B
wandb_downloads_text_only/scientific-exploration-increase-text-only/artifacts/episode-text_only_kinematics_abbrev_model_qwen25_7b-07_latest,text_only_kinematics_abbrev_model_qwen25_7b,Text-only,kinematics,abbrev,model_qwen25_7b,False,,,True,False,x = x0 + v*t
wandb_downloads_text_only/scientific-exploration-increase-text-only/artifacts/episode-text_only_mass_abbrev_model_qwen35_4b-09_latest,text_only_mass_abbrev_model_qwen35_4b,Text-only,mass,abbrev,model_qwen35_4b,False,,,True,False,m = rho * V
wandb_downloads_text_only/scientific-exploration-increase-text-only/artifacts/episode-text_only_kinematics_abbrev_model_llama31_8b-01_latest,text_only_kinematics_abbrev_model_llama31_8b,Text-only,kinematics,abbrev,model_llama31_8b,False,,,True,False,x = x0 + v*t
wandb_downloads_text_only/scientific-exploration-increase-text-only/artifacts/episode-text_only_distance_concrete_model_qwen35_4b-00_latest,text_only_distance_concrete_model_qwen35_4b,Text-only,distance,concrete,model_qwen35_4b,False,,,True,False,total_distance = distance_1 + distance_2 + distance_3
wandb_downloads_text_only/scientific-exploration-increase-text-only/artifacts/episode-text_only_resistors_concrete_model_gemma3_4b-09_latest,text_only_resistors_concrete_model_gemma3_4b,Text-only,resistors,concrete,model_gemma3_4b,False,,,True,False,total_resistance = resistance_1 + resistance_2
wandb_downloads_text_only/scientific-exploration-increase-text-only/artifacts/episode-text_only_beers_abstract_model_qwen35_9b-03_latest,text_only_beers_abstract_model_qwen35_9b,Text-only,beers,abstract,model_qwen35_9b,False,,,True,False,Y = A * B * C
wandb_downloads_text_only/scientific-exploration-increase-text-only/artifacts/episode-text_only_distance_abbrev_model_mistral_7b-02_latest,text_only_distance_abbrev_model_mistral_7b,Text-only,distance,abbrev,model_mistral_7b,True,4,"[json_decode] model output is not valid JSON (error: Expecting ',' delimiter at pos 250): '{\\n  ""reasoning"": ""All tests confirm that the relationship between the variables is linear and symmetrical, ",True,True,d = d1 + d2 + d3
wandb_downloads_text_only/scientific-exploration-increase-text-only/artifacts/episode-text_only_distance_abstract_model_qwen35_9b-04_latest,text_only_distance_abstract_model_qwen35_9b,Text-only,distance,abstract,model_qwen35_9b,False,,,True,False,Y = A + B + C
wandb_downloads_text_only/scientific-exploration-increase-text-only/artifacts/episode-text_only_beers_abbrev_model_gemma3_4b-09_latest,text_only_beers_abbrev_model_gemma3_4b,Text-only,beers,abbrev,model_gemma3_4b,False,,,True,False,A = epsilon * c * l
wandb_downloads_text_only/scientific-exploration-increase-text-only/artifacts/episode-text_only_ohm_abstract_model_qwen25_3b-03_latest,text_only_ohm_abstract_model_qwen25_3b,Text-only,ohm,abstract,model_qwen25_3b,False,,,True,False,Y = 5B
wandb_downloads_text_only/scientific-exploration-increase-text-only/artifacts/episode-text_only_mass_abstract_model_mistral_7b-01_latest,text_only_mass_abstract_model_mistral_7b,Text-only,mass,abstract,model_mistral_7b,True,7,"[json_decode] model output is not valid JSON (error: Expecting ',' delimiter at pos 263): '{\\n  ""reasoning"": ""Y appears to be directly proportional to A and independent of B. We have confirmed this t",True,True,Y = A * B
wandb_downloads_text_only/scientific-exploration-increase-text-only/artifacts/episode-text_only_distance_abstract_model_qwen25_7b-05_latest,text_only_distance_abstract_model_qwen25_7b,Text-only,distance,abstract,model_qwen25_7b,False,,,True,False,Y = A + 50
wandb_downloads_text_only/scientific-exploration-increase-text-only/artifacts/episode-text_only_beers_abstract_model_gemma3_4b-06_latest,text_only_beers_abstract_model_gemma3_4b,Text-only,beers,abstract,model_gemma3_4b,False,,,True,False,Y = A * B * C
wandb_downloads_text_only/scientific-exploration-increase-text-only/artifacts/episode-text_only_resistors_concrete_model_qwen35_4b-05_latest,text_only_resistors_concrete_model_qwen35_4b,Text-only,resistors,concrete,model_qwen35_4b,False,,,True,False,total_resistance = resistance_1 + resistance_2
wandb_downloads_text_only/scientific-exploration-increase-text-only/artifacts/episode-text_only_kinematics_abstract_model_mistral_7b-09_latest,text_only_kinematics_abstract_model_mistral_7b,Text-only,kinematics,abstract,model_mistral_7b,False,,,True,False,Y = m * B + c
wandb_downloads_text_only/scientific-exploration-increase-text-only/artifacts/episode-text_only_ohm_abstract_model_qwen25_7b-08_latest,text_only_ohm_abstract_model_qwen25_7b,Text-only,ohm,abstract,model_qwen25_7b,False,,,True,False,Y = 3 * B
wandb_downloads_text_only/scientific-exploration-increase-text-only/artifacts/episode-text_only_mass_abbrev_model_llama31_8b-07_latest,text_only_mass_abbrev_model_llama31_8b,Text-only,mass,abbrev,model_llama31_8b,False,,,True,False,m = 20*rho
wandb_downloads_text_only/scientific-exploration-increase-text-only/artifacts/episode-text_only_distance_abbrev_model_qwen25_7b-07_latest,text_only_distance_abbrev_model_qwen25_7b,Text-only,distance,abbrev,model_qwen25_7b,False,,,True,False,d = d1 + d2 + d3
wandb_downloads_text_only/scientific-exploration-increase-text-only/artifacts/episode-text_only_beers_abstract_model_qwen35_4b-01_latest,text_only_beers_abstract_model_qwen35_4b,Text-only,beers,abstract,model_qwen35_4b,False,,,True,False,Y = A * B * C
wandb_downloads_text_only/scientific-exploration-increase-text-only/artifacts/episode-text_only_resistors_abbrev_model_llama31_8b-02_latest,text_only_resistors_abbrev_model_llama31_8b,Text-only,resistors,abbrev,model_llama31_8b,False,,,True,False,Rt = R1 * R2
wandb_downloads_text_only/scientific-exploration-increase-text-only/artifacts/episode-text_only_resistors_concrete_model_mistral_7b-01_latest,text_only_resistors_concrete_model_mistral_7b,Text-only,resistors,concrete,model_mistral_7b,False,,,True,False,total_resistance = 1 / (1/resistance_1 + 1/resistance_2)
wandb_downloads_text_only/scientific-exploration-increase-text-only/artifacts/episode-text_only_resistors_concrete_model_mistral_7b-06_latest,text_only_resistors_concrete_model_mistral_7b,Text-only,resistors,concrete,model_mistral_7b,False,,,True,False,total_resistance = resistance_1 + resistance_2
wandb_downloads_text_only/scientific-exploration-increase-text-only/artifacts/episode-text_only_mass_abstract_model_llama31_8b-02_latest,text_only_mass_abstract_model_llama31_8b,Text-only,mass,abstract,model_llama31_8b,False,,,True,False,Y = 5B
wandb_downloads_text_only/scientific-exploration-increase-text-only/artifacts/episode-text_only_ohm_abbrev_model_llama31_8b-03_latest,text_only_ohm_abbrev_model_llama31_8b,Text-only,ohm,abbrev,model_llama31_8b,False,,,True,False,V = I * R
wandb_downloads_text_only/scientific-exploration-increase-text-only/artifacts/episode-text_only_mass_abbrev_model_gemma3_4b-00_latest,text_only_mass_abbrev_model_gemma3_4b,Text-only,mass,abbrev,model_gemma3_4b,False,,,True,False,m = V * rho
wandb_downloads_text_only/scientific-exploration-increase-text-only/artifacts/episode-text_only_distance_abstract_model_qwen35_4b-00_latest,text_only_distance_abstract_model_qwen35_4b,Text-only,distance,abstract,model_qwen35_4b,False,,,True,False,Y = A + B + C
wandb_downloads_text_only/scientific-exploration-increase-text-only/artifacts/episode-text_only_ohm_concrete_model_llama31_8b-09_latest,text_only_ohm_concrete_model_llama31_8b,Text-only,ohm,concrete,model_llama31_8b,False,,,True,False,V = R * I
wandb_downloads_text_only/scientific-exploration-increase-text-only/artifacts/episode-text_only_kinematics_abstract_model_gemma3_4b-04_latest,text_only_kinematics_abstract_model_gemma3_4b,Text-only,kinematics,abstract,model_gemma3_4b,False,,,True,False,Y = A * B + C
wandb_downloads_text_only/scientific-exploration-increase-text-only/artifacts/episode-text_only_beers_abstract_model_qwen35_9b-02_latest,text_only_beers_abstract_model_qwen35_9b,Text-only,beers,abstract,model_qwen35_9b,False,,,True,False,Y = A * B * C
wandb_downloads_text_only/scientific-exploration-increase-text-only/artifacts/episode-text_only_mass_abstract_model_qwen35_4b-04_latest,text_only_mass_abstract_model_qwen35_4b,Text-only,mass,abstract,model_qwen35_4b,False,,,True,False,Y = A * B
wandb_downloads_text_only/scientific-exploration-increase-text-only/artifacts/episode-text_only_mass_concrete_model_llama31_8b-09_latest,text_only_mass_concrete_model_llama31_8b,Text-only,mass,concrete,model_llama31_8b,False,,,True,False,mass = density * volume
wandb_downloads_text_only/scientific-exploration-increase-text-only/artifacts/episode-text_only_resistors_abstract_model_qwen35_9b-02_latest,text_only_resistors_abstract_model_qwen35_9b,Text-only,resistors,abstract,model_qwen35_9b,False,,,True,False,Y = A + B
wandb_downloads_text_only/scientific-exploration-increase-text-only/artifacts/episode-text_only_mass_abstract_model_qwen35_4b-02_latest,text_only_mass_abstract_model_qwen35_4b,Text-only,mass,abstract,model_qwen35_4b,False,,,True,False,Y = A * B
wandb_downloads_text_only/scientific-exploration-increase-text-only/artifacts/episode-text_only_distance_concrete_model_gemma3_4b-02_latest,text_only_distance_concrete_model_gemma3_4b,Text-only,distance,concrete,model_gemma3_4b,False,,,True,False,total_distance = distance_1 + distance_2 + distance_3
wandb_downloads_text_only/scientific-exploration-increase-text-only/artifacts/episode-text_only_mass_abstract_model_qwen35_9b-04_latest,text_only_mass_abstract_model_qwen35_9b,Text-only,mass,abstract,model_qwen35_9b,False,,,True,False,Y = A * B
wandb_downloads_text_only/scientific-exploration-increase-text-only/artifacts/episode-text_only_mass_abbrev_model_qwen35_9b-04_latest,text_only_mass_abbrev_model_qwen35_9b,Text-only,mass,abbrev,model_qwen35_9b,False,,,True,False,m = rho * V
wandb_downloads_text_only/scientific-exploration-increase-text-only/artifacts/episode-text_only_distance_abbrev_model_llama31_8b-08_latest,text_only_distance_abbrev_model_llama31_8b,Text-only,distance,abbrev,model_llama31_8b,False,,,True,False,d = d1 + d2 + d3
wandb_downloads_text_only/scientific-exploration-increase-text-only/artifacts/episode-text_only_resistors_concrete_model_qwen25_7b-03_latest,text_only_resistors_concrete_model_qwen25_7b,Text-only,resistors,concrete,model_qwen25_7b,False,,,True,False,total_resistance = resistance_1 + resistance_2
wandb_downloads_text_only/scientific-exploration-increase-text-only/artifacts/episode-text_only_resistors_abstract_model_qwen35_9b-04_latest,text_only_resistors_abstract_model_qwen35_9b,Text-only,resistors,abstract,model_qwen35_9b,False,,,True,False,Y = A + B
wandb_downloads_text_only/scientific-exploration-increase-text-only/artifacts/episode-text_only_resistors_concrete_model_mistral_7b-03_latest,text_only_resistors_concrete_model_mistral_7b,Text-only,resistors,concrete,model_mistral_7b,False,,,True,False,total_resistance = (resistance_1 * resistance_2) / (resistance_1 + resistance_2)
wandb_downloads_text_only/scientific-exploration-increase-text-only/artifacts/episode-text_only_mass_concrete_model_qwen25_7b-06_latest,text_only_mass_concrete_model_qwen25_7b,Text-only,mass,concrete,model_qwen25_7b,False,,,True,False,mass = density * volume
wandb_downloads_text_only/scientific-exploration-increase-text-only/artifacts/episode-text_only_mass_abstract_model_qwen25_7b-06_latest,text_only_mass_abstract_model_qwen25_7b,Text-only,mass,abstract,model_qwen25_7b,False,,,True,False,Y = 3 * B
wandb_downloads_text_only/scientific-exploration-increase-text-only/artifacts/episode-text_only_resistors_abstract_model_qwen35_4b-09_latest,text_only_resistors_abstract_model_qwen35_4b,Text-only,resistors,abstract,model_qwen35_4b,False,,,True,False,Y = A + B
wandb_downloads_text_only/scientific-exploration-increase-text-only/artifacts/episode-text_only_kinematics_abstract_model_mistral_7b-01_latest,text_only_kinematics_abstract_model_mistral_7b,Text-only,kinematics,abstract,model_mistral_7b,True,3,"[json_decode] model output is not valid JSON (error: Expecting ',' delimiter at pos 182): '{\\n  ""reasoning"": ""Y is now equal to A + C, confirming the relationship. No further exploration is needed."",",True,True,Y = A + C
wandb_downloads_text_only/scientific-exploration-increase-text-only/artifacts/episode-text_only_mass_abbrev_model_gemma3_4b-02_latest,text_only_mass_abbrev_model_gemma3_4b,Text-only,mass,abbrev,model_gemma3_4b,False,,,True,False,m = rho * V
wandb_downloads_text_only/scientific-exploration-increase-text-only/artifacts/episode-text_only_ohm_concrete_model_qwen35_4b-01_latest,text_only_ohm_concrete_model_qwen35_4b,Text-only,ohm,concrete,model_qwen35_4b,False,,,True,False,voltage = current * resistance
wandb_downloads_text_only/scientific-exploration-increase-text-only/artifacts/episode-text_only_resistors_abstract_model_mistral_7b-03_latest,text_only_resistors_abstract_model_mistral_7b,Text-only,resistors,abstract,model_mistral_7b,False,,,True,False,Y = k * A
wandb_downloads_text_only/scientific-exploration-increase-text-only/artifacts/episode-text_only_distance_abbrev_model_gemma3_4b-01_latest,text_only_distance_abbrev_model_gemma3_4b,Text-only,distance,abbrev,model_gemma3_4b,False,,,True,False,d = 1.5 * d1 + 1.5 * d2
wandb_downloads_text_only/scientific-exploration-increase-text-only/artifacts/episode-text_only_kinematics_abstract_model_qwen35_4b-03_latest,text_only_kinematics_abstract_model_qwen35_4b,Text-only,kinematics,abstract,model_qwen35_4b,False,,,True,False,Y = A + B * C
wandb_downloads_text_only/scientific-exploration-increase-text-only/artifacts/episode-text_only_beers_concrete_model_gemma3_4b-04_latest,text_only_beers_concrete_model_gemma3_4b,Text-only,beers,concrete,model_gemma3_4b,False,,,True,False,absorbance = molar_absorptivity * concentration * path_length
wandb_downloads_text_only/scientific-exploration-increase-text-only/artifacts/episode-text_only_beers_abstract_model_qwen25_7b-03_latest,text_only_beers_abstract_model_qwen25_7b,Text-only,beers,abstract,model_qwen25_7b,False,,,True,False,Y = A * B * C
wandb_downloads_text_only/scientific-exploration-increase-text-only/artifacts/episode-text_only_ohm_abstract_model_qwen35_9b-02_latest,text_only_ohm_abstract_model_qwen35_9b,Text-only,ohm,abstract,model_qwen35_9b,False,,,True,False,Y = A * B
wandb_downloads_text_only/scientific-exploration-increase-text-only/artifacts/episode-text_only_ohm_abbrev_model_gemma3_4b-08_latest,text_only_ohm_abbrev_model_gemma3_4b,Text-only,ohm,abbrev,model_gemma3_4b,False,,,True,False,V = 3 * R
wandb_downloads_text_only/scientific-exploration-increase-text-only/artifacts/episode-text_only_kinematics_concrete_model_qwen35_4b-04_latest,text_only_kinematics_concrete_model_qwen35_4b,Text-only,kinematics,concrete,model_qwen35_4b,False,,,True,False,position = initial_position + velocity * time
wandb_downloads_text_only/scientific-exploration-increase-text-only/artifacts/episode-text_only_kinematics_abstract_model_qwen25_3b-00_latest,text_only_kinematics_abstract_model_qwen25_3b,Text-only,kinematics,abstract,model_qwen25_3b,False,,,True,False,Y = 3(A + B) + C
wandb_downloads_text_only/scientific-exploration-increase-text-only/artifacts/episode-text_only_mass_abstract_model_qwen25_3b-03_latest,text_only_mass_abstract_model_qwen25_3b,Text-only,mass,abstract,model_qwen25_3b,False,,,True,False,Y = 3B
wandb_downloads_text_only/scientific-exploration-increase-text-only/artifacts/episode-text_only_ohm_concrete_model_qwen35_9b-05_latest,text_only_ohm_concrete_model_qwen35_9b,Text-only,ohm,concrete,model_qwen35_9b,False,,,True,False,voltage = current * resistance
wandb_downloads_text_only/scientific-exploration-increase-text-only/artifacts/episode-text_only_mass_concrete_model_gemma3_4b-00_latest,text_only_mass_concrete_model_gemma3_4b,Text-only,mass,concrete,model_gemma3_4b,False,,,True,False,mass = density * volume
wandb_downloads_text_only/scientific-exploration-increase-text-only/artifacts/episode-text_only_distance_abstract_model_qwen25_3b-09_latest,text_only_distance_abstract_model_qwen25_3b,Text-only,distance,abstract,model_qwen25_3b,False,,,True,False,Y = A + B + C
wandb_downloads_text_only/scientific-exploration-increase-text-only/artifacts/episode-text_only_kinematics_abbrev_model_gemma3_4b-04_latest,text_only_kinematics_abbrev_model_gemma3_4b,Text-only,kinematics,abbrev,model_gemma3_4b,False,,,True,False,x = x0 + v * t
wandb_downloads_text_only/scientific-exploration-increase-text-only/artifacts/episode-text_only_distance_abbrev_model_qwen35_4b-04_latest,text_only_distance_abbrev_model_qwen35_4b,Text-only,distance,abbrev,model_qwen35_4b,False,,,True,False,d = d1 + d2 + d3
wandb_downloads_text_only/scientific-exploration-increase-text-only/artifacts/episode-text_only_distance_concrete_model_qwen25_7b-06_latest,text_only_distance_concrete_model_qwen25_7b,Text-only,distance,concrete,model_qwen25_7b,False,,,True,False,total_distance = distance_1 + distance_2 + distance_3
wandb_downloads_text_only/scientific-exploration-increase-text-only/artifacts/episode-text_only_resistors_abbrev_model_mistral_7b-07_latest,text_only_resistors_abbrev_model_mistral_7b,Text-only,resistors,abbrev,model_mistral_7b,False,,,True,False,Rt = R1 + R2
wandb_downloads_text_only/scientific-exploration-increase-text-only/artifacts/episode-text_only_distance_concrete_model_llama31_8b-02_latest,text_only_distance_concrete_model_llama31_8b,Text-only,distance,concrete,model_llama31_8b,False,,,True,False,distance_1 + distance_2 + distance_3
wandb_downloads_text_only/scientific-exploration-increase-text-only/artifacts/episode-text_only_ohm_abstract_model_mistral_7b-02_latest,text_only_ohm_abstract_model_mistral_7b,Text-only,ohm,abstract,model_mistral_7b,False,,,True,False,Y = kA
wandb_downloads_text_only/scientific-exploration-increase-text-only/artifacts/episode-text_only_beers_concrete_model_qwen35_9b-08_latest,text_only_beers_concrete_model_qwen35_9b,Text-only,beers,concrete,model_qwen35_9b,False,,,True,False,absorbance = molar_absorptivity * concentration * path_length
wandb_downloads_text_only/scientific-exploration-increase-text-only/artifacts/episode-text_only_ohm_abbrev_model_mistral_7b-07_latest,text_only_ohm_abbrev_model_mistral_7b,Text-only,ohm,abbrev,model_mistral_7b,False,,,True,False,"V = I*k, where k is a constant"
wandb_downloads_text_only/scientific-exploration-increase-text-only/artifacts/episode-text_only_ohm_abstract_model_llama31_8b-04_latest,text_only_ohm_abstract_model_llama31_8b,Text-only,ohm,abstract,model_llama31_8b,False,,,True,False,Y = AB
wandb_downloads_text_only/scientific-exploration-increase-text-only/artifacts/episode-text_only_kinematics_abstract_model_mistral_7b-06_latest,text_only_kinematics_abstract_model_mistral_7b,Text-only,kinematics,abstract,model_mistral_7b,False,,,True,False,"Y = aA, a = (Y2 - Y1) / (A2 - A1)"
wandb_downloads_text_only/scientific-exploration-increase-text-only/artifacts/episode-text_only_distance_abbrev_model_gemma3_4b-03_latest,text_only_distance_abbrev_model_gemma3_4b,Text-only,distance,abbrev,model_gemma3_4b,False,,,True,False,d = 2*d2 + d3
wandb_downloads_text_only/scientific-exploration-increase-text-only/artifacts/episode-text_only_beers_abstract_model_mistral_7b-03_latest,text_only_beers_abstract_model_mistral_7b,Text-only,beers,abstract,model_mistral_7b,True,12,"[json_decode] model output is not valid JSON (error: Invalid \escape at pos 298): '{\\n  ""reasoning"": ""Final observation shows that Y is a linear function of C, A, and B squared. The relationship rema",True,True,Y = A * B^2 + C
wandb_downloads_text_only/scientific-exploration-increase-text-only/artifacts/episode-text_only_resistors_abstract_model_qwen35_4b-04_latest,text_only_resistors_abstract_model_qwen35_4b,Text-only,resistors,abstract,model_qwen35_4b,False,,,True,False,Y = A + B
wandb_downloads_text_only/scientific-exploration-increase-text-only/artifacts/episode-text_only_beers_abstract_model_qwen35_9b-05_latest,text_only_beers_abstract_model_qwen35_9b,Text-only,beers,abstract,model_qwen35_9b,False,,,True,False,Y = A * B * C
wandb_downloads_text_only/scientific-exploration-increase-text-only/artifacts/episode-text_only_ohm_abstract_model_llama31_8b-09_latest,text_only_ohm_abstract_model_llama31_8b,Text-only,ohm,abstract,model_llama31_8b,False,,,True,False,Y = B
wandb_downloads_text_only/scientific-exploration-increase-text-only/artifacts/episode-text_only_resistors_concrete_model_llama31_8b-03_latest,text_only_resistors_concrete_model_llama31_8b,Text-only,resistors,concrete,model_llama31_8b,False,,,True,False,resistance_1 + resistance_2
wandb_downloads_text_only/scientific-exploration-increase-text-only/artifacts/episode-text_only_distance_concrete_model_qwen25_7b-03_latest,text_only_distance_concrete_model_qwen25_7b,Text-only,distance,concrete,model_qwen25_7b,False,,,True,False,total_distance = distance_1 + distance_2 + distance_3
wandb_downloads_text_only/scientific-exploration-increase-text-only/artifacts/episode-text_only_kinematics_abbrev_model_qwen25_7b-00_latest,text_only_kinematics_abbrev_model_qwen25_7b,Text-only,kinematics,abbrev,model_qwen25_7b,False,,,True,False,x0 + v*t
wandb_downloads_text_only/scientific-exploration-increase-text-only/artifacts/episode-text_only_kinematics_concrete_model_llama31_8b-05_latest,text_only_kinematics_concrete_model_llama31_8b,Text-only,kinematics,concrete,model_llama31_8b,False,,,True,False,position = initial_position + velocity * time
wandb_downloads_text_only/scientific-exploration-increase-text-only/artifacts/episode-text_only_mass_abstract_model_gemma3_4b-04_latest,text_only_mass_abstract_model_gemma3_4b,Text-only,mass,abstract,model_gemma3_4b,False,,,True,False,Y = 3 * B
wandb_downloads_text_only/scientific-exploration-increase-text-only/artifacts/episode-text_only_ohm_abbrev_model_gemma3_4b-09_latest,text_only_ohm_abbrev_model_gemma3_4b,Text-only,ohm,abbrev,model_gemma3_4b,False,,,True,False,V = I * R
wandb_downloads_text_only/scientific-exploration-increase-text-only/artifacts/episode-text_only_kinematics_abbrev_model_qwen25_7b-02_latest,text_only_kinematics_abbrev_model_qwen25_7b,Text-only,kinematics,abbrev,model_qwen25_7b,False,,,True,False,x = x0 + v * t
wandb_downloads_text_only/scientific-exploration-increase-text-only/artifacts/episode-text_only_mass_abstract_model_llama31_8b-04_latest,text_only_mass_abstract_model_llama31_8b,Text-only,mass,abstract,model_llama31_8b,False,,,True,False,Y = A + 2*B
wandb_downloads_text_only/scientific-exploration-increase-text-only/artifacts/episode-text_only_distance_abstract_model_qwen25_3b-07_latest,text_only_distance_abstract_model_qwen25_3b,Text-only,distance,abstract,model_qwen25_3b,False,,,True,False,Y = A + B + C
wandb_downloads_text_only/scientific-exploration-increase-text-only/artifacts/episode-text_only_distance_abbrev_model_gemma3_4b-05_latest,text_only_distance_abbrev_model_gemma3_4b,Text-only,distance,abbrev,model_gemma3_4b,False,,,True,False,d = 3 * d2
wandb_downloads_text_only/scientific-exploration-increase-text-only/artifacts/episode-text_only_beers_abstract_model_qwen35_4b-02_latest,text_only_beers_abstract_model_qwen35_4b,Text-only,beers,abstract,model_qwen35_4b,False,,,True,False,Y = A * B * C
wandb_downloads_text_only/scientific-exploration-increase-text-only/artifacts/episode-text_only_kinematics_abstract_model_qwen25_7b-07_latest,text_only_kinematics_abstract_model_qwen25_7b,Text-only,kinematics,abstract,model_qwen25_7b,False,,,True,False,Y = A + B + C
wandb_downloads_text_only/scientific-exploration-increase-text-only/artifacts/episode-text_only_beers_concrete_model_qwen35_4b-09_latest,text_only_beers_concrete_model_qwen35_4b,Text-only,beers,concrete,model_qwen35_4b,False,,,True,False,absorbance = molar_absorptivity * concentration * path_length
wandb_downloads_text_only/scientific-exploration-increase-text-only/artifacts/episode-text_only_kinematics_abbrev_model_mistral_7b-09_latest,text_only_kinematics_abbrev_model_mistral_7b,Text-only,kinematics,abbrev,model_mistral_7b,False,,,True,False,x = x0 + v*t
wandb_downloads_text_only/scientific-exploration-increase-text-only/artifacts/episode-text_only_mass_abbrev_model_qwen25_7b-04_latest,text_only_mass_abbrev_model_qwen25_7b,Text-only,mass,abbrev,model_qwen25_7b,False,,,True,False,m = rho * V
wandb_downloads_text_only/scientific-exploration-increase-text-only/artifacts/episode-text_only_distance_concrete_model_qwen25_7b-09_latest,text_only_distance_concrete_model_qwen25_7b,Text-only,distance,concrete,model_qwen25_7b,False,,,True,False,total_distance = distance_1 + distance_2 + distance_3
wandb_downloads_text_only/scientific-exploration-increase-text-only/artifacts/episode-text_only_distance_abbrev_model_qwen25_3b-01_latest,text_only_distance_abbrev_model_qwen25_3b,Text-only,distance,abbrev,model_qwen25_3b,False,,,True,False,d = (d1 + d2 + d3) / 3
wandb_downloads_text_only/scientific-exploration-increase-text-only/artifacts/episode-text_only_mass_concrete_model_gemma3_4b-09_latest,text_only_mass_concrete_model_gemma3_4b,Text-only,mass,concrete,model_gemma3_4b,False,,,True,False,mass = density * volume
wandb_downloads_text_only/scientific-exploration-increase-text-only/artifacts/episode-text_only_beers_concrete_model_gemma3_4b-06_latest,text_only_beers_concrete_model_gemma3_4b,Text-only,beers,concrete,model_gemma3_4b,False,,,True,False,absorbance = molar_absorptivity * concentration * path_length
wandb_downloads_text_only/scientific-exploration-increase-text-only/artifacts/episode-text_only_mass_abbrev_model_gemma3_4b-03_latest,text_only_mass_abbrev_model_gemma3_4b,Text-only,mass,abbrev,model_gemma3_4b,False,,,True,False,m = rho * V
wandb_downloads_text_only/scientific-exploration-increase-text-only/artifacts/episode-text_only_resistors_concrete_model_qwen35_4b-06_latest,text_only_resistors_concrete_model_qwen35_4b,Text-only,resistors,concrete,model_qwen35_4b,False,,,True,False,total_resistance = resistance_1 + resistance_2
wandb_downloads_text_only/scientific-exploration-increase-text-only/artifacts/episode-text_only_mass_abbrev_model_qwen25_3b-04_latest,text_only_mass_abbrev_model_qwen25_3b,Text-only,mass,abbrev,model_qwen25_3b,False,,,True,False,m = 2 * rho * V
wandb_downloads_text_only/scientific-exploration-increase-text-only/artifacts/episode-text_only_kinematics_abbrev_model_qwen35_4b-03_latest,text_only_kinematics_abbrev_model_qwen35_4b,Text-only,kinematics,abbrev,model_qwen35_4b,False,,,True,False,x = x0 + v * t
wandb_downloads_text_only/scientific-exploration-increase-text-only/artifacts/episode-text_only_distance_abbrev_model_llama31_8b-05_latest,text_only_distance_abbrev_model_llama31_8b,Text-only,distance,abbrev,model_llama31_8b,False,,,True,False,d = d3 - 5
wandb_downloads_text_only/scientific-exploration-increase-text-only/artifacts/episode-text_only_distance_concrete_model_gemma3_4b-05_latest,text_only_distance_concrete_model_gemma3_4b,Text-only,distance,concrete,model_gemma3_4b,False,,,True,False,total_distance = distance_1 + distance_2 + distance_3
wandb_downloads_text_only/scientific-exploration-increase-text-only/artifacts/episode-text_only_kinematics_abstract_model_llama31_8b-08_latest,text_only_kinematics_abstract_model_llama31_8b,Text-only,kinematics,abstract,model_llama31_8b,False,,,True,False,Y = kC
wandb_downloads_text_only/scientific-exploration-increase-text-only/artifacts/episode-text_only_mass_concrete_model_qwen25_3b-04_latest,text_only_mass_concrete_model_qwen25_3b,Text-only,mass,concrete,model_qwen25_3b,False,,,True,False,mass = density * volume
wandb_downloads_text_only/scientific-exploration-increase-text-only/artifacts/episode-text_only_distance_concrete_model_mistral_7b-04_latest,text_only_distance_concrete_model_mistral_7b,Text-only,distance,concrete,model_mistral_7b,False,,,True,False,total_distance = distance_1 + distance_2 + distance_3
wandb_downloads_text_only/scientific-exploration-increase-text-only/artifacts/episode-text_only_ohm_abstract_model_gemma3_4b-06_latest,text_only_ohm_abstract_model_gemma3_4b,Text-only,ohm,abstract,model_gemma3_4b,False,,,True,False,Y = 2 * B
wandb_downloads_text_only/scientific-exploration-increase-text-only/artifacts/episode-text_only_ohm_abbrev_model_llama31_8b-05_latest,text_only_ohm_abbrev_model_llama31_8b,Text-only,ohm,abbrev,model_llama31_8b,False,,,True,False,V = kI
wandb_downloads_text_only/scientific-exploration-increase-text-only/artifacts/episode-text_only_mass_concrete_model_mistral_7b-08_latest,text_only_mass_concrete_model_mistral_7b,Text-only,mass,concrete,model_mistral_7b,False,,,True,False,mass = density * volume
wandb_downloads_text_only/scientific-exploration-increase-text-only/artifacts/episode-text_only_distance_concrete_model_qwen35_4b-07_latest,text_only_distance_concrete_model_qwen35_4b,Text-only,distance,concrete,model_qwen35_4b,False,,,True,False,total_distance = distance_1 + distance_2 + distance_3
wandb_downloads_text_only/scientific-exploration-increase-text-only/artifacts/episode-text_only_ohm_abbrev_model_qwen25_7b-07_latest,text_only_ohm_abbrev_model_qwen25_7b,Text-only,ohm,abbrev,model_qwen25_7b,False,,,True,False,V = I * R
wandb_downloads_text_only/scientific-exploration-increase-text-only/artifacts/episode-text_only_resistors_abbrev_model_qwen25_3b-03_latest,text_only_resistors_abbrev_model_qwen25_3b,Text-only,resistors,abbrev,model_qwen25_3b,False,,,True,False,Rt = R1 + R2
wandb_downloads_text_only/scientific-exploration-increase-text-only/artifacts/episode-text_only_ohm_abbrev_model_qwen25_7b-03_latest,text_only_ohm_abbrev_model_qwen25_7b,Text-only,ohm,abbrev,model_qwen25_7b,False,,,True,False,V = 225 * (I / R)
wandb_downloads_text_only/scientific-exploration-increase-text-only/artifacts/episode-text_only_kinematics_abstract_model_qwen25_7b-04_latest,text_only_kinematics_abstract_model_qwen25_7b,Text-only,kinematics,abstract,model_qwen25_7b,False,,,True,False,Y = A + B + C
wandb_downloads_text_only/scientific-exploration-increase-text-only/artifacts/episode-text_only_resistors_abstract_model_mistral_7b-05_latest,text_only_resistors_abstract_model_mistral_7b,Text-only,resistors,abstract,model_mistral_7b,False,,,True,False,"Y = m*B + c, where m is the rate of change and c is the y-intercept. Since we were unable to find the y-intercept, it remains unknown at this time."
wandb_downloads_text_only/scientific-exploration-increase-text-only/artifacts/episode-text_only_kinematics_concrete_model_qwen35_4b-02_latest,text_only_kinematics_concrete_model_qwen35_4b,Text-only,kinematics,concrete,model_qwen35_4b,False,,,True,False,position = initial_position + velocity * time
wandb_downloads_text_only/scientific-exploration-increase-text-only/artifacts/episode-text_only_resistors_abstract_model_llama31_8b-00_latest,text_only_resistors_abstract_model_llama31_8b,Text-only,resistors,abstract,model_llama31_8b,False,,,True,False,Y = 1.75*B
wandb_downloads_text_only/scientific-exploration-increase-text-only/artifacts/episode-text_only_mass_abstract_model_mistral_7b-05_latest,text_only_mass_abstract_model_mistral_7b,Text-only,mass,abstract,model_mistral_7b,False,,,True,False,Y = A + 14 * B
wandb_downloads_text_only/scientific-exploration-increase-text-only/artifacts/episode-text_only_ohm_abstract_model_gemma3_4b-05_latest,text_only_ohm_abstract_model_gemma3_4b,Text-only,ohm,abstract,model_gemma3_4b,False,,,True,False,Y = A + 2 * B
wandb_downloads_text_only/scientific-exploration-increase-text-only/artifacts/episode-text_only_mass_abstract_model_qwen25_3b-07_latest,text_only_mass_abstract_model_qwen25_3b,Text-only,mass,abstract,model_qwen25_3b,False,,,True,False,Y = 5 * A - 5 * B
wandb_downloads_text_only/scientific-exploration-increase-text-only/artifacts/episode-text_only_kinematics_abbrev_model_qwen35_4b-06_latest,text_only_kinematics_abbrev_model_qwen35_4b,Text-only,kinematics,abbrev,model_qwen35_4b,False,,,True,False,x = x0 + v * t
wandb_downloads_text_only/scientific-exploration-increase-text-only/artifacts/episode-text_only_distance_abbrev_model_llama31_8b-07_latest,text_only_distance_abbrev_model_llama31_8b,Text-only,distance,abbrev,model_llama31_8b,False,,,True,False,d = 2*d1 + 3*d2 + 5*d3
wandb_downloads_text_only/scientific-exploration-increase-text-only/artifacts/episode-text_only_kinematics_abbrev_model_gemma3_4b-06_latest,text_only_kinematics_abbrev_model_gemma3_4b,Text-only,kinematics,abbrev,model_gemma3_4b,False,,,True,False,x = x0 + v * t
wandb_downloads_text_only/scientific-exploration-increase-text-only/artifacts/episode-text_only_ohm_abstract_model_qwen25_3b-08_latest,text_only_ohm_abstract_model_qwen25_3b,Text-only,ohm,abstract,model_qwen25_3b,False,,,True,False,Y = A + B
wandb_downloads_text_only/scientific-exploration-increase-text-only/artifacts/episode-text_only_ohm_concrete_model_qwen25_7b-03_latest,text_only_ohm_concrete_model_qwen25_7b,Text-only,ohm,concrete,model_qwen25_7b,False,,,True,False,voltage = current * resistance
wandb_downloads_text_only/scientific-exploration-increase-text-only/artifacts/episode-text_only_distance_concrete_model_qwen35_4b-09_latest,text_only_distance_concrete_model_qwen35_4b,Text-only,distance,concrete,model_qwen35_4b,False,,,True,False,total_distance = distance_1 + distance_2 + distance_3
wandb_downloads_text_only/scientific-exploration-increase-text-only/artifacts/episode-text_only_resistors_concrete_model_qwen35_9b-02_latest,text_only_resistors_concrete_model_qwen35_9b,Text-only,resistors,concrete,model_qwen35_9b,False,,,True,False,total_resistance = resistance_1 + resistance_2
wandb_downloads_text_only/scientific-exploration-increase-text-only/artifacts/episode-text_only_resistors_abbrev_model_qwen25_7b-08_latest,text_only_resistors_abbrev_model_qwen25_7b,Text-only,resistors,abbrev,model_qwen25_7b,False,,,True,False,Rt = R1 + R2
wandb_downloads_text_only/scientific-exploration-increase-text-only/artifacts/episode-text_only_beers_concrete_model_llama31_8b-09_latest,text_only_beers_concrete_model_llama31_8b,Text-only,beers,concrete,model_llama31_8b,False,,,True,False,absorbance = molar_absorptivity * concentration * path_length
wandb_downloads_text_only/scientific-exploration-increase-text-only/artifacts/episode-text_only_beers_concrete_model_gemma3_4b-09_latest,text_only_beers_concrete_model_gemma3_4b,Text-only,beers,concrete,model_gemma3_4b,False,,,True,False,absorbance = molar_absorptivity * concentration * path_length
wandb_downloads_text_only/scientific-exploration-increase-text-only/artifacts/episode-text_only_mass_abbrev_model_gemma3_4b-05_latest,text_only_mass_abbrev_model_gemma3_4b,Text-only,mass,abbrev,model_gemma3_4b,False,,,True,False,m = 2 * V
wandb_downloads_text_only/scientific-exploration-increase-text-only/artifacts/episode-text_only_distance_concrete_model_qwen25_3b-03_latest,text_only_distance_concrete_model_qwen25_3b,Text-only,distance,concrete,model_qwen25_3b,False,,,True,False,total_distance = distance_1 + distance_2 + distance_3
wandb_downloads_text_only/scientific-exploration-increase-text-only/artifacts/episode-text_only_beers_concrete_model_qwen25_3b-09_latest,text_only_beers_concrete_model_qwen25_3b,Text-only,beers,concrete,model_qwen25_3b,False,,,True,False,A = ε * C * L
wandb_downloads_text_only/scientific-exploration-increase-text-only/artifacts/episode-text_only_resistors_concrete_model_mistral_7b-00_latest,text_only_resistors_concrete_model_mistral_7b,Text-only,resistors,concrete,model_mistral_7b,False,,,True,False,total_resistance = resistance_1 + resistance_2
wandb_downloads_text_only/scientific-exploration-increase-text-only/artifacts/episode-text_only_distance_abstract_model_qwen25_3b-01_latest,text_only_distance_abstract_model_qwen25_3b,Text-only,distance,abstract,model_qwen25_3b,False,,,True,False,Y = 3A
wandb_downloads_text_only/scientific-exploration-increase-text-only/artifacts/episode-text_only_kinematics_abstract_model_mistral_7b-04_latest,text_only_kinematics_abstract_model_mistral_7b,Text-only,kinematics,abstract,model_mistral_7b,True,12,"[json_decode] model output is not valid JSON (error: Expecting ',' delimiter at pos 268): '{\\n  ""reasoning"": ""Y is linearly related to C, and it seems that B affects Y in the opposite direction. The ",True,True,Y = C + (-B)
wandb_downloads_text_only/scientific-exploration-increase-text-only/artifacts/episode-text_only_kinematics_abstract_model_qwen35_9b-09_latest,text_only_kinematics_abstract_model_qwen35_9b,Text-only,kinematics,abstract,model_qwen35_9b,True,4,"[json_decode] model output is not valid JSON (error: Unterminated string starting at at pos 17): '{\\n  ""reasoning"": ""I have tested the relationship between A, B, C, and Y. Increasing A by 5 increased",True,True,Y = (A + B + C) * 2
wandb_downloads_text_only/scientific-exploration-increase-text-only/artifacts/episode-text_only_mass_concrete_model_qwen35_9b-06_latest,text_only_mass_concrete_model_qwen35_9b,Text-only,mass,concrete,model_qwen35_9b,False,,,True,False,mass = density * volume
wandb_downloads_text_only/scientific-exploration-increase-text-only/artifacts/episode-text_only_beers_abstract_model_llama31_8b-06_latest,text_only_beers_abstract_model_llama31_8b,Text-only,beers,abstract,model_llama31_8b,False,,,True,False,Y = C
wandb_downloads_text_only/scientific-exploration-increase-text-only/artifacts/episode-text_only_mass_abbrev_model_mistral_7b-08_latest,text_only_mass_abbrev_model_mistral_7b,Text-only,mass,abbrev,model_mistral_7b,False,,,True,False,"m = k * rho, where k = (30.0 - 20.0) / (6.0 - 4.0) = 5.0"
wandb_downloads_text_only/scientific-exploration-increase-text-only/artifacts/episode-text_only_mass_abstract_model_mistral_7b-02_latest,text_only_mass_abstract_model_mistral_7b,Text-only,mass,abstract,model_mistral_7b,True,6,"[json_decode] model output is not valid JSON (error: Expecting ',' delimiter at pos 246): '{\\n  ""reasoning"": ""Y is directly related to B, as it changes in proportion to B, while A remains constant. N",True,True,Y = B * 2
wandb_downloads_text_only/scientific-exploration-increase-text-only/artifacts/episode-text_only_kinematics_abstract_model_mistral_7b-05_latest,text_only_kinematics_abstract_model_mistral_7b,Text-only,kinematics,abstract,model_mistral_7b,True,9,"[json_decode] model output is not valid JSON (error: Expecting ',' delimiter at pos 253): '{\\n  ""reasoning"": ""Y appears to be linearly related to both B and C, with no direct relationship with A. Let",True,True,Y = B + C
wandb_downloads_text_only/scientific-exploration-increase-text-only/artifacts/episode-text_only_beers_concrete_model_qwen25_7b-04_latest,text_only_beers_concrete_model_qwen25_7b,Text-only,beers,concrete,model_qwen25_7b,False,,,True,False,absorbance = molar_absorptivity * concentration * path_length
wandb_downloads_text_only/scientific-exploration-increase-text-only/artifacts/episode-text_only_mass_concrete_model_mistral_7b-04_latest,text_only_mass_concrete_model_mistral_7b,Text-only,mass,concrete,model_mistral_7b,False,,,True,False,mass = density * volume
wandb_downloads_text_only/scientific-exploration-increase-text-only/artifacts/episode-text_only_mass_abstract_model_mistral_7b-00_latest,text_only_mass_abstract_model_mistral_7b,Text-only,mass,abstract,model_mistral_7b,True,4,"[json_decode] model output is not valid JSON (error: Expecting ',' delimiter at pos 306): '{\\n  ""reasoning"": ""The current observation shows a consistent ratio between A and Y, while B remains constan",True,True,Y = 5*A - 5*B
wandb_downloads_text_only/scientific-exploration-increase-text-only/artifacts/episode-text_only_distance_concrete_model_qwen25_7b-04_latest,text_only_distance_concrete_model_qwen25_7b,Text-only,distance,concrete,model_qwen25_7b,False,,,True,False,total_distance = distance_1 + distance_2 + distance_3
wandb_downloads_text_only/scientific-exploration-increase-text-only/artifacts/episode-text_only_beers_abbrev_model_qwen25_7b-02_latest,text_only_beers_abbrev_model_qwen25_7b,Text-only,beers,abbrev,model_qwen25_7b,False,,,True,False,A = epsilon * c / l
wandb_downloads_text_only/scientific-exploration-increase-text-only/artifacts/episode-text_only_distance_abbrev_model_mistral_7b-07_latest,text_only_distance_abbrev_model_mistral_7b,Text-only,distance,abbrev,model_mistral_7b,True,6,"[json_decode] model output is not valid JSON (error: Expecting ',' delimiter at pos 186): '{\\n  ""reasoning"": ""Confirmed that d is a function of d2 and d3 only. No further exploration is needed."",\\n ",True,True,d = d2 + d3
wandb_downloads_text_only/scientific-exploration-increase-text-only/artifacts/episode-text_only_ohm_abstract_model_qwen25_7b-07_latest,text_only_ohm_abstract_model_qwen25_7b,Text-only,ohm,abstract,model_qwen25_7b,False,,,True,False,Y = 5A + 3B
wandb_downloads_text_only/scientific-exploration-increase-text-only/artifacts/episode-text_only_kinematics_concrete_model_llama31_8b-04_latest,text_only_kinematics_concrete_model_llama31_8b,Text-only,kinematics,concrete,model_llama31_8b,False,,,True,False,initial_position + velocity * time
wandb_downloads_text_only/scientific-exploration-increase-text-only/artifacts/episode-text_only_kinematics_abbrev_model_mistral_7b-03_latest,text_only_kinematics_abbrev_model_mistral_7b,Text-only,kinematics,abbrev,model_mistral_7b,False,,,True,False,x = x0 + v*t
wandb_downloads_text_only/scientific-exploration-increase-text-only/artifacts/episode-text_only_kinematics_concrete_model_qwen35_4b-09_latest,text_only_kinematics_concrete_model_qwen35_4b,Text-only,kinematics,concrete,model_qwen35_4b,False,,,True,False,position = initial_position + velocity * time
wandb_downloads_text_only/scientific-exploration-increase-text-only/artifacts/episode-text_only_resistors_concrete_model_qwen25_7b-01_latest,text_only_resistors_concrete_model_qwen25_7b,Text-only,resistors,concrete,model_qwen25_7b,False,,,True,False,total_resistance = resistance_1 + resistance_2
wandb_downloads_text_only/scientific-exploration-increase-text-only/artifacts/episode-text_only_beers_abbrev_model_llama31_8b-09_latest,text_only_beers_abbrev_model_llama31_8b,Text-only,beers,abbrev,model_llama31_8b,False,,,True,False,A = epsilon * l
wandb_downloads_text_only/scientific-exploration-increase-text-only/artifacts/episode-text_only_ohm_abstract_model_mistral_7b-08_latest,text_only_ohm_abstract_model_mistral_7b,Text-only,ohm,abstract,model_mistral_7b,True,3,"[json_decode] model output is not valid JSON (error: Expecting ',' delimiter at pos 339): '{\\n  ""reasoning"": ""Y is directly proportional to A, and the current observation shows that Y does not appear",True,True,Y = A * B
wandb_downloads_text_only/scientific-exploration-increase-text-only/artifacts/episode-text_only_kinematics_concrete_model_mistral_7b-09_latest,text_only_kinematics_concrete_model_mistral_7b,Text-only,kinematics,concrete,model_mistral_7b,False,,,True,False,position = initial_position * velocity * time
wandb_downloads_text_only/scientific-exploration-increase-text-only/artifacts/episode-text_only_distance_abbrev_model_gemma3_4b-02_latest,text_only_distance_abbrev_model_gemma3_4b,Text-only,distance,abbrev,model_gemma3_4b,False,,,True,False,d = 2.5 * d1 + 2.5 * d2 + 2.5 * d3
wandb_downloads_text_only/scientific-exploration-increase-text-only/artifacts/episode-text_only_ohm_abbrev_model_qwen35_9b-06_latest,text_only_ohm_abbrev_model_qwen35_9b,Text-only,ohm,abbrev,model_qwen35_9b,False,,,True,False,V = I * R
wandb_downloads_text_only/scientific-exploration-increase-text-only/artifacts/episode-text_only_resistors_abstract_model_mistral_7b-04_latest,text_only_resistors_abstract_model_mistral_7b,Text-only,resistors,abstract,model_mistral_7b,True,7,"[json_decode] model output is not valid JSON (error: Expecting ',' delimiter at pos 270): '{\\n  ""reasoning"": ""Y has remained constant while B has decreased, confirming that Y is the difference betwee",True,True,Y = A + B - 5
wandb_downloads_text_only/scientific-exploration-increase-text-only/artifacts/episode-text_only_mass_abstract_model_qwen25_7b-09_latest,text_only_mass_abstract_model_qwen25_7b,Text-only,mass,abstract,model_qwen25_7b,False,,,True,False,Y = 15A
wandb_downloads_text_only/scientific-exploration-increase-text-only/artifacts/episode-text_only_distance_abbrev_model_mistral_7b-08_latest,text_only_distance_abbrev_model_mistral_7b,Text-only,distance,abbrev,model_mistral_7b,True,11,"[json_decode] model output is not valid JSON (error: Expecting ',' delimiter at pos 353): '{\\n  ""reasoning"": ""The relationship between d and d2 seems to be consistent and linear, with each increase i",True,True,d = d2 + 3 * d3
wandb_downloads_text_only/scientific-exploration-increase-text-only/artifacts/episode-text_only_kinematics_concrete_model_llama31_8b-02_latest,text_only_kinematics_concrete_model_llama31_8b,Text-only,kinematics,concrete,model_llama31_8b,False,,,True,False,position = initial_position + velocity * time
wandb_downloads_text_only/scientific-exploration-increase-text-only/artifacts/episode-text_only_resistors_abstract_model_qwen35_9b-09_latest,text_only_resistors_abstract_model_qwen35_9b,Text-only,resistors,abstract,model_qwen35_9b,False,,,True,False,Y = A + B
wandb_downloads_text_only/scientific-exploration-increase-text-only/artifacts/episode-text_only_kinematics_concrete_model_qwen35_9b-06_latest,text_only_kinematics_concrete_model_qwen35_9b,Text-only,kinematics,concrete,model_qwen35_9b,False,,,True,False,position = initial_position + velocity * time
wandb_downloads_text_only/scientific-exploration-increase-text-only/artifacts/episode-text_only_ohm_concrete_model_llama31_8b-06_latest,text_only_ohm_concrete_model_llama31_8b,Text-only,ohm,concrete,model_llama31_8b,False,,,True,False,voltage = current * resistance
wandb_downloads_text_only/scientific-exploration-increase-text-only/artifacts/episode-text_only_distance_abbrev_model_gemma3_4b-09_latest,text_only_distance_abbrev_model_gemma3_4b,Text-only,distance,abbrev,model_gemma3_4b,False,,,True,False,d = 3 * d1
wandb_downloads_text_only/scientific-exploration-increase-text-only/artifacts/episode-text_only_kinematics_abstract_model_qwen25_7b-02_latest,text_only_kinematics_abstract_model_qwen25_7b,Text-only,kinematics,abstract,model_qwen25_7b,False,,,True,False,A + B - C
wandb_downloads_text_only/scientific-exploration-increase-text-only/artifacts/episode-text_only_beers_concrete_model_llama31_8b-07_latest,text_only_beers_concrete_model_llama31_8b,Text-only,beers,concrete,model_llama31_8b,False,,,True,False,absorbance = molar_absorptivity * concentration * path_length
wandb_downloads_text_only/scientific-exploration-increase-text-only/artifacts/episode-text_only_beers_abstract_model_qwen25_3b-09_latest,text_only_beers_abstract_model_qwen25_3b,Text-only,beers,abstract,model_qwen25_3b,False,,,True,False,Y = A * B * C
wandb_downloads_text_only/scientific-exploration-increase-text-only/artifacts/episode-text_only_beers_abstract_model_mistral_7b-09_latest,text_only_beers_abstract_model_mistral_7b,Text-only,beers,abstract,model_mistral_7b,False,,,True,False,Y = k*A
wandb_downloads_text_only/scientific-exploration-increase-text-only/artifacts/episode-text_only_mass_abbrev_model_mistral_7b-07_latest,text_only_mass_abbrev_model_mistral_7b,Text-only,mass,abbrev,model_mistral_7b,True,8,"[json_decode] model output is not valid JSON (error: Expecting ',' delimiter at pos 296): '{\\n  ""reasoning"": ""The relationship between m and V appears to be direct proportionality with a proportional",True,True,m = 3 * V * rho
wandb_downloads_text_only/scientific-exploration-increase-text-only/artifacts/episode-text_only_kinematics_concrete_model_qwen35_9b-08_latest,text_only_kinematics_concrete_model_qwen35_9b,Text-only,kinematics,concrete,model_qwen35_9b,False,,,True,False,position = initial_position + velocity * time
wandb_downloads_text_only/scientific-exploration-increase-text-only/artifacts/episode-text_only_kinematics_abstract_model_qwen25_7b-09_latest,text_only_kinematics_abstract_model_qwen25_7b,Text-only,kinematics,abstract,model_qwen25_7b,False,,,True,False,Y = 30 / C
wandb_downloads_text_only/scientific-exploration-increase-text-only/artifacts/episode-text_only_resistors_abstract_model_gemma3_4b-04_latest,text_only_resistors_abstract_model_gemma3_4b,Text-only,resistors,abstract,model_gemma3_4b,False,,,True,False,Y = A + B
wandb_downloads_text_only/scientific-exploration-increase-text-only/artifacts/episode-text_only_beers_concrete_model_qwen35_4b-03_latest,text_only_beers_concrete_model_qwen35_4b,Text-only,beers,concrete,model_qwen35_4b,False,,,True,False,absorbance = molar_absorptivity * concentration * path_length
wandb_downloads_text_only/scientific-exploration-increase-text-only/artifacts/episode-text_only_kinematics_abbrev_model_mistral_7b-06_latest,text_only_kinematics_abbrev_model_mistral_7b,Text-only,kinematics,abbrev,model_mistral_7b,False,,,True,False,x = x0 + v*t
wandb_downloads_text_only/scientific-exploration-increase-text-only/artifacts/episode-text_only_ohm_abbrev_model_qwen35_4b-02_latest,text_only_ohm_abbrev_model_qwen35_4b,Text-only,ohm,abbrev,model_qwen35_4b,False,,,True,False,V = I * R
wandb_downloads_text_only/scientific-exploration-increase-text-only/artifacts/episode-text_only_kinematics_concrete_model_gemma3_4b-08_latest,text_only_kinematics_concrete_model_gemma3_4b,Text-only,kinematics,concrete,model_gemma3_4b,False,,,True,False,position = initial_position + velocity * time
wandb_downloads_text_only/scientific-exploration-increase-text-only/artifacts/episode-text_only_ohm_concrete_model_qwen35_9b-00_latest,text_only_ohm_concrete_model_qwen35_9b,Text-only,ohm,concrete,model_qwen35_9b,False,,,True,False,voltage = current * resistance
wandb_downloads_text_only/scientific-exploration-increase-text-only/artifacts/episode-text_only_ohm_abstract_model_llama31_8b-00_latest,text_only_ohm_abstract_model_llama31_8b,Text-only,ohm,abstract,model_llama31_8b,False,,,True,False,Y = A
wandb_downloads_text_only/scientific-exploration-increase-text-only/artifacts/episode-text_only_distance_abbrev_model_mistral_7b-05_latest,text_only_distance_abbrev_model_mistral_7b,Text-only,distance,abbrev,model_mistral_7b,True,13,"[json_decode] model output is not valid JSON (error: Expecting ',' delimiter at pos 195): '{\\n  ""reasoning"": ""All observations show that d is a linear function of d1 only. No further actions are need",True,True,"d = d1 + 0\*d2 + 0\*d3 (or simply d = d1, since d2 and d3 have no impact on d)"
wandb_downloads_text_only/scientific-exploration-increase-text-only/artifacts/episode-text_only_resistors_abbrev_model_qwen25_3b-00_latest,text_only_resistors_abbrev_model_qwen25_3b,Text-only,resistors,abbrev,model_qwen25_3b,False,,,True,False,Rt = R1 + R2
wandb_downloads_text_only/scientific-exploration-increase-text-only/artifacts/episode-text_only_mass_abbrev_model_mistral_7b-04_latest,text_only_mass_abbrev_model_mistral_7b,Text-only,mass,abbrev,model_mistral_7b,False,,,True,False,m = k * V
wandb_downloads_text_only/scientific-exploration-increase-text-only/artifacts/episode-text_only_mass_concrete_model_qwen25_7b-08_latest,text_only_mass_concrete_model_qwen25_7b,Text-only,mass,concrete,model_qwen25_7b,False,,,True,False,mass = density * volume
wandb_downloads_text_only/scientific-exploration-increase-text-only/artifacts/episode-text_only_beers_abbrev_model_qwen35_9b-02_latest,text_only_beers_abbrev_model_qwen35_9b,Text-only,beers,abbrev,model_qwen35_9b,False,,,True,False,A = epsilon * c * l
wandb_downloads_text_only/scientific-exploration-increase-text-only/artifacts/episode-text_only_distance_concrete_model_qwen35_4b-03_latest,text_only_distance_concrete_model_qwen35_4b,Text-only,distance,concrete,model_qwen35_4b,False,,,True,False,total_distance = distance_1 + distance_2 + distance_3
wandb_downloads_text_only/scientific-exploration-increase-text-only/artifacts/episode-text_only_kinematics_concrete_model_gemma3_4b-01_latest,text_only_kinematics_concrete_model_gemma3_4b,Text-only,kinematics,concrete,model_gemma3_4b,False,,,True,False,position = initial_position + velocity * time
wandb_downloads_text_only/scientific-exploration-increase-text-only/artifacts/episode-text_only_kinematics_concrete_model_qwen35_9b-09_latest,text_only_kinematics_concrete_model_qwen35_9b,Text-only,kinematics,concrete,model_qwen35_9b,False,,,True,False,position = initial_position + velocity * time
wandb_downloads_text_only/scientific-exploration-increase-text-only/artifacts/episode-text_only_ohm_abstract_model_qwen35_9b-00_latest,text_only_ohm_abstract_model_qwen35_9b,Text-only,ohm,abstract,model_qwen35_9b,False,,,True,False,Y = A * B
wandb_downloads_text_only/scientific-exploration-increase-text-only/artifacts/episode-text_only_distance_abstract_model_llama31_8b-00_latest,text_only_distance_abstract_model_llama31_8b,Text-only,distance,abstract,model_llama31_8b,False,,,True,False,Y = k * B / C
wandb_downloads_text_only/scientific-exploration-increase-text-only/artifacts/episode-text_only_mass_concrete_model_llama31_8b-08_latest,text_only_mass_concrete_model_llama31_8b,Text-only,mass,concrete,model_llama31_8b,False,,,True,False,mass = density * volume
wandb_downloads_text_only/scientific-exploration-increase-text-only/artifacts/episode-text_only_mass_concrete_model_qwen35_4b-01_latest,text_only_mass_concrete_model_qwen35_4b,Text-only,mass,concrete,model_qwen35_4b,False,,,True,False,mass = density * volume
wandb_downloads_text_only/scientific-exploration-increase-text-only/artifacts/episode-text_only_distance_abbrev_model_qwen35_4b-06_latest,text_only_distance_abbrev_model_qwen35_4b,Text-only,distance,abbrev,model_qwen35_4b,False,,,True,False,d = d1 + d2 + d3
wandb_downloads_text_only/scientific-exploration-increase-text-only/artifacts/episode-text_only_distance_abstract_model_qwen25_7b-03_latest,text_only_distance_abstract_model_qwen25_7b,Text-only,distance,abstract,model_qwen25_7b,False,,,True,False,Y = C
wandb_downloads_text_only/scientific-exploration-increase-text-only/artifacts/episode-text_only_resistors_concrete_model_qwen35_4b-08_latest,text_only_resistors_concrete_model_qwen35_4b,Text-only,resistors,concrete,model_qwen35_4b,False,,,True,False,total_resistance = resistance_1 + resistance_2
wandb_downloads_text_only/scientific-exploration-increase-text-only/artifacts/episode-text_only_distance_concrete_model_qwen25_3b-06_latest,text_only_distance_concrete_model_qwen25_3b,Text-only,distance,concrete,model_qwen25_3b,False,,,True,False,total_distance = distance_1 + distance_2 + distance_3
wandb_downloads_text_only/scientific-exploration-increase-text-only/artifacts/episode-text_only_distance_concrete_model_llama31_8b-03_latest,text_only_distance_concrete_model_llama31_8b,Text-only,distance,concrete,model_llama31_8b,False,,,True,False,distance_1 + distance_2 + distance_3 = total_distance
wandb_downloads_text_only/scientific-exploration-increase-text-only/artifacts/episode-text_only_kinematics_abstract_model_llama31_8b-00_latest,text_only_kinematics_abstract_model_llama31_8b,Text-only,kinematics,abstract,model_llama31_8b,False,,,True,False,Y = A + B
wandb_downloads_text_only/scientific-exploration-increase-text-only/artifacts/episode-text_only_mass_abbrev_model_qwen25_7b-08_latest,text_only_mass_abbrev_model_qwen25_7b,Text-only,mass,abbrev,model_qwen25_7b,False,,,True,False,m = rho * V
wandb_downloads_text_only/scientific-exploration-increase-text-only/artifacts/episode-text_only_beers_abbrev_model_qwen25_7b-05_latest,text_only_beers_abbrev_model_qwen25_7b,Text-only,beers,abbrev,model_qwen25_7b,False,,,True,False,A = 6 * epsilon * c
wandb_downloads_text_only/scientific-exploration-increase-text-only/artifacts/episode-text_only_ohm_abstract_model_qwen25_7b-01_latest,text_only_ohm_abstract_model_qwen25_7b,Text-only,ohm,abstract,model_qwen25_7b,False,,,True,False,Y = 10A + 10B
wandb_downloads_text_only/scientific-exploration-increase-text-only/artifacts/episode-text_only_beers_abbrev_model_gemma3_4b-06_latest,text_only_beers_abbrev_model_gemma3_4b,Text-only,beers,abbrev,model_gemma3_4b,False,,,True,False,A = epsilon * c * l
wandb_downloads_text_only/scientific-exploration-increase-text-only/artifacts/episode-text_only_kinematics_concrete_model_mistral_7b-03_latest,text_only_kinematics_concrete_model_mistral_7b,Text-only,kinematics,concrete,model_mistral_7b,False,,,True,False,position = initial_position + (velocity * time)
wandb_downloads_text_only/scientific-exploration-increase-text-only/artifacts/episode-text_only_mass_abbrev_model_mistral_7b-05_latest,text_only_mass_abbrev_model_mistral_7b,Text-only,mass,abbrev,model_mistral_7b,True,3,"[json_decode] model output is not valid JSON (error: Expecting ',' delimiter at pos 299): '{\\n  ""reasoning"": ""Verified that the relationship between rho, V, and m is proportional with V, and m is dir",True,True,m = V * rho
wandb_downloads_text_only/scientific-exploration-increase-text-only/artifacts/episode-text_only_beers_abstract_model_llama31_8b-05_latest,text_only_beers_abstract_model_llama31_8b,Text-only,beers,abstract,model_llama31_8b,False,,,True,False,Y = A*B
wandb_downloads_text_only/scientific-exploration-increase-text-only/artifacts/episode-text_only_distance_abstract_model_gemma3_4b-02_latest,text_only_distance_abstract_model_gemma3_4b,Text-only,distance,abstract,model_gemma3_4b,False,,,True,False,Y = A + B + C
wandb_downloads_text_only/scientific-exploration-increase-text-only/artifacts/episode-text_only_mass_abstract_model_llama31_8b-07_latest,text_only_mass_abstract_model_llama31_8b,Text-only,mass,abstract,model_llama31_8b,False,,,True,False,Y = k * B
wandb_downloads_text_only/scientific-exploration-increase-text-only/artifacts/episode-text_only_mass_concrete_model_mistral_7b-02_latest,text_only_mass_concrete_model_mistral_7b,Text-only,mass,concrete,model_mistral_7b,False,,,True,False,mass = density * volume
wandb_downloads_text_only/scientific-exploration-increase-text-only/artifacts/episode-text_only_resistors_concrete_model_qwen25_7b-09_latest,text_only_resistors_concrete_model_qwen25_7b,Text-only,resistors,concrete,model_qwen25_7b,False,,,True,False,total_resistance = resistance_1 + resistance_2
wandb_downloads_text_only/scientific-exploration-increase-text-only/artifacts/episode-text_only_beers_concrete_model_qwen25_3b-07_latest,text_only_beers_concrete_model_qwen25_3b,Text-only,beers,concrete,model_qwen25_3b,False,,,True,False,absorbance = molar_absorptivity * concentration * path_length
wandb_downloads_text_only/scientific-exploration-increase-text-only/artifacts/episode-text_only_beers_concrete_model_qwen35_4b-00_latest,text_only_beers_concrete_model_qwen35_4b,Text-only,beers,concrete,model_qwen35_4b,False,,,True,False,absorbance = molar_absorptivity * concentration * path_length
wandb_downloads_text_only/scientific-exploration-increase-text-only/artifacts/episode-text_only_mass_concrete_model_llama31_8b-05_latest,text_only_mass_concrete_model_llama31_8b,Text-only,mass,concrete,model_llama31_8b,False,,,True,False,mass = density * volume
wandb_downloads_text_only/scientific-exploration-increase-text-only/artifacts/episode-text_only_mass_abstract_model_gemma3_4b-00_latest,text_only_mass_abstract_model_gemma3_4b,Text-only,mass,abstract,model_gemma3_4b,False,,,True,False,Y = 3 * B
wandb_downloads_text_only/scientific-exploration-increase-text-only/artifacts/episode-text_only_kinematics_concrete_model_qwen35_4b-05_latest,text_only_kinematics_concrete_model_qwen35_4b,Text-only,kinematics,concrete,model_qwen35_4b,False,,,True,False,position = initial_position + velocity * time
wandb_downloads_text_only/scientific-exploration-increase-text-only/artifacts/episode-text_only_beers_abstract_model_llama31_8b-03_latest,text_only_beers_abstract_model_llama31_8b,Text-only,beers,abstract,model_llama31_8b,False,,,True,False,Y = BC
wandb_downloads_text_only/scientific-exploration-increase-text-only/artifacts/episode-text_only_beers_concrete_model_qwen25_3b-02_latest,text_only_beers_concrete_model_qwen25_3b,Text-only,beers,concrete,model_qwen25_3b,False,,,True,False,absorbance = molar_absorptivity * concentration * path_length
wandb_downloads_text_only/scientific-exploration-increase-text-only/artifacts/episode-text_only_beers_concrete_model_qwen35_4b-07_latest,text_only_beers_concrete_model_qwen35_4b,Text-only,beers,concrete,model_qwen35_4b,False,,,True,False,absorbance = molar_absorptivity * concentration * path_length
wandb_downloads_text_only/scientific-exploration-increase-text-only/artifacts/episode-text_only_resistors_concrete_model_qwen35_9b-06_latest,text_only_resistors_concrete_model_qwen35_9b,Text-only,resistors,concrete,model_qwen35_9b,False,,,True,False,total_resistance = resistance_1 + resistance_2
wandb_downloads_text_only/scientific-exploration-increase-text-only/artifacts/episode-text_only_mass_abstract_model_qwen35_9b-05_latest,text_only_mass_abstract_model_qwen35_9b,Text-only,mass,abstract,model_qwen35_9b,False,,,True,False,Y = A * B
wandb_downloads_text_only/scientific-exploration-increase-text-only/artifacts/episode-text_only_kinematics_concrete_model_qwen35_9b-01_latest,text_only_kinematics_concrete_model_qwen35_9b,Text-only,kinematics,concrete,model_qwen35_9b,False,,,True,False,position = initial_position + velocity * time
wandb_downloads_text_only/scientific-exploration-increase-text-only/artifacts/episode-text_only_distance_abbrev_model_qwen35_4b-00_latest,text_only_distance_abbrev_model_qwen35_4b,Text-only,distance,abbrev,model_qwen35_4b,False,,,True,False,d = d1 + d2 + d3
wandb_downloads_text_only/scientific-exploration-increase-text-only/artifacts/episode-text_only_mass_abstract_model_llama31_8b-05_latest,text_only_mass_abstract_model_llama31_8b,Text-only,mass,abstract,model_llama31_8b,False,,,True,True,Y = B
wandb_downloads_text_only/scientific-exploration-increase-text-only/artifacts/episode-text_only_distance_concrete_model_qwen25_3b-09_latest,text_only_distance_concrete_model_qwen25_3b,Text-only,distance,concrete,model_qwen25_3b,False,,,True,False,total_distance = distance_1 + distance_2 + distance_3
wandb_downloads_text_only/scientific-exploration-increase-text-only/artifacts/episode-text_only_mass_concrete_model_mistral_7b-03_latest,text_only_mass_concrete_model_mistral_7b,Text-only,mass,concrete,model_mistral_7b,False,,,True,False,mass = density * volume
wandb_downloads_text_only/scientific-exploration-increase-text-only/artifacts/episode-text_only_kinematics_abstract_model_llama31_8b-03_latest,text_only_kinematics_abstract_model_llama31_8b,Text-only,kinematics,abstract,model_llama31_8b,False,,,True,False,Y = A + 2*C
wandb_downloads_text_only/scientific-exploration-increase-text-only/artifacts/episode-text_only_ohm_abbrev_model_qwen25_3b-07_latest,text_only_ohm_abbrev_model_qwen25_3b,Text-only,ohm,abbrev,model_qwen25_3b,False,,,True,False,V = 10 * I + 5 * R
wandb_downloads_text_only/scientific-exploration-increase-text-only/artifacts/episode-text_only_beers_abstract_model_qwen35_4b-08_latest,text_only_beers_abstract_model_qwen35_4b,Text-only,beers,abstract,model_qwen35_4b,False,,,True,False,Y = A * B * C
wandb_downloads_text_only/scientific-exploration-increase-text-only/artifacts/episode-text_only_kinematics_abbrev_model_qwen25_3b-07_latest,text_only_kinematics_abbrev_model_qwen25_3b,Text-only,kinematics,abbrev,model_qwen25_3b,False,,,True,False,x = 4*t + 2*v
wandb_downloads_text_only/scientific-exploration-increase-text-only/artifacts/episode-text_only_resistors_abstract_model_qwen25_7b-04_latest,text_only_resistors_abstract_model_qwen25_7b,Text-only,resistors,abstract,model_qwen25_7b,False,,,True,False,Y = A
wandb_downloads_text_only/scientific-exploration-increase-text-only/artifacts/episode-text_only_mass_concrete_model_qwen25_7b-02_latest,text_only_mass_concrete_model_qwen25_7b,Text-only,mass,concrete,model_qwen25_7b,False,,,True,False,mass = density * volume
wandb_downloads_text_only/scientific-exploration-increase-text-only/artifacts/episode-text_only_mass_concrete_model_mistral_7b-01_latest,text_only_mass_concrete_model_mistral_7b,Text-only,mass,concrete,model_mistral_7b,False,,,True,False,mass = density * volume
wandb_downloads_text_only/scientific-exploration-increase-text-only/artifacts/episode-text_only_mass_concrete_model_qwen35_4b-09_latest,text_only_mass_concrete_model_qwen35_4b,Text-only,mass,concrete,model_qwen35_4b,False,,,True,False,mass = density * volume
wandb_downloads_text_only/scientific-exploration-increase-text-only/artifacts/episode-text_only_ohm_abstract_model_qwen35_4b-03_latest,text_only_ohm_abstract_model_qwen35_4b,Text-only,ohm,abstract,model_qwen35_4b,False,,,True,False,Y = A * B
wandb_downloads_text_only/scientific-exploration-increase-text-only/artifacts/episode-text_only_ohm_abstract_model_qwen25_3b-01_latest,text_only_ohm_abstract_model_qwen25_3b,Text-only,ohm,abstract,model_qwen25_3b,False,,,True,False,Y = 15.0 * A
wandb_downloads_text_only/scientific-exploration-increase-text-only/artifacts/episode-text_only_resistors_abstract_model_llama31_8b-09_latest,text_only_resistors_abstract_model_llama31_8b,Text-only,resistors,abstract,model_llama31_8b,False,,,True,False,Y = B + 15
wandb_downloads_text_only/scientific-exploration-increase-text-only/artifacts/episode-text_only_resistors_abstract_model_mistral_7b-07_latest,text_only_resistors_abstract_model_mistral_7b,Text-only,resistors,abstract,model_mistral_7b,False,,,True,False,Y = a*A + b
wandb_downloads_text_only/scientific-exploration-increase-text-only/artifacts/episode-text_only_distance_concrete_model_mistral_7b-05_latest,text_only_distance_concrete_model_mistral_7b,Text-only,distance,concrete,model_mistral_7b,False,,,True,False,total_distance = distance_1 + distance_2 + distance_3
wandb_downloads_text_only/scientific-exploration-increase-text-only/artifacts/episode-text_only_resistors_concrete_model_qwen35_4b-00_latest,text_only_resistors_concrete_model_qwen35_4b,Text-only,resistors,concrete,model_qwen35_4b,False,,,True,False,total_resistance = resistance_1 + resistance_2
wandb_downloads_text_only/scientific-exploration-increase-text-only/artifacts/episode-text_only_beers_concrete_model_mistral_7b-00_latest,text_only_beers_concrete_model_mistral_7b,Text-only,beers,concrete,model_mistral_7b,True,6,"[json_decode] model output is not valid JSON (error: Expecting ',' delimiter at pos 461): '{\\n  ""reasoning"": ""The current observations suggest that absorbance is directly proportional to the product ",True,True,absorbance = molar_absorptivity * path_length * concentration
wandb_downloads_text_only/scientific-exploration-increase-text-only/artifacts/episode-text_only_beers_concrete_model_gemma3_4b-07_latest,text_only_beers_concrete_model_gemma3_4b,Text-only,beers,concrete,model_gemma3_4b,False,,,True,False,absorbance = molar_absorptivity * concentration * path_length
wandb_downloads_text_only/scientific-exploration-increase-text-only/artifacts/episode-text_only_beers_concrete_model_qwen25_7b-09_latest,text_only_beers_concrete_model_qwen25_7b,Text-only,beers,concrete,model_qwen25_7b,False,,,True,False,absorbance = molar_absorptivity * concentration * path_length
wandb_downloads_text_only/scientific-exploration-increase-text-only/artifacts/episode-text_only_beers_abbrev_model_gemma3_4b-01_latest,text_only_beers_abbrev_model_gemma3_4b,Text-only,beers,abbrev,model_gemma3_4b,False,,,True,False,A = epsilon * c * l
wandb_downloads_text_only/scientific-exploration-increase-text-only/artifacts/episode-text_only_ohm_abbrev_model_qwen25_7b-01_latest,text_only_ohm_abbrev_model_qwen25_7b,Text-only,ohm,abbrev,model_qwen25_7b,False,,,True,False,V = 10 * I
wandb_downloads_text_only/scientific-exploration-increase-text-only/artifacts/episode-text_only_kinematics_concrete_model_qwen35_4b-07_latest,text_only_kinematics_concrete_model_qwen35_4b,Text-only,kinematics,concrete,model_qwen35_4b,False,,,True,False,position = initial_position + velocity * time
wandb_downloads_text_only/scientific-exploration-increase-text-only/artifacts/episode-text_only_kinematics_abstract_model_qwen25_3b-04_latest,text_only_kinematics_abstract_model_qwen25_3b,Text-only,kinematics,abstract,model_qwen25_3b,False,,,True,False,Y = 1.5A + 1.8B
wandb_downloads_text_only/scientific-exploration-increase-text-only/artifacts/episode-text_only_resistors_abbrev_model_qwen25_7b-00_latest,text_only_resistors_abbrev_model_qwen25_7b,Text-only,resistors,abbrev,model_qwen25_7b,False,,,True,False,Rt = R1 + R2
wandb_downloads_text_only/scientific-exploration-increase-text-only/artifacts/episode-text_only_ohm_concrete_model_qwen35_4b-05_latest,text_only_ohm_concrete_model_qwen35_4b,Text-only,ohm,concrete,model_qwen35_4b,False,,,True,False,voltage = current * resistance
wandb_downloads_text_only/scientific-exploration-increase-text-only/artifacts/episode-text_only_distance_abbrev_model_qwen25_7b-03_latest,text_only_distance_abbrev_model_qwen25_7b,Text-only,distance,abbrev,model_qwen25_7b,False,,,True,False,d = d2 + d3
wandb_downloads_text_only/scientific-exploration-increase-text-only/artifacts/episode-text_only_distance_abstract_model_qwen35_4b-07_latest,text_only_distance_abstract_model_qwen35_4b,Text-only,distance,abstract,model_qwen35_4b,False,,,True,False,Y = A + B + C
wandb_downloads_text_only/scientific-exploration-increase-text-only/artifacts/episode-text_only_mass_concrete_model_qwen35_9b-00_latest,text_only_mass_concrete_model_qwen35_9b,Text-only,mass,concrete,model_qwen35_9b,False,,,True,False,mass = density * volume
wandb_downloads_text_only/scientific-exploration-increase-text-only/artifacts/episode-text_only_distance_abbrev_model_qwen25_7b-04_latest,text_only_distance_abbrev_model_qwen25_7b,Text-only,distance,abbrev,model_qwen25_7b,False,,,True,False,d = d1 + d2 + d3
wandb_downloads_text_only/scientific-exploration-increase-text-only/artifacts/episode-text_only_kinematics_abstract_model_llama31_8b-02_latest,text_only_kinematics_abstract_model_llama31_8b,Text-only,kinematics,abstract,model_llama31_8b,False,,,True,False,Y = AC + B
wandb_downloads_text_only/scientific-exploration-increase-text-only/artifacts/episode-text_only_mass_abbrev_model_llama31_8b-01_latest,text_only_mass_abbrev_model_llama31_8b,Text-only,mass,abbrev,model_llama31_8b,False,,,True,False,m = rho * V
wandb_downloads_text_only/scientific-exploration-increase-text-only/artifacts/episode-text_only_ohm_abbrev_model_qwen25_7b-05_latest,text_only_ohm_abbrev_model_qwen25_7b,Text-only,ohm,abbrev,model_qwen25_7b,False,,,True,False,V = 10 * I
wandb_downloads_text_only/scientific-exploration-increase-text-only/artifacts/episode-text_only_beers_concrete_model_qwen35_4b-01_latest,text_only_beers_concrete_model_qwen35_4b,Text-only,beers,concrete,model_qwen35_4b,False,,,True,False,absorbance = molar_absorptivity * concentration * path_length
wandb_downloads_text_only/scientific-exploration-increase-text-only/artifacts/episode-text_only_ohm_concrete_model_qwen35_9b-01_latest,text_only_ohm_concrete_model_qwen35_9b,Text-only,ohm,concrete,model_qwen35_9b,False,,,True,False,voltage = current * resistance
wandb_downloads_text_only/scientific-exploration-increase-text-only/artifacts/episode-text_only_beers_abstract_model_mistral_7b-06_latest,text_only_beers_abstract_model_mistral_7b,Text-only,beers,abstract,model_mistral_7b,False,,,True,False,Y = a * C
wandb_downloads_text_only/scientific-exploration-increase-text-only/artifacts/episode-text_only_kinematics_abbrev_model_llama31_8b-07_latest,text_only_kinematics_abbrev_model_llama31_8b,Text-only,kinematics,abbrev,model_llama31_8b,False,,,True,False,x = x0 + vt
wandb_downloads_text_only/scientific-exploration-increase-text-only/artifacts/episode-text_only_mass_abstract_model_qwen25_3b-06_latest,text_only_mass_abstract_model_qwen25_3b,Text-only,mass,abstract,model_qwen25_3b,False,,,True,False,Y = 15 * A + 15 * B
wandb_downloads_text_only/scientific-exploration-increase-text-only/artifacts/episode-text_only_resistors_abbrev_model_gemma3_4b-02_latest,text_only_resistors_abbrev_model_gemma3_4b,Text-only,resistors,abbrev,model_gemma3_4b,False,,,True,False,Rt = 1.2 * R1
wandb_downloads_text_only/scientific-exploration-increase-text-only/artifacts/episode-text_only_distance_abbrev_model_qwen35_9b-09_latest,text_only_distance_abbrev_model_qwen35_9b,Text-only,distance,abbrev,model_qwen35_9b,False,,,True,False,d = d1 + d2 + d3
wandb_downloads_text_only/scientific-exploration-increase-text-only/artifacts/episode-text_only_kinematics_abstract_model_qwen35_4b-02_latest,text_only_kinematics_abstract_model_qwen35_4b,Text-only,kinematics,abstract,model_qwen35_4b,False,,,True,False,Y = A + B * C
wandb_downloads_text_only/scientific-exploration-increase-text-only/artifacts/episode-text_only_resistors_abbrev_model_gemma3_4b-04_latest,text_only_resistors_abbrev_model_gemma3_4b,Text-only,resistors,abbrev,model_gemma3_4b,False,,,True,False,Rt = R1 + R2
wandb_downloads_text_only/scientific-exploration-increase-text-only/artifacts/episode-text_only_mass_abbrev_model_qwen35_9b-07_latest,text_only_mass_abbrev_model_qwen35_9b,Text-only,mass,abbrev,model_qwen35_9b,False,,,True,False,m = rho * V
wandb_downloads_text_only/scientific-exploration-increase-text-only/artifacts/episode-text_only_distance_abstract_model_mistral_7b-02_latest,text_only_distance_abstract_model_mistral_7b,Text-only,distance,abstract,model_mistral_7b,False,,,True,False,Y = k * (A + C)
wandb_downloads_text_only/scientific-exploration-increase-text-only/artifacts/episode-text_only_ohm_abbrev_model_qwen35_4b-06_latest,text_only_ohm_abbrev_model_qwen35_4b,Text-only,ohm,abbrev,model_qwen35_4b,False,,,True,False,V = I * R
wandb_downloads_text_only/scientific-exploration-increase-text-only/artifacts/episode-text_only_resistors_abbrev_model_qwen35_4b-07_latest,text_only_resistors_abbrev_model_qwen35_4b,Text-only,resistors,abbrev,model_qwen35_4b,False,,,True,False,Rt = R1 + R2
wandb_downloads_text_only/scientific-exploration-increase-text-only/artifacts/episode-text_only_ohm_concrete_model_qwen35_9b-09_latest,text_only_ohm_concrete_model_qwen35_9b,Text-only,ohm,concrete,model_qwen35_9b,False,,,True,False,voltage = current * resistance
wandb_downloads_text_only/scientific-exploration-increase-text-only/artifacts/episode-text_only_ohm_concrete_model_llama31_8b-00_latest,text_only_ohm_concrete_model_llama31_8b,Text-only,ohm,concrete,model_llama31_8b,False,,,True,False,V = I * R
wandb_downloads_text_only/scientific-exploration-increase-text-only/artifacts/episode-text_only_resistors_abbrev_model_qwen25_3b-06_latest,text_only_resistors_abbrev_model_qwen25_3b,Text-only,resistors,abbrev,model_qwen25_3b,False,,,True,False,Rt = R1 + R2
wandb_downloads_text_only/scientific-exploration-increase-text-only/artifacts/episode-text_only_resistors_concrete_model_llama31_8b-02_latest,text_only_resistors_concrete_model_llama31_8b,Text-only,resistors,concrete,model_llama31_8b,False,,,True,False,total_resistance = resistance_1 + resistance_2
wandb_downloads_text_only/scientific-exploration-increase-text-only/artifacts/episode-text_only_mass_abbrev_model_qwen25_7b-06_latest,text_only_mass_abbrev_model_qwen25_7b,Text-only,mass,abbrev,model_qwen25_7b,False,,,True,False,m = rho * V
wandb_downloads_text_only/scientific-exploration-increase-text-only/artifacts/episode-text_only_resistors_abstract_model_gemma3_4b-00_latest,text_only_resistors_abstract_model_gemma3_4b,Text-only,resistors,abstract,model_gemma3_4b,False,,,True,False,Y = 2.5 * A
wandb_downloads_text_only/scientific-exploration-increase-text-only/artifacts/episode-text_only_beers_abstract_model_qwen25_3b-01_latest,text_only_beers_abstract_model_qwen25_3b,Text-only,beers,abstract,model_qwen25_3b,False,,,True,False,Y = 9 * (A + B) * C
wandb_downloads_text_only/scientific-exploration-increase-text-only/artifacts/episode-text_only_ohm_abbrev_model_mistral_7b-02_latest,text_only_ohm_abbrev_model_mistral_7b,Text-only,ohm,abbrev,model_mistral_7b,False,,,True,False,V = I * R
wandb_downloads_text_only/scientific-exploration-increase-text-only/artifacts/episode-text_only_kinematics_abbrev_model_mistral_7b-04_latest,text_only_kinematics_abbrev_model_mistral_7b,Text-only,kinematics,abbrev,model_mistral_7b,True,4,"[json_decode] model output is not valid JSON (error: Expecting ',' delimiter at pos 278): '{\\n  ""reasoning"": ""x appears to be directly proportional to both x0 and t. To verify, let\'s keep v constant",True,True,x = x0 + v*t
wandb_downloads_text_only/scientific-exploration-increase-text-only/artifacts/episode-text_only_resistors_abbrev_model_llama31_8b-07_latest,text_only_resistors_abbrev_model_llama31_8b,Text-only,resistors,abbrev,model_llama31_8b,False,,,True,False,Rt = 1 * R1 + 1 * R2
wandb_downloads_text_only/scientific-exploration-increase-text-only/artifacts/episode-text_only_ohm_concrete_model_mistral_7b-02_latest,text_only_ohm_concrete_model_mistral_7b,Text-only,ohm,concrete,model_mistral_7b,False,,,True,False,V = I * R
wandb_downloads_text_only/scientific-exploration-increase-text-only/artifacts/episode-text_only_resistors_abbrev_model_qwen35_9b-08_latest,text_only_resistors_abbrev_model_qwen35_9b,Text-only,resistors,abbrev,model_qwen35_9b,False,,,True,False,Rt = R1 + R2
wandb_downloads_text_only/scientific-exploration-increase-text-only/artifacts/episode-text_only_resistors_abstract_model_gemma3_4b-09_latest,text_only_resistors_abstract_model_gemma3_4b,Text-only,resistors,abstract,model_gemma3_4b,False,,,True,False,Y = A * B
wandb_downloads_text_only/scientific-exploration-increase-text-only/artifacts/episode-text_only_mass_abbrev_model_llama31_8b-02_latest,text_only_mass_abbrev_model_llama31_8b,Text-only,mass,abbrev,model_llama31_8b,False,,,True,False,m = 5*rho*V
wandb_downloads_text_only/scientific-exploration-increase-text-only/artifacts/episode-text_only_resistors_abstract_model_qwen25_3b-03_latest,text_only_resistors_abstract_model_qwen25_3b,Text-only,resistors,abstract,model_qwen25_3b,False,,,True,False,Y = 2 * A * B
wandb_downloads_text_only/scientific-exploration-increase-text-only/artifacts/episode-text_only_mass_concrete_model_qwen35_4b-07_latest,text_only_mass_concrete_model_qwen35_4b,Text-only,mass,concrete,model_qwen35_4b,False,,,True,False,mass = density * volume
wandb_downloads_text_only/scientific-exploration-increase-text-only/artifacts/episode-text_only_resistors_concrete_model_qwen35_9b-05_latest,text_only_resistors_concrete_model_qwen35_9b,Text-only,resistors,concrete,model_qwen35_9b,False,,,True,False,total_resistance = resistance_1 + resistance_2
wandb_downloads_text_only/scientific-exploration-increase-text-only/artifacts/episode-text_only_resistors_abbrev_model_gemma3_4b-06_latest,text_only_resistors_abbrev_model_gemma3_4b,Text-only,resistors,abbrev,model_gemma3_4b,False,,,True,False,Rt = R1 + R2
wandb_downloads_text_only/scientific-exploration-increase-text-only/artifacts/episode-text_only_ohm_abstract_model_qwen25_7b-06_latest,text_only_ohm_abstract_model_qwen25_7b,Text-only,ohm,abstract,model_qwen25_7b,False,,,True,False,Y = 5A
wandb_downloads_text_only/scientific-exploration-increase-text-only/artifacts/episode-text_only_distance_abstract_model_mistral_7b-09_latest,text_only_distance_abstract_model_mistral_7b,Text-only,distance,abstract,model_mistral_7b,False,,,True,False,Y = a*A
wandb_downloads_text_only/scientific-exploration-increase-text-only/artifacts/episode-text_only_ohm_abstract_model_gemma3_4b-00_latest,text_only_ohm_abstract_model_gemma3_4b,Text-only,ohm,abstract,model_gemma3_4b,False,,,True,False,Y = 3 * A
wandb_downloads_text_only/scientific-exploration-increase-text-only/artifacts/episode-text_only_ohm_abstract_model_qwen35_4b-01_latest,text_only_ohm_abstract_model_qwen35_4b,Text-only,ohm,abstract,model_qwen35_4b,False,,,True,False,Y = A * B
wandb_downloads_text_only/scientific-exploration-increase-text-only/artifacts/episode-text_only_beers_concrete_model_mistral_7b-01_latest,text_only_beers_concrete_model_mistral_7b,Text-only,beers,concrete,model_mistral_7b,False,,,True,False,absorbance = molar_absorptivity * concentration * path_length^2
wandb_downloads_text_only/scientific-exploration-increase-text-only/artifacts/episode-text_only_distance_concrete_model_llama31_8b-09_latest,text_only_distance_concrete_model_llama31_8b,Text-only,distance,concrete,model_llama31_8b,False,,,True,False,distance_1 + distance_2 + distance_3
wandb_downloads_text_only/scientific-exploration-increase-text-only/artifacts/episode-text_only_resistors_abbrev_model_gemma3_4b-03_latest,text_only_resistors_abbrev_model_gemma3_4b,Text-only,resistors,abbrev,model_gemma3_4b,False,,,True,False,Rt = R1 + 2*R2
wandb_downloads_text_only/scientific-exploration-increase-text-only/artifacts/episode-text_only_ohm_concrete_model_qwen25_3b-06_latest,text_only_ohm_concrete_model_qwen25_3b,Text-only,ohm,concrete,model_qwen25_3b,False,,,True,False,voltage = current * resistance
wandb_downloads_text_only/scientific-exploration-increase-text-only/artifacts/episode-text_only_resistors_abstract_model_qwen25_3b-05_latest,text_only_resistors_abstract_model_qwen25_3b,Text-only,resistors,abstract,model_qwen25_3b,False,,,True,False,Y = 1.5A
wandb_downloads_text_only/scientific-exploration-increase-text-only/artifacts/episode-text_only_beers_abstract_model_qwen35_4b-09_latest,text_only_beers_abstract_model_qwen35_4b,Text-only,beers,abstract,model_qwen35_4b,False,,,True,False,Y = A * B * C
wandb_downloads_text_only/scientific-exploration-increase-text-only/artifacts/episode-text_only_kinematics_abbrev_model_qwen35_9b-00_latest,text_only_kinematics_abbrev_model_qwen35_9b,Text-only,kinematics,abbrev,model_qwen35_9b,False,,,True,False,x = x0 + v * t
wandb_downloads_text_only/scientific-exploration-increase-text-only/artifacts/episode-text_only_distance_concrete_model_gemma3_4b-00_latest,text_only_distance_concrete_model_gemma3_4b,Text-only,distance,concrete,model_gemma3_4b,False,,,True,False,total_distance = distance_1 + distance_2 + distance_3
wandb_downloads_text_only/scientific-exploration-increase-text-only/artifacts/episode-text_only_distance_concrete_model_mistral_7b-06_latest,text_only_distance_concrete_model_mistral_7b,Text-only,distance,concrete,model_mistral_7b,False,,,True,False,total_distance = distance_1 + distance_2 + distance_3
wandb_downloads_text_only/scientific-exploration-increase-text-only/artifacts/episode-text_only_kinematics_abstract_model_gemma3_4b-07_latest,text_only_kinematics_abstract_model_gemma3_4b,Text-only,kinematics,abstract,model_gemma3_4b,False,,,True,False,Y = A
wandb_downloads_text_only/scientific-exploration-increase-text-only/artifacts/episode-text_only_mass_abbrev_model_qwen35_9b-06_latest,text_only_mass_abbrev_model_qwen35_9b,Text-only,mass,abbrev,model_qwen35_9b,False,,,True,False,m = rho * V
wandb_downloads_text_only/scientific-exploration-increase-text-only/artifacts/episode-text_only_distance_concrete_model_qwen25_7b-07_latest,text_only_distance_concrete_model_qwen25_7b,Text-only,distance,concrete,model_qwen25_7b,False,,,True,False,total_distance = distance_1 + distance_2 + distance_3
wandb_downloads_text_only/scientific-exploration-increase-text-only/artifacts/episode-text_only_ohm_concrete_model_qwen25_7b-02_latest,text_only_ohm_concrete_model_qwen25_7b,Text-only,ohm,concrete,model_qwen25_7b,False,,,True,False,voltage = current * resistance
wandb_downloads_text_only/scientific-exploration-increase-text-only/artifacts/episode-text_only_resistors_abstract_model_qwen25_7b-06_latest,text_only_resistors_abstract_model_qwen25_7b,Text-only,resistors,abstract,model_qwen25_7b,False,,,True,False,Y = A + B
wandb_downloads_text_only/scientific-exploration-increase-text-only/artifacts/episode-text_only_ohm_abstract_model_qwen25_7b-02_latest,text_only_ohm_abstract_model_qwen25_7b,Text-only,ohm,abstract,model_qwen25_7b,False,,,True,False,Y = 15 * (A / B)
wandb_downloads_text_only/scientific-exploration-increase-text-only/artifacts/episode-text_only_beers_concrete_model_llama31_8b-04_latest,text_only_beers_concrete_model_llama31_8b,Text-only,beers,concrete,model_llama31_8b,False,,,True,False,A = ε * c * l
wandb_downloads_text_only/scientific-exploration-increase-text-only/artifacts/episode-text_only_beers_abbrev_model_qwen35_9b-04_latest,text_only_beers_abbrev_model_qwen35_9b,Text-only,beers,abbrev,model_qwen35_9b,False,,,True,False,A = epsilon * c * l
wandb_downloads_text_only/scientific-exploration-increase-text-only/artifacts/episode-text_only_kinematics_abstract_model_qwen25_3b-08_latest,text_only_kinematics_abstract_model_qwen25_3b,Text-only,kinematics,abstract,model_qwen25_3b,False,,,True,False,Y = 1A + 1B
wandb_downloads_text_only/scientific-exploration-increase-text-only/artifacts/episode-text_only_kinematics_concrete_model_qwen35_4b-03_latest,text_only_kinematics_concrete_model_qwen35_4b,Text-only,kinematics,concrete,model_qwen35_4b,False,,,True,False,position = initial_position + velocity * time
wandb_downloads_text_only/scientific-exploration-increase-text-only/artifacts/episode-text_only_ohm_concrete_model_mistral_7b-06_latest,text_only_ohm_concrete_model_mistral_7b,Text-only,ohm,concrete,model_mistral_7b,False,,,True,False,V = I * R
wandb_downloads_text_only/scientific-exploration-increase-text-only/artifacts/episode-text_only_ohm_abbrev_model_qwen25_3b-06_latest,text_only_ohm_abbrev_model_qwen25_3b,Text-only,ohm,abbrev,model_qwen25_3b,False,,,True,False,V = 2 * I * R
wandb_downloads_text_only/scientific-exploration-increase-text-only/artifacts/episode-text_only_distance_abbrev_model_mistral_7b-06_latest,text_only_distance_abbrev_model_mistral_7b,Text-only,distance,abbrev,model_mistral_7b,True,5,"[json_decode] model output is not valid JSON (error: Expecting ',' delimiter at pos 301): '{\\n  ""reasoning"": ""Observing the changes in the variables, d remains constant when d1 is changed. This indic",True,True,d = d2 + d3
wandb_downloads_text_only/scientific-exploration-increase-text-only/artifacts/episode-text_only_resistors_concrete_model_mistral_7b-09_latest,text_only_resistors_concrete_model_mistral_7b,Text-only,resistors,concrete,model_mistral_7b,False,,,True,False,total_resistance = resistance_1 + resistance_2
wandb_downloads_text_only/scientific-exploration-increase-text-only/artifacts/episode-text_only_ohm_abstract_model_qwen35_9b-05_latest,text_only_ohm_abstract_model_qwen35_9b,Text-only,ohm,abstract,model_qwen35_9b,False,,,True,False,Y = A * B
wandb_downloads_text_only/scientific-exploration-increase-text-only/artifacts/episode-text_only_resistors_abbrev_model_mistral_7b-01_latest,text_only_resistors_abbrev_model_mistral_7b,Text-only,resistors,abbrev,model_mistral_7b,False,,,True,False,Rt = k * R2
wandb_downloads_text_only/scientific-exploration-increase-text-only/artifacts/episode-text_only_distance_abbrev_model_qwen25_7b-06_latest,text_only_distance_abbrev_model_qwen25_7b,Text-only,distance,abbrev,model_qwen25_7b,False,,,True,False,d = 2*d1 + d3
wandb_downloads_text_only/scientific-exploration-increase-text-only/artifacts/episode-text_only_distance_abstract_model_qwen25_7b-09_latest,text_only_distance_abstract_model_qwen25_7b,Text-only,distance,abstract,model_qwen25_7b,False,,,True,False,Y = A + B
wandb_downloads_text_only/scientific-exploration-increase-text-only/artifacts/episode-text_only_mass_concrete_model_qwen35_9b-01_latest,text_only_mass_concrete_model_qwen35_9b,Text-only,mass,concrete,model_qwen35_9b,False,,,True,False,mass = density * volume
wandb_downloads_text_only/scientific-exploration-increase-text-only/artifacts/episode-text_only_resistors_abstract_model_llama31_8b-01_latest,text_only_resistors_abstract_model_llama31_8b,Text-only,resistors,abstract,model_llama31_8b,False,,,True,False,Y = A + B
wandb_downloads_text_only/scientific-exploration-increase-text-only/artifacts/episode-text_only_beers_abbrev_model_qwen35_4b-00_latest,text_only_beers_abbrev_model_qwen35_4b,Text-only,beers,abbrev,model_qwen35_4b,False,,,True,False,A = epsilon * c * l
wandb_downloads_text_only/scientific-exploration-increase-text-only/artifacts/episode-text_only_resistors_concrete_model_qwen35_9b-03_latest,text_only_resistors_concrete_model_qwen35_9b,Text-only,resistors,concrete,model_qwen35_9b,False,,,True,False,total_resistance = resistance_1 + resistance_2
wandb_downloads_text_only/scientific-exploration-increase-text-only/artifacts/episode-text_only_distance_abbrev_model_qwen35_4b-09_latest,text_only_distance_abbrev_model_qwen35_4b,Text-only,distance,abbrev,model_qwen35_4b,False,,,True,False,d = d1 + d2 + d3
wandb_downloads_text_only/scientific-exploration-increase-text-only/artifacts/episode-text_only_mass_concrete_model_qwen25_3b-03_latest,text_only_mass_concrete_model_qwen25_3b,Text-only,mass,concrete,model_qwen25_3b,False,,,True,False,m = ρ * V
wandb_downloads_text_only/scientific-exploration-increase-text-only/artifacts/episode-text_only_resistors_abstract_model_llama31_8b-02_latest,text_only_resistors_abstract_model_llama31_8b,Text-only,resistors,abstract,model_llama31_8b,False,,,True,False,Y = k * B
wandb_downloads_text_only/scientific-exploration-increase-text-only/artifacts/episode-text_only_ohm_abbrev_model_gemma3_4b-07_latest,text_only_ohm_abbrev_model_gemma3_4b,Text-only,ohm,abbrev,model_gemma3_4b,False,,,True,False,V = I * R
wandb_downloads_text_only/scientific-exploration-increase-text-only/artifacts/episode-text_only_mass_abbrev_model_mistral_7b-01_latest,text_only_mass_abbrev_model_mistral_7b,Text-only,mass,abbrev,model_mistral_7b,False,,,True,False,m = 10 + 2 * V
wandb_downloads_text_only/scientific-exploration-increase-text-only/artifacts/episode-text_only_mass_concrete_model_mistral_7b-09_latest,text_only_mass_concrete_model_mistral_7b,Text-only,mass,concrete,model_mistral_7b,True,2,"[json_decode] model output is not valid JSON (error: Expecting ',' delimiter at pos 560): '{\\n  ""reasoning"": ""The mass has remained constant when the density has decreased while the volume remains th",True,True,mass = density * volume
wandb_downloads_text_only/scientific-exploration-increase-text-only/artifacts/episode-text_only_distance_abbrev_model_llama31_8b-02_latest,text_only_distance_abbrev_model_llama31_8b,Text-only,distance,abbrev,model_llama31_8b,False,,,True,False,d = d3 + d2
wandb_downloads_text_only/scientific-exploration-increase-text-only/artifacts/episode-text_only_ohm_abbrev_model_gemma3_4b-06_latest,text_only_ohm_abbrev_model_gemma3_4b,Text-only,ohm,abbrev,model_gemma3_4b,False,,,True,False,V = I * R
wandb_downloads_text_only/scientific-exploration-increase-text-only/artifacts/episode-text_only_distance_abstract_model_qwen35_9b-09_latest,text_only_distance_abstract_model_qwen35_9b,Text-only,distance,abstract,model_qwen35_9b,False,,,True,False,Y = A + B + C
wandb_downloads_text_only/scientific-exploration-increase-text-only/artifacts/episode-text_only_resistors_abstract_model_mistral_7b-08_latest,text_only_resistors_abstract_model_mistral_7b,Text-only,resistors,abstract,model_mistral_7b,True,8,"[json_decode] model output is not valid JSON (error: Expecting ',' delimiter at pos 228): '{\\n  ""reasoning"": ""Y remains constant regardless of changes in A and B, indicating that Y is a constant valu",True,True,Y = B * 3
wandb_downloads_text_only/scientific-exploration-increase-text-only/artifacts/episode-text_only_resistors_abstract_model_qwen35_9b-08_latest,text_only_resistors_abstract_model_qwen35_9b,Text-only,resistors,abstract,model_qwen35_9b,False,,,True,False,Y = A + B
wandb_downloads_text_only/scientific-exploration-increase-text-only/artifacts/episode-text_only_distance_concrete_model_qwen25_3b-01_latest,text_only_distance_concrete_model_qwen25_3b,Text-only,distance,concrete,model_qwen25_3b,False,,,True,False,total_distance = distance_1 + distance_2 + distance_3
wandb_downloads_text_only/scientific-exploration-increase-text-only/artifacts/episode-text_only_mass_abbrev_model_qwen25_7b-02_latest,text_only_mass_abbrev_model_qwen25_7b,Text-only,mass,abbrev,model_qwen25_7b,False,,,True,False,m = rho * V
wandb_downloads_text_only/scientific-exploration-increase-text-only/artifacts/episode-text_only_beers_abbrev_model_gemma3_4b-03_latest,text_only_beers_abbrev_model_gemma3_4b,Text-only,beers,abbrev,model_gemma3_4b,False,,,True,False,A = epsilon * c * l
wandb_downloads_text_only/scientific-exploration-increase-text-only/artifacts/episode-text_only_resistors_concrete_model_qwen35_9b-04_latest,text_only_resistors_concrete_model_qwen35_9b,Text-only,resistors,concrete,model_qwen35_9b,False,,,True,False,total_resistance = resistance_1 + resistance_2
wandb_downloads_text_only/scientific-exploration-increase-text-only/artifacts/episode-text_only_distance_abbrev_model_gemma3_4b-04_latest,text_only_distance_abbrev_model_gemma3_4b,Text-only,distance,abbrev,model_gemma3_4b,False,,,True,False,d = 2*d1 + d2
wandb_downloads_text_only/scientific-exploration-increase-text-only/artifacts/episode-text_only_ohm_concrete_model_qwen25_3b-02_latest,text_only_ohm_concrete_model_qwen25_3b,Text-only,ohm,concrete,model_qwen25_3b,False,,,True,False,voltage = current * resistance
wandb_downloads_text_only/scientific-exploration-increase-text-only/artifacts/episode-text_only_distance_abstract_model_mistral_7b-01_latest,text_only_distance_abstract_model_mistral_7b,Text-only,distance,abstract,model_mistral_7b,False,,,True,False,Y = k*C + b
wandb_downloads_text_only/scientific-exploration-increase-text-only/artifacts/episode-text_only_mass_abbrev_model_qwen35_4b-02_latest,text_only_mass_abbrev_model_qwen35_4b,Text-only,mass,abbrev,model_qwen35_4b,False,,,True,False,m = rho * V
wandb_downloads_text_only/scientific-exploration-increase-text-only/artifacts/episode-text_only_distance_abstract_model_qwen35_9b-06_latest,text_only_distance_abstract_model_qwen35_9b,Text-only,distance,abstract,model_qwen35_9b,False,,,True,False,Y = A + B + C
wandb_downloads_text_only/scientific-exploration-increase-text-only/artifacts/episode-text_only_beers_abbrev_model_qwen25_7b-03_latest,text_only_beers_abbrev_model_qwen25_7b,Text-only,beers,abbrev,model_qwen25_7b,False,,,True,False,A = epsilon * c * l
wandb_downloads_text_only/scientific-exploration-increase-text-only/artifacts/episode-text_only_distance_abstract_model_qwen35_9b-05_latest,text_only_distance_abstract_model_qwen35_9b,Text-only,distance,abstract,model_qwen35_9b,False,,,True,False,Y = A + B + C
wandb_downloads_text_only/scientific-exploration-increase-text-only/artifacts/episode-text_only_resistors_abbrev_model_llama31_8b-09_latest,text_only_resistors_abbrev_model_llama31_8b,Text-only,resistors,abbrev,model_llama31_8b,False,,,True,False,R1 + R2
wandb_downloads_text_only/scientific-exploration-increase-text-only/artifacts/episode-text_only_beers_abbrev_model_llama31_8b-05_latest,text_only_beers_abbrev_model_llama31_8b,Text-only,beers,abbrev,model_llama31_8b,False,,,True,False,A = cl
wandb_downloads_text_only/scientific-exploration-increase-text-only/artifacts/episode-text_only_beers_abbrev_model_qwen25_7b-00_latest,text_only_beers_abbrev_model_qwen25_7b,Text-only,beers,abbrev,model_qwen25_7b,False,,,True,False,A = epsilon * l / c
wandb_downloads_text_only/scientific-exploration-increase-text-only/artifacts/episode-text_only_resistors_abstract_model_gemma3_4b-06_latest,text_only_resistors_abstract_model_gemma3_4b,Text-only,resistors,abstract,model_gemma3_4b,False,,,True,False,Y = A
wandb_downloads_text_only/scientific-exploration-increase-text-only/artifacts/episode-text_only_mass_abbrev_model_qwen25_3b-01_latest,text_only_mass_abbrev_model_qwen25_3b,Text-only,mass,abbrev,model_qwen25_3b,False,,,True,False,m = 1 * rho * V
wandb_downloads_text_only/scientific-exploration-increase-text-only/artifacts/episode-text_only_mass_abbrev_model_gemma3_4b-06_latest,text_only_mass_abbrev_model_gemma3_4b,Text-only,mass,abbrev,model_gemma3_4b,False,,,True,False,m = rho * V
wandb_downloads_text_only/scientific-exploration-increase-text-only/artifacts/episode-text_only_resistors_abbrev_model_qwen25_7b-04_latest,text_only_resistors_abbrev_model_qwen25_7b,Text-only,resistors,abbrev,model_qwen25_7b,False,,,True,False,Rt = R2
wandb_downloads_text_only/scientific-exploration-increase-text-only/artifacts/episode-text_only_mass_abstract_model_gemma3_4b-01_latest,text_only_mass_abstract_model_gemma3_4b,Text-only,mass,abstract,model_gemma3_4b,False,,,True,False,Y = 2 * B
wandb_downloads_text_only/scientific-exploration-increase-text-only/artifacts/episode-text_only_resistors_abbrev_model_mistral_7b-08_latest,text_only_resistors_abbrev_model_mistral_7b,Text-only,resistors,abbrev,model_mistral_7b,False,,,True,False,Rt = k * R2
wandb_downloads_text_only/scientific-exploration-increase-text-only/artifacts/episode-text_only_resistors_abbrev_model_llama31_8b-04_latest,text_only_resistors_abbrev_model_llama31_8b,Text-only,resistors,abbrev,model_llama31_8b,False,,,True,False,R1 + R2
wandb_downloads_text_only/scientific-exploration-increase-text-only/artifacts/episode-text_only_kinematics_abbrev_model_gemma3_4b-01_latest,text_only_kinematics_abbrev_model_gemma3_4b,Text-only,kinematics,abbrev,model_gemma3_4b,False,,,True,False,x = x0 + v * t
wandb_downloads_text_only/scientific-exploration-increase-text-only/artifacts/episode-text_only_beers_abbrev_model_qwen35_9b-03_latest,text_only_beers_abbrev_model_qwen35_9b,Text-only,beers,abbrev,model_qwen35_9b,False,,,True,False,A = epsilon * c * l
wandb_downloads_text_only/scientific-exploration-increase-text-only/artifacts/episode-text_only_beers_abstract_model_gemma3_4b-01_latest,text_only_beers_abstract_model_gemma3_4b,Text-only,beers,abstract,model_gemma3_4b,False,,,True,False,Y = A * B * C
wandb_downloads_text_only/scientific-exploration-increase-text-only/artifacts/episode-text_only_kinematics_abbrev_model_qwen35_4b-04_latest,text_only_kinematics_abbrev_model_qwen35_4b,Text-only,kinematics,abbrev,model_qwen35_4b,False,,,True,False,x = x0 + v * t
wandb_downloads_text_only/scientific-exploration-increase-text-only/artifacts/episode-text_only_ohm_abbrev_model_qwen25_7b-09_latest,text_only_ohm_abbrev_model_qwen25_7b,Text-only,ohm,abbrev,model_qwen25_7b,False,,,True,False,V = 15 * I * R
wandb_downloads_text_only/scientific-exploration-increase-text-only/artifacts/episode-text_only_mass_abstract_model_qwen25_3b-01_latest,text_only_mass_abstract_model_qwen25_3b,Text-only,mass,abstract,model_qwen25_3b,False,,,True,False,Y = 15 * A * B
wandb_downloads_text_only/scientific-exploration-increase-text-only/artifacts/episode-text_only_kinematics_abstract_model_qwen25_3b-05_latest,text_only_kinematics_abstract_model_qwen25_3b,Text-only,kinematics,abstract,model_qwen25_3b,False,,,True,False,Y = A + B + C
wandb_downloads_text_only/scientific-exploration-increase-text-only/artifacts/episode-text_only_beers_concrete_model_qwen35_4b-08_latest,text_only_beers_concrete_model_qwen35_4b,Text-only,beers,concrete,model_qwen35_4b,False,,,True,False,absorbance = molar_absorptivity * concentration * path_length
wandb_downloads_text_only/scientific-exploration-increase-text-only/artifacts/episode-text_only_ohm_abbrev_model_gemma3_4b-02_latest,text_only_ohm_abbrev_model_gemma3_4b,Text-only,ohm,abbrev,model_gemma3_4b,False,,,True,False,V = 15 * I
wandb_downloads_text_only/scientific-exploration-increase-text-only/artifacts/episode-text_only_resistors_concrete_model_llama31_8b-06_latest,text_only_resistors_concrete_model_llama31_8b,Text-only,resistors,concrete,model_llama31_8b,False,,,True,False,resistance_1 + resistance_2
wandb_downloads_text_only/scientific-exploration-increase-text-only/artifacts/episode-text_only_kinematics_abstract_model_gemma3_4b-02_latest,text_only_kinematics_abstract_model_gemma3_4b,Text-only,kinematics,abstract,model_gemma3_4b,False,,,True,False,Y = A + B * C
wandb_downloads_text_only/scientific-exploration-increase-text-only/artifacts/episode-text_only_beers_abbrev_model_llama31_8b-01_latest,text_only_beers_abbrev_model_llama31_8b,Text-only,beers,abbrev,model_llama31_8b,False,,,True,False,A = epsilon * l
wandb_downloads_text_only/scientific-exploration-increase-text-only/artifacts/episode-text_only_beers_abbrev_model_qwen25_7b-01_latest,text_only_beers_abbrev_model_qwen25_7b,Text-only,beers,abbrev,model_qwen25_7b,False,,,True,False,A = epsilon * c * l
wandb_downloads_text_only/scientific-exploration-increase-text-only/artifacts/episode-text_only_ohm_abbrev_model_llama31_8b-04_latest,text_only_ohm_abbrev_model_llama31_8b,Text-only,ohm,abbrev,model_llama31_8b,False,,,True,False,V = I * R
wandb_downloads_text_only/scientific-exploration-increase-text-only/artifacts/episode-text_only_beers_concrete_model_qwen25_3b-06_latest,text_only_beers_concrete_model_qwen25_3b,Text-only,beers,concrete,model_qwen25_3b,False,,,True,False,A = ε * C * L
wandb_downloads_text_only/scientific-exploration-increase-text-only/artifacts/episode-text_only_resistors_abstract_model_qwen25_7b-00_latest,text_only_resistors_abstract_model_qwen25_7b,Text-only,resistors,abstract,model_qwen25_7b,False,,,True,False,Y = B
wandb_downloads_text_only/scientific-exploration-increase-text-only/artifacts/episode-text_only_ohm_abbrev_model_qwen35_9b-05_latest,text_only_ohm_abbrev_model_qwen35_9b,Text-only,ohm,abbrev,model_qwen35_9b,False,,,True,False,V = I * R
wandb_downloads_text_only/scientific-exploration-increase-text-only/artifacts/episode-text_only_kinematics_concrete_model_mistral_7b-06_latest,text_only_kinematics_concrete_model_mistral_7b,Text-only,kinematics,concrete,model_mistral_7b,True,8,"[json_decode] model output is not valid JSON (error: Expecting ',' delimiter at pos 509): '{\\n  ""reasoning"": ""From the observed linear relationship between position, time, and velocity, we can infer ",True,True,position = initial_position + velocity * time
wandb_downloads_text_only/scientific-exploration-increase-text-only/artifacts/episode-text_only_beers_concrete_model_qwen35_4b-06_latest,text_only_beers_concrete_model_qwen35_4b,Text-only,beers,concrete,model_qwen35_4b,False,,,True,False,absorbance = molar_absorptivity * concentration * path_length
wandb_downloads_text_only/scientific-exploration-increase-text-only/artifacts/episode-text_only_resistors_abstract_model_qwen35_9b-00_latest,text_only_resistors_abstract_model_qwen35_9b,Text-only,resistors,abstract,model_qwen35_9b,False,,,True,False,Y = A + B
wandb_downloads_text_only/scientific-exploration-increase-text-only/artifacts/episode-text_only_kinematics_abbrev_model_qwen25_7b-06_latest,text_only_kinematics_abbrev_model_qwen25_7b,Text-only,kinematics,abbrev,model_qwen25_7b,False,,,True,False,x = x0 + v*t
wandb_downloads_text_only/scientific-exploration-increase-text-only/artifacts/episode-text_only_distance_abstract_model_qwen35_9b-01_latest,text_only_distance_abstract_model_qwen35_9b,Text-only,distance,abstract,model_qwen35_9b,False,,,True,False,Y = A + B + C
wandb_downloads_text_only/scientific-exploration-increase-text-only/artifacts/episode-text_only_resistors_abbrev_model_qwen35_4b-02_latest,text_only_resistors_abbrev_model_qwen35_4b,Text-only,resistors,abbrev,model_qwen35_4b,False,,,True,False,Rt = R1 + R2
wandb_downloads_text_only/scientific-exploration-increase-text-only/artifacts/episode-text_only_resistors_abbrev_model_qwen25_7b-01_latest,text_only_resistors_abbrev_model_qwen25_7b,Text-only,resistors,abbrev,model_qwen25_7b,False,,,True,False,Rt = R1 + R2
wandb_downloads_text_only/scientific-exploration-increase-text-only/artifacts/episode-text_only_distance_abbrev_model_mistral_7b-00_latest,text_only_distance_abbrev_model_mistral_7b,Text-only,distance,abbrev,model_mistral_7b,False,,,True,False,d = d1 + d2 + d3
wandb_downloads_text_only/scientific-exploration-increase-text-only/artifacts/episode-text_only_ohm_abbrev_model_qwen35_4b-07_latest,text_only_ohm_abbrev_model_qwen35_4b,Text-only,ohm,abbrev,model_qwen35_4b,False,,,True,False,V = I * R
wandb_downloads_text_only/scientific-exploration-increase-text-only/artifacts/episode-text_only_resistors_abbrev_model_gemma3_4b-09_latest,text_only_resistors_abbrev_model_gemma3_4b,Text-only,resistors,abbrev,model_gemma3_4b,False,,,True,False,Rt = R1 + R2
wandb_downloads_text_only/scientific-exploration-increase-text-only/artifacts/episode-text_only_ohm_abbrev_model_qwen35_9b-02_latest,text_only_ohm_abbrev_model_qwen35_9b,Text-only,ohm,abbrev,model_qwen35_9b,False,,,True,False,V = I * R
wandb_downloads_text_only/scientific-exploration-increase-text-only/artifacts/episode-text_only_ohm_abstract_model_llama31_8b-05_latest,text_only_ohm_abstract_model_llama31_8b,Text-only,ohm,abstract,model_llama31_8b,False,,,True,False,Y = AB
wandb_downloads_text_only/scientific-exploration-increase-text-only/artifacts/episode-text_only_kinematics_abstract_model_gemma3_4b-09_latest,text_only_kinematics_abstract_model_gemma3_4b,Text-only,kinematics,abstract,model_gemma3_4b,False,,,True,False,Y = A + B + C
wandb_downloads_text_only/scientific-exploration-increase-text-only/artifacts/episode-text_only_mass_concrete_model_qwen35_4b-02_latest,text_only_mass_concrete_model_qwen35_4b,Text-only,mass,concrete,model_qwen35_4b,False,,,True,False,mass = density * volume
wandb_downloads_text_only/scientific-exploration-increase-text-only/artifacts/episode-text_only_kinematics_abstract_model_qwen35_9b-04_latest,text_only_kinematics_abstract_model_qwen35_9b,Text-only,kinematics,abstract,model_qwen35_9b,True,5,"[json_decode] model output is not valid JSON (error: Unterminated string starting at at pos 17): '{\\n  ""reasoning"": ""Based on the history: Step 0 (A=10, B=5, C=2, Y=20) -> Step 1 (A=15, B=5, C=2, Y=2",True,True,Y = A + B * C
wandb_downloads_text_only/scientific-exploration-increase-text-only/artifacts/episode-text_only_kinematics_concrete_model_mistral_7b-00_latest,text_only_kinematics_concrete_model_mistral_7b,Text-only,kinematics,concrete,model_mistral_7b,False,,,True,False,position = initial_position * velocity * time
wandb_downloads_text_only/scientific-exploration-increase-text-only/artifacts/episode-text_only_distance_abbrev_model_mistral_7b-04_latest,text_only_distance_abbrev_model_mistral_7b,Text-only,distance,abbrev,model_mistral_7b,False,,,True,False,d = a * d1 + b * d2 + c * d3
wandb_downloads_text_only/scientific-exploration-increase-text-only/artifacts/episode-text_only_distance_concrete_model_qwen25_3b-07_latest,text_only_distance_concrete_model_qwen25_3b,Text-only,distance,concrete,model_qwen25_3b,False,,,True,False,total_distance = distance_1 + distance_2 + distance_3
wandb_downloads_text_only/scientific-exploration-increase-text-only/artifacts/episode-text_only_ohm_concrete_model_qwen25_7b-00_latest,text_only_ohm_concrete_model_qwen25_7b,Text-only,ohm,concrete,model_qwen25_7b,False,,,True,False,voltage = current * resistance
wandb_downloads_text_only/scientific-exploration-increase-text-only/artifacts/episode-text_only_ohm_abstract_model_llama31_8b-02_latest,text_only_ohm_abstract_model_llama31_8b,Text-only,ohm,abstract,model_llama31_8b,False,,,True,False,Y = 20*A + 20*B
wandb_downloads_text_only/scientific-exploration-increase-text-only/artifacts/episode-text_only_kinematics_concrete_model_gemma3_4b-06_latest,text_only_kinematics_concrete_model_gemma3_4b,Text-only,kinematics,concrete,model_gemma3_4b,False,,,True,False,position = initial_position + velocity * time
wandb_downloads_text_only/scientific-exploration-increase-text-only/artifacts/episode-text_only_kinematics_abstract_model_qwen35_9b-06_latest,text_only_kinematics_abstract_model_qwen35_9b,Text-only,kinematics,abstract,model_qwen35_9b,True,3,"[json_decode] model output is not valid JSON (error: Unterminated string starting at at pos 17): '{\\n  ""reasoning"": ""Current state: A=15, B=4, C=3, Y=27. Previous state: A=15, B=4, C=2, Y=23. Increas",True,True,Y = A * C / B
wandb_downloads_text_only/scientific-exploration-increase-text-only/artifacts/episode-text_only_kinematics_concrete_model_qwen25_7b-02_latest,text_only_kinematics_concrete_model_qwen25_7b,Text-only,kinematics,concrete,model_qwen25_7b,False,,,True,False,position = initial_position + velocity * time
wandb_downloads_text_only/scientific-exploration-increase-text-only/artifacts/episode-text_only_beers_abstract_model_llama31_8b-01_latest,text_only_beers_abstract_model_llama31_8b,Text-only,beers,abstract,model_llama31_8b,False,,,True,False,Y = k * A * C
wandb_downloads_text_only/scientific-exploration-increase-text-only/artifacts/episode-text_only_kinematics_abstract_model_qwen25_7b-00_latest,text_only_kinematics_abstract_model_qwen25_7b,Text-only,kinematics,abstract,model_qwen25_7b,False,,,True,False,Y = A + 2C
wandb_downloads_text_only/scientific-exploration-increase-text-only/artifacts/episode-text_only_resistors_concrete_model_gemma3_4b-05_latest,text_only_resistors_concrete_model_gemma3_4b,Text-only,resistors,concrete,model_gemma3_4b,False,,,True,False,total_resistance = resistance_1 + resistance_2
wandb_downloads_text_only/scientific-exploration-increase-text-only/artifacts/episode-text_only_resistors_abstract_model_qwen25_7b-02_latest,text_only_resistors_abstract_model_qwen25_7b,Text-only,resistors,abstract,model_qwen25_7b,False,,,True,False,Y = B
wandb_downloads_text_only/scientific-exploration-increase-text-only/artifacts/episode-text_only_resistors_abbrev_model_qwen35_9b-04_latest,text_only_resistors_abbrev_model_qwen35_9b,Text-only,resistors,abbrev,model_qwen35_9b,False,,,True,False,Rt = R1 + R2
wandb_downloads_text_only/scientific-exploration-increase-text-only/artifacts/episode-text_only_beers_abstract_model_mistral_7b-04_latest,text_only_beers_abstract_model_mistral_7b,Text-only,beers,abstract,model_mistral_7b,False,,,True,False,Y = kA + lB
wandb_downloads_text_only/scientific-exploration-increase-text-only/artifacts/episode-text_only_beers_abstract_model_qwen35_4b-06_latest,text_only_beers_abstract_model_qwen35_4b,Text-only,beers,abstract,model_qwen35_4b,False,,,True,False,Y = A * B * C
wandb_downloads_text_only/scientific-exploration-increase-text-only/artifacts/episode-text_only_mass_concrete_model_qwen35_4b-05_latest,text_only_mass_concrete_model_qwen35_4b,Text-only,mass,concrete,model_qwen35_4b,False,,,True,False,mass = density * volume
wandb_downloads_text_only/scientific-exploration-increase-text-only/artifacts/episode-text_only_ohm_concrete_model_gemma3_4b-09_latest,text_only_ohm_concrete_model_gemma3_4b,Text-only,ohm,concrete,model_gemma3_4b,False,,,True,False,voltage = current * resistance
wandb_downloads_text_only/scientific-exploration-increase-text-only/artifacts/episode-text_only_beers_abbrev_model_qwen25_3b-01_latest,text_only_beers_abbrev_model_qwen25_3b,Text-only,beers,abbrev,model_qwen25_3b,False,,,True,False,A = 6 * ε^2
wandb_downloads_text_only/scientific-exploration-increase-text-only/artifacts/episode-text_only_kinematics_concrete_model_qwen25_7b-00_latest,text_only_kinematics_concrete_model_qwen25_7b,Text-only,kinematics,concrete,model_qwen25_7b,False,,,True,False,position = initial_position + velocity * time
wandb_downloads_text_only/scientific-exploration-increase-text-only/artifacts/episode-text_only_distance_concrete_model_qwen35_4b-04_latest,text_only_distance_concrete_model_qwen35_4b,Text-only,distance,concrete,model_qwen35_4b,False,,,True,False,total_distance = distance_1 + distance_2 + distance_3
wandb_downloads_text_only/scientific-exploration-increase-text-only/artifacts/episode-text_only_kinematics_concrete_model_gemma3_4b-04_latest,text_only_kinematics_concrete_model_gemma3_4b,Text-only,kinematics,concrete,model_gemma3_4b,False,,,True,False,position = initial_position + velocity * time
wandb_downloads_text_only/scientific-exploration-increase-text-only/artifacts/episode-text_only_kinematics_abstract_model_qwen35_4b-04_latest,text_only_kinematics_abstract_model_qwen35_4b,Text-only,kinematics,abstract,model_qwen35_4b,True,1,"[json_decode] model output is not valid JSON (error: Unterminated string starting at at pos 17): '{\\n  ""reasoning"": ""Current state: A=10, B=5, C=3, Y=25. Previous state was A=10, B=5, C=2, Y=20. When",True,True,Y = A + B + C + B - C
wandb_downloads_text_only/scientific-exploration-increase-text-only/artifacts/episode-text_only_distance_abbrev_model_qwen25_3b-06_latest,text_only_distance_abbrev_model_qwen25_3b,Text-only,distance,abbrev,model_qwen25_3b,False,,,True,False,d = (d1 + d2 + d3)
wandb_downloads_text_only/scientific-exploration-increase-text-only/artifacts/episode-text_only_resistors_concrete_model_llama31_8b-05_latest,text_only_resistors_concrete_model_llama31_8b,Text-only,resistors,concrete,model_llama31_8b,False,,,True,False,resistance_1
wandb_downloads_text_only/scientific-exploration-increase-text-only/artifacts/episode-text_only_ohm_abbrev_model_qwen35_4b-03_latest,text_only_ohm_abbrev_model_qwen35_4b,Text-only,ohm,abbrev,model_qwen35_4b,False,,,True,False,V = I * R
wandb_downloads_text_only/scientific-exploration-increase-text-only/artifacts/episode-text_only_beers_concrete_model_qwen35_9b-09_latest,text_only_beers_concrete_model_qwen35_9b,Text-only,beers,concrete,model_qwen35_9b,False,,,True,False,absorbance = molar_absorptivity * concentration * path_length
wandb_downloads_text_only/scientific-exploration-increase-text-only/artifacts/episode-text_only_resistors_abbrev_model_qwen25_7b-05_latest,text_only_resistors_abbrev_model_qwen25_7b,Text-only,resistors,abbrev,model_qwen25_7b,False,,,True,False,Rt = R1 + R2
wandb_downloads_text_only/scientific-exploration-increase-text-only/artifacts/episode-text_only_resistors_abbrev_model_qwen25_3b-07_latest,text_only_resistors_abbrev_model_qwen25_3b,Text-only,resistors,abbrev,model_qwen25_3b,False,,,True,False,Rt = R1 + R2
wandb_downloads_text_only/scientific-exploration-increase-text-only/artifacts/episode-text_only_ohm_concrete_model_qwen25_3b-07_latest,text_only_ohm_concrete_model_qwen25_3b,Text-only,ohm,concrete,model_qwen25_3b,False,,,True,False,voltage = current * resistance
wandb_downloads_text_only/scientific-exploration-increase-text-only/artifacts/episode-text_only_kinematics_concrete_model_gemma3_4b-00_latest,text_only_kinematics_concrete_model_gemma3_4b,Text-only,kinematics,concrete,model_gemma3_4b,False,,,True,False,position = initial_position + velocity * time
wandb_downloads_text_only/scientific-exploration-increase-text-only/artifacts/episode-text_only_ohm_concrete_model_llama31_8b-02_latest,text_only_ohm_concrete_model_llama31_8b,Text-only,ohm,concrete,model_llama31_8b,False,,,True,False,voltage = current * resistance
wandb_downloads_text_only/scientific-exploration-increase-text-only/artifacts/episode-text_only_resistors_concrete_model_gemma3_4b-04_latest,text_only_resistors_concrete_model_gemma3_4b,Text-only,resistors,concrete,model_gemma3_4b,False,,,True,False,total_resistance = resistance_1 + resistance_2
wandb_downloads_text_only/scientific-exploration-increase-text-only/artifacts/episode-text_only_beers_abstract_model_qwen25_7b-05_latest,text_only_beers_abstract_model_qwen25_7b,Text-only,beers,abstract,model_qwen25_7b,False,,,True,False,Y = 6 * A + 6 * B - 12
wandb_downloads_text_only/scientific-exploration-increase-text-only/artifacts/episode-text_only_distance_abbrev_model_qwen35_9b-04_latest,text_only_distance_abbrev_model_qwen35_9b,Text-only,distance,abbrev,model_qwen35_9b,False,,,True,False,d = d1 + d2 + d3
wandb_downloads_text_only/scientific-exploration-increase-text-only/artifacts/episode-text_only_kinematics_abbrev_model_qwen35_4b-00_latest,text_only_kinematics_abbrev_model_qwen35_4b,Text-only,kinematics,abbrev,model_qwen35_4b,False,,,True,False,x = x0 + v*t
wandb_downloads_text_only/scientific-exploration-increase-text-only/artifacts/episode-text_only_distance_concrete_model_llama31_8b-07_latest,text_only_distance_concrete_model_llama31_8b,Text-only,distance,concrete,model_llama31_8b,False,,,True,False,distance_1 + distance_3
wandb_downloads_text_only/scientific-exploration-increase-text-only/artifacts/episode-text_only_beers_abbrev_model_gemma3_4b-08_latest,text_only_beers_abbrev_model_gemma3_4b,Text-only,beers,abbrev,model_gemma3_4b,False,,,True,False,A = epsilon * c * l
wandb_downloads_text_only/scientific-exploration-increase-text-only/artifacts/episode-text_only_distance_concrete_model_qwen35_4b-06_latest,text_only_distance_concrete_model_qwen35_4b,Text-only,distance,concrete,model_qwen35_4b,False,,,True,False,total_distance = distance_1 + distance_2 + distance_3
wandb_downloads_text_only/scientific-exploration-increase-text-only/artifacts/episode-text_only_mass_abstract_model_qwen25_3b-09_latest,text_only_mass_abstract_model_qwen25_3b,Text-only,mass,abstract,model_qwen25_3b,False,,,True,False,Y = 3 * (A + B)
wandb_downloads_text_only/scientific-exploration-increase-text-only/artifacts/episode-text_only_ohm_concrete_model_qwen25_7b-05_latest,text_only_ohm_concrete_model_qwen25_7b,Text-only,ohm,concrete,model_qwen25_7b,False,,,True,False,voltage = current * resistance
wandb_downloads_text_only/scientific-exploration-increase-text-only/artifacts/episode-text_only_distance_abbrev_model_qwen35_9b-00_latest,text_only_distance_abbrev_model_qwen35_9b,Text-only,distance,abbrev,model_qwen35_9b,False,,,True,False,d = d1 + d2 + d3
wandb_downloads_text_only/scientific-exploration-increase-text-only/artifacts/episode-text_only_kinematics_abbrev_model_llama31_8b-08_latest,text_only_kinematics_abbrev_model_llama31_8b,Text-only,kinematics,abbrev,model_llama31_8b,False,,,True,False,x = x0 + vt
wandb_downloads_text_only/scientific-exploration-increase-text-only/artifacts/episode-text_only_distance_abbrev_model_qwen35_9b-07_latest,text_only_distance_abbrev_model_qwen35_9b,Text-only,distance,abbrev,model_qwen35_9b,False,,,True,False,d = d1 + d2 + d3
wandb_downloads_text_only/scientific-exploration-increase-text-only/artifacts/episode-text_only_ohm_abbrev_model_gemma3_4b-00_latest,text_only_ohm_abbrev_model_gemma3_4b,Text-only,ohm,abbrev,model_gemma3_4b,False,,,True,False,V = 10 * I
wandb_downloads_text_only/scientific-exploration-increase-text-only/artifacts/episode-text_only_beers_concrete_model_qwen25_7b-03_latest,text_only_beers_concrete_model_qwen25_7b,Text-only,beers,concrete,model_qwen25_7b,False,,,True,False,molar_absorptivity * concentration * path_length
wandb_downloads_text_only/scientific-exploration-increase-text-only/artifacts/episode-text_only_ohm_abbrev_model_qwen25_7b-08_latest,text_only_ohm_abbrev_model_qwen25_7b,Text-only,ohm,abbrev,model_qwen25_7b,False,,,True,False,V = I * R
wandb_downloads_text_only/scientific-exploration-increase-text-only/artifacts/episode-text_only_ohm_abbrev_model_mistral_7b-03_latest,text_only_ohm_abbrev_model_mistral_7b,Text-only,ohm,abbrev,model_mistral_7b,False,,,True,False,V = k * I
wandb_downloads_text_only/scientific-exploration-increase-text-only/artifacts/episode-text_only_kinematics_abbrev_model_qwen25_7b-09_latest,text_only_kinematics_abbrev_model_qwen25_7b,Text-only,kinematics,abbrev,model_qwen25_7b,False,,,True,False,x = x0 + v * t
wandb_downloads_text_only/scientific-exploration-increase-text-only/artifacts/episode-text_only_distance_abstract_model_gemma3_4b-04_latest,text_only_distance_abstract_model_gemma3_4b,Text-only,distance,abstract,model_gemma3_4b,False,,,True,False,Y = A + B + C
wandb_downloads_text_only/scientific-exploration-increase-text-only/artifacts/episode-text_only_ohm_abbrev_model_qwen35_9b-09_latest,text_only_ohm_abbrev_model_qwen35_9b,Text-only,ohm,abbrev,model_qwen35_9b,False,,,True,False,V = I * R
wandb_downloads_text_only/scientific-exploration-increase-text-only/artifacts/episode-text_only_ohm_concrete_model_llama31_8b-07_latest,text_only_ohm_concrete_model_llama31_8b,Text-only,ohm,concrete,model_llama31_8b,False,,,True,False,voltage = current * resistance
wandb_downloads_text_only/scientific-exploration-increase-text-only/artifacts/episode-text_only_mass_abbrev_model_gemma3_4b-09_latest,text_only_mass_abbrev_model_gemma3_4b,Text-only,mass,abbrev,model_gemma3_4b,False,,,True,False,m = 2 * V
wandb_downloads_text_only/scientific-exploration-increase-text-only/artifacts/episode-text_only_beers_abbrev_model_llama31_8b-02_latest,text_only_beers_abbrev_model_llama31_8b,Text-only,beers,abbrev,model_llama31_8b,False,,,True,False,A = 6l
wandb_downloads_text_only/scientific-exploration-increase-text-only/artifacts/episode-text_only_resistors_abbrev_model_qwen35_9b-06_latest,text_only_resistors_abbrev_model_qwen35_9b,Text-only,resistors,abbrev,model_qwen35_9b,False,,,True,False,Rt = R1 + R2
wandb_downloads_text_only/scientific-exploration-increase-text-only/artifacts/episode-text_only_ohm_concrete_model_gemma3_4b-01_latest,text_only_ohm_concrete_model_gemma3_4b,Text-only,ohm,concrete,model_gemma3_4b,False,,,True,False,voltage = current * resistance
wandb_downloads_text_only/scientific-exploration-increase-text-only/artifacts/episode-text_only_kinematics_abstract_model_qwen25_3b-06_latest,text_only_kinematics_abstract_model_qwen25_3b,Text-only,kinematics,abstract,model_qwen25_3b,False,,,True,False,Y = 3 * A * B * C
wandb_downloads_text_only/scientific-exploration-increase-text-only/artifacts/episode-text_only_resistors_concrete_model_qwen25_7b-00_latest,text_only_resistors_concrete_model_qwen25_7b,Text-only,resistors,concrete,model_qwen25_7b,False,,,True,False,total_resistance = resistance_1 + resistance_2
wandb_downloads_text_only/scientific-exploration-increase-text-only/artifacts/episode-text_only_distance_concrete_model_qwen25_3b-08_latest,text_only_distance_concrete_model_qwen25_3b,Text-only,distance,concrete,model_qwen25_3b,False,,,True,False,total_distance = distance_1 + distance_2 + distance_3
wandb_downloads_text_only/scientific-exploration-increase-text-only/artifacts/episode-text_only_ohm_abbrev_model_qwen25_7b-06_latest,text_only_ohm_abbrev_model_qwen25_7b,Text-only,ohm,abbrev,model_qwen25_7b,False,,,True,False,V = I * R
wandb_downloads_text_only/scientific-exploration-increase-text-only/artifacts/episode-text_only_beers_abbrev_model_qwen35_9b-05_latest,text_only_beers_abbrev_model_qwen35_9b,Text-only,beers,abbrev,model_qwen35_9b,False,,,True,False,A = epsilon * c * l
wandb_downloads_text_only/scientific-exploration-increase-text-only/artifacts/episode-text_only_distance_abbrev_model_gemma3_4b-08_latest,text_only_distance_abbrev_model_gemma3_4b,Text-only,distance,abbrev,model_gemma3_4b,False,,,True,False,d = d1 + d2 + d3
wandb_downloads_text_only/scientific-exploration-increase-text-only/artifacts/episode-text_only_ohm_abstract_model_qwen35_4b-05_latest,text_only_ohm_abstract_model_qwen35_4b,Text-only,ohm,abstract,model_qwen35_4b,False,,,True,False,Y = A * B
wandb_downloads_text_only/scientific-exploration-increase-text-only/artifacts/episode-text_only_distance_abbrev_model_mistral_7b-09_latest,text_only_distance_abbrev_model_mistral_7b,Text-only,distance,abbrev,model_mistral_7b,False,,,True,False,d = d1 + d2 - 60.0
wandb_downloads_text_only/scientific-exploration-increase-text-only/artifacts/episode-text_only_distance_abstract_model_gemma3_4b-09_latest,text_only_distance_abstract_model_gemma3_4b,Text-only,distance,abstract,model_gemma3_4b,False,,,True,False,Y = B
wandb_downloads_text_only/scientific-exploration-increase-text-only/artifacts/episode-text_only_beers_concrete_model_qwen25_3b-01_latest,text_only_beers_concrete_model_qwen25_3b,Text-only,beers,concrete,model_qwen25_3b,False,,,True,False,absorbance = molar_absorptivity * concentration / path_length
wandb_downloads_text_only/scientific-exploration-increase-text-only/artifacts/episode-text_only_kinematics_concrete_model_qwen25_7b-03_latest,text_only_kinematics_concrete_model_qwen25_7b,Text-only,kinematics,concrete,model_qwen25_7b,False,,,True,False,initial_position + velocity * time
wandb_downloads_text_only/scientific-exploration-increase-text-only/artifacts/episode-text_only_distance_abstract_model_llama31_8b-05_latest,text_only_distance_abstract_model_llama31_8b,Text-only,distance,abstract,model_llama31_8b,False,,,True,False,Y = A/C
wandb_downloads_text_only/scientific-exploration-increase-text-only/artifacts/episode-text_only_ohm_abstract_model_qwen25_3b-09_latest,text_only_ohm_abstract_model_qwen25_3b,Text-only,ohm,abstract,model_qwen25_3b,False,,,True,False,Y = 15A + 15B
wandb_downloads_text_only/scientific-exploration-increase-text-only/artifacts/episode-text_only_ohm_abbrev_model_llama31_8b-01_latest,text_only_ohm_abbrev_model_llama31_8b,Text-only,ohm,abbrev,model_llama31_8b,False,,,True,False,V = IR
wandb_downloads_text_only/scientific-exploration-increase-text-only/artifacts/episode-text_only_ohm_abbrev_model_mistral_7b-04_latest,text_only_ohm_abbrev_model_mistral_7b,Text-only,ohm,abbrev,model_mistral_7b,False,,,True,False,V = k * I
wandb_downloads_text_only/scientific-exploration-increase-text-only/artifacts/episode-text_only_mass_abbrev_model_mistral_7b-09_latest,text_only_mass_abbrev_model_mistral_7b,Text-only,mass,abbrev,model_mistral_7b,False,,,True,False,m = k * rho
wandb_downloads_text_only/scientific-exploration-increase-text-only/artifacts/episode-text_only_mass_concrete_model_qwen25_3b-02_latest,text_only_mass_concrete_model_qwen25_3b,Text-only,mass,concrete,model_qwen25_3b,False,,,True,False,mass = 1.5 * density * volume
wandb_downloads_text_only/scientific-exploration-increase-text-only/artifacts/episode-text_only_resistors_abstract_model_qwen35_4b-05_latest,text_only_resistors_abstract_model_qwen35_4b,Text-only,resistors,abstract,model_qwen35_4b,False,,,True,False,Y = A + B
wandb_downloads_text_only/scientific-exploration-increase-text-only/artifacts/episode-text_only_distance_abbrev_model_qwen25_3b-09_latest,text_only_distance_abbrev_model_qwen25_3b,Text-only,distance,abbrev,model_qwen25_3b,False,,,True,False,d = d1 + d2 + d3
wandb_downloads_text_only/scientific-exploration-increase-text-only/artifacts/episode-text_only_ohm_concrete_model_mistral_7b-04_latest,text_only_ohm_concrete_model_mistral_7b,Text-only,ohm,concrete,model_mistral_7b,False,,,True,False,voltage = current * resistance
wandb_downloads_text_only/scientific-exploration-increase-text-only/artifacts/episode-text_only_beers_concrete_model_qwen25_7b-07_latest,text_only_beers_concrete_model_qwen25_7b,Text-only,beers,concrete,model_qwen25_7b,False,,,True,False,A = molar_absorptivity * concentration * path_length
wandb_downloads_text_only/scientific-exploration-increase-text-only/artifacts/episode-text_only_kinematics_concrete_model_llama31_8b-08_latest,text_only_kinematics_concrete_model_llama31_8b,Text-only,kinematics,concrete,model_llama31_8b,False,,,True,False,position = initial_position + velocity * time
wandb_downloads_text_only/scientific-exploration-increase-text-only/artifacts/episode-text_only_kinematics_abbrev_model_qwen35_9b-09_latest,text_only_kinematics_abbrev_model_qwen35_9b,Text-only,kinematics,abbrev,model_qwen35_9b,False,,,True,False,x = x0 + v * t
wandb_downloads_text_only/scientific-exploration-increase-text-only/artifacts/episode-text_only_mass_concrete_model_qwen25_3b-09_latest,text_only_mass_concrete_model_qwen25_3b,Text-only,mass,concrete,model_qwen25_3b,False,,,True,False,m = ρ * V
wandb_downloads_text_only/scientific-exploration-increase-text-only/artifacts/episode-text_only_mass_abbrev_model_qwen25_3b-06_latest,text_only_mass_abbrev_model_qwen25_3b,Text-only,mass,abbrev,model_qwen25_3b,False,,,True,False,m = 4 * rho * V
wandb_downloads_text_only/scientific-exploration-increase-text-only/artifacts/episode-text_only_kinematics_abstract_model_qwen25_7b-01_latest,text_only_kinematics_abstract_model_qwen25_7b,Text-only,kinematics,abstract,model_qwen25_7b,False,,,True,False,Y = 2A + 2
wandb_downloads_text_only/scientific-exploration-increase-text-only/artifacts/episode-text_only_ohm_abstract_model_mistral_7b-01_latest,text_only_ohm_abstract_model_mistral_7b,Text-only,ohm,abstract,model_mistral_7b,False,,,True,False,Y = kA
wandb_downloads_text_only/scientific-exploration-increase-text-only/artifacts/episode-text_only_resistors_abbrev_model_qwen25_7b-07_latest,text_only_resistors_abbrev_model_qwen25_7b,Text-only,resistors,abbrev,model_qwen25_7b,False,,,True,False,R1 + R2
wandb_downloads_text_only/scientific-exploration-increase-text-only/artifacts/episode-text_only_mass_abstract_model_qwen25_7b-01_latest,text_only_mass_abstract_model_qwen25_7b,Text-only,mass,abstract,model_qwen25_7b,False,,,True,False,Y = 5 * A
wandb_downloads_text_only/scientific-exploration-increase-text-only/artifacts/episode-text_only_kinematics_abbrev_model_qwen25_7b-04_latest,text_only_kinematics_abbrev_model_qwen25_7b,Text-only,kinematics,abbrev,model_qwen25_7b,False,,,True,False,x = x0 + v*t
wandb_downloads_text_only/scientific-exploration-increase-text-only/artifacts/episode-text_only_resistors_abbrev_model_qwen25_7b-02_latest,text_only_resistors_abbrev_model_qwen25_7b,Text-only,resistors,abbrev,model_qwen25_7b,False,,,True,False,R1 + R2
wandb_downloads_text_only/scientific-exploration-increase-text-only/artifacts/episode-text_only_distance_abstract_model_qwen25_7b-02_latest,text_only_distance_abstract_model_qwen25_7b,Text-only,distance,abstract,model_qwen25_7b,False,,,True,False,Y = C
wandb_downloads_text_only/scientific-exploration-increase-text-only/artifacts/episode-text_only_beers_abbrev_model_qwen35_9b-01_latest,text_only_beers_abbrev_model_qwen35_9b,Text-only,beers,abbrev,model_qwen35_9b,False,,,True,False,A = epsilon * c * l
wandb_downloads_text_only/scientific-exploration-increase-text-only/artifacts/episode-text_only_resistors_concrete_model_llama31_8b-01_latest,text_only_resistors_concrete_model_llama31_8b,Text-only,resistors,concrete,model_llama31_8b,False,,,True,False,resistance_1 + resistance_2
wandb_downloads_text_only/scientific-exploration-increase-text-only/artifacts/episode-text_only_kinematics_concrete_model_qwen25_7b-06_latest,text_only_kinematics_concrete_model_qwen25_7b,Text-only,kinematics,concrete,model_qwen25_7b,False,,,True,False,position = initial_position + velocity * time
wandb_downloads_text_only/scientific-exploration-increase-text-only/artifacts/episode-text_only_mass_abbrev_model_qwen35_9b-02_latest,text_only_mass_abbrev_model_qwen35_9b,Text-only,mass,abbrev,model_qwen35_9b,False,,,True,False,m = rho * V
wandb_downloads_text_only/scientific-exploration-increase-text-only/artifacts/episode-text_only_beers_abbrev_model_mistral_7b-02_latest,text_only_beers_abbrev_model_mistral_7b,Text-only,beers,abbrev,model_mistral_7b,False,,,True,False,A = k * c * l
wandb_downloads_text_only/scientific-exploration-increase-text-only/artifacts/episode-text_only_mass_abstract_model_qwen25_7b-05_latest,text_only_mass_abstract_model_qwen25_7b,Text-only,mass,abstract,model_qwen25_7b,False,,,True,False,Y = 15A
wandb_downloads_text_only/scientific-exploration-increase-text-only/artifacts/episode-text_only_mass_concrete_model_qwen35_4b-00_latest,text_only_mass_concrete_model_qwen35_4b,Text-only,mass,concrete,model_qwen35_4b,False,,,True,False,mass = density * volume
wandb_downloads_text_only/scientific-exploration-increase-text-only/artifacts/episode-text_only_mass_abstract_model_qwen25_7b-02_latest,text_only_mass_abstract_model_qwen25_7b,Text-only,mass,abstract,model_qwen25_7b,False,,,True,False,Y = 3A + 30B - 450
wandb_downloads_text_only/scientific-exploration-increase-text-only/artifacts/episode-text_only_beers_abstract_model_gemma3_4b-07_latest,text_only_beers_abstract_model_gemma3_4b,Text-only,beers,abstract,model_gemma3_4b,False,,,True,False,Y = A * B * C
wandb_downloads_text_only/scientific-exploration-increase-text-only/artifacts/episode-text_only_resistors_abbrev_model_qwen35_4b-08_latest,text_only_resistors_abbrev_model_qwen35_4b,Text-only,resistors,abbrev,model_qwen35_4b,False,,,True,False,Rt = R1 + R2
wandb_downloads_text_only/scientific-exploration-increase-text-only/artifacts/episode-text_only_ohm_abbrev_model_llama31_8b-09_latest,text_only_ohm_abbrev_model_llama31_8b,Text-only,ohm,abbrev,model_llama31_8b,False,,,True,False,V = I * R
wandb_downloads_text_only/scientific-exploration-increase-text-only/artifacts/episode-text_only_ohm_concrete_model_qwen25_3b-09_latest,text_only_ohm_concrete_model_qwen25_3b,Text-only,ohm,concrete,model_qwen25_3b,False,,,True,False,V = I * R
wandb_downloads_text_only/scientific-exploration-increase-text-only/artifacts/episode-text_only_resistors_abbrev_model_qwen35_4b-00_latest,text_only_resistors_abbrev_model_qwen35_4b,Text-only,resistors,abbrev,model_qwen35_4b,False,,,True,False,Rt = R1 + R2
wandb_downloads_text_only/scientific-exploration-increase-text-only/artifacts/episode-text_only_kinematics_abbrev_model_qwen35_4b-07_latest,text_only_kinematics_abbrev_model_qwen35_4b,Text-only,kinematics,abbrev,model_qwen35_4b,False,,,True,False,x = x0 + v * t
wandb_downloads_text_only/scientific-exploration-increase-text-only/artifacts/episode-text_only_distance_abbrev_model_qwen35_9b-08_latest,text_only_distance_abbrev_model_qwen35_9b,Text-only,distance,abbrev,model_qwen35_9b,False,,,True,False,d = d1 + d2 + d3
wandb_downloads_text_only/scientific-exploration-increase-text-only/artifacts/episode-text_only_beers_abbrev_model_llama31_8b-08_latest,text_only_beers_abbrev_model_llama31_8b,Text-only,beers,abbrev,model_llama31_8b,False,,,True,False,A = k * (epsilon / c) * l
wandb_downloads_text_only/scientific-exploration-increase-text-only/artifacts/episode-text_only_ohm_abstract_model_qwen35_9b-07_latest,text_only_ohm_abstract_model_qwen35_9b,Text-only,ohm,abstract,model_qwen35_9b,False,,,True,False,Y = A * B
wandb_downloads_text_only/scientific-exploration-increase-text-only/artifacts/episode-text_only_beers_concrete_model_qwen35_4b-04_latest,text_only_beers_concrete_model_qwen35_4b,Text-only,beers,concrete,model_qwen35_4b,False,,,True,False,absorbance = molar_absorptivity * concentration * path_length
wandb_downloads_text_only/scientific-exploration-increase-text-only/artifacts/episode-text_only_beers_abstract_model_qwen35_9b-07_latest,text_only_beers_abstract_model_qwen35_9b,Text-only,beers,abstract,model_qwen35_9b,False,,,True,False,Y = A * B * C
wandb_downloads_text_only/scientific-exploration-increase-text-only/artifacts/episode-text_only_mass_concrete_model_qwen25_3b-07_latest,text_only_mass_concrete_model_qwen25_3b,Text-only,mass,concrete,model_qwen25_3b,False,,,True,False,m = ρ * V
wandb_downloads_text_only/scientific-exploration-increase-text-only/artifacts/episode-text_only_ohm_concrete_model_qwen25_3b-08_latest,text_only_ohm_concrete_model_qwen25_3b,Text-only,ohm,concrete,model_qwen25_3b,False,,,True,False,voltage = current * resistance
wandb_downloads_text_only/scientific-exploration-increase-text-only/artifacts/episode-text_only_beers_concrete_model_qwen35_9b-02_latest,text_only_beers_concrete_model_qwen35_9b,Text-only,beers,concrete,model_qwen35_9b,False,,,True,False,absorbance = molar_absorptivity * concentration * path_length
wandb_downloads_text_only/scientific-exploration-increase-text-only/artifacts/episode-text_only_beers_concrete_model_mistral_7b-06_latest,text_only_beers_concrete_model_mistral_7b,Text-only,beers,concrete,model_mistral_7b,True,5,"[json_decode] model output is not valid JSON (error: Expecting ',' delimiter at pos 433): '{\\n  ""reasoning"": ""Observed a linear relationship between absorbance and path_length, with no apparent relat",True,True,absorbance = molar_absorptivity * path_length * concentration
wandb_downloads_text_only/scientific-exploration-increase-text-only/artifacts/episode-text_only_kinematics_concrete_model_qwen25_3b-09_latest,text_only_kinematics_concrete_model_qwen25_3b,Text-only,kinematics,concrete,model_qwen25_3b,False,,,True,False,position = initial_position + velocity * time
wandb_downloads_text_only/scientific-exploration-increase-text-only/artifacts/episode-text_only_resistors_abstract_model_gemma3_4b-07_latest,text_only_resistors_abstract_model_gemma3_4b,Text-only,resistors,abstract,model_gemma3_4b,False,,,True,False,Y = 3 * A
wandb_downloads_text_only/scientific-exploration-increase-text-only/artifacts/episode-text_only_beers_concrete_model_gemma3_4b-05_latest,text_only_beers_concrete_model_gemma3_4b,Text-only,beers,concrete,model_gemma3_4b,False,,,True,False,absorbance = molar_absorptivity * concentration * path_length
wandb_downloads_text_only/scientific-exploration-increase-text-only/artifacts/episode-text_only_mass_abstract_model_qwen35_4b-03_latest,text_only_mass_abstract_model_qwen35_4b,Text-only,mass,abstract,model_qwen35_4b,False,,,True,False,Y = 2 * B
wandb_downloads_text_only/scientific-exploration-increase-text-only/artifacts/episode-text_only_beers_concrete_model_qwen35_9b-07_latest,text_only_beers_concrete_model_qwen35_9b,Text-only,beers,concrete,model_qwen35_9b,False,,,True,False,absorbance = molar_absorptivity * concentration * path_length
wandb_downloads_text_only/scientific-exploration-increase-text-only/artifacts/episode-text_only_ohm_abbrev_model_qwen35_4b-08_latest,text_only_ohm_abbrev_model_qwen35_4b,Text-only,ohm,abbrev,model_qwen35_4b,False,,,True,False,V = I * R
wandb_downloads_text_only/scientific-exploration-increase-text-only/artifacts/episode-text_only_resistors_abbrev_model_qwen25_3b-05_latest,text_only_resistors_abbrev_model_qwen25_3b,Text-only,resistors,abbrev,model_qwen25_3b,False,,,True,False,Rt = 1.25 * R1
wandb_downloads_text_only/scientific-exploration-increase-text-only/artifacts/episode-text_only_resistors_abbrev_model_qwen35_9b-05_latest,text_only_resistors_abbrev_model_qwen35_9b,Text-only,resistors,abbrev,model_qwen35_9b,False,,,True,False,Rt = R1 + R2
wandb_downloads_text_only/scientific-exploration-increase-text-only/artifacts/episode-text_only_kinematics_abbrev_model_qwen25_3b-09_latest,text_only_kinematics_abbrev_model_qwen25_3b,Text-only,kinematics,abbrev,model_qwen25_3b,False,,,True,False,x = x0 + vt
wandb_downloads_text_only/scientific-exploration-increase-text-only/artifacts/episode-text_only_mass_abbrev_model_gemma3_4b-07_latest,text_only_mass_abbrev_model_gemma3_4b,Text-only,mass,abbrev,model_gemma3_4b,False,,,True,False,m = 2 * V
wandb_downloads_text_only/scientific-exploration-increase-text-only/artifacts/episode-text_only_resistors_abbrev_model_qwen35_4b-01_latest,text_only_resistors_abbrev_model_qwen35_4b,Text-only,resistors,abbrev,model_qwen35_4b,False,,,True,False,Rt = R1 + R2
wandb_downloads_text_only/scientific-exploration-increase-text-only/artifacts/episode-text_only_resistors_abstract_model_qwen25_3b-09_latest,text_only_resistors_abstract_model_qwen25_3b,Text-only,resistors,abstract,model_qwen25_3b,False,,,True,False,Y = 1.0 * A + 5.0 * B
wandb_downloads_text_only/scientific-exploration-increase-text-only/artifacts/episode-text_only_kinematics_concrete_model_qwen25_7b-01_latest,text_only_kinematics_concrete_model_qwen25_7b,Text-only,kinematics,concrete,model_qwen25_7b,False,,,True,False,position = initial_position + velocity * time
wandb_downloads_text_only/scientific-exploration-increase-text-only/artifacts/episode-text_only_ohm_abbrev_model_qwen35_4b-09_latest,text_only_ohm_abbrev_model_qwen35_4b,Text-only,ohm,abbrev,model_qwen35_4b,False,,,True,False,V = I * R
wandb_downloads_text_only/scientific-exploration-increase-text-only/artifacts/episode-text_only_kinematics_abstract_model_qwen35_9b-05_latest,text_only_kinematics_abstract_model_qwen35_9b,Text-only,kinematics,abstract,model_qwen35_9b,False,,,True,False,Y = A + B * C
wandb_downloads_text_only/scientific-exploration-increase-text-only/artifacts/episode-text_only_resistors_concrete_model_qwen25_3b-02_latest,text_only_resistors_concrete_model_qwen25_3b,Text-only,resistors,concrete,model_qwen25_3b,False,,,True,False,resistance_1 + resistance_2
wandb_downloads_text_only/scientific-exploration-increase-text-only/artifacts/episode-text_only_distance_abstract_model_qwen35_4b-01_latest,text_only_distance_abstract_model_qwen35_4b,Text-only,distance,abstract,model_qwen35_4b,False,,,True,False,Y = A + B + C
wandb_downloads_text_only/scientific-exploration-increase-text-only/artifacts/episode-text_only_distance_abstract_model_llama31_8b-04_latest,text_only_distance_abstract_model_llama31_8b,Text-only,distance,abstract,model_llama31_8b,False,,,True,False,Y = 2*C
wandb_downloads_text_only/scientific-exploration-increase-text-only/artifacts/episode-text_only_mass_abstract_model_gemma3_4b-03_latest,text_only_mass_abstract_model_gemma3_4b,Text-only,mass,abstract,model_gemma3_4b,False,,,True,False,Y = 2 * B
wandb_downloads_text_only/scientific-exploration-increase-text-only/artifacts/episode-text_only_ohm_concrete_model_qwen35_9b-03_latest,text_only_ohm_concrete_model_qwen35_9b,Text-only,ohm,concrete,model_qwen35_9b,False,,,True,False,voltage = current * resistance
wandb_downloads_text_only/scientific-exploration-increase-text-only/artifacts/episode-text_only_distance_concrete_model_qwen25_7b-08_latest,text_only_distance_concrete_model_qwen25_7b,Text-only,distance,concrete,model_qwen25_7b,False,,,True,False,total_distance = distance_1 + distance_2 + distance_3
wandb_downloads_text_only/scientific-exploration-increase-text-only/artifacts/episode-text_only_beers_abbrev_model_qwen25_3b-02_latest,text_only_beers_abbrev_model_qwen25_3b,Text-only,beers,abbrev,model_qwen25_3b,False,,,True,False,A = 6.0 * epsilon
wandb_downloads_text_only/scientific-exploration-increase-text-only/artifacts/episode-text_only_beers_abbrev_model_qwen35_4b-07_latest,text_only_beers_abbrev_model_qwen35_4b,Text-only,beers,abbrev,model_qwen35_4b,False,,,True,False,A = epsilon * c * l
wandb_downloads_text_only/scientific-exploration-increase-text-only/artifacts/episode-text_only_kinematics_concrete_model_qwen35_4b-01_latest,text_only_kinematics_concrete_model_qwen35_4b,Text-only,kinematics,concrete,model_qwen35_4b,False,,,True,False,position = initial_position + velocity * time
wandb_downloads_text_only/scientific-exploration-increase-text-only/artifacts/episode-text_only_mass_abstract_model_qwen35_9b-02_latest,text_only_mass_abstract_model_qwen35_9b,Text-only,mass,abstract,model_qwen35_9b,False,,,True,False,Y = A * B
wandb_downloads_text_only/scientific-exploration-increase-text-only/artifacts/episode-text_only_beers_abstract_model_qwen35_9b-08_latest,text_only_beers_abstract_model_qwen35_9b,Text-only,beers,abstract,model_qwen35_9b,False,,,True,False,Y = A * B * C
wandb_downloads_text_only/scientific-exploration-increase-text-only/artifacts/episode-text_only_distance_abstract_model_llama31_8b-09_latest,text_only_distance_abstract_model_llama31_8b,Text-only,distance,abstract,model_llama31_8b,False,,,True,False,Y = 5A + 5B
wandb_downloads_text_only/scientific-exploration-increase-text-only/artifacts/episode-text_only_ohm_concrete_model_qwen35_4b-08_latest,text_only_ohm_concrete_model_qwen35_4b,Text-only,ohm,concrete,model_qwen35_4b,False,,,True,False,voltage = current * resistance
wandb_downloads_text_only/scientific-exploration-increase-text-only/artifacts/episode-text_only_mass_abbrev_model_qwen25_7b-00_latest,text_only_mass_abbrev_model_qwen25_7b,Text-only,mass,abbrev,model_qwen25_7b,False,,,True,False,m = rho * V
wandb_downloads_text_only/scientific-exploration-increase-text-only/artifacts/episode-text_only_distance_abbrev_model_gemma3_4b-06_latest,text_only_distance_abbrev_model_gemma3_4b,Text-only,distance,abbrev,model_gemma3_4b,False,,,True,False,d = d1 + d2 + d3
wandb_downloads_text_only/scientific-exploration-increase-text-only/artifacts/episode-text_only_distance_abbrev_model_qwen35_4b-07_latest,text_only_distance_abbrev_model_qwen35_4b,Text-only,distance,abbrev,model_qwen35_4b,False,,,True,False,d = d1 + d2 + d3
wandb_downloads_text_only/scientific-exploration-increase-text-only/artifacts/episode-text_only_distance_concrete_model_qwen25_7b-05_latest,text_only_distance_concrete_model_qwen25_7b,Text-only,distance,concrete,model_qwen25_7b,False,,,True,False,total_distance = distance_1 + distance_2 + distance_3
wandb_downloads_text_only/scientific-exploration-increase-text-only/artifacts/episode-text_only_resistors_abstract_model_llama31_8b-06_latest,text_only_resistors_abstract_model_llama31_8b,Text-only,resistors,abstract,model_llama31_8b,False,,,True,False,Y = A + B
wandb_downloads_text_only/scientific-exploration-increase-text-only/artifacts/episode-text_only_beers_concrete_model_mistral_7b-03_latest,text_only_beers_concrete_model_mistral_7b,Text-only,beers,concrete,model_mistral_7b,False,,,True,False,absorbance = molar_absorptivity * concentration * path_length
wandb_downloads_text_only/scientific-exploration-increase-text-only/artifacts/episode-text_only_mass_abbrev_model_mistral_7b-03_latest,text_only_mass_abbrev_model_mistral_7b,Text-only,mass,abbrev,model_mistral_7b,False,,,True,False,m = 3V
wandb_downloads_text_only/scientific-exploration-increase-text-only/artifacts/episode-text_only_ohm_concrete_model_qwen35_9b-06_latest,text_only_ohm_concrete_model_qwen35_9b,Text-only,ohm,concrete,model_qwen35_9b,False,,,True,False,voltage = current * resistance
wandb_downloads_text_only/scientific-exploration-increase-text-only/artifacts/episode-text_only_beers_concrete_model_mistral_7b-07_latest,text_only_beers_concrete_model_mistral_7b,Text-only,beers,concrete,model_mistral_7b,False,,,True,False,absorbance = molar_absorptivity * concentration * path_length
wandb_downloads_text_only/scientific-exploration-increase-text-only/artifacts/episode-text_only_beers_concrete_model_qwen25_3b-04_latest,text_only_beers_concrete_model_qwen25_3b,Text-only,beers,concrete,model_qwen25_3b,False,,,True,False,absorbance = molar_absorptivity * concentration * path_length
wandb_downloads_text_only/scientific-exploration-increase-text-only/artifacts/episode-text_only_resistors_concrete_model_qwen35_4b-01_latest,text_only_resistors_concrete_model_qwen35_4b,Text-only,resistors,concrete,model_qwen35_4b,False,,,True,False,total_resistance = resistance_1 + resistance_2
wandb_downloads_text_only/scientific-exploration-increase-text-only/artifacts/episode-text_only_kinematics_abbrev_model_qwen25_3b-01_latest,text_only_kinematics_abbrev_model_qwen25_3b,Text-only,kinematics,abbrev,model_qwen25_3b,False,,,True,False,x = x0 + vt
wandb_downloads_text_only/scientific-exploration-increase-text-only/artifacts/episode-text_only_distance_abbrev_model_qwen35_4b-08_latest,text_only_distance_abbrev_model_qwen35_4b,Text-only,distance,abbrev,model_qwen35_4b,False,,,True,False,d = d1 + d2 + d3
wandb_downloads_text_only/scientific-exploration-increase-text-only/artifacts/episode-text_only_kinematics_abbrev_model_mistral_7b-07_latest,text_only_kinematics_abbrev_model_mistral_7b,Text-only,kinematics,abbrev,model_mistral_7b,True,2,"[json_decode] model output is not valid JSON (error: Expecting ',' delimiter at pos 285): '{\\n  ""reasoning"": ""The current position (x) is equal to the initial position (x0) plus the product of the ve",True,True,x = x0 + v*t
wandb_downloads_text_only/scientific-exploration-increase-text-only/artifacts/episode-text_only_mass_concrete_model_gemma3_4b-01_latest,text_only_mass_concrete_model_gemma3_4b,Text-only,mass,concrete,model_gemma3_4b,False,,,True,False,mass = density * volume
wandb_downloads_text_only/scientific-exploration-increase-text-only/artifacts/episode-text_only_resistors_concrete_model_qwen35_9b-08_latest,text_only_resistors_concrete_model_qwen35_9b,Text-only,resistors,concrete,model_qwen35_9b,False,,,True,False,total_resistance = resistance_1 + resistance_2
wandb_downloads_text_only/scientific-exploration-increase-text-only/artifacts/episode-text_only_distance_concrete_model_gemma3_4b-06_latest,text_only_distance_concrete_model_gemma3_4b,Text-only,distance,concrete,model_gemma3_4b,False,,,True,False,total_distance = distance_1 + distance_2 + distance_3
wandb_downloads_text_only/scientific-exploration-increase-text-only/artifacts/episode-text_only_kinematics_concrete_model_qwen25_7b-09_latest,text_only_kinematics_concrete_model_qwen25_7b,Text-only,kinematics,concrete,model_qwen25_7b,False,,,True,False,position = initial_position + velocity * time
wandb_downloads_text_only/scientific-exploration-increase-text-only/artifacts/episode-text_only_ohm_concrete_model_qwen35_4b-04_latest,text_only_ohm_concrete_model_qwen35_4b,Text-only,ohm,concrete,model_qwen35_4b,False,,,True,False,voltage = current * resistance
wandb_downloads_text_only/scientific-exploration-increase-text-only/artifacts/episode-text_only_beers_concrete_model_qwen25_7b-08_latest,text_only_beers_concrete_model_qwen25_7b,Text-only,beers,concrete,model_qwen25_7b,False,,,True,False,absorbance = molar_absorptivity * concentration * path_length
wandb_downloads_text_only/scientific-exploration-increase-text-only/artifacts/episode-text_only_kinematics_abbrev_model_llama31_8b-03_latest,text_only_kinematics_abbrev_model_llama31_8b,Text-only,kinematics,abbrev,model_llama31_8b,False,,,True,False,x = x0 + v*t
wandb_downloads_text_only/scientific-exploration-increase-text-only/artifacts/episode-text_only_distance_abstract_model_llama31_8b-06_latest,text_only_distance_abstract_model_llama31_8b,Text-only,distance,abstract,model_llama31_8b,False,,,True,False,Y = 2.86B + 20
wandb_downloads_text_only/scientific-exploration-increase-text-only/artifacts/episode-text_only_beers_concrete_model_gemma3_4b-02_latest,text_only_beers_concrete_model_gemma3_4b,Text-only,beers,concrete,model_gemma3_4b,False,,,True,False,absorbance = molar_absorptivity * concentration * path_length
wandb_downloads_text_only/scientific-exploration-increase-text-only/artifacts/episode-text_only_beers_concrete_model_qwen25_3b-08_latest,text_only_beers_concrete_model_qwen25_3b,Text-only,beers,concrete,model_qwen25_3b,False,,,True,False,absorbance = molar_absorptivity * concentration * path_length
wandb_downloads_text_only/scientific-exploration-increase-text-only/artifacts/episode-text_only_resistors_abbrev_model_mistral_7b-04_latest,text_only_resistors_abbrev_model_mistral_7b,Text-only,resistors,abbrev,model_mistral_7b,False,,,True,False,Rt = k * R1^2
wandb_downloads_text_only/scientific-exploration-increase-text-only/artifacts/episode-text_only_mass_concrete_model_qwen35_4b-08_latest,text_only_mass_concrete_model_qwen35_4b,Text-only,mass,concrete,model_qwen35_4b,False,,,True,False,mass = density * volume
wandb_downloads_text_only/scientific-exploration-increase-text-only/artifacts/episode-text_only_kinematics_abstract_model_gemma3_4b-03_latest,text_only_kinematics_abstract_model_gemma3_4b,Text-only,kinematics,abstract,model_gemma3_4b,False,,,True,False,Y = A + B + C
wandb_downloads_text_only/scientific-exploration-increase-text-only/artifacts/episode-text_only_mass_concrete_model_gemma3_4b-08_latest,text_only_mass_concrete_model_gemma3_4b,Text-only,mass,concrete,model_gemma3_4b,False,,,True,False,mass = density * volume
wandb_downloads_text_only/scientific-exploration-increase-text-only/artifacts/episode-text_only_beers_abstract_model_qwen25_7b-00_latest,text_only_beers_abstract_model_qwen25_7b,Text-only,beers,abstract,model_qwen25_7b,False,,,True,False,Y = 9 * A * B
wandb_downloads_text_only/scientific-exploration-increase-text-only/artifacts/episode-text_only_ohm_abstract_model_qwen35_4b-09_latest,text_only_ohm_abstract_model_qwen35_4b,Text-only,ohm,abstract,model_qwen35_4b,False,,,True,False,Y = A * B
wandb_downloads_text_only/scientific-exploration-increase-text-only/artifacts/episode-text_only_distance_abstract_model_llama31_8b-03_latest,text_only_distance_abstract_model_llama31_8b,Text-only,distance,abstract,model_llama31_8b,False,,,True,False,A + B
wandb_downloads_text_only/scientific-exploration-increase-text-only/artifacts/episode-text_only_resistors_concrete_model_qwen35_9b-07_latest,text_only_resistors_concrete_model_qwen35_9b,Text-only,resistors,concrete,model_qwen35_9b,False,,,True,False,total_resistance = resistance_1 + resistance_2
wandb_downloads_text_only/scientific-exploration-increase-text-only/artifacts/episode-text_only_resistors_abstract_model_gemma3_4b-08_latest,text_only_resistors_abstract_model_gemma3_4b,Text-only,resistors,abstract,model_gemma3_4b,False,,,True,False,Y = A + B
wandb_downloads_text_only/scientific-exploration-increase-text-only/artifacts/episode-text_only_ohm_abstract_model_qwen35_9b-04_latest,text_only_ohm_abstract_model_qwen35_9b,Text-only,ohm,abstract,model_qwen35_9b,False,,,True,False,Y = A * B
wandb_downloads_text_only/scientific-exploration-increase-text-only/artifacts/episode-text_only_distance_concrete_model_llama31_8b-01_latest,text_only_distance_concrete_model_llama31_8b,Text-only,distance,concrete,model_llama31_8b,False,,,True,False,distance_1 + distance_2 + distance_3
wandb_downloads_text_only/scientific-exploration-increase-text-only/artifacts/episode-text_only_kinematics_concrete_model_qwen35_9b-03_latest,text_only_kinematics_concrete_model_qwen35_9b,Text-only,kinematics,concrete,model_qwen35_9b,False,,,True,False,position = initial_position + velocity * time
wandb_downloads_text_only/scientific-exploration-increase-text-only/artifacts/episode-text_only_mass_abstract_model_mistral_7b-08_latest,text_only_mass_abstract_model_mistral_7b,Text-only,mass,abstract,model_mistral_7b,False,,,True,False,Y = 5A
wandb_downloads_text_only/scientific-exploration-increase-text-only/artifacts/episode-text_only_distance_abstract_model_gemma3_4b-08_latest,text_only_distance_abstract_model_gemma3_4b,Text-only,distance,abstract,model_gemma3_4b,False,,,True,False,Y = A * B * C
wandb_downloads_text_only/scientific-exploration-increase-text-only/artifacts/episode-text_only_resistors_abstract_model_mistral_7b-09_latest,text_only_resistors_abstract_model_mistral_7b,Text-only,resistors,abstract,model_mistral_7b,False,,,True,False,Y = kA
wandb_downloads_text_only/scientific-exploration-increase-text-only/artifacts/episode-text_only_ohm_concrete_model_qwen25_3b-05_latest,text_only_ohm_concrete_model_qwen25_3b,Text-only,ohm,concrete,model_qwen25_3b,False,,,True,False,voltage = (current * resistance) / 100
wandb_downloads_text_only/scientific-exploration-increase-text-only/artifacts/episode-text_only_distance_concrete_model_mistral_7b-03_latest,text_only_distance_concrete_model_mistral_7b,Text-only,distance,concrete,model_mistral_7b,False,,,True,False,total_distance = distance_1 + distance_2 + distance_3
wandb_downloads_text_only/scientific-exploration-increase-text-only/artifacts/episode-text_only_beers_abstract_model_qwen25_3b-08_latest,text_only_beers_abstract_model_qwen25_3b,Text-only,beers,abstract,model_qwen25_3b,False,,,True,False,Y = 12 * A * B * C
wandb_downloads_text_only/scientific-exploration-increase-text-only/artifacts/episode-text_only_kinematics_abbrev_model_mistral_7b-01_latest,text_only_kinematics_abbrev_model_mistral_7b,Text-only,kinematics,abbrev,model_mistral_7b,False,,,True,False,x = x0 + v*t
wandb_downloads_text_only/scientific-exploration-increase-text-only/artifacts/episode-text_only_distance_abstract_model_mistral_7b-06_latest,text_only_distance_abstract_model_mistral_7b,Text-only,distance,abstract,model_mistral_7b,True,3,"[json_decode] model output is not valid JSON (error: Expecting ',' delimiter at pos 377): '{\\n  ""reasoning"": ""The relationship between A and Y seems to be linear, as Y decreases when A decreases. The",True,True,Y = A + 5 * (A - C) / (B - 20)
wandb_downloads_text_only/scientific-exploration-increase-text-only/artifacts/episode-text_only_kinematics_concrete_model_gemma3_4b-03_latest,text_only_kinematics_concrete_model_gemma3_4b,Text-only,kinematics,concrete,model_gemma3_4b,False,,,True,False,position = initial_position + velocity * time
wandb_downloads_text_only/scientific-exploration-increase-text-only/artifacts/episode-text_only_ohm_abstract_model_llama31_8b-03_latest,text_only_ohm_abstract_model_llama31_8b,Text-only,ohm,abstract,model_llama31_8b,False,,,True,False,Y = 5A + 15B
wandb_downloads_text_only/scientific-exploration-increase-text-only/artifacts/episode-text_only_kinematics_abstract_model_mistral_7b-03_latest,text_only_kinematics_abstract_model_mistral_7b,Text-only,kinematics,abstract,model_mistral_7b,False,,,True,False,Y = a*A + b
wandb_downloads_text_only/scientific-exploration-increase-text-only/artifacts/episode-text_only_kinematics_concrete_model_gemma3_4b-05_latest,text_only_kinematics_concrete_model_gemma3_4b,Text-only,kinematics,concrete,model_gemma3_4b,False,,,True,False,position = initial_position + velocity * time
wandb_downloads_text_only/scientific-exploration-increase-text-only/artifacts/episode-text_only_mass_abstract_model_gemma3_4b-06_latest,text_only_mass_abstract_model_gemma3_4b,Text-only,mass,abstract,model_gemma3_4b,False,,,True,False,Y = 2 * B
wandb_downloads_text_only/scientific-exploration-increase-text-only/artifacts/episode-text_only_beers_abstract_model_qwen35_4b-03_latest,text_only_beers_abstract_model_qwen35_4b,Text-only,beers,abstract,model_qwen35_4b,False,,,True,False,Y = A * B * C
wandb_downloads_text_only/scientific-exploration-increase-text-only/artifacts/episode-text_only_mass_abstract_model_llama31_8b-00_latest,text_only_mass_abstract_model_llama31_8b,Text-only,mass,abstract,model_llama31_8b,False,,,True,False,Y = A / B
wandb_downloads_text_only/scientific-exploration-increase-text-only/artifacts/episode-text_only_ohm_concrete_model_mistral_7b-09_latest,text_only_ohm_concrete_model_mistral_7b,Text-only,ohm,concrete,model_mistral_7b,False,,,True,False,V = I * R
wandb_downloads_text_only/scientific-exploration-increase-text-only/artifacts/episode-text_only_distance_abbrev_model_qwen35_9b-01_latest,text_only_distance_abbrev_model_qwen35_9b,Text-only,distance,abbrev,model_qwen35_9b,False,,,True,False,d = d1 + d2 + d3
wandb_downloads_text_only/scientific-exploration-increase-text-only/artifacts/episode-text_only_distance_abbrev_model_qwen35_9b-02_latest,text_only_distance_abbrev_model_qwen35_9b,Text-only,distance,abbrev,model_qwen35_9b,False,,,True,False,d = d1 + d2 + d3
wandb_downloads_text_only/scientific-exploration-increase-text-only/artifacts/episode-text_only_distance_abstract_model_qwen25_3b-04_latest,text_only_distance_abstract_model_qwen25_3b,Text-only,distance,abstract,model_qwen25_3b,False,,,True,False,Y = 5A + 10C
wandb_downloads_text_only/scientific-exploration-increase-text-only/artifacts/episode-text_only_distance_abstract_model_qwen35_9b-08_latest,text_only_distance_abstract_model_qwen35_9b,Text-only,distance,abstract,model_qwen35_9b,False,,,True,False,Y = A + B + C
wandb_downloads_text_only/scientific-exploration-increase-text-only/artifacts/episode-text_only_ohm_abstract_model_qwen35_4b-07_latest,text_only_ohm_abstract_model_qwen35_4b,Text-only,ohm,abstract,model_qwen35_4b,False,,,True,False,Y = A * B
wandb_downloads_text_only/scientific-exploration-increase-text-only/artifacts/episode-text_only_mass_abstract_model_llama31_8b-08_latest,text_only_mass_abstract_model_llama31_8b,Text-only,mass,abstract,model_llama31_8b,False,,,True,True,Y = B^2
wandb_downloads_text_only/scientific-exploration-increase-text-only/artifacts/episode-text_only_beers_abstract_model_qwen25_3b-05_latest,text_only_beers_abstract_model_qwen25_3b,Text-only,beers,abstract,model_qwen25_3b,False,,,True,False,Y = 4 * C^2
wandb_downloads_text_only/scientific-exploration-increase-text-only/artifacts/episode-text_only_distance_concrete_model_llama31_8b-05_latest,text_only_distance_concrete_model_llama31_8b,Text-only,distance,concrete,model_llama31_8b,False,,,True,False,distance_1 + distance_2
wandb_downloads_text_only/scientific-exploration-increase-text-only/artifacts/episode-text_only_distance_abstract_model_qwen35_9b-00_latest,text_only_distance_abstract_model_qwen35_9b,Text-only,distance,abstract,model_qwen35_9b,False,,,True,False,Y = A + B + C
wandb_downloads_text_only/scientific-exploration-increase-text-only/artifacts/episode-text_only_distance_abstract_model_mistral_7b-03_latest,text_only_distance_abstract_model_mistral_7b,Text-only,distance,abstract,model_mistral_7b,False,,,True,False,Y = A + B + C
wandb_downloads_text_only/scientific-exploration-increase-text-only/artifacts/episode-text_only_resistors_abbrev_model_qwen35_9b-00_latest,text_only_resistors_abbrev_model_qwen35_9b,Text-only,resistors,abbrev,model_qwen35_9b,False,,,True,False,Rt = R1 + R2
wandb_downloads_text_only/scientific-exploration-increase-text-only/artifacts/episode-text_only_beers_abbrev_model_mistral_7b-01_latest,text_only_beers_abbrev_model_mistral_7b,Text-only,beers,abbrev,model_mistral_7b,False,,,True,False,A = epsilon * c * l
wandb_downloads_text_only/scientific-exploration-increase-text-only/artifacts/episode-text_only_distance_abbrev_model_llama31_8b-06_latest,text_only_distance_abbrev_model_llama31_8b,Text-only,distance,abbrev,model_llama31_8b,False,,,True,False,d = 5*d3 - 5*d2
wandb_downloads_text_only/scientific-exploration-increase-text-only/artifacts/episode-text_only_beers_abbrev_model_qwen25_3b-04_latest,text_only_beers_abbrev_model_qwen25_3b,Text-only,beers,abbrev,model_qwen25_3b,False,,,True,False,A = 6 * c * epsilon
wandb_downloads_text_only/scientific-exploration-increase-text-only/artifacts/episode-text_only_resistors_abstract_model_qwen25_7b-09_latest,text_only_resistors_abstract_model_qwen25_7b,Text-only,resistors,abstract,model_qwen25_7b,False,,,True,False,Y = A + B
wandb_downloads_text_only/scientific-exploration-increase-text-only/artifacts/episode-text_only_beers_abbrev_model_llama31_8b-03_latest,text_only_beers_abbrev_model_llama31_8b,Text-only,beers,abbrev,model_llama31_8b,False,,,True,False,A = cl
wandb_downloads_text_only/scientific-exploration-increase-text-only/artifacts/episode-text_only_ohm_abbrev_model_qwen25_3b-09_latest,text_only_ohm_abbrev_model_qwen25_3b,Text-only,ohm,abbrev,model_qwen25_3b,False,,,True,False,V = 10 * I
wandb_downloads_text_only/scientific-exploration-increase-text-only/artifacts/episode-text_only_distance_concrete_model_qwen25_3b-02_latest,text_only_distance_concrete_model_qwen25_3b,Text-only,distance,concrete,model_qwen25_3b,False,,,True,False,total_distance = distance_1 + distance_2 + distance_3
wandb_downloads_text_only/scientific-exploration-increase-text-only/artifacts/episode-text_only_resistors_concrete_model_gemma3_4b-02_latest,text_only_resistors_concrete_model_gemma3_4b,Text-only,resistors,concrete,model_gemma3_4b,False,,,True,False,total_resistance = resistance_1 + resistance_2
wandb_downloads_text_only/scientific-exploration-increase-text-only/artifacts/episode-text_only_beers_abbrev_model_qwen35_4b-08_latest,text_only_beers_abbrev_model_qwen35_4b,Text-only,beers,abbrev,model_qwen35_4b,False,,,True,False,A = l * c * epsilon
wandb_downloads_text_only/scientific-exploration-increase-text-only/artifacts/episode-text_only_beers_concrete_model_qwen35_9b-00_latest,text_only_beers_concrete_model_qwen35_9b,Text-only,beers,concrete,model_qwen35_9b,False,,,True,False,absorbance = molar_absorptivity * concentration * path_length
wandb_downloads_text_only/scientific-exploration-increase-text-only/artifacts/episode-text_only_kinematics_abstract_model_llama31_8b-07_latest,text_only_kinematics_abstract_model_llama31_8b,Text-only,kinematics,abstract,model_llama31_8b,False,,,True,False,A + B*C + C^2
wandb_downloads_text_only/scientific-exploration-increase-text-only/artifacts/episode-text_only_beers_abbrev_model_gemma3_4b-07_latest,text_only_beers_abbrev_model_gemma3_4b,Text-only,beers,abbrev,model_gemma3_4b,False,,,True,False,A = epsilon * c * l
wandb_downloads_text_only/scientific-exploration-increase-text-only/artifacts/episode-text_only_resistors_concrete_model_qwen25_3b-08_latest,text_only_resistors_concrete_model_qwen25_3b,Text-only,resistors,concrete,model_qwen25_3b,False,,,True,False,total_resistance = resistance_1 + resistance_2
wandb_downloads_text_only/scientific-exploration-increase-text-only/artifacts/episode-text_only_beers_abstract_model_qwen25_3b-06_latest,text_only_beers_abstract_model_qwen25_3b,Text-only,beers,abstract,model_qwen25_3b,False,,,True,False,Y = A * B * C
wandb_downloads_text_only/scientific-exploration-increase-text-only/artifacts/episode-text_only_distance_abbrev_model_qwen35_9b-05_latest,text_only_distance_abbrev_model_qwen35_9b,Text-only,distance,abbrev,model_qwen35_9b,False,,,True,False,d = d1 + d2 + d3
wandb_downloads_text_only/scientific-exploration-increase-text-only/artifacts/episode-text_only_distance_abbrev_model_qwen25_3b-07_latest,text_only_distance_abbrev_model_qwen25_3b,Text-only,distance,abbrev,model_qwen25_3b,False,,,True,False,d = d1 + d2 + d3
wandb_downloads_text_only/scientific-exploration-increase-text-only/artifacts/episode-text_only_kinematics_abbrev_model_gemma3_4b-00_latest,text_only_kinematics_abbrev_model_gemma3_4b,Text-only,kinematics,abbrev,model_gemma3_4b,False,,,True,False,x = x0 + v * t
wandb_downloads_text_only/scientific-exploration-increase-text-only/artifacts/episode-text_only_beers_concrete_model_mistral_7b-08_latest,text_only_beers_concrete_model_mistral_7b,Text-only,beers,concrete,model_mistral_7b,False,,,True,False,A = εcl
wandb_downloads_text_only/scientific-exploration-increase-text-only/artifacts/episode-text_only_mass_abstract_model_qwen35_9b-01_latest,text_only_mass_abstract_model_qwen35_9b,Text-only,mass,abstract,model_qwen35_9b,False,,,True,False,Y = A * B
wandb_downloads_text_only/scientific-exploration-increase-text-only/artifacts/episode-text_only_beers_concrete_model_qwen25_3b-03_latest,text_only_beers_concrete_model_qwen25_3b,Text-only,beers,concrete,model_qwen25_3b,False,,,True,False,absorbance = molar_absorptivity * concentration * path_length
wandb_downloads_text_only/scientific-exploration-increase-text-only/artifacts/episode-text_only_beers_concrete_model_llama31_8b-01_latest,text_only_beers_concrete_model_llama31_8b,Text-only,beers,concrete,model_llama31_8b,False,,,True,False,A = ε * c * l
wandb_downloads_text_only/scientific-exploration-increase-text-only/artifacts/episode-text_only_beers_abstract_model_llama31_8b-08_latest,text_only_beers_abstract_model_llama31_8b,Text-only,beers,abstract,model_llama31_8b,False,,,True,False,Y = AB
wandb_downloads_text_only/scientific-exploration-increase-text-only/artifacts/episode-text_only_mass_abstract_model_llama31_8b-01_latest,text_only_mass_abstract_model_llama31_8b,Text-only,mass,abstract,model_llama31_8b,False,,,True,False,Y = AB
wandb_downloads_text_only/scientific-exploration-increase-text-only/artifacts/episode-text_only_beers_concrete_model_llama31_8b-03_latest,text_only_beers_concrete_model_llama31_8b,Text-only,beers,concrete,model_llama31_8b,False,,,True,False,absorbance = molar_absorptivity * concentration * path_length
wandb_downloads_text_only/scientific-exploration-increase-text-only/artifacts/episode-text_only_ohm_abstract_model_mistral_7b-03_latest,text_only_ohm_abstract_model_mistral_7b,Text-only,ohm,abstract,model_mistral_7b,False,,,True,False,Y = kA
wandb_downloads_text_only/scientific-exploration-increase-text-only/artifacts/episode-text_only_kinematics_concrete_model_qwen25_3b-05_latest,text_only_kinematics_concrete_model_qwen25_3b,Text-only,kinematics,concrete,model_qwen25_3b,False,,,True,False,position = initial_position + velocity * time
wandb_downloads_text_only/scientific-exploration-increase-text-only/artifacts/episode-text_only_ohm_abstract_model_gemma3_4b-01_latest,text_only_ohm_abstract_model_gemma3_4b,Text-only,ohm,abstract,model_gemma3_4b,False,,,True,False,Y = A * B
wandb_downloads_text_only/scientific-exploration-increase-text-only/artifacts/episode-text_only_ohm_abbrev_model_qwen25_3b-01_latest,text_only_ohm_abbrev_model_qwen25_3b,Text-only,ohm,abbrev,model_qwen25_3b,False,,,True,False,V = 10 * I * R
wandb_downloads_text_only/scientific-exploration-increase-text-only/artifacts/episode-text_only_resistors_abbrev_model_mistral_7b-03_latest,text_only_resistors_abbrev_model_mistral_7b,Text-only,resistors,abbrev,model_mistral_7b,False,,,True,False,Rt = 2 * R1 + R2
wandb_downloads_text_only/scientific-exploration-increase-text-only/artifacts/episode-text_only_beers_concrete_model_qwen25_7b-00_latest,text_only_beers_concrete_model_qwen25_7b,Text-only,beers,concrete,model_qwen25_7b,False,,,True,False,molar_absorptivity * concentration * path_length
wandb_downloads_text_only/scientific-exploration-increase-text-only/artifacts/episode-text_only_ohm_concrete_model_qwen25_3b-00_latest,text_only_ohm_concrete_model_qwen25_3b,Text-only,ohm,concrete,model_qwen25_3b,False,,,True,False,voltage = current * resistance
wandb_downloads_text_only/scientific-exploration-increase-text-only/artifacts/episode-text_only_distance_abstract_model_gemma3_4b-00_latest,text_only_distance_abstract_model_gemma3_4b,Text-only,distance,abstract,model_gemma3_4b,False,,,True,False,Y = A * B
wandb_downloads_text_only/scientific-exploration-increase-text-only/artifacts/episode-text_only_mass_abbrev_model_qwen25_7b-09_latest,text_only_mass_abbrev_model_qwen25_7b,Text-only,mass,abbrev,model_qwen25_7b,False,,,True,False,m = V * 3
wandb_downloads_text_only/scientific-exploration-increase-text-only/artifacts/episode-text_only_mass_abbrev_model_qwen35_4b-01_latest,text_only_mass_abbrev_model_qwen35_4b,Text-only,mass,abbrev,model_qwen35_4b,False,,,True,False,m = rho * V
wandb_downloads_text_only/scientific-exploration-increase-text-only/artifacts/episode-text_only_ohm_abstract_model_llama31_8b-07_latest,text_only_ohm_abstract_model_llama31_8b,Text-only,ohm,abstract,model_llama31_8b,False,,,True,False,Y = k*A
wandb_downloads_text_only/scientific-exploration-increase-text-only/artifacts/episode-text_only_beers_abbrev_model_qwen35_4b-06_latest,text_only_beers_abbrev_model_qwen35_4b,Text-only,beers,abbrev,model_qwen35_4b,False,,,True,False,A = epsilon * c * l
wandb_downloads_text_only/scientific-exploration-increase-text-only/artifacts/episode-text_only_mass_concrete_model_mistral_7b-00_latest,text_only_mass_concrete_model_mistral_7b,Text-only,mass,concrete,model_mistral_7b,True,14,"[json_decode] model output is not valid JSON (error: Expecting ',' delimiter at pos 480): '{\\n  ""reasoning"": ""We have reached the maximum volume (50.0 m³) and have confirmed that mass is directly pro",True,True,mass = density * volume
wandb_downloads_text_only/scientific-exploration-increase-text-only/artifacts/episode-text_only_resistors_abstract_model_qwen25_3b-07_latest,text_only_resistors_abstract_model_qwen25_3b,Text-only,resistors,abstract,model_qwen25_3b,False,,,True,False,Y = 1.5 * B
wandb_downloads_text_only/scientific-exploration-increase-text-only/artifacts/episode-text_only_beers_abbrev_model_qwen35_9b-07_latest,text_only_beers_abbrev_model_qwen35_9b,Text-only,beers,abbrev,model_qwen35_9b,False,,,True,False,A = epsilon * c * l
wandb_downloads_text_only/scientific-exploration-increase-text-only/artifacts/episode-text_only_mass_concrete_model_mistral_7b-06_latest,text_only_mass_concrete_model_mistral_7b,Text-only,mass,concrete,model_mistral_7b,False,,,True,False,mass = density * volume
wandb_downloads_text_only/scientific-exploration-increase-text-only/artifacts/episode-text_only_beers_abstract_model_mistral_7b-07_latest,text_only_beers_abstract_model_mistral_7b,Text-only,beers,abstract,model_mistral_7b,True,11,"[json_decode] model output is not valid JSON (error: Expecting ',' delimiter at pos 236): '{\\n  ""reasoning"": ""The relationship between Y and A is linear with a constant k. No significant impact from ",True,True,Y = A * <constant>
wandb_downloads_text_only/scientific-exploration-increase-text-only/artifacts/episode-text_only_beers_abbrev_model_gemma3_4b-04_latest,text_only_beers_abbrev_model_gemma3_4b,Text-only,beers,abbrev,model_gemma3_4b,False,,,True,False,A = epsilon * c * l
wandb_downloads_text_only/scientific-exploration-increase-text-only/artifacts/episode-text_only_kinematics_abstract_model_qwen25_3b-02_latest,text_only_kinematics_abstract_model_qwen25_3b,Text-only,kinematics,abstract,model_qwen25_3b,False,,,True,False,Y = 7A + 3B + C
wandb_downloads_text_only/scientific-exploration-increase-text-only/artifacts/episode-text_only_mass_abbrev_model_llama31_8b-09_latest,text_only_mass_abbrev_model_llama31_8b,Text-only,mass,abbrev,model_llama31_8b,False,,,True,False,m = rho * V
wandb_downloads_text_only/scientific-exploration-increase-text-only/artifacts/episode-text_only_ohm_concrete_model_qwen35_4b-03_latest,text_only_ohm_concrete_model_qwen35_4b,Text-only,ohm,concrete,model_qwen35_4b,False,,,True,False,voltage = current * resistance
wandb_downloads_text_only/scientific-exploration-increase-text-only/artifacts/episode-text_only_ohm_concrete_model_llama31_8b-03_latest,text_only_ohm_concrete_model_llama31_8b,Text-only,ohm,concrete,model_llama31_8b,False,,,True,False,V = I * R
wandb_downloads_text_only/scientific-exploration-increase-text-only/artifacts/episode-text_only_kinematics_abbrev_model_gemma3_4b-03_latest,text_only_kinematics_abbrev_model_gemma3_4b,Text-only,kinematics,abbrev,model_gemma3_4b,False,,,True,False,x = x0 + v * t
wandb_downloads_text_only/scientific-exploration-increase-text-only/artifacts/episode-text_only_ohm_abstract_model_qwen35_9b-03_latest,text_only_ohm_abstract_model_qwen35_9b,Text-only,ohm,abstract,model_qwen35_9b,False,,,True,False,Y = A * B
wandb_downloads_text_only/scientific-exploration-increase-text-only/artifacts/episode-text_only_kinematics_concrete_model_qwen35_4b-00_latest,text_only_kinematics_concrete_model_qwen35_4b,Text-only,kinematics,concrete,model_qwen35_4b,False,,,True,False,position = initial_position + velocity * time
wandb_downloads_text_only/scientific-exploration-increase-text-only/artifacts/episode-text_only_resistors_abbrev_model_qwen25_7b-06_latest,text_only_resistors_abbrev_model_qwen25_7b,Text-only,resistors,abbrev,model_qwen25_7b,False,,,True,False,Rt = R1 + R2
wandb_downloads_text_only/scientific-exploration-increase-text-only/artifacts/episode-text_only_beers_abbrev_model_qwen25_3b-07_latest,text_only_beers_abbrev_model_qwen25_3b,Text-only,beers,abbrev,model_qwen25_3b,False,,,True,False,A = 9 * epsilon * c * l
wandb_downloads_text_only/scientific-exploration-increase-text-only/artifacts/episode-text_only_kinematics_abstract_model_gemma3_4b-01_latest,text_only_kinematics_abstract_model_gemma3_4b,Text-only,kinematics,abstract,model_gemma3_4b,False,,,True,False,Y = C
wandb_downloads_text_only/scientific-exploration-increase-text-only/artifacts/episode-text_only_ohm_concrete_model_qwen35_4b-06_latest,text_only_ohm_concrete_model_qwen35_4b,Text-only,ohm,concrete,model_qwen35_4b,False,,,True,False,voltage = current * resistance
wandb_downloads_text_only/scientific-exploration-increase-text-only/artifacts/episode-text_only_kinematics_concrete_model_qwen25_3b-03_latest,text_only_kinematics_concrete_model_qwen25_3b,Text-only,kinematics,concrete,model_qwen25_3b,False,,,True,False,position = initial_position + velocity * time
wandb_downloads_text_only/scientific-exploration-increase-text-only/artifacts/episode-text_only_mass_concrete_model_qwen25_3b-01_latest,text_only_mass_concrete_model_qwen25_3b,Text-only,mass,concrete,model_qwen25_3b,False,,,True,False,mass = density * (volume)^2
wandb_downloads_text_only/scientific-exploration-increase-text-only/artifacts/episode-text_only_resistors_abbrev_model_qwen35_4b-04_latest,text_only_resistors_abbrev_model_qwen35_4b,Text-only,resistors,abbrev,model_qwen35_4b,False,,,True,False,Rt = R1 + R2
wandb_downloads_text_only/scientific-exploration-increase-text-only/artifacts/episode-text_only_distance_concrete_model_gemma3_4b-09_latest,text_only_distance_concrete_model_gemma3_4b,Text-only,distance,concrete,model_gemma3_4b,False,,,True,False,total_distance = distance_1 + distance_2 + distance_3
wandb_downloads_text_only/scientific-exploration-increase-text-only/artifacts/episode-text_only_distance_abstract_model_qwen25_7b-07_latest,text_only_distance_abstract_model_qwen25_7b,Text-only,distance,abstract,model_qwen25_7b,False,,,True,False,Y = C
wandb_downloads_text_only/scientific-exploration-increase-text-only/artifacts/episode-text_only_mass_abstract_model_llama31_8b-06_latest,text_only_mass_abstract_model_llama31_8b,Text-only,mass,abstract,model_llama31_8b,False,,,True,False,Y = C
wandb_downloads_text_only/scientific-exploration-increase-text-only/artifacts/episode-text_only_kinematics_abstract_model_mistral_7b-08_latest,text_only_kinematics_abstract_model_mistral_7b,Text-only,kinematics,abstract,model_mistral_7b,False,,,True,False,Y = k * C
wandb_downloads_text_only/scientific-exploration-increase-text-only/artifacts/episode-text_only_distance_abstract_model_llama31_8b-08_latest,text_only_distance_abstract_model_llama31_8b,Text-only,distance,abstract,model_llama31_8b,False,,,True,False,Y = A + B + C
wandb_downloads_text_only/scientific-exploration-increase-text-only/artifacts/episode-text_only_resistors_abstract_model_qwen25_3b-08_latest,text_only_resistors_abstract_model_qwen25_3b,Text-only,resistors,abstract,model_qwen25_3b,False,,,True,False,Y = 3A + 5B
wandb_downloads_text_only/scientific-exploration-increase-text-only/artifacts/episode-text_only_beers_concrete_model_qwen35_9b-04_latest,text_only_beers_concrete_model_qwen35_9b,Text-only,beers,concrete,model_qwen35_9b,False,,,True,False,absorbance = molar_absorptivity * concentration * path_length
wandb_downloads_text_only/scientific-exploration-increase-text-only/artifacts/episode-text_only_kinematics_abbrev_model_qwen35_9b-07_latest,text_only_kinematics_abbrev_model_qwen35_9b,Text-only,kinematics,abbrev,model_qwen35_9b,False,,,True,False,x = x0 + v * t
wandb_downloads_text_only/scientific-exploration-increase-text-only/artifacts/episode-text_only_beers_abbrev_model_qwen35_9b-06_latest,text_only_beers_abbrev_model_qwen35_9b,Text-only,beers,abbrev,model_qwen35_9b,False,,,True,False,A = epsilon * c * l
wandb_downloads_text_only/scientific-exploration-increase-text-only/artifacts/episode-text_only_resistors_concrete_model_mistral_7b-07_latest,text_only_resistors_concrete_model_mistral_7b,Text-only,resistors,concrete,model_mistral_7b,True,3,"[json_decode] model output is not valid JSON (error: Expecting ',' delimiter at pos 317): '{\\n  ""reasoning"": ""The total resistance appears to be the sum of resistance_1 and resistance_2, as changing ",True,True,total_resistance = resistance_1 + resistance_2
wandb_downloads_text_only/scientific-exploration-increase-text-only/artifacts/episode-text_only_distance_abstract_model_gemma3_4b-07_latest,text_only_distance_abstract_model_gemma3_4b,Text-only,distance,abstract,model_gemma3_4b,False,,,True,False,Y = A + B + C
wandb_downloads_text_only/scientific-exploration-increase-text-only/artifacts/episode-text_only_mass_abbrev_model_llama31_8b-03_latest,text_only_mass_abbrev_model_llama31_8b,Text-only,mass,abbrev,model_llama31_8b,False,,,True,False,m = V
wandb_downloads_text_only/scientific-exploration-increase-text-only/artifacts/episode-text_only_distance_abstract_model_qwen35_4b-02_latest,text_only_distance_abstract_model_qwen35_4b,Text-only,distance,abstract,model_qwen35_4b,False,,,True,False,Y = A + B + C
wandb_downloads_text_only/scientific-exploration-increase-text-only/artifacts/episode-text_only_kinematics_abstract_model_qwen35_4b-07_latest,text_only_kinematics_abstract_model_qwen35_4b,Text-only,kinematics,abstract,model_qwen35_4b,False,,,True,False,Y = A + 2 * B
wandb_downloads_text_only/scientific-exploration-increase-text-only/artifacts/episode-text_only_resistors_concrete_model_gemma3_4b-03_latest,text_only_resistors_concrete_model_gemma3_4b,Text-only,resistors,concrete,model_gemma3_4b,False,,,True,False,total_resistance = resistance_1 + resistance_2
wandb_downloads_text_only/scientific-exploration-increase-text-only/artifacts/episode-text_only_beers_abstract_model_qwen25_7b-07_latest,text_only_beers_abstract_model_qwen25_7b,Text-only,beers,abstract,model_qwen25_7b,False,,,True,False,Y = A * B * C
wandb_downloads_text_only/scientific-exploration-increase-text-only/artifacts/episode-text_only_resistors_concrete_model_qwen35_4b-09_latest,text_only_resistors_concrete_model_qwen35_4b,Text-only,resistors,concrete,model_qwen35_4b,False,,,True,False,total_resistance = resistance_1 + resistance_2
wandb_downloads_text_only/scientific-exploration-increase-text-only/artifacts/episode-text_only_beers_abstract_model_qwen25_7b-09_latest,text_only_beers_abstract_model_qwen25_7b,Text-only,beers,abstract,model_qwen25_7b,False,,,True,False,Y = 12B
wandb_downloads_text_only/scientific-exploration-increase-text-only/artifacts/episode-text_only_distance_concrete_model_gemma3_4b-01_latest,text_only_distance_concrete_model_gemma3_4b,Text-only,distance,concrete,model_gemma3_4b,False,,,True,False,distance_1 + distance_2 + distance_3
wandb_downloads_text_only/scientific-exploration-increase-text-only/artifacts/episode-text_only_ohm_abbrev_model_qwen35_9b-01_latest,text_only_ohm_abbrev_model_qwen35_9b,Text-only,ohm,abbrev,model_qwen35_9b,False,,,True,False,V = I * R
wandb_downloads_text_only/scientific-exploration-increase-text-only/artifacts/episode-text_only_beers_abbrev_model_mistral_7b-03_latest,text_only_beers_abbrev_model_mistral_7b,Text-only,beers,abbrev,model_mistral_7b,True,8,"[json_decode] model output is not valid JSON (error: Expecting ',' delimiter at pos 351): '{\\n  ""reasoning"": ""The relationship between A and epsilon appears to be logarithmic with base epsilon. To co",True,True,A = 1 / epsilon * (c * l)
wandb_downloads_text_only/scientific-exploration-increase-text-only/artifacts/episode-text_only_mass_abstract_model_mistral_7b-03_latest,text_only_mass_abstract_model_mistral_7b,Text-only,mass,abstract,model_mistral_7b,True,4,"[json_decode] model output is not valid JSON (error: Expecting ',' delimiter at pos 198): '{\\n  ""reasoning"": ""Y is a constant offset from A, indicating a linear relationship. Let\'s find the equation",True,True,Y = A + 18
wandb_downloads_text_only/scientific-exploration-increase-text-only/artifacts/episode-text_only_ohm_concrete_model_qwen25_3b-04_latest,text_only_ohm_concrete_model_qwen25_3b,Text-only,ohm,concrete,model_qwen25_3b,False,,,True,False,voltage = current * resistance
wandb_downloads_text_only/scientific-exploration-increase-text-only/artifacts/episode-text_only_kinematics_abbrev_model_llama31_8b-09_latest,text_only_kinematics_abbrev_model_llama31_8b,Text-only,kinematics,abbrev,model_llama31_8b,False,,,True,False,x = x0 + v*t
wandb_downloads_text_only/scientific-exploration-increase-text-only/artifacts/episode-text_only_resistors_abbrev_model_llama31_8b-08_latest,text_only_resistors_abbrev_model_llama31_8b,Text-only,resistors,abbrev,model_llama31_8b,False,,,True,False,Rt = k * R2
wandb_downloads_text_only/scientific-exploration-increase-text-only/artifacts/episode-text_only_resistors_concrete_model_mistral_7b-08_latest,text_only_resistors_concrete_model_mistral_7b,Text-only,resistors,concrete,model_mistral_7b,False,,,True,False,total_resistance = resistance_1 + resistance_2
wandb_downloads_text_only/scientific-exploration-increase-text-only/artifacts/episode-text_only_resistors_abstract_model_llama31_8b-05_latest,text_only_resistors_abstract_model_llama31_8b,Text-only,resistors,abstract,model_llama31_8b,False,,,True,False,Y = k * B
wandb_downloads_text_only/scientific-exploration-increase-text-only/artifacts/episode-text_only_kinematics_abstract_model_qwen35_4b-09_latest,text_only_kinematics_abstract_model_qwen35_4b,Text-only,kinematics,abstract,model_qwen35_4b,False,,,True,False,Y = A + B * C
wandb_downloads_text_only/scientific-exploration-increase-text-only/artifacts/episode-text_only_distance_abstract_model_mistral_7b-04_latest,text_only_distance_abstract_model_mistral_7b,Text-only,distance,abstract,model_mistral_7b,False,,,True,False,Y = A + B + C
wandb_downloads_text_only/scientific-exploration-increase-text-only/artifacts/episode-text_only_kinematics_concrete_model_qwen35_9b-07_latest,text_only_kinematics_concrete_model_qwen35_9b,Text-only,kinematics,concrete,model_qwen35_9b,False,,,True,False,position = initial_position + velocity * time
wandb_downloads_text_only/scientific-exploration-increase-text-only/artifacts/episode-text_only_kinematics_abstract_model_gemma3_4b-06_latest,text_only_kinematics_abstract_model_gemma3_4b,Text-only,kinematics,abstract,model_gemma3_4b,False,,,True,False,Y = A + B + C
wandb_downloads_text_only/scientific-exploration-increase-text-only/artifacts/episode-text_only_mass_concrete_model_gemma3_4b-07_latest,text_only_mass_concrete_model_gemma3_4b,Text-only,mass,concrete,model_gemma3_4b,False,,,True,False,mass = density * volume
wandb_downloads_text_only/scientific-exploration-increase-text-only/artifacts/episode-text_only_ohm_concrete_model_qwen35_9b-04_latest,text_only_ohm_concrete_model_qwen35_9b,Text-only,ohm,concrete,model_qwen35_9b,False,,,True,False,voltage = current * resistance
wandb_downloads_text_only/scientific-exploration-increase-text-only/artifacts/episode-text_only_beers_abbrev_model_qwen35_4b-04_latest,text_only_beers_abbrev_model_qwen35_4b,Text-only,beers,abbrev,model_qwen35_4b,False,,,True,False,A = epsilon * c * l
wandb_downloads_text_only/scientific-exploration-increase-text-only/artifacts/episode-text_only_kinematics_abbrev_model_gemma3_4b-08_latest,text_only_kinematics_abbrev_model_gemma3_4b,Text-only,kinematics,abbrev,model_gemma3_4b,False,,,True,False,x = x0 + v * t
wandb_downloads_text_only/scientific-exploration-increase-text-only/artifacts/episode-text_only_mass_abbrev_model_qwen35_4b-00_latest,text_only_mass_abbrev_model_qwen35_4b,Text-only,mass,abbrev,model_qwen35_4b,False,,,True,False,m = rho * V
wandb_downloads_text_only/scientific-exploration-increase-text-only/artifacts/episode-text_only_distance_abstract_model_llama31_8b-02_latest,text_only_distance_abstract_model_llama31_8b,Text-only,distance,abstract,model_llama31_8b,False,,,True,False,Y = 2B + 5C
wandb_downloads_text_only/scientific-exploration-increase-text-only/artifacts/episode-text_only_kinematics_concrete_model_mistral_7b-02_latest,text_only_kinematics_concrete_model_mistral_7b,Text-only,kinematics,concrete,model_mistral_7b,False,,,True,False,position = initial_position + velocity * time
wandb_downloads_text_only/scientific-exploration-increase-text-only/artifacts/episode-text_only_ohm_abbrev_model_qwen35_4b-05_latest,text_only_ohm_abbrev_model_qwen35_4b,Text-only,ohm,abbrev,model_qwen35_4b,False,,,True,False,V = I * R
wandb_downloads_text_only/scientific-exploration-increase-text-only/artifacts/episode-text_only_mass_concrete_model_gemma3_4b-04_latest,text_only_mass_concrete_model_gemma3_4b,Text-only,mass,concrete,model_gemma3_4b,False,,,True,False,mass = density * volume
wandb_downloads_text_only/scientific-exploration-increase-text-only/artifacts/episode-text_only_mass_abbrev_model_llama31_8b-08_latest,text_only_mass_abbrev_model_llama31_8b,Text-only,mass,abbrev,model_llama31_8b,False,,,True,False,m = rho^1 / V^1
wandb_downloads_text_only/scientific-exploration-increase-text-only/artifacts/episode-text_only_ohm_abstract_model_qwen35_4b-04_latest,text_only_ohm_abstract_model_qwen35_4b,Text-only,ohm,abstract,model_qwen35_4b,False,,,True,False,Y = A * B
wandb_downloads_text_only/scientific-exploration-increase-text-only/artifacts/episode-text_only_kinematics_abbrev_model_qwen25_7b-01_latest,text_only_kinematics_abbrev_model_qwen25_7b,Text-only,kinematics,abbrev,model_qwen25_7b,False,,,True,False,x = x0 + v*t
wandb_downloads_text_only/scientific-exploration-increase-text-only/artifacts/episode-text_only_resistors_concrete_model_qwen35_4b-07_latest,text_only_resistors_concrete_model_qwen35_4b,Text-only,resistors,concrete,model_qwen35_4b,False,,,True,False,total_resistance = resistance_1 + resistance_2
wandb_downloads_text_only/scientific-exploration-increase-text-only/artifacts/episode-text_only_ohm_abbrev_model_qwen35_9b-03_latest,text_only_ohm_abbrev_model_qwen35_9b,Text-only,ohm,abbrev,model_qwen35_9b,False,,,True,False,V = I * R
wandb_downloads_text_only/scientific-exploration-increase-text-only/artifacts/episode-text_only_mass_abbrev_model_qwen25_3b-08_latest,text_only_mass_abbrev_model_qwen25_3b,Text-only,mass,abbrev,model_qwen25_3b,False,,,True,False,m = 2ρV
wandb_downloads_text_only/scientific-exploration-increase-text-only/artifacts/episode-text_only_mass_abbrev_model_llama31_8b-06_latest,text_only_mass_abbrev_model_llama31_8b,Text-only,mass,abbrev,model_llama31_8b,False,,,True,False,m = rho*V
wandb_downloads_text_only/scientific-exploration-increase-text-only/artifacts/episode-text_only_kinematics_abstract_model_qwen25_3b-03_latest,text_only_kinematics_abstract_model_qwen25_3b,Text-only,kinematics,abstract,model_qwen25_3b,False,,,True,False,Y = 2 * B + 8 * A
wandb_downloads_text_only/scientific-exploration-increase-text-only/artifacts/episode-text_only_mass_abstract_model_qwen35_9b-03_latest,text_only_mass_abstract_model_qwen35_9b,Text-only,mass,abstract,model_qwen35_9b,False,,,True,False,Y = A * B
wandb_downloads_text_only/scientific-exploration-increase-text-only/artifacts/episode-text_only_distance_concrete_model_gemma3_4b-03_latest,text_only_distance_concrete_model_gemma3_4b,Text-only,distance,concrete,model_gemma3_4b,False,,,True,False,total_distance = distance_1 + distance_2 + distance_3
wandb_downloads_text_only/scientific-exploration-increase-text-only/artifacts/episode-text_only_kinematics_abbrev_model_qwen35_4b-09_latest,text_only_kinematics_abbrev_model_qwen35_4b,Text-only,kinematics,abbrev,model_qwen35_4b,False,,,True,False,x = x0 + v * t
wandb_downloads_text_only/scientific-exploration-increase-text-only/artifacts/episode-text_only_resistors_concrete_model_gemma3_4b-08_latest,text_only_resistors_concrete_model_gemma3_4b,Text-only,resistors,concrete,model_gemma3_4b,False,,,True,False,total_resistance = resistance_1 + resistance_2
wandb_downloads_text_only/scientific-exploration-increase-text-only/artifacts/episode-text_only_kinematics_concrete_model_llama31_8b-03_latest,text_only_kinematics_concrete_model_llama31_8b,Text-only,kinematics,concrete,model_llama31_8b,False,,,True,False,position = initial_position + velocity * time
wandb_downloads_text_only/scientific-exploration-increase-text-only/artifacts/episode-text_only_resistors_abbrev_model_gemma3_4b-00_latest,text_only_resistors_abbrev_model_gemma3_4b,Text-only,resistors,abbrev,model_gemma3_4b,False,,,True,False,Rt = R1 + R2
wandb_downloads_text_only/scientific-exploration-increase-text-only/artifacts/episode-text_only_kinematics_abstract_model_mistral_7b-07_latest,text_only_kinematics_abstract_model_mistral_7b,Text-only,kinematics,abstract,model_mistral_7b,True,7,"[json_decode] model output is not valid JSON (error: Expecting ',' delimiter at pos 264): '{\\n  ""reasoning"": ""Y has remained constant while B was increased, indicating a potential relationship betwee",True,True,Y = B + 2*C
wandb_downloads_text_only/scientific-exploration-increase-text-only/artifacts/episode-text_only_beers_abbrev_model_gemma3_4b-05_latest,text_only_beers_abbrev_model_gemma3_4b,Text-only,beers,abbrev,model_gemma3_4b,False,,,True,False,A = epsilon * c * l
wandb_downloads_text_only/scientific-exploration-increase-text-only/artifacts/episode-text_only_mass_abstract_model_qwen25_3b-00_latest,text_only_mass_abstract_model_qwen25_3b,Text-only,mass,abstract,model_qwen25_3b,False,,,True,False,Y = A + B
wandb_downloads_text_only/scientific-exploration-increase-text-only/artifacts/episode-text_only_kinematics_concrete_model_qwen25_7b-04_latest,text_only_kinematics_concrete_model_qwen25_7b,Text-only,kinematics,concrete,model_qwen25_7b,False,,,True,False,initial_position + velocity * time
wandb_downloads_text_only/scientific-exploration-increase-text-only/artifacts/episode-text_only_kinematics_abbrev_model_qwen25_3b-00_latest,text_only_kinematics_abbrev_model_qwen25_3b,Text-only,kinematics,abbrev,model_qwen25_3b,False,,,True,False,x = x0 + vt
wandb_downloads_text_only/scientific-exploration-increase-text-only/artifacts/episode-text_only_kinematics_concrete_model_qwen25_7b-08_latest,text_only_kinematics_concrete_model_qwen25_7b,Text-only,kinematics,concrete,model_qwen25_7b,False,,,True,False,initial_position + velocity * time
wandb_downloads_text_only/scientific-exploration-increase-text-only/artifacts/episode-text_only_kinematics_abstract_model_qwen35_4b-08_latest,text_only_kinematics_abstract_model_qwen35_4b,Text-only,kinematics,abstract,model_qwen35_4b,True,2,"[json_decode] model output is not valid JSON (error: Unterminated string starting at at pos 17): '{\\n  ""reasoning"": ""Based on the history, Step 0 established Y = A * C when B was 5 (10*2=20). Step 1 ",True,True,Y = A * C + B * B
wandb_downloads_text_only/scientific-exploration-increase-text-only/artifacts/episode-text_only_kinematics_concrete_model_llama31_8b-07_latest,text_only_kinematics_concrete_model_llama31_8b,Text-only,kinematics,concrete,model_llama31_8b,False,,,True,False,position = initial_position + velocity * time
wandb_downloads_text_only/scientific-exploration-increase-text-only/artifacts/episode-text_only_mass_abstract_model_qwen35_9b-06_latest,text_only_mass_abstract_model_qwen35_9b,Text-only,mass,abstract,model_qwen35_9b,False,,,True,False,Y = A * B
wandb_downloads_text_only/scientific-exploration-increase-text-only/artifacts/episode-text_only_beers_abstract_model_mistral_7b-02_latest,text_only_beers_abstract_model_mistral_7b,Text-only,beers,abstract,model_mistral_7b,True,4,"[json_decode] model output is not valid JSON (error: Expecting ',' delimiter at pos 171): '{\\n  ""reasoning"": ""Y returned to its initial value when C decreased, confirming that Y = C + B."",\\n  ""step_",True,True,Y = C + B
wandb_downloads_text_only/scientific-exploration-increase-text-only/artifacts/episode-text_only_kinematics_concrete_model_qwen25_3b-07_latest,text_only_kinematics_concrete_model_qwen25_3b,Text-only,kinematics,concrete,model_qwen25_3b,False,,,True,False,position = initial_position + velocity * time
wandb_downloads_text_only/scientific-exploration-increase-text-only/artifacts/episode-text_only_resistors_abstract_model_mistral_7b-02_latest,text_only_resistors_abstract_model_mistral_7b,Text-only,resistors,abstract,model_mistral_7b,True,20,"[json_decode] model output is not valid JSON (error: Expecting ',' delimiter at pos 219): '{\\n  ""reasoning"": ""Y is a linear function of B, with a direct proportionality. We have enough evidence to co",True,True,Y = A * B
wandb_downloads_text_only/scientific-exploration-increase-text-only/artifacts/episode-text_only_mass_abbrev_model_qwen35_4b-03_latest,text_only_mass_abbrev_model_qwen35_4b,Text-only,mass,abbrev,model_qwen35_4b,False,,,True,False,m = rho * V
wandb_downloads_text_only/scientific-exploration-increase-text-only/artifacts/episode-text_only_beers_concrete_model_llama31_8b-08_latest,text_only_beers_concrete_model_llama31_8b,Text-only,beers,concrete,model_llama31_8b,False,,,True,False,A = molar_absorptivity * concentration * path_length
wandb_downloads_text_only/scientific-exploration-increase-text-only/artifacts/episode-text_only_beers_abstract_model_qwen35_9b-06_latest,text_only_beers_abstract_model_qwen35_9b,Text-only,beers,abstract,model_qwen35_9b,False,,,True,False,Y = A * B * C
wandb_downloads_text_only/scientific-exploration-increase-text-only/artifacts/episode-text_only_resistors_abstract_model_qwen25_7b-08_latest,text_only_resistors_abstract_model_qwen25_7b,Text-only,resistors,abstract,model_qwen25_7b,False,,,True,False,Y = B
wandb_downloads_text_only/scientific-exploration-increase-text-only/artifacts/episode-text_only_beers_abstract_model_llama31_8b-07_latest,text_only_beers_abstract_model_llama31_8b,Text-only,beers,abstract,model_llama31_8b,False,,,True,False,Y = AB^2 + C*A
wandb_downloads_text_only/scientific-exploration-increase-text-only/artifacts/episode-text_only_mass_abstract_model_llama31_8b-03_latest,text_only_mass_abstract_model_llama31_8b,Text-only,mass,abstract,model_llama31_8b,False,,,True,False,Y = A * B
wandb_downloads_text_only/scientific-exploration-increase-text-only/artifacts/episode-text_only_beers_abstract_model_qwen35_9b-04_latest,text_only_beers_abstract_model_qwen35_9b,Text-only,beers,abstract,model_qwen35_9b,False,,,True,False,Y = A * B * C
wandb_downloads_text_only/scientific-exploration-increase-text-only/artifacts/episode-text_only_ohm_concrete_model_mistral_7b-07_latest,text_only_ohm_concrete_model_mistral_7b,Text-only,ohm,concrete,model_mistral_7b,False,,,True,False,V = I * R
wandb_downloads_text_only/scientific-exploration-increase-text-only/artifacts/episode-text_only_beers_concrete_model_qwen35_9b-06_latest,text_only_beers_concrete_model_qwen35_9b,Text-only,beers,concrete,model_qwen35_9b,False,,,True,False,absorbance = molar_absorptivity * concentration * path_length
wandb_downloads_text_only/scientific-exploration-increase-text-only/artifacts/episode-text_only_distance_concrete_model_mistral_7b-07_latest,text_only_distance_concrete_model_mistral_7b,Text-only,distance,concrete,model_mistral_7b,False,,,True,False,total_distance = distance_2
wandb_downloads_text_only/scientific-exploration-increase-text-only/artifacts/episode-text_only_ohm_abstract_model_qwen25_7b-05_latest,text_only_ohm_abstract_model_qwen25_7b,Text-only,ohm,abstract,model_qwen25_7b,False,,,True,False,Y = 5A + 5B - 20
wandb_downloads_text_only/scientific-exploration-increase-text-only/artifacts/episode-text_only_distance_abstract_model_qwen35_4b-05_latest,text_only_distance_abstract_model_qwen35_4b,Text-only,distance,abstract,model_qwen35_4b,False,,,True,False,Y = A + B + C
wandb_downloads_text_only/scientific-exploration-increase-text-only/artifacts/episode-text_only_resistors_abstract_model_llama31_8b-08_latest,text_only_resistors_abstract_model_llama31_8b,Text-only,resistors,abstract,model_llama31_8b,False,,,True,False,Y = A
wandb_downloads_text_only/scientific-exploration-increase-text-only/artifacts/episode-text_only_ohm_abstract_model_qwen35_9b-08_latest,text_only_ohm_abstract_model_qwen35_9b,Text-only,ohm,abstract,model_qwen35_9b,False,,,True,False,Y = A * B
wandb_downloads_text_only/scientific-exploration-increase-text-only/artifacts/episode-text_only_beers_abstract_model_gemma3_4b-08_latest,text_only_beers_abstract_model_gemma3_4b,Text-only,beers,abstract,model_gemma3_4b,False,,,True,False,Y = A * B
wandb_downloads_text_only/scientific-exploration-increase-text-only/artifacts/episode-text_only_kinematics_concrete_model_gemma3_4b-02_latest,text_only_kinematics_concrete_model_gemma3_4b,Text-only,kinematics,concrete,model_gemma3_4b,False,,,True,False,position = initial_position + velocity * time
wandb_downloads_text_only/scientific-exploration-increase-text-only/artifacts/episode-text_only_kinematics_abbrev_model_qwen35_4b-05_latest,text_only_kinematics_abbrev_model_qwen35_4b,Text-only,kinematics,abbrev,model_qwen35_4b,False,,,True,False,x = x0 + v * t
wandb_downloads_text_only/scientific-exploration-increase-text-only/artifacts/episode-text_only_mass_concrete_model_qwen25_7b-07_latest,text_only_mass_concrete_model_qwen25_7b,Text-only,mass,concrete,model_qwen25_7b,False,,,True,False,mass = density * volume
wandb_downloads_text_only/scientific-exploration-increase-text-only/artifacts/episode-text_only_resistors_abstract_model_llama31_8b-07_latest,text_only_resistors_abstract_model_llama31_8b,Text-only,resistors,abstract,model_llama31_8b,False,,,True,False,Y = AB
wandb_downloads_text_only/scientific-exploration-increase-text-only/artifacts/episode-text_only_kinematics_abstract_model_qwen25_7b-05_latest,text_only_kinematics_abstract_model_qwen25_7b,Text-only,kinematics,abstract,model_qwen25_7b,False,,,True,False,A + B - C
wandb_downloads_text_only/scientific-exploration-increase-text-only/artifacts/episode-text_only_resistors_abstract_model_qwen35_9b-05_latest,text_only_resistors_abstract_model_qwen35_9b,Text-only,resistors,abstract,model_qwen35_9b,False,,,True,False,Y = A + B
wandb_downloads_text_only/scientific-exploration-increase-text-only/artifacts/episode-text_only_distance_abstract_model_qwen35_9b-03_latest,text_only_distance_abstract_model_qwen35_9b,Text-only,distance,abstract,model_qwen35_9b,False,,,True,False,Y = A + B + C
wandb_downloads_text_only/scientific-exploration-increase-text-only/artifacts/episode-text_only_beers_abstract_model_qwen25_3b-00_latest,text_only_beers_abstract_model_qwen25_3b,Text-only,beers,abstract,model_qwen25_3b,False,,,True,False,Y = 12.0
wandb_downloads_text_only/scientific-exploration-increase-text-only/artifacts/episode-text_only_kinematics_concrete_model_qwen25_7b-07_latest,text_only_kinematics_concrete_model_qwen25_7b,Text-only,kinematics,concrete,model_qwen25_7b,False,,,True,False,position = initial_position + velocity * time
wandb_downloads_text_only/scientific-exploration-increase-text-only/artifacts/episode-text_only_kinematics_abstract_model_gemma3_4b-08_latest,text_only_kinematics_abstract_model_gemma3_4b,Text-only,kinematics,abstract,model_gemma3_4b,False,,,True,False,Y = A * B + C
wandb_downloads_text_only/scientific-exploration-increase-text-only/artifacts/episode-text_only_ohm_abbrev_model_mistral_7b-05_latest,text_only_ohm_abbrev_model_mistral_7b,Text-only,ohm,abbrev,model_mistral_7b,True,4,"[json_decode] model output is not valid JSON (error: Expecting ',' delimiter at pos 275): '{\\n  ""reasoning"": ""The linear relationship between I and V has been confirmed. No direct impact of R on V ha",True,True,V = I * R / 10 + 20
wandb_downloads_text_only/scientific-exploration-increase-text-only/artifacts/episode-text_only_beers_concrete_model_mistral_7b-05_latest,text_only_beers_concrete_model_mistral_7b,Text-only,beers,concrete,model_mistral_7b,True,5,"[json_decode] model output is not valid JSON (error: Expecting ',' delimiter at pos 559): '{\\n  ""reasoning"": ""The observations confirm a linear relationship between absorbance and the product of mola",True,True,absorbance = (molar_absorptivity * concentration * path_length)
wandb_downloads_text_only/scientific-exploration-increase-text-only/artifacts/episode-text_only_ohm_concrete_model_qwen25_7b-09_latest,text_only_ohm_concrete_model_qwen25_7b,Text-only,ohm,concrete,model_qwen25_7b,False,,,True,False,voltage = current * resistance
wandb_downloads_text_only/scientific-exploration-increase-text-only/artifacts/episode-text_only_ohm_concrete_model_qwen25_7b-08_latest,text_only_ohm_concrete_model_qwen25_7b,Text-only,ohm,concrete,model_qwen25_7b,False,,,True,False,voltage = current * resistance
wandb_downloads_text_only/scientific-exploration-increase-text-only/artifacts/episode-text_only_kinematics_abbrev_model_gemma3_4b-07_latest,text_only_kinematics_abbrev_model_gemma3_4b,Text-only,kinematics,abbrev,model_gemma3_4b,False,,,True,False,x = x0 + v * t
wandb_downloads_text_only/scientific-exploration-increase-text-only/artifacts/episode-text_only_kinematics_abbrev_model_mistral_7b-00_latest,text_only_kinematics_abbrev_model_mistral_7b,Text-only,kinematics,abbrev,model_mistral_7b,False,,,True,False,x = x0 + vt
wandb_downloads_text_only/scientific-exploration-increase-text-only/artifacts/episode-text_only_distance_concrete_model_gemma3_4b-07_latest,text_only_distance_concrete_model_gemma3_4b,Text-only,distance,concrete,model_gemma3_4b,False,,,True,False,total_distance = distance_1 + distance_2 + distance_3
wandb_downloads_text_only/scientific-exploration-increase-text-only/artifacts/episode-text_only_ohm_abbrev_model_qwen35_4b-01_latest,text_only_ohm_abbrev_model_qwen35_4b,Text-only,ohm,abbrev,model_qwen35_4b,False,,,True,False,V = I * R
wandb_downloads_text_only/scientific-exploration-increase-text-only/artifacts/episode-text_only_kinematics_concrete_model_llama31_8b-06_latest,text_only_kinematics_concrete_model_llama31_8b,Text-only,kinematics,concrete,model_llama31_8b,False,,,True,False,initial_position + velocity * time
wandb_downloads_text_only/scientific-exploration-increase-text-only/artifacts/episode-text_only_kinematics_concrete_model_mistral_7b-05_latest,text_only_kinematics_concrete_model_mistral_7b,Text-only,kinematics,concrete,model_mistral_7b,False,,,True,False,position = initial_position + velocity * time
wandb_downloads_text_only/scientific-exploration-increase-text-only/artifacts/episode-text_only_kinematics_concrete_model_qwen25_7b-05_latest,text_only_kinematics_concrete_model_qwen25_7b,Text-only,kinematics,concrete,model_qwen25_7b,False,,,True,False,position = initial_position + velocity * time
wandb_downloads_text_only/scientific-exploration-increase-text-only/artifacts/episode-text_only_ohm_concrete_model_mistral_7b-03_latest,text_only_ohm_concrete_model_mistral_7b,Text-only,ohm,concrete,model_mistral_7b,False,,,True,False,V = I * R
wandb_downloads_text_only/scientific-exploration-increase-text-only/artifacts/episode-text_only_kinematics_abstract_model_qwen25_3b-09_latest,text_only_kinematics_abstract_model_qwen25_3b,Text-only,kinematics,abstract,model_qwen25_3b,False,,,True,False,Y = A + B + C
wandb_downloads_text_only/scientific-exploration-increase-text-only/artifacts/episode-text_only_resistors_abbrev_model_gemma3_4b-08_latest,text_only_resistors_abbrev_model_gemma3_4b,Text-only,resistors,abbrev,model_gemma3_4b,False,,,True,False,Rt = R1 + R2
wandb_downloads_text_only/scientific-exploration-increase-text-only/artifacts/episode-text_only_mass_abstract_model_qwen35_4b-09_latest,text_only_mass_abstract_model_qwen35_4b,Text-only,mass,abstract,model_qwen35_4b,False,,,True,False,Y = A * B
wandb_downloads_text_only/scientific-exploration-increase-text-only/artifacts/episode-text_only_beers_concrete_model_qwen35_9b-03_latest,text_only_beers_concrete_model_qwen35_9b,Text-only,beers,concrete,model_qwen35_9b,False,,,True,False,absorbance = molar_absorptivity * concentration * path_length
wandb_downloads_text_only/scientific-exploration-increase-text-only/artifacts/episode-text_only_ohm_concrete_model_qwen35_9b-08_latest,text_only_ohm_concrete_model_qwen35_9b,Text-only,ohm,concrete,model_qwen35_9b,False,,,True,False,voltage = current * resistance
wandb_downloads_text_only/scientific-exploration-increase-text-only/artifacts/episode-text_only_mass_abbrev_model_qwen35_9b-05_latest,text_only_mass_abbrev_model_qwen35_9b,Text-only,mass,abbrev,model_qwen35_9b,False,,,True,False,m = rho * V
wandb_downloads_text_only/scientific-exploration-increase-text-only/artifacts/episode-text_only_distance_concrete_model_llama31_8b-08_latest,text_only_distance_concrete_model_llama31_8b,Text-only,distance,concrete,model_llama31_8b,False,,,True,False,distance_1 + distance_2 + distance_3
wandb_downloads_text_only/scientific-exploration-increase-text-only/artifacts/episode-text_only_mass_abbrev_model_qwen25_3b-05_latest,text_only_mass_abbrev_model_qwen25_3b,Text-only,mass,abbrev,model_qwen25_3b,False,,,True,False,m = rho * V
wandb_downloads_text_only/scientific-exploration-increase-text-only/artifacts/episode-text_only_ohm_abstract_model_qwen35_9b-06_latest,text_only_ohm_abstract_model_qwen35_9b,Text-only,ohm,abstract,model_qwen35_9b,False,,,True,False,Y = A * B
wandb_downloads_text_only/scientific-exploration-increase-text-only/artifacts/episode-text_only_beers_abstract_model_mistral_7b-01_latest,text_only_beers_abstract_model_mistral_7b,Text-only,beers,abstract,model_mistral_7b,False,,,True,False,Y = k * C
wandb_downloads_text_only/scientific-exploration-increase-text-only/artifacts/episode-text_only_ohm_abstract_model_mistral_7b-05_latest,text_only_ohm_abstract_model_mistral_7b,Text-only,ohm,abstract,model_mistral_7b,True,2,"[json_decode] model output is not valid JSON (error: Expecting ',' delimiter at pos 373): '{\\n  ""reasoning"": ""Y is now 15.0, which is 3 times the value of B (5.0). Since A has no apparent relationshi",True,True,Y = A * B / 2
wandb_downloads_text_only/scientific-exploration-increase-text-only/artifacts/episode-text_only_beers_abstract_model_qwen25_3b-02_latest,text_only_beers_abstract_model_qwen25_3b,Text-only,beers,abstract,model_qwen25_3b,False,,,True,False,Y = 6A
wandb_downloads_text_only/scientific-exploration-increase-text-only/artifacts/episode-text_only_beers_concrete_model_gemma3_4b-01_latest,text_only_beers_concrete_model_gemma3_4b,Text-only,beers,concrete,model_gemma3_4b,False,,,True,False,absorbance = molar_absorptivity * concentration * path_length
wandb_downloads_text_only/scientific-exploration-increase-text-only/artifacts/episode-text_only_beers_abstract_model_llama31_8b-09_latest,text_only_beers_abstract_model_llama31_8b,Text-only,beers,abstract,model_llama31_8b,False,,,True,False,AB
