case_id,base_id,task_id,task_type,modality,chart_type,question,gold_answer,answer_type,parsed_answer,correct,numeric_error,raw_output,image_paths,states
seq_0000__read_last_target__text,seq_0000,read_last_target,value_at_step,text,none,What is the value of absorbance at step 4?,24.0,number,24,True,0.0,"```json
{""answer"": 24}
```",[],"[{""wavelength"": 650.0, ""concentration"": 1.0, ""path_length"": 1.0, ""absorbance"": 13.0}, {""wavelength"": 600.0, ""concentration"": 1.0, ""path_length"": 1.0, ""absorbance"": 12.0}, {""wavelength"": 600.0, ""concentration"": 2.0, ""path_length"": 1.0, ""absorbance"": 24.0}, {""wavelength"": 600.0, ""concentration"": 3.0, ""path_length"": 1.0, ""absorbance"": 36.0}, {""wavelength"": 600.0, ""concentration"": 2.0, ""path_length"": 1.0, ""absorbance"": 24.0}]"
seq_0000__read_last_target__bar,seq_0000,read_last_target,value_at_step,bar,bar,What is the value of absorbance at step 4?,24.0,number,1,False,23.0,"{""answer"": 1}","[""/results/yao314652/home/project/outputs/visual_benchmark/qwen25vl_7b_all_modalities/images/seq_0000__read_last_target__bar/bar/step_0000.png"", ""/results/yao314652/home/project/outputs/visual_benchmark/qwen25vl_7b_all_modalities/images/seq_0000__read_last_target__bar/bar/step_0001.png"", ""/results/yao314652/home/project/outputs/visual_benchmark/qwen25vl_7b_all_modalities/images/seq_0000__read_last_target__bar/bar/step_0002.png"", ""/results/yao314652/home/project/outputs/visual_benchmark/qwen25vl_7b_all_modalities/images/seq_0000__read_last_target__bar/bar/step_0003.png"", ""/results/yao314652/home/project/outputs/visual_benchmark/qwen25vl_7b_all_modalities/images/seq_0000__read_last_target__bar/bar/step_0004.png""]","[{""wavelength"": 650.0, ""concentration"": 1.0, ""path_length"": 1.0, ""absorbance"": 13.0}, {""wavelength"": 600.0, ""concentration"": 1.0, ""path_length"": 1.0, ""absorbance"": 12.0}, {""wavelength"": 600.0, ""concentration"": 2.0, ""path_length"": 1.0, ""absorbance"": 24.0}, {""wavelength"": 600.0, ""concentration"": 3.0, ""path_length"": 1.0, ""absorbance"": 36.0}, {""wavelength"": 600.0, ""concentration"": 2.0, ""path_length"": 1.0, ""absorbance"": 24.0}]"
seq_0000__read_last_target__line,seq_0000,read_last_target,value_at_step,line,line,What is the value of absorbance at step 4?,24.0,number,0.6,False,23.4,"{""answer"": 0.6}","[""/results/yao314652/home/project/outputs/visual_benchmark/qwen25vl_7b_all_modalities/images/seq_0000__read_last_target__line/line/seq_0000__read_last_target__line_step_0000.png"", ""/results/yao314652/home/project/outputs/visual_benchmark/qwen25vl_7b_all_modalities/images/seq_0000__read_last_target__line/line/seq_0000__read_last_target__line_step_0001.png"", ""/results/yao314652/home/project/outputs/visual_benchmark/qwen25vl_7b_all_modalities/images/seq_0000__read_last_target__line/line/seq_0000__read_last_target__line_step_0002.png"", ""/results/yao314652/home/project/outputs/visual_benchmark/qwen25vl_7b_all_modalities/images/seq_0000__read_last_target__line/line/seq_0000__read_last_target__line_step_0003.png"", ""/results/yao314652/home/project/outputs/visual_benchmark/qwen25vl_7b_all_modalities/images/seq_0000__read_last_target__line/line/seq_0000__read_last_target__line_step_0004.png""]","[{""wavelength"": 650.0, ""concentration"": 1.0, ""path_length"": 1.0, ""absorbance"": 13.0}, {""wavelength"": 600.0, ""concentration"": 1.0, ""path_length"": 1.0, ""absorbance"": 12.0}, {""wavelength"": 600.0, ""concentration"": 2.0, ""path_length"": 1.0, ""absorbance"": 24.0}, {""wavelength"": 600.0, ""concentration"": 3.0, ""path_length"": 1.0, ""absorbance"": 36.0}, {""wavelength"": 600.0, ""concentration"": 2.0, ""path_length"": 1.0, ""absorbance"": 24.0}]"
seq_0000__read_last_target__scatter,seq_0000,read_last_target,value_at_step,scatter,scatter,What is the value of absorbance at step 4?,24.0,number,0.2,False,23.8,"{""answer"": 0.2}","[""/results/yao314652/home/project/outputs/visual_benchmark/qwen25vl_7b_all_modalities/images/seq_0000__read_last_target__scatter/scatter/seq_0000__read_last_target__scatter_step_0000.png"", ""/results/yao314652/home/project/outputs/visual_benchmark/qwen25vl_7b_all_modalities/images/seq_0000__read_last_target__scatter/scatter/seq_0000__read_last_target__scatter_step_0001.png"", ""/results/yao314652/home/project/outputs/visual_benchmark/qwen25vl_7b_all_modalities/images/seq_0000__read_last_target__scatter/scatter/seq_0000__read_last_target__scatter_step_0002.png"", ""/results/yao314652/home/project/outputs/visual_benchmark/qwen25vl_7b_all_modalities/images/seq_0000__read_last_target__scatter/scatter/seq_0000__read_last_target__scatter_step_0003.png"", ""/results/yao314652/home/project/outputs/visual_benchmark/qwen25vl_7b_all_modalities/images/seq_0000__read_last_target__scatter/scatter/seq_0000__read_last_target__scatter_step_0004.png""]","[{""wavelength"": 650.0, ""concentration"": 1.0, ""path_length"": 1.0, ""absorbance"": 13.0}, {""wavelength"": 600.0, ""concentration"": 1.0, ""path_length"": 1.0, ""absorbance"": 12.0}, {""wavelength"": 600.0, ""concentration"": 2.0, ""path_length"": 1.0, ""absorbance"": 24.0}, {""wavelength"": 600.0, ""concentration"": 3.0, ""path_length"": 1.0, ""absorbance"": 36.0}, {""wavelength"": 600.0, ""concentration"": 2.0, ""path_length"": 1.0, ""absorbance"": 24.0}]"
seq_0000__read_last_target__simulation,seq_0000,read_last_target,value_at_step,simulation,simulation,What is the value of absorbance at step 4?,24.0,number,0.7,False,23.3,"{""answer"": 0.7}","[""/results/yao314652/home/project/outputs/visual_benchmark/qwen25vl_7b_all_modalities/images/seq_0000__read_last_target__simulation/simulation/step_0000.png"", ""/results/yao314652/home/project/outputs/visual_benchmark/qwen25vl_7b_all_modalities/images/seq_0000__read_last_target__simulation/simulation/step_0001.png"", ""/results/yao314652/home/project/outputs/visual_benchmark/qwen25vl_7b_all_modalities/images/seq_0000__read_last_target__simulation/simulation/step_0002.png"", ""/results/yao314652/home/project/outputs/visual_benchmark/qwen25vl_7b_all_modalities/images/seq_0000__read_last_target__simulation/simulation/step_0003.png"", ""/results/yao314652/home/project/outputs/visual_benchmark/qwen25vl_7b_all_modalities/images/seq_0000__read_last_target__simulation/simulation/step_0004.png""]","[{""wavelength"": 650.0, ""concentration"": 1.0, ""path_length"": 1.0, ""absorbance"": 13.0}, {""wavelength"": 600.0, ""concentration"": 1.0, ""path_length"": 1.0, ""absorbance"": 12.0}, {""wavelength"": 600.0, ""concentration"": 2.0, ""path_length"": 1.0, ""absorbance"": 24.0}, {""wavelength"": 600.0, ""concentration"": 3.0, ""path_length"": 1.0, ""absorbance"": 36.0}, {""wavelength"": 600.0, ""concentration"": 2.0, ""path_length"": 1.0, ""absorbance"": 24.0}]"
seq_0000__target_change_amount__text,seq_0000,target_change_amount,change_amount,text,none,By how much does absorbance change from step 0 to step 4?,11.0,number,-9,False,20.0,"{""answer"": -9}",[],"[{""wavelength"": 650.0, ""concentration"": 1.0, ""path_length"": 1.0, ""absorbance"": 13.0}, {""wavelength"": 600.0, ""concentration"": 1.0, ""path_length"": 1.0, ""absorbance"": 12.0}, {""wavelength"": 600.0, ""concentration"": 2.0, ""path_length"": 1.0, ""absorbance"": 24.0}, {""wavelength"": 600.0, ""concentration"": 3.0, ""path_length"": 1.0, ""absorbance"": 36.0}, {""wavelength"": 600.0, ""concentration"": 2.0, ""path_length"": 1.0, ""absorbance"": 24.0}]"
seq_0000__target_change_amount__bar,seq_0000,target_change_amount,change_amount,bar,bar,By how much does absorbance change from step 0 to step 4?,11.0,number,-0.39,False,11.39,"{""answer"": -0.39}","[""/results/yao314652/home/project/outputs/visual_benchmark/qwen25vl_7b_all_modalities/images/seq_0000__target_change_amount__bar/bar/step_0000.png"", ""/results/yao314652/home/project/outputs/visual_benchmark/qwen25vl_7b_all_modalities/images/seq_0000__target_change_amount__bar/bar/step_0001.png"", ""/results/yao314652/home/project/outputs/visual_benchmark/qwen25vl_7b_all_modalities/images/seq_0000__target_change_amount__bar/bar/step_0002.png"", ""/results/yao314652/home/project/outputs/visual_benchmark/qwen25vl_7b_all_modalities/images/seq_0000__target_change_amount__bar/bar/step_0003.png"", ""/results/yao314652/home/project/outputs/visual_benchmark/qwen25vl_7b_all_modalities/images/seq_0000__target_change_amount__bar/bar/step_0004.png""]","[{""wavelength"": 650.0, ""concentration"": 1.0, ""path_length"": 1.0, ""absorbance"": 13.0}, {""wavelength"": 600.0, ""concentration"": 1.0, ""path_length"": 1.0, ""absorbance"": 12.0}, {""wavelength"": 600.0, ""concentration"": 2.0, ""path_length"": 1.0, ""absorbance"": 24.0}, {""wavelength"": 600.0, ""concentration"": 3.0, ""path_length"": 1.0, ""absorbance"": 36.0}, {""wavelength"": 600.0, ""concentration"": 2.0, ""path_length"": 1.0, ""absorbance"": 24.0}]"
seq_0000__target_change_amount__line,seq_0000,target_change_amount,change_amount,line,line,By how much does absorbance change from step 0 to step 4?,11.0,number,-2,False,13.0,"{""answer"": -2}","[""/results/yao314652/home/project/outputs/visual_benchmark/qwen25vl_7b_all_modalities/images/seq_0000__target_change_amount__line/line/seq_0000__target_change_amount__line_step_0000.png"", ""/results/yao314652/home/project/outputs/visual_benchmark/qwen25vl_7b_all_modalities/images/seq_0000__target_change_amount__line/line/seq_0000__target_change_amount__line_step_0001.png"", ""/results/yao314652/home/project/outputs/visual_benchmark/qwen25vl_7b_all_modalities/images/seq_0000__target_change_amount__line/line/seq_0000__target_change_amount__line_step_0002.png"", ""/results/yao314652/home/project/outputs/visual_benchmark/qwen25vl_7b_all_modalities/images/seq_0000__target_change_amount__line/line/seq_0000__target_change_amount__line_step_0003.png"", ""/results/yao314652/home/project/outputs/visual_benchmark/qwen25vl_7b_all_modalities/images/seq_0000__target_change_amount__line/line/seq_0000__target_change_amount__line_step_0004.png""]","[{""wavelength"": 650.0, ""concentration"": 1.0, ""path_length"": 1.0, ""absorbance"": 13.0}, {""wavelength"": 600.0, ""concentration"": 1.0, ""path_length"": 1.0, ""absorbance"": 12.0}, {""wavelength"": 600.0, ""concentration"": 2.0, ""path_length"": 1.0, ""absorbance"": 24.0}, {""wavelength"": 600.0, ""concentration"": 3.0, ""path_length"": 1.0, ""absorbance"": 36.0}, {""wavelength"": 600.0, ""concentration"": 2.0, ""path_length"": 1.0, ""absorbance"": 24.0}]"
seq_0000__target_change_amount__scatter,seq_0000,target_change_amount,change_amount,scatter,scatter,By how much does absorbance change from step 0 to step 4?,11.0,number,-0.16,False,11.16,"{""answer"": -0.16}","[""/results/yao314652/home/project/outputs/visual_benchmark/qwen25vl_7b_all_modalities/images/seq_0000__target_change_amount__scatter/scatter/seq_0000__target_change_amount__scatter_step_0000.png"", ""/results/yao314652/home/project/outputs/visual_benchmark/qwen25vl_7b_all_modalities/images/seq_0000__target_change_amount__scatter/scatter/seq_0000__target_change_amount__scatter_step_0001.png"", ""/results/yao314652/home/project/outputs/visual_benchmark/qwen25vl_7b_all_modalities/images/seq_0000__target_change_amount__scatter/scatter/seq_0000__target_change_amount__scatter_step_0002.png"", ""/results/yao314652/home/project/outputs/visual_benchmark/qwen25vl_7b_all_modalities/images/seq_0000__target_change_amount__scatter/scatter/seq_0000__target_change_amount__scatter_step_0003.png"", ""/results/yao314652/home/project/outputs/visual_benchmark/qwen25vl_7b_all_modalities/images/seq_0000__target_change_amount__scatter/scatter/seq_0000__target_change_amount__scatter_step_0004.png""]","[{""wavelength"": 650.0, ""concentration"": 1.0, ""path_length"": 1.0, ""absorbance"": 13.0}, {""wavelength"": 600.0, ""concentration"": 1.0, ""path_length"": 1.0, ""absorbance"": 12.0}, {""wavelength"": 600.0, ""concentration"": 2.0, ""path_length"": 1.0, ""absorbance"": 24.0}, {""wavelength"": 600.0, ""concentration"": 3.0, ""path_length"": 1.0, ""absorbance"": 36.0}, {""wavelength"": 600.0, ""concentration"": 2.0, ""path_length"": 1.0, ""absorbance"": 24.0}]"
seq_0000__target_change_amount__simulation,seq_0000,target_change_amount,change_amount,simulation,simulation,By how much does absorbance change from step 0 to step 4?,11.0,number,1,False,10.0,"{""answer"": 1}","[""/results/yao314652/home/project/outputs/visual_benchmark/qwen25vl_7b_all_modalities/images/seq_0000__target_change_amount__simulation/simulation/step_0000.png"", ""/results/yao314652/home/project/outputs/visual_benchmark/qwen25vl_7b_all_modalities/images/seq_0000__target_change_amount__simulation/simulation/step_0001.png"", ""/results/yao314652/home/project/outputs/visual_benchmark/qwen25vl_7b_all_modalities/images/seq_0000__target_change_amount__simulation/simulation/step_0002.png"", ""/results/yao314652/home/project/outputs/visual_benchmark/qwen25vl_7b_all_modalities/images/seq_0000__target_change_amount__simulation/simulation/step_0003.png"", ""/results/yao314652/home/project/outputs/visual_benchmark/qwen25vl_7b_all_modalities/images/seq_0000__target_change_amount__simulation/simulation/step_0004.png""]","[{""wavelength"": 650.0, ""concentration"": 1.0, ""path_length"": 1.0, ""absorbance"": 13.0}, {""wavelength"": 600.0, ""concentration"": 1.0, ""path_length"": 1.0, ""absorbance"": 12.0}, {""wavelength"": 600.0, ""concentration"": 2.0, ""path_length"": 1.0, ""absorbance"": 24.0}, {""wavelength"": 600.0, ""concentration"": 3.0, ""path_length"": 1.0, ""absorbance"": 36.0}, {""wavelength"": 600.0, ""concentration"": 2.0, ""path_length"": 1.0, ""absorbance"": 24.0}]"
seq_0000__target_change_direction__text,seq_0000,target_change_direction,change_direction,text,none,"Does absorbance increase, decrease, or stay the same from step 0 to step 4?",increase,category,decrease,False,,"{
  ""answer"": ""decrease""
}",[],"[{""wavelength"": 650.0, ""concentration"": 1.0, ""path_length"": 1.0, ""absorbance"": 13.0}, {""wavelength"": 600.0, ""concentration"": 1.0, ""path_length"": 1.0, ""absorbance"": 12.0}, {""wavelength"": 600.0, ""concentration"": 2.0, ""path_length"": 1.0, ""absorbance"": 24.0}, {""wavelength"": 600.0, ""concentration"": 3.0, ""path_length"": 1.0, ""absorbance"": 36.0}, {""wavelength"": 600.0, ""concentration"": 2.0, ""path_length"": 1.0, ""absorbance"": 24.0}]"
seq_0000__target_change_direction__bar,seq_0000,target_change_direction,change_direction,bar,bar,"Does absorbance increase, decrease, or stay the same from step 0 to step 4?",increase,category,decrease,False,,"{""answer"": ""decrease""}","[""/results/yao314652/home/project/outputs/visual_benchmark/qwen25vl_7b_all_modalities/images/seq_0000__target_change_direction__bar/bar/step_0000.png"", ""/results/yao314652/home/project/outputs/visual_benchmark/qwen25vl_7b_all_modalities/images/seq_0000__target_change_direction__bar/bar/step_0001.png"", ""/results/yao314652/home/project/outputs/visual_benchmark/qwen25vl_7b_all_modalities/images/seq_0000__target_change_direction__bar/bar/step_0002.png"", ""/results/yao314652/home/project/outputs/visual_benchmark/qwen25vl_7b_all_modalities/images/seq_0000__target_change_direction__bar/bar/step_0003.png"", ""/results/yao314652/home/project/outputs/visual_benchmark/qwen25vl_7b_all_modalities/images/seq_0000__target_change_direction__bar/bar/step_0004.png""]","[{""wavelength"": 650.0, ""concentration"": 1.0, ""path_length"": 1.0, ""absorbance"": 13.0}, {""wavelength"": 600.0, ""concentration"": 1.0, ""path_length"": 1.0, ""absorbance"": 12.0}, {""wavelength"": 600.0, ""concentration"": 2.0, ""path_length"": 1.0, ""absorbance"": 24.0}, {""wavelength"": 600.0, ""concentration"": 3.0, ""path_length"": 1.0, ""absorbance"": 36.0}, {""wavelength"": 600.0, ""concentration"": 2.0, ""path_length"": 1.0, ""absorbance"": 24.0}]"
seq_0000__target_change_direction__line,seq_0000,target_change_direction,change_direction,line,line,"Does absorbance increase, decrease, or stay the same from step 0 to step 4?",increase,category,decrease,False,,"{""answer"": ""decrease""}","[""/results/yao314652/home/project/outputs/visual_benchmark/qwen25vl_7b_all_modalities/images/seq_0000__target_change_direction__line/line/seq_0000__target_change_direction__line_step_0000.png"", ""/results/yao314652/home/project/outputs/visual_benchmark/qwen25vl_7b_all_modalities/images/seq_0000__target_change_direction__line/line/seq_0000__target_change_direction__line_step_0001.png"", ""/results/yao314652/home/project/outputs/visual_benchmark/qwen25vl_7b_all_modalities/images/seq_0000__target_change_direction__line/line/seq_0000__target_change_direction__line_step_0002.png"", ""/results/yao314652/home/project/outputs/visual_benchmark/qwen25vl_7b_all_modalities/images/seq_0000__target_change_direction__line/line/seq_0000__target_change_direction__line_step_0003.png"", ""/results/yao314652/home/project/outputs/visual_benchmark/qwen25vl_7b_all_modalities/images/seq_0000__target_change_direction__line/line/seq_0000__target_change_direction__line_step_0004.png""]","[{""wavelength"": 650.0, ""concentration"": 1.0, ""path_length"": 1.0, ""absorbance"": 13.0}, {""wavelength"": 600.0, ""concentration"": 1.0, ""path_length"": 1.0, ""absorbance"": 12.0}, {""wavelength"": 600.0, ""concentration"": 2.0, ""path_length"": 1.0, ""absorbance"": 24.0}, {""wavelength"": 600.0, ""concentration"": 3.0, ""path_length"": 1.0, ""absorbance"": 36.0}, {""wavelength"": 600.0, ""concentration"": 2.0, ""path_length"": 1.0, ""absorbance"": 24.0}]"
seq_0000__target_change_direction__scatter,seq_0000,target_change_direction,change_direction,scatter,scatter,"Does absorbance increase, decrease, or stay the same from step 0 to step 4?",increase,category,increase,True,,"{""answer"": ""increase""}","[""/results/yao314652/home/project/outputs/visual_benchmark/qwen25vl_7b_all_modalities/images/seq_0000__target_change_direction__scatter/scatter/seq_0000__target_change_direction__scatter_step_0000.png"", ""/results/yao314652/home/project/outputs/visual_benchmark/qwen25vl_7b_all_modalities/images/seq_0000__target_change_direction__scatter/scatter/seq_0000__target_change_direction__scatter_step_0001.png"", ""/results/yao314652/home/project/outputs/visual_benchmark/qwen25vl_7b_all_modalities/images/seq_0000__target_change_direction__scatter/scatter/seq_0000__target_change_direction__scatter_step_0002.png"", ""/results/yao314652/home/project/outputs/visual_benchmark/qwen25vl_7b_all_modalities/images/seq_0000__target_change_direction__scatter/scatter/seq_0000__target_change_direction__scatter_step_0003.png"", ""/results/yao314652/home/project/outputs/visual_benchmark/qwen25vl_7b_all_modalities/images/seq_0000__target_change_direction__scatter/scatter/seq_0000__target_change_direction__scatter_step_0004.png""]","[{""wavelength"": 650.0, ""concentration"": 1.0, ""path_length"": 1.0, ""absorbance"": 13.0}, {""wavelength"": 600.0, ""concentration"": 1.0, ""path_length"": 1.0, ""absorbance"": 12.0}, {""wavelength"": 600.0, ""concentration"": 2.0, ""path_length"": 1.0, ""absorbance"": 24.0}, {""wavelength"": 600.0, ""concentration"": 3.0, ""path_length"": 1.0, ""absorbance"": 36.0}, {""wavelength"": 600.0, ""concentration"": 2.0, ""path_length"": 1.0, ""absorbance"": 24.0}]"
seq_0000__target_change_direction__simulation,seq_0000,target_change_direction,change_direction,simulation,simulation,"Does absorbance increase, decrease, or stay the same from step 0 to step 4?",increase,category,increase,True,,"{""answer"": ""increase""}","[""/results/yao314652/home/project/outputs/visual_benchmark/qwen25vl_7b_all_modalities/images/seq_0000__target_change_direction__simulation/simulation/step_0000.png"", ""/results/yao314652/home/project/outputs/visual_benchmark/qwen25vl_7b_all_modalities/images/seq_0000__target_change_direction__simulation/simulation/step_0001.png"", ""/results/yao314652/home/project/outputs/visual_benchmark/qwen25vl_7b_all_modalities/images/seq_0000__target_change_direction__simulation/simulation/step_0002.png"", ""/results/yao314652/home/project/outputs/visual_benchmark/qwen25vl_7b_all_modalities/images/seq_0000__target_change_direction__simulation/simulation/step_0003.png"", ""/results/yao314652/home/project/outputs/visual_benchmark/qwen25vl_7b_all_modalities/images/seq_0000__target_change_direction__simulation/simulation/step_0004.png""]","[{""wavelength"": 650.0, ""concentration"": 1.0, ""path_length"": 1.0, ""absorbance"": 13.0}, {""wavelength"": 600.0, ""concentration"": 1.0, ""path_length"": 1.0, ""absorbance"": 12.0}, {""wavelength"": 600.0, ""concentration"": 2.0, ""path_length"": 1.0, ""absorbance"": 24.0}, {""wavelength"": 600.0, ""concentration"": 3.0, ""path_length"": 1.0, ""absorbance"": 36.0}, {""wavelength"": 600.0, ""concentration"": 2.0, ""path_length"": 1.0, ""absorbance"": 24.0}]"
seq_0000__changed_variable_0_to_1__text,seq_0000,changed_variable_0_to_1,changed_variable,text,none,Which input variable changed from step 0 to step 1?,wavelength,category,wavelength,True,,"{
  ""answer"": ""wavelength""
}",[],"[{""wavelength"": 650.0, ""concentration"": 1.0, ""path_length"": 1.0, ""absorbance"": 13.0}, {""wavelength"": 600.0, ""concentration"": 1.0, ""path_length"": 1.0, ""absorbance"": 12.0}, {""wavelength"": 600.0, ""concentration"": 2.0, ""path_length"": 1.0, ""absorbance"": 24.0}, {""wavelength"": 600.0, ""concentration"": 3.0, ""path_length"": 1.0, ""absorbance"": 36.0}, {""wavelength"": 600.0, ""concentration"": 2.0, ""path_length"": 1.0, ""absorbance"": 24.0}]"
seq_0000__changed_variable_0_to_1__bar,seq_0000,changed_variable_0_to_1,changed_variable,bar,bar,Which input variable changed from step 0 to step 1?,wavelength,category,same,False,,same,"[""/results/yao314652/home/project/outputs/visual_benchmark/qwen25vl_7b_all_modalities/images/seq_0000__changed_variable_0_to_1__bar/bar/step_0000.png"", ""/results/yao314652/home/project/outputs/visual_benchmark/qwen25vl_7b_all_modalities/images/seq_0000__changed_variable_0_to_1__bar/bar/step_0001.png"", ""/results/yao314652/home/project/outputs/visual_benchmark/qwen25vl_7b_all_modalities/images/seq_0000__changed_variable_0_to_1__bar/bar/step_0002.png"", ""/results/yao314652/home/project/outputs/visual_benchmark/qwen25vl_7b_all_modalities/images/seq_0000__changed_variable_0_to_1__bar/bar/step_0003.png"", ""/results/yao314652/home/project/outputs/visual_benchmark/qwen25vl_7b_all_modalities/images/seq_0000__changed_variable_0_to_1__bar/bar/step_0004.png""]","[{""wavelength"": 650.0, ""concentration"": 1.0, ""path_length"": 1.0, ""absorbance"": 13.0}, {""wavelength"": 600.0, ""concentration"": 1.0, ""path_length"": 1.0, ""absorbance"": 12.0}, {""wavelength"": 600.0, ""concentration"": 2.0, ""path_length"": 1.0, ""absorbance"": 24.0}, {""wavelength"": 600.0, ""concentration"": 3.0, ""path_length"": 1.0, ""absorbance"": 36.0}, {""wavelength"": 600.0, ""concentration"": 2.0, ""path_length"": 1.0, ""absorbance"": 24.0}]"
seq_0000__changed_variable_0_to_1__line,seq_0000,changed_variable_0_to_1,changed_variable,line,line,Which input variable changed from step 0 to step 1?,wavelength,category,increase,False,,"{""answer"": ""increase""}","[""/results/yao314652/home/project/outputs/visual_benchmark/qwen25vl_7b_all_modalities/images/seq_0000__changed_variable_0_to_1__line/line/seq_0000__changed_variable_0_to_1__line_step_0000.png"", ""/results/yao314652/home/project/outputs/visual_benchmark/qwen25vl_7b_all_modalities/images/seq_0000__changed_variable_0_to_1__line/line/seq_0000__changed_variable_0_to_1__line_step_0001.png"", ""/results/yao314652/home/project/outputs/visual_benchmark/qwen25vl_7b_all_modalities/images/seq_0000__changed_variable_0_to_1__line/line/seq_0000__changed_variable_0_to_1__line_step_0002.png"", ""/results/yao314652/home/project/outputs/visual_benchmark/qwen25vl_7b_all_modalities/images/seq_0000__changed_variable_0_to_1__line/line/seq_0000__changed_variable_0_to_1__line_step_0003.png"", ""/results/yao314652/home/project/outputs/visual_benchmark/qwen25vl_7b_all_modalities/images/seq_0000__changed_variable_0_to_1__line/line/seq_0000__changed_variable_0_to_1__line_step_0004.png""]","[{""wavelength"": 650.0, ""concentration"": 1.0, ""path_length"": 1.0, ""absorbance"": 13.0}, {""wavelength"": 600.0, ""concentration"": 1.0, ""path_length"": 1.0, ""absorbance"": 12.0}, {""wavelength"": 600.0, ""concentration"": 2.0, ""path_length"": 1.0, ""absorbance"": 24.0}, {""wavelength"": 600.0, ""concentration"": 3.0, ""path_length"": 1.0, ""absorbance"": 36.0}, {""wavelength"": 600.0, ""concentration"": 2.0, ""path_length"": 1.0, ""absorbance"": 24.0}]"
seq_0000__changed_variable_0_to_1__scatter,seq_0000,changed_variable_0_to_1,changed_variable,scatter,scatter,Which input variable changed from step 0 to step 1?,wavelength,category,x,False,,"{""answer"": ""x""}","[""/results/yao314652/home/project/outputs/visual_benchmark/qwen25vl_7b_all_modalities/images/seq_0000__changed_variable_0_to_1__scatter/scatter/seq_0000__changed_variable_0_to_1__scatter_step_0000.png"", ""/results/yao314652/home/project/outputs/visual_benchmark/qwen25vl_7b_all_modalities/images/seq_0000__changed_variable_0_to_1__scatter/scatter/seq_0000__changed_variable_0_to_1__scatter_step_0001.png"", ""/results/yao314652/home/project/outputs/visual_benchmark/qwen25vl_7b_all_modalities/images/seq_0000__changed_variable_0_to_1__scatter/scatter/seq_0000__changed_variable_0_to_1__scatter_step_0002.png"", ""/results/yao314652/home/project/outputs/visual_benchmark/qwen25vl_7b_all_modalities/images/seq_0000__changed_variable_0_to_1__scatter/scatter/seq_0000__changed_variable_0_to_1__scatter_step_0003.png"", ""/results/yao314652/home/project/outputs/visual_benchmark/qwen25vl_7b_all_modalities/images/seq_0000__changed_variable_0_to_1__scatter/scatter/seq_0000__changed_variable_0_to_1__scatter_step_0004.png""]","[{""wavelength"": 650.0, ""concentration"": 1.0, ""path_length"": 1.0, ""absorbance"": 13.0}, {""wavelength"": 600.0, ""concentration"": 1.0, ""path_length"": 1.0, ""absorbance"": 12.0}, {""wavelength"": 600.0, ""concentration"": 2.0, ""path_length"": 1.0, ""absorbance"": 24.0}, {""wavelength"": 600.0, ""concentration"": 3.0, ""path_length"": 1.0, ""absorbance"": 36.0}, {""wavelength"": 600.0, ""concentration"": 2.0, ""path_length"": 1.0, ""absorbance"": 24.0}]"
seq_0000__changed_variable_0_to_1__simulation,seq_0000,changed_variable_0_to_1,changed_variable,simulation,simulation,Which input variable changed from step 0 to step 1?,wavelength,category,input1,False,,input1,"[""/results/yao314652/home/project/outputs/visual_benchmark/qwen25vl_7b_all_modalities/images/seq_0000__changed_variable_0_to_1__simulation/simulation/step_0000.png"", ""/results/yao314652/home/project/outputs/visual_benchmark/qwen25vl_7b_all_modalities/images/seq_0000__changed_variable_0_to_1__simulation/simulation/step_0001.png"", ""/results/yao314652/home/project/outputs/visual_benchmark/qwen25vl_7b_all_modalities/images/seq_0000__changed_variable_0_to_1__simulation/simulation/step_0002.png"", ""/results/yao314652/home/project/outputs/visual_benchmark/qwen25vl_7b_all_modalities/images/seq_0000__changed_variable_0_to_1__simulation/simulation/step_0003.png"", ""/results/yao314652/home/project/outputs/visual_benchmark/qwen25vl_7b_all_modalities/images/seq_0000__changed_variable_0_to_1__simulation/simulation/step_0004.png""]","[{""wavelength"": 650.0, ""concentration"": 1.0, ""path_length"": 1.0, ""absorbance"": 13.0}, {""wavelength"": 600.0, ""concentration"": 1.0, ""path_length"": 1.0, ""absorbance"": 12.0}, {""wavelength"": 600.0, ""concentration"": 2.0, ""path_length"": 1.0, ""absorbance"": 24.0}, {""wavelength"": 600.0, ""concentration"": 3.0, ""path_length"": 1.0, ""absorbance"": 36.0}, {""wavelength"": 600.0, ""concentration"": 2.0, ""path_length"": 1.0, ""absorbance"": 24.0}]"
seq_0000__max_target_step__text,seq_0000,max_target_step,max_step,text,none,At which step is absorbance the highest?,3,step,3,True,,"```json
{""answer"": 3}
```",[],"[{""wavelength"": 650.0, ""concentration"": 1.0, ""path_length"": 1.0, ""absorbance"": 13.0}, {""wavelength"": 600.0, ""concentration"": 1.0, ""path_length"": 1.0, ""absorbance"": 12.0}, {""wavelength"": 600.0, ""concentration"": 2.0, ""path_length"": 1.0, ""absorbance"": 24.0}, {""wavelength"": 600.0, ""concentration"": 3.0, ""path_length"": 1.0, ""absorbance"": 36.0}, {""wavelength"": 600.0, ""concentration"": 2.0, ""path_length"": 1.0, ""absorbance"": 24.0}]"
seq_0000__max_target_step__bar,seq_0000,max_target_step,max_step,bar,bar,At which step is absorbance the highest?,3,step,1,False,,"{""answer"": 1}","[""/results/yao314652/home/project/outputs/visual_benchmark/qwen25vl_7b_all_modalities/images/seq_0000__max_target_step__bar/bar/step_0000.png"", ""/results/yao314652/home/project/outputs/visual_benchmark/qwen25vl_7b_all_modalities/images/seq_0000__max_target_step__bar/bar/step_0001.png"", ""/results/yao314652/home/project/outputs/visual_benchmark/qwen25vl_7b_all_modalities/images/seq_0000__max_target_step__bar/bar/step_0002.png"", ""/results/yao314652/home/project/outputs/visual_benchmark/qwen25vl_7b_all_modalities/images/seq_0000__max_target_step__bar/bar/step_0003.png"", ""/results/yao314652/home/project/outputs/visual_benchmark/qwen25vl_7b_all_modalities/images/seq_0000__max_target_step__bar/bar/step_0004.png""]","[{""wavelength"": 650.0, ""concentration"": 1.0, ""path_length"": 1.0, ""absorbance"": 13.0}, {""wavelength"": 600.0, ""concentration"": 1.0, ""path_length"": 1.0, ""absorbance"": 12.0}, {""wavelength"": 600.0, ""concentration"": 2.0, ""path_length"": 1.0, ""absorbance"": 24.0}, {""wavelength"": 600.0, ""concentration"": 3.0, ""path_length"": 1.0, ""absorbance"": 36.0}, {""wavelength"": 600.0, ""concentration"": 2.0, ""path_length"": 1.0, ""absorbance"": 24.0}]"
seq_0000__max_target_step__line,seq_0000,max_target_step,max_step,line,line,At which step is absorbance the highest?,3,step,1,False,,"{""answer"": 1}","[""/results/yao314652/home/project/outputs/visual_benchmark/qwen25vl_7b_all_modalities/images/seq_0000__max_target_step__line/line/seq_0000__max_target_step__line_step_0000.png"", ""/results/yao314652/home/project/outputs/visual_benchmark/qwen25vl_7b_all_modalities/images/seq_0000__max_target_step__line/line/seq_0000__max_target_step__line_step_0001.png"", ""/results/yao314652/home/project/outputs/visual_benchmark/qwen25vl_7b_all_modalities/images/seq_0000__max_target_step__line/line/seq_0000__max_target_step__line_step_0002.png"", ""/results/yao314652/home/project/outputs/visual_benchmark/qwen25vl_7b_all_modalities/images/seq_0000__max_target_step__line/line/seq_0000__max_target_step__line_step_0003.png"", ""/results/yao314652/home/project/outputs/visual_benchmark/qwen25vl_7b_all_modalities/images/seq_0000__max_target_step__line/line/seq_0000__max_target_step__line_step_0004.png""]","[{""wavelength"": 650.0, ""concentration"": 1.0, ""path_length"": 1.0, ""absorbance"": 13.0}, {""wavelength"": 600.0, ""concentration"": 1.0, ""path_length"": 1.0, ""absorbance"": 12.0}, {""wavelength"": 600.0, ""concentration"": 2.0, ""path_length"": 1.0, ""absorbance"": 24.0}, {""wavelength"": 600.0, ""concentration"": 3.0, ""path_length"": 1.0, ""absorbance"": 36.0}, {""wavelength"": 600.0, ""concentration"": 2.0, ""path_length"": 1.0, ""absorbance"": 24.0}]"
seq_0000__max_target_step__scatter,seq_0000,max_target_step,max_step,scatter,scatter,At which step is absorbance the highest?,3,step,4,False,,"{""answer"": 4}","[""/results/yao314652/home/project/outputs/visual_benchmark/qwen25vl_7b_all_modalities/images/seq_0000__max_target_step__scatter/scatter/seq_0000__max_target_step__scatter_step_0000.png"", ""/results/yao314652/home/project/outputs/visual_benchmark/qwen25vl_7b_all_modalities/images/seq_0000__max_target_step__scatter/scatter/seq_0000__max_target_step__scatter_step_0001.png"", ""/results/yao314652/home/project/outputs/visual_benchmark/qwen25vl_7b_all_modalities/images/seq_0000__max_target_step__scatter/scatter/seq_0000__max_target_step__scatter_step_0002.png"", ""/results/yao314652/home/project/outputs/visual_benchmark/qwen25vl_7b_all_modalities/images/seq_0000__max_target_step__scatter/scatter/seq_0000__max_target_step__scatter_step_0003.png"", ""/results/yao314652/home/project/outputs/visual_benchmark/qwen25vl_7b_all_modalities/images/seq_0000__max_target_step__scatter/scatter/seq_0000__max_target_step__scatter_step_0004.png""]","[{""wavelength"": 650.0, ""concentration"": 1.0, ""path_length"": 1.0, ""absorbance"": 13.0}, {""wavelength"": 600.0, ""concentration"": 1.0, ""path_length"": 1.0, ""absorbance"": 12.0}, {""wavelength"": 600.0, ""concentration"": 2.0, ""path_length"": 1.0, ""absorbance"": 24.0}, {""wavelength"": 600.0, ""concentration"": 3.0, ""path_length"": 1.0, ""absorbance"": 36.0}, {""wavelength"": 600.0, ""concentration"": 2.0, ""path_length"": 1.0, ""absorbance"": 24.0}]"
seq_0000__max_target_step__simulation,seq_0000,max_target_step,max_step,simulation,simulation,At which step is absorbance the highest?,3,step,3,True,,"{""answer"": 3}","[""/results/yao314652/home/project/outputs/visual_benchmark/qwen25vl_7b_all_modalities/images/seq_0000__max_target_step__simulation/simulation/step_0000.png"", ""/results/yao314652/home/project/outputs/visual_benchmark/qwen25vl_7b_all_modalities/images/seq_0000__max_target_step__simulation/simulation/step_0001.png"", ""/results/yao314652/home/project/outputs/visual_benchmark/qwen25vl_7b_all_modalities/images/seq_0000__max_target_step__simulation/simulation/step_0002.png"", ""/results/yao314652/home/project/outputs/visual_benchmark/qwen25vl_7b_all_modalities/images/seq_0000__max_target_step__simulation/simulation/step_0003.png"", ""/results/yao314652/home/project/outputs/visual_benchmark/qwen25vl_7b_all_modalities/images/seq_0000__max_target_step__simulation/simulation/step_0004.png""]","[{""wavelength"": 650.0, ""concentration"": 1.0, ""path_length"": 1.0, ""absorbance"": 13.0}, {""wavelength"": 600.0, ""concentration"": 1.0, ""path_length"": 1.0, ""absorbance"": 12.0}, {""wavelength"": 600.0, ""concentration"": 2.0, ""path_length"": 1.0, ""absorbance"": 24.0}, {""wavelength"": 600.0, ""concentration"": 3.0, ""path_length"": 1.0, ""absorbance"": 36.0}, {""wavelength"": 600.0, ""concentration"": 2.0, ""path_length"": 1.0, ""absorbance"": 24.0}]"
seq_0000__largest_target_drop_step__text,seq_0000,largest_target_drop_step,largest_drop_step,text,none,"At which step does absorbance show the largest drop compared with the previous step? If it never drops, answer none.",4,step_or_none,3,False,,"```json
{""answer"": 3}
```",[],"[{""wavelength"": 650.0, ""concentration"": 1.0, ""path_length"": 1.0, ""absorbance"": 13.0}, {""wavelength"": 600.0, ""concentration"": 1.0, ""path_length"": 1.0, ""absorbance"": 12.0}, {""wavelength"": 600.0, ""concentration"": 2.0, ""path_length"": 1.0, ""absorbance"": 24.0}, {""wavelength"": 600.0, ""concentration"": 3.0, ""path_length"": 1.0, ""absorbance"": 36.0}, {""wavelength"": 600.0, ""concentration"": 2.0, ""path_length"": 1.0, ""absorbance"": 24.0}]"
seq_0000__largest_target_drop_step__bar,seq_0000,largest_target_drop_step,largest_drop_step,bar,bar,"At which step does absorbance show the largest drop compared with the previous step? If it never drops, answer none.",4,step_or_none,3,False,,"{""answer"": ""3""}","[""/results/yao314652/home/project/outputs/visual_benchmark/qwen25vl_7b_all_modalities/images/seq_0000__largest_target_drop_step__bar/bar/step_0000.png"", ""/results/yao314652/home/project/outputs/visual_benchmark/qwen25vl_7b_all_modalities/images/seq_0000__largest_target_drop_step__bar/bar/step_0001.png"", ""/results/yao314652/home/project/outputs/visual_benchmark/qwen25vl_7b_all_modalities/images/seq_0000__largest_target_drop_step__bar/bar/step_0002.png"", ""/results/yao314652/home/project/outputs/visual_benchmark/qwen25vl_7b_all_modalities/images/seq_0000__largest_target_drop_step__bar/bar/step_0003.png"", ""/results/yao314652/home/project/outputs/visual_benchmark/qwen25vl_7b_all_modalities/images/seq_0000__largest_target_drop_step__bar/bar/step_0004.png""]","[{""wavelength"": 650.0, ""concentration"": 1.0, ""path_length"": 1.0, ""absorbance"": 13.0}, {""wavelength"": 600.0, ""concentration"": 1.0, ""path_length"": 1.0, ""absorbance"": 12.0}, {""wavelength"": 600.0, ""concentration"": 2.0, ""path_length"": 1.0, ""absorbance"": 24.0}, {""wavelength"": 600.0, ""concentration"": 3.0, ""path_length"": 1.0, ""absorbance"": 36.0}, {""wavelength"": 600.0, ""concentration"": 2.0, ""path_length"": 1.0, ""absorbance"": 24.0}]"
seq_0000__largest_target_drop_step__line,seq_0000,largest_target_drop_step,largest_drop_step,line,line,"At which step does absorbance show the largest drop compared with the previous step? If it never drops, answer none.",4,step_or_none,4,True,,"{""answer"": 4}","[""/results/yao314652/home/project/outputs/visual_benchmark/qwen25vl_7b_all_modalities/images/seq_0000__largest_target_drop_step__line/line/seq_0000__largest_target_drop_step__line_step_0000.png"", ""/results/yao314652/home/project/outputs/visual_benchmark/qwen25vl_7b_all_modalities/images/seq_0000__largest_target_drop_step__line/line/seq_0000__largest_target_drop_step__line_step_0001.png"", ""/results/yao314652/home/project/outputs/visual_benchmark/qwen25vl_7b_all_modalities/images/seq_0000__largest_target_drop_step__line/line/seq_0000__largest_target_drop_step__line_step_0002.png"", ""/results/yao314652/home/project/outputs/visual_benchmark/qwen25vl_7b_all_modalities/images/seq_0000__largest_target_drop_step__line/line/seq_0000__largest_target_drop_step__line_step_0003.png"", ""/results/yao314652/home/project/outputs/visual_benchmark/qwen25vl_7b_all_modalities/images/seq_0000__largest_target_drop_step__line/line/seq_0000__largest_target_drop_step__line_step_0004.png""]","[{""wavelength"": 650.0, ""concentration"": 1.0, ""path_length"": 1.0, ""absorbance"": 13.0}, {""wavelength"": 600.0, ""concentration"": 1.0, ""path_length"": 1.0, ""absorbance"": 12.0}, {""wavelength"": 600.0, ""concentration"": 2.0, ""path_length"": 1.0, ""absorbance"": 24.0}, {""wavelength"": 600.0, ""concentration"": 3.0, ""path_length"": 1.0, ""absorbance"": 36.0}, {""wavelength"": 600.0, ""concentration"": 2.0, ""path_length"": 1.0, ""absorbance"": 24.0}]"
seq_0000__largest_target_drop_step__scatter,seq_0000,largest_target_drop_step,largest_drop_step,scatter,scatter,"At which step does absorbance show the largest drop compared with the previous step? If it never drops, answer none.",4,step_or_none,4,True,,"{""answer"": 4}","[""/results/yao314652/home/project/outputs/visual_benchmark/qwen25vl_7b_all_modalities/images/seq_0000__largest_target_drop_step__scatter/scatter/seq_0000__largest_target_drop_step__scatter_step_0000.png"", ""/results/yao314652/home/project/outputs/visual_benchmark/qwen25vl_7b_all_modalities/images/seq_0000__largest_target_drop_step__scatter/scatter/seq_0000__largest_target_drop_step__scatter_step_0001.png"", ""/results/yao314652/home/project/outputs/visual_benchmark/qwen25vl_7b_all_modalities/images/seq_0000__largest_target_drop_step__scatter/scatter/seq_0000__largest_target_drop_step__scatter_step_0002.png"", ""/results/yao314652/home/project/outputs/visual_benchmark/qwen25vl_7b_all_modalities/images/seq_0000__largest_target_drop_step__scatter/scatter/seq_0000__largest_target_drop_step__scatter_step_0003.png"", ""/results/yao314652/home/project/outputs/visual_benchmark/qwen25vl_7b_all_modalities/images/seq_0000__largest_target_drop_step__scatter/scatter/seq_0000__largest_target_drop_step__scatter_step_0004.png""]","[{""wavelength"": 650.0, ""concentration"": 1.0, ""path_length"": 1.0, ""absorbance"": 13.0}, {""wavelength"": 600.0, ""concentration"": 1.0, ""path_length"": 1.0, ""absorbance"": 12.0}, {""wavelength"": 600.0, ""concentration"": 2.0, ""path_length"": 1.0, ""absorbance"": 24.0}, {""wavelength"": 600.0, ""concentration"": 3.0, ""path_length"": 1.0, ""absorbance"": 36.0}, {""wavelength"": 600.0, ""concentration"": 2.0, ""path_length"": 1.0, ""absorbance"": 24.0}]"
seq_0000__largest_target_drop_step__simulation,seq_0000,largest_target_drop_step,largest_drop_step,simulation,simulation,"At which step does absorbance show the largest drop compared with the previous step? If it never drops, answer none.",4,step_or_none,4,True,,"{""answer"": 4}","[""/results/yao314652/home/project/outputs/visual_benchmark/qwen25vl_7b_all_modalities/images/seq_0000__largest_target_drop_step__simulation/simulation/step_0000.png"", ""/results/yao314652/home/project/outputs/visual_benchmark/qwen25vl_7b_all_modalities/images/seq_0000__largest_target_drop_step__simulation/simulation/step_0001.png"", ""/results/yao314652/home/project/outputs/visual_benchmark/qwen25vl_7b_all_modalities/images/seq_0000__largest_target_drop_step__simulation/simulation/step_0002.png"", ""/results/yao314652/home/project/outputs/visual_benchmark/qwen25vl_7b_all_modalities/images/seq_0000__largest_target_drop_step__simulation/simulation/step_0003.png"", ""/results/yao314652/home/project/outputs/visual_benchmark/qwen25vl_7b_all_modalities/images/seq_0000__largest_target_drop_step__simulation/simulation/step_0004.png""]","[{""wavelength"": 650.0, ""concentration"": 1.0, ""path_length"": 1.0, ""absorbance"": 13.0}, {""wavelength"": 600.0, ""concentration"": 1.0, ""path_length"": 1.0, ""absorbance"": 12.0}, {""wavelength"": 600.0, ""concentration"": 2.0, ""path_length"": 1.0, ""absorbance"": 24.0}, {""wavelength"": 600.0, ""concentration"": 3.0, ""path_length"": 1.0, ""absorbance"": 36.0}, {""wavelength"": 600.0, ""concentration"": 2.0, ""path_length"": 1.0, ""absorbance"": 24.0}]"
seq_0001__read_last_target__text,seq_0001,read_last_target,value_at_step,text,none,What is the value of absorbance at step 4?,36.0,number,36,True,0.0,"{""answer"": 36}",[],"[{""wavelength"": 450.0, ""concentration"": 2.0, ""path_length"": 5.0, ""absorbance"": 90.0}, {""wavelength"": 450.0, ""concentration"": 1.0, ""path_length"": 5.0, ""absorbance"": 45.0}, {""wavelength"": 400.0, ""concentration"": 1.0, ""path_length"": 5.0, ""absorbance"": 40.0}, {""wavelength"": 450.0, ""concentration"": 1.0, ""path_length"": 5.0, ""absorbance"": 45.0}, {""wavelength"": 450.0, ""concentration"": 1.0, ""path_length"": 4.0, ""absorbance"": 36.0}]"
seq_0001__read_last_target__bar,seq_0001,read_last_target,value_at_step,bar,bar,What is the value of absorbance at step 4?,36.0,number,0.13,False,35.87,"```json
{
  ""answer"": 0.13
}
```","[""/results/yao314652/home/project/outputs/visual_benchmark/qwen25vl_7b_all_modalities/images/seq_0001__read_last_target__bar/bar/step_0000.png"", ""/results/yao314652/home/project/outputs/visual_benchmark/qwen25vl_7b_all_modalities/images/seq_0001__read_last_target__bar/bar/step_0001.png"", ""/results/yao314652/home/project/outputs/visual_benchmark/qwen25vl_7b_all_modalities/images/seq_0001__read_last_target__bar/bar/step_0002.png"", ""/results/yao314652/home/project/outputs/visual_benchmark/qwen25vl_7b_all_modalities/images/seq_0001__read_last_target__bar/bar/step_0003.png"", ""/results/yao314652/home/project/outputs/visual_benchmark/qwen25vl_7b_all_modalities/images/seq_0001__read_last_target__bar/bar/step_0004.png""]","[{""wavelength"": 450.0, ""concentration"": 2.0, ""path_length"": 5.0, ""absorbance"": 90.0}, {""wavelength"": 450.0, ""concentration"": 1.0, ""path_length"": 5.0, ""absorbance"": 45.0}, {""wavelength"": 400.0, ""concentration"": 1.0, ""path_length"": 5.0, ""absorbance"": 40.0}, {""wavelength"": 450.0, ""concentration"": 1.0, ""path_length"": 5.0, ""absorbance"": 45.0}, {""wavelength"": 450.0, ""concentration"": 1.0, ""path_length"": 4.0, ""absorbance"": 36.0}]"
seq_0001__read_last_target__line,seq_0001,read_last_target,value_at_step,line,line,What is the value of absorbance at step 4?,36.0,number,0.6,False,35.4,"{""answer"": 0.6}","[""/results/yao314652/home/project/outputs/visual_benchmark/qwen25vl_7b_all_modalities/images/seq_0001__read_last_target__line/line/seq_0001__read_last_target__line_step_0000.png"", ""/results/yao314652/home/project/outputs/visual_benchmark/qwen25vl_7b_all_modalities/images/seq_0001__read_last_target__line/line/seq_0001__read_last_target__line_step_0001.png"", ""/results/yao314652/home/project/outputs/visual_benchmark/qwen25vl_7b_all_modalities/images/seq_0001__read_last_target__line/line/seq_0001__read_last_target__line_step_0002.png"", ""/results/yao314652/home/project/outputs/visual_benchmark/qwen25vl_7b_all_modalities/images/seq_0001__read_last_target__line/line/seq_0001__read_last_target__line_step_0003.png"", ""/results/yao314652/home/project/outputs/visual_benchmark/qwen25vl_7b_all_modalities/images/seq_0001__read_last_target__line/line/seq_0001__read_last_target__line_step_0004.png""]","[{""wavelength"": 450.0, ""concentration"": 2.0, ""path_length"": 5.0, ""absorbance"": 90.0}, {""wavelength"": 450.0, ""concentration"": 1.0, ""path_length"": 5.0, ""absorbance"": 45.0}, {""wavelength"": 400.0, ""concentration"": 1.0, ""path_length"": 5.0, ""absorbance"": 40.0}, {""wavelength"": 450.0, ""concentration"": 1.0, ""path_length"": 5.0, ""absorbance"": 45.0}, {""wavelength"": 450.0, ""concentration"": 1.0, ""path_length"": 4.0, ""absorbance"": 36.0}]"
seq_0001__read_last_target__scatter,seq_0001,read_last_target,value_at_step,scatter,scatter,What is the value of absorbance at step 4?,36.0,number,0.2,False,35.8,"{""answer"": 0.2}","[""/results/yao314652/home/project/outputs/visual_benchmark/qwen25vl_7b_all_modalities/images/seq_0001__read_last_target__scatter/scatter/seq_0001__read_last_target__scatter_step_0000.png"", ""/results/yao314652/home/project/outputs/visual_benchmark/qwen25vl_7b_all_modalities/images/seq_0001__read_last_target__scatter/scatter/seq_0001__read_last_target__scatter_step_0001.png"", ""/results/yao314652/home/project/outputs/visual_benchmark/qwen25vl_7b_all_modalities/images/seq_0001__read_last_target__scatter/scatter/seq_0001__read_last_target__scatter_step_0002.png"", ""/results/yao314652/home/project/outputs/visual_benchmark/qwen25vl_7b_all_modalities/images/seq_0001__read_last_target__scatter/scatter/seq_0001__read_last_target__scatter_step_0003.png"", ""/results/yao314652/home/project/outputs/visual_benchmark/qwen25vl_7b_all_modalities/images/seq_0001__read_last_target__scatter/scatter/seq_0001__read_last_target__scatter_step_0004.png""]","[{""wavelength"": 450.0, ""concentration"": 2.0, ""path_length"": 5.0, ""absorbance"": 90.0}, {""wavelength"": 450.0, ""concentration"": 1.0, ""path_length"": 5.0, ""absorbance"": 45.0}, {""wavelength"": 400.0, ""concentration"": 1.0, ""path_length"": 5.0, ""absorbance"": 40.0}, {""wavelength"": 450.0, ""concentration"": 1.0, ""path_length"": 5.0, ""absorbance"": 45.0}, {""wavelength"": 450.0, ""concentration"": 1.0, ""path_length"": 4.0, ""absorbance"": 36.0}]"
seq_0001__read_last_target__simulation,seq_0001,read_last_target,value_at_step,simulation,simulation,What is the value of absorbance at step 4?,36.0,number,0,False,36.0,"{""answer"": 0}","[""/results/yao314652/home/project/outputs/visual_benchmark/qwen25vl_7b_all_modalities/images/seq_0001__read_last_target__simulation/simulation/step_0000.png"", ""/results/yao314652/home/project/outputs/visual_benchmark/qwen25vl_7b_all_modalities/images/seq_0001__read_last_target__simulation/simulation/step_0001.png"", ""/results/yao314652/home/project/outputs/visual_benchmark/qwen25vl_7b_all_modalities/images/seq_0001__read_last_target__simulation/simulation/step_0002.png"", ""/results/yao314652/home/project/outputs/visual_benchmark/qwen25vl_7b_all_modalities/images/seq_0001__read_last_target__simulation/simulation/step_0003.png"", ""/results/yao314652/home/project/outputs/visual_benchmark/qwen25vl_7b_all_modalities/images/seq_0001__read_last_target__simulation/simulation/step_0004.png""]","[{""wavelength"": 450.0, ""concentration"": 2.0, ""path_length"": 5.0, ""absorbance"": 90.0}, {""wavelength"": 450.0, ""concentration"": 1.0, ""path_length"": 5.0, ""absorbance"": 45.0}, {""wavelength"": 400.0, ""concentration"": 1.0, ""path_length"": 5.0, ""absorbance"": 40.0}, {""wavelength"": 450.0, ""concentration"": 1.0, ""path_length"": 5.0, ""absorbance"": 45.0}, {""wavelength"": 450.0, ""concentration"": 1.0, ""path_length"": 4.0, ""absorbance"": 36.0}]"
seq_0001__target_change_amount__text,seq_0001,target_change_amount,change_amount,text,none,By how much does absorbance change from step 0 to step 4?,-54.0,number,54,False,108.0,"{
  ""answer"": 54
}",[],"[{""wavelength"": 450.0, ""concentration"": 2.0, ""path_length"": 5.0, ""absorbance"": 90.0}, {""wavelength"": 450.0, ""concentration"": 1.0, ""path_length"": 5.0, ""absorbance"": 45.0}, {""wavelength"": 400.0, ""concentration"": 1.0, ""path_length"": 5.0, ""absorbance"": 40.0}, {""wavelength"": 450.0, ""concentration"": 1.0, ""path_length"": 5.0, ""absorbance"": 45.0}, {""wavelength"": 450.0, ""concentration"": 1.0, ""path_length"": 4.0, ""absorbance"": 36.0}]"
seq_0001__target_change_amount__bar,seq_0001,target_change_amount,change_amount,bar,bar,By how much does absorbance change from step 0 to step 4?,-54.0,number,-1.8,False,52.2,"{""answer"": -1.8}","[""/results/yao314652/home/project/outputs/visual_benchmark/qwen25vl_7b_all_modalities/images/seq_0001__target_change_amount__bar/bar/step_0000.png"", ""/results/yao314652/home/project/outputs/visual_benchmark/qwen25vl_7b_all_modalities/images/seq_0001__target_change_amount__bar/bar/step_0001.png"", ""/results/yao314652/home/project/outputs/visual_benchmark/qwen25vl_7b_all_modalities/images/seq_0001__target_change_amount__bar/bar/step_0002.png"", ""/results/yao314652/home/project/outputs/visual_benchmark/qwen25vl_7b_all_modalities/images/seq_0001__target_change_amount__bar/bar/step_0003.png"", ""/results/yao314652/home/project/outputs/visual_benchmark/qwen25vl_7b_all_modalities/images/seq_0001__target_change_amount__bar/bar/step_0004.png""]","[{""wavelength"": 450.0, ""concentration"": 2.0, ""path_length"": 5.0, ""absorbance"": 90.0}, {""wavelength"": 450.0, ""concentration"": 1.0, ""path_length"": 5.0, ""absorbance"": 45.0}, {""wavelength"": 400.0, ""concentration"": 1.0, ""path_length"": 5.0, ""absorbance"": 40.0}, {""wavelength"": 450.0, ""concentration"": 1.0, ""path_length"": 5.0, ""absorbance"": 45.0}, {""wavelength"": 450.0, ""concentration"": 1.0, ""path_length"": 4.0, ""absorbance"": 36.0}]"
seq_0001__target_change_amount__line,seq_0001,target_change_amount,change_amount,line,line,By how much does absorbance change from step 0 to step 4?,-54.0,number,-1.9,False,52.1,"{""answer"": -1.9}","[""/results/yao314652/home/project/outputs/visual_benchmark/qwen25vl_7b_all_modalities/images/seq_0001__target_change_amount__line/line/seq_0001__target_change_amount__line_step_0000.png"", ""/results/yao314652/home/project/outputs/visual_benchmark/qwen25vl_7b_all_modalities/images/seq_0001__target_change_amount__line/line/seq_0001__target_change_amount__line_step_0001.png"", ""/results/yao314652/home/project/outputs/visual_benchmark/qwen25vl_7b_all_modalities/images/seq_0001__target_change_amount__line/line/seq_0001__target_change_amount__line_step_0002.png"", ""/results/yao314652/home/project/outputs/visual_benchmark/qwen25vl_7b_all_modalities/images/seq_0001__target_change_amount__line/line/seq_0001__target_change_amount__line_step_0003.png"", ""/results/yao314652/home/project/outputs/visual_benchmark/qwen25vl_7b_all_modalities/images/seq_0001__target_change_amount__line/line/seq_0001__target_change_amount__line_step_0004.png""]","[{""wavelength"": 450.0, ""concentration"": 2.0, ""path_length"": 5.0, ""absorbance"": 90.0}, {""wavelength"": 450.0, ""concentration"": 1.0, ""path_length"": 5.0, ""absorbance"": 45.0}, {""wavelength"": 400.0, ""concentration"": 1.0, ""path_length"": 5.0, ""absorbance"": 40.0}, {""wavelength"": 450.0, ""concentration"": 1.0, ""path_length"": 5.0, ""absorbance"": 45.0}, {""wavelength"": 450.0, ""concentration"": 1.0, ""path_length"": 4.0, ""absorbance"": 36.0}]"
seq_0001__target_change_amount__scatter,seq_0001,target_change_amount,change_amount,scatter,scatter,By how much does absorbance change from step 0 to step 4?,-54.0,number,0.2,False,54.2,"{""answer"": 0.2}","[""/results/yao314652/home/project/outputs/visual_benchmark/qwen25vl_7b_all_modalities/images/seq_0001__target_change_amount__scatter/scatter/seq_0001__target_change_amount__scatter_step_0000.png"", ""/results/yao314652/home/project/outputs/visual_benchmark/qwen25vl_7b_all_modalities/images/seq_0001__target_change_amount__scatter/scatter/seq_0001__target_change_amount__scatter_step_0001.png"", ""/results/yao314652/home/project/outputs/visual_benchmark/qwen25vl_7b_all_modalities/images/seq_0001__target_change_amount__scatter/scatter/seq_0001__target_change_amount__scatter_step_0002.png"", ""/results/yao314652/home/project/outputs/visual_benchmark/qwen25vl_7b_all_modalities/images/seq_0001__target_change_amount__scatter/scatter/seq_0001__target_change_amount__scatter_step_0003.png"", ""/results/yao314652/home/project/outputs/visual_benchmark/qwen25vl_7b_all_modalities/images/seq_0001__target_change_amount__scatter/scatter/seq_0001__target_change_amount__scatter_step_0004.png""]","[{""wavelength"": 450.0, ""concentration"": 2.0, ""path_length"": 5.0, ""absorbance"": 90.0}, {""wavelength"": 450.0, ""concentration"": 1.0, ""path_length"": 5.0, ""absorbance"": 45.0}, {""wavelength"": 400.0, ""concentration"": 1.0, ""path_length"": 5.0, ""absorbance"": 40.0}, {""wavelength"": 450.0, ""concentration"": 1.0, ""path_length"": 5.0, ""absorbance"": 45.0}, {""wavelength"": 450.0, ""concentration"": 1.0, ""path_length"": 4.0, ""absorbance"": 36.0}]"
seq_0001__target_change_amount__simulation,seq_0001,target_change_amount,change_amount,simulation,simulation,By how much does absorbance change from step 0 to step 4?,-54.0,number,1,False,55.0,"{""answer"": 1}","[""/results/yao314652/home/project/outputs/visual_benchmark/qwen25vl_7b_all_modalities/images/seq_0001__target_change_amount__simulation/simulation/step_0000.png"", ""/results/yao314652/home/project/outputs/visual_benchmark/qwen25vl_7b_all_modalities/images/seq_0001__target_change_amount__simulation/simulation/step_0001.png"", ""/results/yao314652/home/project/outputs/visual_benchmark/qwen25vl_7b_all_modalities/images/seq_0001__target_change_amount__simulation/simulation/step_0002.png"", ""/results/yao314652/home/project/outputs/visual_benchmark/qwen25vl_7b_all_modalities/images/seq_0001__target_change_amount__simulation/simulation/step_0003.png"", ""/results/yao314652/home/project/outputs/visual_benchmark/qwen25vl_7b_all_modalities/images/seq_0001__target_change_amount__simulation/simulation/step_0004.png""]","[{""wavelength"": 450.0, ""concentration"": 2.0, ""path_length"": 5.0, ""absorbance"": 90.0}, {""wavelength"": 450.0, ""concentration"": 1.0, ""path_length"": 5.0, ""absorbance"": 45.0}, {""wavelength"": 400.0, ""concentration"": 1.0, ""path_length"": 5.0, ""absorbance"": 40.0}, {""wavelength"": 450.0, ""concentration"": 1.0, ""path_length"": 5.0, ""absorbance"": 45.0}, {""wavelength"": 450.0, ""concentration"": 1.0, ""path_length"": 4.0, ""absorbance"": 36.0}]"
seq_0001__target_change_direction__text,seq_0001,target_change_direction,change_direction,text,none,"Does absorbance increase, decrease, or stay the same from step 0 to step 4?",decrease,category,decrease,True,,"{
  ""answer"": ""decrease""
}",[],"[{""wavelength"": 450.0, ""concentration"": 2.0, ""path_length"": 5.0, ""absorbance"": 90.0}, {""wavelength"": 450.0, ""concentration"": 1.0, ""path_length"": 5.0, ""absorbance"": 45.0}, {""wavelength"": 400.0, ""concentration"": 1.0, ""path_length"": 5.0, ""absorbance"": 40.0}, {""wavelength"": 450.0, ""concentration"": 1.0, ""path_length"": 5.0, ""absorbance"": 45.0}, {""wavelength"": 450.0, ""concentration"": 1.0, ""path_length"": 4.0, ""absorbance"": 36.0}]"
seq_0001__target_change_direction__bar,seq_0001,target_change_direction,change_direction,bar,bar,"Does absorbance increase, decrease, or stay the same from step 0 to step 4?",decrease,category,decrease,True,,"{""answer"": ""decrease""}","[""/results/yao314652/home/project/outputs/visual_benchmark/qwen25vl_7b_all_modalities/images/seq_0001__target_change_direction__bar/bar/step_0000.png"", ""/results/yao314652/home/project/outputs/visual_benchmark/qwen25vl_7b_all_modalities/images/seq_0001__target_change_direction__bar/bar/step_0001.png"", ""/results/yao314652/home/project/outputs/visual_benchmark/qwen25vl_7b_all_modalities/images/seq_0001__target_change_direction__bar/bar/step_0002.png"", ""/results/yao314652/home/project/outputs/visual_benchmark/qwen25vl_7b_all_modalities/images/seq_0001__target_change_direction__bar/bar/step_0003.png"", ""/results/yao314652/home/project/outputs/visual_benchmark/qwen25vl_7b_all_modalities/images/seq_0001__target_change_direction__bar/bar/step_0004.png""]","[{""wavelength"": 450.0, ""concentration"": 2.0, ""path_length"": 5.0, ""absorbance"": 90.0}, {""wavelength"": 450.0, ""concentration"": 1.0, ""path_length"": 5.0, ""absorbance"": 45.0}, {""wavelength"": 400.0, ""concentration"": 1.0, ""path_length"": 5.0, ""absorbance"": 40.0}, {""wavelength"": 450.0, ""concentration"": 1.0, ""path_length"": 5.0, ""absorbance"": 45.0}, {""wavelength"": 450.0, ""concentration"": 1.0, ""path_length"": 4.0, ""absorbance"": 36.0}]"
seq_0001__target_change_direction__line,seq_0001,target_change_direction,change_direction,line,line,"Does absorbance increase, decrease, or stay the same from step 0 to step 4?",decrease,category,decrease,True,,"{""answer"": ""decrease""}","[""/results/yao314652/home/project/outputs/visual_benchmark/qwen25vl_7b_all_modalities/images/seq_0001__target_change_direction__line/line/seq_0001__target_change_direction__line_step_0000.png"", ""/results/yao314652/home/project/outputs/visual_benchmark/qwen25vl_7b_all_modalities/images/seq_0001__target_change_direction__line/line/seq_0001__target_change_direction__line_step_0001.png"", ""/results/yao314652/home/project/outputs/visual_benchmark/qwen25vl_7b_all_modalities/images/seq_0001__target_change_direction__line/line/seq_0001__target_change_direction__line_step_0002.png"", ""/results/yao314652/home/project/outputs/visual_benchmark/qwen25vl_7b_all_modalities/images/seq_0001__target_change_direction__line/line/seq_0001__target_change_direction__line_step_0003.png"", ""/results/yao314652/home/project/outputs/visual_benchmark/qwen25vl_7b_all_modalities/images/seq_0001__target_change_direction__line/line/seq_0001__target_change_direction__line_step_0004.png""]","[{""wavelength"": 450.0, ""concentration"": 2.0, ""path_length"": 5.0, ""absorbance"": 90.0}, {""wavelength"": 450.0, ""concentration"": 1.0, ""path_length"": 5.0, ""absorbance"": 45.0}, {""wavelength"": 400.0, ""concentration"": 1.0, ""path_length"": 5.0, ""absorbance"": 40.0}, {""wavelength"": 450.0, ""concentration"": 1.0, ""path_length"": 5.0, ""absorbance"": 45.0}, {""wavelength"": 450.0, ""concentration"": 1.0, ""path_length"": 4.0, ""absorbance"": 36.0}]"
seq_0001__target_change_direction__scatter,seq_0001,target_change_direction,change_direction,scatter,scatter,"Does absorbance increase, decrease, or stay the same from step 0 to step 4?",decrease,category,decrease,True,,"{""answer"": ""decrease""}","[""/results/yao314652/home/project/outputs/visual_benchmark/qwen25vl_7b_all_modalities/images/seq_0001__target_change_direction__scatter/scatter/seq_0001__target_change_direction__scatter_step_0000.png"", ""/results/yao314652/home/project/outputs/visual_benchmark/qwen25vl_7b_all_modalities/images/seq_0001__target_change_direction__scatter/scatter/seq_0001__target_change_direction__scatter_step_0001.png"", ""/results/yao314652/home/project/outputs/visual_benchmark/qwen25vl_7b_all_modalities/images/seq_0001__target_change_direction__scatter/scatter/seq_0001__target_change_direction__scatter_step_0002.png"", ""/results/yao314652/home/project/outputs/visual_benchmark/qwen25vl_7b_all_modalities/images/seq_0001__target_change_direction__scatter/scatter/seq_0001__target_change_direction__scatter_step_0003.png"", ""/results/yao314652/home/project/outputs/visual_benchmark/qwen25vl_7b_all_modalities/images/seq_0001__target_change_direction__scatter/scatter/seq_0001__target_change_direction__scatter_step_0004.png""]","[{""wavelength"": 450.0, ""concentration"": 2.0, ""path_length"": 5.0, ""absorbance"": 90.0}, {""wavelength"": 450.0, ""concentration"": 1.0, ""path_length"": 5.0, ""absorbance"": 45.0}, {""wavelength"": 400.0, ""concentration"": 1.0, ""path_length"": 5.0, ""absorbance"": 40.0}, {""wavelength"": 450.0, ""concentration"": 1.0, ""path_length"": 5.0, ""absorbance"": 45.0}, {""wavelength"": 450.0, ""concentration"": 1.0, ""path_length"": 4.0, ""absorbance"": 36.0}]"
seq_0001__target_change_direction__simulation,seq_0001,target_change_direction,change_direction,simulation,simulation,"Does absorbance increase, decrease, or stay the same from step 0 to step 4?",decrease,category,increase,False,,"{""answer"": ""increase""}","[""/results/yao314652/home/project/outputs/visual_benchmark/qwen25vl_7b_all_modalities/images/seq_0001__target_change_direction__simulation/simulation/step_0000.png"", ""/results/yao314652/home/project/outputs/visual_benchmark/qwen25vl_7b_all_modalities/images/seq_0001__target_change_direction__simulation/simulation/step_0001.png"", ""/results/yao314652/home/project/outputs/visual_benchmark/qwen25vl_7b_all_modalities/images/seq_0001__target_change_direction__simulation/simulation/step_0002.png"", ""/results/yao314652/home/project/outputs/visual_benchmark/qwen25vl_7b_all_modalities/images/seq_0001__target_change_direction__simulation/simulation/step_0003.png"", ""/results/yao314652/home/project/outputs/visual_benchmark/qwen25vl_7b_all_modalities/images/seq_0001__target_change_direction__simulation/simulation/step_0004.png""]","[{""wavelength"": 450.0, ""concentration"": 2.0, ""path_length"": 5.0, ""absorbance"": 90.0}, {""wavelength"": 450.0, ""concentration"": 1.0, ""path_length"": 5.0, ""absorbance"": 45.0}, {""wavelength"": 400.0, ""concentration"": 1.0, ""path_length"": 5.0, ""absorbance"": 40.0}, {""wavelength"": 450.0, ""concentration"": 1.0, ""path_length"": 5.0, ""absorbance"": 45.0}, {""wavelength"": 450.0, ""concentration"": 1.0, ""path_length"": 4.0, ""absorbance"": 36.0}]"
seq_0001__changed_variable_0_to_1__text,seq_0001,changed_variable_0_to_1,changed_variable,text,none,Which input variable changed from step 0 to step 1?,concentration,category,concentration,True,,"{
  ""answer"": ""concentration""
}",[],"[{""wavelength"": 450.0, ""concentration"": 2.0, ""path_length"": 5.0, ""absorbance"": 90.0}, {""wavelength"": 450.0, ""concentration"": 1.0, ""path_length"": 5.0, ""absorbance"": 45.0}, {""wavelength"": 400.0, ""concentration"": 1.0, ""path_length"": 5.0, ""absorbance"": 40.0}, {""wavelength"": 450.0, ""concentration"": 1.0, ""path_length"": 5.0, ""absorbance"": 45.0}, {""wavelength"": 450.0, ""concentration"": 1.0, ""path_length"": 4.0, ""absorbance"": 36.0}]"
seq_0001__changed_variable_0_to_1__bar,seq_0001,changed_variable_0_to_1,changed_variable,bar,bar,Which input variable changed from step 0 to step 1?,concentration,category,same,False,,"{""answer"": ""same""}","[""/results/yao314652/home/project/outputs/visual_benchmark/qwen25vl_7b_all_modalities/images/seq_0001__changed_variable_0_to_1__bar/bar/step_0000.png"", ""/results/yao314652/home/project/outputs/visual_benchmark/qwen25vl_7b_all_modalities/images/seq_0001__changed_variable_0_to_1__bar/bar/step_0001.png"", ""/results/yao314652/home/project/outputs/visual_benchmark/qwen25vl_7b_all_modalities/images/seq_0001__changed_variable_0_to_1__bar/bar/step_0002.png"", ""/results/yao314652/home/project/outputs/visual_benchmark/qwen25vl_7b_all_modalities/images/seq_0001__changed_variable_0_to_1__bar/bar/step_0003.png"", ""/results/yao314652/home/project/outputs/visual_benchmark/qwen25vl_7b_all_modalities/images/seq_0001__changed_variable_0_to_1__bar/bar/step_0004.png""]","[{""wavelength"": 450.0, ""concentration"": 2.0, ""path_length"": 5.0, ""absorbance"": 90.0}, {""wavelength"": 450.0, ""concentration"": 1.0, ""path_length"": 5.0, ""absorbance"": 45.0}, {""wavelength"": 400.0, ""concentration"": 1.0, ""path_length"": 5.0, ""absorbance"": 40.0}, {""wavelength"": 450.0, ""concentration"": 1.0, ""path_length"": 5.0, ""absorbance"": 45.0}, {""wavelength"": 450.0, ""concentration"": 1.0, ""path_length"": 4.0, ""absorbance"": 36.0}]"
seq_0001__changed_variable_0_to_1__line,seq_0001,changed_variable_0_to_1,changed_variable,line,line,Which input variable changed from step 0 to step 1?,concentration,category,same,False,,"{""answer"": ""same""}","[""/results/yao314652/home/project/outputs/visual_benchmark/qwen25vl_7b_all_modalities/images/seq_0001__changed_variable_0_to_1__line/line/seq_0001__changed_variable_0_to_1__line_step_0000.png"", ""/results/yao314652/home/project/outputs/visual_benchmark/qwen25vl_7b_all_modalities/images/seq_0001__changed_variable_0_to_1__line/line/seq_0001__changed_variable_0_to_1__line_step_0001.png"", ""/results/yao314652/home/project/outputs/visual_benchmark/qwen25vl_7b_all_modalities/images/seq_0001__changed_variable_0_to_1__line/line/seq_0001__changed_variable_0_to_1__line_step_0002.png"", ""/results/yao314652/home/project/outputs/visual_benchmark/qwen25vl_7b_all_modalities/images/seq_0001__changed_variable_0_to_1__line/line/seq_0001__changed_variable_0_to_1__line_step_0003.png"", ""/results/yao314652/home/project/outputs/visual_benchmark/qwen25vl_7b_all_modalities/images/seq_0001__changed_variable_0_to_1__line/line/seq_0001__changed_variable_0_to_1__line_step_0004.png""]","[{""wavelength"": 450.0, ""concentration"": 2.0, ""path_length"": 5.0, ""absorbance"": 90.0}, {""wavelength"": 450.0, ""concentration"": 1.0, ""path_length"": 5.0, ""absorbance"": 45.0}, {""wavelength"": 400.0, ""concentration"": 1.0, ""path_length"": 5.0, ""absorbance"": 40.0}, {""wavelength"": 450.0, ""concentration"": 1.0, ""path_length"": 5.0, ""absorbance"": 45.0}, {""wavelength"": 450.0, ""concentration"": 1.0, ""path_length"": 4.0, ""absorbance"": 36.0}]"
seq_0001__changed_variable_0_to_1__scatter,seq_0001,changed_variable_0_to_1,changed_variable,scatter,scatter,Which input variable changed from step 0 to step 1?,concentration,category,x,False,,"{""answer"": ""x""}","[""/results/yao314652/home/project/outputs/visual_benchmark/qwen25vl_7b_all_modalities/images/seq_0001__changed_variable_0_to_1__scatter/scatter/seq_0001__changed_variable_0_to_1__scatter_step_0000.png"", ""/results/yao314652/home/project/outputs/visual_benchmark/qwen25vl_7b_all_modalities/images/seq_0001__changed_variable_0_to_1__scatter/scatter/seq_0001__changed_variable_0_to_1__scatter_step_0001.png"", ""/results/yao314652/home/project/outputs/visual_benchmark/qwen25vl_7b_all_modalities/images/seq_0001__changed_variable_0_to_1__scatter/scatter/seq_0001__changed_variable_0_to_1__scatter_step_0002.png"", ""/results/yao314652/home/project/outputs/visual_benchmark/qwen25vl_7b_all_modalities/images/seq_0001__changed_variable_0_to_1__scatter/scatter/seq_0001__changed_variable_0_to_1__scatter_step_0003.png"", ""/results/yao314652/home/project/outputs/visual_benchmark/qwen25vl_7b_all_modalities/images/seq_0001__changed_variable_0_to_1__scatter/scatter/seq_0001__changed_variable_0_to_1__scatter_step_0004.png""]","[{""wavelength"": 450.0, ""concentration"": 2.0, ""path_length"": 5.0, ""absorbance"": 90.0}, {""wavelength"": 450.0, ""concentration"": 1.0, ""path_length"": 5.0, ""absorbance"": 45.0}, {""wavelength"": 400.0, ""concentration"": 1.0, ""path_length"": 5.0, ""absorbance"": 40.0}, {""wavelength"": 450.0, ""concentration"": 1.0, ""path_length"": 5.0, ""absorbance"": 45.0}, {""wavelength"": 450.0, ""concentration"": 1.0, ""path_length"": 4.0, ""absorbance"": 36.0}]"
seq_0001__changed_variable_0_to_1__simulation,seq_0001,changed_variable_0_to_1,changed_variable,simulation,simulation,Which input variable changed from step 0 to step 1?,concentration,category,variable,False,,variable,"[""/results/yao314652/home/project/outputs/visual_benchmark/qwen25vl_7b_all_modalities/images/seq_0001__changed_variable_0_to_1__simulation/simulation/step_0000.png"", ""/results/yao314652/home/project/outputs/visual_benchmark/qwen25vl_7b_all_modalities/images/seq_0001__changed_variable_0_to_1__simulation/simulation/step_0001.png"", ""/results/yao314652/home/project/outputs/visual_benchmark/qwen25vl_7b_all_modalities/images/seq_0001__changed_variable_0_to_1__simulation/simulation/step_0002.png"", ""/results/yao314652/home/project/outputs/visual_benchmark/qwen25vl_7b_all_modalities/images/seq_0001__changed_variable_0_to_1__simulation/simulation/step_0003.png"", ""/results/yao314652/home/project/outputs/visual_benchmark/qwen25vl_7b_all_modalities/images/seq_0001__changed_variable_0_to_1__simulation/simulation/step_0004.png""]","[{""wavelength"": 450.0, ""concentration"": 2.0, ""path_length"": 5.0, ""absorbance"": 90.0}, {""wavelength"": 450.0, ""concentration"": 1.0, ""path_length"": 5.0, ""absorbance"": 45.0}, {""wavelength"": 400.0, ""concentration"": 1.0, ""path_length"": 5.0, ""absorbance"": 40.0}, {""wavelength"": 450.0, ""concentration"": 1.0, ""path_length"": 5.0, ""absorbance"": 45.0}, {""wavelength"": 450.0, ""concentration"": 1.0, ""path_length"": 4.0, ""absorbance"": 36.0}]"
seq_0001__max_target_step__text,seq_0001,max_target_step,max_step,text,none,At which step is absorbance the highest?,0,step,0,True,,"```json
{""answer"": 0}
```",[],"[{""wavelength"": 450.0, ""concentration"": 2.0, ""path_length"": 5.0, ""absorbance"": 90.0}, {""wavelength"": 450.0, ""concentration"": 1.0, ""path_length"": 5.0, ""absorbance"": 45.0}, {""wavelength"": 400.0, ""concentration"": 1.0, ""path_length"": 5.0, ""absorbance"": 40.0}, {""wavelength"": 450.0, ""concentration"": 1.0, ""path_length"": 5.0, ""absorbance"": 45.0}, {""wavelength"": 450.0, ""concentration"": 1.0, ""path_length"": 4.0, ""absorbance"": 36.0}]"
seq_0001__max_target_step__bar,seq_0001,max_target_step,max_step,bar,bar,At which step is absorbance the highest?,0,step,3,False,,"{""answer"": 3}","[""/results/yao314652/home/project/outputs/visual_benchmark/qwen25vl_7b_all_modalities/images/seq_0001__max_target_step__bar/bar/step_0000.png"", ""/results/yao314652/home/project/outputs/visual_benchmark/qwen25vl_7b_all_modalities/images/seq_0001__max_target_step__bar/bar/step_0001.png"", ""/results/yao314652/home/project/outputs/visual_benchmark/qwen25vl_7b_all_modalities/images/seq_0001__max_target_step__bar/bar/step_0002.png"", ""/results/yao314652/home/project/outputs/visual_benchmark/qwen25vl_7b_all_modalities/images/seq_0001__max_target_step__bar/bar/step_0003.png"", ""/results/yao314652/home/project/outputs/visual_benchmark/qwen25vl_7b_all_modalities/images/seq_0001__max_target_step__bar/bar/step_0004.png""]","[{""wavelength"": 450.0, ""concentration"": 2.0, ""path_length"": 5.0, ""absorbance"": 90.0}, {""wavelength"": 450.0, ""concentration"": 1.0, ""path_length"": 5.0, ""absorbance"": 45.0}, {""wavelength"": 400.0, ""concentration"": 1.0, ""path_length"": 5.0, ""absorbance"": 40.0}, {""wavelength"": 450.0, ""concentration"": 1.0, ""path_length"": 5.0, ""absorbance"": 45.0}, {""wavelength"": 450.0, ""concentration"": 1.0, ""path_length"": 4.0, ""absorbance"": 36.0}]"
seq_0001__max_target_step__line,seq_0001,max_target_step,max_step,line,line,At which step is absorbance the highest?,0,step,2,False,,"{""answer"": 2}","[""/results/yao314652/home/project/outputs/visual_benchmark/qwen25vl_7b_all_modalities/images/seq_0001__max_target_step__line/line/seq_0001__max_target_step__line_step_0000.png"", ""/results/yao314652/home/project/outputs/visual_benchmark/qwen25vl_7b_all_modalities/images/seq_0001__max_target_step__line/line/seq_0001__max_target_step__line_step_0001.png"", ""/results/yao314652/home/project/outputs/visual_benchmark/qwen25vl_7b_all_modalities/images/seq_0001__max_target_step__line/line/seq_0001__max_target_step__line_step_0002.png"", ""/results/yao314652/home/project/outputs/visual_benchmark/qwen25vl_7b_all_modalities/images/seq_0001__max_target_step__line/line/seq_0001__max_target_step__line_step_0003.png"", ""/results/yao314652/home/project/outputs/visual_benchmark/qwen25vl_7b_all_modalities/images/seq_0001__max_target_step__line/line/seq_0001__max_target_step__line_step_0004.png""]","[{""wavelength"": 450.0, ""concentration"": 2.0, ""path_length"": 5.0, ""absorbance"": 90.0}, {""wavelength"": 450.0, ""concentration"": 1.0, ""path_length"": 5.0, ""absorbance"": 45.0}, {""wavelength"": 400.0, ""concentration"": 1.0, ""path_length"": 5.0, ""absorbance"": 40.0}, {""wavelength"": 450.0, ""concentration"": 1.0, ""path_length"": 5.0, ""absorbance"": 45.0}, {""wavelength"": 450.0, ""concentration"": 1.0, ""path_length"": 4.0, ""absorbance"": 36.0}]"
seq_0001__max_target_step__scatter,seq_0001,max_target_step,max_step,scatter,scatter,At which step is absorbance the highest?,0,step,4,False,,"{""answer"": 4}","[""/results/yao314652/home/project/outputs/visual_benchmark/qwen25vl_7b_all_modalities/images/seq_0001__max_target_step__scatter/scatter/seq_0001__max_target_step__scatter_step_0000.png"", ""/results/yao314652/home/project/outputs/visual_benchmark/qwen25vl_7b_all_modalities/images/seq_0001__max_target_step__scatter/scatter/seq_0001__max_target_step__scatter_step_0001.png"", ""/results/yao314652/home/project/outputs/visual_benchmark/qwen25vl_7b_all_modalities/images/seq_0001__max_target_step__scatter/scatter/seq_0001__max_target_step__scatter_step_0002.png"", ""/results/yao314652/home/project/outputs/visual_benchmark/qwen25vl_7b_all_modalities/images/seq_0001__max_target_step__scatter/scatter/seq_0001__max_target_step__scatter_step_0003.png"", ""/results/yao314652/home/project/outputs/visual_benchmark/qwen25vl_7b_all_modalities/images/seq_0001__max_target_step__scatter/scatter/seq_0001__max_target_step__scatter_step_0004.png""]","[{""wavelength"": 450.0, ""concentration"": 2.0, ""path_length"": 5.0, ""absorbance"": 90.0}, {""wavelength"": 450.0, ""concentration"": 1.0, ""path_length"": 5.0, ""absorbance"": 45.0}, {""wavelength"": 400.0, ""concentration"": 1.0, ""path_length"": 5.0, ""absorbance"": 40.0}, {""wavelength"": 450.0, ""concentration"": 1.0, ""path_length"": 5.0, ""absorbance"": 45.0}, {""wavelength"": 450.0, ""concentration"": 1.0, ""path_length"": 4.0, ""absorbance"": 36.0}]"
seq_0001__max_target_step__simulation,seq_0001,max_target_step,max_step,simulation,simulation,At which step is absorbance the highest?,0,step,2,False,,"{""answer"": 2}","[""/results/yao314652/home/project/outputs/visual_benchmark/qwen25vl_7b_all_modalities/images/seq_0001__max_target_step__simulation/simulation/step_0000.png"", ""/results/yao314652/home/project/outputs/visual_benchmark/qwen25vl_7b_all_modalities/images/seq_0001__max_target_step__simulation/simulation/step_0001.png"", ""/results/yao314652/home/project/outputs/visual_benchmark/qwen25vl_7b_all_modalities/images/seq_0001__max_target_step__simulation/simulation/step_0002.png"", ""/results/yao314652/home/project/outputs/visual_benchmark/qwen25vl_7b_all_modalities/images/seq_0001__max_target_step__simulation/simulation/step_0003.png"", ""/results/yao314652/home/project/outputs/visual_benchmark/qwen25vl_7b_all_modalities/images/seq_0001__max_target_step__simulation/simulation/step_0004.png""]","[{""wavelength"": 450.0, ""concentration"": 2.0, ""path_length"": 5.0, ""absorbance"": 90.0}, {""wavelength"": 450.0, ""concentration"": 1.0, ""path_length"": 5.0, ""absorbance"": 45.0}, {""wavelength"": 400.0, ""concentration"": 1.0, ""path_length"": 5.0, ""absorbance"": 40.0}, {""wavelength"": 450.0, ""concentration"": 1.0, ""path_length"": 5.0, ""absorbance"": 45.0}, {""wavelength"": 450.0, ""concentration"": 1.0, ""path_length"": 4.0, ""absorbance"": 36.0}]"
seq_0001__largest_target_drop_step__text,seq_0001,largest_target_drop_step,largest_drop_step,text,none,"At which step does absorbance show the largest drop compared with the previous step? If it never drops, answer none.",1,step_or_none,3,False,,"```json
{""answer"": 3}
```",[],"[{""wavelength"": 450.0, ""concentration"": 2.0, ""path_length"": 5.0, ""absorbance"": 90.0}, {""wavelength"": 450.0, ""concentration"": 1.0, ""path_length"": 5.0, ""absorbance"": 45.0}, {""wavelength"": 400.0, ""concentration"": 1.0, ""path_length"": 5.0, ""absorbance"": 40.0}, {""wavelength"": 450.0, ""concentration"": 1.0, ""path_length"": 5.0, ""absorbance"": 45.0}, {""wavelength"": 450.0, ""concentration"": 1.0, ""path_length"": 4.0, ""absorbance"": 36.0}]"
seq_0001__largest_target_drop_step__bar,seq_0001,largest_target_drop_step,largest_drop_step,bar,bar,"At which step does absorbance show the largest drop compared with the previous step? If it never drops, answer none.",1,step_or_none,3,False,,"{""answer"": 3}","[""/results/yao314652/home/project/outputs/visual_benchmark/qwen25vl_7b_all_modalities/images/seq_0001__largest_target_drop_step__bar/bar/step_0000.png"", ""/results/yao314652/home/project/outputs/visual_benchmark/qwen25vl_7b_all_modalities/images/seq_0001__largest_target_drop_step__bar/bar/step_0001.png"", ""/results/yao314652/home/project/outputs/visual_benchmark/qwen25vl_7b_all_modalities/images/seq_0001__largest_target_drop_step__bar/bar/step_0002.png"", ""/results/yao314652/home/project/outputs/visual_benchmark/qwen25vl_7b_all_modalities/images/seq_0001__largest_target_drop_step__bar/bar/step_0003.png"", ""/results/yao314652/home/project/outputs/visual_benchmark/qwen25vl_7b_all_modalities/images/seq_0001__largest_target_drop_step__bar/bar/step_0004.png""]","[{""wavelength"": 450.0, ""concentration"": 2.0, ""path_length"": 5.0, ""absorbance"": 90.0}, {""wavelength"": 450.0, ""concentration"": 1.0, ""path_length"": 5.0, ""absorbance"": 45.0}, {""wavelength"": 400.0, ""concentration"": 1.0, ""path_length"": 5.0, ""absorbance"": 40.0}, {""wavelength"": 450.0, ""concentration"": 1.0, ""path_length"": 5.0, ""absorbance"": 45.0}, {""wavelength"": 450.0, ""concentration"": 1.0, ""path_length"": 4.0, ""absorbance"": 36.0}]"
seq_0001__largest_target_drop_step__line,seq_0001,largest_target_drop_step,largest_drop_step,line,line,"At which step does absorbance show the largest drop compared with the previous step? If it never drops, answer none.",1,step_or_none,4,False,,"{""answer"": 4}","[""/results/yao314652/home/project/outputs/visual_benchmark/qwen25vl_7b_all_modalities/images/seq_0001__largest_target_drop_step__line/line/seq_0001__largest_target_drop_step__line_step_0000.png"", ""/results/yao314652/home/project/outputs/visual_benchmark/qwen25vl_7b_all_modalities/images/seq_0001__largest_target_drop_step__line/line/seq_0001__largest_target_drop_step__line_step_0001.png"", ""/results/yao314652/home/project/outputs/visual_benchmark/qwen25vl_7b_all_modalities/images/seq_0001__largest_target_drop_step__line/line/seq_0001__largest_target_drop_step__line_step_0002.png"", ""/results/yao314652/home/project/outputs/visual_benchmark/qwen25vl_7b_all_modalities/images/seq_0001__largest_target_drop_step__line/line/seq_0001__largest_target_drop_step__line_step_0003.png"", ""/results/yao314652/home/project/outputs/visual_benchmark/qwen25vl_7b_all_modalities/images/seq_0001__largest_target_drop_step__line/line/seq_0001__largest_target_drop_step__line_step_0004.png""]","[{""wavelength"": 450.0, ""concentration"": 2.0, ""path_length"": 5.0, ""absorbance"": 90.0}, {""wavelength"": 450.0, ""concentration"": 1.0, ""path_length"": 5.0, ""absorbance"": 45.0}, {""wavelength"": 400.0, ""concentration"": 1.0, ""path_length"": 5.0, ""absorbance"": 40.0}, {""wavelength"": 450.0, ""concentration"": 1.0, ""path_length"": 5.0, ""absorbance"": 45.0}, {""wavelength"": 450.0, ""concentration"": 1.0, ""path_length"": 4.0, ""absorbance"": 36.0}]"
seq_0001__largest_target_drop_step__scatter,seq_0001,largest_target_drop_step,largest_drop_step,scatter,scatter,"At which step does absorbance show the largest drop compared with the previous step? If it never drops, answer none.",1,step_or_none,none,False,,"{""answer"": ""none""}","[""/results/yao314652/home/project/outputs/visual_benchmark/qwen25vl_7b_all_modalities/images/seq_0001__largest_target_drop_step__scatter/scatter/seq_0001__largest_target_drop_step__scatter_step_0000.png"", ""/results/yao314652/home/project/outputs/visual_benchmark/qwen25vl_7b_all_modalities/images/seq_0001__largest_target_drop_step__scatter/scatter/seq_0001__largest_target_drop_step__scatter_step_0001.png"", ""/results/yao314652/home/project/outputs/visual_benchmark/qwen25vl_7b_all_modalities/images/seq_0001__largest_target_drop_step__scatter/scatter/seq_0001__largest_target_drop_step__scatter_step_0002.png"", ""/results/yao314652/home/project/outputs/visual_benchmark/qwen25vl_7b_all_modalities/images/seq_0001__largest_target_drop_step__scatter/scatter/seq_0001__largest_target_drop_step__scatter_step_0003.png"", ""/results/yao314652/home/project/outputs/visual_benchmark/qwen25vl_7b_all_modalities/images/seq_0001__largest_target_drop_step__scatter/scatter/seq_0001__largest_target_drop_step__scatter_step_0004.png""]","[{""wavelength"": 450.0, ""concentration"": 2.0, ""path_length"": 5.0, ""absorbance"": 90.0}, {""wavelength"": 450.0, ""concentration"": 1.0, ""path_length"": 5.0, ""absorbance"": 45.0}, {""wavelength"": 400.0, ""concentration"": 1.0, ""path_length"": 5.0, ""absorbance"": 40.0}, {""wavelength"": 450.0, ""concentration"": 1.0, ""path_length"": 5.0, ""absorbance"": 45.0}, {""wavelength"": 450.0, ""concentration"": 1.0, ""path_length"": 4.0, ""absorbance"": 36.0}]"
seq_0001__largest_target_drop_step__simulation,seq_0001,largest_target_drop_step,largest_drop_step,simulation,simulation,"At which step does absorbance show the largest drop compared with the previous step? If it never drops, answer none.",1,step_or_none,4,False,,"{""answer"": ""4""}","[""/results/yao314652/home/project/outputs/visual_benchmark/qwen25vl_7b_all_modalities/images/seq_0001__largest_target_drop_step__simulation/simulation/step_0000.png"", ""/results/yao314652/home/project/outputs/visual_benchmark/qwen25vl_7b_all_modalities/images/seq_0001__largest_target_drop_step__simulation/simulation/step_0001.png"", ""/results/yao314652/home/project/outputs/visual_benchmark/qwen25vl_7b_all_modalities/images/seq_0001__largest_target_drop_step__simulation/simulation/step_0002.png"", ""/results/yao314652/home/project/outputs/visual_benchmark/qwen25vl_7b_all_modalities/images/seq_0001__largest_target_drop_step__simulation/simulation/step_0003.png"", ""/results/yao314652/home/project/outputs/visual_benchmark/qwen25vl_7b_all_modalities/images/seq_0001__largest_target_drop_step__simulation/simulation/step_0004.png""]","[{""wavelength"": 450.0, ""concentration"": 2.0, ""path_length"": 5.0, ""absorbance"": 90.0}, {""wavelength"": 450.0, ""concentration"": 1.0, ""path_length"": 5.0, ""absorbance"": 45.0}, {""wavelength"": 400.0, ""concentration"": 1.0, ""path_length"": 5.0, ""absorbance"": 40.0}, {""wavelength"": 450.0, ""concentration"": 1.0, ""path_length"": 5.0, ""absorbance"": 45.0}, {""wavelength"": 450.0, ""concentration"": 1.0, ""path_length"": 4.0, ""absorbance"": 36.0}]"
seq_0002__read_last_target__text,seq_0002,read_last_target,value_at_step,text,none,What is the value of absorbance at step 4?,32.0,number,32,True,0.0,"```json
{""answer"": 32}
```",[],"[{""wavelength"": 500.0, ""concentration"": 2.0, ""path_length"": 2.0, ""absorbance"": 40.0}, {""wavelength"": 500.0, ""concentration"": 2.0, ""path_length"": 1.0, ""absorbance"": 20.0}, {""wavelength"": 500.0, ""concentration"": 2.0, ""path_length"": 2.0, ""absorbance"": 40.0}, {""wavelength"": 450.0, ""concentration"": 2.0, ""path_length"": 2.0, ""absorbance"": 36.0}, {""wavelength"": 400.0, ""concentration"": 2.0, ""path_length"": 2.0, ""absorbance"": 32.0}]"
seq_0002__read_last_target__bar,seq_0002,read_last_target,value_at_step,bar,bar,What is the value of absorbance at step 4?,32.0,number,0.07,False,31.93,"```json
{""answer"": 0.07}
```","[""/results/yao314652/home/project/outputs/visual_benchmark/qwen25vl_7b_all_modalities/images/seq_0002__read_last_target__bar/bar/step_0000.png"", ""/results/yao314652/home/project/outputs/visual_benchmark/qwen25vl_7b_all_modalities/images/seq_0002__read_last_target__bar/bar/step_0001.png"", ""/results/yao314652/home/project/outputs/visual_benchmark/qwen25vl_7b_all_modalities/images/seq_0002__read_last_target__bar/bar/step_0002.png"", ""/results/yao314652/home/project/outputs/visual_benchmark/qwen25vl_7b_all_modalities/images/seq_0002__read_last_target__bar/bar/step_0003.png"", ""/results/yao314652/home/project/outputs/visual_benchmark/qwen25vl_7b_all_modalities/images/seq_0002__read_last_target__bar/bar/step_0004.png""]","[{""wavelength"": 500.0, ""concentration"": 2.0, ""path_length"": 2.0, ""absorbance"": 40.0}, {""wavelength"": 500.0, ""concentration"": 2.0, ""path_length"": 1.0, ""absorbance"": 20.0}, {""wavelength"": 500.0, ""concentration"": 2.0, ""path_length"": 2.0, ""absorbance"": 40.0}, {""wavelength"": 450.0, ""concentration"": 2.0, ""path_length"": 2.0, ""absorbance"": 36.0}, {""wavelength"": 400.0, ""concentration"": 2.0, ""path_length"": 2.0, ""absorbance"": 32.0}]"
seq_0002__read_last_target__line,seq_0002,read_last_target,value_at_step,line,line,What is the value of absorbance at step 4?,32.0,number,0.2,False,31.8,"{""answer"": 0.2}","[""/results/yao314652/home/project/outputs/visual_benchmark/qwen25vl_7b_all_modalities/images/seq_0002__read_last_target__line/line/seq_0002__read_last_target__line_step_0000.png"", ""/results/yao314652/home/project/outputs/visual_benchmark/qwen25vl_7b_all_modalities/images/seq_0002__read_last_target__line/line/seq_0002__read_last_target__line_step_0001.png"", ""/results/yao314652/home/project/outputs/visual_benchmark/qwen25vl_7b_all_modalities/images/seq_0002__read_last_target__line/line/seq_0002__read_last_target__line_step_0002.png"", ""/results/yao314652/home/project/outputs/visual_benchmark/qwen25vl_7b_all_modalities/images/seq_0002__read_last_target__line/line/seq_0002__read_last_target__line_step_0003.png"", ""/results/yao314652/home/project/outputs/visual_benchmark/qwen25vl_7b_all_modalities/images/seq_0002__read_last_target__line/line/seq_0002__read_last_target__line_step_0004.png""]","[{""wavelength"": 500.0, ""concentration"": 2.0, ""path_length"": 2.0, ""absorbance"": 40.0}, {""wavelength"": 500.0, ""concentration"": 2.0, ""path_length"": 1.0, ""absorbance"": 20.0}, {""wavelength"": 500.0, ""concentration"": 2.0, ""path_length"": 2.0, ""absorbance"": 40.0}, {""wavelength"": 450.0, ""concentration"": 2.0, ""path_length"": 2.0, ""absorbance"": 36.0}, {""wavelength"": 400.0, ""concentration"": 2.0, ""path_length"": 2.0, ""absorbance"": 32.0}]"
seq_0002__read_last_target__scatter,seq_0002,read_last_target,value_at_step,scatter,scatter,What is the value of absorbance at step 4?,32.0,number,0.2,False,31.8,"{""answer"": 0.2}","[""/results/yao314652/home/project/outputs/visual_benchmark/qwen25vl_7b_all_modalities/images/seq_0002__read_last_target__scatter/scatter/seq_0002__read_last_target__scatter_step_0000.png"", ""/results/yao314652/home/project/outputs/visual_benchmark/qwen25vl_7b_all_modalities/images/seq_0002__read_last_target__scatter/scatter/seq_0002__read_last_target__scatter_step_0001.png"", ""/results/yao314652/home/project/outputs/visual_benchmark/qwen25vl_7b_all_modalities/images/seq_0002__read_last_target__scatter/scatter/seq_0002__read_last_target__scatter_step_0002.png"", ""/results/yao314652/home/project/outputs/visual_benchmark/qwen25vl_7b_all_modalities/images/seq_0002__read_last_target__scatter/scatter/seq_0002__read_last_target__scatter_step_0003.png"", ""/results/yao314652/home/project/outputs/visual_benchmark/qwen25vl_7b_all_modalities/images/seq_0002__read_last_target__scatter/scatter/seq_0002__read_last_target__scatter_step_0004.png""]","[{""wavelength"": 500.0, ""concentration"": 2.0, ""path_length"": 2.0, ""absorbance"": 40.0}, {""wavelength"": 500.0, ""concentration"": 2.0, ""path_length"": 1.0, ""absorbance"": 20.0}, {""wavelength"": 500.0, ""concentration"": 2.0, ""path_length"": 2.0, ""absorbance"": 40.0}, {""wavelength"": 450.0, ""concentration"": 2.0, ""path_length"": 2.0, ""absorbance"": 36.0}, {""wavelength"": 400.0, ""concentration"": 2.0, ""path_length"": 2.0, ""absorbance"": 32.0}]"
seq_0002__read_last_target__simulation,seq_0002,read_last_target,value_at_step,simulation,simulation,What is the value of absorbance at step 4?,32.0,number,0.6,False,31.4,"{""answer"": 0.6}","[""/results/yao314652/home/project/outputs/visual_benchmark/qwen25vl_7b_all_modalities/images/seq_0002__read_last_target__simulation/simulation/step_0000.png"", ""/results/yao314652/home/project/outputs/visual_benchmark/qwen25vl_7b_all_modalities/images/seq_0002__read_last_target__simulation/simulation/step_0001.png"", ""/results/yao314652/home/project/outputs/visual_benchmark/qwen25vl_7b_all_modalities/images/seq_0002__read_last_target__simulation/simulation/step_0002.png"", ""/results/yao314652/home/project/outputs/visual_benchmark/qwen25vl_7b_all_modalities/images/seq_0002__read_last_target__simulation/simulation/step_0003.png"", ""/results/yao314652/home/project/outputs/visual_benchmark/qwen25vl_7b_all_modalities/images/seq_0002__read_last_target__simulation/simulation/step_0004.png""]","[{""wavelength"": 500.0, ""concentration"": 2.0, ""path_length"": 2.0, ""absorbance"": 40.0}, {""wavelength"": 500.0, ""concentration"": 2.0, ""path_length"": 1.0, ""absorbance"": 20.0}, {""wavelength"": 500.0, ""concentration"": 2.0, ""path_length"": 2.0, ""absorbance"": 40.0}, {""wavelength"": 450.0, ""concentration"": 2.0, ""path_length"": 2.0, ""absorbance"": 36.0}, {""wavelength"": 400.0, ""concentration"": 2.0, ""path_length"": 2.0, ""absorbance"": 32.0}]"
seq_0002__target_change_amount__text,seq_0002,target_change_amount,change_amount,text,none,By how much does absorbance change from step 0 to step 4?,-8.0,number,-8,True,0.0,"{""answer"": -8}",[],"[{""wavelength"": 500.0, ""concentration"": 2.0, ""path_length"": 2.0, ""absorbance"": 40.0}, {""wavelength"": 500.0, ""concentration"": 2.0, ""path_length"": 1.0, ""absorbance"": 20.0}, {""wavelength"": 500.0, ""concentration"": 2.0, ""path_length"": 2.0, ""absorbance"": 40.0}, {""wavelength"": 450.0, ""concentration"": 2.0, ""path_length"": 2.0, ""absorbance"": 36.0}, {""wavelength"": 400.0, ""concentration"": 2.0, ""path_length"": 2.0, ""absorbance"": 32.0}]"
seq_0002__target_change_amount__bar,seq_0002,target_change_amount,change_amount,bar,bar,By how much does absorbance change from step 0 to step 4?,-8.0,number,-0.9,False,7.1,"{""answer"": -0.9}","[""/results/yao314652/home/project/outputs/visual_benchmark/qwen25vl_7b_all_modalities/images/seq_0002__target_change_amount__bar/bar/step_0000.png"", ""/results/yao314652/home/project/outputs/visual_benchmark/qwen25vl_7b_all_modalities/images/seq_0002__target_change_amount__bar/bar/step_0001.png"", ""/results/yao314652/home/project/outputs/visual_benchmark/qwen25vl_7b_all_modalities/images/seq_0002__target_change_amount__bar/bar/step_0002.png"", ""/results/yao314652/home/project/outputs/visual_benchmark/qwen25vl_7b_all_modalities/images/seq_0002__target_change_amount__bar/bar/step_0003.png"", ""/results/yao314652/home/project/outputs/visual_benchmark/qwen25vl_7b_all_modalities/images/seq_0002__target_change_amount__bar/bar/step_0004.png""]","[{""wavelength"": 500.0, ""concentration"": 2.0, ""path_length"": 2.0, ""absorbance"": 40.0}, {""wavelength"": 500.0, ""concentration"": 2.0, ""path_length"": 1.0, ""absorbance"": 20.0}, {""wavelength"": 500.0, ""concentration"": 2.0, ""path_length"": 2.0, ""absorbance"": 40.0}, {""wavelength"": 450.0, ""concentration"": 2.0, ""path_length"": 2.0, ""absorbance"": 36.0}, {""wavelength"": 400.0, ""concentration"": 2.0, ""path_length"": 2.0, ""absorbance"": 32.0}]"
seq_0002__target_change_amount__line,seq_0002,target_change_amount,change_amount,line,line,By how much does absorbance change from step 0 to step 4?,-8.0,number,0.2,False,8.2,"{""answer"": 0.2}","[""/results/yao314652/home/project/outputs/visual_benchmark/qwen25vl_7b_all_modalities/images/seq_0002__target_change_amount__line/line/seq_0002__target_change_amount__line_step_0000.png"", ""/results/yao314652/home/project/outputs/visual_benchmark/qwen25vl_7b_all_modalities/images/seq_0002__target_change_amount__line/line/seq_0002__target_change_amount__line_step_0001.png"", ""/results/yao314652/home/project/outputs/visual_benchmark/qwen25vl_7b_all_modalities/images/seq_0002__target_change_amount__line/line/seq_0002__target_change_amount__line_step_0002.png"", ""/results/yao314652/home/project/outputs/visual_benchmark/qwen25vl_7b_all_modalities/images/seq_0002__target_change_amount__line/line/seq_0002__target_change_amount__line_step_0003.png"", ""/results/yao314652/home/project/outputs/visual_benchmark/qwen25vl_7b_all_modalities/images/seq_0002__target_change_amount__line/line/seq_0002__target_change_amount__line_step_0004.png""]","[{""wavelength"": 500.0, ""concentration"": 2.0, ""path_length"": 2.0, ""absorbance"": 40.0}, {""wavelength"": 500.0, ""concentration"": 2.0, ""path_length"": 1.0, ""absorbance"": 20.0}, {""wavelength"": 500.0, ""concentration"": 2.0, ""path_length"": 2.0, ""absorbance"": 40.0}, {""wavelength"": 450.0, ""concentration"": 2.0, ""path_length"": 2.0, ""absorbance"": 36.0}, {""wavelength"": 400.0, ""concentration"": 2.0, ""path_length"": 2.0, ""absorbance"": 32.0}]"
seq_0002__target_change_amount__scatter,seq_0002,target_change_amount,change_amount,scatter,scatter,By how much does absorbance change from step 0 to step 4?,-8.0,number,0.18,False,8.18,"{""answer"": 0.18}","[""/results/yao314652/home/project/outputs/visual_benchmark/qwen25vl_7b_all_modalities/images/seq_0002__target_change_amount__scatter/scatter/seq_0002__target_change_amount__scatter_step_0000.png"", ""/results/yao314652/home/project/outputs/visual_benchmark/qwen25vl_7b_all_modalities/images/seq_0002__target_change_amount__scatter/scatter/seq_0002__target_change_amount__scatter_step_0001.png"", ""/results/yao314652/home/project/outputs/visual_benchmark/qwen25vl_7b_all_modalities/images/seq_0002__target_change_amount__scatter/scatter/seq_0002__target_change_amount__scatter_step_0002.png"", ""/results/yao314652/home/project/outputs/visual_benchmark/qwen25vl_7b_all_modalities/images/seq_0002__target_change_amount__scatter/scatter/seq_0002__target_change_amount__scatter_step_0003.png"", ""/results/yao314652/home/project/outputs/visual_benchmark/qwen25vl_7b_all_modalities/images/seq_0002__target_change_amount__scatter/scatter/seq_0002__target_change_amount__scatter_step_0004.png""]","[{""wavelength"": 500.0, ""concentration"": 2.0, ""path_length"": 2.0, ""absorbance"": 40.0}, {""wavelength"": 500.0, ""concentration"": 2.0, ""path_length"": 1.0, ""absorbance"": 20.0}, {""wavelength"": 500.0, ""concentration"": 2.0, ""path_length"": 2.0, ""absorbance"": 40.0}, {""wavelength"": 450.0, ""concentration"": 2.0, ""path_length"": 2.0, ""absorbance"": 36.0}, {""wavelength"": 400.0, ""concentration"": 2.0, ""path_length"": 2.0, ""absorbance"": 32.0}]"
seq_0002__target_change_amount__simulation,seq_0002,target_change_amount,change_amount,simulation,simulation,By how much does absorbance change from step 0 to step 4?,-8.0,number,-0.2,False,7.8,"{""answer"": -0.2}","[""/results/yao314652/home/project/outputs/visual_benchmark/qwen25vl_7b_all_modalities/images/seq_0002__target_change_amount__simulation/simulation/step_0000.png"", ""/results/yao314652/home/project/outputs/visual_benchmark/qwen25vl_7b_all_modalities/images/seq_0002__target_change_amount__simulation/simulation/step_0001.png"", ""/results/yao314652/home/project/outputs/visual_benchmark/qwen25vl_7b_all_modalities/images/seq_0002__target_change_amount__simulation/simulation/step_0002.png"", ""/results/yao314652/home/project/outputs/visual_benchmark/qwen25vl_7b_all_modalities/images/seq_0002__target_change_amount__simulation/simulation/step_0003.png"", ""/results/yao314652/home/project/outputs/visual_benchmark/qwen25vl_7b_all_modalities/images/seq_0002__target_change_amount__simulation/simulation/step_0004.png""]","[{""wavelength"": 500.0, ""concentration"": 2.0, ""path_length"": 2.0, ""absorbance"": 40.0}, {""wavelength"": 500.0, ""concentration"": 2.0, ""path_length"": 1.0, ""absorbance"": 20.0}, {""wavelength"": 500.0, ""concentration"": 2.0, ""path_length"": 2.0, ""absorbance"": 40.0}, {""wavelength"": 450.0, ""concentration"": 2.0, ""path_length"": 2.0, ""absorbance"": 36.0}, {""wavelength"": 400.0, ""concentration"": 2.0, ""path_length"": 2.0, ""absorbance"": 32.0}]"
seq_0002__target_change_direction__text,seq_0002,target_change_direction,change_direction,text,none,"Does absorbance increase, decrease, or stay the same from step 0 to step 4?",decrease,category,decrease,True,,"{""answer"": ""decrease""}",[],"[{""wavelength"": 500.0, ""concentration"": 2.0, ""path_length"": 2.0, ""absorbance"": 40.0}, {""wavelength"": 500.0, ""concentration"": 2.0, ""path_length"": 1.0, ""absorbance"": 20.0}, {""wavelength"": 500.0, ""concentration"": 2.0, ""path_length"": 2.0, ""absorbance"": 40.0}, {""wavelength"": 450.0, ""concentration"": 2.0, ""path_length"": 2.0, ""absorbance"": 36.0}, {""wavelength"": 400.0, ""concentration"": 2.0, ""path_length"": 2.0, ""absorbance"": 32.0}]"
seq_0002__target_change_direction__bar,seq_0002,target_change_direction,change_direction,bar,bar,"Does absorbance increase, decrease, or stay the same from step 0 to step 4?",decrease,category,decrease,True,,"{
  ""answer"": ""decrease""
}","[""/results/yao314652/home/project/outputs/visual_benchmark/qwen25vl_7b_all_modalities/images/seq_0002__target_change_direction__bar/bar/step_0000.png"", ""/results/yao314652/home/project/outputs/visual_benchmark/qwen25vl_7b_all_modalities/images/seq_0002__target_change_direction__bar/bar/step_0001.png"", ""/results/yao314652/home/project/outputs/visual_benchmark/qwen25vl_7b_all_modalities/images/seq_0002__target_change_direction__bar/bar/step_0002.png"", ""/results/yao314652/home/project/outputs/visual_benchmark/qwen25vl_7b_all_modalities/images/seq_0002__target_change_direction__bar/bar/step_0003.png"", ""/results/yao314652/home/project/outputs/visual_benchmark/qwen25vl_7b_all_modalities/images/seq_0002__target_change_direction__bar/bar/step_0004.png""]","[{""wavelength"": 500.0, ""concentration"": 2.0, ""path_length"": 2.0, ""absorbance"": 40.0}, {""wavelength"": 500.0, ""concentration"": 2.0, ""path_length"": 1.0, ""absorbance"": 20.0}, {""wavelength"": 500.0, ""concentration"": 2.0, ""path_length"": 2.0, ""absorbance"": 40.0}, {""wavelength"": 450.0, ""concentration"": 2.0, ""path_length"": 2.0, ""absorbance"": 36.0}, {""wavelength"": 400.0, ""concentration"": 2.0, ""path_length"": 2.0, ""absorbance"": 32.0}]"
seq_0002__target_change_direction__line,seq_0002,target_change_direction,change_direction,line,line,"Does absorbance increase, decrease, or stay the same from step 0 to step 4?",decrease,category,decrease,True,,"{""answer"": ""decrease""}","[""/results/yao314652/home/project/outputs/visual_benchmark/qwen25vl_7b_all_modalities/images/seq_0002__target_change_direction__line/line/seq_0002__target_change_direction__line_step_0000.png"", ""/results/yao314652/home/project/outputs/visual_benchmark/qwen25vl_7b_all_modalities/images/seq_0002__target_change_direction__line/line/seq_0002__target_change_direction__line_step_0001.png"", ""/results/yao314652/home/project/outputs/visual_benchmark/qwen25vl_7b_all_modalities/images/seq_0002__target_change_direction__line/line/seq_0002__target_change_direction__line_step_0002.png"", ""/results/yao314652/home/project/outputs/visual_benchmark/qwen25vl_7b_all_modalities/images/seq_0002__target_change_direction__line/line/seq_0002__target_change_direction__line_step_0003.png"", ""/results/yao314652/home/project/outputs/visual_benchmark/qwen25vl_7b_all_modalities/images/seq_0002__target_change_direction__line/line/seq_0002__target_change_direction__line_step_0004.png""]","[{""wavelength"": 500.0, ""concentration"": 2.0, ""path_length"": 2.0, ""absorbance"": 40.0}, {""wavelength"": 500.0, ""concentration"": 2.0, ""path_length"": 1.0, ""absorbance"": 20.0}, {""wavelength"": 500.0, ""concentration"": 2.0, ""path_length"": 2.0, ""absorbance"": 40.0}, {""wavelength"": 450.0, ""concentration"": 2.0, ""path_length"": 2.0, ""absorbance"": 36.0}, {""wavelength"": 400.0, ""concentration"": 2.0, ""path_length"": 2.0, ""absorbance"": 32.0}]"
seq_0002__target_change_direction__scatter,seq_0002,target_change_direction,change_direction,scatter,scatter,"Does absorbance increase, decrease, or stay the same from step 0 to step 4?",decrease,category,decrease,True,,"{""answer"": ""decrease""}","[""/results/yao314652/home/project/outputs/visual_benchmark/qwen25vl_7b_all_modalities/images/seq_0002__target_change_direction__scatter/scatter/seq_0002__target_change_direction__scatter_step_0000.png"", ""/results/yao314652/home/project/outputs/visual_benchmark/qwen25vl_7b_all_modalities/images/seq_0002__target_change_direction__scatter/scatter/seq_0002__target_change_direction__scatter_step_0001.png"", ""/results/yao314652/home/project/outputs/visual_benchmark/qwen25vl_7b_all_modalities/images/seq_0002__target_change_direction__scatter/scatter/seq_0002__target_change_direction__scatter_step_0002.png"", ""/results/yao314652/home/project/outputs/visual_benchmark/qwen25vl_7b_all_modalities/images/seq_0002__target_change_direction__scatter/scatter/seq_0002__target_change_direction__scatter_step_0003.png"", ""/results/yao314652/home/project/outputs/visual_benchmark/qwen25vl_7b_all_modalities/images/seq_0002__target_change_direction__scatter/scatter/seq_0002__target_change_direction__scatter_step_0004.png""]","[{""wavelength"": 500.0, ""concentration"": 2.0, ""path_length"": 2.0, ""absorbance"": 40.0}, {""wavelength"": 500.0, ""concentration"": 2.0, ""path_length"": 1.0, ""absorbance"": 20.0}, {""wavelength"": 500.0, ""concentration"": 2.0, ""path_length"": 2.0, ""absorbance"": 40.0}, {""wavelength"": 450.0, ""concentration"": 2.0, ""path_length"": 2.0, ""absorbance"": 36.0}, {""wavelength"": 400.0, ""concentration"": 2.0, ""path_length"": 2.0, ""absorbance"": 32.0}]"
seq_0002__target_change_direction__simulation,seq_0002,target_change_direction,change_direction,simulation,simulation,"Does absorbance increase, decrease, or stay the same from step 0 to step 4?",decrease,category,decrease,True,,"{""answer"": ""decrease""}","[""/results/yao314652/home/project/outputs/visual_benchmark/qwen25vl_7b_all_modalities/images/seq_0002__target_change_direction__simulation/simulation/step_0000.png"", ""/results/yao314652/home/project/outputs/visual_benchmark/qwen25vl_7b_all_modalities/images/seq_0002__target_change_direction__simulation/simulation/step_0001.png"", ""/results/yao314652/home/project/outputs/visual_benchmark/qwen25vl_7b_all_modalities/images/seq_0002__target_change_direction__simulation/simulation/step_0002.png"", ""/results/yao314652/home/project/outputs/visual_benchmark/qwen25vl_7b_all_modalities/images/seq_0002__target_change_direction__simulation/simulation/step_0003.png"", ""/results/yao314652/home/project/outputs/visual_benchmark/qwen25vl_7b_all_modalities/images/seq_0002__target_change_direction__simulation/simulation/step_0004.png""]","[{""wavelength"": 500.0, ""concentration"": 2.0, ""path_length"": 2.0, ""absorbance"": 40.0}, {""wavelength"": 500.0, ""concentration"": 2.0, ""path_length"": 1.0, ""absorbance"": 20.0}, {""wavelength"": 500.0, ""concentration"": 2.0, ""path_length"": 2.0, ""absorbance"": 40.0}, {""wavelength"": 450.0, ""concentration"": 2.0, ""path_length"": 2.0, ""absorbance"": 36.0}, {""wavelength"": 400.0, ""concentration"": 2.0, ""path_length"": 2.0, ""absorbance"": 32.0}]"
seq_0002__changed_variable_0_to_1__text,seq_0002,changed_variable_0_to_1,changed_variable,text,none,Which input variable changed from step 0 to step 1?,path_length,category,path_length,True,,"{""answer"": ""path_length""}",[],"[{""wavelength"": 500.0, ""concentration"": 2.0, ""path_length"": 2.0, ""absorbance"": 40.0}, {""wavelength"": 500.0, ""concentration"": 2.0, ""path_length"": 1.0, ""absorbance"": 20.0}, {""wavelength"": 500.0, ""concentration"": 2.0, ""path_length"": 2.0, ""absorbance"": 40.0}, {""wavelength"": 450.0, ""concentration"": 2.0, ""path_length"": 2.0, ""absorbance"": 36.0}, {""wavelength"": 400.0, ""concentration"": 2.0, ""path_length"": 2.0, ""absorbance"": 32.0}]"
seq_0002__changed_variable_0_to_1__bar,seq_0002,changed_variable_0_to_1,changed_variable,bar,bar,Which input variable changed from step 0 to step 1?,path_length,category,increase,False,,"{""answer"": ""increase""}","[""/results/yao314652/home/project/outputs/visual_benchmark/qwen25vl_7b_all_modalities/images/seq_0002__changed_variable_0_to_1__bar/bar/step_0000.png"", ""/results/yao314652/home/project/outputs/visual_benchmark/qwen25vl_7b_all_modalities/images/seq_0002__changed_variable_0_to_1__bar/bar/step_0001.png"", ""/results/yao314652/home/project/outputs/visual_benchmark/qwen25vl_7b_all_modalities/images/seq_0002__changed_variable_0_to_1__bar/bar/step_0002.png"", ""/results/yao314652/home/project/outputs/visual_benchmark/qwen25vl_7b_all_modalities/images/seq_0002__changed_variable_0_to_1__bar/bar/step_0003.png"", ""/results/yao314652/home/project/outputs/visual_benchmark/qwen25vl_7b_all_modalities/images/seq_0002__changed_variable_0_to_1__bar/bar/step_0004.png""]","[{""wavelength"": 500.0, ""concentration"": 2.0, ""path_length"": 2.0, ""absorbance"": 40.0}, {""wavelength"": 500.0, ""concentration"": 2.0, ""path_length"": 1.0, ""absorbance"": 20.0}, {""wavelength"": 500.0, ""concentration"": 2.0, ""path_length"": 2.0, ""absorbance"": 40.0}, {""wavelength"": 450.0, ""concentration"": 2.0, ""path_length"": 2.0, ""absorbance"": 36.0}, {""wavelength"": 400.0, ""concentration"": 2.0, ""path_length"": 2.0, ""absorbance"": 32.0}]"
seq_0002__changed_variable_0_to_1__line,seq_0002,changed_variable_0_to_1,changed_variable,line,line,Which input variable changed from step 0 to step 1?,path_length,category,decrease,False,,"{""answer"": ""decrease""}","[""/results/yao314652/home/project/outputs/visual_benchmark/qwen25vl_7b_all_modalities/images/seq_0002__changed_variable_0_to_1__line/line/seq_0002__changed_variable_0_to_1__line_step_0000.png"", ""/results/yao314652/home/project/outputs/visual_benchmark/qwen25vl_7b_all_modalities/images/seq_0002__changed_variable_0_to_1__line/line/seq_0002__changed_variable_0_to_1__line_step_0001.png"", ""/results/yao314652/home/project/outputs/visual_benchmark/qwen25vl_7b_all_modalities/images/seq_0002__changed_variable_0_to_1__line/line/seq_0002__changed_variable_0_to_1__line_step_0002.png"", ""/results/yao314652/home/project/outputs/visual_benchmark/qwen25vl_7b_all_modalities/images/seq_0002__changed_variable_0_to_1__line/line/seq_0002__changed_variable_0_to_1__line_step_0003.png"", ""/results/yao314652/home/project/outputs/visual_benchmark/qwen25vl_7b_all_modalities/images/seq_0002__changed_variable_0_to_1__line/line/seq_0002__changed_variable_0_to_1__line_step_0004.png""]","[{""wavelength"": 500.0, ""concentration"": 2.0, ""path_length"": 2.0, ""absorbance"": 40.0}, {""wavelength"": 500.0, ""concentration"": 2.0, ""path_length"": 1.0, ""absorbance"": 20.0}, {""wavelength"": 500.0, ""concentration"": 2.0, ""path_length"": 2.0, ""absorbance"": 40.0}, {""wavelength"": 450.0, ""concentration"": 2.0, ""path_length"": 2.0, ""absorbance"": 36.0}, {""wavelength"": 400.0, ""concentration"": 2.0, ""path_length"": 2.0, ""absorbance"": 32.0}]"
seq_0002__changed_variable_0_to_1__scatter,seq_0002,changed_variable_0_to_1,changed_variable,scatter,scatter,Which input variable changed from step 0 to step 1?,path_length,category,same,False,,"{""answer"": ""same""}","[""/results/yao314652/home/project/outputs/visual_benchmark/qwen25vl_7b_all_modalities/images/seq_0002__changed_variable_0_to_1__scatter/scatter/seq_0002__changed_variable_0_to_1__scatter_step_0000.png"", ""/results/yao314652/home/project/outputs/visual_benchmark/qwen25vl_7b_all_modalities/images/seq_0002__changed_variable_0_to_1__scatter/scatter/seq_0002__changed_variable_0_to_1__scatter_step_0001.png"", ""/results/yao314652/home/project/outputs/visual_benchmark/qwen25vl_7b_all_modalities/images/seq_0002__changed_variable_0_to_1__scatter/scatter/seq_0002__changed_variable_0_to_1__scatter_step_0002.png"", ""/results/yao314652/home/project/outputs/visual_benchmark/qwen25vl_7b_all_modalities/images/seq_0002__changed_variable_0_to_1__scatter/scatter/seq_0002__changed_variable_0_to_1__scatter_step_0003.png"", ""/results/yao314652/home/project/outputs/visual_benchmark/qwen25vl_7b_all_modalities/images/seq_0002__changed_variable_0_to_1__scatter/scatter/seq_0002__changed_variable_0_to_1__scatter_step_0004.png""]","[{""wavelength"": 500.0, ""concentration"": 2.0, ""path_length"": 2.0, ""absorbance"": 40.0}, {""wavelength"": 500.0, ""concentration"": 2.0, ""path_length"": 1.0, ""absorbance"": 20.0}, {""wavelength"": 500.0, ""concentration"": 2.0, ""path_length"": 2.0, ""absorbance"": 40.0}, {""wavelength"": 450.0, ""concentration"": 2.0, ""path_length"": 2.0, ""absorbance"": 36.0}, {""wavelength"": 400.0, ""concentration"": 2.0, ""path_length"": 2.0, ""absorbance"": 32.0}]"
seq_0002__changed_variable_0_to_1__simulation,seq_0002,changed_variable_0_to_1,changed_variable,simulation,simulation,Which input variable changed from step 0 to step 1?,path_length,category,same,False,,"{""answer"": ""same""}","[""/results/yao314652/home/project/outputs/visual_benchmark/qwen25vl_7b_all_modalities/images/seq_0002__changed_variable_0_to_1__simulation/simulation/step_0000.png"", ""/results/yao314652/home/project/outputs/visual_benchmark/qwen25vl_7b_all_modalities/images/seq_0002__changed_variable_0_to_1__simulation/simulation/step_0001.png"", ""/results/yao314652/home/project/outputs/visual_benchmark/qwen25vl_7b_all_modalities/images/seq_0002__changed_variable_0_to_1__simulation/simulation/step_0002.png"", ""/results/yao314652/home/project/outputs/visual_benchmark/qwen25vl_7b_all_modalities/images/seq_0002__changed_variable_0_to_1__simulation/simulation/step_0003.png"", ""/results/yao314652/home/project/outputs/visual_benchmark/qwen25vl_7b_all_modalities/images/seq_0002__changed_variable_0_to_1__simulation/simulation/step_0004.png""]","[{""wavelength"": 500.0, ""concentration"": 2.0, ""path_length"": 2.0, ""absorbance"": 40.0}, {""wavelength"": 500.0, ""concentration"": 2.0, ""path_length"": 1.0, ""absorbance"": 20.0}, {""wavelength"": 500.0, ""concentration"": 2.0, ""path_length"": 2.0, ""absorbance"": 40.0}, {""wavelength"": 450.0, ""concentration"": 2.0, ""path_length"": 2.0, ""absorbance"": 36.0}, {""wavelength"": 400.0, ""concentration"": 2.0, ""path_length"": 2.0, ""absorbance"": 32.0}]"
seq_0002__max_target_step__text,seq_0002,max_target_step,max_step,text,none,At which step is absorbance the highest?,0,step,0,True,,"```json
{""answer"": 0}
```",[],"[{""wavelength"": 500.0, ""concentration"": 2.0, ""path_length"": 2.0, ""absorbance"": 40.0}, {""wavelength"": 500.0, ""concentration"": 2.0, ""path_length"": 1.0, ""absorbance"": 20.0}, {""wavelength"": 500.0, ""concentration"": 2.0, ""path_length"": 2.0, ""absorbance"": 40.0}, {""wavelength"": 450.0, ""concentration"": 2.0, ""path_length"": 2.0, ""absorbance"": 36.0}, {""wavelength"": 400.0, ""concentration"": 2.0, ""path_length"": 2.0, ""absorbance"": 32.0}]"
seq_0002__max_target_step__bar,seq_0002,max_target_step,max_step,bar,bar,At which step is absorbance the highest?,0,step,1,False,,"{""answer"": 1}","[""/results/yao314652/home/project/outputs/visual_benchmark/qwen25vl_7b_all_modalities/images/seq_0002__max_target_step__bar/bar/step_0000.png"", ""/results/yao314652/home/project/outputs/visual_benchmark/qwen25vl_7b_all_modalities/images/seq_0002__max_target_step__bar/bar/step_0001.png"", ""/results/yao314652/home/project/outputs/visual_benchmark/qwen25vl_7b_all_modalities/images/seq_0002__max_target_step__bar/bar/step_0002.png"", ""/results/yao314652/home/project/outputs/visual_benchmark/qwen25vl_7b_all_modalities/images/seq_0002__max_target_step__bar/bar/step_0003.png"", ""/results/yao314652/home/project/outputs/visual_benchmark/qwen25vl_7b_all_modalities/images/seq_0002__max_target_step__bar/bar/step_0004.png""]","[{""wavelength"": 500.0, ""concentration"": 2.0, ""path_length"": 2.0, ""absorbance"": 40.0}, {""wavelength"": 500.0, ""concentration"": 2.0, ""path_length"": 1.0, ""absorbance"": 20.0}, {""wavelength"": 500.0, ""concentration"": 2.0, ""path_length"": 2.0, ""absorbance"": 40.0}, {""wavelength"": 450.0, ""concentration"": 2.0, ""path_length"": 2.0, ""absorbance"": 36.0}, {""wavelength"": 400.0, ""concentration"": 2.0, ""path_length"": 2.0, ""absorbance"": 32.0}]"
seq_0002__max_target_step__line,seq_0002,max_target_step,max_step,line,line,At which step is absorbance the highest?,0,step,1,False,,"{""answer"": 1}","[""/results/yao314652/home/project/outputs/visual_benchmark/qwen25vl_7b_all_modalities/images/seq_0002__max_target_step__line/line/seq_0002__max_target_step__line_step_0000.png"", ""/results/yao314652/home/project/outputs/visual_benchmark/qwen25vl_7b_all_modalities/images/seq_0002__max_target_step__line/line/seq_0002__max_target_step__line_step_0001.png"", ""/results/yao314652/home/project/outputs/visual_benchmark/qwen25vl_7b_all_modalities/images/seq_0002__max_target_step__line/line/seq_0002__max_target_step__line_step_0002.png"", ""/results/yao314652/home/project/outputs/visual_benchmark/qwen25vl_7b_all_modalities/images/seq_0002__max_target_step__line/line/seq_0002__max_target_step__line_step_0003.png"", ""/results/yao314652/home/project/outputs/visual_benchmark/qwen25vl_7b_all_modalities/images/seq_0002__max_target_step__line/line/seq_0002__max_target_step__line_step_0004.png""]","[{""wavelength"": 500.0, ""concentration"": 2.0, ""path_length"": 2.0, ""absorbance"": 40.0}, {""wavelength"": 500.0, ""concentration"": 2.0, ""path_length"": 1.0, ""absorbance"": 20.0}, {""wavelength"": 500.0, ""concentration"": 2.0, ""path_length"": 2.0, ""absorbance"": 40.0}, {""wavelength"": 450.0, ""concentration"": 2.0, ""path_length"": 2.0, ""absorbance"": 36.0}, {""wavelength"": 400.0, ""concentration"": 2.0, ""path_length"": 2.0, ""absorbance"": 32.0}]"
seq_0002__max_target_step__scatter,seq_0002,max_target_step,max_step,scatter,scatter,At which step is absorbance the highest?,0,step,5,False,,"{""answer"": 5}","[""/results/yao314652/home/project/outputs/visual_benchmark/qwen25vl_7b_all_modalities/images/seq_0002__max_target_step__scatter/scatter/seq_0002__max_target_step__scatter_step_0000.png"", ""/results/yao314652/home/project/outputs/visual_benchmark/qwen25vl_7b_all_modalities/images/seq_0002__max_target_step__scatter/scatter/seq_0002__max_target_step__scatter_step_0001.png"", ""/results/yao314652/home/project/outputs/visual_benchmark/qwen25vl_7b_all_modalities/images/seq_0002__max_target_step__scatter/scatter/seq_0002__max_target_step__scatter_step_0002.png"", ""/results/yao314652/home/project/outputs/visual_benchmark/qwen25vl_7b_all_modalities/images/seq_0002__max_target_step__scatter/scatter/seq_0002__max_target_step__scatter_step_0003.png"", ""/results/yao314652/home/project/outputs/visual_benchmark/qwen25vl_7b_all_modalities/images/seq_0002__max_target_step__scatter/scatter/seq_0002__max_target_step__scatter_step_0004.png""]","[{""wavelength"": 500.0, ""concentration"": 2.0, ""path_length"": 2.0, ""absorbance"": 40.0}, {""wavelength"": 500.0, ""concentration"": 2.0, ""path_length"": 1.0, ""absorbance"": 20.0}, {""wavelength"": 500.0, ""concentration"": 2.0, ""path_length"": 2.0, ""absorbance"": 40.0}, {""wavelength"": 450.0, ""concentration"": 2.0, ""path_length"": 2.0, ""absorbance"": 36.0}, {""wavelength"": 400.0, ""concentration"": 2.0, ""path_length"": 2.0, ""absorbance"": 32.0}]"
seq_0002__max_target_step__simulation,seq_0002,max_target_step,max_step,simulation,simulation,At which step is absorbance the highest?,0,step,4,False,,"{""answer"": 4}","[""/results/yao314652/home/project/outputs/visual_benchmark/qwen25vl_7b_all_modalities/images/seq_0002__max_target_step__simulation/simulation/step_0000.png"", ""/results/yao314652/home/project/outputs/visual_benchmark/qwen25vl_7b_all_modalities/images/seq_0002__max_target_step__simulation/simulation/step_0001.png"", ""/results/yao314652/home/project/outputs/visual_benchmark/qwen25vl_7b_all_modalities/images/seq_0002__max_target_step__simulation/simulation/step_0002.png"", ""/results/yao314652/home/project/outputs/visual_benchmark/qwen25vl_7b_all_modalities/images/seq_0002__max_target_step__simulation/simulation/step_0003.png"", ""/results/yao314652/home/project/outputs/visual_benchmark/qwen25vl_7b_all_modalities/images/seq_0002__max_target_step__simulation/simulation/step_0004.png""]","[{""wavelength"": 500.0, ""concentration"": 2.0, ""path_length"": 2.0, ""absorbance"": 40.0}, {""wavelength"": 500.0, ""concentration"": 2.0, ""path_length"": 1.0, ""absorbance"": 20.0}, {""wavelength"": 500.0, ""concentration"": 2.0, ""path_length"": 2.0, ""absorbance"": 40.0}, {""wavelength"": 450.0, ""concentration"": 2.0, ""path_length"": 2.0, ""absorbance"": 36.0}, {""wavelength"": 400.0, ""concentration"": 2.0, ""path_length"": 2.0, ""absorbance"": 32.0}]"
seq_0002__largest_target_drop_step__text,seq_0002,largest_target_drop_step,largest_drop_step,text,none,"At which step does absorbance show the largest drop compared with the previous step? If it never drops, answer none.",1,step_or_none,3,False,,"{
  ""answer"": ""3""
}",[],"[{""wavelength"": 500.0, ""concentration"": 2.0, ""path_length"": 2.0, ""absorbance"": 40.0}, {""wavelength"": 500.0, ""concentration"": 2.0, ""path_length"": 1.0, ""absorbance"": 20.0}, {""wavelength"": 500.0, ""concentration"": 2.0, ""path_length"": 2.0, ""absorbance"": 40.0}, {""wavelength"": 450.0, ""concentration"": 2.0, ""path_length"": 2.0, ""absorbance"": 36.0}, {""wavelength"": 400.0, ""concentration"": 2.0, ""path_length"": 2.0, ""absorbance"": 32.0}]"
seq_0002__largest_target_drop_step__bar,seq_0002,largest_target_drop_step,largest_drop_step,bar,bar,"At which step does absorbance show the largest drop compared with the previous step? If it never drops, answer none.",1,step_or_none,4,False,,"{""answer"": 4}","[""/results/yao314652/home/project/outputs/visual_benchmark/qwen25vl_7b_all_modalities/images/seq_0002__largest_target_drop_step__bar/bar/step_0000.png"", ""/results/yao314652/home/project/outputs/visual_benchmark/qwen25vl_7b_all_modalities/images/seq_0002__largest_target_drop_step__bar/bar/step_0001.png"", ""/results/yao314652/home/project/outputs/visual_benchmark/qwen25vl_7b_all_modalities/images/seq_0002__largest_target_drop_step__bar/bar/step_0002.png"", ""/results/yao314652/home/project/outputs/visual_benchmark/qwen25vl_7b_all_modalities/images/seq_0002__largest_target_drop_step__bar/bar/step_0003.png"", ""/results/yao314652/home/project/outputs/visual_benchmark/qwen25vl_7b_all_modalities/images/seq_0002__largest_target_drop_step__bar/bar/step_0004.png""]","[{""wavelength"": 500.0, ""concentration"": 2.0, ""path_length"": 2.0, ""absorbance"": 40.0}, {""wavelength"": 500.0, ""concentration"": 2.0, ""path_length"": 1.0, ""absorbance"": 20.0}, {""wavelength"": 500.0, ""concentration"": 2.0, ""path_length"": 2.0, ""absorbance"": 40.0}, {""wavelength"": 450.0, ""concentration"": 2.0, ""path_length"": 2.0, ""absorbance"": 36.0}, {""wavelength"": 400.0, ""concentration"": 2.0, ""path_length"": 2.0, ""absorbance"": 32.0}]"
seq_0002__largest_target_drop_step__line,seq_0002,largest_target_drop_step,largest_drop_step,line,line,"At which step does absorbance show the largest drop compared with the previous step? If it never drops, answer none.",1,step_or_none,3,False,,"{""answer"": 3}","[""/results/yao314652/home/project/outputs/visual_benchmark/qwen25vl_7b_all_modalities/images/seq_0002__largest_target_drop_step__line/line/seq_0002__largest_target_drop_step__line_step_0000.png"", ""/results/yao314652/home/project/outputs/visual_benchmark/qwen25vl_7b_all_modalities/images/seq_0002__largest_target_drop_step__line/line/seq_0002__largest_target_drop_step__line_step_0001.png"", ""/results/yao314652/home/project/outputs/visual_benchmark/qwen25vl_7b_all_modalities/images/seq_0002__largest_target_drop_step__line/line/seq_0002__largest_target_drop_step__line_step_0002.png"", ""/results/yao314652/home/project/outputs/visual_benchmark/qwen25vl_7b_all_modalities/images/seq_0002__largest_target_drop_step__line/line/seq_0002__largest_target_drop_step__line_step_0003.png"", ""/results/yao314652/home/project/outputs/visual_benchmark/qwen25vl_7b_all_modalities/images/seq_0002__largest_target_drop_step__line/line/seq_0002__largest_target_drop_step__line_step_0004.png""]","[{""wavelength"": 500.0, ""concentration"": 2.0, ""path_length"": 2.0, ""absorbance"": 40.0}, {""wavelength"": 500.0, ""concentration"": 2.0, ""path_length"": 1.0, ""absorbance"": 20.0}, {""wavelength"": 500.0, ""concentration"": 2.0, ""path_length"": 2.0, ""absorbance"": 40.0}, {""wavelength"": 450.0, ""concentration"": 2.0, ""path_length"": 2.0, ""absorbance"": 36.0}, {""wavelength"": 400.0, ""concentration"": 2.0, ""path_length"": 2.0, ""absorbance"": 32.0}]"
seq_0002__largest_target_drop_step__scatter,seq_0002,largest_target_drop_step,largest_drop_step,scatter,scatter,"At which step does absorbance show the largest drop compared with the previous step? If it never drops, answer none.",1,step_or_none,none,False,,"{""answer"": ""none""}","[""/results/yao314652/home/project/outputs/visual_benchmark/qwen25vl_7b_all_modalities/images/seq_0002__largest_target_drop_step__scatter/scatter/seq_0002__largest_target_drop_step__scatter_step_0000.png"", ""/results/yao314652/home/project/outputs/visual_benchmark/qwen25vl_7b_all_modalities/images/seq_0002__largest_target_drop_step__scatter/scatter/seq_0002__largest_target_drop_step__scatter_step_0001.png"", ""/results/yao314652/home/project/outputs/visual_benchmark/qwen25vl_7b_all_modalities/images/seq_0002__largest_target_drop_step__scatter/scatter/seq_0002__largest_target_drop_step__scatter_step_0002.png"", ""/results/yao314652/home/project/outputs/visual_benchmark/qwen25vl_7b_all_modalities/images/seq_0002__largest_target_drop_step__scatter/scatter/seq_0002__largest_target_drop_step__scatter_step_0003.png"", ""/results/yao314652/home/project/outputs/visual_benchmark/qwen25vl_7b_all_modalities/images/seq_0002__largest_target_drop_step__scatter/scatter/seq_0002__largest_target_drop_step__scatter_step_0004.png""]","[{""wavelength"": 500.0, ""concentration"": 2.0, ""path_length"": 2.0, ""absorbance"": 40.0}, {""wavelength"": 500.0, ""concentration"": 2.0, ""path_length"": 1.0, ""absorbance"": 20.0}, {""wavelength"": 500.0, ""concentration"": 2.0, ""path_length"": 2.0, ""absorbance"": 40.0}, {""wavelength"": 450.0, ""concentration"": 2.0, ""path_length"": 2.0, ""absorbance"": 36.0}, {""wavelength"": 400.0, ""concentration"": 2.0, ""path_length"": 2.0, ""absorbance"": 32.0}]"
seq_0002__largest_target_drop_step__simulation,seq_0002,largest_target_drop_step,largest_drop_step,simulation,simulation,"At which step does absorbance show the largest drop compared with the previous step? If it never drops, answer none.",1,step_or_none,4,False,,"{""answer"": 4}","[""/results/yao314652/home/project/outputs/visual_benchmark/qwen25vl_7b_all_modalities/images/seq_0002__largest_target_drop_step__simulation/simulation/step_0000.png"", ""/results/yao314652/home/project/outputs/visual_benchmark/qwen25vl_7b_all_modalities/images/seq_0002__largest_target_drop_step__simulation/simulation/step_0001.png"", ""/results/yao314652/home/project/outputs/visual_benchmark/qwen25vl_7b_all_modalities/images/seq_0002__largest_target_drop_step__simulation/simulation/step_0002.png"", ""/results/yao314652/home/project/outputs/visual_benchmark/qwen25vl_7b_all_modalities/images/seq_0002__largest_target_drop_step__simulation/simulation/step_0003.png"", ""/results/yao314652/home/project/outputs/visual_benchmark/qwen25vl_7b_all_modalities/images/seq_0002__largest_target_drop_step__simulation/simulation/step_0004.png""]","[{""wavelength"": 500.0, ""concentration"": 2.0, ""path_length"": 2.0, ""absorbance"": 40.0}, {""wavelength"": 500.0, ""concentration"": 2.0, ""path_length"": 1.0, ""absorbance"": 20.0}, {""wavelength"": 500.0, ""concentration"": 2.0, ""path_length"": 2.0, ""absorbance"": 40.0}, {""wavelength"": 450.0, ""concentration"": 2.0, ""path_length"": 2.0, ""absorbance"": 36.0}, {""wavelength"": 400.0, ""concentration"": 2.0, ""path_length"": 2.0, ""absorbance"": 32.0}]"
seq_0003__read_last_target__text,seq_0003,read_last_target,value_at_step,text,none,What is the value of absorbance at step 4?,100.0,number,100,True,0.0,"{""answer"": 100}",[],"[{""wavelength"": 550.0, ""concentration"": 1.0, ""path_length"": 5.0, ""absorbance"": 55.0}, {""wavelength"": 500.0, ""concentration"": 1.0, ""path_length"": 5.0, ""absorbance"": 50.0}, {""wavelength"": 500.0, ""concentration"": 2.0, ""path_length"": 5.0, ""absorbance"": 100.0}, {""wavelength"": 500.0, ""concentration"": 3.0, ""path_length"": 5.0, ""absorbance"": 150.0}, {""wavelength"": 500.0, ""concentration"": 2.0, ""path_length"": 5.0, ""absorbance"": 100.0}]"
seq_0003__read_last_target__bar,seq_0003,read_last_target,value_at_step,bar,bar,What is the value of absorbance at step 4?,100.0,number,1,False,99.0,"```json
{
  ""answer"": 1
}
```","[""/results/yao314652/home/project/outputs/visual_benchmark/qwen25vl_7b_all_modalities/images/seq_0003__read_last_target__bar/bar/step_0000.png"", ""/results/yao314652/home/project/outputs/visual_benchmark/qwen25vl_7b_all_modalities/images/seq_0003__read_last_target__bar/bar/step_0001.png"", ""/results/yao314652/home/project/outputs/visual_benchmark/qwen25vl_7b_all_modalities/images/seq_0003__read_last_target__bar/bar/step_0002.png"", ""/results/yao314652/home/project/outputs/visual_benchmark/qwen25vl_7b_all_modalities/images/seq_0003__read_last_target__bar/bar/step_0003.png"", ""/results/yao314652/home/project/outputs/visual_benchmark/qwen25vl_7b_all_modalities/images/seq_0003__read_last_target__bar/bar/step_0004.png""]","[{""wavelength"": 550.0, ""concentration"": 1.0, ""path_length"": 5.0, ""absorbance"": 55.0}, {""wavelength"": 500.0, ""concentration"": 1.0, ""path_length"": 5.0, ""absorbance"": 50.0}, {""wavelength"": 500.0, ""concentration"": 2.0, ""path_length"": 5.0, ""absorbance"": 100.0}, {""wavelength"": 500.0, ""concentration"": 3.0, ""path_length"": 5.0, ""absorbance"": 150.0}, {""wavelength"": 500.0, ""concentration"": 2.0, ""path_length"": 5.0, ""absorbance"": 100.0}]"
seq_0003__read_last_target__line,seq_0003,read_last_target,value_at_step,line,line,What is the value of absorbance at step 4?,100.0,number,0.17,False,99.83,"{""answer"": 0.17}","[""/results/yao314652/home/project/outputs/visual_benchmark/qwen25vl_7b_all_modalities/images/seq_0003__read_last_target__line/line/seq_0003__read_last_target__line_step_0000.png"", ""/results/yao314652/home/project/outputs/visual_benchmark/qwen25vl_7b_all_modalities/images/seq_0003__read_last_target__line/line/seq_0003__read_last_target__line_step_0001.png"", ""/results/yao314652/home/project/outputs/visual_benchmark/qwen25vl_7b_all_modalities/images/seq_0003__read_last_target__line/line/seq_0003__read_last_target__line_step_0002.png"", ""/results/yao314652/home/project/outputs/visual_benchmark/qwen25vl_7b_all_modalities/images/seq_0003__read_last_target__line/line/seq_0003__read_last_target__line_step_0003.png"", ""/results/yao314652/home/project/outputs/visual_benchmark/qwen25vl_7b_all_modalities/images/seq_0003__read_last_target__line/line/seq_0003__read_last_target__line_step_0004.png""]","[{""wavelength"": 550.0, ""concentration"": 1.0, ""path_length"": 5.0, ""absorbance"": 55.0}, {""wavelength"": 500.0, ""concentration"": 1.0, ""path_length"": 5.0, ""absorbance"": 50.0}, {""wavelength"": 500.0, ""concentration"": 2.0, ""path_length"": 5.0, ""absorbance"": 100.0}, {""wavelength"": 500.0, ""concentration"": 3.0, ""path_length"": 5.0, ""absorbance"": 150.0}, {""wavelength"": 500.0, ""concentration"": 2.0, ""path_length"": 5.0, ""absorbance"": 100.0}]"
seq_0003__read_last_target__scatter,seq_0003,read_last_target,value_at_step,scatter,scatter,What is the value of absorbance at step 4?,100.0,number,0.2,False,99.8,"{""answer"": 0.2}","[""/results/yao314652/home/project/outputs/visual_benchmark/qwen25vl_7b_all_modalities/images/seq_0003__read_last_target__scatter/scatter/seq_0003__read_last_target__scatter_step_0000.png"", ""/results/yao314652/home/project/outputs/visual_benchmark/qwen25vl_7b_all_modalities/images/seq_0003__read_last_target__scatter/scatter/seq_0003__read_last_target__scatter_step_0001.png"", ""/results/yao314652/home/project/outputs/visual_benchmark/qwen25vl_7b_all_modalities/images/seq_0003__read_last_target__scatter/scatter/seq_0003__read_last_target__scatter_step_0002.png"", ""/results/yao314652/home/project/outputs/visual_benchmark/qwen25vl_7b_all_modalities/images/seq_0003__read_last_target__scatter/scatter/seq_0003__read_last_target__scatter_step_0003.png"", ""/results/yao314652/home/project/outputs/visual_benchmark/qwen25vl_7b_all_modalities/images/seq_0003__read_last_target__scatter/scatter/seq_0003__read_last_target__scatter_step_0004.png""]","[{""wavelength"": 550.0, ""concentration"": 1.0, ""path_length"": 5.0, ""absorbance"": 55.0}, {""wavelength"": 500.0, ""concentration"": 1.0, ""path_length"": 5.0, ""absorbance"": 50.0}, {""wavelength"": 500.0, ""concentration"": 2.0, ""path_length"": 5.0, ""absorbance"": 100.0}, {""wavelength"": 500.0, ""concentration"": 3.0, ""path_length"": 5.0, ""absorbance"": 150.0}, {""wavelength"": 500.0, ""concentration"": 2.0, ""path_length"": 5.0, ""absorbance"": 100.0}]"
seq_0003__read_last_target__simulation,seq_0003,read_last_target,value_at_step,simulation,simulation,What is the value of absorbance at step 4?,100.0,number,0.2,False,99.8,"{""answer"": 0.2}","[""/results/yao314652/home/project/outputs/visual_benchmark/qwen25vl_7b_all_modalities/images/seq_0003__read_last_target__simulation/simulation/step_0000.png"", ""/results/yao314652/home/project/outputs/visual_benchmark/qwen25vl_7b_all_modalities/images/seq_0003__read_last_target__simulation/simulation/step_0001.png"", ""/results/yao314652/home/project/outputs/visual_benchmark/qwen25vl_7b_all_modalities/images/seq_0003__read_last_target__simulation/simulation/step_0002.png"", ""/results/yao314652/home/project/outputs/visual_benchmark/qwen25vl_7b_all_modalities/images/seq_0003__read_last_target__simulation/simulation/step_0003.png"", ""/results/yao314652/home/project/outputs/visual_benchmark/qwen25vl_7b_all_modalities/images/seq_0003__read_last_target__simulation/simulation/step_0004.png""]","[{""wavelength"": 550.0, ""concentration"": 1.0, ""path_length"": 5.0, ""absorbance"": 55.0}, {""wavelength"": 500.0, ""concentration"": 1.0, ""path_length"": 5.0, ""absorbance"": 50.0}, {""wavelength"": 500.0, ""concentration"": 2.0, ""path_length"": 5.0, ""absorbance"": 100.0}, {""wavelength"": 500.0, ""concentration"": 3.0, ""path_length"": 5.0, ""absorbance"": 150.0}, {""wavelength"": 500.0, ""concentration"": 2.0, ""path_length"": 5.0, ""absorbance"": 100.0}]"
seq_0003__target_change_amount__text,seq_0003,target_change_amount,change_amount,text,none,By how much does absorbance change from step 0 to step 4?,45.0,number,-45,False,90.0,"{
  ""answer"": -45
}",[],"[{""wavelength"": 550.0, ""concentration"": 1.0, ""path_length"": 5.0, ""absorbance"": 55.0}, {""wavelength"": 500.0, ""concentration"": 1.0, ""path_length"": 5.0, ""absorbance"": 50.0}, {""wavelength"": 500.0, ""concentration"": 2.0, ""path_length"": 5.0, ""absorbance"": 100.0}, {""wavelength"": 500.0, ""concentration"": 3.0, ""path_length"": 5.0, ""absorbance"": 150.0}, {""wavelength"": 500.0, ""concentration"": 2.0, ""path_length"": 5.0, ""absorbance"": 100.0}]"
seq_0003__target_change_amount__bar,seq_0003,target_change_amount,change_amount,bar,bar,By how much does absorbance change from step 0 to step 4?,45.0,number,-0.03,False,45.03,"{""answer"": -0.03}","[""/results/yao314652/home/project/outputs/visual_benchmark/qwen25vl_7b_all_modalities/images/seq_0003__target_change_amount__bar/bar/step_0000.png"", ""/results/yao314652/home/project/outputs/visual_benchmark/qwen25vl_7b_all_modalities/images/seq_0003__target_change_amount__bar/bar/step_0001.png"", ""/results/yao314652/home/project/outputs/visual_benchmark/qwen25vl_7b_all_modalities/images/seq_0003__target_change_amount__bar/bar/step_0002.png"", ""/results/yao314652/home/project/outputs/visual_benchmark/qwen25vl_7b_all_modalities/images/seq_0003__target_change_amount__bar/bar/step_0003.png"", ""/results/yao314652/home/project/outputs/visual_benchmark/qwen25vl_7b_all_modalities/images/seq_0003__target_change_amount__bar/bar/step_0004.png""]","[{""wavelength"": 550.0, ""concentration"": 1.0, ""path_length"": 5.0, ""absorbance"": 55.0}, {""wavelength"": 500.0, ""concentration"": 1.0, ""path_length"": 5.0, ""absorbance"": 50.0}, {""wavelength"": 500.0, ""concentration"": 2.0, ""path_length"": 5.0, ""absorbance"": 100.0}, {""wavelength"": 500.0, ""concentration"": 3.0, ""path_length"": 5.0, ""absorbance"": 150.0}, {""wavelength"": 500.0, ""concentration"": 2.0, ""path_length"": 5.0, ""absorbance"": 100.0}]"
seq_0003__target_change_amount__line,seq_0003,target_change_amount,change_amount,line,line,By how much does absorbance change from step 0 to step 4?,45.0,number,-0.2,False,45.2,"{""answer"": -0.2}","[""/results/yao314652/home/project/outputs/visual_benchmark/qwen25vl_7b_all_modalities/images/seq_0003__target_change_amount__line/line/seq_0003__target_change_amount__line_step_0000.png"", ""/results/yao314652/home/project/outputs/visual_benchmark/qwen25vl_7b_all_modalities/images/seq_0003__target_change_amount__line/line/seq_0003__target_change_amount__line_step_0001.png"", ""/results/yao314652/home/project/outputs/visual_benchmark/qwen25vl_7b_all_modalities/images/seq_0003__target_change_amount__line/line/seq_0003__target_change_amount__line_step_0002.png"", ""/results/yao314652/home/project/outputs/visual_benchmark/qwen25vl_7b_all_modalities/images/seq_0003__target_change_amount__line/line/seq_0003__target_change_amount__line_step_0003.png"", ""/results/yao314652/home/project/outputs/visual_benchmark/qwen25vl_7b_all_modalities/images/seq_0003__target_change_amount__line/line/seq_0003__target_change_amount__line_step_0004.png""]","[{""wavelength"": 550.0, ""concentration"": 1.0, ""path_length"": 5.0, ""absorbance"": 55.0}, {""wavelength"": 500.0, ""concentration"": 1.0, ""path_length"": 5.0, ""absorbance"": 50.0}, {""wavelength"": 500.0, ""concentration"": 2.0, ""path_length"": 5.0, ""absorbance"": 100.0}, {""wavelength"": 500.0, ""concentration"": 3.0, ""path_length"": 5.0, ""absorbance"": 150.0}, {""wavelength"": 500.0, ""concentration"": 2.0, ""path_length"": 5.0, ""absorbance"": 100.0}]"
seq_0003__target_change_amount__scatter,seq_0003,target_change_amount,change_amount,scatter,scatter,By how much does absorbance change from step 0 to step 4?,45.0,number,-0.2,False,45.2,"{""answer"": -0.2}","[""/results/yao314652/home/project/outputs/visual_benchmark/qwen25vl_7b_all_modalities/images/seq_0003__target_change_amount__scatter/scatter/seq_0003__target_change_amount__scatter_step_0000.png"", ""/results/yao314652/home/project/outputs/visual_benchmark/qwen25vl_7b_all_modalities/images/seq_0003__target_change_amount__scatter/scatter/seq_0003__target_change_amount__scatter_step_0001.png"", ""/results/yao314652/home/project/outputs/visual_benchmark/qwen25vl_7b_all_modalities/images/seq_0003__target_change_amount__scatter/scatter/seq_0003__target_change_amount__scatter_step_0002.png"", ""/results/yao314652/home/project/outputs/visual_benchmark/qwen25vl_7b_all_modalities/images/seq_0003__target_change_amount__scatter/scatter/seq_0003__target_change_amount__scatter_step_0003.png"", ""/results/yao314652/home/project/outputs/visual_benchmark/qwen25vl_7b_all_modalities/images/seq_0003__target_change_amount__scatter/scatter/seq_0003__target_change_amount__scatter_step_0004.png""]","[{""wavelength"": 550.0, ""concentration"": 1.0, ""path_length"": 5.0, ""absorbance"": 55.0}, {""wavelength"": 500.0, ""concentration"": 1.0, ""path_length"": 5.0, ""absorbance"": 50.0}, {""wavelength"": 500.0, ""concentration"": 2.0, ""path_length"": 5.0, ""absorbance"": 100.0}, {""wavelength"": 500.0, ""concentration"": 3.0, ""path_length"": 5.0, ""absorbance"": 150.0}, {""wavelength"": 500.0, ""concentration"": 2.0, ""path_length"": 5.0, ""absorbance"": 100.0}]"
seq_0003__target_change_amount__simulation,seq_0003,target_change_amount,change_amount,simulation,simulation,By how much does absorbance change from step 0 to step 4?,45.0,number,0.1,False,44.9,"{""answer"": 0.1}","[""/results/yao314652/home/project/outputs/visual_benchmark/qwen25vl_7b_all_modalities/images/seq_0003__target_change_amount__simulation/simulation/step_0000.png"", ""/results/yao314652/home/project/outputs/visual_benchmark/qwen25vl_7b_all_modalities/images/seq_0003__target_change_amount__simulation/simulation/step_0001.png"", ""/results/yao314652/home/project/outputs/visual_benchmark/qwen25vl_7b_all_modalities/images/seq_0003__target_change_amount__simulation/simulation/step_0002.png"", ""/results/yao314652/home/project/outputs/visual_benchmark/qwen25vl_7b_all_modalities/images/seq_0003__target_change_amount__simulation/simulation/step_0003.png"", ""/results/yao314652/home/project/outputs/visual_benchmark/qwen25vl_7b_all_modalities/images/seq_0003__target_change_amount__simulation/simulation/step_0004.png""]","[{""wavelength"": 550.0, ""concentration"": 1.0, ""path_length"": 5.0, ""absorbance"": 55.0}, {""wavelength"": 500.0, ""concentration"": 1.0, ""path_length"": 5.0, ""absorbance"": 50.0}, {""wavelength"": 500.0, ""concentration"": 2.0, ""path_length"": 5.0, ""absorbance"": 100.0}, {""wavelength"": 500.0, ""concentration"": 3.0, ""path_length"": 5.0, ""absorbance"": 150.0}, {""wavelength"": 500.0, ""concentration"": 2.0, ""path_length"": 5.0, ""absorbance"": 100.0}]"
seq_0003__target_change_direction__text,seq_0003,target_change_direction,change_direction,text,none,"Does absorbance increase, decrease, or stay the same from step 0 to step 4?",increase,category,decrease,False,,"{
    ""answer"": ""decrease""
}",[],"[{""wavelength"": 550.0, ""concentration"": 1.0, ""path_length"": 5.0, ""absorbance"": 55.0}, {""wavelength"": 500.0, ""concentration"": 1.0, ""path_length"": 5.0, ""absorbance"": 50.0}, {""wavelength"": 500.0, ""concentration"": 2.0, ""path_length"": 5.0, ""absorbance"": 100.0}, {""wavelength"": 500.0, ""concentration"": 3.0, ""path_length"": 5.0, ""absorbance"": 150.0}, {""wavelength"": 500.0, ""concentration"": 2.0, ""path_length"": 5.0, ""absorbance"": 100.0}]"
seq_0003__target_change_direction__bar,seq_0003,target_change_direction,change_direction,bar,bar,"Does absorbance increase, decrease, or stay the same from step 0 to step 4?",increase,category,decrease,False,,"{""answer"": ""decrease""}","[""/results/yao314652/home/project/outputs/visual_benchmark/qwen25vl_7b_all_modalities/images/seq_0003__target_change_direction__bar/bar/step_0000.png"", ""/results/yao314652/home/project/outputs/visual_benchmark/qwen25vl_7b_all_modalities/images/seq_0003__target_change_direction__bar/bar/step_0001.png"", ""/results/yao314652/home/project/outputs/visual_benchmark/qwen25vl_7b_all_modalities/images/seq_0003__target_change_direction__bar/bar/step_0002.png"", ""/results/yao314652/home/project/outputs/visual_benchmark/qwen25vl_7b_all_modalities/images/seq_0003__target_change_direction__bar/bar/step_0003.png"", ""/results/yao314652/home/project/outputs/visual_benchmark/qwen25vl_7b_all_modalities/images/seq_0003__target_change_direction__bar/bar/step_0004.png""]","[{""wavelength"": 550.0, ""concentration"": 1.0, ""path_length"": 5.0, ""absorbance"": 55.0}, {""wavelength"": 500.0, ""concentration"": 1.0, ""path_length"": 5.0, ""absorbance"": 50.0}, {""wavelength"": 500.0, ""concentration"": 2.0, ""path_length"": 5.0, ""absorbance"": 100.0}, {""wavelength"": 500.0, ""concentration"": 3.0, ""path_length"": 5.0, ""absorbance"": 150.0}, {""wavelength"": 500.0, ""concentration"": 2.0, ""path_length"": 5.0, ""absorbance"": 100.0}]"
seq_0003__target_change_direction__line,seq_0003,target_change_direction,change_direction,line,line,"Does absorbance increase, decrease, or stay the same from step 0 to step 4?",increase,category,decrease,False,,"{""answer"": ""decrease""}","[""/results/yao314652/home/project/outputs/visual_benchmark/qwen25vl_7b_all_modalities/images/seq_0003__target_change_direction__line/line/seq_0003__target_change_direction__line_step_0000.png"", ""/results/yao314652/home/project/outputs/visual_benchmark/qwen25vl_7b_all_modalities/images/seq_0003__target_change_direction__line/line/seq_0003__target_change_direction__line_step_0001.png"", ""/results/yao314652/home/project/outputs/visual_benchmark/qwen25vl_7b_all_modalities/images/seq_0003__target_change_direction__line/line/seq_0003__target_change_direction__line_step_0002.png"", ""/results/yao314652/home/project/outputs/visual_benchmark/qwen25vl_7b_all_modalities/images/seq_0003__target_change_direction__line/line/seq_0003__target_change_direction__line_step_0003.png"", ""/results/yao314652/home/project/outputs/visual_benchmark/qwen25vl_7b_all_modalities/images/seq_0003__target_change_direction__line/line/seq_0003__target_change_direction__line_step_0004.png""]","[{""wavelength"": 550.0, ""concentration"": 1.0, ""path_length"": 5.0, ""absorbance"": 55.0}, {""wavelength"": 500.0, ""concentration"": 1.0, ""path_length"": 5.0, ""absorbance"": 50.0}, {""wavelength"": 500.0, ""concentration"": 2.0, ""path_length"": 5.0, ""absorbance"": 100.0}, {""wavelength"": 500.0, ""concentration"": 3.0, ""path_length"": 5.0, ""absorbance"": 150.0}, {""wavelength"": 500.0, ""concentration"": 2.0, ""path_length"": 5.0, ""absorbance"": 100.0}]"
seq_0003__target_change_direction__scatter,seq_0003,target_change_direction,change_direction,scatter,scatter,"Does absorbance increase, decrease, or stay the same from step 0 to step 4?",increase,category,increase,True,,"{""answer"": ""increase""}","[""/results/yao314652/home/project/outputs/visual_benchmark/qwen25vl_7b_all_modalities/images/seq_0003__target_change_direction__scatter/scatter/seq_0003__target_change_direction__scatter_step_0000.png"", ""/results/yao314652/home/project/outputs/visual_benchmark/qwen25vl_7b_all_modalities/images/seq_0003__target_change_direction__scatter/scatter/seq_0003__target_change_direction__scatter_step_0001.png"", ""/results/yao314652/home/project/outputs/visual_benchmark/qwen25vl_7b_all_modalities/images/seq_0003__target_change_direction__scatter/scatter/seq_0003__target_change_direction__scatter_step_0002.png"", ""/results/yao314652/home/project/outputs/visual_benchmark/qwen25vl_7b_all_modalities/images/seq_0003__target_change_direction__scatter/scatter/seq_0003__target_change_direction__scatter_step_0003.png"", ""/results/yao314652/home/project/outputs/visual_benchmark/qwen25vl_7b_all_modalities/images/seq_0003__target_change_direction__scatter/scatter/seq_0003__target_change_direction__scatter_step_0004.png""]","[{""wavelength"": 550.0, ""concentration"": 1.0, ""path_length"": 5.0, ""absorbance"": 55.0}, {""wavelength"": 500.0, ""concentration"": 1.0, ""path_length"": 5.0, ""absorbance"": 50.0}, {""wavelength"": 500.0, ""concentration"": 2.0, ""path_length"": 5.0, ""absorbance"": 100.0}, {""wavelength"": 500.0, ""concentration"": 3.0, ""path_length"": 5.0, ""absorbance"": 150.0}, {""wavelength"": 500.0, ""concentration"": 2.0, ""path_length"": 5.0, ""absorbance"": 100.0}]"
seq_0003__target_change_direction__simulation,seq_0003,target_change_direction,change_direction,simulation,simulation,"Does absorbance increase, decrease, or stay the same from step 0 to step 4?",increase,category,decrease,False,,"{""answer"": ""decrease""}","[""/results/yao314652/home/project/outputs/visual_benchmark/qwen25vl_7b_all_modalities/images/seq_0003__target_change_direction__simulation/simulation/step_0000.png"", ""/results/yao314652/home/project/outputs/visual_benchmark/qwen25vl_7b_all_modalities/images/seq_0003__target_change_direction__simulation/simulation/step_0001.png"", ""/results/yao314652/home/project/outputs/visual_benchmark/qwen25vl_7b_all_modalities/images/seq_0003__target_change_direction__simulation/simulation/step_0002.png"", ""/results/yao314652/home/project/outputs/visual_benchmark/qwen25vl_7b_all_modalities/images/seq_0003__target_change_direction__simulation/simulation/step_0003.png"", ""/results/yao314652/home/project/outputs/visual_benchmark/qwen25vl_7b_all_modalities/images/seq_0003__target_change_direction__simulation/simulation/step_0004.png""]","[{""wavelength"": 550.0, ""concentration"": 1.0, ""path_length"": 5.0, ""absorbance"": 55.0}, {""wavelength"": 500.0, ""concentration"": 1.0, ""path_length"": 5.0, ""absorbance"": 50.0}, {""wavelength"": 500.0, ""concentration"": 2.0, ""path_length"": 5.0, ""absorbance"": 100.0}, {""wavelength"": 500.0, ""concentration"": 3.0, ""path_length"": 5.0, ""absorbance"": 150.0}, {""wavelength"": 500.0, ""concentration"": 2.0, ""path_length"": 5.0, ""absorbance"": 100.0}]"
seq_0003__changed_variable_0_to_1__text,seq_0003,changed_variable_0_to_1,changed_variable,text,none,Which input variable changed from step 0 to step 1?,wavelength,category,wavelength,True,,"{
  ""answer"": ""wavelength""
}",[],"[{""wavelength"": 550.0, ""concentration"": 1.0, ""path_length"": 5.0, ""absorbance"": 55.0}, {""wavelength"": 500.0, ""concentration"": 1.0, ""path_length"": 5.0, ""absorbance"": 50.0}, {""wavelength"": 500.0, ""concentration"": 2.0, ""path_length"": 5.0, ""absorbance"": 100.0}, {""wavelength"": 500.0, ""concentration"": 3.0, ""path_length"": 5.0, ""absorbance"": 150.0}, {""wavelength"": 500.0, ""concentration"": 2.0, ""path_length"": 5.0, ""absorbance"": 100.0}]"
seq_0003__changed_variable_0_to_1__bar,seq_0003,changed_variable_0_to_1,changed_variable,bar,bar,Which input variable changed from step 0 to step 1?,wavelength,category,same,False,,same,"[""/results/yao314652/home/project/outputs/visual_benchmark/qwen25vl_7b_all_modalities/images/seq_0003__changed_variable_0_to_1__bar/bar/step_0000.png"", ""/results/yao314652/home/project/outputs/visual_benchmark/qwen25vl_7b_all_modalities/images/seq_0003__changed_variable_0_to_1__bar/bar/step_0001.png"", ""/results/yao314652/home/project/outputs/visual_benchmark/qwen25vl_7b_all_modalities/images/seq_0003__changed_variable_0_to_1__bar/bar/step_0002.png"", ""/results/yao314652/home/project/outputs/visual_benchmark/qwen25vl_7b_all_modalities/images/seq_0003__changed_variable_0_to_1__bar/bar/step_0003.png"", ""/results/yao314652/home/project/outputs/visual_benchmark/qwen25vl_7b_all_modalities/images/seq_0003__changed_variable_0_to_1__bar/bar/step_0004.png""]","[{""wavelength"": 550.0, ""concentration"": 1.0, ""path_length"": 5.0, ""absorbance"": 55.0}, {""wavelength"": 500.0, ""concentration"": 1.0, ""path_length"": 5.0, ""absorbance"": 50.0}, {""wavelength"": 500.0, ""concentration"": 2.0, ""path_length"": 5.0, ""absorbance"": 100.0}, {""wavelength"": 500.0, ""concentration"": 3.0, ""path_length"": 5.0, ""absorbance"": 150.0}, {""wavelength"": 500.0, ""concentration"": 2.0, ""path_length"": 5.0, ""absorbance"": 100.0}]"
seq_0003__changed_variable_0_to_1__line,seq_0003,changed_variable_0_to_1,changed_variable,line,line,Which input variable changed from step 0 to step 1?,wavelength,category,increase,False,,"{""answer"": ""increase""}","[""/results/yao314652/home/project/outputs/visual_benchmark/qwen25vl_7b_all_modalities/images/seq_0003__changed_variable_0_to_1__line/line/seq_0003__changed_variable_0_to_1__line_step_0000.png"", ""/results/yao314652/home/project/outputs/visual_benchmark/qwen25vl_7b_all_modalities/images/seq_0003__changed_variable_0_to_1__line/line/seq_0003__changed_variable_0_to_1__line_step_0001.png"", ""/results/yao314652/home/project/outputs/visual_benchmark/qwen25vl_7b_all_modalities/images/seq_0003__changed_variable_0_to_1__line/line/seq_0003__changed_variable_0_to_1__line_step_0002.png"", ""/results/yao314652/home/project/outputs/visual_benchmark/qwen25vl_7b_all_modalities/images/seq_0003__changed_variable_0_to_1__line/line/seq_0003__changed_variable_0_to_1__line_step_0003.png"", ""/results/yao314652/home/project/outputs/visual_benchmark/qwen25vl_7b_all_modalities/images/seq_0003__changed_variable_0_to_1__line/line/seq_0003__changed_variable_0_to_1__line_step_0004.png""]","[{""wavelength"": 550.0, ""concentration"": 1.0, ""path_length"": 5.0, ""absorbance"": 55.0}, {""wavelength"": 500.0, ""concentration"": 1.0, ""path_length"": 5.0, ""absorbance"": 50.0}, {""wavelength"": 500.0, ""concentration"": 2.0, ""path_length"": 5.0, ""absorbance"": 100.0}, {""wavelength"": 500.0, ""concentration"": 3.0, ""path_length"": 5.0, ""absorbance"": 150.0}, {""wavelength"": 500.0, ""concentration"": 2.0, ""path_length"": 5.0, ""absorbance"": 100.0}]"
seq_0003__changed_variable_0_to_1__scatter,seq_0003,changed_variable_0_to_1,changed_variable,scatter,scatter,Which input variable changed from step 0 to step 1?,wavelength,category,input_temperature,False,,"{""answer"": ""input_temperature""}","[""/results/yao314652/home/project/outputs/visual_benchmark/qwen25vl_7b_all_modalities/images/seq_0003__changed_variable_0_to_1__scatter/scatter/seq_0003__changed_variable_0_to_1__scatter_step_0000.png"", ""/results/yao314652/home/project/outputs/visual_benchmark/qwen25vl_7b_all_modalities/images/seq_0003__changed_variable_0_to_1__scatter/scatter/seq_0003__changed_variable_0_to_1__scatter_step_0001.png"", ""/results/yao314652/home/project/outputs/visual_benchmark/qwen25vl_7b_all_modalities/images/seq_0003__changed_variable_0_to_1__scatter/scatter/seq_0003__changed_variable_0_to_1__scatter_step_0002.png"", ""/results/yao314652/home/project/outputs/visual_benchmark/qwen25vl_7b_all_modalities/images/seq_0003__changed_variable_0_to_1__scatter/scatter/seq_0003__changed_variable_0_to_1__scatter_step_0003.png"", ""/results/yao314652/home/project/outputs/visual_benchmark/qwen25vl_7b_all_modalities/images/seq_0003__changed_variable_0_to_1__scatter/scatter/seq_0003__changed_variable_0_to_1__scatter_step_0004.png""]","[{""wavelength"": 550.0, ""concentration"": 1.0, ""path_length"": 5.0, ""absorbance"": 55.0}, {""wavelength"": 500.0, ""concentration"": 1.0, ""path_length"": 5.0, ""absorbance"": 50.0}, {""wavelength"": 500.0, ""concentration"": 2.0, ""path_length"": 5.0, ""absorbance"": 100.0}, {""wavelength"": 500.0, ""concentration"": 3.0, ""path_length"": 5.0, ""absorbance"": 150.0}, {""wavelength"": 500.0, ""concentration"": 2.0, ""path_length"": 5.0, ""absorbance"": 100.0}]"
seq_0003__changed_variable_0_to_1__simulation,seq_0003,changed_variable_0_to_1,changed_variable,simulation,simulation,Which input variable changed from step 0 to step 1?,wavelength,category,same,False,,"{""answer"": ""same""}","[""/results/yao314652/home/project/outputs/visual_benchmark/qwen25vl_7b_all_modalities/images/seq_0003__changed_variable_0_to_1__simulation/simulation/step_0000.png"", ""/results/yao314652/home/project/outputs/visual_benchmark/qwen25vl_7b_all_modalities/images/seq_0003__changed_variable_0_to_1__simulation/simulation/step_0001.png"", ""/results/yao314652/home/project/outputs/visual_benchmark/qwen25vl_7b_all_modalities/images/seq_0003__changed_variable_0_to_1__simulation/simulation/step_0002.png"", ""/results/yao314652/home/project/outputs/visual_benchmark/qwen25vl_7b_all_modalities/images/seq_0003__changed_variable_0_to_1__simulation/simulation/step_0003.png"", ""/results/yao314652/home/project/outputs/visual_benchmark/qwen25vl_7b_all_modalities/images/seq_0003__changed_variable_0_to_1__simulation/simulation/step_0004.png""]","[{""wavelength"": 550.0, ""concentration"": 1.0, ""path_length"": 5.0, ""absorbance"": 55.0}, {""wavelength"": 500.0, ""concentration"": 1.0, ""path_length"": 5.0, ""absorbance"": 50.0}, {""wavelength"": 500.0, ""concentration"": 2.0, ""path_length"": 5.0, ""absorbance"": 100.0}, {""wavelength"": 500.0, ""concentration"": 3.0, ""path_length"": 5.0, ""absorbance"": 150.0}, {""wavelength"": 500.0, ""concentration"": 2.0, ""path_length"": 5.0, ""absorbance"": 100.0}]"
seq_0003__max_target_step__text,seq_0003,max_target_step,max_step,text,none,At which step is absorbance the highest?,3,step,3,True,,"```json
{""answer"": 3}
```",[],"[{""wavelength"": 550.0, ""concentration"": 1.0, ""path_length"": 5.0, ""absorbance"": 55.0}, {""wavelength"": 500.0, ""concentration"": 1.0, ""path_length"": 5.0, ""absorbance"": 50.0}, {""wavelength"": 500.0, ""concentration"": 2.0, ""path_length"": 5.0, ""absorbance"": 100.0}, {""wavelength"": 500.0, ""concentration"": 3.0, ""path_length"": 5.0, ""absorbance"": 150.0}, {""wavelength"": 500.0, ""concentration"": 2.0, ""path_length"": 5.0, ""absorbance"": 100.0}]"
seq_0003__max_target_step__bar,seq_0003,max_target_step,max_step,bar,bar,At which step is absorbance the highest?,3,step,4,False,,"{""answer"": 4}","[""/results/yao314652/home/project/outputs/visual_benchmark/qwen25vl_7b_all_modalities/images/seq_0003__max_target_step__bar/bar/step_0000.png"", ""/results/yao314652/home/project/outputs/visual_benchmark/qwen25vl_7b_all_modalities/images/seq_0003__max_target_step__bar/bar/step_0001.png"", ""/results/yao314652/home/project/outputs/visual_benchmark/qwen25vl_7b_all_modalities/images/seq_0003__max_target_step__bar/bar/step_0002.png"", ""/results/yao314652/home/project/outputs/visual_benchmark/qwen25vl_7b_all_modalities/images/seq_0003__max_target_step__bar/bar/step_0003.png"", ""/results/yao314652/home/project/outputs/visual_benchmark/qwen25vl_7b_all_modalities/images/seq_0003__max_target_step__bar/bar/step_0004.png""]","[{""wavelength"": 550.0, ""concentration"": 1.0, ""path_length"": 5.0, ""absorbance"": 55.0}, {""wavelength"": 500.0, ""concentration"": 1.0, ""path_length"": 5.0, ""absorbance"": 50.0}, {""wavelength"": 500.0, ""concentration"": 2.0, ""path_length"": 5.0, ""absorbance"": 100.0}, {""wavelength"": 500.0, ""concentration"": 3.0, ""path_length"": 5.0, ""absorbance"": 150.0}, {""wavelength"": 500.0, ""concentration"": 2.0, ""path_length"": 5.0, ""absorbance"": 100.0}]"
seq_0003__max_target_step__line,seq_0003,max_target_step,max_step,line,line,At which step is absorbance the highest?,3,step,2,False,,"{""answer"": 2}","[""/results/yao314652/home/project/outputs/visual_benchmark/qwen25vl_7b_all_modalities/images/seq_0003__max_target_step__line/line/seq_0003__max_target_step__line_step_0000.png"", ""/results/yao314652/home/project/outputs/visual_benchmark/qwen25vl_7b_all_modalities/images/seq_0003__max_target_step__line/line/seq_0003__max_target_step__line_step_0001.png"", ""/results/yao314652/home/project/outputs/visual_benchmark/qwen25vl_7b_all_modalities/images/seq_0003__max_target_step__line/line/seq_0003__max_target_step__line_step_0002.png"", ""/results/yao314652/home/project/outputs/visual_benchmark/qwen25vl_7b_all_modalities/images/seq_0003__max_target_step__line/line/seq_0003__max_target_step__line_step_0003.png"", ""/results/yao314652/home/project/outputs/visual_benchmark/qwen25vl_7b_all_modalities/images/seq_0003__max_target_step__line/line/seq_0003__max_target_step__line_step_0004.png""]","[{""wavelength"": 550.0, ""concentration"": 1.0, ""path_length"": 5.0, ""absorbance"": 55.0}, {""wavelength"": 500.0, ""concentration"": 1.0, ""path_length"": 5.0, ""absorbance"": 50.0}, {""wavelength"": 500.0, ""concentration"": 2.0, ""path_length"": 5.0, ""absorbance"": 100.0}, {""wavelength"": 500.0, ""concentration"": 3.0, ""path_length"": 5.0, ""absorbance"": 150.0}, {""wavelength"": 500.0, ""concentration"": 2.0, ""path_length"": 5.0, ""absorbance"": 100.0}]"
seq_0003__max_target_step__scatter,seq_0003,max_target_step,max_step,scatter,scatter,At which step is absorbance the highest?,3,step,1,False,,"{""answer"": 1}","[""/results/yao314652/home/project/outputs/visual_benchmark/qwen25vl_7b_all_modalities/images/seq_0003__max_target_step__scatter/scatter/seq_0003__max_target_step__scatter_step_0000.png"", ""/results/yao314652/home/project/outputs/visual_benchmark/qwen25vl_7b_all_modalities/images/seq_0003__max_target_step__scatter/scatter/seq_0003__max_target_step__scatter_step_0001.png"", ""/results/yao314652/home/project/outputs/visual_benchmark/qwen25vl_7b_all_modalities/images/seq_0003__max_target_step__scatter/scatter/seq_0003__max_target_step__scatter_step_0002.png"", ""/results/yao314652/home/project/outputs/visual_benchmark/qwen25vl_7b_all_modalities/images/seq_0003__max_target_step__scatter/scatter/seq_0003__max_target_step__scatter_step_0003.png"", ""/results/yao314652/home/project/outputs/visual_benchmark/qwen25vl_7b_all_modalities/images/seq_0003__max_target_step__scatter/scatter/seq_0003__max_target_step__scatter_step_0004.png""]","[{""wavelength"": 550.0, ""concentration"": 1.0, ""path_length"": 5.0, ""absorbance"": 55.0}, {""wavelength"": 500.0, ""concentration"": 1.0, ""path_length"": 5.0, ""absorbance"": 50.0}, {""wavelength"": 500.0, ""concentration"": 2.0, ""path_length"": 5.0, ""absorbance"": 100.0}, {""wavelength"": 500.0, ""concentration"": 3.0, ""path_length"": 5.0, ""absorbance"": 150.0}, {""wavelength"": 500.0, ""concentration"": 2.0, ""path_length"": 5.0, ""absorbance"": 100.0}]"
seq_0003__max_target_step__simulation,seq_0003,max_target_step,max_step,simulation,simulation,At which step is absorbance the highest?,3,step,4,False,,"{""answer"": 4}","[""/results/yao314652/home/project/outputs/visual_benchmark/qwen25vl_7b_all_modalities/images/seq_0003__max_target_step__simulation/simulation/step_0000.png"", ""/results/yao314652/home/project/outputs/visual_benchmark/qwen25vl_7b_all_modalities/images/seq_0003__max_target_step__simulation/simulation/step_0001.png"", ""/results/yao314652/home/project/outputs/visual_benchmark/qwen25vl_7b_all_modalities/images/seq_0003__max_target_step__simulation/simulation/step_0002.png"", ""/results/yao314652/home/project/outputs/visual_benchmark/qwen25vl_7b_all_modalities/images/seq_0003__max_target_step__simulation/simulation/step_0003.png"", ""/results/yao314652/home/project/outputs/visual_benchmark/qwen25vl_7b_all_modalities/images/seq_0003__max_target_step__simulation/simulation/step_0004.png""]","[{""wavelength"": 550.0, ""concentration"": 1.0, ""path_length"": 5.0, ""absorbance"": 55.0}, {""wavelength"": 500.0, ""concentration"": 1.0, ""path_length"": 5.0, ""absorbance"": 50.0}, {""wavelength"": 500.0, ""concentration"": 2.0, ""path_length"": 5.0, ""absorbance"": 100.0}, {""wavelength"": 500.0, ""concentration"": 3.0, ""path_length"": 5.0, ""absorbance"": 150.0}, {""wavelength"": 500.0, ""concentration"": 2.0, ""path_length"": 5.0, ""absorbance"": 100.0}]"
seq_0003__largest_target_drop_step__text,seq_0003,largest_target_drop_step,largest_drop_step,text,none,"At which step does absorbance show the largest drop compared with the previous step? If it never drops, answer none.",4,step_or_none,4,True,,"```json
{""answer"": ""4""}
```",[],"[{""wavelength"": 550.0, ""concentration"": 1.0, ""path_length"": 5.0, ""absorbance"": 55.0}, {""wavelength"": 500.0, ""concentration"": 1.0, ""path_length"": 5.0, ""absorbance"": 50.0}, {""wavelength"": 500.0, ""concentration"": 2.0, ""path_length"": 5.0, ""absorbance"": 100.0}, {""wavelength"": 500.0, ""concentration"": 3.0, ""path_length"": 5.0, ""absorbance"": 150.0}, {""wavelength"": 500.0, ""concentration"": 2.0, ""path_length"": 5.0, ""absorbance"": 100.0}]"
seq_0003__largest_target_drop_step__bar,seq_0003,largest_target_drop_step,largest_drop_step,bar,bar,"At which step does absorbance show the largest drop compared with the previous step? If it never drops, answer none.",4,step_or_none,2,False,,"{""answer"": ""2""}","[""/results/yao314652/home/project/outputs/visual_benchmark/qwen25vl_7b_all_modalities/images/seq_0003__largest_target_drop_step__bar/bar/step_0000.png"", ""/results/yao314652/home/project/outputs/visual_benchmark/qwen25vl_7b_all_modalities/images/seq_0003__largest_target_drop_step__bar/bar/step_0001.png"", ""/results/yao314652/home/project/outputs/visual_benchmark/qwen25vl_7b_all_modalities/images/seq_0003__largest_target_drop_step__bar/bar/step_0002.png"", ""/results/yao314652/home/project/outputs/visual_benchmark/qwen25vl_7b_all_modalities/images/seq_0003__largest_target_drop_step__bar/bar/step_0003.png"", ""/results/yao314652/home/project/outputs/visual_benchmark/qwen25vl_7b_all_modalities/images/seq_0003__largest_target_drop_step__bar/bar/step_0004.png""]","[{""wavelength"": 550.0, ""concentration"": 1.0, ""path_length"": 5.0, ""absorbance"": 55.0}, {""wavelength"": 500.0, ""concentration"": 1.0, ""path_length"": 5.0, ""absorbance"": 50.0}, {""wavelength"": 500.0, ""concentration"": 2.0, ""path_length"": 5.0, ""absorbance"": 100.0}, {""wavelength"": 500.0, ""concentration"": 3.0, ""path_length"": 5.0, ""absorbance"": 150.0}, {""wavelength"": 500.0, ""concentration"": 2.0, ""path_length"": 5.0, ""absorbance"": 100.0}]"
seq_0003__largest_target_drop_step__line,seq_0003,largest_target_drop_step,largest_drop_step,line,line,"At which step does absorbance show the largest drop compared with the previous step? If it never drops, answer none.",4,step_or_none,1,False,,"{""answer"": 1}","[""/results/yao314652/home/project/outputs/visual_benchmark/qwen25vl_7b_all_modalities/images/seq_0003__largest_target_drop_step__line/line/seq_0003__largest_target_drop_step__line_step_0000.png"", ""/results/yao314652/home/project/outputs/visual_benchmark/qwen25vl_7b_all_modalities/images/seq_0003__largest_target_drop_step__line/line/seq_0003__largest_target_drop_step__line_step_0001.png"", ""/results/yao314652/home/project/outputs/visual_benchmark/qwen25vl_7b_all_modalities/images/seq_0003__largest_target_drop_step__line/line/seq_0003__largest_target_drop_step__line_step_0002.png"", ""/results/yao314652/home/project/outputs/visual_benchmark/qwen25vl_7b_all_modalities/images/seq_0003__largest_target_drop_step__line/line/seq_0003__largest_target_drop_step__line_step_0003.png"", ""/results/yao314652/home/project/outputs/visual_benchmark/qwen25vl_7b_all_modalities/images/seq_0003__largest_target_drop_step__line/line/seq_0003__largest_target_drop_step__line_step_0004.png""]","[{""wavelength"": 550.0, ""concentration"": 1.0, ""path_length"": 5.0, ""absorbance"": 55.0}, {""wavelength"": 500.0, ""concentration"": 1.0, ""path_length"": 5.0, ""absorbance"": 50.0}, {""wavelength"": 500.0, ""concentration"": 2.0, ""path_length"": 5.0, ""absorbance"": 100.0}, {""wavelength"": 500.0, ""concentration"": 3.0, ""path_length"": 5.0, ""absorbance"": 150.0}, {""wavelength"": 500.0, ""concentration"": 2.0, ""path_length"": 5.0, ""absorbance"": 100.0}]"
seq_0003__largest_target_drop_step__scatter,seq_0003,largest_target_drop_step,largest_drop_step,scatter,scatter,"At which step does absorbance show the largest drop compared with the previous step? If it never drops, answer none.",4,step_or_none,4,True,,"{""answer"": 4}","[""/results/yao314652/home/project/outputs/visual_benchmark/qwen25vl_7b_all_modalities/images/seq_0003__largest_target_drop_step__scatter/scatter/seq_0003__largest_target_drop_step__scatter_step_0000.png"", ""/results/yao314652/home/project/outputs/visual_benchmark/qwen25vl_7b_all_modalities/images/seq_0003__largest_target_drop_step__scatter/scatter/seq_0003__largest_target_drop_step__scatter_step_0001.png"", ""/results/yao314652/home/project/outputs/visual_benchmark/qwen25vl_7b_all_modalities/images/seq_0003__largest_target_drop_step__scatter/scatter/seq_0003__largest_target_drop_step__scatter_step_0002.png"", ""/results/yao314652/home/project/outputs/visual_benchmark/qwen25vl_7b_all_modalities/images/seq_0003__largest_target_drop_step__scatter/scatter/seq_0003__largest_target_drop_step__scatter_step_0003.png"", ""/results/yao314652/home/project/outputs/visual_benchmark/qwen25vl_7b_all_modalities/images/seq_0003__largest_target_drop_step__scatter/scatter/seq_0003__largest_target_drop_step__scatter_step_0004.png""]","[{""wavelength"": 550.0, ""concentration"": 1.0, ""path_length"": 5.0, ""absorbance"": 55.0}, {""wavelength"": 500.0, ""concentration"": 1.0, ""path_length"": 5.0, ""absorbance"": 50.0}, {""wavelength"": 500.0, ""concentration"": 2.0, ""path_length"": 5.0, ""absorbance"": 100.0}, {""wavelength"": 500.0, ""concentration"": 3.0, ""path_length"": 5.0, ""absorbance"": 150.0}, {""wavelength"": 500.0, ""concentration"": 2.0, ""path_length"": 5.0, ""absorbance"": 100.0}]"
seq_0003__largest_target_drop_step__simulation,seq_0003,largest_target_drop_step,largest_drop_step,simulation,simulation,"At which step does absorbance show the largest drop compared with the previous step? If it never drops, answer none.",4,step_or_none,4,True,,"{""answer"": 4}","[""/results/yao314652/home/project/outputs/visual_benchmark/qwen25vl_7b_all_modalities/images/seq_0003__largest_target_drop_step__simulation/simulation/step_0000.png"", ""/results/yao314652/home/project/outputs/visual_benchmark/qwen25vl_7b_all_modalities/images/seq_0003__largest_target_drop_step__simulation/simulation/step_0001.png"", ""/results/yao314652/home/project/outputs/visual_benchmark/qwen25vl_7b_all_modalities/images/seq_0003__largest_target_drop_step__simulation/simulation/step_0002.png"", ""/results/yao314652/home/project/outputs/visual_benchmark/qwen25vl_7b_all_modalities/images/seq_0003__largest_target_drop_step__simulation/simulation/step_0003.png"", ""/results/yao314652/home/project/outputs/visual_benchmark/qwen25vl_7b_all_modalities/images/seq_0003__largest_target_drop_step__simulation/simulation/step_0004.png""]","[{""wavelength"": 550.0, ""concentration"": 1.0, ""path_length"": 5.0, ""absorbance"": 55.0}, {""wavelength"": 500.0, ""concentration"": 1.0, ""path_length"": 5.0, ""absorbance"": 50.0}, {""wavelength"": 500.0, ""concentration"": 2.0, ""path_length"": 5.0, ""absorbance"": 100.0}, {""wavelength"": 500.0, ""concentration"": 3.0, ""path_length"": 5.0, ""absorbance"": 150.0}, {""wavelength"": 500.0, ""concentration"": 2.0, ""path_length"": 5.0, ""absorbance"": 100.0}]"
seq_0004__read_last_target__text,seq_0004,read_last_target,value_at_step,text,none,What is the value of absorbance at step 4?,64.0,number,64,True,0.0,"{
  ""answer"": 64
}",[],"[{""wavelength"": 550.0, ""concentration"": 3.0, ""path_length"": 4.0, ""absorbance"": 132.0}, {""wavelength"": 500.0, ""concentration"": 3.0, ""path_length"": 4.0, ""absorbance"": 120.0}, {""wavelength"": 450.0, ""concentration"": 3.0, ""path_length"": 4.0, ""absorbance"": 108.0}, {""wavelength"": 400.0, ""concentration"": 3.0, ""path_length"": 4.0, ""absorbance"": 96.0}, {""wavelength"": 400.0, ""concentration"": 2.0, ""path_length"": 4.0, ""absorbance"": 64.0}]"
seq_0004__read_last_target__bar,seq_0004,read_last_target,value_at_step,bar,bar,What is the value of absorbance at step 4?,64.0,number,0.1,False,63.9,"{""answer"": 0.1}","[""/results/yao314652/home/project/outputs/visual_benchmark/qwen25vl_7b_all_modalities/images/seq_0004__read_last_target__bar/bar/step_0000.png"", ""/results/yao314652/home/project/outputs/visual_benchmark/qwen25vl_7b_all_modalities/images/seq_0004__read_last_target__bar/bar/step_0001.png"", ""/results/yao314652/home/project/outputs/visual_benchmark/qwen25vl_7b_all_modalities/images/seq_0004__read_last_target__bar/bar/step_0002.png"", ""/results/yao314652/home/project/outputs/visual_benchmark/qwen25vl_7b_all_modalities/images/seq_0004__read_last_target__bar/bar/step_0003.png"", ""/results/yao314652/home/project/outputs/visual_benchmark/qwen25vl_7b_all_modalities/images/seq_0004__read_last_target__bar/bar/step_0004.png""]","[{""wavelength"": 550.0, ""concentration"": 3.0, ""path_length"": 4.0, ""absorbance"": 132.0}, {""wavelength"": 500.0, ""concentration"": 3.0, ""path_length"": 4.0, ""absorbance"": 120.0}, {""wavelength"": 450.0, ""concentration"": 3.0, ""path_length"": 4.0, ""absorbance"": 108.0}, {""wavelength"": 400.0, ""concentration"": 3.0, ""path_length"": 4.0, ""absorbance"": 96.0}, {""wavelength"": 400.0, ""concentration"": 2.0, ""path_length"": 4.0, ""absorbance"": 64.0}]"
seq_0004__read_last_target__line,seq_0004,read_last_target,value_at_step,line,line,What is the value of absorbance at step 4?,64.0,number,0.2,False,63.8,"{""answer"": 0.2}","[""/results/yao314652/home/project/outputs/visual_benchmark/qwen25vl_7b_all_modalities/images/seq_0004__read_last_target__line/line/seq_0004__read_last_target__line_step_0000.png"", ""/results/yao314652/home/project/outputs/visual_benchmark/qwen25vl_7b_all_modalities/images/seq_0004__read_last_target__line/line/seq_0004__read_last_target__line_step_0001.png"", ""/results/yao314652/home/project/outputs/visual_benchmark/qwen25vl_7b_all_modalities/images/seq_0004__read_last_target__line/line/seq_0004__read_last_target__line_step_0002.png"", ""/results/yao314652/home/project/outputs/visual_benchmark/qwen25vl_7b_all_modalities/images/seq_0004__read_last_target__line/line/seq_0004__read_last_target__line_step_0003.png"", ""/results/yao314652/home/project/outputs/visual_benchmark/qwen25vl_7b_all_modalities/images/seq_0004__read_last_target__line/line/seq_0004__read_last_target__line_step_0004.png""]","[{""wavelength"": 550.0, ""concentration"": 3.0, ""path_length"": 4.0, ""absorbance"": 132.0}, {""wavelength"": 500.0, ""concentration"": 3.0, ""path_length"": 4.0, ""absorbance"": 120.0}, {""wavelength"": 450.0, ""concentration"": 3.0, ""path_length"": 4.0, ""absorbance"": 108.0}, {""wavelength"": 400.0, ""concentration"": 3.0, ""path_length"": 4.0, ""absorbance"": 96.0}, {""wavelength"": 400.0, ""concentration"": 2.0, ""path_length"": 4.0, ""absorbance"": 64.0}]"
seq_0004__read_last_target__scatter,seq_0004,read_last_target,value_at_step,scatter,scatter,What is the value of absorbance at step 4?,64.0,number,0.3,False,63.7,"{""answer"": 0.3}","[""/results/yao314652/home/project/outputs/visual_benchmark/qwen25vl_7b_all_modalities/images/seq_0004__read_last_target__scatter/scatter/seq_0004__read_last_target__scatter_step_0000.png"", ""/results/yao314652/home/project/outputs/visual_benchmark/qwen25vl_7b_all_modalities/images/seq_0004__read_last_target__scatter/scatter/seq_0004__read_last_target__scatter_step_0001.png"", ""/results/yao314652/home/project/outputs/visual_benchmark/qwen25vl_7b_all_modalities/images/seq_0004__read_last_target__scatter/scatter/seq_0004__read_last_target__scatter_step_0002.png"", ""/results/yao314652/home/project/outputs/visual_benchmark/qwen25vl_7b_all_modalities/images/seq_0004__read_last_target__scatter/scatter/seq_0004__read_last_target__scatter_step_0003.png"", ""/results/yao314652/home/project/outputs/visual_benchmark/qwen25vl_7b_all_modalities/images/seq_0004__read_last_target__scatter/scatter/seq_0004__read_last_target__scatter_step_0004.png""]","[{""wavelength"": 550.0, ""concentration"": 3.0, ""path_length"": 4.0, ""absorbance"": 132.0}, {""wavelength"": 500.0, ""concentration"": 3.0, ""path_length"": 4.0, ""absorbance"": 120.0}, {""wavelength"": 450.0, ""concentration"": 3.0, ""path_length"": 4.0, ""absorbance"": 108.0}, {""wavelength"": 400.0, ""concentration"": 3.0, ""path_length"": 4.0, ""absorbance"": 96.0}, {""wavelength"": 400.0, ""concentration"": 2.0, ""path_length"": 4.0, ""absorbance"": 64.0}]"
seq_0004__read_last_target__simulation,seq_0004,read_last_target,value_at_step,simulation,simulation,What is the value of absorbance at step 4?,64.0,number,0.2,False,63.8,"{""answer"": 0.2}","[""/results/yao314652/home/project/outputs/visual_benchmark/qwen25vl_7b_all_modalities/images/seq_0004__read_last_target__simulation/simulation/step_0000.png"", ""/results/yao314652/home/project/outputs/visual_benchmark/qwen25vl_7b_all_modalities/images/seq_0004__read_last_target__simulation/simulation/step_0001.png"", ""/results/yao314652/home/project/outputs/visual_benchmark/qwen25vl_7b_all_modalities/images/seq_0004__read_last_target__simulation/simulation/step_0002.png"", ""/results/yao314652/home/project/outputs/visual_benchmark/qwen25vl_7b_all_modalities/images/seq_0004__read_last_target__simulation/simulation/step_0003.png"", ""/results/yao314652/home/project/outputs/visual_benchmark/qwen25vl_7b_all_modalities/images/seq_0004__read_last_target__simulation/simulation/step_0004.png""]","[{""wavelength"": 550.0, ""concentration"": 3.0, ""path_length"": 4.0, ""absorbance"": 132.0}, {""wavelength"": 500.0, ""concentration"": 3.0, ""path_length"": 4.0, ""absorbance"": 120.0}, {""wavelength"": 450.0, ""concentration"": 3.0, ""path_length"": 4.0, ""absorbance"": 108.0}, {""wavelength"": 400.0, ""concentration"": 3.0, ""path_length"": 4.0, ""absorbance"": 96.0}, {""wavelength"": 400.0, ""concentration"": 2.0, ""path_length"": 4.0, ""absorbance"": 64.0}]"
seq_0004__target_change_amount__text,seq_0004,target_change_amount,change_amount,text,none,By how much does absorbance change from step 0 to step 4?,-68.0,number,-68,True,0.0,"{""answer"": -68}",[],"[{""wavelength"": 550.0, ""concentration"": 3.0, ""path_length"": 4.0, ""absorbance"": 132.0}, {""wavelength"": 500.0, ""concentration"": 3.0, ""path_length"": 4.0, ""absorbance"": 120.0}, {""wavelength"": 450.0, ""concentration"": 3.0, ""path_length"": 4.0, ""absorbance"": 108.0}, {""wavelength"": 400.0, ""concentration"": 3.0, ""path_length"": 4.0, ""absorbance"": 96.0}, {""wavelength"": 400.0, ""concentration"": 2.0, ""path_length"": 4.0, ""absorbance"": 64.0}]"
seq_0004__target_change_amount__bar,seq_0004,target_change_amount,change_amount,bar,bar,By how much does absorbance change from step 0 to step 4?,-68.0,number,-1,False,67.0,"{""answer"": -1}","[""/results/yao314652/home/project/outputs/visual_benchmark/qwen25vl_7b_all_modalities/images/seq_0004__target_change_amount__bar/bar/step_0000.png"", ""/results/yao314652/home/project/outputs/visual_benchmark/qwen25vl_7b_all_modalities/images/seq_0004__target_change_amount__bar/bar/step_0001.png"", ""/results/yao314652/home/project/outputs/visual_benchmark/qwen25vl_7b_all_modalities/images/seq_0004__target_change_amount__bar/bar/step_0002.png"", ""/results/yao314652/home/project/outputs/visual_benchmark/qwen25vl_7b_all_modalities/images/seq_0004__target_change_amount__bar/bar/step_0003.png"", ""/results/yao314652/home/project/outputs/visual_benchmark/qwen25vl_7b_all_modalities/images/seq_0004__target_change_amount__bar/bar/step_0004.png""]","[{""wavelength"": 550.0, ""concentration"": 3.0, ""path_length"": 4.0, ""absorbance"": 132.0}, {""wavelength"": 500.0, ""concentration"": 3.0, ""path_length"": 4.0, ""absorbance"": 120.0}, {""wavelength"": 450.0, ""concentration"": 3.0, ""path_length"": 4.0, ""absorbance"": 108.0}, {""wavelength"": 400.0, ""concentration"": 3.0, ""path_length"": 4.0, ""absorbance"": 96.0}, {""wavelength"": 400.0, ""concentration"": 2.0, ""path_length"": 4.0, ""absorbance"": 64.0}]"
seq_0004__target_change_amount__line,seq_0004,target_change_amount,change_amount,line,line,By how much does absorbance change from step 0 to step 4?,-68.0,number,-0.2,False,67.8,"{""answer"": -0.2}","[""/results/yao314652/home/project/outputs/visual_benchmark/qwen25vl_7b_all_modalities/images/seq_0004__target_change_amount__line/line/seq_0004__target_change_amount__line_step_0000.png"", ""/results/yao314652/home/project/outputs/visual_benchmark/qwen25vl_7b_all_modalities/images/seq_0004__target_change_amount__line/line/seq_0004__target_change_amount__line_step_0001.png"", ""/results/yao314652/home/project/outputs/visual_benchmark/qwen25vl_7b_all_modalities/images/seq_0004__target_change_amount__line/line/seq_0004__target_change_amount__line_step_0002.png"", ""/results/yao314652/home/project/outputs/visual_benchmark/qwen25vl_7b_all_modalities/images/seq_0004__target_change_amount__line/line/seq_0004__target_change_amount__line_step_0003.png"", ""/results/yao314652/home/project/outputs/visual_benchmark/qwen25vl_7b_all_modalities/images/seq_0004__target_change_amount__line/line/seq_0004__target_change_amount__line_step_0004.png""]","[{""wavelength"": 550.0, ""concentration"": 3.0, ""path_length"": 4.0, ""absorbance"": 132.0}, {""wavelength"": 500.0, ""concentration"": 3.0, ""path_length"": 4.0, ""absorbance"": 120.0}, {""wavelength"": 450.0, ""concentration"": 3.0, ""path_length"": 4.0, ""absorbance"": 108.0}, {""wavelength"": 400.0, ""concentration"": 3.0, ""path_length"": 4.0, ""absorbance"": 96.0}, {""wavelength"": 400.0, ""concentration"": 2.0, ""path_length"": 4.0, ""absorbance"": 64.0}]"
seq_0004__target_change_amount__scatter,seq_0004,target_change_amount,change_amount,scatter,scatter,By how much does absorbance change from step 0 to step 4?,-68.0,number,0.3,False,68.3,"{""answer"": 0.3}","[""/results/yao314652/home/project/outputs/visual_benchmark/qwen25vl_7b_all_modalities/images/seq_0004__target_change_amount__scatter/scatter/seq_0004__target_change_amount__scatter_step_0000.png"", ""/results/yao314652/home/project/outputs/visual_benchmark/qwen25vl_7b_all_modalities/images/seq_0004__target_change_amount__scatter/scatter/seq_0004__target_change_amount__scatter_step_0001.png"", ""/results/yao314652/home/project/outputs/visual_benchmark/qwen25vl_7b_all_modalities/images/seq_0004__target_change_amount__scatter/scatter/seq_0004__target_change_amount__scatter_step_0002.png"", ""/results/yao314652/home/project/outputs/visual_benchmark/qwen25vl_7b_all_modalities/images/seq_0004__target_change_amount__scatter/scatter/seq_0004__target_change_amount__scatter_step_0003.png"", ""/results/yao314652/home/project/outputs/visual_benchmark/qwen25vl_7b_all_modalities/images/seq_0004__target_change_amount__scatter/scatter/seq_0004__target_change_amount__scatter_step_0004.png""]","[{""wavelength"": 550.0, ""concentration"": 3.0, ""path_length"": 4.0, ""absorbance"": 132.0}, {""wavelength"": 500.0, ""concentration"": 3.0, ""path_length"": 4.0, ""absorbance"": 120.0}, {""wavelength"": 450.0, ""concentration"": 3.0, ""path_length"": 4.0, ""absorbance"": 108.0}, {""wavelength"": 400.0, ""concentration"": 3.0, ""path_length"": 4.0, ""absorbance"": 96.0}, {""wavelength"": 400.0, ""concentration"": 2.0, ""path_length"": 4.0, ""absorbance"": 64.0}]"
seq_0004__target_change_amount__simulation,seq_0004,target_change_amount,change_amount,simulation,simulation,By how much does absorbance change from step 0 to step 4?,-68.0,number,0.12,False,68.12,"{""answer"": 0.12}","[""/results/yao314652/home/project/outputs/visual_benchmark/qwen25vl_7b_all_modalities/images/seq_0004__target_change_amount__simulation/simulation/step_0000.png"", ""/results/yao314652/home/project/outputs/visual_benchmark/qwen25vl_7b_all_modalities/images/seq_0004__target_change_amount__simulation/simulation/step_0001.png"", ""/results/yao314652/home/project/outputs/visual_benchmark/qwen25vl_7b_all_modalities/images/seq_0004__target_change_amount__simulation/simulation/step_0002.png"", ""/results/yao314652/home/project/outputs/visual_benchmark/qwen25vl_7b_all_modalities/images/seq_0004__target_change_amount__simulation/simulation/step_0003.png"", ""/results/yao314652/home/project/outputs/visual_benchmark/qwen25vl_7b_all_modalities/images/seq_0004__target_change_amount__simulation/simulation/step_0004.png""]","[{""wavelength"": 550.0, ""concentration"": 3.0, ""path_length"": 4.0, ""absorbance"": 132.0}, {""wavelength"": 500.0, ""concentration"": 3.0, ""path_length"": 4.0, ""absorbance"": 120.0}, {""wavelength"": 450.0, ""concentration"": 3.0, ""path_length"": 4.0, ""absorbance"": 108.0}, {""wavelength"": 400.0, ""concentration"": 3.0, ""path_length"": 4.0, ""absorbance"": 96.0}, {""wavelength"": 400.0, ""concentration"": 2.0, ""path_length"": 4.0, ""absorbance"": 64.0}]"
seq_0004__target_change_direction__text,seq_0004,target_change_direction,change_direction,text,none,"Does absorbance increase, decrease, or stay the same from step 0 to step 4?",decrease,category,decrease,True,,"{""answer"": ""decrease""}",[],"[{""wavelength"": 550.0, ""concentration"": 3.0, ""path_length"": 4.0, ""absorbance"": 132.0}, {""wavelength"": 500.0, ""concentration"": 3.0, ""path_length"": 4.0, ""absorbance"": 120.0}, {""wavelength"": 450.0, ""concentration"": 3.0, ""path_length"": 4.0, ""absorbance"": 108.0}, {""wavelength"": 400.0, ""concentration"": 3.0, ""path_length"": 4.0, ""absorbance"": 96.0}, {""wavelength"": 400.0, ""concentration"": 2.0, ""path_length"": 4.0, ""absorbance"": 64.0}]"
seq_0004__target_change_direction__bar,seq_0004,target_change_direction,change_direction,bar,bar,"Does absorbance increase, decrease, or stay the same from step 0 to step 4?",decrease,category,decrease,True,,"{""answer"": ""decrease""}","[""/results/yao314652/home/project/outputs/visual_benchmark/qwen25vl_7b_all_modalities/images/seq_0004__target_change_direction__bar/bar/step_0000.png"", ""/results/yao314652/home/project/outputs/visual_benchmark/qwen25vl_7b_all_modalities/images/seq_0004__target_change_direction__bar/bar/step_0001.png"", ""/results/yao314652/home/project/outputs/visual_benchmark/qwen25vl_7b_all_modalities/images/seq_0004__target_change_direction__bar/bar/step_0002.png"", ""/results/yao314652/home/project/outputs/visual_benchmark/qwen25vl_7b_all_modalities/images/seq_0004__target_change_direction__bar/bar/step_0003.png"", ""/results/yao314652/home/project/outputs/visual_benchmark/qwen25vl_7b_all_modalities/images/seq_0004__target_change_direction__bar/bar/step_0004.png""]","[{""wavelength"": 550.0, ""concentration"": 3.0, ""path_length"": 4.0, ""absorbance"": 132.0}, {""wavelength"": 500.0, ""concentration"": 3.0, ""path_length"": 4.0, ""absorbance"": 120.0}, {""wavelength"": 450.0, ""concentration"": 3.0, ""path_length"": 4.0, ""absorbance"": 108.0}, {""wavelength"": 400.0, ""concentration"": 3.0, ""path_length"": 4.0, ""absorbance"": 96.0}, {""wavelength"": 400.0, ""concentration"": 2.0, ""path_length"": 4.0, ""absorbance"": 64.0}]"
seq_0004__target_change_direction__line,seq_0004,target_change_direction,change_direction,line,line,"Does absorbance increase, decrease, or stay the same from step 0 to step 4?",decrease,category,same,False,,"{""answer"": ""same""}","[""/results/yao314652/home/project/outputs/visual_benchmark/qwen25vl_7b_all_modalities/images/seq_0004__target_change_direction__line/line/seq_0004__target_change_direction__line_step_0000.png"", ""/results/yao314652/home/project/outputs/visual_benchmark/qwen25vl_7b_all_modalities/images/seq_0004__target_change_direction__line/line/seq_0004__target_change_direction__line_step_0001.png"", ""/results/yao314652/home/project/outputs/visual_benchmark/qwen25vl_7b_all_modalities/images/seq_0004__target_change_direction__line/line/seq_0004__target_change_direction__line_step_0002.png"", ""/results/yao314652/home/project/outputs/visual_benchmark/qwen25vl_7b_all_modalities/images/seq_0004__target_change_direction__line/line/seq_0004__target_change_direction__line_step_0003.png"", ""/results/yao314652/home/project/outputs/visual_benchmark/qwen25vl_7b_all_modalities/images/seq_0004__target_change_direction__line/line/seq_0004__target_change_direction__line_step_0004.png""]","[{""wavelength"": 550.0, ""concentration"": 3.0, ""path_length"": 4.0, ""absorbance"": 132.0}, {""wavelength"": 500.0, ""concentration"": 3.0, ""path_length"": 4.0, ""absorbance"": 120.0}, {""wavelength"": 450.0, ""concentration"": 3.0, ""path_length"": 4.0, ""absorbance"": 108.0}, {""wavelength"": 400.0, ""concentration"": 3.0, ""path_length"": 4.0, ""absorbance"": 96.0}, {""wavelength"": 400.0, ""concentration"": 2.0, ""path_length"": 4.0, ""absorbance"": 64.0}]"
seq_0004__target_change_direction__scatter,seq_0004,target_change_direction,change_direction,scatter,scatter,"Does absorbance increase, decrease, or stay the same from step 0 to step 4?",decrease,category,increase,False,,"{""answer"": ""increase""}","[""/results/yao314652/home/project/outputs/visual_benchmark/qwen25vl_7b_all_modalities/images/seq_0004__target_change_direction__scatter/scatter/seq_0004__target_change_direction__scatter_step_0000.png"", ""/results/yao314652/home/project/outputs/visual_benchmark/qwen25vl_7b_all_modalities/images/seq_0004__target_change_direction__scatter/scatter/seq_0004__target_change_direction__scatter_step_0001.png"", ""/results/yao314652/home/project/outputs/visual_benchmark/qwen25vl_7b_all_modalities/images/seq_0004__target_change_direction__scatter/scatter/seq_0004__target_change_direction__scatter_step_0002.png"", ""/results/yao314652/home/project/outputs/visual_benchmark/qwen25vl_7b_all_modalities/images/seq_0004__target_change_direction__scatter/scatter/seq_0004__target_change_direction__scatter_step_0003.png"", ""/results/yao314652/home/project/outputs/visual_benchmark/qwen25vl_7b_all_modalities/images/seq_0004__target_change_direction__scatter/scatter/seq_0004__target_change_direction__scatter_step_0004.png""]","[{""wavelength"": 550.0, ""concentration"": 3.0, ""path_length"": 4.0, ""absorbance"": 132.0}, {""wavelength"": 500.0, ""concentration"": 3.0, ""path_length"": 4.0, ""absorbance"": 120.0}, {""wavelength"": 450.0, ""concentration"": 3.0, ""path_length"": 4.0, ""absorbance"": 108.0}, {""wavelength"": 400.0, ""concentration"": 3.0, ""path_length"": 4.0, ""absorbance"": 96.0}, {""wavelength"": 400.0, ""concentration"": 2.0, ""path_length"": 4.0, ""absorbance"": 64.0}]"
seq_0004__target_change_direction__simulation,seq_0004,target_change_direction,change_direction,simulation,simulation,"Does absorbance increase, decrease, or stay the same from step 0 to step 4?",decrease,category,increase,False,,"{""answer"": ""increase""}","[""/results/yao314652/home/project/outputs/visual_benchmark/qwen25vl_7b_all_modalities/images/seq_0004__target_change_direction__simulation/simulation/step_0000.png"", ""/results/yao314652/home/project/outputs/visual_benchmark/qwen25vl_7b_all_modalities/images/seq_0004__target_change_direction__simulation/simulation/step_0001.png"", ""/results/yao314652/home/project/outputs/visual_benchmark/qwen25vl_7b_all_modalities/images/seq_0004__target_change_direction__simulation/simulation/step_0002.png"", ""/results/yao314652/home/project/outputs/visual_benchmark/qwen25vl_7b_all_modalities/images/seq_0004__target_change_direction__simulation/simulation/step_0003.png"", ""/results/yao314652/home/project/outputs/visual_benchmark/qwen25vl_7b_all_modalities/images/seq_0004__target_change_direction__simulation/simulation/step_0004.png""]","[{""wavelength"": 550.0, ""concentration"": 3.0, ""path_length"": 4.0, ""absorbance"": 132.0}, {""wavelength"": 500.0, ""concentration"": 3.0, ""path_length"": 4.0, ""absorbance"": 120.0}, {""wavelength"": 450.0, ""concentration"": 3.0, ""path_length"": 4.0, ""absorbance"": 108.0}, {""wavelength"": 400.0, ""concentration"": 3.0, ""path_length"": 4.0, ""absorbance"": 96.0}, {""wavelength"": 400.0, ""concentration"": 2.0, ""path_length"": 4.0, ""absorbance"": 64.0}]"
seq_0004__changed_variable_0_to_1__text,seq_0004,changed_variable_0_to_1,changed_variable,text,none,Which input variable changed from step 0 to step 1?,wavelength,category,wavelength,True,,"{""answer"": ""wavelength""}",[],"[{""wavelength"": 550.0, ""concentration"": 3.0, ""path_length"": 4.0, ""absorbance"": 132.0}, {""wavelength"": 500.0, ""concentration"": 3.0, ""path_length"": 4.0, ""absorbance"": 120.0}, {""wavelength"": 450.0, ""concentration"": 3.0, ""path_length"": 4.0, ""absorbance"": 108.0}, {""wavelength"": 400.0, ""concentration"": 3.0, ""path_length"": 4.0, ""absorbance"": 96.0}, {""wavelength"": 400.0, ""concentration"": 2.0, ""path_length"": 4.0, ""absorbance"": 64.0}]"
seq_0004__changed_variable_0_to_1__bar,seq_0004,changed_variable_0_to_1,changed_variable,bar,bar,Which input variable changed from step 0 to step 1?,wavelength,category,same,False,,same,"[""/results/yao314652/home/project/outputs/visual_benchmark/qwen25vl_7b_all_modalities/images/seq_0004__changed_variable_0_to_1__bar/bar/step_0000.png"", ""/results/yao314652/home/project/outputs/visual_benchmark/qwen25vl_7b_all_modalities/images/seq_0004__changed_variable_0_to_1__bar/bar/step_0001.png"", ""/results/yao314652/home/project/outputs/visual_benchmark/qwen25vl_7b_all_modalities/images/seq_0004__changed_variable_0_to_1__bar/bar/step_0002.png"", ""/results/yao314652/home/project/outputs/visual_benchmark/qwen25vl_7b_all_modalities/images/seq_0004__changed_variable_0_to_1__bar/bar/step_0003.png"", ""/results/yao314652/home/project/outputs/visual_benchmark/qwen25vl_7b_all_modalities/images/seq_0004__changed_variable_0_to_1__bar/bar/step_0004.png""]","[{""wavelength"": 550.0, ""concentration"": 3.0, ""path_length"": 4.0, ""absorbance"": 132.0}, {""wavelength"": 500.0, ""concentration"": 3.0, ""path_length"": 4.0, ""absorbance"": 120.0}, {""wavelength"": 450.0, ""concentration"": 3.0, ""path_length"": 4.0, ""absorbance"": 108.0}, {""wavelength"": 400.0, ""concentration"": 3.0, ""path_length"": 4.0, ""absorbance"": 96.0}, {""wavelength"": 400.0, ""concentration"": 2.0, ""path_length"": 4.0, ""absorbance"": 64.0}]"
seq_0004__changed_variable_0_to_1__line,seq_0004,changed_variable_0_to_1,changed_variable,line,line,Which input variable changed from step 0 to step 1?,wavelength,category,same,False,,same,"[""/results/yao314652/home/project/outputs/visual_benchmark/qwen25vl_7b_all_modalities/images/seq_0004__changed_variable_0_to_1__line/line/seq_0004__changed_variable_0_to_1__line_step_0000.png"", ""/results/yao314652/home/project/outputs/visual_benchmark/qwen25vl_7b_all_modalities/images/seq_0004__changed_variable_0_to_1__line/line/seq_0004__changed_variable_0_to_1__line_step_0001.png"", ""/results/yao314652/home/project/outputs/visual_benchmark/qwen25vl_7b_all_modalities/images/seq_0004__changed_variable_0_to_1__line/line/seq_0004__changed_variable_0_to_1__line_step_0002.png"", ""/results/yao314652/home/project/outputs/visual_benchmark/qwen25vl_7b_all_modalities/images/seq_0004__changed_variable_0_to_1__line/line/seq_0004__changed_variable_0_to_1__line_step_0003.png"", ""/results/yao314652/home/project/outputs/visual_benchmark/qwen25vl_7b_all_modalities/images/seq_0004__changed_variable_0_to_1__line/line/seq_0004__changed_variable_0_to_1__line_step_0004.png""]","[{""wavelength"": 550.0, ""concentration"": 3.0, ""path_length"": 4.0, ""absorbance"": 132.0}, {""wavelength"": 500.0, ""concentration"": 3.0, ""path_length"": 4.0, ""absorbance"": 120.0}, {""wavelength"": 450.0, ""concentration"": 3.0, ""path_length"": 4.0, ""absorbance"": 108.0}, {""wavelength"": 400.0, ""concentration"": 3.0, ""path_length"": 4.0, ""absorbance"": 96.0}, {""wavelength"": 400.0, ""concentration"": 2.0, ""path_length"": 4.0, ""absorbance"": 64.0}]"
seq_0004__changed_variable_0_to_1__scatter,seq_0004,changed_variable_0_to_1,changed_variable,scatter,scatter,Which input variable changed from step 0 to step 1?,wavelength,category,y,False,,"{""answer"": ""y""}","[""/results/yao314652/home/project/outputs/visual_benchmark/qwen25vl_7b_all_modalities/images/seq_0004__changed_variable_0_to_1__scatter/scatter/seq_0004__changed_variable_0_to_1__scatter_step_0000.png"", ""/results/yao314652/home/project/outputs/visual_benchmark/qwen25vl_7b_all_modalities/images/seq_0004__changed_variable_0_to_1__scatter/scatter/seq_0004__changed_variable_0_to_1__scatter_step_0001.png"", ""/results/yao314652/home/project/outputs/visual_benchmark/qwen25vl_7b_all_modalities/images/seq_0004__changed_variable_0_to_1__scatter/scatter/seq_0004__changed_variable_0_to_1__scatter_step_0002.png"", ""/results/yao314652/home/project/outputs/visual_benchmark/qwen25vl_7b_all_modalities/images/seq_0004__changed_variable_0_to_1__scatter/scatter/seq_0004__changed_variable_0_to_1__scatter_step_0003.png"", ""/results/yao314652/home/project/outputs/visual_benchmark/qwen25vl_7b_all_modalities/images/seq_0004__changed_variable_0_to_1__scatter/scatter/seq_0004__changed_variable_0_to_1__scatter_step_0004.png""]","[{""wavelength"": 550.0, ""concentration"": 3.0, ""path_length"": 4.0, ""absorbance"": 132.0}, {""wavelength"": 500.0, ""concentration"": 3.0, ""path_length"": 4.0, ""absorbance"": 120.0}, {""wavelength"": 450.0, ""concentration"": 3.0, ""path_length"": 4.0, ""absorbance"": 108.0}, {""wavelength"": 400.0, ""concentration"": 3.0, ""path_length"": 4.0, ""absorbance"": 96.0}, {""wavelength"": 400.0, ""concentration"": 2.0, ""path_length"": 4.0, ""absorbance"": 64.0}]"
seq_0004__changed_variable_0_to_1__simulation,seq_0004,changed_variable_0_to_1,changed_variable,simulation,simulation,Which input variable changed from step 0 to step 1?,wavelength,category,direction,False,,"{""answer"": ""direction""}","[""/results/yao314652/home/project/outputs/visual_benchmark/qwen25vl_7b_all_modalities/images/seq_0004__changed_variable_0_to_1__simulation/simulation/step_0000.png"", ""/results/yao314652/home/project/outputs/visual_benchmark/qwen25vl_7b_all_modalities/images/seq_0004__changed_variable_0_to_1__simulation/simulation/step_0001.png"", ""/results/yao314652/home/project/outputs/visual_benchmark/qwen25vl_7b_all_modalities/images/seq_0004__changed_variable_0_to_1__simulation/simulation/step_0002.png"", ""/results/yao314652/home/project/outputs/visual_benchmark/qwen25vl_7b_all_modalities/images/seq_0004__changed_variable_0_to_1__simulation/simulation/step_0003.png"", ""/results/yao314652/home/project/outputs/visual_benchmark/qwen25vl_7b_all_modalities/images/seq_0004__changed_variable_0_to_1__simulation/simulation/step_0004.png""]","[{""wavelength"": 550.0, ""concentration"": 3.0, ""path_length"": 4.0, ""absorbance"": 132.0}, {""wavelength"": 500.0, ""concentration"": 3.0, ""path_length"": 4.0, ""absorbance"": 120.0}, {""wavelength"": 450.0, ""concentration"": 3.0, ""path_length"": 4.0, ""absorbance"": 108.0}, {""wavelength"": 400.0, ""concentration"": 3.0, ""path_length"": 4.0, ""absorbance"": 96.0}, {""wavelength"": 400.0, ""concentration"": 2.0, ""path_length"": 4.0, ""absorbance"": 64.0}]"
seq_0004__max_target_step__text,seq_0004,max_target_step,max_step,text,none,At which step is absorbance the highest?,0,step,0,True,,"```json
{""answer"": 0}
```",[],"[{""wavelength"": 550.0, ""concentration"": 3.0, ""path_length"": 4.0, ""absorbance"": 132.0}, {""wavelength"": 500.0, ""concentration"": 3.0, ""path_length"": 4.0, ""absorbance"": 120.0}, {""wavelength"": 450.0, ""concentration"": 3.0, ""path_length"": 4.0, ""absorbance"": 108.0}, {""wavelength"": 400.0, ""concentration"": 3.0, ""path_length"": 4.0, ""absorbance"": 96.0}, {""wavelength"": 400.0, ""concentration"": 2.0, ""path_length"": 4.0, ""absorbance"": 64.0}]"
seq_0004__max_target_step__bar,seq_0004,max_target_step,max_step,bar,bar,At which step is absorbance the highest?,0,step,3,False,,"{""answer"": 3}","[""/results/yao314652/home/project/outputs/visual_benchmark/qwen25vl_7b_all_modalities/images/seq_0004__max_target_step__bar/bar/step_0000.png"", ""/results/yao314652/home/project/outputs/visual_benchmark/qwen25vl_7b_all_modalities/images/seq_0004__max_target_step__bar/bar/step_0001.png"", ""/results/yao314652/home/project/outputs/visual_benchmark/qwen25vl_7b_all_modalities/images/seq_0004__max_target_step__bar/bar/step_0002.png"", ""/results/yao314652/home/project/outputs/visual_benchmark/qwen25vl_7b_all_modalities/images/seq_0004__max_target_step__bar/bar/step_0003.png"", ""/results/yao314652/home/project/outputs/visual_benchmark/qwen25vl_7b_all_modalities/images/seq_0004__max_target_step__bar/bar/step_0004.png""]","[{""wavelength"": 550.0, ""concentration"": 3.0, ""path_length"": 4.0, ""absorbance"": 132.0}, {""wavelength"": 500.0, ""concentration"": 3.0, ""path_length"": 4.0, ""absorbance"": 120.0}, {""wavelength"": 450.0, ""concentration"": 3.0, ""path_length"": 4.0, ""absorbance"": 108.0}, {""wavelength"": 400.0, ""concentration"": 3.0, ""path_length"": 4.0, ""absorbance"": 96.0}, {""wavelength"": 400.0, ""concentration"": 2.0, ""path_length"": 4.0, ""absorbance"": 64.0}]"
seq_0004__max_target_step__line,seq_0004,max_target_step,max_step,line,line,At which step is absorbance the highest?,0,step,3,False,,"{""answer"": 3}","[""/results/yao314652/home/project/outputs/visual_benchmark/qwen25vl_7b_all_modalities/images/seq_0004__max_target_step__line/line/seq_0004__max_target_step__line_step_0000.png"", ""/results/yao314652/home/project/outputs/visual_benchmark/qwen25vl_7b_all_modalities/images/seq_0004__max_target_step__line/line/seq_0004__max_target_step__line_step_0001.png"", ""/results/yao314652/home/project/outputs/visual_benchmark/qwen25vl_7b_all_modalities/images/seq_0004__max_target_step__line/line/seq_0004__max_target_step__line_step_0002.png"", ""/results/yao314652/home/project/outputs/visual_benchmark/qwen25vl_7b_all_modalities/images/seq_0004__max_target_step__line/line/seq_0004__max_target_step__line_step_0003.png"", ""/results/yao314652/home/project/outputs/visual_benchmark/qwen25vl_7b_all_modalities/images/seq_0004__max_target_step__line/line/seq_0004__max_target_step__line_step_0004.png""]","[{""wavelength"": 550.0, ""concentration"": 3.0, ""path_length"": 4.0, ""absorbance"": 132.0}, {""wavelength"": 500.0, ""concentration"": 3.0, ""path_length"": 4.0, ""absorbance"": 120.0}, {""wavelength"": 450.0, ""concentration"": 3.0, ""path_length"": 4.0, ""absorbance"": 108.0}, {""wavelength"": 400.0, ""concentration"": 3.0, ""path_length"": 4.0, ""absorbance"": 96.0}, {""wavelength"": 400.0, ""concentration"": 2.0, ""path_length"": 4.0, ""absorbance"": 64.0}]"
seq_0004__max_target_step__scatter,seq_0004,max_target_step,max_step,scatter,scatter,At which step is absorbance the highest?,0,step,1,False,,"{""answer"": 1}","[""/results/yao314652/home/project/outputs/visual_benchmark/qwen25vl_7b_all_modalities/images/seq_0004__max_target_step__scatter/scatter/seq_0004__max_target_step__scatter_step_0000.png"", ""/results/yao314652/home/project/outputs/visual_benchmark/qwen25vl_7b_all_modalities/images/seq_0004__max_target_step__scatter/scatter/seq_0004__max_target_step__scatter_step_0001.png"", ""/results/yao314652/home/project/outputs/visual_benchmark/qwen25vl_7b_all_modalities/images/seq_0004__max_target_step__scatter/scatter/seq_0004__max_target_step__scatter_step_0002.png"", ""/results/yao314652/home/project/outputs/visual_benchmark/qwen25vl_7b_all_modalities/images/seq_0004__max_target_step__scatter/scatter/seq_0004__max_target_step__scatter_step_0003.png"", ""/results/yao314652/home/project/outputs/visual_benchmark/qwen25vl_7b_all_modalities/images/seq_0004__max_target_step__scatter/scatter/seq_0004__max_target_step__scatter_step_0004.png""]","[{""wavelength"": 550.0, ""concentration"": 3.0, ""path_length"": 4.0, ""absorbance"": 132.0}, {""wavelength"": 500.0, ""concentration"": 3.0, ""path_length"": 4.0, ""absorbance"": 120.0}, {""wavelength"": 450.0, ""concentration"": 3.0, ""path_length"": 4.0, ""absorbance"": 108.0}, {""wavelength"": 400.0, ""concentration"": 3.0, ""path_length"": 4.0, ""absorbance"": 96.0}, {""wavelength"": 400.0, ""concentration"": 2.0, ""path_length"": 4.0, ""absorbance"": 64.0}]"
seq_0004__max_target_step__simulation,seq_0004,max_target_step,max_step,simulation,simulation,At which step is absorbance the highest?,0,step,5,False,,"{""answer"": 5}","[""/results/yao314652/home/project/outputs/visual_benchmark/qwen25vl_7b_all_modalities/images/seq_0004__max_target_step__simulation/simulation/step_0000.png"", ""/results/yao314652/home/project/outputs/visual_benchmark/qwen25vl_7b_all_modalities/images/seq_0004__max_target_step__simulation/simulation/step_0001.png"", ""/results/yao314652/home/project/outputs/visual_benchmark/qwen25vl_7b_all_modalities/images/seq_0004__max_target_step__simulation/simulation/step_0002.png"", ""/results/yao314652/home/project/outputs/visual_benchmark/qwen25vl_7b_all_modalities/images/seq_0004__max_target_step__simulation/simulation/step_0003.png"", ""/results/yao314652/home/project/outputs/visual_benchmark/qwen25vl_7b_all_modalities/images/seq_0004__max_target_step__simulation/simulation/step_0004.png""]","[{""wavelength"": 550.0, ""concentration"": 3.0, ""path_length"": 4.0, ""absorbance"": 132.0}, {""wavelength"": 500.0, ""concentration"": 3.0, ""path_length"": 4.0, ""absorbance"": 120.0}, {""wavelength"": 450.0, ""concentration"": 3.0, ""path_length"": 4.0, ""absorbance"": 108.0}, {""wavelength"": 400.0, ""concentration"": 3.0, ""path_length"": 4.0, ""absorbance"": 96.0}, {""wavelength"": 400.0, ""concentration"": 2.0, ""path_length"": 4.0, ""absorbance"": 64.0}]"
seq_0004__largest_target_drop_step__text,seq_0004,largest_target_drop_step,largest_drop_step,text,none,"At which step does absorbance show the largest drop compared with the previous step? If it never drops, answer none.",4,step_or_none,4,True,,"```json
{""answer"": ""4""}
```",[],"[{""wavelength"": 550.0, ""concentration"": 3.0, ""path_length"": 4.0, ""absorbance"": 132.0}, {""wavelength"": 500.0, ""concentration"": 3.0, ""path_length"": 4.0, ""absorbance"": 120.0}, {""wavelength"": 450.0, ""concentration"": 3.0, ""path_length"": 4.0, ""absorbance"": 108.0}, {""wavelength"": 400.0, ""concentration"": 3.0, ""path_length"": 4.0, ""absorbance"": 96.0}, {""wavelength"": 400.0, ""concentration"": 2.0, ""path_length"": 4.0, ""absorbance"": 64.0}]"
seq_0004__largest_target_drop_step__bar,seq_0004,largest_target_drop_step,largest_drop_step,bar,bar,"At which step does absorbance show the largest drop compared with the previous step? If it never drops, answer none.",4,step_or_none,4,True,,"{""answer"": 4}","[""/results/yao314652/home/project/outputs/visual_benchmark/qwen25vl_7b_all_modalities/images/seq_0004__largest_target_drop_step__bar/bar/step_0000.png"", ""/results/yao314652/home/project/outputs/visual_benchmark/qwen25vl_7b_all_modalities/images/seq_0004__largest_target_drop_step__bar/bar/step_0001.png"", ""/results/yao314652/home/project/outputs/visual_benchmark/qwen25vl_7b_all_modalities/images/seq_0004__largest_target_drop_step__bar/bar/step_0002.png"", ""/results/yao314652/home/project/outputs/visual_benchmark/qwen25vl_7b_all_modalities/images/seq_0004__largest_target_drop_step__bar/bar/step_0003.png"", ""/results/yao314652/home/project/outputs/visual_benchmark/qwen25vl_7b_all_modalities/images/seq_0004__largest_target_drop_step__bar/bar/step_0004.png""]","[{""wavelength"": 550.0, ""concentration"": 3.0, ""path_length"": 4.0, ""absorbance"": 132.0}, {""wavelength"": 500.0, ""concentration"": 3.0, ""path_length"": 4.0, ""absorbance"": 120.0}, {""wavelength"": 450.0, ""concentration"": 3.0, ""path_length"": 4.0, ""absorbance"": 108.0}, {""wavelength"": 400.0, ""concentration"": 3.0, ""path_length"": 4.0, ""absorbance"": 96.0}, {""wavelength"": 400.0, ""concentration"": 2.0, ""path_length"": 4.0, ""absorbance"": 64.0}]"
seq_0004__largest_target_drop_step__line,seq_0004,largest_target_drop_step,largest_drop_step,line,line,"At which step does absorbance show the largest drop compared with the previous step? If it never drops, answer none.",4,step_or_none,2,False,,"{""answer"": 2}","[""/results/yao314652/home/project/outputs/visual_benchmark/qwen25vl_7b_all_modalities/images/seq_0004__largest_target_drop_step__line/line/seq_0004__largest_target_drop_step__line_step_0000.png"", ""/results/yao314652/home/project/outputs/visual_benchmark/qwen25vl_7b_all_modalities/images/seq_0004__largest_target_drop_step__line/line/seq_0004__largest_target_drop_step__line_step_0001.png"", ""/results/yao314652/home/project/outputs/visual_benchmark/qwen25vl_7b_all_modalities/images/seq_0004__largest_target_drop_step__line/line/seq_0004__largest_target_drop_step__line_step_0002.png"", ""/results/yao314652/home/project/outputs/visual_benchmark/qwen25vl_7b_all_modalities/images/seq_0004__largest_target_drop_step__line/line/seq_0004__largest_target_drop_step__line_step_0003.png"", ""/results/yao314652/home/project/outputs/visual_benchmark/qwen25vl_7b_all_modalities/images/seq_0004__largest_target_drop_step__line/line/seq_0004__largest_target_drop_step__line_step_0004.png""]","[{""wavelength"": 550.0, ""concentration"": 3.0, ""path_length"": 4.0, ""absorbance"": 132.0}, {""wavelength"": 500.0, ""concentration"": 3.0, ""path_length"": 4.0, ""absorbance"": 120.0}, {""wavelength"": 450.0, ""concentration"": 3.0, ""path_length"": 4.0, ""absorbance"": 108.0}, {""wavelength"": 400.0, ""concentration"": 3.0, ""path_length"": 4.0, ""absorbance"": 96.0}, {""wavelength"": 400.0, ""concentration"": 2.0, ""path_length"": 4.0, ""absorbance"": 64.0}]"
seq_0004__largest_target_drop_step__scatter,seq_0004,largest_target_drop_step,largest_drop_step,scatter,scatter,"At which step does absorbance show the largest drop compared with the previous step? If it never drops, answer none.",4,step_or_none,3,False,,"{""answer"": 3}","[""/results/yao314652/home/project/outputs/visual_benchmark/qwen25vl_7b_all_modalities/images/seq_0004__largest_target_drop_step__scatter/scatter/seq_0004__largest_target_drop_step__scatter_step_0000.png"", ""/results/yao314652/home/project/outputs/visual_benchmark/qwen25vl_7b_all_modalities/images/seq_0004__largest_target_drop_step__scatter/scatter/seq_0004__largest_target_drop_step__scatter_step_0001.png"", ""/results/yao314652/home/project/outputs/visual_benchmark/qwen25vl_7b_all_modalities/images/seq_0004__largest_target_drop_step__scatter/scatter/seq_0004__largest_target_drop_step__scatter_step_0002.png"", ""/results/yao314652/home/project/outputs/visual_benchmark/qwen25vl_7b_all_modalities/images/seq_0004__largest_target_drop_step__scatter/scatter/seq_0004__largest_target_drop_step__scatter_step_0003.png"", ""/results/yao314652/home/project/outputs/visual_benchmark/qwen25vl_7b_all_modalities/images/seq_0004__largest_target_drop_step__scatter/scatter/seq_0004__largest_target_drop_step__scatter_step_0004.png""]","[{""wavelength"": 550.0, ""concentration"": 3.0, ""path_length"": 4.0, ""absorbance"": 132.0}, {""wavelength"": 500.0, ""concentration"": 3.0, ""path_length"": 4.0, ""absorbance"": 120.0}, {""wavelength"": 450.0, ""concentration"": 3.0, ""path_length"": 4.0, ""absorbance"": 108.0}, {""wavelength"": 400.0, ""concentration"": 3.0, ""path_length"": 4.0, ""absorbance"": 96.0}, {""wavelength"": 400.0, ""concentration"": 2.0, ""path_length"": 4.0, ""absorbance"": 64.0}]"
seq_0004__largest_target_drop_step__simulation,seq_0004,largest_target_drop_step,largest_drop_step,simulation,simulation,"At which step does absorbance show the largest drop compared with the previous step? If it never drops, answer none.",4,step_or_none,4,True,,"{""answer"": 4}","[""/results/yao314652/home/project/outputs/visual_benchmark/qwen25vl_7b_all_modalities/images/seq_0004__largest_target_drop_step__simulation/simulation/step_0000.png"", ""/results/yao314652/home/project/outputs/visual_benchmark/qwen25vl_7b_all_modalities/images/seq_0004__largest_target_drop_step__simulation/simulation/step_0001.png"", ""/results/yao314652/home/project/outputs/visual_benchmark/qwen25vl_7b_all_modalities/images/seq_0004__largest_target_drop_step__simulation/simulation/step_0002.png"", ""/results/yao314652/home/project/outputs/visual_benchmark/qwen25vl_7b_all_modalities/images/seq_0004__largest_target_drop_step__simulation/simulation/step_0003.png"", ""/results/yao314652/home/project/outputs/visual_benchmark/qwen25vl_7b_all_modalities/images/seq_0004__largest_target_drop_step__simulation/simulation/step_0004.png""]","[{""wavelength"": 550.0, ""concentration"": 3.0, ""path_length"": 4.0, ""absorbance"": 132.0}, {""wavelength"": 500.0, ""concentration"": 3.0, ""path_length"": 4.0, ""absorbance"": 120.0}, {""wavelength"": 450.0, ""concentration"": 3.0, ""path_length"": 4.0, ""absorbance"": 108.0}, {""wavelength"": 400.0, ""concentration"": 3.0, ""path_length"": 4.0, ""absorbance"": 96.0}, {""wavelength"": 400.0, ""concentration"": 2.0, ""path_length"": 4.0, ""absorbance"": 64.0}]"
seq_0005__read_last_target__text,seq_0005,read_last_target,value_at_step,text,none,What is the value of absorbance at step 4?,200.0,number,200,True,0.0,"{""answer"": 200}",[],"[{""wavelength"": 450.0, ""concentration"": 4.0, ""path_length"": 4.0, ""absorbance"": 144.0}, {""wavelength"": 450.0, ""concentration"": 4.0, ""path_length"": 5.0, ""absorbance"": 180.0}, {""wavelength"": 450.0, ""concentration"": 3.0, ""path_length"": 5.0, ""absorbance"": 135.0}, {""wavelength"": 500.0, ""concentration"": 3.0, ""path_length"": 5.0, ""absorbance"": 150.0}, {""wavelength"": 500.0, ""concentration"": 4.0, ""path_length"": 5.0, ""absorbance"": 200.0}]"
seq_0005__read_last_target__bar,seq_0005,read_last_target,value_at_step,bar,bar,What is the value of absorbance at step 4?,200.0,number,0.2,False,199.8,"{""answer"": 0.2}","[""/results/yao314652/home/project/outputs/visual_benchmark/qwen25vl_7b_all_modalities/images/seq_0005__read_last_target__bar/bar/step_0000.png"", ""/results/yao314652/home/project/outputs/visual_benchmark/qwen25vl_7b_all_modalities/images/seq_0005__read_last_target__bar/bar/step_0001.png"", ""/results/yao314652/home/project/outputs/visual_benchmark/qwen25vl_7b_all_modalities/images/seq_0005__read_last_target__bar/bar/step_0002.png"", ""/results/yao314652/home/project/outputs/visual_benchmark/qwen25vl_7b_all_modalities/images/seq_0005__read_last_target__bar/bar/step_0003.png"", ""/results/yao314652/home/project/outputs/visual_benchmark/qwen25vl_7b_all_modalities/images/seq_0005__read_last_target__bar/bar/step_0004.png""]","[{""wavelength"": 450.0, ""concentration"": 4.0, ""path_length"": 4.0, ""absorbance"": 144.0}, {""wavelength"": 450.0, ""concentration"": 4.0, ""path_length"": 5.0, ""absorbance"": 180.0}, {""wavelength"": 450.0, ""concentration"": 3.0, ""path_length"": 5.0, ""absorbance"": 135.0}, {""wavelength"": 500.0, ""concentration"": 3.0, ""path_length"": 5.0, ""absorbance"": 150.0}, {""wavelength"": 500.0, ""concentration"": 4.0, ""path_length"": 5.0, ""absorbance"": 200.0}]"
seq_0005__read_last_target__line,seq_0005,read_last_target,value_at_step,line,line,What is the value of absorbance at step 4?,200.0,number,0.8,False,199.2,"{""answer"": 0.8}","[""/results/yao314652/home/project/outputs/visual_benchmark/qwen25vl_7b_all_modalities/images/seq_0005__read_last_target__line/line/seq_0005__read_last_target__line_step_0000.png"", ""/results/yao314652/home/project/outputs/visual_benchmark/qwen25vl_7b_all_modalities/images/seq_0005__read_last_target__line/line/seq_0005__read_last_target__line_step_0001.png"", ""/results/yao314652/home/project/outputs/visual_benchmark/qwen25vl_7b_all_modalities/images/seq_0005__read_last_target__line/line/seq_0005__read_last_target__line_step_0002.png"", ""/results/yao314652/home/project/outputs/visual_benchmark/qwen25vl_7b_all_modalities/images/seq_0005__read_last_target__line/line/seq_0005__read_last_target__line_step_0003.png"", ""/results/yao314652/home/project/outputs/visual_benchmark/qwen25vl_7b_all_modalities/images/seq_0005__read_last_target__line/line/seq_0005__read_last_target__line_step_0004.png""]","[{""wavelength"": 450.0, ""concentration"": 4.0, ""path_length"": 4.0, ""absorbance"": 144.0}, {""wavelength"": 450.0, ""concentration"": 4.0, ""path_length"": 5.0, ""absorbance"": 180.0}, {""wavelength"": 450.0, ""concentration"": 3.0, ""path_length"": 5.0, ""absorbance"": 135.0}, {""wavelength"": 500.0, ""concentration"": 3.0, ""path_length"": 5.0, ""absorbance"": 150.0}, {""wavelength"": 500.0, ""concentration"": 4.0, ""path_length"": 5.0, ""absorbance"": 200.0}]"
seq_0005__read_last_target__scatter,seq_0005,read_last_target,value_at_step,scatter,scatter,What is the value of absorbance at step 4?,200.0,number,0.2,False,199.8,"{""answer"": 0.2}","[""/results/yao314652/home/project/outputs/visual_benchmark/qwen25vl_7b_all_modalities/images/seq_0005__read_last_target__scatter/scatter/seq_0005__read_last_target__scatter_step_0000.png"", ""/results/yao314652/home/project/outputs/visual_benchmark/qwen25vl_7b_all_modalities/images/seq_0005__read_last_target__scatter/scatter/seq_0005__read_last_target__scatter_step_0001.png"", ""/results/yao314652/home/project/outputs/visual_benchmark/qwen25vl_7b_all_modalities/images/seq_0005__read_last_target__scatter/scatter/seq_0005__read_last_target__scatter_step_0002.png"", ""/results/yao314652/home/project/outputs/visual_benchmark/qwen25vl_7b_all_modalities/images/seq_0005__read_last_target__scatter/scatter/seq_0005__read_last_target__scatter_step_0003.png"", ""/results/yao314652/home/project/outputs/visual_benchmark/qwen25vl_7b_all_modalities/images/seq_0005__read_last_target__scatter/scatter/seq_0005__read_last_target__scatter_step_0004.png""]","[{""wavelength"": 450.0, ""concentration"": 4.0, ""path_length"": 4.0, ""absorbance"": 144.0}, {""wavelength"": 450.0, ""concentration"": 4.0, ""path_length"": 5.0, ""absorbance"": 180.0}, {""wavelength"": 450.0, ""concentration"": 3.0, ""path_length"": 5.0, ""absorbance"": 135.0}, {""wavelength"": 500.0, ""concentration"": 3.0, ""path_length"": 5.0, ""absorbance"": 150.0}, {""wavelength"": 500.0, ""concentration"": 4.0, ""path_length"": 5.0, ""absorbance"": 200.0}]"
seq_0005__read_last_target__simulation,seq_0005,read_last_target,value_at_step,simulation,simulation,What is the value of absorbance at step 4?,200.0,number,0.2,False,199.8,"{""answer"": 0.2}","[""/results/yao314652/home/project/outputs/visual_benchmark/qwen25vl_7b_all_modalities/images/seq_0005__read_last_target__simulation/simulation/step_0000.png"", ""/results/yao314652/home/project/outputs/visual_benchmark/qwen25vl_7b_all_modalities/images/seq_0005__read_last_target__simulation/simulation/step_0001.png"", ""/results/yao314652/home/project/outputs/visual_benchmark/qwen25vl_7b_all_modalities/images/seq_0005__read_last_target__simulation/simulation/step_0002.png"", ""/results/yao314652/home/project/outputs/visual_benchmark/qwen25vl_7b_all_modalities/images/seq_0005__read_last_target__simulation/simulation/step_0003.png"", ""/results/yao314652/home/project/outputs/visual_benchmark/qwen25vl_7b_all_modalities/images/seq_0005__read_last_target__simulation/simulation/step_0004.png""]","[{""wavelength"": 450.0, ""concentration"": 4.0, ""path_length"": 4.0, ""absorbance"": 144.0}, {""wavelength"": 450.0, ""concentration"": 4.0, ""path_length"": 5.0, ""absorbance"": 180.0}, {""wavelength"": 450.0, ""concentration"": 3.0, ""path_length"": 5.0, ""absorbance"": 135.0}, {""wavelength"": 500.0, ""concentration"": 3.0, ""path_length"": 5.0, ""absorbance"": 150.0}, {""wavelength"": 500.0, ""concentration"": 4.0, ""path_length"": 5.0, ""absorbance"": 200.0}]"
seq_0005__target_change_amount__text,seq_0005,target_change_amount,change_amount,text,none,By how much does absorbance change from step 0 to step 4?,56.0,number,56,True,0.0,"```json
{""answer"": 56}
```",[],"[{""wavelength"": 450.0, ""concentration"": 4.0, ""path_length"": 4.0, ""absorbance"": 144.0}, {""wavelength"": 450.0, ""concentration"": 4.0, ""path_length"": 5.0, ""absorbance"": 180.0}, {""wavelength"": 450.0, ""concentration"": 3.0, ""path_length"": 5.0, ""absorbance"": 135.0}, {""wavelength"": 500.0, ""concentration"": 3.0, ""path_length"": 5.0, ""absorbance"": 150.0}, {""wavelength"": 500.0, ""concentration"": 4.0, ""path_length"": 5.0, ""absorbance"": 200.0}]"
seq_0005__target_change_amount__bar,seq_0005,target_change_amount,change_amount,bar,bar,By how much does absorbance change from step 0 to step 4?,56.0,number,-0.2,False,56.2,"{""answer"": -0.2}","[""/results/yao314652/home/project/outputs/visual_benchmark/qwen25vl_7b_all_modalities/images/seq_0005__target_change_amount__bar/bar/step_0000.png"", ""/results/yao314652/home/project/outputs/visual_benchmark/qwen25vl_7b_all_modalities/images/seq_0005__target_change_amount__bar/bar/step_0001.png"", ""/results/yao314652/home/project/outputs/visual_benchmark/qwen25vl_7b_all_modalities/images/seq_0005__target_change_amount__bar/bar/step_0002.png"", ""/results/yao314652/home/project/outputs/visual_benchmark/qwen25vl_7b_all_modalities/images/seq_0005__target_change_amount__bar/bar/step_0003.png"", ""/results/yao314652/home/project/outputs/visual_benchmark/qwen25vl_7b_all_modalities/images/seq_0005__target_change_amount__bar/bar/step_0004.png""]","[{""wavelength"": 450.0, ""concentration"": 4.0, ""path_length"": 4.0, ""absorbance"": 144.0}, {""wavelength"": 450.0, ""concentration"": 4.0, ""path_length"": 5.0, ""absorbance"": 180.0}, {""wavelength"": 450.0, ""concentration"": 3.0, ""path_length"": 5.0, ""absorbance"": 135.0}, {""wavelength"": 500.0, ""concentration"": 3.0, ""path_length"": 5.0, ""absorbance"": 150.0}, {""wavelength"": 500.0, ""concentration"": 4.0, ""path_length"": 5.0, ""absorbance"": 200.0}]"
seq_0005__target_change_amount__line,seq_0005,target_change_amount,change_amount,line,line,By how much does absorbance change from step 0 to step 4?,56.0,number,-1,False,57.0,"{""answer"": -1}","[""/results/yao314652/home/project/outputs/visual_benchmark/qwen25vl_7b_all_modalities/images/seq_0005__target_change_amount__line/line/seq_0005__target_change_amount__line_step_0000.png"", ""/results/yao314652/home/project/outputs/visual_benchmark/qwen25vl_7b_all_modalities/images/seq_0005__target_change_amount__line/line/seq_0005__target_change_amount__line_step_0001.png"", ""/results/yao314652/home/project/outputs/visual_benchmark/qwen25vl_7b_all_modalities/images/seq_0005__target_change_amount__line/line/seq_0005__target_change_amount__line_step_0002.png"", ""/results/yao314652/home/project/outputs/visual_benchmark/qwen25vl_7b_all_modalities/images/seq_0005__target_change_amount__line/line/seq_0005__target_change_amount__line_step_0003.png"", ""/results/yao314652/home/project/outputs/visual_benchmark/qwen25vl_7b_all_modalities/images/seq_0005__target_change_amount__line/line/seq_0005__target_change_amount__line_step_0004.png""]","[{""wavelength"": 450.0, ""concentration"": 4.0, ""path_length"": 4.0, ""absorbance"": 144.0}, {""wavelength"": 450.0, ""concentration"": 4.0, ""path_length"": 5.0, ""absorbance"": 180.0}, {""wavelength"": 450.0, ""concentration"": 3.0, ""path_length"": 5.0, ""absorbance"": 135.0}, {""wavelength"": 500.0, ""concentration"": 3.0, ""path_length"": 5.0, ""absorbance"": 150.0}, {""wavelength"": 500.0, ""concentration"": 4.0, ""path_length"": 5.0, ""absorbance"": 200.0}]"
seq_0005__target_change_amount__scatter,seq_0005,target_change_amount,change_amount,scatter,scatter,By how much does absorbance change from step 0 to step 4?,56.0,number,-0.2,False,56.2,"{""answer"": -0.2}","[""/results/yao314652/home/project/outputs/visual_benchmark/qwen25vl_7b_all_modalities/images/seq_0005__target_change_amount__scatter/scatter/seq_0005__target_change_amount__scatter_step_0000.png"", ""/results/yao314652/home/project/outputs/visual_benchmark/qwen25vl_7b_all_modalities/images/seq_0005__target_change_amount__scatter/scatter/seq_0005__target_change_amount__scatter_step_0001.png"", ""/results/yao314652/home/project/outputs/visual_benchmark/qwen25vl_7b_all_modalities/images/seq_0005__target_change_amount__scatter/scatter/seq_0005__target_change_amount__scatter_step_0002.png"", ""/results/yao314652/home/project/outputs/visual_benchmark/qwen25vl_7b_all_modalities/images/seq_0005__target_change_amount__scatter/scatter/seq_0005__target_change_amount__scatter_step_0003.png"", ""/results/yao314652/home/project/outputs/visual_benchmark/qwen25vl_7b_all_modalities/images/seq_0005__target_change_amount__scatter/scatter/seq_0005__target_change_amount__scatter_step_0004.png""]","[{""wavelength"": 450.0, ""concentration"": 4.0, ""path_length"": 4.0, ""absorbance"": 144.0}, {""wavelength"": 450.0, ""concentration"": 4.0, ""path_length"": 5.0, ""absorbance"": 180.0}, {""wavelength"": 450.0, ""concentration"": 3.0, ""path_length"": 5.0, ""absorbance"": 135.0}, {""wavelength"": 500.0, ""concentration"": 3.0, ""path_length"": 5.0, ""absorbance"": 150.0}, {""wavelength"": 500.0, ""concentration"": 4.0, ""path_length"": 5.0, ""absorbance"": 200.0}]"
seq_0005__target_change_amount__simulation,seq_0005,target_change_amount,change_amount,simulation,simulation,By how much does absorbance change from step 0 to step 4?,56.0,number,-0.8,False,56.8,"{""answer"": -0.8}","[""/results/yao314652/home/project/outputs/visual_benchmark/qwen25vl_7b_all_modalities/images/seq_0005__target_change_amount__simulation/simulation/step_0000.png"", ""/results/yao314652/home/project/outputs/visual_benchmark/qwen25vl_7b_all_modalities/images/seq_0005__target_change_amount__simulation/simulation/step_0001.png"", ""/results/yao314652/home/project/outputs/visual_benchmark/qwen25vl_7b_all_modalities/images/seq_0005__target_change_amount__simulation/simulation/step_0002.png"", ""/results/yao314652/home/project/outputs/visual_benchmark/qwen25vl_7b_all_modalities/images/seq_0005__target_change_amount__simulation/simulation/step_0003.png"", ""/results/yao314652/home/project/outputs/visual_benchmark/qwen25vl_7b_all_modalities/images/seq_0005__target_change_amount__simulation/simulation/step_0004.png""]","[{""wavelength"": 450.0, ""concentration"": 4.0, ""path_length"": 4.0, ""absorbance"": 144.0}, {""wavelength"": 450.0, ""concentration"": 4.0, ""path_length"": 5.0, ""absorbance"": 180.0}, {""wavelength"": 450.0, ""concentration"": 3.0, ""path_length"": 5.0, ""absorbance"": 135.0}, {""wavelength"": 500.0, ""concentration"": 3.0, ""path_length"": 5.0, ""absorbance"": 150.0}, {""wavelength"": 500.0, ""concentration"": 4.0, ""path_length"": 5.0, ""absorbance"": 200.0}]"
seq_0005__target_change_direction__text,seq_0005,target_change_direction,change_direction,text,none,"Does absorbance increase, decrease, or stay the same from step 0 to step 4?",increase,category,increase,True,,"{""answer"": ""increase""}",[],"[{""wavelength"": 450.0, ""concentration"": 4.0, ""path_length"": 4.0, ""absorbance"": 144.0}, {""wavelength"": 450.0, ""concentration"": 4.0, ""path_length"": 5.0, ""absorbance"": 180.0}, {""wavelength"": 450.0, ""concentration"": 3.0, ""path_length"": 5.0, ""absorbance"": 135.0}, {""wavelength"": 500.0, ""concentration"": 3.0, ""path_length"": 5.0, ""absorbance"": 150.0}, {""wavelength"": 500.0, ""concentration"": 4.0, ""path_length"": 5.0, ""absorbance"": 200.0}]"
seq_0005__target_change_direction__bar,seq_0005,target_change_direction,change_direction,bar,bar,"Does absorbance increase, decrease, or stay the same from step 0 to step 4?",increase,category,decrease,False,,"{""answer"": ""decrease""}","[""/results/yao314652/home/project/outputs/visual_benchmark/qwen25vl_7b_all_modalities/images/seq_0005__target_change_direction__bar/bar/step_0000.png"", ""/results/yao314652/home/project/outputs/visual_benchmark/qwen25vl_7b_all_modalities/images/seq_0005__target_change_direction__bar/bar/step_0001.png"", ""/results/yao314652/home/project/outputs/visual_benchmark/qwen25vl_7b_all_modalities/images/seq_0005__target_change_direction__bar/bar/step_0002.png"", ""/results/yao314652/home/project/outputs/visual_benchmark/qwen25vl_7b_all_modalities/images/seq_0005__target_change_direction__bar/bar/step_0003.png"", ""/results/yao314652/home/project/outputs/visual_benchmark/qwen25vl_7b_all_modalities/images/seq_0005__target_change_direction__bar/bar/step_0004.png""]","[{""wavelength"": 450.0, ""concentration"": 4.0, ""path_length"": 4.0, ""absorbance"": 144.0}, {""wavelength"": 450.0, ""concentration"": 4.0, ""path_length"": 5.0, ""absorbance"": 180.0}, {""wavelength"": 450.0, ""concentration"": 3.0, ""path_length"": 5.0, ""absorbance"": 135.0}, {""wavelength"": 500.0, ""concentration"": 3.0, ""path_length"": 5.0, ""absorbance"": 150.0}, {""wavelength"": 500.0, ""concentration"": 4.0, ""path_length"": 5.0, ""absorbance"": 200.0}]"
seq_0005__target_change_direction__line,seq_0005,target_change_direction,change_direction,line,line,"Does absorbance increase, decrease, or stay the same from step 0 to step 4?",increase,category,increase,True,,"{""answer"": ""increase""}","[""/results/yao314652/home/project/outputs/visual_benchmark/qwen25vl_7b_all_modalities/images/seq_0005__target_change_direction__line/line/seq_0005__target_change_direction__line_step_0000.png"", ""/results/yao314652/home/project/outputs/visual_benchmark/qwen25vl_7b_all_modalities/images/seq_0005__target_change_direction__line/line/seq_0005__target_change_direction__line_step_0001.png"", ""/results/yao314652/home/project/outputs/visual_benchmark/qwen25vl_7b_all_modalities/images/seq_0005__target_change_direction__line/line/seq_0005__target_change_direction__line_step_0002.png"", ""/results/yao314652/home/project/outputs/visual_benchmark/qwen25vl_7b_all_modalities/images/seq_0005__target_change_direction__line/line/seq_0005__target_change_direction__line_step_0003.png"", ""/results/yao314652/home/project/outputs/visual_benchmark/qwen25vl_7b_all_modalities/images/seq_0005__target_change_direction__line/line/seq_0005__target_change_direction__line_step_0004.png""]","[{""wavelength"": 450.0, ""concentration"": 4.0, ""path_length"": 4.0, ""absorbance"": 144.0}, {""wavelength"": 450.0, ""concentration"": 4.0, ""path_length"": 5.0, ""absorbance"": 180.0}, {""wavelength"": 450.0, ""concentration"": 3.0, ""path_length"": 5.0, ""absorbance"": 135.0}, {""wavelength"": 500.0, ""concentration"": 3.0, ""path_length"": 5.0, ""absorbance"": 150.0}, {""wavelength"": 500.0, ""concentration"": 4.0, ""path_length"": 5.0, ""absorbance"": 200.0}]"
seq_0005__target_change_direction__scatter,seq_0005,target_change_direction,change_direction,scatter,scatter,"Does absorbance increase, decrease, or stay the same from step 0 to step 4?",increase,category,decrease,False,,"{""answer"": ""decrease""}","[""/results/yao314652/home/project/outputs/visual_benchmark/qwen25vl_7b_all_modalities/images/seq_0005__target_change_direction__scatter/scatter/seq_0005__target_change_direction__scatter_step_0000.png"", ""/results/yao314652/home/project/outputs/visual_benchmark/qwen25vl_7b_all_modalities/images/seq_0005__target_change_direction__scatter/scatter/seq_0005__target_change_direction__scatter_step_0001.png"", ""/results/yao314652/home/project/outputs/visual_benchmark/qwen25vl_7b_all_modalities/images/seq_0005__target_change_direction__scatter/scatter/seq_0005__target_change_direction__scatter_step_0002.png"", ""/results/yao314652/home/project/outputs/visual_benchmark/qwen25vl_7b_all_modalities/images/seq_0005__target_change_direction__scatter/scatter/seq_0005__target_change_direction__scatter_step_0003.png"", ""/results/yao314652/home/project/outputs/visual_benchmark/qwen25vl_7b_all_modalities/images/seq_0005__target_change_direction__scatter/scatter/seq_0005__target_change_direction__scatter_step_0004.png""]","[{""wavelength"": 450.0, ""concentration"": 4.0, ""path_length"": 4.0, ""absorbance"": 144.0}, {""wavelength"": 450.0, ""concentration"": 4.0, ""path_length"": 5.0, ""absorbance"": 180.0}, {""wavelength"": 450.0, ""concentration"": 3.0, ""path_length"": 5.0, ""absorbance"": 135.0}, {""wavelength"": 500.0, ""concentration"": 3.0, ""path_length"": 5.0, ""absorbance"": 150.0}, {""wavelength"": 500.0, ""concentration"": 4.0, ""path_length"": 5.0, ""absorbance"": 200.0}]"
seq_0005__target_change_direction__simulation,seq_0005,target_change_direction,change_direction,simulation,simulation,"Does absorbance increase, decrease, or stay the same from step 0 to step 4?",increase,category,decrease,False,,"{""answer"": ""decrease""}","[""/results/yao314652/home/project/outputs/visual_benchmark/qwen25vl_7b_all_modalities/images/seq_0005__target_change_direction__simulation/simulation/step_0000.png"", ""/results/yao314652/home/project/outputs/visual_benchmark/qwen25vl_7b_all_modalities/images/seq_0005__target_change_direction__simulation/simulation/step_0001.png"", ""/results/yao314652/home/project/outputs/visual_benchmark/qwen25vl_7b_all_modalities/images/seq_0005__target_change_direction__simulation/simulation/step_0002.png"", ""/results/yao314652/home/project/outputs/visual_benchmark/qwen25vl_7b_all_modalities/images/seq_0005__target_change_direction__simulation/simulation/step_0003.png"", ""/results/yao314652/home/project/outputs/visual_benchmark/qwen25vl_7b_all_modalities/images/seq_0005__target_change_direction__simulation/simulation/step_0004.png""]","[{""wavelength"": 450.0, ""concentration"": 4.0, ""path_length"": 4.0, ""absorbance"": 144.0}, {""wavelength"": 450.0, ""concentration"": 4.0, ""path_length"": 5.0, ""absorbance"": 180.0}, {""wavelength"": 450.0, ""concentration"": 3.0, ""path_length"": 5.0, ""absorbance"": 135.0}, {""wavelength"": 500.0, ""concentration"": 3.0, ""path_length"": 5.0, ""absorbance"": 150.0}, {""wavelength"": 500.0, ""concentration"": 4.0, ""path_length"": 5.0, ""absorbance"": 200.0}]"
seq_0005__changed_variable_0_to_1__text,seq_0005,changed_variable_0_to_1,changed_variable,text,none,Which input variable changed from step 0 to step 1?,path_length,category,path_length,True,,"{""answer"": ""path_length""}",[],"[{""wavelength"": 450.0, ""concentration"": 4.0, ""path_length"": 4.0, ""absorbance"": 144.0}, {""wavelength"": 450.0, ""concentration"": 4.0, ""path_length"": 5.0, ""absorbance"": 180.0}, {""wavelength"": 450.0, ""concentration"": 3.0, ""path_length"": 5.0, ""absorbance"": 135.0}, {""wavelength"": 500.0, ""concentration"": 3.0, ""path_length"": 5.0, ""absorbance"": 150.0}, {""wavelength"": 500.0, ""concentration"": 4.0, ""path_length"": 5.0, ""absorbance"": 200.0}]"
seq_0005__changed_variable_0_to_1__bar,seq_0005,changed_variable_0_to_1,changed_variable,bar,bar,Which input variable changed from step 0 to step 1?,path_length,category,same,False,,same,"[""/results/yao314652/home/project/outputs/visual_benchmark/qwen25vl_7b_all_modalities/images/seq_0005__changed_variable_0_to_1__bar/bar/step_0000.png"", ""/results/yao314652/home/project/outputs/visual_benchmark/qwen25vl_7b_all_modalities/images/seq_0005__changed_variable_0_to_1__bar/bar/step_0001.png"", ""/results/yao314652/home/project/outputs/visual_benchmark/qwen25vl_7b_all_modalities/images/seq_0005__changed_variable_0_to_1__bar/bar/step_0002.png"", ""/results/yao314652/home/project/outputs/visual_benchmark/qwen25vl_7b_all_modalities/images/seq_0005__changed_variable_0_to_1__bar/bar/step_0003.png"", ""/results/yao314652/home/project/outputs/visual_benchmark/qwen25vl_7b_all_modalities/images/seq_0005__changed_variable_0_to_1__bar/bar/step_0004.png""]","[{""wavelength"": 450.0, ""concentration"": 4.0, ""path_length"": 4.0, ""absorbance"": 144.0}, {""wavelength"": 450.0, ""concentration"": 4.0, ""path_length"": 5.0, ""absorbance"": 180.0}, {""wavelength"": 450.0, ""concentration"": 3.0, ""path_length"": 5.0, ""absorbance"": 135.0}, {""wavelength"": 500.0, ""concentration"": 3.0, ""path_length"": 5.0, ""absorbance"": 150.0}, {""wavelength"": 500.0, ""concentration"": 4.0, ""path_length"": 5.0, ""absorbance"": 200.0}]"
seq_0005__changed_variable_0_to_1__line,seq_0005,changed_variable_0_to_1,changed_variable,line,line,Which input variable changed from step 0 to step 1?,path_length,category,direction,False,,direction,"[""/results/yao314652/home/project/outputs/visual_benchmark/qwen25vl_7b_all_modalities/images/seq_0005__changed_variable_0_to_1__line/line/seq_0005__changed_variable_0_to_1__line_step_0000.png"", ""/results/yao314652/home/project/outputs/visual_benchmark/qwen25vl_7b_all_modalities/images/seq_0005__changed_variable_0_to_1__line/line/seq_0005__changed_variable_0_to_1__line_step_0001.png"", ""/results/yao314652/home/project/outputs/visual_benchmark/qwen25vl_7b_all_modalities/images/seq_0005__changed_variable_0_to_1__line/line/seq_0005__changed_variable_0_to_1__line_step_0002.png"", ""/results/yao314652/home/project/outputs/visual_benchmark/qwen25vl_7b_all_modalities/images/seq_0005__changed_variable_0_to_1__line/line/seq_0005__changed_variable_0_to_1__line_step_0003.png"", ""/results/yao314652/home/project/outputs/visual_benchmark/qwen25vl_7b_all_modalities/images/seq_0005__changed_variable_0_to_1__line/line/seq_0005__changed_variable_0_to_1__line_step_0004.png""]","[{""wavelength"": 450.0, ""concentration"": 4.0, ""path_length"": 4.0, ""absorbance"": 144.0}, {""wavelength"": 450.0, ""concentration"": 4.0, ""path_length"": 5.0, ""absorbance"": 180.0}, {""wavelength"": 450.0, ""concentration"": 3.0, ""path_length"": 5.0, ""absorbance"": 135.0}, {""wavelength"": 500.0, ""concentration"": 3.0, ""path_length"": 5.0, ""absorbance"": 150.0}, {""wavelength"": 500.0, ""concentration"": 4.0, ""path_length"": 5.0, ""absorbance"": 200.0}]"
seq_0005__changed_variable_0_to_1__scatter,seq_0005,changed_variable_0_to_1,changed_variable,scatter,scatter,Which input variable changed from step 0 to step 1?,path_length,category,y,False,,"{""answer"": ""y""}","[""/results/yao314652/home/project/outputs/visual_benchmark/qwen25vl_7b_all_modalities/images/seq_0005__changed_variable_0_to_1__scatter/scatter/seq_0005__changed_variable_0_to_1__scatter_step_0000.png"", ""/results/yao314652/home/project/outputs/visual_benchmark/qwen25vl_7b_all_modalities/images/seq_0005__changed_variable_0_to_1__scatter/scatter/seq_0005__changed_variable_0_to_1__scatter_step_0001.png"", ""/results/yao314652/home/project/outputs/visual_benchmark/qwen25vl_7b_all_modalities/images/seq_0005__changed_variable_0_to_1__scatter/scatter/seq_0005__changed_variable_0_to_1__scatter_step_0002.png"", ""/results/yao314652/home/project/outputs/visual_benchmark/qwen25vl_7b_all_modalities/images/seq_0005__changed_variable_0_to_1__scatter/scatter/seq_0005__changed_variable_0_to_1__scatter_step_0003.png"", ""/results/yao314652/home/project/outputs/visual_benchmark/qwen25vl_7b_all_modalities/images/seq_0005__changed_variable_0_to_1__scatter/scatter/seq_0005__changed_variable_0_to_1__scatter_step_0004.png""]","[{""wavelength"": 450.0, ""concentration"": 4.0, ""path_length"": 4.0, ""absorbance"": 144.0}, {""wavelength"": 450.0, ""concentration"": 4.0, ""path_length"": 5.0, ""absorbance"": 180.0}, {""wavelength"": 450.0, ""concentration"": 3.0, ""path_length"": 5.0, ""absorbance"": 135.0}, {""wavelength"": 500.0, ""concentration"": 3.0, ""path_length"": 5.0, ""absorbance"": 150.0}, {""wavelength"": 500.0, ""concentration"": 4.0, ""path_length"": 5.0, ""absorbance"": 200.0}]"
seq_0005__changed_variable_0_to_1__simulation,seq_0005,changed_variable_0_to_1,changed_variable,simulation,simulation,Which input variable changed from step 0 to step 1?,path_length,category,same,False,,"{""answer"": ""same""}","[""/results/yao314652/home/project/outputs/visual_benchmark/qwen25vl_7b_all_modalities/images/seq_0005__changed_variable_0_to_1__simulation/simulation/step_0000.png"", ""/results/yao314652/home/project/outputs/visual_benchmark/qwen25vl_7b_all_modalities/images/seq_0005__changed_variable_0_to_1__simulation/simulation/step_0001.png"", ""/results/yao314652/home/project/outputs/visual_benchmark/qwen25vl_7b_all_modalities/images/seq_0005__changed_variable_0_to_1__simulation/simulation/step_0002.png"", ""/results/yao314652/home/project/outputs/visual_benchmark/qwen25vl_7b_all_modalities/images/seq_0005__changed_variable_0_to_1__simulation/simulation/step_0003.png"", ""/results/yao314652/home/project/outputs/visual_benchmark/qwen25vl_7b_all_modalities/images/seq_0005__changed_variable_0_to_1__simulation/simulation/step_0004.png""]","[{""wavelength"": 450.0, ""concentration"": 4.0, ""path_length"": 4.0, ""absorbance"": 144.0}, {""wavelength"": 450.0, ""concentration"": 4.0, ""path_length"": 5.0, ""absorbance"": 180.0}, {""wavelength"": 450.0, ""concentration"": 3.0, ""path_length"": 5.0, ""absorbance"": 135.0}, {""wavelength"": 500.0, ""concentration"": 3.0, ""path_length"": 5.0, ""absorbance"": 150.0}, {""wavelength"": 500.0, ""concentration"": 4.0, ""path_length"": 5.0, ""absorbance"": 200.0}]"
seq_0005__max_target_step__text,seq_0005,max_target_step,max_step,text,none,At which step is absorbance the highest?,4,step,4,True,,"```json
{""answer"": 4}
```",[],"[{""wavelength"": 450.0, ""concentration"": 4.0, ""path_length"": 4.0, ""absorbance"": 144.0}, {""wavelength"": 450.0, ""concentration"": 4.0, ""path_length"": 5.0, ""absorbance"": 180.0}, {""wavelength"": 450.0, ""concentration"": 3.0, ""path_length"": 5.0, ""absorbance"": 135.0}, {""wavelength"": 500.0, ""concentration"": 3.0, ""path_length"": 5.0, ""absorbance"": 150.0}, {""wavelength"": 500.0, ""concentration"": 4.0, ""path_length"": 5.0, ""absorbance"": 200.0}]"
seq_0005__max_target_step__bar,seq_0005,max_target_step,max_step,bar,bar,At which step is absorbance the highest?,4,step,2,False,,"{""answer"": 2}","[""/results/yao314652/home/project/outputs/visual_benchmark/qwen25vl_7b_all_modalities/images/seq_0005__max_target_step__bar/bar/step_0000.png"", ""/results/yao314652/home/project/outputs/visual_benchmark/qwen25vl_7b_all_modalities/images/seq_0005__max_target_step__bar/bar/step_0001.png"", ""/results/yao314652/home/project/outputs/visual_benchmark/qwen25vl_7b_all_modalities/images/seq_0005__max_target_step__bar/bar/step_0002.png"", ""/results/yao314652/home/project/outputs/visual_benchmark/qwen25vl_7b_all_modalities/images/seq_0005__max_target_step__bar/bar/step_0003.png"", ""/results/yao314652/home/project/outputs/visual_benchmark/qwen25vl_7b_all_modalities/images/seq_0005__max_target_step__bar/bar/step_0004.png""]","[{""wavelength"": 450.0, ""concentration"": 4.0, ""path_length"": 4.0, ""absorbance"": 144.0}, {""wavelength"": 450.0, ""concentration"": 4.0, ""path_length"": 5.0, ""absorbance"": 180.0}, {""wavelength"": 450.0, ""concentration"": 3.0, ""path_length"": 5.0, ""absorbance"": 135.0}, {""wavelength"": 500.0, ""concentration"": 3.0, ""path_length"": 5.0, ""absorbance"": 150.0}, {""wavelength"": 500.0, ""concentration"": 4.0, ""path_length"": 5.0, ""absorbance"": 200.0}]"
seq_0005__max_target_step__line,seq_0005,max_target_step,max_step,line,line,At which step is absorbance the highest?,4,step,3,False,,"{""answer"": 3}","[""/results/yao314652/home/project/outputs/visual_benchmark/qwen25vl_7b_all_modalities/images/seq_0005__max_target_step__line/line/seq_0005__max_target_step__line_step_0000.png"", ""/results/yao314652/home/project/outputs/visual_benchmark/qwen25vl_7b_all_modalities/images/seq_0005__max_target_step__line/line/seq_0005__max_target_step__line_step_0001.png"", ""/results/yao314652/home/project/outputs/visual_benchmark/qwen25vl_7b_all_modalities/images/seq_0005__max_target_step__line/line/seq_0005__max_target_step__line_step_0002.png"", ""/results/yao314652/home/project/outputs/visual_benchmark/qwen25vl_7b_all_modalities/images/seq_0005__max_target_step__line/line/seq_0005__max_target_step__line_step_0003.png"", ""/results/yao314652/home/project/outputs/visual_benchmark/qwen25vl_7b_all_modalities/images/seq_0005__max_target_step__line/line/seq_0005__max_target_step__line_step_0004.png""]","[{""wavelength"": 450.0, ""concentration"": 4.0, ""path_length"": 4.0, ""absorbance"": 144.0}, {""wavelength"": 450.0, ""concentration"": 4.0, ""path_length"": 5.0, ""absorbance"": 180.0}, {""wavelength"": 450.0, ""concentration"": 3.0, ""path_length"": 5.0, ""absorbance"": 135.0}, {""wavelength"": 500.0, ""concentration"": 3.0, ""path_length"": 5.0, ""absorbance"": 150.0}, {""wavelength"": 500.0, ""concentration"": 4.0, ""path_length"": 5.0, ""absorbance"": 200.0}]"
seq_0005__max_target_step__scatter,seq_0005,max_target_step,max_step,scatter,scatter,At which step is absorbance the highest?,4,step,4,True,,"{""answer"": 4}","[""/results/yao314652/home/project/outputs/visual_benchmark/qwen25vl_7b_all_modalities/images/seq_0005__max_target_step__scatter/scatter/seq_0005__max_target_step__scatter_step_0000.png"", ""/results/yao314652/home/project/outputs/visual_benchmark/qwen25vl_7b_all_modalities/images/seq_0005__max_target_step__scatter/scatter/seq_0005__max_target_step__scatter_step_0001.png"", ""/results/yao314652/home/project/outputs/visual_benchmark/qwen25vl_7b_all_modalities/images/seq_0005__max_target_step__scatter/scatter/seq_0005__max_target_step__scatter_step_0002.png"", ""/results/yao314652/home/project/outputs/visual_benchmark/qwen25vl_7b_all_modalities/images/seq_0005__max_target_step__scatter/scatter/seq_0005__max_target_step__scatter_step_0003.png"", ""/results/yao314652/home/project/outputs/visual_benchmark/qwen25vl_7b_all_modalities/images/seq_0005__max_target_step__scatter/scatter/seq_0005__max_target_step__scatter_step_0004.png""]","[{""wavelength"": 450.0, ""concentration"": 4.0, ""path_length"": 4.0, ""absorbance"": 144.0}, {""wavelength"": 450.0, ""concentration"": 4.0, ""path_length"": 5.0, ""absorbance"": 180.0}, {""wavelength"": 450.0, ""concentration"": 3.0, ""path_length"": 5.0, ""absorbance"": 135.0}, {""wavelength"": 500.0, ""concentration"": 3.0, ""path_length"": 5.0, ""absorbance"": 150.0}, {""wavelength"": 500.0, ""concentration"": 4.0, ""path_length"": 5.0, ""absorbance"": 200.0}]"
seq_0005__max_target_step__simulation,seq_0005,max_target_step,max_step,simulation,simulation,At which step is absorbance the highest?,4,step,4,True,,"{""answer"": 4}","[""/results/yao314652/home/project/outputs/visual_benchmark/qwen25vl_7b_all_modalities/images/seq_0005__max_target_step__simulation/simulation/step_0000.png"", ""/results/yao314652/home/project/outputs/visual_benchmark/qwen25vl_7b_all_modalities/images/seq_0005__max_target_step__simulation/simulation/step_0001.png"", ""/results/yao314652/home/project/outputs/visual_benchmark/qwen25vl_7b_all_modalities/images/seq_0005__max_target_step__simulation/simulation/step_0002.png"", ""/results/yao314652/home/project/outputs/visual_benchmark/qwen25vl_7b_all_modalities/images/seq_0005__max_target_step__simulation/simulation/step_0003.png"", ""/results/yao314652/home/project/outputs/visual_benchmark/qwen25vl_7b_all_modalities/images/seq_0005__max_target_step__simulation/simulation/step_0004.png""]","[{""wavelength"": 450.0, ""concentration"": 4.0, ""path_length"": 4.0, ""absorbance"": 144.0}, {""wavelength"": 450.0, ""concentration"": 4.0, ""path_length"": 5.0, ""absorbance"": 180.0}, {""wavelength"": 450.0, ""concentration"": 3.0, ""path_length"": 5.0, ""absorbance"": 135.0}, {""wavelength"": 500.0, ""concentration"": 3.0, ""path_length"": 5.0, ""absorbance"": 150.0}, {""wavelength"": 500.0, ""concentration"": 4.0, ""path_length"": 5.0, ""absorbance"": 200.0}]"
seq_0005__largest_target_drop_step__text,seq_0005,largest_target_drop_step,largest_drop_step,text,none,"At which step does absorbance show the largest drop compared with the previous step? If it never drops, answer none.",2,step_or_none,2,True,,"To determine at which step the absorbance shows the largest drop compared with the previous step, we need to calculate the difference in absorbance between each consecutive pair of steps and identify the maximum drop.

Let's calculate the differences:

- Step 1 to Step 0: \( 180 - 144 = 36 \)
- Step 2 to Step 1: \( 135 - 180 = -45 \) (a drop)
- Step 3 to Step 2: \( 150 - 135 = 15 \)
- Step 4 to Step 3: \( 200 - 150 = 50 \)

The largest drop occurs between Step 1 and Step 2, where the absorbance decreases by 45.

Thus, the answer is:

```json
{""answer"": 2}
```",[],"[{""wavelength"": 450.0, ""concentration"": 4.0, ""path_length"": 4.0, ""absorbance"": 144.0}, {""wavelength"": 450.0, ""concentration"": 4.0, ""path_length"": 5.0, ""absorbance"": 180.0}, {""wavelength"": 450.0, ""concentration"": 3.0, ""path_length"": 5.0, ""absorbance"": 135.0}, {""wavelength"": 500.0, ""concentration"": 3.0, ""path_length"": 5.0, ""absorbance"": 150.0}, {""wavelength"": 500.0, ""concentration"": 4.0, ""path_length"": 5.0, ""absorbance"": 200.0}]"
seq_0005__largest_target_drop_step__bar,seq_0005,largest_target_drop_step,largest_drop_step,bar,bar,"At which step does absorbance show the largest drop compared with the previous step? If it never drops, answer none.",2,step_or_none,4,False,,"{""answer"": 4}","[""/results/yao314652/home/project/outputs/visual_benchmark/qwen25vl_7b_all_modalities/images/seq_0005__largest_target_drop_step__bar/bar/step_0000.png"", ""/results/yao314652/home/project/outputs/visual_benchmark/qwen25vl_7b_all_modalities/images/seq_0005__largest_target_drop_step__bar/bar/step_0001.png"", ""/results/yao314652/home/project/outputs/visual_benchmark/qwen25vl_7b_all_modalities/images/seq_0005__largest_target_drop_step__bar/bar/step_0002.png"", ""/results/yao314652/home/project/outputs/visual_benchmark/qwen25vl_7b_all_modalities/images/seq_0005__largest_target_drop_step__bar/bar/step_0003.png"", ""/results/yao314652/home/project/outputs/visual_benchmark/qwen25vl_7b_all_modalities/images/seq_0005__largest_target_drop_step__bar/bar/step_0004.png""]","[{""wavelength"": 450.0, ""concentration"": 4.0, ""path_length"": 4.0, ""absorbance"": 144.0}, {""wavelength"": 450.0, ""concentration"": 4.0, ""path_length"": 5.0, ""absorbance"": 180.0}, {""wavelength"": 450.0, ""concentration"": 3.0, ""path_length"": 5.0, ""absorbance"": 135.0}, {""wavelength"": 500.0, ""concentration"": 3.0, ""path_length"": 5.0, ""absorbance"": 150.0}, {""wavelength"": 500.0, ""concentration"": 4.0, ""path_length"": 5.0, ""absorbance"": 200.0}]"
seq_0005__largest_target_drop_step__line,seq_0005,largest_target_drop_step,largest_drop_step,line,line,"At which step does absorbance show the largest drop compared with the previous step? If it never drops, answer none.",2,step_or_none,3,False,,"{""answer"": 3}","[""/results/yao314652/home/project/outputs/visual_benchmark/qwen25vl_7b_all_modalities/images/seq_0005__largest_target_drop_step__line/line/seq_0005__largest_target_drop_step__line_step_0000.png"", ""/results/yao314652/home/project/outputs/visual_benchmark/qwen25vl_7b_all_modalities/images/seq_0005__largest_target_drop_step__line/line/seq_0005__largest_target_drop_step__line_step_0001.png"", ""/results/yao314652/home/project/outputs/visual_benchmark/qwen25vl_7b_all_modalities/images/seq_0005__largest_target_drop_step__line/line/seq_0005__largest_target_drop_step__line_step_0002.png"", ""/results/yao314652/home/project/outputs/visual_benchmark/qwen25vl_7b_all_modalities/images/seq_0005__largest_target_drop_step__line/line/seq_0005__largest_target_drop_step__line_step_0003.png"", ""/results/yao314652/home/project/outputs/visual_benchmark/qwen25vl_7b_all_modalities/images/seq_0005__largest_target_drop_step__line/line/seq_0005__largest_target_drop_step__line_step_0004.png""]","[{""wavelength"": 450.0, ""concentration"": 4.0, ""path_length"": 4.0, ""absorbance"": 144.0}, {""wavelength"": 450.0, ""concentration"": 4.0, ""path_length"": 5.0, ""absorbance"": 180.0}, {""wavelength"": 450.0, ""concentration"": 3.0, ""path_length"": 5.0, ""absorbance"": 135.0}, {""wavelength"": 500.0, ""concentration"": 3.0, ""path_length"": 5.0, ""absorbance"": 150.0}, {""wavelength"": 500.0, ""concentration"": 4.0, ""path_length"": 5.0, ""absorbance"": 200.0}]"
seq_0005__largest_target_drop_step__scatter,seq_0005,largest_target_drop_step,largest_drop_step,scatter,scatter,"At which step does absorbance show the largest drop compared with the previous step? If it never drops, answer none.",2,step_or_none,3,False,,"{""answer"": 3}","[""/results/yao314652/home/project/outputs/visual_benchmark/qwen25vl_7b_all_modalities/images/seq_0005__largest_target_drop_step__scatter/scatter/seq_0005__largest_target_drop_step__scatter_step_0000.png"", ""/results/yao314652/home/project/outputs/visual_benchmark/qwen25vl_7b_all_modalities/images/seq_0005__largest_target_drop_step__scatter/scatter/seq_0005__largest_target_drop_step__scatter_step_0001.png"", ""/results/yao314652/home/project/outputs/visual_benchmark/qwen25vl_7b_all_modalities/images/seq_0005__largest_target_drop_step__scatter/scatter/seq_0005__largest_target_drop_step__scatter_step_0002.png"", ""/results/yao314652/home/project/outputs/visual_benchmark/qwen25vl_7b_all_modalities/images/seq_0005__largest_target_drop_step__scatter/scatter/seq_0005__largest_target_drop_step__scatter_step_0003.png"", ""/results/yao314652/home/project/outputs/visual_benchmark/qwen25vl_7b_all_modalities/images/seq_0005__largest_target_drop_step__scatter/scatter/seq_0005__largest_target_drop_step__scatter_step_0004.png""]","[{""wavelength"": 450.0, ""concentration"": 4.0, ""path_length"": 4.0, ""absorbance"": 144.0}, {""wavelength"": 450.0, ""concentration"": 4.0, ""path_length"": 5.0, ""absorbance"": 180.0}, {""wavelength"": 450.0, ""concentration"": 3.0, ""path_length"": 5.0, ""absorbance"": 135.0}, {""wavelength"": 500.0, ""concentration"": 3.0, ""path_length"": 5.0, ""absorbance"": 150.0}, {""wavelength"": 500.0, ""concentration"": 4.0, ""path_length"": 5.0, ""absorbance"": 200.0}]"
seq_0005__largest_target_drop_step__simulation,seq_0005,largest_target_drop_step,largest_drop_step,simulation,simulation,"At which step does absorbance show the largest drop compared with the previous step? If it never drops, answer none.",2,step_or_none,4,False,,"{""answer"": 4}","[""/results/yao314652/home/project/outputs/visual_benchmark/qwen25vl_7b_all_modalities/images/seq_0005__largest_target_drop_step__simulation/simulation/step_0000.png"", ""/results/yao314652/home/project/outputs/visual_benchmark/qwen25vl_7b_all_modalities/images/seq_0005__largest_target_drop_step__simulation/simulation/step_0001.png"", ""/results/yao314652/home/project/outputs/visual_benchmark/qwen25vl_7b_all_modalities/images/seq_0005__largest_target_drop_step__simulation/simulation/step_0002.png"", ""/results/yao314652/home/project/outputs/visual_benchmark/qwen25vl_7b_all_modalities/images/seq_0005__largest_target_drop_step__simulation/simulation/step_0003.png"", ""/results/yao314652/home/project/outputs/visual_benchmark/qwen25vl_7b_all_modalities/images/seq_0005__largest_target_drop_step__simulation/simulation/step_0004.png""]","[{""wavelength"": 450.0, ""concentration"": 4.0, ""path_length"": 4.0, ""absorbance"": 144.0}, {""wavelength"": 450.0, ""concentration"": 4.0, ""path_length"": 5.0, ""absorbance"": 180.0}, {""wavelength"": 450.0, ""concentration"": 3.0, ""path_length"": 5.0, ""absorbance"": 135.0}, {""wavelength"": 500.0, ""concentration"": 3.0, ""path_length"": 5.0, ""absorbance"": 150.0}, {""wavelength"": 500.0, ""concentration"": 4.0, ""path_length"": 5.0, ""absorbance"": 200.0}]"
seq_0006__read_last_target__text,seq_0006,read_last_target,value_at_step,text,none,What is the value of absorbance at step 4?,120.0,number,120,True,0.0,"{
  ""answer"": 120
}",[],"[{""wavelength"": 450.0, ""concentration"": 4.0, ""path_length"": 4.0, ""absorbance"": 144.0}, {""wavelength"": 400.0, ""concentration"": 4.0, ""path_length"": 4.0, ""absorbance"": 128.0}, {""wavelength"": 400.0, ""concentration"": 4.0, ""path_length"": 3.0, ""absorbance"": 96.0}, {""wavelength"": 450.0, ""concentration"": 4.0, ""path_length"": 3.0, ""absorbance"": 108.0}, {""wavelength"": 500.0, ""concentration"": 4.0, ""path_length"": 3.0, ""absorbance"": 120.0}]"
seq_0006__read_last_target__bar,seq_0006,read_last_target,value_at_step,bar,bar,What is the value of absorbance at step 4?,120.0,number,0.3,False,119.7,"```json
{
  ""answer"": 0.3
}
```","[""/results/yao314652/home/project/outputs/visual_benchmark/qwen25vl_7b_all_modalities/images/seq_0006__read_last_target__bar/bar/step_0000.png"", ""/results/yao314652/home/project/outputs/visual_benchmark/qwen25vl_7b_all_modalities/images/seq_0006__read_last_target__bar/bar/step_0001.png"", ""/results/yao314652/home/project/outputs/visual_benchmark/qwen25vl_7b_all_modalities/images/seq_0006__read_last_target__bar/bar/step_0002.png"", ""/results/yao314652/home/project/outputs/visual_benchmark/qwen25vl_7b_all_modalities/images/seq_0006__read_last_target__bar/bar/step_0003.png"", ""/results/yao314652/home/project/outputs/visual_benchmark/qwen25vl_7b_all_modalities/images/seq_0006__read_last_target__bar/bar/step_0004.png""]","[{""wavelength"": 450.0, ""concentration"": 4.0, ""path_length"": 4.0, ""absorbance"": 144.0}, {""wavelength"": 400.0, ""concentration"": 4.0, ""path_length"": 4.0, ""absorbance"": 128.0}, {""wavelength"": 400.0, ""concentration"": 4.0, ""path_length"": 3.0, ""absorbance"": 96.0}, {""wavelength"": 450.0, ""concentration"": 4.0, ""path_length"": 3.0, ""absorbance"": 108.0}, {""wavelength"": 500.0, ""concentration"": 4.0, ""path_length"": 3.0, ""absorbance"": 120.0}]"
seq_0006__read_last_target__line,seq_0006,read_last_target,value_at_step,line,line,What is the value of absorbance at step 4?,120.0,number,0.2,False,119.8,"```json
{""answer"": 0.2}
```","[""/results/yao314652/home/project/outputs/visual_benchmark/qwen25vl_7b_all_modalities/images/seq_0006__read_last_target__line/line/seq_0006__read_last_target__line_step_0000.png"", ""/results/yao314652/home/project/outputs/visual_benchmark/qwen25vl_7b_all_modalities/images/seq_0006__read_last_target__line/line/seq_0006__read_last_target__line_step_0001.png"", ""/results/yao314652/home/project/outputs/visual_benchmark/qwen25vl_7b_all_modalities/images/seq_0006__read_last_target__line/line/seq_0006__read_last_target__line_step_0002.png"", ""/results/yao314652/home/project/outputs/visual_benchmark/qwen25vl_7b_all_modalities/images/seq_0006__read_last_target__line/line/seq_0006__read_last_target__line_step_0003.png"", ""/results/yao314652/home/project/outputs/visual_benchmark/qwen25vl_7b_all_modalities/images/seq_0006__read_last_target__line/line/seq_0006__read_last_target__line_step_0004.png""]","[{""wavelength"": 450.0, ""concentration"": 4.0, ""path_length"": 4.0, ""absorbance"": 144.0}, {""wavelength"": 400.0, ""concentration"": 4.0, ""path_length"": 4.0, ""absorbance"": 128.0}, {""wavelength"": 400.0, ""concentration"": 4.0, ""path_length"": 3.0, ""absorbance"": 96.0}, {""wavelength"": 450.0, ""concentration"": 4.0, ""path_length"": 3.0, ""absorbance"": 108.0}, {""wavelength"": 500.0, ""concentration"": 4.0, ""path_length"": 3.0, ""absorbance"": 120.0}]"
seq_0006__read_last_target__scatter,seq_0006,read_last_target,value_at_step,scatter,scatter,What is the value of absorbance at step 4?,120.0,number,0.2,False,119.8,"{""answer"": 0.2}","[""/results/yao314652/home/project/outputs/visual_benchmark/qwen25vl_7b_all_modalities/images/seq_0006__read_last_target__scatter/scatter/seq_0006__read_last_target__scatter_step_0000.png"", ""/results/yao314652/home/project/outputs/visual_benchmark/qwen25vl_7b_all_modalities/images/seq_0006__read_last_target__scatter/scatter/seq_0006__read_last_target__scatter_step_0001.png"", ""/results/yao314652/home/project/outputs/visual_benchmark/qwen25vl_7b_all_modalities/images/seq_0006__read_last_target__scatter/scatter/seq_0006__read_last_target__scatter_step_0002.png"", ""/results/yao314652/home/project/outputs/visual_benchmark/qwen25vl_7b_all_modalities/images/seq_0006__read_last_target__scatter/scatter/seq_0006__read_last_target__scatter_step_0003.png"", ""/results/yao314652/home/project/outputs/visual_benchmark/qwen25vl_7b_all_modalities/images/seq_0006__read_last_target__scatter/scatter/seq_0006__read_last_target__scatter_step_0004.png""]","[{""wavelength"": 450.0, ""concentration"": 4.0, ""path_length"": 4.0, ""absorbance"": 144.0}, {""wavelength"": 400.0, ""concentration"": 4.0, ""path_length"": 4.0, ""absorbance"": 128.0}, {""wavelength"": 400.0, ""concentration"": 4.0, ""path_length"": 3.0, ""absorbance"": 96.0}, {""wavelength"": 450.0, ""concentration"": 4.0, ""path_length"": 3.0, ""absorbance"": 108.0}, {""wavelength"": 500.0, ""concentration"": 4.0, ""path_length"": 3.0, ""absorbance"": 120.0}]"
seq_0006__read_last_target__simulation,seq_0006,read_last_target,value_at_step,simulation,simulation,What is the value of absorbance at step 4?,120.0,number,0.6,False,119.4,"{""answer"": 0.6}","[""/results/yao314652/home/project/outputs/visual_benchmark/qwen25vl_7b_all_modalities/images/seq_0006__read_last_target__simulation/simulation/step_0000.png"", ""/results/yao314652/home/project/outputs/visual_benchmark/qwen25vl_7b_all_modalities/images/seq_0006__read_last_target__simulation/simulation/step_0001.png"", ""/results/yao314652/home/project/outputs/visual_benchmark/qwen25vl_7b_all_modalities/images/seq_0006__read_last_target__simulation/simulation/step_0002.png"", ""/results/yao314652/home/project/outputs/visual_benchmark/qwen25vl_7b_all_modalities/images/seq_0006__read_last_target__simulation/simulation/step_0003.png"", ""/results/yao314652/home/project/outputs/visual_benchmark/qwen25vl_7b_all_modalities/images/seq_0006__read_last_target__simulation/simulation/step_0004.png""]","[{""wavelength"": 450.0, ""concentration"": 4.0, ""path_length"": 4.0, ""absorbance"": 144.0}, {""wavelength"": 400.0, ""concentration"": 4.0, ""path_length"": 4.0, ""absorbance"": 128.0}, {""wavelength"": 400.0, ""concentration"": 4.0, ""path_length"": 3.0, ""absorbance"": 96.0}, {""wavelength"": 450.0, ""concentration"": 4.0, ""path_length"": 3.0, ""absorbance"": 108.0}, {""wavelength"": 500.0, ""concentration"": 4.0, ""path_length"": 3.0, ""absorbance"": 120.0}]"
seq_0006__target_change_amount__text,seq_0006,target_change_amount,change_amount,text,none,By how much does absorbance change from step 0 to step 4?,-24.0,number,-24,True,0.0,"{""answer"": -24}",[],"[{""wavelength"": 450.0, ""concentration"": 4.0, ""path_length"": 4.0, ""absorbance"": 144.0}, {""wavelength"": 400.0, ""concentration"": 4.0, ""path_length"": 4.0, ""absorbance"": 128.0}, {""wavelength"": 400.0, ""concentration"": 4.0, ""path_length"": 3.0, ""absorbance"": 96.0}, {""wavelength"": 450.0, ""concentration"": 4.0, ""path_length"": 3.0, ""absorbance"": 108.0}, {""wavelength"": 500.0, ""concentration"": 4.0, ""path_length"": 3.0, ""absorbance"": 120.0}]"
seq_0006__target_change_amount__bar,seq_0006,target_change_amount,change_amount,bar,bar,By how much does absorbance change from step 0 to step 4?,-24.0,number,-1,False,23.0,"{""answer"": -1}","[""/results/yao314652/home/project/outputs/visual_benchmark/qwen25vl_7b_all_modalities/images/seq_0006__target_change_amount__bar/bar/step_0000.png"", ""/results/yao314652/home/project/outputs/visual_benchmark/qwen25vl_7b_all_modalities/images/seq_0006__target_change_amount__bar/bar/step_0001.png"", ""/results/yao314652/home/project/outputs/visual_benchmark/qwen25vl_7b_all_modalities/images/seq_0006__target_change_amount__bar/bar/step_0002.png"", ""/results/yao314652/home/project/outputs/visual_benchmark/qwen25vl_7b_all_modalities/images/seq_0006__target_change_amount__bar/bar/step_0003.png"", ""/results/yao314652/home/project/outputs/visual_benchmark/qwen25vl_7b_all_modalities/images/seq_0006__target_change_amount__bar/bar/step_0004.png""]","[{""wavelength"": 450.0, ""concentration"": 4.0, ""path_length"": 4.0, ""absorbance"": 144.0}, {""wavelength"": 400.0, ""concentration"": 4.0, ""path_length"": 4.0, ""absorbance"": 128.0}, {""wavelength"": 400.0, ""concentration"": 4.0, ""path_length"": 3.0, ""absorbance"": 96.0}, {""wavelength"": 450.0, ""concentration"": 4.0, ""path_length"": 3.0, ""absorbance"": 108.0}, {""wavelength"": 500.0, ""concentration"": 4.0, ""path_length"": 3.0, ""absorbance"": 120.0}]"
seq_0006__target_change_amount__line,seq_0006,target_change_amount,change_amount,line,line,By how much does absorbance change from step 0 to step 4?,-24.0,number,-0.1,False,23.9,"{""answer"": -0.1}","[""/results/yao314652/home/project/outputs/visual_benchmark/qwen25vl_7b_all_modalities/images/seq_0006__target_change_amount__line/line/seq_0006__target_change_amount__line_step_0000.png"", ""/results/yao314652/home/project/outputs/visual_benchmark/qwen25vl_7b_all_modalities/images/seq_0006__target_change_amount__line/line/seq_0006__target_change_amount__line_step_0001.png"", ""/results/yao314652/home/project/outputs/visual_benchmark/qwen25vl_7b_all_modalities/images/seq_0006__target_change_amount__line/line/seq_0006__target_change_amount__line_step_0002.png"", ""/results/yao314652/home/project/outputs/visual_benchmark/qwen25vl_7b_all_modalities/images/seq_0006__target_change_amount__line/line/seq_0006__target_change_amount__line_step_0003.png"", ""/results/yao314652/home/project/outputs/visual_benchmark/qwen25vl_7b_all_modalities/images/seq_0006__target_change_amount__line/line/seq_0006__target_change_amount__line_step_0004.png""]","[{""wavelength"": 450.0, ""concentration"": 4.0, ""path_length"": 4.0, ""absorbance"": 144.0}, {""wavelength"": 400.0, ""concentration"": 4.0, ""path_length"": 4.0, ""absorbance"": 128.0}, {""wavelength"": 400.0, ""concentration"": 4.0, ""path_length"": 3.0, ""absorbance"": 96.0}, {""wavelength"": 450.0, ""concentration"": 4.0, ""path_length"": 3.0, ""absorbance"": 108.0}, {""wavelength"": 500.0, ""concentration"": 4.0, ""path_length"": 3.0, ""absorbance"": 120.0}]"
seq_0006__target_change_amount__scatter,seq_0006,target_change_amount,change_amount,scatter,scatter,By how much does absorbance change from step 0 to step 4?,-24.0,number,-0.12,False,23.88,"{""answer"": -0.12}","[""/results/yao314652/home/project/outputs/visual_benchmark/qwen25vl_7b_all_modalities/images/seq_0006__target_change_amount__scatter/scatter/seq_0006__target_change_amount__scatter_step_0000.png"", ""/results/yao314652/home/project/outputs/visual_benchmark/qwen25vl_7b_all_modalities/images/seq_0006__target_change_amount__scatter/scatter/seq_0006__target_change_amount__scatter_step_0001.png"", ""/results/yao314652/home/project/outputs/visual_benchmark/qwen25vl_7b_all_modalities/images/seq_0006__target_change_amount__scatter/scatter/seq_0006__target_change_amount__scatter_step_0002.png"", ""/results/yao314652/home/project/outputs/visual_benchmark/qwen25vl_7b_all_modalities/images/seq_0006__target_change_amount__scatter/scatter/seq_0006__target_change_amount__scatter_step_0003.png"", ""/results/yao314652/home/project/outputs/visual_benchmark/qwen25vl_7b_all_modalities/images/seq_0006__target_change_amount__scatter/scatter/seq_0006__target_change_amount__scatter_step_0004.png""]","[{""wavelength"": 450.0, ""concentration"": 4.0, ""path_length"": 4.0, ""absorbance"": 144.0}, {""wavelength"": 400.0, ""concentration"": 4.0, ""path_length"": 4.0, ""absorbance"": 128.0}, {""wavelength"": 400.0, ""concentration"": 4.0, ""path_length"": 3.0, ""absorbance"": 96.0}, {""wavelength"": 450.0, ""concentration"": 4.0, ""path_length"": 3.0, ""absorbance"": 108.0}, {""wavelength"": 500.0, ""concentration"": 4.0, ""path_length"": 3.0, ""absorbance"": 120.0}]"
seq_0006__target_change_amount__simulation,seq_0006,target_change_amount,change_amount,simulation,simulation,By how much does absorbance change from step 0 to step 4?,-24.0,number,-0.16,False,23.84,"{""answer"": -0.16}","[""/results/yao314652/home/project/outputs/visual_benchmark/qwen25vl_7b_all_modalities/images/seq_0006__target_change_amount__simulation/simulation/step_0000.png"", ""/results/yao314652/home/project/outputs/visual_benchmark/qwen25vl_7b_all_modalities/images/seq_0006__target_change_amount__simulation/simulation/step_0001.png"", ""/results/yao314652/home/project/outputs/visual_benchmark/qwen25vl_7b_all_modalities/images/seq_0006__target_change_amount__simulation/simulation/step_0002.png"", ""/results/yao314652/home/project/outputs/visual_benchmark/qwen25vl_7b_all_modalities/images/seq_0006__target_change_amount__simulation/simulation/step_0003.png"", ""/results/yao314652/home/project/outputs/visual_benchmark/qwen25vl_7b_all_modalities/images/seq_0006__target_change_amount__simulation/simulation/step_0004.png""]","[{""wavelength"": 450.0, ""concentration"": 4.0, ""path_length"": 4.0, ""absorbance"": 144.0}, {""wavelength"": 400.0, ""concentration"": 4.0, ""path_length"": 4.0, ""absorbance"": 128.0}, {""wavelength"": 400.0, ""concentration"": 4.0, ""path_length"": 3.0, ""absorbance"": 96.0}, {""wavelength"": 450.0, ""concentration"": 4.0, ""path_length"": 3.0, ""absorbance"": 108.0}, {""wavelength"": 500.0, ""concentration"": 4.0, ""path_length"": 3.0, ""absorbance"": 120.0}]"
seq_0006__target_change_direction__text,seq_0006,target_change_direction,change_direction,text,none,"Does absorbance increase, decrease, or stay the same from step 0 to step 4?",decrease,category,decrease,True,,"{
  ""answer"": ""decrease""
}",[],"[{""wavelength"": 450.0, ""concentration"": 4.0, ""path_length"": 4.0, ""absorbance"": 144.0}, {""wavelength"": 400.0, ""concentration"": 4.0, ""path_length"": 4.0, ""absorbance"": 128.0}, {""wavelength"": 400.0, ""concentration"": 4.0, ""path_length"": 3.0, ""absorbance"": 96.0}, {""wavelength"": 450.0, ""concentration"": 4.0, ""path_length"": 3.0, ""absorbance"": 108.0}, {""wavelength"": 500.0, ""concentration"": 4.0, ""path_length"": 3.0, ""absorbance"": 120.0}]"
seq_0006__target_change_direction__bar,seq_0006,target_change_direction,change_direction,bar,bar,"Does absorbance increase, decrease, or stay the same from step 0 to step 4?",decrease,category,decrease,True,,"{""answer"": ""decrease""}","[""/results/yao314652/home/project/outputs/visual_benchmark/qwen25vl_7b_all_modalities/images/seq_0006__target_change_direction__bar/bar/step_0000.png"", ""/results/yao314652/home/project/outputs/visual_benchmark/qwen25vl_7b_all_modalities/images/seq_0006__target_change_direction__bar/bar/step_0001.png"", ""/results/yao314652/home/project/outputs/visual_benchmark/qwen25vl_7b_all_modalities/images/seq_0006__target_change_direction__bar/bar/step_0002.png"", ""/results/yao314652/home/project/outputs/visual_benchmark/qwen25vl_7b_all_modalities/images/seq_0006__target_change_direction__bar/bar/step_0003.png"", ""/results/yao314652/home/project/outputs/visual_benchmark/qwen25vl_7b_all_modalities/images/seq_0006__target_change_direction__bar/bar/step_0004.png""]","[{""wavelength"": 450.0, ""concentration"": 4.0, ""path_length"": 4.0, ""absorbance"": 144.0}, {""wavelength"": 400.0, ""concentration"": 4.0, ""path_length"": 4.0, ""absorbance"": 128.0}, {""wavelength"": 400.0, ""concentration"": 4.0, ""path_length"": 3.0, ""absorbance"": 96.0}, {""wavelength"": 450.0, ""concentration"": 4.0, ""path_length"": 3.0, ""absorbance"": 108.0}, {""wavelength"": 500.0, ""concentration"": 4.0, ""path_length"": 3.0, ""absorbance"": 120.0}]"
seq_0006__target_change_direction__line,seq_0006,target_change_direction,change_direction,line,line,"Does absorbance increase, decrease, or stay the same from step 0 to step 4?",decrease,category,increase,False,,"{""answer"": ""increase""}","[""/results/yao314652/home/project/outputs/visual_benchmark/qwen25vl_7b_all_modalities/images/seq_0006__target_change_direction__line/line/seq_0006__target_change_direction__line_step_0000.png"", ""/results/yao314652/home/project/outputs/visual_benchmark/qwen25vl_7b_all_modalities/images/seq_0006__target_change_direction__line/line/seq_0006__target_change_direction__line_step_0001.png"", ""/results/yao314652/home/project/outputs/visual_benchmark/qwen25vl_7b_all_modalities/images/seq_0006__target_change_direction__line/line/seq_0006__target_change_direction__line_step_0002.png"", ""/results/yao314652/home/project/outputs/visual_benchmark/qwen25vl_7b_all_modalities/images/seq_0006__target_change_direction__line/line/seq_0006__target_change_direction__line_step_0003.png"", ""/results/yao314652/home/project/outputs/visual_benchmark/qwen25vl_7b_all_modalities/images/seq_0006__target_change_direction__line/line/seq_0006__target_change_direction__line_step_0004.png""]","[{""wavelength"": 450.0, ""concentration"": 4.0, ""path_length"": 4.0, ""absorbance"": 144.0}, {""wavelength"": 400.0, ""concentration"": 4.0, ""path_length"": 4.0, ""absorbance"": 128.0}, {""wavelength"": 400.0, ""concentration"": 4.0, ""path_length"": 3.0, ""absorbance"": 96.0}, {""wavelength"": 450.0, ""concentration"": 4.0, ""path_length"": 3.0, ""absorbance"": 108.0}, {""wavelength"": 500.0, ""concentration"": 4.0, ""path_length"": 3.0, ""absorbance"": 120.0}]"
seq_0006__target_change_direction__scatter,seq_0006,target_change_direction,change_direction,scatter,scatter,"Does absorbance increase, decrease, or stay the same from step 0 to step 4?",decrease,category,increase,False,,"{""answer"": ""increase""}","[""/results/yao314652/home/project/outputs/visual_benchmark/qwen25vl_7b_all_modalities/images/seq_0006__target_change_direction__scatter/scatter/seq_0006__target_change_direction__scatter_step_0000.png"", ""/results/yao314652/home/project/outputs/visual_benchmark/qwen25vl_7b_all_modalities/images/seq_0006__target_change_direction__scatter/scatter/seq_0006__target_change_direction__scatter_step_0001.png"", ""/results/yao314652/home/project/outputs/visual_benchmark/qwen25vl_7b_all_modalities/images/seq_0006__target_change_direction__scatter/scatter/seq_0006__target_change_direction__scatter_step_0002.png"", ""/results/yao314652/home/project/outputs/visual_benchmark/qwen25vl_7b_all_modalities/images/seq_0006__target_change_direction__scatter/scatter/seq_0006__target_change_direction__scatter_step_0003.png"", ""/results/yao314652/home/project/outputs/visual_benchmark/qwen25vl_7b_all_modalities/images/seq_0006__target_change_direction__scatter/scatter/seq_0006__target_change_direction__scatter_step_0004.png""]","[{""wavelength"": 450.0, ""concentration"": 4.0, ""path_length"": 4.0, ""absorbance"": 144.0}, {""wavelength"": 400.0, ""concentration"": 4.0, ""path_length"": 4.0, ""absorbance"": 128.0}, {""wavelength"": 400.0, ""concentration"": 4.0, ""path_length"": 3.0, ""absorbance"": 96.0}, {""wavelength"": 450.0, ""concentration"": 4.0, ""path_length"": 3.0, ""absorbance"": 108.0}, {""wavelength"": 500.0, ""concentration"": 4.0, ""path_length"": 3.0, ""absorbance"": 120.0}]"
seq_0006__target_change_direction__simulation,seq_0006,target_change_direction,change_direction,simulation,simulation,"Does absorbance increase, decrease, or stay the same from step 0 to step 4?",decrease,category,decrease,True,,"{""answer"": ""decrease""}","[""/results/yao314652/home/project/outputs/visual_benchmark/qwen25vl_7b_all_modalities/images/seq_0006__target_change_direction__simulation/simulation/step_0000.png"", ""/results/yao314652/home/project/outputs/visual_benchmark/qwen25vl_7b_all_modalities/images/seq_0006__target_change_direction__simulation/simulation/step_0001.png"", ""/results/yao314652/home/project/outputs/visual_benchmark/qwen25vl_7b_all_modalities/images/seq_0006__target_change_direction__simulation/simulation/step_0002.png"", ""/results/yao314652/home/project/outputs/visual_benchmark/qwen25vl_7b_all_modalities/images/seq_0006__target_change_direction__simulation/simulation/step_0003.png"", ""/results/yao314652/home/project/outputs/visual_benchmark/qwen25vl_7b_all_modalities/images/seq_0006__target_change_direction__simulation/simulation/step_0004.png""]","[{""wavelength"": 450.0, ""concentration"": 4.0, ""path_length"": 4.0, ""absorbance"": 144.0}, {""wavelength"": 400.0, ""concentration"": 4.0, ""path_length"": 4.0, ""absorbance"": 128.0}, {""wavelength"": 400.0, ""concentration"": 4.0, ""path_length"": 3.0, ""absorbance"": 96.0}, {""wavelength"": 450.0, ""concentration"": 4.0, ""path_length"": 3.0, ""absorbance"": 108.0}, {""wavelength"": 500.0, ""concentration"": 4.0, ""path_length"": 3.0, ""absorbance"": 120.0}]"
seq_0006__changed_variable_0_to_1__text,seq_0006,changed_variable_0_to_1,changed_variable,text,none,Which input variable changed from step 0 to step 1?,wavelength,category,wavelength,True,,"{""answer"": ""wavelength""}",[],"[{""wavelength"": 450.0, ""concentration"": 4.0, ""path_length"": 4.0, ""absorbance"": 144.0}, {""wavelength"": 400.0, ""concentration"": 4.0, ""path_length"": 4.0, ""absorbance"": 128.0}, {""wavelength"": 400.0, ""concentration"": 4.0, ""path_length"": 3.0, ""absorbance"": 96.0}, {""wavelength"": 450.0, ""concentration"": 4.0, ""path_length"": 3.0, ""absorbance"": 108.0}, {""wavelength"": 500.0, ""concentration"": 4.0, ""path_length"": 3.0, ""absorbance"": 120.0}]"
seq_0006__changed_variable_0_to_1__bar,seq_0006,changed_variable_0_to_1,changed_variable,bar,bar,Which input variable changed from step 0 to step 1?,wavelength,category,input_2,False,,input_2,"[""/results/yao314652/home/project/outputs/visual_benchmark/qwen25vl_7b_all_modalities/images/seq_0006__changed_variable_0_to_1__bar/bar/step_0000.png"", ""/results/yao314652/home/project/outputs/visual_benchmark/qwen25vl_7b_all_modalities/images/seq_0006__changed_variable_0_to_1__bar/bar/step_0001.png"", ""/results/yao314652/home/project/outputs/visual_benchmark/qwen25vl_7b_all_modalities/images/seq_0006__changed_variable_0_to_1__bar/bar/step_0002.png"", ""/results/yao314652/home/project/outputs/visual_benchmark/qwen25vl_7b_all_modalities/images/seq_0006__changed_variable_0_to_1__bar/bar/step_0003.png"", ""/results/yao314652/home/project/outputs/visual_benchmark/qwen25vl_7b_all_modalities/images/seq_0006__changed_variable_0_to_1__bar/bar/step_0004.png""]","[{""wavelength"": 450.0, ""concentration"": 4.0, ""path_length"": 4.0, ""absorbance"": 144.0}, {""wavelength"": 400.0, ""concentration"": 4.0, ""path_length"": 4.0, ""absorbance"": 128.0}, {""wavelength"": 400.0, ""concentration"": 4.0, ""path_length"": 3.0, ""absorbance"": 96.0}, {""wavelength"": 450.0, ""concentration"": 4.0, ""path_length"": 3.0, ""absorbance"": 108.0}, {""wavelength"": 500.0, ""concentration"": 4.0, ""path_length"": 3.0, ""absorbance"": 120.0}]"
seq_0006__changed_variable_0_to_1__line,seq_0006,changed_variable_0_to_1,changed_variable,line,line,Which input variable changed from step 0 to step 1?,wavelength,category,increase,False,,"{""answer"": ""increase""}","[""/results/yao314652/home/project/outputs/visual_benchmark/qwen25vl_7b_all_modalities/images/seq_0006__changed_variable_0_to_1__line/line/seq_0006__changed_variable_0_to_1__line_step_0000.png"", ""/results/yao314652/home/project/outputs/visual_benchmark/qwen25vl_7b_all_modalities/images/seq_0006__changed_variable_0_to_1__line/line/seq_0006__changed_variable_0_to_1__line_step_0001.png"", ""/results/yao314652/home/project/outputs/visual_benchmark/qwen25vl_7b_all_modalities/images/seq_0006__changed_variable_0_to_1__line/line/seq_0006__changed_variable_0_to_1__line_step_0002.png"", ""/results/yao314652/home/project/outputs/visual_benchmark/qwen25vl_7b_all_modalities/images/seq_0006__changed_variable_0_to_1__line/line/seq_0006__changed_variable_0_to_1__line_step_0003.png"", ""/results/yao314652/home/project/outputs/visual_benchmark/qwen25vl_7b_all_modalities/images/seq_0006__changed_variable_0_to_1__line/line/seq_0006__changed_variable_0_to_1__line_step_0004.png""]","[{""wavelength"": 450.0, ""concentration"": 4.0, ""path_length"": 4.0, ""absorbance"": 144.0}, {""wavelength"": 400.0, ""concentration"": 4.0, ""path_length"": 4.0, ""absorbance"": 128.0}, {""wavelength"": 400.0, ""concentration"": 4.0, ""path_length"": 3.0, ""absorbance"": 96.0}, {""wavelength"": 450.0, ""concentration"": 4.0, ""path_length"": 3.0, ""absorbance"": 108.0}, {""wavelength"": 500.0, ""concentration"": 4.0, ""path_length"": 3.0, ""absorbance"": 120.0}]"
seq_0006__changed_variable_0_to_1__scatter,seq_0006,changed_variable_0_to_1,changed_variable,scatter,scatter,Which input variable changed from step 0 to step 1?,wavelength,category,same,False,,"{""answer"": ""same""}","[""/results/yao314652/home/project/outputs/visual_benchmark/qwen25vl_7b_all_modalities/images/seq_0006__changed_variable_0_to_1__scatter/scatter/seq_0006__changed_variable_0_to_1__scatter_step_0000.png"", ""/results/yao314652/home/project/outputs/visual_benchmark/qwen25vl_7b_all_modalities/images/seq_0006__changed_variable_0_to_1__scatter/scatter/seq_0006__changed_variable_0_to_1__scatter_step_0001.png"", ""/results/yao314652/home/project/outputs/visual_benchmark/qwen25vl_7b_all_modalities/images/seq_0006__changed_variable_0_to_1__scatter/scatter/seq_0006__changed_variable_0_to_1__scatter_step_0002.png"", ""/results/yao314652/home/project/outputs/visual_benchmark/qwen25vl_7b_all_modalities/images/seq_0006__changed_variable_0_to_1__scatter/scatter/seq_0006__changed_variable_0_to_1__scatter_step_0003.png"", ""/results/yao314652/home/project/outputs/visual_benchmark/qwen25vl_7b_all_modalities/images/seq_0006__changed_variable_0_to_1__scatter/scatter/seq_0006__changed_variable_0_to_1__scatter_step_0004.png""]","[{""wavelength"": 450.0, ""concentration"": 4.0, ""path_length"": 4.0, ""absorbance"": 144.0}, {""wavelength"": 400.0, ""concentration"": 4.0, ""path_length"": 4.0, ""absorbance"": 128.0}, {""wavelength"": 400.0, ""concentration"": 4.0, ""path_length"": 3.0, ""absorbance"": 96.0}, {""wavelength"": 450.0, ""concentration"": 4.0, ""path_length"": 3.0, ""absorbance"": 108.0}, {""wavelength"": 500.0, ""concentration"": 4.0, ""path_length"": 3.0, ""absorbance"": 120.0}]"
seq_0006__changed_variable_0_to_1__simulation,seq_0006,changed_variable_0_to_1,changed_variable,simulation,simulation,Which input variable changed from step 0 to step 1?,wavelength,category,input variable,False,,input variable,"[""/results/yao314652/home/project/outputs/visual_benchmark/qwen25vl_7b_all_modalities/images/seq_0006__changed_variable_0_to_1__simulation/simulation/step_0000.png"", ""/results/yao314652/home/project/outputs/visual_benchmark/qwen25vl_7b_all_modalities/images/seq_0006__changed_variable_0_to_1__simulation/simulation/step_0001.png"", ""/results/yao314652/home/project/outputs/visual_benchmark/qwen25vl_7b_all_modalities/images/seq_0006__changed_variable_0_to_1__simulation/simulation/step_0002.png"", ""/results/yao314652/home/project/outputs/visual_benchmark/qwen25vl_7b_all_modalities/images/seq_0006__changed_variable_0_to_1__simulation/simulation/step_0003.png"", ""/results/yao314652/home/project/outputs/visual_benchmark/qwen25vl_7b_all_modalities/images/seq_0006__changed_variable_0_to_1__simulation/simulation/step_0004.png""]","[{""wavelength"": 450.0, ""concentration"": 4.0, ""path_length"": 4.0, ""absorbance"": 144.0}, {""wavelength"": 400.0, ""concentration"": 4.0, ""path_length"": 4.0, ""absorbance"": 128.0}, {""wavelength"": 400.0, ""concentration"": 4.0, ""path_length"": 3.0, ""absorbance"": 96.0}, {""wavelength"": 450.0, ""concentration"": 4.0, ""path_length"": 3.0, ""absorbance"": 108.0}, {""wavelength"": 500.0, ""concentration"": 4.0, ""path_length"": 3.0, ""absorbance"": 120.0}]"
seq_0006__max_target_step__text,seq_0006,max_target_step,max_step,text,none,At which step is absorbance the highest?,0,step,0,True,,"```json
{""answer"": 0}
```",[],"[{""wavelength"": 450.0, ""concentration"": 4.0, ""path_length"": 4.0, ""absorbance"": 144.0}, {""wavelength"": 400.0, ""concentration"": 4.0, ""path_length"": 4.0, ""absorbance"": 128.0}, {""wavelength"": 400.0, ""concentration"": 4.0, ""path_length"": 3.0, ""absorbance"": 96.0}, {""wavelength"": 450.0, ""concentration"": 4.0, ""path_length"": 3.0, ""absorbance"": 108.0}, {""wavelength"": 500.0, ""concentration"": 4.0, ""path_length"": 3.0, ""absorbance"": 120.0}]"
seq_0006__max_target_step__bar,seq_0006,max_target_step,max_step,bar,bar,At which step is absorbance the highest?,0,step,2,False,,"{""answer"": 2}","[""/results/yao314652/home/project/outputs/visual_benchmark/qwen25vl_7b_all_modalities/images/seq_0006__max_target_step__bar/bar/step_0000.png"", ""/results/yao314652/home/project/outputs/visual_benchmark/qwen25vl_7b_all_modalities/images/seq_0006__max_target_step__bar/bar/step_0001.png"", ""/results/yao314652/home/project/outputs/visual_benchmark/qwen25vl_7b_all_modalities/images/seq_0006__max_target_step__bar/bar/step_0002.png"", ""/results/yao314652/home/project/outputs/visual_benchmark/qwen25vl_7b_all_modalities/images/seq_0006__max_target_step__bar/bar/step_0003.png"", ""/results/yao314652/home/project/outputs/visual_benchmark/qwen25vl_7b_all_modalities/images/seq_0006__max_target_step__bar/bar/step_0004.png""]","[{""wavelength"": 450.0, ""concentration"": 4.0, ""path_length"": 4.0, ""absorbance"": 144.0}, {""wavelength"": 400.0, ""concentration"": 4.0, ""path_length"": 4.0, ""absorbance"": 128.0}, {""wavelength"": 400.0, ""concentration"": 4.0, ""path_length"": 3.0, ""absorbance"": 96.0}, {""wavelength"": 450.0, ""concentration"": 4.0, ""path_length"": 3.0, ""absorbance"": 108.0}, {""wavelength"": 500.0, ""concentration"": 4.0, ""path_length"": 3.0, ""absorbance"": 120.0}]"
seq_0006__max_target_step__line,seq_0006,max_target_step,max_step,line,line,At which step is absorbance the highest?,0,step,2,False,,"{""answer"": 2}","[""/results/yao314652/home/project/outputs/visual_benchmark/qwen25vl_7b_all_modalities/images/seq_0006__max_target_step__line/line/seq_0006__max_target_step__line_step_0000.png"", ""/results/yao314652/home/project/outputs/visual_benchmark/qwen25vl_7b_all_modalities/images/seq_0006__max_target_step__line/line/seq_0006__max_target_step__line_step_0001.png"", ""/results/yao314652/home/project/outputs/visual_benchmark/qwen25vl_7b_all_modalities/images/seq_0006__max_target_step__line/line/seq_0006__max_target_step__line_step_0002.png"", ""/results/yao314652/home/project/outputs/visual_benchmark/qwen25vl_7b_all_modalities/images/seq_0006__max_target_step__line/line/seq_0006__max_target_step__line_step_0003.png"", ""/results/yao314652/home/project/outputs/visual_benchmark/qwen25vl_7b_all_modalities/images/seq_0006__max_target_step__line/line/seq_0006__max_target_step__line_step_0004.png""]","[{""wavelength"": 450.0, ""concentration"": 4.0, ""path_length"": 4.0, ""absorbance"": 144.0}, {""wavelength"": 400.0, ""concentration"": 4.0, ""path_length"": 4.0, ""absorbance"": 128.0}, {""wavelength"": 400.0, ""concentration"": 4.0, ""path_length"": 3.0, ""absorbance"": 96.0}, {""wavelength"": 450.0, ""concentration"": 4.0, ""path_length"": 3.0, ""absorbance"": 108.0}, {""wavelength"": 500.0, ""concentration"": 4.0, ""path_length"": 3.0, ""absorbance"": 120.0}]"
seq_0006__max_target_step__scatter,seq_0006,max_target_step,max_step,scatter,scatter,At which step is absorbance the highest?,0,step,4,False,,"{""answer"": 4}","[""/results/yao314652/home/project/outputs/visual_benchmark/qwen25vl_7b_all_modalities/images/seq_0006__max_target_step__scatter/scatter/seq_0006__max_target_step__scatter_step_0000.png"", ""/results/yao314652/home/project/outputs/visual_benchmark/qwen25vl_7b_all_modalities/images/seq_0006__max_target_step__scatter/scatter/seq_0006__max_target_step__scatter_step_0001.png"", ""/results/yao314652/home/project/outputs/visual_benchmark/qwen25vl_7b_all_modalities/images/seq_0006__max_target_step__scatter/scatter/seq_0006__max_target_step__scatter_step_0002.png"", ""/results/yao314652/home/project/outputs/visual_benchmark/qwen25vl_7b_all_modalities/images/seq_0006__max_target_step__scatter/scatter/seq_0006__max_target_step__scatter_step_0003.png"", ""/results/yao314652/home/project/outputs/visual_benchmark/qwen25vl_7b_all_modalities/images/seq_0006__max_target_step__scatter/scatter/seq_0006__max_target_step__scatter_step_0004.png""]","[{""wavelength"": 450.0, ""concentration"": 4.0, ""path_length"": 4.0, ""absorbance"": 144.0}, {""wavelength"": 400.0, ""concentration"": 4.0, ""path_length"": 4.0, ""absorbance"": 128.0}, {""wavelength"": 400.0, ""concentration"": 4.0, ""path_length"": 3.0, ""absorbance"": 96.0}, {""wavelength"": 450.0, ""concentration"": 4.0, ""path_length"": 3.0, ""absorbance"": 108.0}, {""wavelength"": 500.0, ""concentration"": 4.0, ""path_length"": 3.0, ""absorbance"": 120.0}]"
seq_0006__max_target_step__simulation,seq_0006,max_target_step,max_step,simulation,simulation,At which step is absorbance the highest?,0,step,3,False,,"{""answer"": 3}","[""/results/yao314652/home/project/outputs/visual_benchmark/qwen25vl_7b_all_modalities/images/seq_0006__max_target_step__simulation/simulation/step_0000.png"", ""/results/yao314652/home/project/outputs/visual_benchmark/qwen25vl_7b_all_modalities/images/seq_0006__max_target_step__simulation/simulation/step_0001.png"", ""/results/yao314652/home/project/outputs/visual_benchmark/qwen25vl_7b_all_modalities/images/seq_0006__max_target_step__simulation/simulation/step_0002.png"", ""/results/yao314652/home/project/outputs/visual_benchmark/qwen25vl_7b_all_modalities/images/seq_0006__max_target_step__simulation/simulation/step_0003.png"", ""/results/yao314652/home/project/outputs/visual_benchmark/qwen25vl_7b_all_modalities/images/seq_0006__max_target_step__simulation/simulation/step_0004.png""]","[{""wavelength"": 450.0, ""concentration"": 4.0, ""path_length"": 4.0, ""absorbance"": 144.0}, {""wavelength"": 400.0, ""concentration"": 4.0, ""path_length"": 4.0, ""absorbance"": 128.0}, {""wavelength"": 400.0, ""concentration"": 4.0, ""path_length"": 3.0, ""absorbance"": 96.0}, {""wavelength"": 450.0, ""concentration"": 4.0, ""path_length"": 3.0, ""absorbance"": 108.0}, {""wavelength"": 500.0, ""concentration"": 4.0, ""path_length"": 3.0, ""absorbance"": 120.0}]"
seq_0006__largest_target_drop_step__text,seq_0006,largest_target_drop_step,largest_drop_step,text,none,"At which step does absorbance show the largest drop compared with the previous step? If it never drops, answer none.",2,step_or_none,2,True,,"```json
{""answer"": ""2""}
```",[],"[{""wavelength"": 450.0, ""concentration"": 4.0, ""path_length"": 4.0, ""absorbance"": 144.0}, {""wavelength"": 400.0, ""concentration"": 4.0, ""path_length"": 4.0, ""absorbance"": 128.0}, {""wavelength"": 400.0, ""concentration"": 4.0, ""path_length"": 3.0, ""absorbance"": 96.0}, {""wavelength"": 450.0, ""concentration"": 4.0, ""path_length"": 3.0, ""absorbance"": 108.0}, {""wavelength"": 500.0, ""concentration"": 4.0, ""path_length"": 3.0, ""absorbance"": 120.0}]"
seq_0006__largest_target_drop_step__bar,seq_0006,largest_target_drop_step,largest_drop_step,bar,bar,"At which step does absorbance show the largest drop compared with the previous step? If it never drops, answer none.",2,step_or_none,1,False,,"{""answer"": 1}","[""/results/yao314652/home/project/outputs/visual_benchmark/qwen25vl_7b_all_modalities/images/seq_0006__largest_target_drop_step__bar/bar/step_0000.png"", ""/results/yao314652/home/project/outputs/visual_benchmark/qwen25vl_7b_all_modalities/images/seq_0006__largest_target_drop_step__bar/bar/step_0001.png"", ""/results/yao314652/home/project/outputs/visual_benchmark/qwen25vl_7b_all_modalities/images/seq_0006__largest_target_drop_step__bar/bar/step_0002.png"", ""/results/yao314652/home/project/outputs/visual_benchmark/qwen25vl_7b_all_modalities/images/seq_0006__largest_target_drop_step__bar/bar/step_0003.png"", ""/results/yao314652/home/project/outputs/visual_benchmark/qwen25vl_7b_all_modalities/images/seq_0006__largest_target_drop_step__bar/bar/step_0004.png""]","[{""wavelength"": 450.0, ""concentration"": 4.0, ""path_length"": 4.0, ""absorbance"": 144.0}, {""wavelength"": 400.0, ""concentration"": 4.0, ""path_length"": 4.0, ""absorbance"": 128.0}, {""wavelength"": 400.0, ""concentration"": 4.0, ""path_length"": 3.0, ""absorbance"": 96.0}, {""wavelength"": 450.0, ""concentration"": 4.0, ""path_length"": 3.0, ""absorbance"": 108.0}, {""wavelength"": 500.0, ""concentration"": 4.0, ""path_length"": 3.0, ""absorbance"": 120.0}]"
seq_0006__largest_target_drop_step__line,seq_0006,largest_target_drop_step,largest_drop_step,line,line,"At which step does absorbance show the largest drop compared with the previous step? If it never drops, answer none.",2,step_or_none,4,False,,"{""answer"": 4}","[""/results/yao314652/home/project/outputs/visual_benchmark/qwen25vl_7b_all_modalities/images/seq_0006__largest_target_drop_step__line/line/seq_0006__largest_target_drop_step__line_step_0000.png"", ""/results/yao314652/home/project/outputs/visual_benchmark/qwen25vl_7b_all_modalities/images/seq_0006__largest_target_drop_step__line/line/seq_0006__largest_target_drop_step__line_step_0001.png"", ""/results/yao314652/home/project/outputs/visual_benchmark/qwen25vl_7b_all_modalities/images/seq_0006__largest_target_drop_step__line/line/seq_0006__largest_target_drop_step__line_step_0002.png"", ""/results/yao314652/home/project/outputs/visual_benchmark/qwen25vl_7b_all_modalities/images/seq_0006__largest_target_drop_step__line/line/seq_0006__largest_target_drop_step__line_step_0003.png"", ""/results/yao314652/home/project/outputs/visual_benchmark/qwen25vl_7b_all_modalities/images/seq_0006__largest_target_drop_step__line/line/seq_0006__largest_target_drop_step__line_step_0004.png""]","[{""wavelength"": 450.0, ""concentration"": 4.0, ""path_length"": 4.0, ""absorbance"": 144.0}, {""wavelength"": 400.0, ""concentration"": 4.0, ""path_length"": 4.0, ""absorbance"": 128.0}, {""wavelength"": 400.0, ""concentration"": 4.0, ""path_length"": 3.0, ""absorbance"": 96.0}, {""wavelength"": 450.0, ""concentration"": 4.0, ""path_length"": 3.0, ""absorbance"": 108.0}, {""wavelength"": 500.0, ""concentration"": 4.0, ""path_length"": 3.0, ""absorbance"": 120.0}]"
seq_0006__largest_target_drop_step__scatter,seq_0006,largest_target_drop_step,largest_drop_step,scatter,scatter,"At which step does absorbance show the largest drop compared with the previous step? If it never drops, answer none.",2,step_or_none,none,False,,"{""answer"": ""none""}","[""/results/yao314652/home/project/outputs/visual_benchmark/qwen25vl_7b_all_modalities/images/seq_0006__largest_target_drop_step__scatter/scatter/seq_0006__largest_target_drop_step__scatter_step_0000.png"", ""/results/yao314652/home/project/outputs/visual_benchmark/qwen25vl_7b_all_modalities/images/seq_0006__largest_target_drop_step__scatter/scatter/seq_0006__largest_target_drop_step__scatter_step_0001.png"", ""/results/yao314652/home/project/outputs/visual_benchmark/qwen25vl_7b_all_modalities/images/seq_0006__largest_target_drop_step__scatter/scatter/seq_0006__largest_target_drop_step__scatter_step_0002.png"", ""/results/yao314652/home/project/outputs/visual_benchmark/qwen25vl_7b_all_modalities/images/seq_0006__largest_target_drop_step__scatter/scatter/seq_0006__largest_target_drop_step__scatter_step_0003.png"", ""/results/yao314652/home/project/outputs/visual_benchmark/qwen25vl_7b_all_modalities/images/seq_0006__largest_target_drop_step__scatter/scatter/seq_0006__largest_target_drop_step__scatter_step_0004.png""]","[{""wavelength"": 450.0, ""concentration"": 4.0, ""path_length"": 4.0, ""absorbance"": 144.0}, {""wavelength"": 400.0, ""concentration"": 4.0, ""path_length"": 4.0, ""absorbance"": 128.0}, {""wavelength"": 400.0, ""concentration"": 4.0, ""path_length"": 3.0, ""absorbance"": 96.0}, {""wavelength"": 450.0, ""concentration"": 4.0, ""path_length"": 3.0, ""absorbance"": 108.0}, {""wavelength"": 500.0, ""concentration"": 4.0, ""path_length"": 3.0, ""absorbance"": 120.0}]"
seq_0006__largest_target_drop_step__simulation,seq_0006,largest_target_drop_step,largest_drop_step,simulation,simulation,"At which step does absorbance show the largest drop compared with the previous step? If it never drops, answer none.",2,step_or_none,none,False,,"{""answer"": ""none""}","[""/results/yao314652/home/project/outputs/visual_benchmark/qwen25vl_7b_all_modalities/images/seq_0006__largest_target_drop_step__simulation/simulation/step_0000.png"", ""/results/yao314652/home/project/outputs/visual_benchmark/qwen25vl_7b_all_modalities/images/seq_0006__largest_target_drop_step__simulation/simulation/step_0001.png"", ""/results/yao314652/home/project/outputs/visual_benchmark/qwen25vl_7b_all_modalities/images/seq_0006__largest_target_drop_step__simulation/simulation/step_0002.png"", ""/results/yao314652/home/project/outputs/visual_benchmark/qwen25vl_7b_all_modalities/images/seq_0006__largest_target_drop_step__simulation/simulation/step_0003.png"", ""/results/yao314652/home/project/outputs/visual_benchmark/qwen25vl_7b_all_modalities/images/seq_0006__largest_target_drop_step__simulation/simulation/step_0004.png""]","[{""wavelength"": 450.0, ""concentration"": 4.0, ""path_length"": 4.0, ""absorbance"": 144.0}, {""wavelength"": 400.0, ""concentration"": 4.0, ""path_length"": 4.0, ""absorbance"": 128.0}, {""wavelength"": 400.0, ""concentration"": 4.0, ""path_length"": 3.0, ""absorbance"": 96.0}, {""wavelength"": 450.0, ""concentration"": 4.0, ""path_length"": 3.0, ""absorbance"": 108.0}, {""wavelength"": 500.0, ""concentration"": 4.0, ""path_length"": 3.0, ""absorbance"": 120.0}]"
seq_0007__read_last_target__text,seq_0007,read_last_target,value_at_step,text,none,What is the value of absorbance at step 4?,36.0,number,36,True,0.0,"{""answer"": 36}",[],"[{""wavelength"": 450.0, ""concentration"": 2.0, ""path_length"": 5.0, ""absorbance"": 90.0}, {""wavelength"": 450.0, ""concentration"": 2.0, ""path_length"": 4.0, ""absorbance"": 72.0}, {""wavelength"": 450.0, ""concentration"": 1.0, ""path_length"": 4.0, ""absorbance"": 36.0}, {""wavelength"": 400.0, ""concentration"": 1.0, ""path_length"": 4.0, ""absorbance"": 32.0}, {""wavelength"": 450.0, ""concentration"": 1.0, ""path_length"": 4.0, ""absorbance"": 36.0}]"
seq_0007__read_last_target__bar,seq_0007,read_last_target,value_at_step,bar,bar,What is the value of absorbance at step 4?,36.0,number,0.2,False,35.8,"```json
{""answer"": 0.2}
```","[""/results/yao314652/home/project/outputs/visual_benchmark/qwen25vl_7b_all_modalities/images/seq_0007__read_last_target__bar/bar/step_0000.png"", ""/results/yao314652/home/project/outputs/visual_benchmark/qwen25vl_7b_all_modalities/images/seq_0007__read_last_target__bar/bar/step_0001.png"", ""/results/yao314652/home/project/outputs/visual_benchmark/qwen25vl_7b_all_modalities/images/seq_0007__read_last_target__bar/bar/step_0002.png"", ""/results/yao314652/home/project/outputs/visual_benchmark/qwen25vl_7b_all_modalities/images/seq_0007__read_last_target__bar/bar/step_0003.png"", ""/results/yao314652/home/project/outputs/visual_benchmark/qwen25vl_7b_all_modalities/images/seq_0007__read_last_target__bar/bar/step_0004.png""]","[{""wavelength"": 450.0, ""concentration"": 2.0, ""path_length"": 5.0, ""absorbance"": 90.0}, {""wavelength"": 450.0, ""concentration"": 2.0, ""path_length"": 4.0, ""absorbance"": 72.0}, {""wavelength"": 450.0, ""concentration"": 1.0, ""path_length"": 4.0, ""absorbance"": 36.0}, {""wavelength"": 400.0, ""concentration"": 1.0, ""path_length"": 4.0, ""absorbance"": 32.0}, {""wavelength"": 450.0, ""concentration"": 1.0, ""path_length"": 4.0, ""absorbance"": 36.0}]"
seq_0007__read_last_target__line,seq_0007,read_last_target,value_at_step,line,line,What is the value of absorbance at step 4?,36.0,number,0.2,False,35.8,"{""answer"": 0.2}","[""/results/yao314652/home/project/outputs/visual_benchmark/qwen25vl_7b_all_modalities/images/seq_0007__read_last_target__line/line/seq_0007__read_last_target__line_step_0000.png"", ""/results/yao314652/home/project/outputs/visual_benchmark/qwen25vl_7b_all_modalities/images/seq_0007__read_last_target__line/line/seq_0007__read_last_target__line_step_0001.png"", ""/results/yao314652/home/project/outputs/visual_benchmark/qwen25vl_7b_all_modalities/images/seq_0007__read_last_target__line/line/seq_0007__read_last_target__line_step_0002.png"", ""/results/yao314652/home/project/outputs/visual_benchmark/qwen25vl_7b_all_modalities/images/seq_0007__read_last_target__line/line/seq_0007__read_last_target__line_step_0003.png"", ""/results/yao314652/home/project/outputs/visual_benchmark/qwen25vl_7b_all_modalities/images/seq_0007__read_last_target__line/line/seq_0007__read_last_target__line_step_0004.png""]","[{""wavelength"": 450.0, ""concentration"": 2.0, ""path_length"": 5.0, ""absorbance"": 90.0}, {""wavelength"": 450.0, ""concentration"": 2.0, ""path_length"": 4.0, ""absorbance"": 72.0}, {""wavelength"": 450.0, ""concentration"": 1.0, ""path_length"": 4.0, ""absorbance"": 36.0}, {""wavelength"": 400.0, ""concentration"": 1.0, ""path_length"": 4.0, ""absorbance"": 32.0}, {""wavelength"": 450.0, ""concentration"": 1.0, ""path_length"": 4.0, ""absorbance"": 36.0}]"
seq_0007__read_last_target__scatter,seq_0007,read_last_target,value_at_step,scatter,scatter,What is the value of absorbance at step 4?,36.0,number,1,False,35.0,"{""answer"": 1}","[""/results/yao314652/home/project/outputs/visual_benchmark/qwen25vl_7b_all_modalities/images/seq_0007__read_last_target__scatter/scatter/seq_0007__read_last_target__scatter_step_0000.png"", ""/results/yao314652/home/project/outputs/visual_benchmark/qwen25vl_7b_all_modalities/images/seq_0007__read_last_target__scatter/scatter/seq_0007__read_last_target__scatter_step_0001.png"", ""/results/yao314652/home/project/outputs/visual_benchmark/qwen25vl_7b_all_modalities/images/seq_0007__read_last_target__scatter/scatter/seq_0007__read_last_target__scatter_step_0002.png"", ""/results/yao314652/home/project/outputs/visual_benchmark/qwen25vl_7b_all_modalities/images/seq_0007__read_last_target__scatter/scatter/seq_0007__read_last_target__scatter_step_0003.png"", ""/results/yao314652/home/project/outputs/visual_benchmark/qwen25vl_7b_all_modalities/images/seq_0007__read_last_target__scatter/scatter/seq_0007__read_last_target__scatter_step_0004.png""]","[{""wavelength"": 450.0, ""concentration"": 2.0, ""path_length"": 5.0, ""absorbance"": 90.0}, {""wavelength"": 450.0, ""concentration"": 2.0, ""path_length"": 4.0, ""absorbance"": 72.0}, {""wavelength"": 450.0, ""concentration"": 1.0, ""path_length"": 4.0, ""absorbance"": 36.0}, {""wavelength"": 400.0, ""concentration"": 1.0, ""path_length"": 4.0, ""absorbance"": 32.0}, {""wavelength"": 450.0, ""concentration"": 1.0, ""path_length"": 4.0, ""absorbance"": 36.0}]"
seq_0007__read_last_target__simulation,seq_0007,read_last_target,value_at_step,simulation,simulation,What is the value of absorbance at step 4?,36.0,number,0.82,False,35.18,"{""answer"": 0.82}","[""/results/yao314652/home/project/outputs/visual_benchmark/qwen25vl_7b_all_modalities/images/seq_0007__read_last_target__simulation/simulation/step_0000.png"", ""/results/yao314652/home/project/outputs/visual_benchmark/qwen25vl_7b_all_modalities/images/seq_0007__read_last_target__simulation/simulation/step_0001.png"", ""/results/yao314652/home/project/outputs/visual_benchmark/qwen25vl_7b_all_modalities/images/seq_0007__read_last_target__simulation/simulation/step_0002.png"", ""/results/yao314652/home/project/outputs/visual_benchmark/qwen25vl_7b_all_modalities/images/seq_0007__read_last_target__simulation/simulation/step_0003.png"", ""/results/yao314652/home/project/outputs/visual_benchmark/qwen25vl_7b_all_modalities/images/seq_0007__read_last_target__simulation/simulation/step_0004.png""]","[{""wavelength"": 450.0, ""concentration"": 2.0, ""path_length"": 5.0, ""absorbance"": 90.0}, {""wavelength"": 450.0, ""concentration"": 2.0, ""path_length"": 4.0, ""absorbance"": 72.0}, {""wavelength"": 450.0, ""concentration"": 1.0, ""path_length"": 4.0, ""absorbance"": 36.0}, {""wavelength"": 400.0, ""concentration"": 1.0, ""path_length"": 4.0, ""absorbance"": 32.0}, {""wavelength"": 450.0, ""concentration"": 1.0, ""path_length"": 4.0, ""absorbance"": 36.0}]"
seq_0007__target_change_amount__text,seq_0007,target_change_amount,change_amount,text,none,By how much does absorbance change from step 0 to step 4?,-54.0,number,-54,True,0.0,"{""answer"": -54}",[],"[{""wavelength"": 450.0, ""concentration"": 2.0, ""path_length"": 5.0, ""absorbance"": 90.0}, {""wavelength"": 450.0, ""concentration"": 2.0, ""path_length"": 4.0, ""absorbance"": 72.0}, {""wavelength"": 450.0, ""concentration"": 1.0, ""path_length"": 4.0, ""absorbance"": 36.0}, {""wavelength"": 400.0, ""concentration"": 1.0, ""path_length"": 4.0, ""absorbance"": 32.0}, {""wavelength"": 450.0, ""concentration"": 1.0, ""path_length"": 4.0, ""absorbance"": 36.0}]"
seq_0007__target_change_amount__bar,seq_0007,target_change_amount,change_amount,bar,bar,By how much does absorbance change from step 0 to step 4?,-54.0,number,3,False,57.0,"{""answer"": 3}","[""/results/yao314652/home/project/outputs/visual_benchmark/qwen25vl_7b_all_modalities/images/seq_0007__target_change_amount__bar/bar/step_0000.png"", ""/results/yao314652/home/project/outputs/visual_benchmark/qwen25vl_7b_all_modalities/images/seq_0007__target_change_amount__bar/bar/step_0001.png"", ""/results/yao314652/home/project/outputs/visual_benchmark/qwen25vl_7b_all_modalities/images/seq_0007__target_change_amount__bar/bar/step_0002.png"", ""/results/yao314652/home/project/outputs/visual_benchmark/qwen25vl_7b_all_modalities/images/seq_0007__target_change_amount__bar/bar/step_0003.png"", ""/results/yao314652/home/project/outputs/visual_benchmark/qwen25vl_7b_all_modalities/images/seq_0007__target_change_amount__bar/bar/step_0004.png""]","[{""wavelength"": 450.0, ""concentration"": 2.0, ""path_length"": 5.0, ""absorbance"": 90.0}, {""wavelength"": 450.0, ""concentration"": 2.0, ""path_length"": 4.0, ""absorbance"": 72.0}, {""wavelength"": 450.0, ""concentration"": 1.0, ""path_length"": 4.0, ""absorbance"": 36.0}, {""wavelength"": 400.0, ""concentration"": 1.0, ""path_length"": 4.0, ""absorbance"": 32.0}, {""wavelength"": 450.0, ""concentration"": 1.0, ""path_length"": 4.0, ""absorbance"": 36.0}]"
seq_0007__target_change_amount__line,seq_0007,target_change_amount,change_amount,line,line,By how much does absorbance change from step 0 to step 4?,-54.0,number,-2,False,52.0,"{""answer"": -2}","[""/results/yao314652/home/project/outputs/visual_benchmark/qwen25vl_7b_all_modalities/images/seq_0007__target_change_amount__line/line/seq_0007__target_change_amount__line_step_0000.png"", ""/results/yao314652/home/project/outputs/visual_benchmark/qwen25vl_7b_all_modalities/images/seq_0007__target_change_amount__line/line/seq_0007__target_change_amount__line_step_0001.png"", ""/results/yao314652/home/project/outputs/visual_benchmark/qwen25vl_7b_all_modalities/images/seq_0007__target_change_amount__line/line/seq_0007__target_change_amount__line_step_0002.png"", ""/results/yao314652/home/project/outputs/visual_benchmark/qwen25vl_7b_all_modalities/images/seq_0007__target_change_amount__line/line/seq_0007__target_change_amount__line_step_0003.png"", ""/results/yao314652/home/project/outputs/visual_benchmark/qwen25vl_7b_all_modalities/images/seq_0007__target_change_amount__line/line/seq_0007__target_change_amount__line_step_0004.png""]","[{""wavelength"": 450.0, ""concentration"": 2.0, ""path_length"": 5.0, ""absorbance"": 90.0}, {""wavelength"": 450.0, ""concentration"": 2.0, ""path_length"": 4.0, ""absorbance"": 72.0}, {""wavelength"": 450.0, ""concentration"": 1.0, ""path_length"": 4.0, ""absorbance"": 36.0}, {""wavelength"": 400.0, ""concentration"": 1.0, ""path_length"": 4.0, ""absorbance"": 32.0}, {""wavelength"": 450.0, ""concentration"": 1.0, ""path_length"": 4.0, ""absorbance"": 36.0}]"
seq_0007__target_change_amount__scatter,seq_0007,target_change_amount,change_amount,scatter,scatter,By how much does absorbance change from step 0 to step 4?,-54.0,number,-0.3,False,53.7,"{""answer"": -0.3}","[""/results/yao314652/home/project/outputs/visual_benchmark/qwen25vl_7b_all_modalities/images/seq_0007__target_change_amount__scatter/scatter/seq_0007__target_change_amount__scatter_step_0000.png"", ""/results/yao314652/home/project/outputs/visual_benchmark/qwen25vl_7b_all_modalities/images/seq_0007__target_change_amount__scatter/scatter/seq_0007__target_change_amount__scatter_step_0001.png"", ""/results/yao314652/home/project/outputs/visual_benchmark/qwen25vl_7b_all_modalities/images/seq_0007__target_change_amount__scatter/scatter/seq_0007__target_change_amount__scatter_step_0002.png"", ""/results/yao314652/home/project/outputs/visual_benchmark/qwen25vl_7b_all_modalities/images/seq_0007__target_change_amount__scatter/scatter/seq_0007__target_change_amount__scatter_step_0003.png"", ""/results/yao314652/home/project/outputs/visual_benchmark/qwen25vl_7b_all_modalities/images/seq_0007__target_change_amount__scatter/scatter/seq_0007__target_change_amount__scatter_step_0004.png""]","[{""wavelength"": 450.0, ""concentration"": 2.0, ""path_length"": 5.0, ""absorbance"": 90.0}, {""wavelength"": 450.0, ""concentration"": 2.0, ""path_length"": 4.0, ""absorbance"": 72.0}, {""wavelength"": 450.0, ""concentration"": 1.0, ""path_length"": 4.0, ""absorbance"": 36.0}, {""wavelength"": 400.0, ""concentration"": 1.0, ""path_length"": 4.0, ""absorbance"": 32.0}, {""wavelength"": 450.0, ""concentration"": 1.0, ""path_length"": 4.0, ""absorbance"": 36.0}]"
seq_0007__target_change_amount__simulation,seq_0007,target_change_amount,change_amount,simulation,simulation,By how much does absorbance change from step 0 to step 4?,-54.0,number,0.012,False,54.012,"{""answer"": 0.012}","[""/results/yao314652/home/project/outputs/visual_benchmark/qwen25vl_7b_all_modalities/images/seq_0007__target_change_amount__simulation/simulation/step_0000.png"", ""/results/yao314652/home/project/outputs/visual_benchmark/qwen25vl_7b_all_modalities/images/seq_0007__target_change_amount__simulation/simulation/step_0001.png"", ""/results/yao314652/home/project/outputs/visual_benchmark/qwen25vl_7b_all_modalities/images/seq_0007__target_change_amount__simulation/simulation/step_0002.png"", ""/results/yao314652/home/project/outputs/visual_benchmark/qwen25vl_7b_all_modalities/images/seq_0007__target_change_amount__simulation/simulation/step_0003.png"", ""/results/yao314652/home/project/outputs/visual_benchmark/qwen25vl_7b_all_modalities/images/seq_0007__target_change_amount__simulation/simulation/step_0004.png""]","[{""wavelength"": 450.0, ""concentration"": 2.0, ""path_length"": 5.0, ""absorbance"": 90.0}, {""wavelength"": 450.0, ""concentration"": 2.0, ""path_length"": 4.0, ""absorbance"": 72.0}, {""wavelength"": 450.0, ""concentration"": 1.0, ""path_length"": 4.0, ""absorbance"": 36.0}, {""wavelength"": 400.0, ""concentration"": 1.0, ""path_length"": 4.0, ""absorbance"": 32.0}, {""wavelength"": 450.0, ""concentration"": 1.0, ""path_length"": 4.0, ""absorbance"": 36.0}]"
seq_0007__target_change_direction__text,seq_0007,target_change_direction,change_direction,text,none,"Does absorbance increase, decrease, or stay the same from step 0 to step 4?",decrease,category,decrease,True,,"{
  ""answer"": ""decrease""
}",[],"[{""wavelength"": 450.0, ""concentration"": 2.0, ""path_length"": 5.0, ""absorbance"": 90.0}, {""wavelength"": 450.0, ""concentration"": 2.0, ""path_length"": 4.0, ""absorbance"": 72.0}, {""wavelength"": 450.0, ""concentration"": 1.0, ""path_length"": 4.0, ""absorbance"": 36.0}, {""wavelength"": 400.0, ""concentration"": 1.0, ""path_length"": 4.0, ""absorbance"": 32.0}, {""wavelength"": 450.0, ""concentration"": 1.0, ""path_length"": 4.0, ""absorbance"": 36.0}]"
seq_0007__target_change_direction__bar,seq_0007,target_change_direction,change_direction,bar,bar,"Does absorbance increase, decrease, or stay the same from step 0 to step 4?",decrease,category,decrease,True,,"{""answer"": ""decrease""}","[""/results/yao314652/home/project/outputs/visual_benchmark/qwen25vl_7b_all_modalities/images/seq_0007__target_change_direction__bar/bar/step_0000.png"", ""/results/yao314652/home/project/outputs/visual_benchmark/qwen25vl_7b_all_modalities/images/seq_0007__target_change_direction__bar/bar/step_0001.png"", ""/results/yao314652/home/project/outputs/visual_benchmark/qwen25vl_7b_all_modalities/images/seq_0007__target_change_direction__bar/bar/step_0002.png"", ""/results/yao314652/home/project/outputs/visual_benchmark/qwen25vl_7b_all_modalities/images/seq_0007__target_change_direction__bar/bar/step_0003.png"", ""/results/yao314652/home/project/outputs/visual_benchmark/qwen25vl_7b_all_modalities/images/seq_0007__target_change_direction__bar/bar/step_0004.png""]","[{""wavelength"": 450.0, ""concentration"": 2.0, ""path_length"": 5.0, ""absorbance"": 90.0}, {""wavelength"": 450.0, ""concentration"": 2.0, ""path_length"": 4.0, ""absorbance"": 72.0}, {""wavelength"": 450.0, ""concentration"": 1.0, ""path_length"": 4.0, ""absorbance"": 36.0}, {""wavelength"": 400.0, ""concentration"": 1.0, ""path_length"": 4.0, ""absorbance"": 32.0}, {""wavelength"": 450.0, ""concentration"": 1.0, ""path_length"": 4.0, ""absorbance"": 36.0}]"
seq_0007__target_change_direction__line,seq_0007,target_change_direction,change_direction,line,line,"Does absorbance increase, decrease, or stay the same from step 0 to step 4?",decrease,category,decrease,True,,"{""answer"": ""decrease""}","[""/results/yao314652/home/project/outputs/visual_benchmark/qwen25vl_7b_all_modalities/images/seq_0007__target_change_direction__line/line/seq_0007__target_change_direction__line_step_0000.png"", ""/results/yao314652/home/project/outputs/visual_benchmark/qwen25vl_7b_all_modalities/images/seq_0007__target_change_direction__line/line/seq_0007__target_change_direction__line_step_0001.png"", ""/results/yao314652/home/project/outputs/visual_benchmark/qwen25vl_7b_all_modalities/images/seq_0007__target_change_direction__line/line/seq_0007__target_change_direction__line_step_0002.png"", ""/results/yao314652/home/project/outputs/visual_benchmark/qwen25vl_7b_all_modalities/images/seq_0007__target_change_direction__line/line/seq_0007__target_change_direction__line_step_0003.png"", ""/results/yao314652/home/project/outputs/visual_benchmark/qwen25vl_7b_all_modalities/images/seq_0007__target_change_direction__line/line/seq_0007__target_change_direction__line_step_0004.png""]","[{""wavelength"": 450.0, ""concentration"": 2.0, ""path_length"": 5.0, ""absorbance"": 90.0}, {""wavelength"": 450.0, ""concentration"": 2.0, ""path_length"": 4.0, ""absorbance"": 72.0}, {""wavelength"": 450.0, ""concentration"": 1.0, ""path_length"": 4.0, ""absorbance"": 36.0}, {""wavelength"": 400.0, ""concentration"": 1.0, ""path_length"": 4.0, ""absorbance"": 32.0}, {""wavelength"": 450.0, ""concentration"": 1.0, ""path_length"": 4.0, ""absorbance"": 36.0}]"
seq_0007__target_change_direction__scatter,seq_0007,target_change_direction,change_direction,scatter,scatter,"Does absorbance increase, decrease, or stay the same from step 0 to step 4?",decrease,category,increase,False,,"{""answer"": ""increase""}","[""/results/yao314652/home/project/outputs/visual_benchmark/qwen25vl_7b_all_modalities/images/seq_0007__target_change_direction__scatter/scatter/seq_0007__target_change_direction__scatter_step_0000.png"", ""/results/yao314652/home/project/outputs/visual_benchmark/qwen25vl_7b_all_modalities/images/seq_0007__target_change_direction__scatter/scatter/seq_0007__target_change_direction__scatter_step_0001.png"", ""/results/yao314652/home/project/outputs/visual_benchmark/qwen25vl_7b_all_modalities/images/seq_0007__target_change_direction__scatter/scatter/seq_0007__target_change_direction__scatter_step_0002.png"", ""/results/yao314652/home/project/outputs/visual_benchmark/qwen25vl_7b_all_modalities/images/seq_0007__target_change_direction__scatter/scatter/seq_0007__target_change_direction__scatter_step_0003.png"", ""/results/yao314652/home/project/outputs/visual_benchmark/qwen25vl_7b_all_modalities/images/seq_0007__target_change_direction__scatter/scatter/seq_0007__target_change_direction__scatter_step_0004.png""]","[{""wavelength"": 450.0, ""concentration"": 2.0, ""path_length"": 5.0, ""absorbance"": 90.0}, {""wavelength"": 450.0, ""concentration"": 2.0, ""path_length"": 4.0, ""absorbance"": 72.0}, {""wavelength"": 450.0, ""concentration"": 1.0, ""path_length"": 4.0, ""absorbance"": 36.0}, {""wavelength"": 400.0, ""concentration"": 1.0, ""path_length"": 4.0, ""absorbance"": 32.0}, {""wavelength"": 450.0, ""concentration"": 1.0, ""path_length"": 4.0, ""absorbance"": 36.0}]"
seq_0007__target_change_direction__simulation,seq_0007,target_change_direction,change_direction,simulation,simulation,"Does absorbance increase, decrease, or stay the same from step 0 to step 4?",decrease,category,increase,False,,"{""answer"": ""increase""}","[""/results/yao314652/home/project/outputs/visual_benchmark/qwen25vl_7b_all_modalities/images/seq_0007__target_change_direction__simulation/simulation/step_0000.png"", ""/results/yao314652/home/project/outputs/visual_benchmark/qwen25vl_7b_all_modalities/images/seq_0007__target_change_direction__simulation/simulation/step_0001.png"", ""/results/yao314652/home/project/outputs/visual_benchmark/qwen25vl_7b_all_modalities/images/seq_0007__target_change_direction__simulation/simulation/step_0002.png"", ""/results/yao314652/home/project/outputs/visual_benchmark/qwen25vl_7b_all_modalities/images/seq_0007__target_change_direction__simulation/simulation/step_0003.png"", ""/results/yao314652/home/project/outputs/visual_benchmark/qwen25vl_7b_all_modalities/images/seq_0007__target_change_direction__simulation/simulation/step_0004.png""]","[{""wavelength"": 450.0, ""concentration"": 2.0, ""path_length"": 5.0, ""absorbance"": 90.0}, {""wavelength"": 450.0, ""concentration"": 2.0, ""path_length"": 4.0, ""absorbance"": 72.0}, {""wavelength"": 450.0, ""concentration"": 1.0, ""path_length"": 4.0, ""absorbance"": 36.0}, {""wavelength"": 400.0, ""concentration"": 1.0, ""path_length"": 4.0, ""absorbance"": 32.0}, {""wavelength"": 450.0, ""concentration"": 1.0, ""path_length"": 4.0, ""absorbance"": 36.0}]"
seq_0007__changed_variable_0_to_1__text,seq_0007,changed_variable_0_to_1,changed_variable,text,none,Which input variable changed from step 0 to step 1?,path_length,category,path_length,True,,"{""answer"": ""path_length""}",[],"[{""wavelength"": 450.0, ""concentration"": 2.0, ""path_length"": 5.0, ""absorbance"": 90.0}, {""wavelength"": 450.0, ""concentration"": 2.0, ""path_length"": 4.0, ""absorbance"": 72.0}, {""wavelength"": 450.0, ""concentration"": 1.0, ""path_length"": 4.0, ""absorbance"": 36.0}, {""wavelength"": 400.0, ""concentration"": 1.0, ""path_length"": 4.0, ""absorbance"": 32.0}, {""wavelength"": 450.0, ""concentration"": 1.0, ""path_length"": 4.0, ""absorbance"": 36.0}]"
seq_0007__changed_variable_0_to_1__bar,seq_0007,changed_variable_0_to_1,changed_variable,bar,bar,Which input variable changed from step 0 to step 1?,path_length,category,same,False,,same,"[""/results/yao314652/home/project/outputs/visual_benchmark/qwen25vl_7b_all_modalities/images/seq_0007__changed_variable_0_to_1__bar/bar/step_0000.png"", ""/results/yao314652/home/project/outputs/visual_benchmark/qwen25vl_7b_all_modalities/images/seq_0007__changed_variable_0_to_1__bar/bar/step_0001.png"", ""/results/yao314652/home/project/outputs/visual_benchmark/qwen25vl_7b_all_modalities/images/seq_0007__changed_variable_0_to_1__bar/bar/step_0002.png"", ""/results/yao314652/home/project/outputs/visual_benchmark/qwen25vl_7b_all_modalities/images/seq_0007__changed_variable_0_to_1__bar/bar/step_0003.png"", ""/results/yao314652/home/project/outputs/visual_benchmark/qwen25vl_7b_all_modalities/images/seq_0007__changed_variable_0_to_1__bar/bar/step_0004.png""]","[{""wavelength"": 450.0, ""concentration"": 2.0, ""path_length"": 5.0, ""absorbance"": 90.0}, {""wavelength"": 450.0, ""concentration"": 2.0, ""path_length"": 4.0, ""absorbance"": 72.0}, {""wavelength"": 450.0, ""concentration"": 1.0, ""path_length"": 4.0, ""absorbance"": 36.0}, {""wavelength"": 400.0, ""concentration"": 1.0, ""path_length"": 4.0, ""absorbance"": 32.0}, {""wavelength"": 450.0, ""concentration"": 1.0, ""path_length"": 4.0, ""absorbance"": 36.0}]"
seq_0007__changed_variable_0_to_1__line,seq_0007,changed_variable_0_to_1,changed_variable,line,line,Which input variable changed from step 0 to step 1?,path_length,category,same,False,,"{""answer"": ""same""}","[""/results/yao314652/home/project/outputs/visual_benchmark/qwen25vl_7b_all_modalities/images/seq_0007__changed_variable_0_to_1__line/line/seq_0007__changed_variable_0_to_1__line_step_0000.png"", ""/results/yao314652/home/project/outputs/visual_benchmark/qwen25vl_7b_all_modalities/images/seq_0007__changed_variable_0_to_1__line/line/seq_0007__changed_variable_0_to_1__line_step_0001.png"", ""/results/yao314652/home/project/outputs/visual_benchmark/qwen25vl_7b_all_modalities/images/seq_0007__changed_variable_0_to_1__line/line/seq_0007__changed_variable_0_to_1__line_step_0002.png"", ""/results/yao314652/home/project/outputs/visual_benchmark/qwen25vl_7b_all_modalities/images/seq_0007__changed_variable_0_to_1__line/line/seq_0007__changed_variable_0_to_1__line_step_0003.png"", ""/results/yao314652/home/project/outputs/visual_benchmark/qwen25vl_7b_all_modalities/images/seq_0007__changed_variable_0_to_1__line/line/seq_0007__changed_variable_0_to_1__line_step_0004.png""]","[{""wavelength"": 450.0, ""concentration"": 2.0, ""path_length"": 5.0, ""absorbance"": 90.0}, {""wavelength"": 450.0, ""concentration"": 2.0, ""path_length"": 4.0, ""absorbance"": 72.0}, {""wavelength"": 450.0, ""concentration"": 1.0, ""path_length"": 4.0, ""absorbance"": 36.0}, {""wavelength"": 400.0, ""concentration"": 1.0, ""path_length"": 4.0, ""absorbance"": 32.0}, {""wavelength"": 450.0, ""concentration"": 1.0, ""path_length"": 4.0, ""absorbance"": 36.0}]"
seq_0007__changed_variable_0_to_1__scatter,seq_0007,changed_variable_0_to_1,changed_variable,scatter,scatter,Which input variable changed from step 0 to step 1?,path_length,category,same,False,,"{""answer"": ""same""}","[""/results/yao314652/home/project/outputs/visual_benchmark/qwen25vl_7b_all_modalities/images/seq_0007__changed_variable_0_to_1__scatter/scatter/seq_0007__changed_variable_0_to_1__scatter_step_0000.png"", ""/results/yao314652/home/project/outputs/visual_benchmark/qwen25vl_7b_all_modalities/images/seq_0007__changed_variable_0_to_1__scatter/scatter/seq_0007__changed_variable_0_to_1__scatter_step_0001.png"", ""/results/yao314652/home/project/outputs/visual_benchmark/qwen25vl_7b_all_modalities/images/seq_0007__changed_variable_0_to_1__scatter/scatter/seq_0007__changed_variable_0_to_1__scatter_step_0002.png"", ""/results/yao314652/home/project/outputs/visual_benchmark/qwen25vl_7b_all_modalities/images/seq_0007__changed_variable_0_to_1__scatter/scatter/seq_0007__changed_variable_0_to_1__scatter_step_0003.png"", ""/results/yao314652/home/project/outputs/visual_benchmark/qwen25vl_7b_all_modalities/images/seq_0007__changed_variable_0_to_1__scatter/scatter/seq_0007__changed_variable_0_to_1__scatter_step_0004.png""]","[{""wavelength"": 450.0, ""concentration"": 2.0, ""path_length"": 5.0, ""absorbance"": 90.0}, {""wavelength"": 450.0, ""concentration"": 2.0, ""path_length"": 4.0, ""absorbance"": 72.0}, {""wavelength"": 450.0, ""concentration"": 1.0, ""path_length"": 4.0, ""absorbance"": 36.0}, {""wavelength"": 400.0, ""concentration"": 1.0, ""path_length"": 4.0, ""absorbance"": 32.0}, {""wavelength"": 450.0, ""concentration"": 1.0, ""path_length"": 4.0, ""absorbance"": 36.0}]"
seq_0007__changed_variable_0_to_1__simulation,seq_0007,changed_variable_0_to_1,changed_variable,simulation,simulation,Which input variable changed from step 0 to step 1?,path_length,category,input,False,,input,"[""/results/yao314652/home/project/outputs/visual_benchmark/qwen25vl_7b_all_modalities/images/seq_0007__changed_variable_0_to_1__simulation/simulation/step_0000.png"", ""/results/yao314652/home/project/outputs/visual_benchmark/qwen25vl_7b_all_modalities/images/seq_0007__changed_variable_0_to_1__simulation/simulation/step_0001.png"", ""/results/yao314652/home/project/outputs/visual_benchmark/qwen25vl_7b_all_modalities/images/seq_0007__changed_variable_0_to_1__simulation/simulation/step_0002.png"", ""/results/yao314652/home/project/outputs/visual_benchmark/qwen25vl_7b_all_modalities/images/seq_0007__changed_variable_0_to_1__simulation/simulation/step_0003.png"", ""/results/yao314652/home/project/outputs/visual_benchmark/qwen25vl_7b_all_modalities/images/seq_0007__changed_variable_0_to_1__simulation/simulation/step_0004.png""]","[{""wavelength"": 450.0, ""concentration"": 2.0, ""path_length"": 5.0, ""absorbance"": 90.0}, {""wavelength"": 450.0, ""concentration"": 2.0, ""path_length"": 4.0, ""absorbance"": 72.0}, {""wavelength"": 450.0, ""concentration"": 1.0, ""path_length"": 4.0, ""absorbance"": 36.0}, {""wavelength"": 400.0, ""concentration"": 1.0, ""path_length"": 4.0, ""absorbance"": 32.0}, {""wavelength"": 450.0, ""concentration"": 1.0, ""path_length"": 4.0, ""absorbance"": 36.0}]"
seq_0007__max_target_step__text,seq_0007,max_target_step,max_step,text,none,At which step is absorbance the highest?,0,step,0,True,,"```json
{""answer"": 0}
```",[],"[{""wavelength"": 450.0, ""concentration"": 2.0, ""path_length"": 5.0, ""absorbance"": 90.0}, {""wavelength"": 450.0, ""concentration"": 2.0, ""path_length"": 4.0, ""absorbance"": 72.0}, {""wavelength"": 450.0, ""concentration"": 1.0, ""path_length"": 4.0, ""absorbance"": 36.0}, {""wavelength"": 400.0, ""concentration"": 1.0, ""path_length"": 4.0, ""absorbance"": 32.0}, {""wavelength"": 450.0, ""concentration"": 1.0, ""path_length"": 4.0, ""absorbance"": 36.0}]"
seq_0007__max_target_step__bar,seq_0007,max_target_step,max_step,bar,bar,At which step is absorbance the highest?,0,step,1,False,,"{""answer"": 1}","[""/results/yao314652/home/project/outputs/visual_benchmark/qwen25vl_7b_all_modalities/images/seq_0007__max_target_step__bar/bar/step_0000.png"", ""/results/yao314652/home/project/outputs/visual_benchmark/qwen25vl_7b_all_modalities/images/seq_0007__max_target_step__bar/bar/step_0001.png"", ""/results/yao314652/home/project/outputs/visual_benchmark/qwen25vl_7b_all_modalities/images/seq_0007__max_target_step__bar/bar/step_0002.png"", ""/results/yao314652/home/project/outputs/visual_benchmark/qwen25vl_7b_all_modalities/images/seq_0007__max_target_step__bar/bar/step_0003.png"", ""/results/yao314652/home/project/outputs/visual_benchmark/qwen25vl_7b_all_modalities/images/seq_0007__max_target_step__bar/bar/step_0004.png""]","[{""wavelength"": 450.0, ""concentration"": 2.0, ""path_length"": 5.0, ""absorbance"": 90.0}, {""wavelength"": 450.0, ""concentration"": 2.0, ""path_length"": 4.0, ""absorbance"": 72.0}, {""wavelength"": 450.0, ""concentration"": 1.0, ""path_length"": 4.0, ""absorbance"": 36.0}, {""wavelength"": 400.0, ""concentration"": 1.0, ""path_length"": 4.0, ""absorbance"": 32.0}, {""wavelength"": 450.0, ""concentration"": 1.0, ""path_length"": 4.0, ""absorbance"": 36.0}]"
seq_0007__max_target_step__line,seq_0007,max_target_step,max_step,line,line,At which step is absorbance the highest?,0,step,3,False,,"{""answer"": 3}","[""/results/yao314652/home/project/outputs/visual_benchmark/qwen25vl_7b_all_modalities/images/seq_0007__max_target_step__line/line/seq_0007__max_target_step__line_step_0000.png"", ""/results/yao314652/home/project/outputs/visual_benchmark/qwen25vl_7b_all_modalities/images/seq_0007__max_target_step__line/line/seq_0007__max_target_step__line_step_0001.png"", ""/results/yao314652/home/project/outputs/visual_benchmark/qwen25vl_7b_all_modalities/images/seq_0007__max_target_step__line/line/seq_0007__max_target_step__line_step_0002.png"", ""/results/yao314652/home/project/outputs/visual_benchmark/qwen25vl_7b_all_modalities/images/seq_0007__max_target_step__line/line/seq_0007__max_target_step__line_step_0003.png"", ""/results/yao314652/home/project/outputs/visual_benchmark/qwen25vl_7b_all_modalities/images/seq_0007__max_target_step__line/line/seq_0007__max_target_step__line_step_0004.png""]","[{""wavelength"": 450.0, ""concentration"": 2.0, ""path_length"": 5.0, ""absorbance"": 90.0}, {""wavelength"": 450.0, ""concentration"": 2.0, ""path_length"": 4.0, ""absorbance"": 72.0}, {""wavelength"": 450.0, ""concentration"": 1.0, ""path_length"": 4.0, ""absorbance"": 36.0}, {""wavelength"": 400.0, ""concentration"": 1.0, ""path_length"": 4.0, ""absorbance"": 32.0}, {""wavelength"": 450.0, ""concentration"": 1.0, ""path_length"": 4.0, ""absorbance"": 36.0}]"
seq_0007__max_target_step__scatter,seq_0007,max_target_step,max_step,scatter,scatter,At which step is absorbance the highest?,0,step,2,False,,"{""answer"": 2}","[""/results/yao314652/home/project/outputs/visual_benchmark/qwen25vl_7b_all_modalities/images/seq_0007__max_target_step__scatter/scatter/seq_0007__max_target_step__scatter_step_0000.png"", ""/results/yao314652/home/project/outputs/visual_benchmark/qwen25vl_7b_all_modalities/images/seq_0007__max_target_step__scatter/scatter/seq_0007__max_target_step__scatter_step_0001.png"", ""/results/yao314652/home/project/outputs/visual_benchmark/qwen25vl_7b_all_modalities/images/seq_0007__max_target_step__scatter/scatter/seq_0007__max_target_step__scatter_step_0002.png"", ""/results/yao314652/home/project/outputs/visual_benchmark/qwen25vl_7b_all_modalities/images/seq_0007__max_target_step__scatter/scatter/seq_0007__max_target_step__scatter_step_0003.png"", ""/results/yao314652/home/project/outputs/visual_benchmark/qwen25vl_7b_all_modalities/images/seq_0007__max_target_step__scatter/scatter/seq_0007__max_target_step__scatter_step_0004.png""]","[{""wavelength"": 450.0, ""concentration"": 2.0, ""path_length"": 5.0, ""absorbance"": 90.0}, {""wavelength"": 450.0, ""concentration"": 2.0, ""path_length"": 4.0, ""absorbance"": 72.0}, {""wavelength"": 450.0, ""concentration"": 1.0, ""path_length"": 4.0, ""absorbance"": 36.0}, {""wavelength"": 400.0, ""concentration"": 1.0, ""path_length"": 4.0, ""absorbance"": 32.0}, {""wavelength"": 450.0, ""concentration"": 1.0, ""path_length"": 4.0, ""absorbance"": 36.0}]"
seq_0007__max_target_step__simulation,seq_0007,max_target_step,max_step,simulation,simulation,At which step is absorbance the highest?,0,step,4,False,,"{""answer"": 4}","[""/results/yao314652/home/project/outputs/visual_benchmark/qwen25vl_7b_all_modalities/images/seq_0007__max_target_step__simulation/simulation/step_0000.png"", ""/results/yao314652/home/project/outputs/visual_benchmark/qwen25vl_7b_all_modalities/images/seq_0007__max_target_step__simulation/simulation/step_0001.png"", ""/results/yao314652/home/project/outputs/visual_benchmark/qwen25vl_7b_all_modalities/images/seq_0007__max_target_step__simulation/simulation/step_0002.png"", ""/results/yao314652/home/project/outputs/visual_benchmark/qwen25vl_7b_all_modalities/images/seq_0007__max_target_step__simulation/simulation/step_0003.png"", ""/results/yao314652/home/project/outputs/visual_benchmark/qwen25vl_7b_all_modalities/images/seq_0007__max_target_step__simulation/simulation/step_0004.png""]","[{""wavelength"": 450.0, ""concentration"": 2.0, ""path_length"": 5.0, ""absorbance"": 90.0}, {""wavelength"": 450.0, ""concentration"": 2.0, ""path_length"": 4.0, ""absorbance"": 72.0}, {""wavelength"": 450.0, ""concentration"": 1.0, ""path_length"": 4.0, ""absorbance"": 36.0}, {""wavelength"": 400.0, ""concentration"": 1.0, ""path_length"": 4.0, ""absorbance"": 32.0}, {""wavelength"": 450.0, ""concentration"": 1.0, ""path_length"": 4.0, ""absorbance"": 36.0}]"
seq_0007__largest_target_drop_step__text,seq_0007,largest_target_drop_step,largest_drop_step,text,none,"At which step does absorbance show the largest drop compared with the previous step? If it never drops, answer none.",2,step_or_none,1,False,,"```json
{""answer"": ""1""}
```",[],"[{""wavelength"": 450.0, ""concentration"": 2.0, ""path_length"": 5.0, ""absorbance"": 90.0}, {""wavelength"": 450.0, ""concentration"": 2.0, ""path_length"": 4.0, ""absorbance"": 72.0}, {""wavelength"": 450.0, ""concentration"": 1.0, ""path_length"": 4.0, ""absorbance"": 36.0}, {""wavelength"": 400.0, ""concentration"": 1.0, ""path_length"": 4.0, ""absorbance"": 32.0}, {""wavelength"": 450.0, ""concentration"": 1.0, ""path_length"": 4.0, ""absorbance"": 36.0}]"
seq_0007__largest_target_drop_step__bar,seq_0007,largest_target_drop_step,largest_drop_step,bar,bar,"At which step does absorbance show the largest drop compared with the previous step? If it never drops, answer none.",2,step_or_none,3,False,,"{""answer"": 3}","[""/results/yao314652/home/project/outputs/visual_benchmark/qwen25vl_7b_all_modalities/images/seq_0007__largest_target_drop_step__bar/bar/step_0000.png"", ""/results/yao314652/home/project/outputs/visual_benchmark/qwen25vl_7b_all_modalities/images/seq_0007__largest_target_drop_step__bar/bar/step_0001.png"", ""/results/yao314652/home/project/outputs/visual_benchmark/qwen25vl_7b_all_modalities/images/seq_0007__largest_target_drop_step__bar/bar/step_0002.png"", ""/results/yao314652/home/project/outputs/visual_benchmark/qwen25vl_7b_all_modalities/images/seq_0007__largest_target_drop_step__bar/bar/step_0003.png"", ""/results/yao314652/home/project/outputs/visual_benchmark/qwen25vl_7b_all_modalities/images/seq_0007__largest_target_drop_step__bar/bar/step_0004.png""]","[{""wavelength"": 450.0, ""concentration"": 2.0, ""path_length"": 5.0, ""absorbance"": 90.0}, {""wavelength"": 450.0, ""concentration"": 2.0, ""path_length"": 4.0, ""absorbance"": 72.0}, {""wavelength"": 450.0, ""concentration"": 1.0, ""path_length"": 4.0, ""absorbance"": 36.0}, {""wavelength"": 400.0, ""concentration"": 1.0, ""path_length"": 4.0, ""absorbance"": 32.0}, {""wavelength"": 450.0, ""concentration"": 1.0, ""path_length"": 4.0, ""absorbance"": 36.0}]"
seq_0007__largest_target_drop_step__line,seq_0007,largest_target_drop_step,largest_drop_step,line,line,"At which step does absorbance show the largest drop compared with the previous step? If it never drops, answer none.",2,step_or_none,4,False,,"{""answer"": 4}","[""/results/yao314652/home/project/outputs/visual_benchmark/qwen25vl_7b_all_modalities/images/seq_0007__largest_target_drop_step__line/line/seq_0007__largest_target_drop_step__line_step_0000.png"", ""/results/yao314652/home/project/outputs/visual_benchmark/qwen25vl_7b_all_modalities/images/seq_0007__largest_target_drop_step__line/line/seq_0007__largest_target_drop_step__line_step_0001.png"", ""/results/yao314652/home/project/outputs/visual_benchmark/qwen25vl_7b_all_modalities/images/seq_0007__largest_target_drop_step__line/line/seq_0007__largest_target_drop_step__line_step_0002.png"", ""/results/yao314652/home/project/outputs/visual_benchmark/qwen25vl_7b_all_modalities/images/seq_0007__largest_target_drop_step__line/line/seq_0007__largest_target_drop_step__line_step_0003.png"", ""/results/yao314652/home/project/outputs/visual_benchmark/qwen25vl_7b_all_modalities/images/seq_0007__largest_target_drop_step__line/line/seq_0007__largest_target_drop_step__line_step_0004.png""]","[{""wavelength"": 450.0, ""concentration"": 2.0, ""path_length"": 5.0, ""absorbance"": 90.0}, {""wavelength"": 450.0, ""concentration"": 2.0, ""path_length"": 4.0, ""absorbance"": 72.0}, {""wavelength"": 450.0, ""concentration"": 1.0, ""path_length"": 4.0, ""absorbance"": 36.0}, {""wavelength"": 400.0, ""concentration"": 1.0, ""path_length"": 4.0, ""absorbance"": 32.0}, {""wavelength"": 450.0, ""concentration"": 1.0, ""path_length"": 4.0, ""absorbance"": 36.0}]"
seq_0007__largest_target_drop_step__scatter,seq_0007,largest_target_drop_step,largest_drop_step,scatter,scatter,"At which step does absorbance show the largest drop compared with the previous step? If it never drops, answer none.",2,step_or_none,4,False,,"{""answer"": 4}","[""/results/yao314652/home/project/outputs/visual_benchmark/qwen25vl_7b_all_modalities/images/seq_0007__largest_target_drop_step__scatter/scatter/seq_0007__largest_target_drop_step__scatter_step_0000.png"", ""/results/yao314652/home/project/outputs/visual_benchmark/qwen25vl_7b_all_modalities/images/seq_0007__largest_target_drop_step__scatter/scatter/seq_0007__largest_target_drop_step__scatter_step_0001.png"", ""/results/yao314652/home/project/outputs/visual_benchmark/qwen25vl_7b_all_modalities/images/seq_0007__largest_target_drop_step__scatter/scatter/seq_0007__largest_target_drop_step__scatter_step_0002.png"", ""/results/yao314652/home/project/outputs/visual_benchmark/qwen25vl_7b_all_modalities/images/seq_0007__largest_target_drop_step__scatter/scatter/seq_0007__largest_target_drop_step__scatter_step_0003.png"", ""/results/yao314652/home/project/outputs/visual_benchmark/qwen25vl_7b_all_modalities/images/seq_0007__largest_target_drop_step__scatter/scatter/seq_0007__largest_target_drop_step__scatter_step_0004.png""]","[{""wavelength"": 450.0, ""concentration"": 2.0, ""path_length"": 5.0, ""absorbance"": 90.0}, {""wavelength"": 450.0, ""concentration"": 2.0, ""path_length"": 4.0, ""absorbance"": 72.0}, {""wavelength"": 450.0, ""concentration"": 1.0, ""path_length"": 4.0, ""absorbance"": 36.0}, {""wavelength"": 400.0, ""concentration"": 1.0, ""path_length"": 4.0, ""absorbance"": 32.0}, {""wavelength"": 450.0, ""concentration"": 1.0, ""path_length"": 4.0, ""absorbance"": 36.0}]"
seq_0007__largest_target_drop_step__simulation,seq_0007,largest_target_drop_step,largest_drop_step,simulation,simulation,"At which step does absorbance show the largest drop compared with the previous step? If it never drops, answer none.",2,step_or_none,4,False,,"{""answer"": 4}","[""/results/yao314652/home/project/outputs/visual_benchmark/qwen25vl_7b_all_modalities/images/seq_0007__largest_target_drop_step__simulation/simulation/step_0000.png"", ""/results/yao314652/home/project/outputs/visual_benchmark/qwen25vl_7b_all_modalities/images/seq_0007__largest_target_drop_step__simulation/simulation/step_0001.png"", ""/results/yao314652/home/project/outputs/visual_benchmark/qwen25vl_7b_all_modalities/images/seq_0007__largest_target_drop_step__simulation/simulation/step_0002.png"", ""/results/yao314652/home/project/outputs/visual_benchmark/qwen25vl_7b_all_modalities/images/seq_0007__largest_target_drop_step__simulation/simulation/step_0003.png"", ""/results/yao314652/home/project/outputs/visual_benchmark/qwen25vl_7b_all_modalities/images/seq_0007__largest_target_drop_step__simulation/simulation/step_0004.png""]","[{""wavelength"": 450.0, ""concentration"": 2.0, ""path_length"": 5.0, ""absorbance"": 90.0}, {""wavelength"": 450.0, ""concentration"": 2.0, ""path_length"": 4.0, ""absorbance"": 72.0}, {""wavelength"": 450.0, ""concentration"": 1.0, ""path_length"": 4.0, ""absorbance"": 36.0}, {""wavelength"": 400.0, ""concentration"": 1.0, ""path_length"": 4.0, ""absorbance"": 32.0}, {""wavelength"": 450.0, ""concentration"": 1.0, ""path_length"": 4.0, ""absorbance"": 36.0}]"
seq_0008__read_last_target__text,seq_0008,read_last_target,value_at_step,text,none,What is the value of absorbance at step 4?,160.0,number,160,True,0.0,"{""answer"": 160}",[],"[{""wavelength"": 600.0, ""concentration"": 3.0, ""path_length"": 5.0, ""absorbance"": 180.0}, {""wavelength"": 600.0, ""concentration"": 4.0, ""path_length"": 5.0, ""absorbance"": 240.0}, {""wavelength"": 550.0, ""concentration"": 4.0, ""path_length"": 5.0, ""absorbance"": 220.0}, {""wavelength"": 500.0, ""concentration"": 4.0, ""path_length"": 5.0, ""absorbance"": 200.0}, {""wavelength"": 500.0, ""concentration"": 4.0, ""path_length"": 4.0, ""absorbance"": 160.0}]"
seq_0008__read_last_target__bar,seq_0008,read_last_target,value_at_step,bar,bar,What is the value of absorbance at step 4?,160.0,number,1.2,False,158.8,"{""answer"": 1.2}","[""/results/yao314652/home/project/outputs/visual_benchmark/qwen25vl_7b_all_modalities/images/seq_0008__read_last_target__bar/bar/step_0000.png"", ""/results/yao314652/home/project/outputs/visual_benchmark/qwen25vl_7b_all_modalities/images/seq_0008__read_last_target__bar/bar/step_0001.png"", ""/results/yao314652/home/project/outputs/visual_benchmark/qwen25vl_7b_all_modalities/images/seq_0008__read_last_target__bar/bar/step_0002.png"", ""/results/yao314652/home/project/outputs/visual_benchmark/qwen25vl_7b_all_modalities/images/seq_0008__read_last_target__bar/bar/step_0003.png"", ""/results/yao314652/home/project/outputs/visual_benchmark/qwen25vl_7b_all_modalities/images/seq_0008__read_last_target__bar/bar/step_0004.png""]","[{""wavelength"": 600.0, ""concentration"": 3.0, ""path_length"": 5.0, ""absorbance"": 180.0}, {""wavelength"": 600.0, ""concentration"": 4.0, ""path_length"": 5.0, ""absorbance"": 240.0}, {""wavelength"": 550.0, ""concentration"": 4.0, ""path_length"": 5.0, ""absorbance"": 220.0}, {""wavelength"": 500.0, ""concentration"": 4.0, ""path_length"": 5.0, ""absorbance"": 200.0}, {""wavelength"": 500.0, ""concentration"": 4.0, ""path_length"": 4.0, ""absorbance"": 160.0}]"
seq_0008__read_last_target__line,seq_0008,read_last_target,value_at_step,line,line,What is the value of absorbance at step 4?,160.0,number,0.6,False,159.4,"{""answer"": 0.6}","[""/results/yao314652/home/project/outputs/visual_benchmark/qwen25vl_7b_all_modalities/images/seq_0008__read_last_target__line/line/seq_0008__read_last_target__line_step_0000.png"", ""/results/yao314652/home/project/outputs/visual_benchmark/qwen25vl_7b_all_modalities/images/seq_0008__read_last_target__line/line/seq_0008__read_last_target__line_step_0001.png"", ""/results/yao314652/home/project/outputs/visual_benchmark/qwen25vl_7b_all_modalities/images/seq_0008__read_last_target__line/line/seq_0008__read_last_target__line_step_0002.png"", ""/results/yao314652/home/project/outputs/visual_benchmark/qwen25vl_7b_all_modalities/images/seq_0008__read_last_target__line/line/seq_0008__read_last_target__line_step_0003.png"", ""/results/yao314652/home/project/outputs/visual_benchmark/qwen25vl_7b_all_modalities/images/seq_0008__read_last_target__line/line/seq_0008__read_last_target__line_step_0004.png""]","[{""wavelength"": 600.0, ""concentration"": 3.0, ""path_length"": 5.0, ""absorbance"": 180.0}, {""wavelength"": 600.0, ""concentration"": 4.0, ""path_length"": 5.0, ""absorbance"": 240.0}, {""wavelength"": 550.0, ""concentration"": 4.0, ""path_length"": 5.0, ""absorbance"": 220.0}, {""wavelength"": 500.0, ""concentration"": 4.0, ""path_length"": 5.0, ""absorbance"": 200.0}, {""wavelength"": 500.0, ""concentration"": 4.0, ""path_length"": 4.0, ""absorbance"": 160.0}]"
seq_0008__read_last_target__scatter,seq_0008,read_last_target,value_at_step,scatter,scatter,What is the value of absorbance at step 4?,160.0,number,0.2,False,159.8,"{""answer"": 0.2}","[""/results/yao314652/home/project/outputs/visual_benchmark/qwen25vl_7b_all_modalities/images/seq_0008__read_last_target__scatter/scatter/seq_0008__read_last_target__scatter_step_0000.png"", ""/results/yao314652/home/project/outputs/visual_benchmark/qwen25vl_7b_all_modalities/images/seq_0008__read_last_target__scatter/scatter/seq_0008__read_last_target__scatter_step_0001.png"", ""/results/yao314652/home/project/outputs/visual_benchmark/qwen25vl_7b_all_modalities/images/seq_0008__read_last_target__scatter/scatter/seq_0008__read_last_target__scatter_step_0002.png"", ""/results/yao314652/home/project/outputs/visual_benchmark/qwen25vl_7b_all_modalities/images/seq_0008__read_last_target__scatter/scatter/seq_0008__read_last_target__scatter_step_0003.png"", ""/results/yao314652/home/project/outputs/visual_benchmark/qwen25vl_7b_all_modalities/images/seq_0008__read_last_target__scatter/scatter/seq_0008__read_last_target__scatter_step_0004.png""]","[{""wavelength"": 600.0, ""concentration"": 3.0, ""path_length"": 5.0, ""absorbance"": 180.0}, {""wavelength"": 600.0, ""concentration"": 4.0, ""path_length"": 5.0, ""absorbance"": 240.0}, {""wavelength"": 550.0, ""concentration"": 4.0, ""path_length"": 5.0, ""absorbance"": 220.0}, {""wavelength"": 500.0, ""concentration"": 4.0, ""path_length"": 5.0, ""absorbance"": 200.0}, {""wavelength"": 500.0, ""concentration"": 4.0, ""path_length"": 4.0, ""absorbance"": 160.0}]"
seq_0008__read_last_target__simulation,seq_0008,read_last_target,value_at_step,simulation,simulation,What is the value of absorbance at step 4?,160.0,number,0.6,False,159.4,"{""answer"": 0.6}","[""/results/yao314652/home/project/outputs/visual_benchmark/qwen25vl_7b_all_modalities/images/seq_0008__read_last_target__simulation/simulation/step_0000.png"", ""/results/yao314652/home/project/outputs/visual_benchmark/qwen25vl_7b_all_modalities/images/seq_0008__read_last_target__simulation/simulation/step_0001.png"", ""/results/yao314652/home/project/outputs/visual_benchmark/qwen25vl_7b_all_modalities/images/seq_0008__read_last_target__simulation/simulation/step_0002.png"", ""/results/yao314652/home/project/outputs/visual_benchmark/qwen25vl_7b_all_modalities/images/seq_0008__read_last_target__simulation/simulation/step_0003.png"", ""/results/yao314652/home/project/outputs/visual_benchmark/qwen25vl_7b_all_modalities/images/seq_0008__read_last_target__simulation/simulation/step_0004.png""]","[{""wavelength"": 600.0, ""concentration"": 3.0, ""path_length"": 5.0, ""absorbance"": 180.0}, {""wavelength"": 600.0, ""concentration"": 4.0, ""path_length"": 5.0, ""absorbance"": 240.0}, {""wavelength"": 550.0, ""concentration"": 4.0, ""path_length"": 5.0, ""absorbance"": 220.0}, {""wavelength"": 500.0, ""concentration"": 4.0, ""path_length"": 5.0, ""absorbance"": 200.0}, {""wavelength"": 500.0, ""concentration"": 4.0, ""path_length"": 4.0, ""absorbance"": 160.0}]"
seq_0008__target_change_amount__text,seq_0008,target_change_amount,change_amount,text,none,By how much does absorbance change from step 0 to step 4?,-20.0,number,-20,True,0.0,"{
    ""answer"": -20
}",[],"[{""wavelength"": 600.0, ""concentration"": 3.0, ""path_length"": 5.0, ""absorbance"": 180.0}, {""wavelength"": 600.0, ""concentration"": 4.0, ""path_length"": 5.0, ""absorbance"": 240.0}, {""wavelength"": 550.0, ""concentration"": 4.0, ""path_length"": 5.0, ""absorbance"": 220.0}, {""wavelength"": 500.0, ""concentration"": 4.0, ""path_length"": 5.0, ""absorbance"": 200.0}, {""wavelength"": 500.0, ""concentration"": 4.0, ""path_length"": 4.0, ""absorbance"": 160.0}]"
seq_0008__target_change_amount__bar,seq_0008,target_change_amount,change_amount,bar,bar,By how much does absorbance change from step 0 to step 4?,-20.0,number,1,False,21.0,"{""answer"": 1}","[""/results/yao314652/home/project/outputs/visual_benchmark/qwen25vl_7b_all_modalities/images/seq_0008__target_change_amount__bar/bar/step_0000.png"", ""/results/yao314652/home/project/outputs/visual_benchmark/qwen25vl_7b_all_modalities/images/seq_0008__target_change_amount__bar/bar/step_0001.png"", ""/results/yao314652/home/project/outputs/visual_benchmark/qwen25vl_7b_all_modalities/images/seq_0008__target_change_amount__bar/bar/step_0002.png"", ""/results/yao314652/home/project/outputs/visual_benchmark/qwen25vl_7b_all_modalities/images/seq_0008__target_change_amount__bar/bar/step_0003.png"", ""/results/yao314652/home/project/outputs/visual_benchmark/qwen25vl_7b_all_modalities/images/seq_0008__target_change_amount__bar/bar/step_0004.png""]","[{""wavelength"": 600.0, ""concentration"": 3.0, ""path_length"": 5.0, ""absorbance"": 180.0}, {""wavelength"": 600.0, ""concentration"": 4.0, ""path_length"": 5.0, ""absorbance"": 240.0}, {""wavelength"": 550.0, ""concentration"": 4.0, ""path_length"": 5.0, ""absorbance"": 220.0}, {""wavelength"": 500.0, ""concentration"": 4.0, ""path_length"": 5.0, ""absorbance"": 200.0}, {""wavelength"": 500.0, ""concentration"": 4.0, ""path_length"": 4.0, ""absorbance"": 160.0}]"
seq_0008__target_change_amount__line,seq_0008,target_change_amount,change_amount,line,line,By how much does absorbance change from step 0 to step 4?,-20.0,number,-1.2,False,18.8,"{""answer"": -1.2}","[""/results/yao314652/home/project/outputs/visual_benchmark/qwen25vl_7b_all_modalities/images/seq_0008__target_change_amount__line/line/seq_0008__target_change_amount__line_step_0000.png"", ""/results/yao314652/home/project/outputs/visual_benchmark/qwen25vl_7b_all_modalities/images/seq_0008__target_change_amount__line/line/seq_0008__target_change_amount__line_step_0001.png"", ""/results/yao314652/home/project/outputs/visual_benchmark/qwen25vl_7b_all_modalities/images/seq_0008__target_change_amount__line/line/seq_0008__target_change_amount__line_step_0002.png"", ""/results/yao314652/home/project/outputs/visual_benchmark/qwen25vl_7b_all_modalities/images/seq_0008__target_change_amount__line/line/seq_0008__target_change_amount__line_step_0003.png"", ""/results/yao314652/home/project/outputs/visual_benchmark/qwen25vl_7b_all_modalities/images/seq_0008__target_change_amount__line/line/seq_0008__target_change_amount__line_step_0004.png""]","[{""wavelength"": 600.0, ""concentration"": 3.0, ""path_length"": 5.0, ""absorbance"": 180.0}, {""wavelength"": 600.0, ""concentration"": 4.0, ""path_length"": 5.0, ""absorbance"": 240.0}, {""wavelength"": 550.0, ""concentration"": 4.0, ""path_length"": 5.0, ""absorbance"": 220.0}, {""wavelength"": 500.0, ""concentration"": 4.0, ""path_length"": 5.0, ""absorbance"": 200.0}, {""wavelength"": 500.0, ""concentration"": 4.0, ""path_length"": 4.0, ""absorbance"": 160.0}]"
seq_0008__target_change_amount__scatter,seq_0008,target_change_amount,change_amount,scatter,scatter,By how much does absorbance change from step 0 to step 4?,-20.0,number,1.7,False,21.7,"{""answer"": 1.7}","[""/results/yao314652/home/project/outputs/visual_benchmark/qwen25vl_7b_all_modalities/images/seq_0008__target_change_amount__scatter/scatter/seq_0008__target_change_amount__scatter_step_0000.png"", ""/results/yao314652/home/project/outputs/visual_benchmark/qwen25vl_7b_all_modalities/images/seq_0008__target_change_amount__scatter/scatter/seq_0008__target_change_amount__scatter_step_0001.png"", ""/results/yao314652/home/project/outputs/visual_benchmark/qwen25vl_7b_all_modalities/images/seq_0008__target_change_amount__scatter/scatter/seq_0008__target_change_amount__scatter_step_0002.png"", ""/results/yao314652/home/project/outputs/visual_benchmark/qwen25vl_7b_all_modalities/images/seq_0008__target_change_amount__scatter/scatter/seq_0008__target_change_amount__scatter_step_0003.png"", ""/results/yao314652/home/project/outputs/visual_benchmark/qwen25vl_7b_all_modalities/images/seq_0008__target_change_amount__scatter/scatter/seq_0008__target_change_amount__scatter_step_0004.png""]","[{""wavelength"": 600.0, ""concentration"": 3.0, ""path_length"": 5.0, ""absorbance"": 180.0}, {""wavelength"": 600.0, ""concentration"": 4.0, ""path_length"": 5.0, ""absorbance"": 240.0}, {""wavelength"": 550.0, ""concentration"": 4.0, ""path_length"": 5.0, ""absorbance"": 220.0}, {""wavelength"": 500.0, ""concentration"": 4.0, ""path_length"": 5.0, ""absorbance"": 200.0}, {""wavelength"": 500.0, ""concentration"": 4.0, ""path_length"": 4.0, ""absorbance"": 160.0}]"
seq_0008__target_change_amount__simulation,seq_0008,target_change_amount,change_amount,simulation,simulation,By how much does absorbance change from step 0 to step 4?,-20.0,number,0.02,False,20.02,"{""answer"": 0.02}","[""/results/yao314652/home/project/outputs/visual_benchmark/qwen25vl_7b_all_modalities/images/seq_0008__target_change_amount__simulation/simulation/step_0000.png"", ""/results/yao314652/home/project/outputs/visual_benchmark/qwen25vl_7b_all_modalities/images/seq_0008__target_change_amount__simulation/simulation/step_0001.png"", ""/results/yao314652/home/project/outputs/visual_benchmark/qwen25vl_7b_all_modalities/images/seq_0008__target_change_amount__simulation/simulation/step_0002.png"", ""/results/yao314652/home/project/outputs/visual_benchmark/qwen25vl_7b_all_modalities/images/seq_0008__target_change_amount__simulation/simulation/step_0003.png"", ""/results/yao314652/home/project/outputs/visual_benchmark/qwen25vl_7b_all_modalities/images/seq_0008__target_change_amount__simulation/simulation/step_0004.png""]","[{""wavelength"": 600.0, ""concentration"": 3.0, ""path_length"": 5.0, ""absorbance"": 180.0}, {""wavelength"": 600.0, ""concentration"": 4.0, ""path_length"": 5.0, ""absorbance"": 240.0}, {""wavelength"": 550.0, ""concentration"": 4.0, ""path_length"": 5.0, ""absorbance"": 220.0}, {""wavelength"": 500.0, ""concentration"": 4.0, ""path_length"": 5.0, ""absorbance"": 200.0}, {""wavelength"": 500.0, ""concentration"": 4.0, ""path_length"": 4.0, ""absorbance"": 160.0}]"
seq_0008__target_change_direction__text,seq_0008,target_change_direction,change_direction,text,none,"Does absorbance increase, decrease, or stay the same from step 0 to step 4?",decrease,category,decrease,True,,"{
  ""answer"": ""decrease""
}",[],"[{""wavelength"": 600.0, ""concentration"": 3.0, ""path_length"": 5.0, ""absorbance"": 180.0}, {""wavelength"": 600.0, ""concentration"": 4.0, ""path_length"": 5.0, ""absorbance"": 240.0}, {""wavelength"": 550.0, ""concentration"": 4.0, ""path_length"": 5.0, ""absorbance"": 220.0}, {""wavelength"": 500.0, ""concentration"": 4.0, ""path_length"": 5.0, ""absorbance"": 200.0}, {""wavelength"": 500.0, ""concentration"": 4.0, ""path_length"": 4.0, ""absorbance"": 160.0}]"
seq_0008__target_change_direction__bar,seq_0008,target_change_direction,change_direction,bar,bar,"Does absorbance increase, decrease, or stay the same from step 0 to step 4?",decrease,category,decrease,True,,"{""answer"": ""decrease""}","[""/results/yao314652/home/project/outputs/visual_benchmark/qwen25vl_7b_all_modalities/images/seq_0008__target_change_direction__bar/bar/step_0000.png"", ""/results/yao314652/home/project/outputs/visual_benchmark/qwen25vl_7b_all_modalities/images/seq_0008__target_change_direction__bar/bar/step_0001.png"", ""/results/yao314652/home/project/outputs/visual_benchmark/qwen25vl_7b_all_modalities/images/seq_0008__target_change_direction__bar/bar/step_0002.png"", ""/results/yao314652/home/project/outputs/visual_benchmark/qwen25vl_7b_all_modalities/images/seq_0008__target_change_direction__bar/bar/step_0003.png"", ""/results/yao314652/home/project/outputs/visual_benchmark/qwen25vl_7b_all_modalities/images/seq_0008__target_change_direction__bar/bar/step_0004.png""]","[{""wavelength"": 600.0, ""concentration"": 3.0, ""path_length"": 5.0, ""absorbance"": 180.0}, {""wavelength"": 600.0, ""concentration"": 4.0, ""path_length"": 5.0, ""absorbance"": 240.0}, {""wavelength"": 550.0, ""concentration"": 4.0, ""path_length"": 5.0, ""absorbance"": 220.0}, {""wavelength"": 500.0, ""concentration"": 4.0, ""path_length"": 5.0, ""absorbance"": 200.0}, {""wavelength"": 500.0, ""concentration"": 4.0, ""path_length"": 4.0, ""absorbance"": 160.0}]"
seq_0008__target_change_direction__line,seq_0008,target_change_direction,change_direction,line,line,"Does absorbance increase, decrease, or stay the same from step 0 to step 4?",decrease,category,increase,False,,"{""answer"": ""increase""}","[""/results/yao314652/home/project/outputs/visual_benchmark/qwen25vl_7b_all_modalities/images/seq_0008__target_change_direction__line/line/seq_0008__target_change_direction__line_step_0000.png"", ""/results/yao314652/home/project/outputs/visual_benchmark/qwen25vl_7b_all_modalities/images/seq_0008__target_change_direction__line/line/seq_0008__target_change_direction__line_step_0001.png"", ""/results/yao314652/home/project/outputs/visual_benchmark/qwen25vl_7b_all_modalities/images/seq_0008__target_change_direction__line/line/seq_0008__target_change_direction__line_step_0002.png"", ""/results/yao314652/home/project/outputs/visual_benchmark/qwen25vl_7b_all_modalities/images/seq_0008__target_change_direction__line/line/seq_0008__target_change_direction__line_step_0003.png"", ""/results/yao314652/home/project/outputs/visual_benchmark/qwen25vl_7b_all_modalities/images/seq_0008__target_change_direction__line/line/seq_0008__target_change_direction__line_step_0004.png""]","[{""wavelength"": 600.0, ""concentration"": 3.0, ""path_length"": 5.0, ""absorbance"": 180.0}, {""wavelength"": 600.0, ""concentration"": 4.0, ""path_length"": 5.0, ""absorbance"": 240.0}, {""wavelength"": 550.0, ""concentration"": 4.0, ""path_length"": 5.0, ""absorbance"": 220.0}, {""wavelength"": 500.0, ""concentration"": 4.0, ""path_length"": 5.0, ""absorbance"": 200.0}, {""wavelength"": 500.0, ""concentration"": 4.0, ""path_length"": 4.0, ""absorbance"": 160.0}]"
seq_0008__target_change_direction__scatter,seq_0008,target_change_direction,change_direction,scatter,scatter,"Does absorbance increase, decrease, or stay the same from step 0 to step 4?",decrease,category,increase,False,,"{""answer"": ""increase""}","[""/results/yao314652/home/project/outputs/visual_benchmark/qwen25vl_7b_all_modalities/images/seq_0008__target_change_direction__scatter/scatter/seq_0008__target_change_direction__scatter_step_0000.png"", ""/results/yao314652/home/project/outputs/visual_benchmark/qwen25vl_7b_all_modalities/images/seq_0008__target_change_direction__scatter/scatter/seq_0008__target_change_direction__scatter_step_0001.png"", ""/results/yao314652/home/project/outputs/visual_benchmark/qwen25vl_7b_all_modalities/images/seq_0008__target_change_direction__scatter/scatter/seq_0008__target_change_direction__scatter_step_0002.png"", ""/results/yao314652/home/project/outputs/visual_benchmark/qwen25vl_7b_all_modalities/images/seq_0008__target_change_direction__scatter/scatter/seq_0008__target_change_direction__scatter_step_0003.png"", ""/results/yao314652/home/project/outputs/visual_benchmark/qwen25vl_7b_all_modalities/images/seq_0008__target_change_direction__scatter/scatter/seq_0008__target_change_direction__scatter_step_0004.png""]","[{""wavelength"": 600.0, ""concentration"": 3.0, ""path_length"": 5.0, ""absorbance"": 180.0}, {""wavelength"": 600.0, ""concentration"": 4.0, ""path_length"": 5.0, ""absorbance"": 240.0}, {""wavelength"": 550.0, ""concentration"": 4.0, ""path_length"": 5.0, ""absorbance"": 220.0}, {""wavelength"": 500.0, ""concentration"": 4.0, ""path_length"": 5.0, ""absorbance"": 200.0}, {""wavelength"": 500.0, ""concentration"": 4.0, ""path_length"": 4.0, ""absorbance"": 160.0}]"
seq_0008__target_change_direction__simulation,seq_0008,target_change_direction,change_direction,simulation,simulation,"Does absorbance increase, decrease, or stay the same from step 0 to step 4?",decrease,category,increase,False,,"{""answer"": ""increase""}","[""/results/yao314652/home/project/outputs/visual_benchmark/qwen25vl_7b_all_modalities/images/seq_0008__target_change_direction__simulation/simulation/step_0000.png"", ""/results/yao314652/home/project/outputs/visual_benchmark/qwen25vl_7b_all_modalities/images/seq_0008__target_change_direction__simulation/simulation/step_0001.png"", ""/results/yao314652/home/project/outputs/visual_benchmark/qwen25vl_7b_all_modalities/images/seq_0008__target_change_direction__simulation/simulation/step_0002.png"", ""/results/yao314652/home/project/outputs/visual_benchmark/qwen25vl_7b_all_modalities/images/seq_0008__target_change_direction__simulation/simulation/step_0003.png"", ""/results/yao314652/home/project/outputs/visual_benchmark/qwen25vl_7b_all_modalities/images/seq_0008__target_change_direction__simulation/simulation/step_0004.png""]","[{""wavelength"": 600.0, ""concentration"": 3.0, ""path_length"": 5.0, ""absorbance"": 180.0}, {""wavelength"": 600.0, ""concentration"": 4.0, ""path_length"": 5.0, ""absorbance"": 240.0}, {""wavelength"": 550.0, ""concentration"": 4.0, ""path_length"": 5.0, ""absorbance"": 220.0}, {""wavelength"": 500.0, ""concentration"": 4.0, ""path_length"": 5.0, ""absorbance"": 200.0}, {""wavelength"": 500.0, ""concentration"": 4.0, ""path_length"": 4.0, ""absorbance"": 160.0}]"
seq_0008__changed_variable_0_to_1__text,seq_0008,changed_variable_0_to_1,changed_variable,text,none,Which input variable changed from step 0 to step 1?,concentration,category,concentration,True,,"{""answer"": ""concentration""}",[],"[{""wavelength"": 600.0, ""concentration"": 3.0, ""path_length"": 5.0, ""absorbance"": 180.0}, {""wavelength"": 600.0, ""concentration"": 4.0, ""path_length"": 5.0, ""absorbance"": 240.0}, {""wavelength"": 550.0, ""concentration"": 4.0, ""path_length"": 5.0, ""absorbance"": 220.0}, {""wavelength"": 500.0, ""concentration"": 4.0, ""path_length"": 5.0, ""absorbance"": 200.0}, {""wavelength"": 500.0, ""concentration"": 4.0, ""path_length"": 4.0, ""absorbance"": 160.0}]"
seq_0008__changed_variable_0_to_1__bar,seq_0008,changed_variable_0_to_1,changed_variable,bar,bar,Which input variable changed from step 0 to step 1?,concentration,category,increase,False,,increase,"[""/results/yao314652/home/project/outputs/visual_benchmark/qwen25vl_7b_all_modalities/images/seq_0008__changed_variable_0_to_1__bar/bar/step_0000.png"", ""/results/yao314652/home/project/outputs/visual_benchmark/qwen25vl_7b_all_modalities/images/seq_0008__changed_variable_0_to_1__bar/bar/step_0001.png"", ""/results/yao314652/home/project/outputs/visual_benchmark/qwen25vl_7b_all_modalities/images/seq_0008__changed_variable_0_to_1__bar/bar/step_0002.png"", ""/results/yao314652/home/project/outputs/visual_benchmark/qwen25vl_7b_all_modalities/images/seq_0008__changed_variable_0_to_1__bar/bar/step_0003.png"", ""/results/yao314652/home/project/outputs/visual_benchmark/qwen25vl_7b_all_modalities/images/seq_0008__changed_variable_0_to_1__bar/bar/step_0004.png""]","[{""wavelength"": 600.0, ""concentration"": 3.0, ""path_length"": 5.0, ""absorbance"": 180.0}, {""wavelength"": 600.0, ""concentration"": 4.0, ""path_length"": 5.0, ""absorbance"": 240.0}, {""wavelength"": 550.0, ""concentration"": 4.0, ""path_length"": 5.0, ""absorbance"": 220.0}, {""wavelength"": 500.0, ""concentration"": 4.0, ""path_length"": 5.0, ""absorbance"": 200.0}, {""wavelength"": 500.0, ""concentration"": 4.0, ""path_length"": 4.0, ""absorbance"": 160.0}]"
seq_0008__changed_variable_0_to_1__line,seq_0008,changed_variable_0_to_1,changed_variable,line,line,Which input variable changed from step 0 to step 1?,concentration,category,increase,False,,increase,"[""/results/yao314652/home/project/outputs/visual_benchmark/qwen25vl_7b_all_modalities/images/seq_0008__changed_variable_0_to_1__line/line/seq_0008__changed_variable_0_to_1__line_step_0000.png"", ""/results/yao314652/home/project/outputs/visual_benchmark/qwen25vl_7b_all_modalities/images/seq_0008__changed_variable_0_to_1__line/line/seq_0008__changed_variable_0_to_1__line_step_0001.png"", ""/results/yao314652/home/project/outputs/visual_benchmark/qwen25vl_7b_all_modalities/images/seq_0008__changed_variable_0_to_1__line/line/seq_0008__changed_variable_0_to_1__line_step_0002.png"", ""/results/yao314652/home/project/outputs/visual_benchmark/qwen25vl_7b_all_modalities/images/seq_0008__changed_variable_0_to_1__line/line/seq_0008__changed_variable_0_to_1__line_step_0003.png"", ""/results/yao314652/home/project/outputs/visual_benchmark/qwen25vl_7b_all_modalities/images/seq_0008__changed_variable_0_to_1__line/line/seq_0008__changed_variable_0_to_1__line_step_0004.png""]","[{""wavelength"": 600.0, ""concentration"": 3.0, ""path_length"": 5.0, ""absorbance"": 180.0}, {""wavelength"": 600.0, ""concentration"": 4.0, ""path_length"": 5.0, ""absorbance"": 240.0}, {""wavelength"": 550.0, ""concentration"": 4.0, ""path_length"": 5.0, ""absorbance"": 220.0}, {""wavelength"": 500.0, ""concentration"": 4.0, ""path_length"": 5.0, ""absorbance"": 200.0}, {""wavelength"": 500.0, ""concentration"": 4.0, ""path_length"": 4.0, ""absorbance"": 160.0}]"
seq_0008__changed_variable_0_to_1__scatter,seq_0008,changed_variable_0_to_1,changed_variable,scatter,scatter,Which input variable changed from step 0 to step 1?,concentration,category,same,False,,"{""answer"": ""same""}","[""/results/yao314652/home/project/outputs/visual_benchmark/qwen25vl_7b_all_modalities/images/seq_0008__changed_variable_0_to_1__scatter/scatter/seq_0008__changed_variable_0_to_1__scatter_step_0000.png"", ""/results/yao314652/home/project/outputs/visual_benchmark/qwen25vl_7b_all_modalities/images/seq_0008__changed_variable_0_to_1__scatter/scatter/seq_0008__changed_variable_0_to_1__scatter_step_0001.png"", ""/results/yao314652/home/project/outputs/visual_benchmark/qwen25vl_7b_all_modalities/images/seq_0008__changed_variable_0_to_1__scatter/scatter/seq_0008__changed_variable_0_to_1__scatter_step_0002.png"", ""/results/yao314652/home/project/outputs/visual_benchmark/qwen25vl_7b_all_modalities/images/seq_0008__changed_variable_0_to_1__scatter/scatter/seq_0008__changed_variable_0_to_1__scatter_step_0003.png"", ""/results/yao314652/home/project/outputs/visual_benchmark/qwen25vl_7b_all_modalities/images/seq_0008__changed_variable_0_to_1__scatter/scatter/seq_0008__changed_variable_0_to_1__scatter_step_0004.png""]","[{""wavelength"": 600.0, ""concentration"": 3.0, ""path_length"": 5.0, ""absorbance"": 180.0}, {""wavelength"": 600.0, ""concentration"": 4.0, ""path_length"": 5.0, ""absorbance"": 240.0}, {""wavelength"": 550.0, ""concentration"": 4.0, ""path_length"": 5.0, ""absorbance"": 220.0}, {""wavelength"": 500.0, ""concentration"": 4.0, ""path_length"": 5.0, ""absorbance"": 200.0}, {""wavelength"": 500.0, ""concentration"": 4.0, ""path_length"": 4.0, ""absorbance"": 160.0}]"
seq_0008__changed_variable_0_to_1__simulation,seq_0008,changed_variable_0_to_1,changed_variable,simulation,simulation,Which input variable changed from step 0 to step 1?,concentration,category,input1,False,,"{""answer"": ""input1""}","[""/results/yao314652/home/project/outputs/visual_benchmark/qwen25vl_7b_all_modalities/images/seq_0008__changed_variable_0_to_1__simulation/simulation/step_0000.png"", ""/results/yao314652/home/project/outputs/visual_benchmark/qwen25vl_7b_all_modalities/images/seq_0008__changed_variable_0_to_1__simulation/simulation/step_0001.png"", ""/results/yao314652/home/project/outputs/visual_benchmark/qwen25vl_7b_all_modalities/images/seq_0008__changed_variable_0_to_1__simulation/simulation/step_0002.png"", ""/results/yao314652/home/project/outputs/visual_benchmark/qwen25vl_7b_all_modalities/images/seq_0008__changed_variable_0_to_1__simulation/simulation/step_0003.png"", ""/results/yao314652/home/project/outputs/visual_benchmark/qwen25vl_7b_all_modalities/images/seq_0008__changed_variable_0_to_1__simulation/simulation/step_0004.png""]","[{""wavelength"": 600.0, ""concentration"": 3.0, ""path_length"": 5.0, ""absorbance"": 180.0}, {""wavelength"": 600.0, ""concentration"": 4.0, ""path_length"": 5.0, ""absorbance"": 240.0}, {""wavelength"": 550.0, ""concentration"": 4.0, ""path_length"": 5.0, ""absorbance"": 220.0}, {""wavelength"": 500.0, ""concentration"": 4.0, ""path_length"": 5.0, ""absorbance"": 200.0}, {""wavelength"": 500.0, ""concentration"": 4.0, ""path_length"": 4.0, ""absorbance"": 160.0}]"
seq_0008__max_target_step__text,seq_0008,max_target_step,max_step,text,none,At which step is absorbance the highest?,1,step,1,True,,"```json
{""answer"": 1}
```",[],"[{""wavelength"": 600.0, ""concentration"": 3.0, ""path_length"": 5.0, ""absorbance"": 180.0}, {""wavelength"": 600.0, ""concentration"": 4.0, ""path_length"": 5.0, ""absorbance"": 240.0}, {""wavelength"": 550.0, ""concentration"": 4.0, ""path_length"": 5.0, ""absorbance"": 220.0}, {""wavelength"": 500.0, ""concentration"": 4.0, ""path_length"": 5.0, ""absorbance"": 200.0}, {""wavelength"": 500.0, ""concentration"": 4.0, ""path_length"": 4.0, ""absorbance"": 160.0}]"
seq_0008__max_target_step__bar,seq_0008,max_target_step,max_step,bar,bar,At which step is absorbance the highest?,1,step,1,True,,"{""answer"": 1}","[""/results/yao314652/home/project/outputs/visual_benchmark/qwen25vl_7b_all_modalities/images/seq_0008__max_target_step__bar/bar/step_0000.png"", ""/results/yao314652/home/project/outputs/visual_benchmark/qwen25vl_7b_all_modalities/images/seq_0008__max_target_step__bar/bar/step_0001.png"", ""/results/yao314652/home/project/outputs/visual_benchmark/qwen25vl_7b_all_modalities/images/seq_0008__max_target_step__bar/bar/step_0002.png"", ""/results/yao314652/home/project/outputs/visual_benchmark/qwen25vl_7b_all_modalities/images/seq_0008__max_target_step__bar/bar/step_0003.png"", ""/results/yao314652/home/project/outputs/visual_benchmark/qwen25vl_7b_all_modalities/images/seq_0008__max_target_step__bar/bar/step_0004.png""]","[{""wavelength"": 600.0, ""concentration"": 3.0, ""path_length"": 5.0, ""absorbance"": 180.0}, {""wavelength"": 600.0, ""concentration"": 4.0, ""path_length"": 5.0, ""absorbance"": 240.0}, {""wavelength"": 550.0, ""concentration"": 4.0, ""path_length"": 5.0, ""absorbance"": 220.0}, {""wavelength"": 500.0, ""concentration"": 4.0, ""path_length"": 5.0, ""absorbance"": 200.0}, {""wavelength"": 500.0, ""concentration"": 4.0, ""path_length"": 4.0, ""absorbance"": 160.0}]"
seq_0008__max_target_step__line,seq_0008,max_target_step,max_step,line,line,At which step is absorbance the highest?,1,step,1,True,,"{""answer"": 1}","[""/results/yao314652/home/project/outputs/visual_benchmark/qwen25vl_7b_all_modalities/images/seq_0008__max_target_step__line/line/seq_0008__max_target_step__line_step_0000.png"", ""/results/yao314652/home/project/outputs/visual_benchmark/qwen25vl_7b_all_modalities/images/seq_0008__max_target_step__line/line/seq_0008__max_target_step__line_step_0001.png"", ""/results/yao314652/home/project/outputs/visual_benchmark/qwen25vl_7b_all_modalities/images/seq_0008__max_target_step__line/line/seq_0008__max_target_step__line_step_0002.png"", ""/results/yao314652/home/project/outputs/visual_benchmark/qwen25vl_7b_all_modalities/images/seq_0008__max_target_step__line/line/seq_0008__max_target_step__line_step_0003.png"", ""/results/yao314652/home/project/outputs/visual_benchmark/qwen25vl_7b_all_modalities/images/seq_0008__max_target_step__line/line/seq_0008__max_target_step__line_step_0004.png""]","[{""wavelength"": 600.0, ""concentration"": 3.0, ""path_length"": 5.0, ""absorbance"": 180.0}, {""wavelength"": 600.0, ""concentration"": 4.0, ""path_length"": 5.0, ""absorbance"": 240.0}, {""wavelength"": 550.0, ""concentration"": 4.0, ""path_length"": 5.0, ""absorbance"": 220.0}, {""wavelength"": 500.0, ""concentration"": 4.0, ""path_length"": 5.0, ""absorbance"": 200.0}, {""wavelength"": 500.0, ""concentration"": 4.0, ""path_length"": 4.0, ""absorbance"": 160.0}]"
seq_0008__max_target_step__scatter,seq_0008,max_target_step,max_step,scatter,scatter,At which step is absorbance the highest?,1,step,4,False,,"{""answer"": 4}","[""/results/yao314652/home/project/outputs/visual_benchmark/qwen25vl_7b_all_modalities/images/seq_0008__max_target_step__scatter/scatter/seq_0008__max_target_step__scatter_step_0000.png"", ""/results/yao314652/home/project/outputs/visual_benchmark/qwen25vl_7b_all_modalities/images/seq_0008__max_target_step__scatter/scatter/seq_0008__max_target_step__scatter_step_0001.png"", ""/results/yao314652/home/project/outputs/visual_benchmark/qwen25vl_7b_all_modalities/images/seq_0008__max_target_step__scatter/scatter/seq_0008__max_target_step__scatter_step_0002.png"", ""/results/yao314652/home/project/outputs/visual_benchmark/qwen25vl_7b_all_modalities/images/seq_0008__max_target_step__scatter/scatter/seq_0008__max_target_step__scatter_step_0003.png"", ""/results/yao314652/home/project/outputs/visual_benchmark/qwen25vl_7b_all_modalities/images/seq_0008__max_target_step__scatter/scatter/seq_0008__max_target_step__scatter_step_0004.png""]","[{""wavelength"": 600.0, ""concentration"": 3.0, ""path_length"": 5.0, ""absorbance"": 180.0}, {""wavelength"": 600.0, ""concentration"": 4.0, ""path_length"": 5.0, ""absorbance"": 240.0}, {""wavelength"": 550.0, ""concentration"": 4.0, ""path_length"": 5.0, ""absorbance"": 220.0}, {""wavelength"": 500.0, ""concentration"": 4.0, ""path_length"": 5.0, ""absorbance"": 200.0}, {""wavelength"": 500.0, ""concentration"": 4.0, ""path_length"": 4.0, ""absorbance"": 160.0}]"
seq_0008__max_target_step__simulation,seq_0008,max_target_step,max_step,simulation,simulation,At which step is absorbance the highest?,1,step,4,False,,"{""answer"": 4}","[""/results/yao314652/home/project/outputs/visual_benchmark/qwen25vl_7b_all_modalities/images/seq_0008__max_target_step__simulation/simulation/step_0000.png"", ""/results/yao314652/home/project/outputs/visual_benchmark/qwen25vl_7b_all_modalities/images/seq_0008__max_target_step__simulation/simulation/step_0001.png"", ""/results/yao314652/home/project/outputs/visual_benchmark/qwen25vl_7b_all_modalities/images/seq_0008__max_target_step__simulation/simulation/step_0002.png"", ""/results/yao314652/home/project/outputs/visual_benchmark/qwen25vl_7b_all_modalities/images/seq_0008__max_target_step__simulation/simulation/step_0003.png"", ""/results/yao314652/home/project/outputs/visual_benchmark/qwen25vl_7b_all_modalities/images/seq_0008__max_target_step__simulation/simulation/step_0004.png""]","[{""wavelength"": 600.0, ""concentration"": 3.0, ""path_length"": 5.0, ""absorbance"": 180.0}, {""wavelength"": 600.0, ""concentration"": 4.0, ""path_length"": 5.0, ""absorbance"": 240.0}, {""wavelength"": 550.0, ""concentration"": 4.0, ""path_length"": 5.0, ""absorbance"": 220.0}, {""wavelength"": 500.0, ""concentration"": 4.0, ""path_length"": 5.0, ""absorbance"": 200.0}, {""wavelength"": 500.0, ""concentration"": 4.0, ""path_length"": 4.0, ""absorbance"": 160.0}]"
seq_0008__largest_target_drop_step__text,seq_0008,largest_target_drop_step,largest_drop_step,text,none,"At which step does absorbance show the largest drop compared with the previous step? If it never drops, answer none.",4,step_or_none,3,False,,"```json
{""answer"": 3}
```",[],"[{""wavelength"": 600.0, ""concentration"": 3.0, ""path_length"": 5.0, ""absorbance"": 180.0}, {""wavelength"": 600.0, ""concentration"": 4.0, ""path_length"": 5.0, ""absorbance"": 240.0}, {""wavelength"": 550.0, ""concentration"": 4.0, ""path_length"": 5.0, ""absorbance"": 220.0}, {""wavelength"": 500.0, ""concentration"": 4.0, ""path_length"": 5.0, ""absorbance"": 200.0}, {""wavelength"": 500.0, ""concentration"": 4.0, ""path_length"": 4.0, ""absorbance"": 160.0}]"
seq_0008__largest_target_drop_step__bar,seq_0008,largest_target_drop_step,largest_drop_step,bar,bar,"At which step does absorbance show the largest drop compared with the previous step? If it never drops, answer none.",4,step_or_none,4,True,,"{""answer"": ""4""}","[""/results/yao314652/home/project/outputs/visual_benchmark/qwen25vl_7b_all_modalities/images/seq_0008__largest_target_drop_step__bar/bar/step_0000.png"", ""/results/yao314652/home/project/outputs/visual_benchmark/qwen25vl_7b_all_modalities/images/seq_0008__largest_target_drop_step__bar/bar/step_0001.png"", ""/results/yao314652/home/project/outputs/visual_benchmark/qwen25vl_7b_all_modalities/images/seq_0008__largest_target_drop_step__bar/bar/step_0002.png"", ""/results/yao314652/home/project/outputs/visual_benchmark/qwen25vl_7b_all_modalities/images/seq_0008__largest_target_drop_step__bar/bar/step_0003.png"", ""/results/yao314652/home/project/outputs/visual_benchmark/qwen25vl_7b_all_modalities/images/seq_0008__largest_target_drop_step__bar/bar/step_0004.png""]","[{""wavelength"": 600.0, ""concentration"": 3.0, ""path_length"": 5.0, ""absorbance"": 180.0}, {""wavelength"": 600.0, ""concentration"": 4.0, ""path_length"": 5.0, ""absorbance"": 240.0}, {""wavelength"": 550.0, ""concentration"": 4.0, ""path_length"": 5.0, ""absorbance"": 220.0}, {""wavelength"": 500.0, ""concentration"": 4.0, ""path_length"": 5.0, ""absorbance"": 200.0}, {""wavelength"": 500.0, ""concentration"": 4.0, ""path_length"": 4.0, ""absorbance"": 160.0}]"
seq_0008__largest_target_drop_step__line,seq_0008,largest_target_drop_step,largest_drop_step,line,line,"At which step does absorbance show the largest drop compared with the previous step? If it never drops, answer none.",4,step_or_none,3,False,,"{""answer"": 3}","[""/results/yao314652/home/project/outputs/visual_benchmark/qwen25vl_7b_all_modalities/images/seq_0008__largest_target_drop_step__line/line/seq_0008__largest_target_drop_step__line_step_0000.png"", ""/results/yao314652/home/project/outputs/visual_benchmark/qwen25vl_7b_all_modalities/images/seq_0008__largest_target_drop_step__line/line/seq_0008__largest_target_drop_step__line_step_0001.png"", ""/results/yao314652/home/project/outputs/visual_benchmark/qwen25vl_7b_all_modalities/images/seq_0008__largest_target_drop_step__line/line/seq_0008__largest_target_drop_step__line_step_0002.png"", ""/results/yao314652/home/project/outputs/visual_benchmark/qwen25vl_7b_all_modalities/images/seq_0008__largest_target_drop_step__line/line/seq_0008__largest_target_drop_step__line_step_0003.png"", ""/results/yao314652/home/project/outputs/visual_benchmark/qwen25vl_7b_all_modalities/images/seq_0008__largest_target_drop_step__line/line/seq_0008__largest_target_drop_step__line_step_0004.png""]","[{""wavelength"": 600.0, ""concentration"": 3.0, ""path_length"": 5.0, ""absorbance"": 180.0}, {""wavelength"": 600.0, ""concentration"": 4.0, ""path_length"": 5.0, ""absorbance"": 240.0}, {""wavelength"": 550.0, ""concentration"": 4.0, ""path_length"": 5.0, ""absorbance"": 220.0}, {""wavelength"": 500.0, ""concentration"": 4.0, ""path_length"": 5.0, ""absorbance"": 200.0}, {""wavelength"": 500.0, ""concentration"": 4.0, ""path_length"": 4.0, ""absorbance"": 160.0}]"
seq_0008__largest_target_drop_step__scatter,seq_0008,largest_target_drop_step,largest_drop_step,scatter,scatter,"At which step does absorbance show the largest drop compared with the previous step? If it never drops, answer none.",4,step_or_none,3,False,,"{""answer"": ""3""}","[""/results/yao314652/home/project/outputs/visual_benchmark/qwen25vl_7b_all_modalities/images/seq_0008__largest_target_drop_step__scatter/scatter/seq_0008__largest_target_drop_step__scatter_step_0000.png"", ""/results/yao314652/home/project/outputs/visual_benchmark/qwen25vl_7b_all_modalities/images/seq_0008__largest_target_drop_step__scatter/scatter/seq_0008__largest_target_drop_step__scatter_step_0001.png"", ""/results/yao314652/home/project/outputs/visual_benchmark/qwen25vl_7b_all_modalities/images/seq_0008__largest_target_drop_step__scatter/scatter/seq_0008__largest_target_drop_step__scatter_step_0002.png"", ""/results/yao314652/home/project/outputs/visual_benchmark/qwen25vl_7b_all_modalities/images/seq_0008__largest_target_drop_step__scatter/scatter/seq_0008__largest_target_drop_step__scatter_step_0003.png"", ""/results/yao314652/home/project/outputs/visual_benchmark/qwen25vl_7b_all_modalities/images/seq_0008__largest_target_drop_step__scatter/scatter/seq_0008__largest_target_drop_step__scatter_step_0004.png""]","[{""wavelength"": 600.0, ""concentration"": 3.0, ""path_length"": 5.0, ""absorbance"": 180.0}, {""wavelength"": 600.0, ""concentration"": 4.0, ""path_length"": 5.0, ""absorbance"": 240.0}, {""wavelength"": 550.0, ""concentration"": 4.0, ""path_length"": 5.0, ""absorbance"": 220.0}, {""wavelength"": 500.0, ""concentration"": 4.0, ""path_length"": 5.0, ""absorbance"": 200.0}, {""wavelength"": 500.0, ""concentration"": 4.0, ""path_length"": 4.0, ""absorbance"": 160.0}]"
seq_0008__largest_target_drop_step__simulation,seq_0008,largest_target_drop_step,largest_drop_step,simulation,simulation,"At which step does absorbance show the largest drop compared with the previous step? If it never drops, answer none.",4,step_or_none,4,True,,"{""answer"": 4}","[""/results/yao314652/home/project/outputs/visual_benchmark/qwen25vl_7b_all_modalities/images/seq_0008__largest_target_drop_step__simulation/simulation/step_0000.png"", ""/results/yao314652/home/project/outputs/visual_benchmark/qwen25vl_7b_all_modalities/images/seq_0008__largest_target_drop_step__simulation/simulation/step_0001.png"", ""/results/yao314652/home/project/outputs/visual_benchmark/qwen25vl_7b_all_modalities/images/seq_0008__largest_target_drop_step__simulation/simulation/step_0002.png"", ""/results/yao314652/home/project/outputs/visual_benchmark/qwen25vl_7b_all_modalities/images/seq_0008__largest_target_drop_step__simulation/simulation/step_0003.png"", ""/results/yao314652/home/project/outputs/visual_benchmark/qwen25vl_7b_all_modalities/images/seq_0008__largest_target_drop_step__simulation/simulation/step_0004.png""]","[{""wavelength"": 600.0, ""concentration"": 3.0, ""path_length"": 5.0, ""absorbance"": 180.0}, {""wavelength"": 600.0, ""concentration"": 4.0, ""path_length"": 5.0, ""absorbance"": 240.0}, {""wavelength"": 550.0, ""concentration"": 4.0, ""path_length"": 5.0, ""absorbance"": 220.0}, {""wavelength"": 500.0, ""concentration"": 4.0, ""path_length"": 5.0, ""absorbance"": 200.0}, {""wavelength"": 500.0, ""concentration"": 4.0, ""path_length"": 4.0, ""absorbance"": 160.0}]"
seq_0009__read_last_target__text,seq_0009,read_last_target,value_at_step,text,none,What is the value of absorbance at step 4?,72.0,number,72,True,0.0,"{
  ""answer"": 72
}",[],"[{""wavelength"": 600.0, ""concentration"": 2.0, ""path_length"": 5.0, ""absorbance"": 120.0}, {""wavelength"": 600.0, ""concentration"": 2.0, ""path_length"": 4.0, ""absorbance"": 96.0}, {""wavelength"": 600.0, ""concentration"": 2.0, ""path_length"": 3.0, ""absorbance"": 72.0}, {""wavelength"": 600.0, ""concentration"": 3.0, ""path_length"": 3.0, ""absorbance"": 108.0}, {""wavelength"": 600.0, ""concentration"": 3.0, ""path_length"": 2.0, ""absorbance"": 72.0}]"
seq_0009__read_last_target__bar,seq_0009,read_last_target,value_at_step,bar,bar,What is the value of absorbance at step 4?,72.0,number,2,False,70.0,"{""answer"": 2}","[""/results/yao314652/home/project/outputs/visual_benchmark/qwen25vl_7b_all_modalities/images/seq_0009__read_last_target__bar/bar/step_0000.png"", ""/results/yao314652/home/project/outputs/visual_benchmark/qwen25vl_7b_all_modalities/images/seq_0009__read_last_target__bar/bar/step_0001.png"", ""/results/yao314652/home/project/outputs/visual_benchmark/qwen25vl_7b_all_modalities/images/seq_0009__read_last_target__bar/bar/step_0002.png"", ""/results/yao314652/home/project/outputs/visual_benchmark/qwen25vl_7b_all_modalities/images/seq_0009__read_last_target__bar/bar/step_0003.png"", ""/results/yao314652/home/project/outputs/visual_benchmark/qwen25vl_7b_all_modalities/images/seq_0009__read_last_target__bar/bar/step_0004.png""]","[{""wavelength"": 600.0, ""concentration"": 2.0, ""path_length"": 5.0, ""absorbance"": 120.0}, {""wavelength"": 600.0, ""concentration"": 2.0, ""path_length"": 4.0, ""absorbance"": 96.0}, {""wavelength"": 600.0, ""concentration"": 2.0, ""path_length"": 3.0, ""absorbance"": 72.0}, {""wavelength"": 600.0, ""concentration"": 3.0, ""path_length"": 3.0, ""absorbance"": 108.0}, {""wavelength"": 600.0, ""concentration"": 3.0, ""path_length"": 2.0, ""absorbance"": 72.0}]"
seq_0009__read_last_target__line,seq_0009,read_last_target,value_at_step,line,line,What is the value of absorbance at step 4?,72.0,number,0.2,False,71.8,"{""answer"": 0.2}","[""/results/yao314652/home/project/outputs/visual_benchmark/qwen25vl_7b_all_modalities/images/seq_0009__read_last_target__line/line/seq_0009__read_last_target__line_step_0000.png"", ""/results/yao314652/home/project/outputs/visual_benchmark/qwen25vl_7b_all_modalities/images/seq_0009__read_last_target__line/line/seq_0009__read_last_target__line_step_0001.png"", ""/results/yao314652/home/project/outputs/visual_benchmark/qwen25vl_7b_all_modalities/images/seq_0009__read_last_target__line/line/seq_0009__read_last_target__line_step_0002.png"", ""/results/yao314652/home/project/outputs/visual_benchmark/qwen25vl_7b_all_modalities/images/seq_0009__read_last_target__line/line/seq_0009__read_last_target__line_step_0003.png"", ""/results/yao314652/home/project/outputs/visual_benchmark/qwen25vl_7b_all_modalities/images/seq_0009__read_last_target__line/line/seq_0009__read_last_target__line_step_0004.png""]","[{""wavelength"": 600.0, ""concentration"": 2.0, ""path_length"": 5.0, ""absorbance"": 120.0}, {""wavelength"": 600.0, ""concentration"": 2.0, ""path_length"": 4.0, ""absorbance"": 96.0}, {""wavelength"": 600.0, ""concentration"": 2.0, ""path_length"": 3.0, ""absorbance"": 72.0}, {""wavelength"": 600.0, ""concentration"": 3.0, ""path_length"": 3.0, ""absorbance"": 108.0}, {""wavelength"": 600.0, ""concentration"": 3.0, ""path_length"": 2.0, ""absorbance"": 72.0}]"
seq_0009__read_last_target__scatter,seq_0009,read_last_target,value_at_step,scatter,scatter,What is the value of absorbance at step 4?,72.0,number,0.2,False,71.8,"{""answer"": 0.2}","[""/results/yao314652/home/project/outputs/visual_benchmark/qwen25vl_7b_all_modalities/images/seq_0009__read_last_target__scatter/scatter/seq_0009__read_last_target__scatter_step_0000.png"", ""/results/yao314652/home/project/outputs/visual_benchmark/qwen25vl_7b_all_modalities/images/seq_0009__read_last_target__scatter/scatter/seq_0009__read_last_target__scatter_step_0001.png"", ""/results/yao314652/home/project/outputs/visual_benchmark/qwen25vl_7b_all_modalities/images/seq_0009__read_last_target__scatter/scatter/seq_0009__read_last_target__scatter_step_0002.png"", ""/results/yao314652/home/project/outputs/visual_benchmark/qwen25vl_7b_all_modalities/images/seq_0009__read_last_target__scatter/scatter/seq_0009__read_last_target__scatter_step_0003.png"", ""/results/yao314652/home/project/outputs/visual_benchmark/qwen25vl_7b_all_modalities/images/seq_0009__read_last_target__scatter/scatter/seq_0009__read_last_target__scatter_step_0004.png""]","[{""wavelength"": 600.0, ""concentration"": 2.0, ""path_length"": 5.0, ""absorbance"": 120.0}, {""wavelength"": 600.0, ""concentration"": 2.0, ""path_length"": 4.0, ""absorbance"": 96.0}, {""wavelength"": 600.0, ""concentration"": 2.0, ""path_length"": 3.0, ""absorbance"": 72.0}, {""wavelength"": 600.0, ""concentration"": 3.0, ""path_length"": 3.0, ""absorbance"": 108.0}, {""wavelength"": 600.0, ""concentration"": 3.0, ""path_length"": 2.0, ""absorbance"": 72.0}]"
seq_0009__read_last_target__simulation,seq_0009,read_last_target,value_at_step,simulation,simulation,What is the value of absorbance at step 4?,72.0,number,0.6,False,71.4,"{""answer"": 0.6}","[""/results/yao314652/home/project/outputs/visual_benchmark/qwen25vl_7b_all_modalities/images/seq_0009__read_last_target__simulation/simulation/step_0000.png"", ""/results/yao314652/home/project/outputs/visual_benchmark/qwen25vl_7b_all_modalities/images/seq_0009__read_last_target__simulation/simulation/step_0001.png"", ""/results/yao314652/home/project/outputs/visual_benchmark/qwen25vl_7b_all_modalities/images/seq_0009__read_last_target__simulation/simulation/step_0002.png"", ""/results/yao314652/home/project/outputs/visual_benchmark/qwen25vl_7b_all_modalities/images/seq_0009__read_last_target__simulation/simulation/step_0003.png"", ""/results/yao314652/home/project/outputs/visual_benchmark/qwen25vl_7b_all_modalities/images/seq_0009__read_last_target__simulation/simulation/step_0004.png""]","[{""wavelength"": 600.0, ""concentration"": 2.0, ""path_length"": 5.0, ""absorbance"": 120.0}, {""wavelength"": 600.0, ""concentration"": 2.0, ""path_length"": 4.0, ""absorbance"": 96.0}, {""wavelength"": 600.0, ""concentration"": 2.0, ""path_length"": 3.0, ""absorbance"": 72.0}, {""wavelength"": 600.0, ""concentration"": 3.0, ""path_length"": 3.0, ""absorbance"": 108.0}, {""wavelength"": 600.0, ""concentration"": 3.0, ""path_length"": 2.0, ""absorbance"": 72.0}]"
seq_0009__target_change_amount__text,seq_0009,target_change_amount,change_amount,text,none,By how much does absorbance change from step 0 to step 4?,-48.0,number,-48,True,0.0,"{
  ""answer"": -48
}",[],"[{""wavelength"": 600.0, ""concentration"": 2.0, ""path_length"": 5.0, ""absorbance"": 120.0}, {""wavelength"": 600.0, ""concentration"": 2.0, ""path_length"": 4.0, ""absorbance"": 96.0}, {""wavelength"": 600.0, ""concentration"": 2.0, ""path_length"": 3.0, ""absorbance"": 72.0}, {""wavelength"": 600.0, ""concentration"": 3.0, ""path_length"": 3.0, ""absorbance"": 108.0}, {""wavelength"": 600.0, ""concentration"": 3.0, ""path_length"": 2.0, ""absorbance"": 72.0}]"
seq_0009__target_change_amount__bar,seq_0009,target_change_amount,change_amount,bar,bar,By how much does absorbance change from step 0 to step 4?,-48.0,number,-1,False,47.0,"{""answer"": -1}","[""/results/yao314652/home/project/outputs/visual_benchmark/qwen25vl_7b_all_modalities/images/seq_0009__target_change_amount__bar/bar/step_0000.png"", ""/results/yao314652/home/project/outputs/visual_benchmark/qwen25vl_7b_all_modalities/images/seq_0009__target_change_amount__bar/bar/step_0001.png"", ""/results/yao314652/home/project/outputs/visual_benchmark/qwen25vl_7b_all_modalities/images/seq_0009__target_change_amount__bar/bar/step_0002.png"", ""/results/yao314652/home/project/outputs/visual_benchmark/qwen25vl_7b_all_modalities/images/seq_0009__target_change_amount__bar/bar/step_0003.png"", ""/results/yao314652/home/project/outputs/visual_benchmark/qwen25vl_7b_all_modalities/images/seq_0009__target_change_amount__bar/bar/step_0004.png""]","[{""wavelength"": 600.0, ""concentration"": 2.0, ""path_length"": 5.0, ""absorbance"": 120.0}, {""wavelength"": 600.0, ""concentration"": 2.0, ""path_length"": 4.0, ""absorbance"": 96.0}, {""wavelength"": 600.0, ""concentration"": 2.0, ""path_length"": 3.0, ""absorbance"": 72.0}, {""wavelength"": 600.0, ""concentration"": 3.0, ""path_length"": 3.0, ""absorbance"": 108.0}, {""wavelength"": 600.0, ""concentration"": 3.0, ""path_length"": 2.0, ""absorbance"": 72.0}]"
seq_0009__target_change_amount__line,seq_0009,target_change_amount,change_amount,line,line,By how much does absorbance change from step 0 to step 4?,-48.0,number,-0.2,False,47.8,"{""answer"": -0.2}","[""/results/yao314652/home/project/outputs/visual_benchmark/qwen25vl_7b_all_modalities/images/seq_0009__target_change_amount__line/line/seq_0009__target_change_amount__line_step_0000.png"", ""/results/yao314652/home/project/outputs/visual_benchmark/qwen25vl_7b_all_modalities/images/seq_0009__target_change_amount__line/line/seq_0009__target_change_amount__line_step_0001.png"", ""/results/yao314652/home/project/outputs/visual_benchmark/qwen25vl_7b_all_modalities/images/seq_0009__target_change_amount__line/line/seq_0009__target_change_amount__line_step_0002.png"", ""/results/yao314652/home/project/outputs/visual_benchmark/qwen25vl_7b_all_modalities/images/seq_0009__target_change_amount__line/line/seq_0009__target_change_amount__line_step_0003.png"", ""/results/yao314652/home/project/outputs/visual_benchmark/qwen25vl_7b_all_modalities/images/seq_0009__target_change_amount__line/line/seq_0009__target_change_amount__line_step_0004.png""]","[{""wavelength"": 600.0, ""concentration"": 2.0, ""path_length"": 5.0, ""absorbance"": 120.0}, {""wavelength"": 600.0, ""concentration"": 2.0, ""path_length"": 4.0, ""absorbance"": 96.0}, {""wavelength"": 600.0, ""concentration"": 2.0, ""path_length"": 3.0, ""absorbance"": 72.0}, {""wavelength"": 600.0, ""concentration"": 3.0, ""path_length"": 3.0, ""absorbance"": 108.0}, {""wavelength"": 600.0, ""concentration"": 3.0, ""path_length"": 2.0, ""absorbance"": 72.0}]"
seq_0009__target_change_amount__scatter,seq_0009,target_change_amount,change_amount,scatter,scatter,By how much does absorbance change from step 0 to step 4?,-48.0,number,-2,False,46.0,"{""answer"": -2}","[""/results/yao314652/home/project/outputs/visual_benchmark/qwen25vl_7b_all_modalities/images/seq_0009__target_change_amount__scatter/scatter/seq_0009__target_change_amount__scatter_step_0000.png"", ""/results/yao314652/home/project/outputs/visual_benchmark/qwen25vl_7b_all_modalities/images/seq_0009__target_change_amount__scatter/scatter/seq_0009__target_change_amount__scatter_step_0001.png"", ""/results/yao314652/home/project/outputs/visual_benchmark/qwen25vl_7b_all_modalities/images/seq_0009__target_change_amount__scatter/scatter/seq_0009__target_change_amount__scatter_step_0002.png"", ""/results/yao314652/home/project/outputs/visual_benchmark/qwen25vl_7b_all_modalities/images/seq_0009__target_change_amount__scatter/scatter/seq_0009__target_change_amount__scatter_step_0003.png"", ""/results/yao314652/home/project/outputs/visual_benchmark/qwen25vl_7b_all_modalities/images/seq_0009__target_change_amount__scatter/scatter/seq_0009__target_change_amount__scatter_step_0004.png""]","[{""wavelength"": 600.0, ""concentration"": 2.0, ""path_length"": 5.0, ""absorbance"": 120.0}, {""wavelength"": 600.0, ""concentration"": 2.0, ""path_length"": 4.0, ""absorbance"": 96.0}, {""wavelength"": 600.0, ""concentration"": 2.0, ""path_length"": 3.0, ""absorbance"": 72.0}, {""wavelength"": 600.0, ""concentration"": 3.0, ""path_length"": 3.0, ""absorbance"": 108.0}, {""wavelength"": 600.0, ""concentration"": 3.0, ""path_length"": 2.0, ""absorbance"": 72.0}]"
seq_0009__target_change_amount__simulation,seq_0009,target_change_amount,change_amount,simulation,simulation,By how much does absorbance change from step 0 to step 4?,-48.0,number,-1,False,47.0,"{""answer"": -1}","[""/results/yao314652/home/project/outputs/visual_benchmark/qwen25vl_7b_all_modalities/images/seq_0009__target_change_amount__simulation/simulation/step_0000.png"", ""/results/yao314652/home/project/outputs/visual_benchmark/qwen25vl_7b_all_modalities/images/seq_0009__target_change_amount__simulation/simulation/step_0001.png"", ""/results/yao314652/home/project/outputs/visual_benchmark/qwen25vl_7b_all_modalities/images/seq_0009__target_change_amount__simulation/simulation/step_0002.png"", ""/results/yao314652/home/project/outputs/visual_benchmark/qwen25vl_7b_all_modalities/images/seq_0009__target_change_amount__simulation/simulation/step_0003.png"", ""/results/yao314652/home/project/outputs/visual_benchmark/qwen25vl_7b_all_modalities/images/seq_0009__target_change_amount__simulation/simulation/step_0004.png""]","[{""wavelength"": 600.0, ""concentration"": 2.0, ""path_length"": 5.0, ""absorbance"": 120.0}, {""wavelength"": 600.0, ""concentration"": 2.0, ""path_length"": 4.0, ""absorbance"": 96.0}, {""wavelength"": 600.0, ""concentration"": 2.0, ""path_length"": 3.0, ""absorbance"": 72.0}, {""wavelength"": 600.0, ""concentration"": 3.0, ""path_length"": 3.0, ""absorbance"": 108.0}, {""wavelength"": 600.0, ""concentration"": 3.0, ""path_length"": 2.0, ""absorbance"": 72.0}]"
seq_0009__target_change_direction__text,seq_0009,target_change_direction,change_direction,text,none,"Does absorbance increase, decrease, or stay the same from step 0 to step 4?",decrease,category,decrease,True,,"{
  ""answer"": ""decrease""
}",[],"[{""wavelength"": 600.0, ""concentration"": 2.0, ""path_length"": 5.0, ""absorbance"": 120.0}, {""wavelength"": 600.0, ""concentration"": 2.0, ""path_length"": 4.0, ""absorbance"": 96.0}, {""wavelength"": 600.0, ""concentration"": 2.0, ""path_length"": 3.0, ""absorbance"": 72.0}, {""wavelength"": 600.0, ""concentration"": 3.0, ""path_length"": 3.0, ""absorbance"": 108.0}, {""wavelength"": 600.0, ""concentration"": 3.0, ""path_length"": 2.0, ""absorbance"": 72.0}]"
seq_0009__target_change_direction__bar,seq_0009,target_change_direction,change_direction,bar,bar,"Does absorbance increase, decrease, or stay the same from step 0 to step 4?",decrease,category,decrease,True,,"{""answer"": ""decrease""}","[""/results/yao314652/home/project/outputs/visual_benchmark/qwen25vl_7b_all_modalities/images/seq_0009__target_change_direction__bar/bar/step_0000.png"", ""/results/yao314652/home/project/outputs/visual_benchmark/qwen25vl_7b_all_modalities/images/seq_0009__target_change_direction__bar/bar/step_0001.png"", ""/results/yao314652/home/project/outputs/visual_benchmark/qwen25vl_7b_all_modalities/images/seq_0009__target_change_direction__bar/bar/step_0002.png"", ""/results/yao314652/home/project/outputs/visual_benchmark/qwen25vl_7b_all_modalities/images/seq_0009__target_change_direction__bar/bar/step_0003.png"", ""/results/yao314652/home/project/outputs/visual_benchmark/qwen25vl_7b_all_modalities/images/seq_0009__target_change_direction__bar/bar/step_0004.png""]","[{""wavelength"": 600.0, ""concentration"": 2.0, ""path_length"": 5.0, ""absorbance"": 120.0}, {""wavelength"": 600.0, ""concentration"": 2.0, ""path_length"": 4.0, ""absorbance"": 96.0}, {""wavelength"": 600.0, ""concentration"": 2.0, ""path_length"": 3.0, ""absorbance"": 72.0}, {""wavelength"": 600.0, ""concentration"": 3.0, ""path_length"": 3.0, ""absorbance"": 108.0}, {""wavelength"": 600.0, ""concentration"": 3.0, ""path_length"": 2.0, ""absorbance"": 72.0}]"
seq_0009__target_change_direction__line,seq_0009,target_change_direction,change_direction,line,line,"Does absorbance increase, decrease, or stay the same from step 0 to step 4?",decrease,category,decrease,True,,"{""answer"": ""decrease""}","[""/results/yao314652/home/project/outputs/visual_benchmark/qwen25vl_7b_all_modalities/images/seq_0009__target_change_direction__line/line/seq_0009__target_change_direction__line_step_0000.png"", ""/results/yao314652/home/project/outputs/visual_benchmark/qwen25vl_7b_all_modalities/images/seq_0009__target_change_direction__line/line/seq_0009__target_change_direction__line_step_0001.png"", ""/results/yao314652/home/project/outputs/visual_benchmark/qwen25vl_7b_all_modalities/images/seq_0009__target_change_direction__line/line/seq_0009__target_change_direction__line_step_0002.png"", ""/results/yao314652/home/project/outputs/visual_benchmark/qwen25vl_7b_all_modalities/images/seq_0009__target_change_direction__line/line/seq_0009__target_change_direction__line_step_0003.png"", ""/results/yao314652/home/project/outputs/visual_benchmark/qwen25vl_7b_all_modalities/images/seq_0009__target_change_direction__line/line/seq_0009__target_change_direction__line_step_0004.png""]","[{""wavelength"": 600.0, ""concentration"": 2.0, ""path_length"": 5.0, ""absorbance"": 120.0}, {""wavelength"": 600.0, ""concentration"": 2.0, ""path_length"": 4.0, ""absorbance"": 96.0}, {""wavelength"": 600.0, ""concentration"": 2.0, ""path_length"": 3.0, ""absorbance"": 72.0}, {""wavelength"": 600.0, ""concentration"": 3.0, ""path_length"": 3.0, ""absorbance"": 108.0}, {""wavelength"": 600.0, ""concentration"": 3.0, ""path_length"": 2.0, ""absorbance"": 72.0}]"
seq_0009__target_change_direction__scatter,seq_0009,target_change_direction,change_direction,scatter,scatter,"Does absorbance increase, decrease, or stay the same from step 0 to step 4?",decrease,category,decrease,True,,"{""answer"": ""decrease""}","[""/results/yao314652/home/project/outputs/visual_benchmark/qwen25vl_7b_all_modalities/images/seq_0009__target_change_direction__scatter/scatter/seq_0009__target_change_direction__scatter_step_0000.png"", ""/results/yao314652/home/project/outputs/visual_benchmark/qwen25vl_7b_all_modalities/images/seq_0009__target_change_direction__scatter/scatter/seq_0009__target_change_direction__scatter_step_0001.png"", ""/results/yao314652/home/project/outputs/visual_benchmark/qwen25vl_7b_all_modalities/images/seq_0009__target_change_direction__scatter/scatter/seq_0009__target_change_direction__scatter_step_0002.png"", ""/results/yao314652/home/project/outputs/visual_benchmark/qwen25vl_7b_all_modalities/images/seq_0009__target_change_direction__scatter/scatter/seq_0009__target_change_direction__scatter_step_0003.png"", ""/results/yao314652/home/project/outputs/visual_benchmark/qwen25vl_7b_all_modalities/images/seq_0009__target_change_direction__scatter/scatter/seq_0009__target_change_direction__scatter_step_0004.png""]","[{""wavelength"": 600.0, ""concentration"": 2.0, ""path_length"": 5.0, ""absorbance"": 120.0}, {""wavelength"": 600.0, ""concentration"": 2.0, ""path_length"": 4.0, ""absorbance"": 96.0}, {""wavelength"": 600.0, ""concentration"": 2.0, ""path_length"": 3.0, ""absorbance"": 72.0}, {""wavelength"": 600.0, ""concentration"": 3.0, ""path_length"": 3.0, ""absorbance"": 108.0}, {""wavelength"": 600.0, ""concentration"": 3.0, ""path_length"": 2.0, ""absorbance"": 72.0}]"
seq_0009__target_change_direction__simulation,seq_0009,target_change_direction,change_direction,simulation,simulation,"Does absorbance increase, decrease, or stay the same from step 0 to step 4?",decrease,category,decrease,True,,"{""answer"": ""decrease""}","[""/results/yao314652/home/project/outputs/visual_benchmark/qwen25vl_7b_all_modalities/images/seq_0009__target_change_direction__simulation/simulation/step_0000.png"", ""/results/yao314652/home/project/outputs/visual_benchmark/qwen25vl_7b_all_modalities/images/seq_0009__target_change_direction__simulation/simulation/step_0001.png"", ""/results/yao314652/home/project/outputs/visual_benchmark/qwen25vl_7b_all_modalities/images/seq_0009__target_change_direction__simulation/simulation/step_0002.png"", ""/results/yao314652/home/project/outputs/visual_benchmark/qwen25vl_7b_all_modalities/images/seq_0009__target_change_direction__simulation/simulation/step_0003.png"", ""/results/yao314652/home/project/outputs/visual_benchmark/qwen25vl_7b_all_modalities/images/seq_0009__target_change_direction__simulation/simulation/step_0004.png""]","[{""wavelength"": 600.0, ""concentration"": 2.0, ""path_length"": 5.0, ""absorbance"": 120.0}, {""wavelength"": 600.0, ""concentration"": 2.0, ""path_length"": 4.0, ""absorbance"": 96.0}, {""wavelength"": 600.0, ""concentration"": 2.0, ""path_length"": 3.0, ""absorbance"": 72.0}, {""wavelength"": 600.0, ""concentration"": 3.0, ""path_length"": 3.0, ""absorbance"": 108.0}, {""wavelength"": 600.0, ""concentration"": 3.0, ""path_length"": 2.0, ""absorbance"": 72.0}]"
seq_0009__changed_variable_0_to_1__text,seq_0009,changed_variable_0_to_1,changed_variable,text,none,Which input variable changed from step 0 to step 1?,path_length,category,path_length,True,,"{""answer"": ""path_length""}",[],"[{""wavelength"": 600.0, ""concentration"": 2.0, ""path_length"": 5.0, ""absorbance"": 120.0}, {""wavelength"": 600.0, ""concentration"": 2.0, ""path_length"": 4.0, ""absorbance"": 96.0}, {""wavelength"": 600.0, ""concentration"": 2.0, ""path_length"": 3.0, ""absorbance"": 72.0}, {""wavelength"": 600.0, ""concentration"": 3.0, ""path_length"": 3.0, ""absorbance"": 108.0}, {""wavelength"": 600.0, ""concentration"": 3.0, ""path_length"": 2.0, ""absorbance"": 72.0}]"
seq_0009__changed_variable_0_to_1__bar,seq_0009,changed_variable_0_to_1,changed_variable,bar,bar,Which input variable changed from step 0 to step 1?,path_length,category,increase,False,,increase,"[""/results/yao314652/home/project/outputs/visual_benchmark/qwen25vl_7b_all_modalities/images/seq_0009__changed_variable_0_to_1__bar/bar/step_0000.png"", ""/results/yao314652/home/project/outputs/visual_benchmark/qwen25vl_7b_all_modalities/images/seq_0009__changed_variable_0_to_1__bar/bar/step_0001.png"", ""/results/yao314652/home/project/outputs/visual_benchmark/qwen25vl_7b_all_modalities/images/seq_0009__changed_variable_0_to_1__bar/bar/step_0002.png"", ""/results/yao314652/home/project/outputs/visual_benchmark/qwen25vl_7b_all_modalities/images/seq_0009__changed_variable_0_to_1__bar/bar/step_0003.png"", ""/results/yao314652/home/project/outputs/visual_benchmark/qwen25vl_7b_all_modalities/images/seq_0009__changed_variable_0_to_1__bar/bar/step_0004.png""]","[{""wavelength"": 600.0, ""concentration"": 2.0, ""path_length"": 5.0, ""absorbance"": 120.0}, {""wavelength"": 600.0, ""concentration"": 2.0, ""path_length"": 4.0, ""absorbance"": 96.0}, {""wavelength"": 600.0, ""concentration"": 2.0, ""path_length"": 3.0, ""absorbance"": 72.0}, {""wavelength"": 600.0, ""concentration"": 3.0, ""path_length"": 3.0, ""absorbance"": 108.0}, {""wavelength"": 600.0, ""concentration"": 3.0, ""path_length"": 2.0, ""absorbance"": 72.0}]"
seq_0009__changed_variable_0_to_1__line,seq_0009,changed_variable_0_to_1,changed_variable,line,line,Which input variable changed from step 0 to step 1?,path_length,category,same,False,,"{""answer"": ""same""}","[""/results/yao314652/home/project/outputs/visual_benchmark/qwen25vl_7b_all_modalities/images/seq_0009__changed_variable_0_to_1__line/line/seq_0009__changed_variable_0_to_1__line_step_0000.png"", ""/results/yao314652/home/project/outputs/visual_benchmark/qwen25vl_7b_all_modalities/images/seq_0009__changed_variable_0_to_1__line/line/seq_0009__changed_variable_0_to_1__line_step_0001.png"", ""/results/yao314652/home/project/outputs/visual_benchmark/qwen25vl_7b_all_modalities/images/seq_0009__changed_variable_0_to_1__line/line/seq_0009__changed_variable_0_to_1__line_step_0002.png"", ""/results/yao314652/home/project/outputs/visual_benchmark/qwen25vl_7b_all_modalities/images/seq_0009__changed_variable_0_to_1__line/line/seq_0009__changed_variable_0_to_1__line_step_0003.png"", ""/results/yao314652/home/project/outputs/visual_benchmark/qwen25vl_7b_all_modalities/images/seq_0009__changed_variable_0_to_1__line/line/seq_0009__changed_variable_0_to_1__line_step_0004.png""]","[{""wavelength"": 600.0, ""concentration"": 2.0, ""path_length"": 5.0, ""absorbance"": 120.0}, {""wavelength"": 600.0, ""concentration"": 2.0, ""path_length"": 4.0, ""absorbance"": 96.0}, {""wavelength"": 600.0, ""concentration"": 2.0, ""path_length"": 3.0, ""absorbance"": 72.0}, {""wavelength"": 600.0, ""concentration"": 3.0, ""path_length"": 3.0, ""absorbance"": 108.0}, {""wavelength"": 600.0, ""concentration"": 3.0, ""path_length"": 2.0, ""absorbance"": 72.0}]"
seq_0009__changed_variable_0_to_1__scatter,seq_0009,changed_variable_0_to_1,changed_variable,scatter,scatter,Which input variable changed from step 0 to step 1?,path_length,category,x,False,,"{""answer"": ""x""}","[""/results/yao314652/home/project/outputs/visual_benchmark/qwen25vl_7b_all_modalities/images/seq_0009__changed_variable_0_to_1__scatter/scatter/seq_0009__changed_variable_0_to_1__scatter_step_0000.png"", ""/results/yao314652/home/project/outputs/visual_benchmark/qwen25vl_7b_all_modalities/images/seq_0009__changed_variable_0_to_1__scatter/scatter/seq_0009__changed_variable_0_to_1__scatter_step_0001.png"", ""/results/yao314652/home/project/outputs/visual_benchmark/qwen25vl_7b_all_modalities/images/seq_0009__changed_variable_0_to_1__scatter/scatter/seq_0009__changed_variable_0_to_1__scatter_step_0002.png"", ""/results/yao314652/home/project/outputs/visual_benchmark/qwen25vl_7b_all_modalities/images/seq_0009__changed_variable_0_to_1__scatter/scatter/seq_0009__changed_variable_0_to_1__scatter_step_0003.png"", ""/results/yao314652/home/project/outputs/visual_benchmark/qwen25vl_7b_all_modalities/images/seq_0009__changed_variable_0_to_1__scatter/scatter/seq_0009__changed_variable_0_to_1__scatter_step_0004.png""]","[{""wavelength"": 600.0, ""concentration"": 2.0, ""path_length"": 5.0, ""absorbance"": 120.0}, {""wavelength"": 600.0, ""concentration"": 2.0, ""path_length"": 4.0, ""absorbance"": 96.0}, {""wavelength"": 600.0, ""concentration"": 2.0, ""path_length"": 3.0, ""absorbance"": 72.0}, {""wavelength"": 600.0, ""concentration"": 3.0, ""path_length"": 3.0, ""absorbance"": 108.0}, {""wavelength"": 600.0, ""concentration"": 3.0, ""path_length"": 2.0, ""absorbance"": 72.0}]"
seq_0009__changed_variable_0_to_1__simulation,seq_0009,changed_variable_0_to_1,changed_variable,simulation,simulation,Which input variable changed from step 0 to step 1?,path_length,category,same,False,,same,"[""/results/yao314652/home/project/outputs/visual_benchmark/qwen25vl_7b_all_modalities/images/seq_0009__changed_variable_0_to_1__simulation/simulation/step_0000.png"", ""/results/yao314652/home/project/outputs/visual_benchmark/qwen25vl_7b_all_modalities/images/seq_0009__changed_variable_0_to_1__simulation/simulation/step_0001.png"", ""/results/yao314652/home/project/outputs/visual_benchmark/qwen25vl_7b_all_modalities/images/seq_0009__changed_variable_0_to_1__simulation/simulation/step_0002.png"", ""/results/yao314652/home/project/outputs/visual_benchmark/qwen25vl_7b_all_modalities/images/seq_0009__changed_variable_0_to_1__simulation/simulation/step_0003.png"", ""/results/yao314652/home/project/outputs/visual_benchmark/qwen25vl_7b_all_modalities/images/seq_0009__changed_variable_0_to_1__simulation/simulation/step_0004.png""]","[{""wavelength"": 600.0, ""concentration"": 2.0, ""path_length"": 5.0, ""absorbance"": 120.0}, {""wavelength"": 600.0, ""concentration"": 2.0, ""path_length"": 4.0, ""absorbance"": 96.0}, {""wavelength"": 600.0, ""concentration"": 2.0, ""path_length"": 3.0, ""absorbance"": 72.0}, {""wavelength"": 600.0, ""concentration"": 3.0, ""path_length"": 3.0, ""absorbance"": 108.0}, {""wavelength"": 600.0, ""concentration"": 3.0, ""path_length"": 2.0, ""absorbance"": 72.0}]"
seq_0009__max_target_step__text,seq_0009,max_target_step,max_step,text,none,At which step is absorbance the highest?,0,step,0,True,,"```json
{""answer"": 0}
```",[],"[{""wavelength"": 600.0, ""concentration"": 2.0, ""path_length"": 5.0, ""absorbance"": 120.0}, {""wavelength"": 600.0, ""concentration"": 2.0, ""path_length"": 4.0, ""absorbance"": 96.0}, {""wavelength"": 600.0, ""concentration"": 2.0, ""path_length"": 3.0, ""absorbance"": 72.0}, {""wavelength"": 600.0, ""concentration"": 3.0, ""path_length"": 3.0, ""absorbance"": 108.0}, {""wavelength"": 600.0, ""concentration"": 3.0, ""path_length"": 2.0, ""absorbance"": 72.0}]"
seq_0009__max_target_step__bar,seq_0009,max_target_step,max_step,bar,bar,At which step is absorbance the highest?,0,step,1,False,,"{""answer"": 1}","[""/results/yao314652/home/project/outputs/visual_benchmark/qwen25vl_7b_all_modalities/images/seq_0009__max_target_step__bar/bar/step_0000.png"", ""/results/yao314652/home/project/outputs/visual_benchmark/qwen25vl_7b_all_modalities/images/seq_0009__max_target_step__bar/bar/step_0001.png"", ""/results/yao314652/home/project/outputs/visual_benchmark/qwen25vl_7b_all_modalities/images/seq_0009__max_target_step__bar/bar/step_0002.png"", ""/results/yao314652/home/project/outputs/visual_benchmark/qwen25vl_7b_all_modalities/images/seq_0009__max_target_step__bar/bar/step_0003.png"", ""/results/yao314652/home/project/outputs/visual_benchmark/qwen25vl_7b_all_modalities/images/seq_0009__max_target_step__bar/bar/step_0004.png""]","[{""wavelength"": 600.0, ""concentration"": 2.0, ""path_length"": 5.0, ""absorbance"": 120.0}, {""wavelength"": 600.0, ""concentration"": 2.0, ""path_length"": 4.0, ""absorbance"": 96.0}, {""wavelength"": 600.0, ""concentration"": 2.0, ""path_length"": 3.0, ""absorbance"": 72.0}, {""wavelength"": 600.0, ""concentration"": 3.0, ""path_length"": 3.0, ""absorbance"": 108.0}, {""wavelength"": 600.0, ""concentration"": 3.0, ""path_length"": 2.0, ""absorbance"": 72.0}]"
seq_0009__max_target_step__line,seq_0009,max_target_step,max_step,line,line,At which step is absorbance the highest?,0,step,3,False,,"{""answer"": 3}","[""/results/yao314652/home/project/outputs/visual_benchmark/qwen25vl_7b_all_modalities/images/seq_0009__max_target_step__line/line/seq_0009__max_target_step__line_step_0000.png"", ""/results/yao314652/home/project/outputs/visual_benchmark/qwen25vl_7b_all_modalities/images/seq_0009__max_target_step__line/line/seq_0009__max_target_step__line_step_0001.png"", ""/results/yao314652/home/project/outputs/visual_benchmark/qwen25vl_7b_all_modalities/images/seq_0009__max_target_step__line/line/seq_0009__max_target_step__line_step_0002.png"", ""/results/yao314652/home/project/outputs/visual_benchmark/qwen25vl_7b_all_modalities/images/seq_0009__max_target_step__line/line/seq_0009__max_target_step__line_step_0003.png"", ""/results/yao314652/home/project/outputs/visual_benchmark/qwen25vl_7b_all_modalities/images/seq_0009__max_target_step__line/line/seq_0009__max_target_step__line_step_0004.png""]","[{""wavelength"": 600.0, ""concentration"": 2.0, ""path_length"": 5.0, ""absorbance"": 120.0}, {""wavelength"": 600.0, ""concentration"": 2.0, ""path_length"": 4.0, ""absorbance"": 96.0}, {""wavelength"": 600.0, ""concentration"": 2.0, ""path_length"": 3.0, ""absorbance"": 72.0}, {""wavelength"": 600.0, ""concentration"": 3.0, ""path_length"": 3.0, ""absorbance"": 108.0}, {""wavelength"": 600.0, ""concentration"": 3.0, ""path_length"": 2.0, ""absorbance"": 72.0}]"
seq_0009__max_target_step__scatter,seq_0009,max_target_step,max_step,scatter,scatter,At which step is absorbance the highest?,0,step,3,False,,"{""answer"": 3}","[""/results/yao314652/home/project/outputs/visual_benchmark/qwen25vl_7b_all_modalities/images/seq_0009__max_target_step__scatter/scatter/seq_0009__max_target_step__scatter_step_0000.png"", ""/results/yao314652/home/project/outputs/visual_benchmark/qwen25vl_7b_all_modalities/images/seq_0009__max_target_step__scatter/scatter/seq_0009__max_target_step__scatter_step_0001.png"", ""/results/yao314652/home/project/outputs/visual_benchmark/qwen25vl_7b_all_modalities/images/seq_0009__max_target_step__scatter/scatter/seq_0009__max_target_step__scatter_step_0002.png"", ""/results/yao314652/home/project/outputs/visual_benchmark/qwen25vl_7b_all_modalities/images/seq_0009__max_target_step__scatter/scatter/seq_0009__max_target_step__scatter_step_0003.png"", ""/results/yao314652/home/project/outputs/visual_benchmark/qwen25vl_7b_all_modalities/images/seq_0009__max_target_step__scatter/scatter/seq_0009__max_target_step__scatter_step_0004.png""]","[{""wavelength"": 600.0, ""concentration"": 2.0, ""path_length"": 5.0, ""absorbance"": 120.0}, {""wavelength"": 600.0, ""concentration"": 2.0, ""path_length"": 4.0, ""absorbance"": 96.0}, {""wavelength"": 600.0, ""concentration"": 2.0, ""path_length"": 3.0, ""absorbance"": 72.0}, {""wavelength"": 600.0, ""concentration"": 3.0, ""path_length"": 3.0, ""absorbance"": 108.0}, {""wavelength"": 600.0, ""concentration"": 3.0, ""path_length"": 2.0, ""absorbance"": 72.0}]"
seq_0009__max_target_step__simulation,seq_0009,max_target_step,max_step,simulation,simulation,At which step is absorbance the highest?,0,step,4,False,,"{""answer"": 4}","[""/results/yao314652/home/project/outputs/visual_benchmark/qwen25vl_7b_all_modalities/images/seq_0009__max_target_step__simulation/simulation/step_0000.png"", ""/results/yao314652/home/project/outputs/visual_benchmark/qwen25vl_7b_all_modalities/images/seq_0009__max_target_step__simulation/simulation/step_0001.png"", ""/results/yao314652/home/project/outputs/visual_benchmark/qwen25vl_7b_all_modalities/images/seq_0009__max_target_step__simulation/simulation/step_0002.png"", ""/results/yao314652/home/project/outputs/visual_benchmark/qwen25vl_7b_all_modalities/images/seq_0009__max_target_step__simulation/simulation/step_0003.png"", ""/results/yao314652/home/project/outputs/visual_benchmark/qwen25vl_7b_all_modalities/images/seq_0009__max_target_step__simulation/simulation/step_0004.png""]","[{""wavelength"": 600.0, ""concentration"": 2.0, ""path_length"": 5.0, ""absorbance"": 120.0}, {""wavelength"": 600.0, ""concentration"": 2.0, ""path_length"": 4.0, ""absorbance"": 96.0}, {""wavelength"": 600.0, ""concentration"": 2.0, ""path_length"": 3.0, ""absorbance"": 72.0}, {""wavelength"": 600.0, ""concentration"": 3.0, ""path_length"": 3.0, ""absorbance"": 108.0}, {""wavelength"": 600.0, ""concentration"": 3.0, ""path_length"": 2.0, ""absorbance"": 72.0}]"
seq_0009__largest_target_drop_step__text,seq_0009,largest_target_drop_step,largest_drop_step,text,none,"At which step does absorbance show the largest drop compared with the previous step? If it never drops, answer none.",4,step_or_none,3,False,,"```json
{""answer"": 3}
```",[],"[{""wavelength"": 600.0, ""concentration"": 2.0, ""path_length"": 5.0, ""absorbance"": 120.0}, {""wavelength"": 600.0, ""concentration"": 2.0, ""path_length"": 4.0, ""absorbance"": 96.0}, {""wavelength"": 600.0, ""concentration"": 2.0, ""path_length"": 3.0, ""absorbance"": 72.0}, {""wavelength"": 600.0, ""concentration"": 3.0, ""path_length"": 3.0, ""absorbance"": 108.0}, {""wavelength"": 600.0, ""concentration"": 3.0, ""path_length"": 2.0, ""absorbance"": 72.0}]"
seq_0009__largest_target_drop_step__bar,seq_0009,largest_target_drop_step,largest_drop_step,bar,bar,"At which step does absorbance show the largest drop compared with the previous step? If it never drops, answer none.",4,step_or_none,3,False,,"{""answer"": 3}","[""/results/yao314652/home/project/outputs/visual_benchmark/qwen25vl_7b_all_modalities/images/seq_0009__largest_target_drop_step__bar/bar/step_0000.png"", ""/results/yao314652/home/project/outputs/visual_benchmark/qwen25vl_7b_all_modalities/images/seq_0009__largest_target_drop_step__bar/bar/step_0001.png"", ""/results/yao314652/home/project/outputs/visual_benchmark/qwen25vl_7b_all_modalities/images/seq_0009__largest_target_drop_step__bar/bar/step_0002.png"", ""/results/yao314652/home/project/outputs/visual_benchmark/qwen25vl_7b_all_modalities/images/seq_0009__largest_target_drop_step__bar/bar/step_0003.png"", ""/results/yao314652/home/project/outputs/visual_benchmark/qwen25vl_7b_all_modalities/images/seq_0009__largest_target_drop_step__bar/bar/step_0004.png""]","[{""wavelength"": 600.0, ""concentration"": 2.0, ""path_length"": 5.0, ""absorbance"": 120.0}, {""wavelength"": 600.0, ""concentration"": 2.0, ""path_length"": 4.0, ""absorbance"": 96.0}, {""wavelength"": 600.0, ""concentration"": 2.0, ""path_length"": 3.0, ""absorbance"": 72.0}, {""wavelength"": 600.0, ""concentration"": 3.0, ""path_length"": 3.0, ""absorbance"": 108.0}, {""wavelength"": 600.0, ""concentration"": 3.0, ""path_length"": 2.0, ""absorbance"": 72.0}]"
seq_0009__largest_target_drop_step__line,seq_0009,largest_target_drop_step,largest_drop_step,line,line,"At which step does absorbance show the largest drop compared with the previous step? If it never drops, answer none.",4,step_or_none,2,False,,"{""answer"": 2}","[""/results/yao314652/home/project/outputs/visual_benchmark/qwen25vl_7b_all_modalities/images/seq_0009__largest_target_drop_step__line/line/seq_0009__largest_target_drop_step__line_step_0000.png"", ""/results/yao314652/home/project/outputs/visual_benchmark/qwen25vl_7b_all_modalities/images/seq_0009__largest_target_drop_step__line/line/seq_0009__largest_target_drop_step__line_step_0001.png"", ""/results/yao314652/home/project/outputs/visual_benchmark/qwen25vl_7b_all_modalities/images/seq_0009__largest_target_drop_step__line/line/seq_0009__largest_target_drop_step__line_step_0002.png"", ""/results/yao314652/home/project/outputs/visual_benchmark/qwen25vl_7b_all_modalities/images/seq_0009__largest_target_drop_step__line/line/seq_0009__largest_target_drop_step__line_step_0003.png"", ""/results/yao314652/home/project/outputs/visual_benchmark/qwen25vl_7b_all_modalities/images/seq_0009__largest_target_drop_step__line/line/seq_0009__largest_target_drop_step__line_step_0004.png""]","[{""wavelength"": 600.0, ""concentration"": 2.0, ""path_length"": 5.0, ""absorbance"": 120.0}, {""wavelength"": 600.0, ""concentration"": 2.0, ""path_length"": 4.0, ""absorbance"": 96.0}, {""wavelength"": 600.0, ""concentration"": 2.0, ""path_length"": 3.0, ""absorbance"": 72.0}, {""wavelength"": 600.0, ""concentration"": 3.0, ""path_length"": 3.0, ""absorbance"": 108.0}, {""wavelength"": 600.0, ""concentration"": 3.0, ""path_length"": 2.0, ""absorbance"": 72.0}]"
seq_0009__largest_target_drop_step__scatter,seq_0009,largest_target_drop_step,largest_drop_step,scatter,scatter,"At which step does absorbance show the largest drop compared with the previous step? If it never drops, answer none.",4,step_or_none,4,True,,"{""answer"": ""4""}","[""/results/yao314652/home/project/outputs/visual_benchmark/qwen25vl_7b_all_modalities/images/seq_0009__largest_target_drop_step__scatter/scatter/seq_0009__largest_target_drop_step__scatter_step_0000.png"", ""/results/yao314652/home/project/outputs/visual_benchmark/qwen25vl_7b_all_modalities/images/seq_0009__largest_target_drop_step__scatter/scatter/seq_0009__largest_target_drop_step__scatter_step_0001.png"", ""/results/yao314652/home/project/outputs/visual_benchmark/qwen25vl_7b_all_modalities/images/seq_0009__largest_target_drop_step__scatter/scatter/seq_0009__largest_target_drop_step__scatter_step_0002.png"", ""/results/yao314652/home/project/outputs/visual_benchmark/qwen25vl_7b_all_modalities/images/seq_0009__largest_target_drop_step__scatter/scatter/seq_0009__largest_target_drop_step__scatter_step_0003.png"", ""/results/yao314652/home/project/outputs/visual_benchmark/qwen25vl_7b_all_modalities/images/seq_0009__largest_target_drop_step__scatter/scatter/seq_0009__largest_target_drop_step__scatter_step_0004.png""]","[{""wavelength"": 600.0, ""concentration"": 2.0, ""path_length"": 5.0, ""absorbance"": 120.0}, {""wavelength"": 600.0, ""concentration"": 2.0, ""path_length"": 4.0, ""absorbance"": 96.0}, {""wavelength"": 600.0, ""concentration"": 2.0, ""path_length"": 3.0, ""absorbance"": 72.0}, {""wavelength"": 600.0, ""concentration"": 3.0, ""path_length"": 3.0, ""absorbance"": 108.0}, {""wavelength"": 600.0, ""concentration"": 3.0, ""path_length"": 2.0, ""absorbance"": 72.0}]"
seq_0009__largest_target_drop_step__simulation,seq_0009,largest_target_drop_step,largest_drop_step,simulation,simulation,"At which step does absorbance show the largest drop compared with the previous step? If it never drops, answer none.",4,step_or_none,3,False,,"```json
{""answer"": ""3""}
```","[""/results/yao314652/home/project/outputs/visual_benchmark/qwen25vl_7b_all_modalities/images/seq_0009__largest_target_drop_step__simulation/simulation/step_0000.png"", ""/results/yao314652/home/project/outputs/visual_benchmark/qwen25vl_7b_all_modalities/images/seq_0009__largest_target_drop_step__simulation/simulation/step_0001.png"", ""/results/yao314652/home/project/outputs/visual_benchmark/qwen25vl_7b_all_modalities/images/seq_0009__largest_target_drop_step__simulation/simulation/step_0002.png"", ""/results/yao314652/home/project/outputs/visual_benchmark/qwen25vl_7b_all_modalities/images/seq_0009__largest_target_drop_step__simulation/simulation/step_0003.png"", ""/results/yao314652/home/project/outputs/visual_benchmark/qwen25vl_7b_all_modalities/images/seq_0009__largest_target_drop_step__simulation/simulation/step_0004.png""]","[{""wavelength"": 600.0, ""concentration"": 2.0, ""path_length"": 5.0, ""absorbance"": 120.0}, {""wavelength"": 600.0, ""concentration"": 2.0, ""path_length"": 4.0, ""absorbance"": 96.0}, {""wavelength"": 600.0, ""concentration"": 2.0, ""path_length"": 3.0, ""absorbance"": 72.0}, {""wavelength"": 600.0, ""concentration"": 3.0, ""path_length"": 3.0, ""absorbance"": 108.0}, {""wavelength"": 600.0, ""concentration"": 3.0, ""path_length"": 2.0, ""absorbance"": 72.0}]"
seq_0010__read_last_target__text,seq_0010,read_last_target,value_at_step,text,none,What is the value of absorbance at step 4?,9.0,number,9,True,0.0,"{
  ""answer"": 9
}",[],"[{""wavelength"": 500.0, ""concentration"": 3.0, ""path_length"": 2.0, ""absorbance"": 60.0}, {""wavelength"": 500.0, ""concentration"": 2.0, ""path_length"": 2.0, ""absorbance"": 40.0}, {""wavelength"": 500.0, ""concentration"": 2.0, ""path_length"": 1.0, ""absorbance"": 20.0}, {""wavelength"": 500.0, ""concentration"": 1.0, ""path_length"": 1.0, ""absorbance"": 10.0}, {""wavelength"": 450.0, ""concentration"": 1.0, ""path_length"": 1.0, ""absorbance"": 9.0}]"
seq_0010__read_last_target__bar,seq_0010,read_last_target,value_at_step,bar,bar,What is the value of absorbance at step 4?,9.0,number,0.1,False,8.9,"{""answer"": 0.1}","[""/results/yao314652/home/project/outputs/visual_benchmark/qwen25vl_7b_all_modalities/images/seq_0010__read_last_target__bar/bar/step_0000.png"", ""/results/yao314652/home/project/outputs/visual_benchmark/qwen25vl_7b_all_modalities/images/seq_0010__read_last_target__bar/bar/step_0001.png"", ""/results/yao314652/home/project/outputs/visual_benchmark/qwen25vl_7b_all_modalities/images/seq_0010__read_last_target__bar/bar/step_0002.png"", ""/results/yao314652/home/project/outputs/visual_benchmark/qwen25vl_7b_all_modalities/images/seq_0010__read_last_target__bar/bar/step_0003.png"", ""/results/yao314652/home/project/outputs/visual_benchmark/qwen25vl_7b_all_modalities/images/seq_0010__read_last_target__bar/bar/step_0004.png""]","[{""wavelength"": 500.0, ""concentration"": 3.0, ""path_length"": 2.0, ""absorbance"": 60.0}, {""wavelength"": 500.0, ""concentration"": 2.0, ""path_length"": 2.0, ""absorbance"": 40.0}, {""wavelength"": 500.0, ""concentration"": 2.0, ""path_length"": 1.0, ""absorbance"": 20.0}, {""wavelength"": 500.0, ""concentration"": 1.0, ""path_length"": 1.0, ""absorbance"": 10.0}, {""wavelength"": 450.0, ""concentration"": 1.0, ""path_length"": 1.0, ""absorbance"": 9.0}]"
seq_0010__read_last_target__line,seq_0010,read_last_target,value_at_step,line,line,What is the value of absorbance at step 4?,9.0,number,0.2,False,8.8,"{""answer"": 0.2}","[""/results/yao314652/home/project/outputs/visual_benchmark/qwen25vl_7b_all_modalities/images/seq_0010__read_last_target__line/line/seq_0010__read_last_target__line_step_0000.png"", ""/results/yao314652/home/project/outputs/visual_benchmark/qwen25vl_7b_all_modalities/images/seq_0010__read_last_target__line/line/seq_0010__read_last_target__line_step_0001.png"", ""/results/yao314652/home/project/outputs/visual_benchmark/qwen25vl_7b_all_modalities/images/seq_0010__read_last_target__line/line/seq_0010__read_last_target__line_step_0002.png"", ""/results/yao314652/home/project/outputs/visual_benchmark/qwen25vl_7b_all_modalities/images/seq_0010__read_last_target__line/line/seq_0010__read_last_target__line_step_0003.png"", ""/results/yao314652/home/project/outputs/visual_benchmark/qwen25vl_7b_all_modalities/images/seq_0010__read_last_target__line/line/seq_0010__read_last_target__line_step_0004.png""]","[{""wavelength"": 500.0, ""concentration"": 3.0, ""path_length"": 2.0, ""absorbance"": 60.0}, {""wavelength"": 500.0, ""concentration"": 2.0, ""path_length"": 2.0, ""absorbance"": 40.0}, {""wavelength"": 500.0, ""concentration"": 2.0, ""path_length"": 1.0, ""absorbance"": 20.0}, {""wavelength"": 500.0, ""concentration"": 1.0, ""path_length"": 1.0, ""absorbance"": 10.0}, {""wavelength"": 450.0, ""concentration"": 1.0, ""path_length"": 1.0, ""absorbance"": 9.0}]"
seq_0010__read_last_target__scatter,seq_0010,read_last_target,value_at_step,scatter,scatter,What is the value of absorbance at step 4?,9.0,number,0.1,False,8.9,"{""answer"": 0.1}","[""/results/yao314652/home/project/outputs/visual_benchmark/qwen25vl_7b_all_modalities/images/seq_0010__read_last_target__scatter/scatter/seq_0010__read_last_target__scatter_step_0000.png"", ""/results/yao314652/home/project/outputs/visual_benchmark/qwen25vl_7b_all_modalities/images/seq_0010__read_last_target__scatter/scatter/seq_0010__read_last_target__scatter_step_0001.png"", ""/results/yao314652/home/project/outputs/visual_benchmark/qwen25vl_7b_all_modalities/images/seq_0010__read_last_target__scatter/scatter/seq_0010__read_last_target__scatter_step_0002.png"", ""/results/yao314652/home/project/outputs/visual_benchmark/qwen25vl_7b_all_modalities/images/seq_0010__read_last_target__scatter/scatter/seq_0010__read_last_target__scatter_step_0003.png"", ""/results/yao314652/home/project/outputs/visual_benchmark/qwen25vl_7b_all_modalities/images/seq_0010__read_last_target__scatter/scatter/seq_0010__read_last_target__scatter_step_0004.png""]","[{""wavelength"": 500.0, ""concentration"": 3.0, ""path_length"": 2.0, ""absorbance"": 60.0}, {""wavelength"": 500.0, ""concentration"": 2.0, ""path_length"": 2.0, ""absorbance"": 40.0}, {""wavelength"": 500.0, ""concentration"": 2.0, ""path_length"": 1.0, ""absorbance"": 20.0}, {""wavelength"": 500.0, ""concentration"": 1.0, ""path_length"": 1.0, ""absorbance"": 10.0}, {""wavelength"": 450.0, ""concentration"": 1.0, ""path_length"": 1.0, ""absorbance"": 9.0}]"
seq_0010__read_last_target__simulation,seq_0010,read_last_target,value_at_step,simulation,simulation,What is the value of absorbance at step 4?,9.0,number,1,False,8.0,"{""answer"": 1}","[""/results/yao314652/home/project/outputs/visual_benchmark/qwen25vl_7b_all_modalities/images/seq_0010__read_last_target__simulation/simulation/step_0000.png"", ""/results/yao314652/home/project/outputs/visual_benchmark/qwen25vl_7b_all_modalities/images/seq_0010__read_last_target__simulation/simulation/step_0001.png"", ""/results/yao314652/home/project/outputs/visual_benchmark/qwen25vl_7b_all_modalities/images/seq_0010__read_last_target__simulation/simulation/step_0002.png"", ""/results/yao314652/home/project/outputs/visual_benchmark/qwen25vl_7b_all_modalities/images/seq_0010__read_last_target__simulation/simulation/step_0003.png"", ""/results/yao314652/home/project/outputs/visual_benchmark/qwen25vl_7b_all_modalities/images/seq_0010__read_last_target__simulation/simulation/step_0004.png""]","[{""wavelength"": 500.0, ""concentration"": 3.0, ""path_length"": 2.0, ""absorbance"": 60.0}, {""wavelength"": 500.0, ""concentration"": 2.0, ""path_length"": 2.0, ""absorbance"": 40.0}, {""wavelength"": 500.0, ""concentration"": 2.0, ""path_length"": 1.0, ""absorbance"": 20.0}, {""wavelength"": 500.0, ""concentration"": 1.0, ""path_length"": 1.0, ""absorbance"": 10.0}, {""wavelength"": 450.0, ""concentration"": 1.0, ""path_length"": 1.0, ""absorbance"": 9.0}]"
seq_0010__target_change_amount__text,seq_0010,target_change_amount,change_amount,text,none,By how much does absorbance change from step 0 to step 4?,-51.0,number,-51,True,0.0,"{""answer"": -51}",[],"[{""wavelength"": 500.0, ""concentration"": 3.0, ""path_length"": 2.0, ""absorbance"": 60.0}, {""wavelength"": 500.0, ""concentration"": 2.0, ""path_length"": 2.0, ""absorbance"": 40.0}, {""wavelength"": 500.0, ""concentration"": 2.0, ""path_length"": 1.0, ""absorbance"": 20.0}, {""wavelength"": 500.0, ""concentration"": 1.0, ""path_length"": 1.0, ""absorbance"": 10.0}, {""wavelength"": 450.0, ""concentration"": 1.0, ""path_length"": 1.0, ""absorbance"": 9.0}]"
seq_0010__target_change_amount__bar,seq_0010,target_change_amount,change_amount,bar,bar,By how much does absorbance change from step 0 to step 4?,-51.0,number,-2.1,False,48.9,"{""answer"": -2.1}","[""/results/yao314652/home/project/outputs/visual_benchmark/qwen25vl_7b_all_modalities/images/seq_0010__target_change_amount__bar/bar/step_0000.png"", ""/results/yao314652/home/project/outputs/visual_benchmark/qwen25vl_7b_all_modalities/images/seq_0010__target_change_amount__bar/bar/step_0001.png"", ""/results/yao314652/home/project/outputs/visual_benchmark/qwen25vl_7b_all_modalities/images/seq_0010__target_change_amount__bar/bar/step_0002.png"", ""/results/yao314652/home/project/outputs/visual_benchmark/qwen25vl_7b_all_modalities/images/seq_0010__target_change_amount__bar/bar/step_0003.png"", ""/results/yao314652/home/project/outputs/visual_benchmark/qwen25vl_7b_all_modalities/images/seq_0010__target_change_amount__bar/bar/step_0004.png""]","[{""wavelength"": 500.0, ""concentration"": 3.0, ""path_length"": 2.0, ""absorbance"": 60.0}, {""wavelength"": 500.0, ""concentration"": 2.0, ""path_length"": 2.0, ""absorbance"": 40.0}, {""wavelength"": 500.0, ""concentration"": 2.0, ""path_length"": 1.0, ""absorbance"": 20.0}, {""wavelength"": 500.0, ""concentration"": 1.0, ""path_length"": 1.0, ""absorbance"": 10.0}, {""wavelength"": 450.0, ""concentration"": 1.0, ""path_length"": 1.0, ""absorbance"": 9.0}]"
seq_0010__target_change_amount__line,seq_0010,target_change_amount,change_amount,line,line,By how much does absorbance change from step 0 to step 4?,-51.0,number,-0.1,False,50.9,"{""answer"": -0.1}","[""/results/yao314652/home/project/outputs/visual_benchmark/qwen25vl_7b_all_modalities/images/seq_0010__target_change_amount__line/line/seq_0010__target_change_amount__line_step_0000.png"", ""/results/yao314652/home/project/outputs/visual_benchmark/qwen25vl_7b_all_modalities/images/seq_0010__target_change_amount__line/line/seq_0010__target_change_amount__line_step_0001.png"", ""/results/yao314652/home/project/outputs/visual_benchmark/qwen25vl_7b_all_modalities/images/seq_0010__target_change_amount__line/line/seq_0010__target_change_amount__line_step_0002.png"", ""/results/yao314652/home/project/outputs/visual_benchmark/qwen25vl_7b_all_modalities/images/seq_0010__target_change_amount__line/line/seq_0010__target_change_amount__line_step_0003.png"", ""/results/yao314652/home/project/outputs/visual_benchmark/qwen25vl_7b_all_modalities/images/seq_0010__target_change_amount__line/line/seq_0010__target_change_amount__line_step_0004.png""]","[{""wavelength"": 500.0, ""concentration"": 3.0, ""path_length"": 2.0, ""absorbance"": 60.0}, {""wavelength"": 500.0, ""concentration"": 2.0, ""path_length"": 2.0, ""absorbance"": 40.0}, {""wavelength"": 500.0, ""concentration"": 2.0, ""path_length"": 1.0, ""absorbance"": 20.0}, {""wavelength"": 500.0, ""concentration"": 1.0, ""path_length"": 1.0, ""absorbance"": 10.0}, {""wavelength"": 450.0, ""concentration"": 1.0, ""path_length"": 1.0, ""absorbance"": 9.0}]"
seq_0010__target_change_amount__scatter,seq_0010,target_change_amount,change_amount,scatter,scatter,By how much does absorbance change from step 0 to step 4?,-51.0,number,-0.1,False,50.9,"{""answer"": -0.1}","[""/results/yao314652/home/project/outputs/visual_benchmark/qwen25vl_7b_all_modalities/images/seq_0010__target_change_amount__scatter/scatter/seq_0010__target_change_amount__scatter_step_0000.png"", ""/results/yao314652/home/project/outputs/visual_benchmark/qwen25vl_7b_all_modalities/images/seq_0010__target_change_amount__scatter/scatter/seq_0010__target_change_amount__scatter_step_0001.png"", ""/results/yao314652/home/project/outputs/visual_benchmark/qwen25vl_7b_all_modalities/images/seq_0010__target_change_amount__scatter/scatter/seq_0010__target_change_amount__scatter_step_0002.png"", ""/results/yao314652/home/project/outputs/visual_benchmark/qwen25vl_7b_all_modalities/images/seq_0010__target_change_amount__scatter/scatter/seq_0010__target_change_amount__scatter_step_0003.png"", ""/results/yao314652/home/project/outputs/visual_benchmark/qwen25vl_7b_all_modalities/images/seq_0010__target_change_amount__scatter/scatter/seq_0010__target_change_amount__scatter_step_0004.png""]","[{""wavelength"": 500.0, ""concentration"": 3.0, ""path_length"": 2.0, ""absorbance"": 60.0}, {""wavelength"": 500.0, ""concentration"": 2.0, ""path_length"": 2.0, ""absorbance"": 40.0}, {""wavelength"": 500.0, ""concentration"": 2.0, ""path_length"": 1.0, ""absorbance"": 20.0}, {""wavelength"": 500.0, ""concentration"": 1.0, ""path_length"": 1.0, ""absorbance"": 10.0}, {""wavelength"": 450.0, ""concentration"": 1.0, ""path_length"": 1.0, ""absorbance"": 9.0}]"
seq_0010__target_change_amount__simulation,seq_0010,target_change_amount,change_amount,simulation,simulation,By how much does absorbance change from step 0 to step 4?,-51.0,number,-0.2,False,50.8,"{""answer"": -0.2}","[""/results/yao314652/home/project/outputs/visual_benchmark/qwen25vl_7b_all_modalities/images/seq_0010__target_change_amount__simulation/simulation/step_0000.png"", ""/results/yao314652/home/project/outputs/visual_benchmark/qwen25vl_7b_all_modalities/images/seq_0010__target_change_amount__simulation/simulation/step_0001.png"", ""/results/yao314652/home/project/outputs/visual_benchmark/qwen25vl_7b_all_modalities/images/seq_0010__target_change_amount__simulation/simulation/step_0002.png"", ""/results/yao314652/home/project/outputs/visual_benchmark/qwen25vl_7b_all_modalities/images/seq_0010__target_change_amount__simulation/simulation/step_0003.png"", ""/results/yao314652/home/project/outputs/visual_benchmark/qwen25vl_7b_all_modalities/images/seq_0010__target_change_amount__simulation/simulation/step_0004.png""]","[{""wavelength"": 500.0, ""concentration"": 3.0, ""path_length"": 2.0, ""absorbance"": 60.0}, {""wavelength"": 500.0, ""concentration"": 2.0, ""path_length"": 2.0, ""absorbance"": 40.0}, {""wavelength"": 500.0, ""concentration"": 2.0, ""path_length"": 1.0, ""absorbance"": 20.0}, {""wavelength"": 500.0, ""concentration"": 1.0, ""path_length"": 1.0, ""absorbance"": 10.0}, {""wavelength"": 450.0, ""concentration"": 1.0, ""path_length"": 1.0, ""absorbance"": 9.0}]"
seq_0010__target_change_direction__text,seq_0010,target_change_direction,change_direction,text,none,"Does absorbance increase, decrease, or stay the same from step 0 to step 4?",decrease,category,decrease,True,,"{
  ""answer"": ""decrease""
}",[],"[{""wavelength"": 500.0, ""concentration"": 3.0, ""path_length"": 2.0, ""absorbance"": 60.0}, {""wavelength"": 500.0, ""concentration"": 2.0, ""path_length"": 2.0, ""absorbance"": 40.0}, {""wavelength"": 500.0, ""concentration"": 2.0, ""path_length"": 1.0, ""absorbance"": 20.0}, {""wavelength"": 500.0, ""concentration"": 1.0, ""path_length"": 1.0, ""absorbance"": 10.0}, {""wavelength"": 450.0, ""concentration"": 1.0, ""path_length"": 1.0, ""absorbance"": 9.0}]"
seq_0010__target_change_direction__bar,seq_0010,target_change_direction,change_direction,bar,bar,"Does absorbance increase, decrease, or stay the same from step 0 to step 4?",decrease,category,decrease,True,,"{""answer"": ""decrease""}","[""/results/yao314652/home/project/outputs/visual_benchmark/qwen25vl_7b_all_modalities/images/seq_0010__target_change_direction__bar/bar/step_0000.png"", ""/results/yao314652/home/project/outputs/visual_benchmark/qwen25vl_7b_all_modalities/images/seq_0010__target_change_direction__bar/bar/step_0001.png"", ""/results/yao314652/home/project/outputs/visual_benchmark/qwen25vl_7b_all_modalities/images/seq_0010__target_change_direction__bar/bar/step_0002.png"", ""/results/yao314652/home/project/outputs/visual_benchmark/qwen25vl_7b_all_modalities/images/seq_0010__target_change_direction__bar/bar/step_0003.png"", ""/results/yao314652/home/project/outputs/visual_benchmark/qwen25vl_7b_all_modalities/images/seq_0010__target_change_direction__bar/bar/step_0004.png""]","[{""wavelength"": 500.0, ""concentration"": 3.0, ""path_length"": 2.0, ""absorbance"": 60.0}, {""wavelength"": 500.0, ""concentration"": 2.0, ""path_length"": 2.0, ""absorbance"": 40.0}, {""wavelength"": 500.0, ""concentration"": 2.0, ""path_length"": 1.0, ""absorbance"": 20.0}, {""wavelength"": 500.0, ""concentration"": 1.0, ""path_length"": 1.0, ""absorbance"": 10.0}, {""wavelength"": 450.0, ""concentration"": 1.0, ""path_length"": 1.0, ""absorbance"": 9.0}]"
seq_0010__target_change_direction__line,seq_0010,target_change_direction,change_direction,line,line,"Does absorbance increase, decrease, or stay the same from step 0 to step 4?",decrease,category,decrease,True,,"{""answer"": ""decrease""}","[""/results/yao314652/home/project/outputs/visual_benchmark/qwen25vl_7b_all_modalities/images/seq_0010__target_change_direction__line/line/seq_0010__target_change_direction__line_step_0000.png"", ""/results/yao314652/home/project/outputs/visual_benchmark/qwen25vl_7b_all_modalities/images/seq_0010__target_change_direction__line/line/seq_0010__target_change_direction__line_step_0001.png"", ""/results/yao314652/home/project/outputs/visual_benchmark/qwen25vl_7b_all_modalities/images/seq_0010__target_change_direction__line/line/seq_0010__target_change_direction__line_step_0002.png"", ""/results/yao314652/home/project/outputs/visual_benchmark/qwen25vl_7b_all_modalities/images/seq_0010__target_change_direction__line/line/seq_0010__target_change_direction__line_step_0003.png"", ""/results/yao314652/home/project/outputs/visual_benchmark/qwen25vl_7b_all_modalities/images/seq_0010__target_change_direction__line/line/seq_0010__target_change_direction__line_step_0004.png""]","[{""wavelength"": 500.0, ""concentration"": 3.0, ""path_length"": 2.0, ""absorbance"": 60.0}, {""wavelength"": 500.0, ""concentration"": 2.0, ""path_length"": 2.0, ""absorbance"": 40.0}, {""wavelength"": 500.0, ""concentration"": 2.0, ""path_length"": 1.0, ""absorbance"": 20.0}, {""wavelength"": 500.0, ""concentration"": 1.0, ""path_length"": 1.0, ""absorbance"": 10.0}, {""wavelength"": 450.0, ""concentration"": 1.0, ""path_length"": 1.0, ""absorbance"": 9.0}]"
seq_0010__target_change_direction__scatter,seq_0010,target_change_direction,change_direction,scatter,scatter,"Does absorbance increase, decrease, or stay the same from step 0 to step 4?",decrease,category,increase,False,,"{""answer"": ""increase""}","[""/results/yao314652/home/project/outputs/visual_benchmark/qwen25vl_7b_all_modalities/images/seq_0010__target_change_direction__scatter/scatter/seq_0010__target_change_direction__scatter_step_0000.png"", ""/results/yao314652/home/project/outputs/visual_benchmark/qwen25vl_7b_all_modalities/images/seq_0010__target_change_direction__scatter/scatter/seq_0010__target_change_direction__scatter_step_0001.png"", ""/results/yao314652/home/project/outputs/visual_benchmark/qwen25vl_7b_all_modalities/images/seq_0010__target_change_direction__scatter/scatter/seq_0010__target_change_direction__scatter_step_0002.png"", ""/results/yao314652/home/project/outputs/visual_benchmark/qwen25vl_7b_all_modalities/images/seq_0010__target_change_direction__scatter/scatter/seq_0010__target_change_direction__scatter_step_0003.png"", ""/results/yao314652/home/project/outputs/visual_benchmark/qwen25vl_7b_all_modalities/images/seq_0010__target_change_direction__scatter/scatter/seq_0010__target_change_direction__scatter_step_0004.png""]","[{""wavelength"": 500.0, ""concentration"": 3.0, ""path_length"": 2.0, ""absorbance"": 60.0}, {""wavelength"": 500.0, ""concentration"": 2.0, ""path_length"": 2.0, ""absorbance"": 40.0}, {""wavelength"": 500.0, ""concentration"": 2.0, ""path_length"": 1.0, ""absorbance"": 20.0}, {""wavelength"": 500.0, ""concentration"": 1.0, ""path_length"": 1.0, ""absorbance"": 10.0}, {""wavelength"": 450.0, ""concentration"": 1.0, ""path_length"": 1.0, ""absorbance"": 9.0}]"
seq_0010__target_change_direction__simulation,seq_0010,target_change_direction,change_direction,simulation,simulation,"Does absorbance increase, decrease, or stay the same from step 0 to step 4?",decrease,category,increase,False,,"{""answer"": ""increase""}","[""/results/yao314652/home/project/outputs/visual_benchmark/qwen25vl_7b_all_modalities/images/seq_0010__target_change_direction__simulation/simulation/step_0000.png"", ""/results/yao314652/home/project/outputs/visual_benchmark/qwen25vl_7b_all_modalities/images/seq_0010__target_change_direction__simulation/simulation/step_0001.png"", ""/results/yao314652/home/project/outputs/visual_benchmark/qwen25vl_7b_all_modalities/images/seq_0010__target_change_direction__simulation/simulation/step_0002.png"", ""/results/yao314652/home/project/outputs/visual_benchmark/qwen25vl_7b_all_modalities/images/seq_0010__target_change_direction__simulation/simulation/step_0003.png"", ""/results/yao314652/home/project/outputs/visual_benchmark/qwen25vl_7b_all_modalities/images/seq_0010__target_change_direction__simulation/simulation/step_0004.png""]","[{""wavelength"": 500.0, ""concentration"": 3.0, ""path_length"": 2.0, ""absorbance"": 60.0}, {""wavelength"": 500.0, ""concentration"": 2.0, ""path_length"": 2.0, ""absorbance"": 40.0}, {""wavelength"": 500.0, ""concentration"": 2.0, ""path_length"": 1.0, ""absorbance"": 20.0}, {""wavelength"": 500.0, ""concentration"": 1.0, ""path_length"": 1.0, ""absorbance"": 10.0}, {""wavelength"": 450.0, ""concentration"": 1.0, ""path_length"": 1.0, ""absorbance"": 9.0}]"
seq_0010__changed_variable_0_to_1__text,seq_0010,changed_variable_0_to_1,changed_variable,text,none,Which input variable changed from step 0 to step 1?,concentration,category,concentration,True,,"{
    ""answer"": ""concentration""
}",[],"[{""wavelength"": 500.0, ""concentration"": 3.0, ""path_length"": 2.0, ""absorbance"": 60.0}, {""wavelength"": 500.0, ""concentration"": 2.0, ""path_length"": 2.0, ""absorbance"": 40.0}, {""wavelength"": 500.0, ""concentration"": 2.0, ""path_length"": 1.0, ""absorbance"": 20.0}, {""wavelength"": 500.0, ""concentration"": 1.0, ""path_length"": 1.0, ""absorbance"": 10.0}, {""wavelength"": 450.0, ""concentration"": 1.0, ""path_length"": 1.0, ""absorbance"": 9.0}]"
seq_0010__changed_variable_0_to_1__bar,seq_0010,changed_variable_0_to_1,changed_variable,bar,bar,Which input variable changed from step 0 to step 1?,concentration,category,same,False,,same,"[""/results/yao314652/home/project/outputs/visual_benchmark/qwen25vl_7b_all_modalities/images/seq_0010__changed_variable_0_to_1__bar/bar/step_0000.png"", ""/results/yao314652/home/project/outputs/visual_benchmark/qwen25vl_7b_all_modalities/images/seq_0010__changed_variable_0_to_1__bar/bar/step_0001.png"", ""/results/yao314652/home/project/outputs/visual_benchmark/qwen25vl_7b_all_modalities/images/seq_0010__changed_variable_0_to_1__bar/bar/step_0002.png"", ""/results/yao314652/home/project/outputs/visual_benchmark/qwen25vl_7b_all_modalities/images/seq_0010__changed_variable_0_to_1__bar/bar/step_0003.png"", ""/results/yao314652/home/project/outputs/visual_benchmark/qwen25vl_7b_all_modalities/images/seq_0010__changed_variable_0_to_1__bar/bar/step_0004.png""]","[{""wavelength"": 500.0, ""concentration"": 3.0, ""path_length"": 2.0, ""absorbance"": 60.0}, {""wavelength"": 500.0, ""concentration"": 2.0, ""path_length"": 2.0, ""absorbance"": 40.0}, {""wavelength"": 500.0, ""concentration"": 2.0, ""path_length"": 1.0, ""absorbance"": 20.0}, {""wavelength"": 500.0, ""concentration"": 1.0, ""path_length"": 1.0, ""absorbance"": 10.0}, {""wavelength"": 450.0, ""concentration"": 1.0, ""path_length"": 1.0, ""absorbance"": 9.0}]"
seq_0010__changed_variable_0_to_1__line,seq_0010,changed_variable_0_to_1,changed_variable,line,line,Which input variable changed from step 0 to step 1?,concentration,category,same,False,,"{""answer"": ""same""}","[""/results/yao314652/home/project/outputs/visual_benchmark/qwen25vl_7b_all_modalities/images/seq_0010__changed_variable_0_to_1__line/line/seq_0010__changed_variable_0_to_1__line_step_0000.png"", ""/results/yao314652/home/project/outputs/visual_benchmark/qwen25vl_7b_all_modalities/images/seq_0010__changed_variable_0_to_1__line/line/seq_0010__changed_variable_0_to_1__line_step_0001.png"", ""/results/yao314652/home/project/outputs/visual_benchmark/qwen25vl_7b_all_modalities/images/seq_0010__changed_variable_0_to_1__line/line/seq_0010__changed_variable_0_to_1__line_step_0002.png"", ""/results/yao314652/home/project/outputs/visual_benchmark/qwen25vl_7b_all_modalities/images/seq_0010__changed_variable_0_to_1__line/line/seq_0010__changed_variable_0_to_1__line_step_0003.png"", ""/results/yao314652/home/project/outputs/visual_benchmark/qwen25vl_7b_all_modalities/images/seq_0010__changed_variable_0_to_1__line/line/seq_0010__changed_variable_0_to_1__line_step_0004.png""]","[{""wavelength"": 500.0, ""concentration"": 3.0, ""path_length"": 2.0, ""absorbance"": 60.0}, {""wavelength"": 500.0, ""concentration"": 2.0, ""path_length"": 2.0, ""absorbance"": 40.0}, {""wavelength"": 500.0, ""concentration"": 2.0, ""path_length"": 1.0, ""absorbance"": 20.0}, {""wavelength"": 500.0, ""concentration"": 1.0, ""path_length"": 1.0, ""absorbance"": 10.0}, {""wavelength"": 450.0, ""concentration"": 1.0, ""path_length"": 1.0, ""absorbance"": 9.0}]"
seq_0010__changed_variable_0_to_1__scatter,seq_0010,changed_variable_0_to_1,changed_variable,scatter,scatter,Which input variable changed from step 0 to step 1?,concentration,category,same,False,,"{""answer"": ""same""}","[""/results/yao314652/home/project/outputs/visual_benchmark/qwen25vl_7b_all_modalities/images/seq_0010__changed_variable_0_to_1__scatter/scatter/seq_0010__changed_variable_0_to_1__scatter_step_0000.png"", ""/results/yao314652/home/project/outputs/visual_benchmark/qwen25vl_7b_all_modalities/images/seq_0010__changed_variable_0_to_1__scatter/scatter/seq_0010__changed_variable_0_to_1__scatter_step_0001.png"", ""/results/yao314652/home/project/outputs/visual_benchmark/qwen25vl_7b_all_modalities/images/seq_0010__changed_variable_0_to_1__scatter/scatter/seq_0010__changed_variable_0_to_1__scatter_step_0002.png"", ""/results/yao314652/home/project/outputs/visual_benchmark/qwen25vl_7b_all_modalities/images/seq_0010__changed_variable_0_to_1__scatter/scatter/seq_0010__changed_variable_0_to_1__scatter_step_0003.png"", ""/results/yao314652/home/project/outputs/visual_benchmark/qwen25vl_7b_all_modalities/images/seq_0010__changed_variable_0_to_1__scatter/scatter/seq_0010__changed_variable_0_to_1__scatter_step_0004.png""]","[{""wavelength"": 500.0, ""concentration"": 3.0, ""path_length"": 2.0, ""absorbance"": 60.0}, {""wavelength"": 500.0, ""concentration"": 2.0, ""path_length"": 2.0, ""absorbance"": 40.0}, {""wavelength"": 500.0, ""concentration"": 2.0, ""path_length"": 1.0, ""absorbance"": 20.0}, {""wavelength"": 500.0, ""concentration"": 1.0, ""path_length"": 1.0, ""absorbance"": 10.0}, {""wavelength"": 450.0, ""concentration"": 1.0, ""path_length"": 1.0, ""absorbance"": 9.0}]"
seq_0010__changed_variable_0_to_1__simulation,seq_0010,changed_variable_0_to_1,changed_variable,simulation,simulation,Which input variable changed from step 0 to step 1?,concentration,category,input3,False,,input3,"[""/results/yao314652/home/project/outputs/visual_benchmark/qwen25vl_7b_all_modalities/images/seq_0010__changed_variable_0_to_1__simulation/simulation/step_0000.png"", ""/results/yao314652/home/project/outputs/visual_benchmark/qwen25vl_7b_all_modalities/images/seq_0010__changed_variable_0_to_1__simulation/simulation/step_0001.png"", ""/results/yao314652/home/project/outputs/visual_benchmark/qwen25vl_7b_all_modalities/images/seq_0010__changed_variable_0_to_1__simulation/simulation/step_0002.png"", ""/results/yao314652/home/project/outputs/visual_benchmark/qwen25vl_7b_all_modalities/images/seq_0010__changed_variable_0_to_1__simulation/simulation/step_0003.png"", ""/results/yao314652/home/project/outputs/visual_benchmark/qwen25vl_7b_all_modalities/images/seq_0010__changed_variable_0_to_1__simulation/simulation/step_0004.png""]","[{""wavelength"": 500.0, ""concentration"": 3.0, ""path_length"": 2.0, ""absorbance"": 60.0}, {""wavelength"": 500.0, ""concentration"": 2.0, ""path_length"": 2.0, ""absorbance"": 40.0}, {""wavelength"": 500.0, ""concentration"": 2.0, ""path_length"": 1.0, ""absorbance"": 20.0}, {""wavelength"": 500.0, ""concentration"": 1.0, ""path_length"": 1.0, ""absorbance"": 10.0}, {""wavelength"": 450.0, ""concentration"": 1.0, ""path_length"": 1.0, ""absorbance"": 9.0}]"
seq_0010__max_target_step__text,seq_0010,max_target_step,max_step,text,none,At which step is absorbance the highest?,0,step,0,True,,"```json
{""answer"": 0}
```",[],"[{""wavelength"": 500.0, ""concentration"": 3.0, ""path_length"": 2.0, ""absorbance"": 60.0}, {""wavelength"": 500.0, ""concentration"": 2.0, ""path_length"": 2.0, ""absorbance"": 40.0}, {""wavelength"": 500.0, ""concentration"": 2.0, ""path_length"": 1.0, ""absorbance"": 20.0}, {""wavelength"": 500.0, ""concentration"": 1.0, ""path_length"": 1.0, ""absorbance"": 10.0}, {""wavelength"": 450.0, ""concentration"": 1.0, ""path_length"": 1.0, ""absorbance"": 9.0}]"
seq_0010__max_target_step__bar,seq_0010,max_target_step,max_step,bar,bar,At which step is absorbance the highest?,0,step,2,False,,"{""answer"": 2}","[""/results/yao314652/home/project/outputs/visual_benchmark/qwen25vl_7b_all_modalities/images/seq_0010__max_target_step__bar/bar/step_0000.png"", ""/results/yao314652/home/project/outputs/visual_benchmark/qwen25vl_7b_all_modalities/images/seq_0010__max_target_step__bar/bar/step_0001.png"", ""/results/yao314652/home/project/outputs/visual_benchmark/qwen25vl_7b_all_modalities/images/seq_0010__max_target_step__bar/bar/step_0002.png"", ""/results/yao314652/home/project/outputs/visual_benchmark/qwen25vl_7b_all_modalities/images/seq_0010__max_target_step__bar/bar/step_0003.png"", ""/results/yao314652/home/project/outputs/visual_benchmark/qwen25vl_7b_all_modalities/images/seq_0010__max_target_step__bar/bar/step_0004.png""]","[{""wavelength"": 500.0, ""concentration"": 3.0, ""path_length"": 2.0, ""absorbance"": 60.0}, {""wavelength"": 500.0, ""concentration"": 2.0, ""path_length"": 2.0, ""absorbance"": 40.0}, {""wavelength"": 500.0, ""concentration"": 2.0, ""path_length"": 1.0, ""absorbance"": 20.0}, {""wavelength"": 500.0, ""concentration"": 1.0, ""path_length"": 1.0, ""absorbance"": 10.0}, {""wavelength"": 450.0, ""concentration"": 1.0, ""path_length"": 1.0, ""absorbance"": 9.0}]"
seq_0010__max_target_step__line,seq_0010,max_target_step,max_step,line,line,At which step is absorbance the highest?,0,step,1,False,,"{""answer"": 1}","[""/results/yao314652/home/project/outputs/visual_benchmark/qwen25vl_7b_all_modalities/images/seq_0010__max_target_step__line/line/seq_0010__max_target_step__line_step_0000.png"", ""/results/yao314652/home/project/outputs/visual_benchmark/qwen25vl_7b_all_modalities/images/seq_0010__max_target_step__line/line/seq_0010__max_target_step__line_step_0001.png"", ""/results/yao314652/home/project/outputs/visual_benchmark/qwen25vl_7b_all_modalities/images/seq_0010__max_target_step__line/line/seq_0010__max_target_step__line_step_0002.png"", ""/results/yao314652/home/project/outputs/visual_benchmark/qwen25vl_7b_all_modalities/images/seq_0010__max_target_step__line/line/seq_0010__max_target_step__line_step_0003.png"", ""/results/yao314652/home/project/outputs/visual_benchmark/qwen25vl_7b_all_modalities/images/seq_0010__max_target_step__line/line/seq_0010__max_target_step__line_step_0004.png""]","[{""wavelength"": 500.0, ""concentration"": 3.0, ""path_length"": 2.0, ""absorbance"": 60.0}, {""wavelength"": 500.0, ""concentration"": 2.0, ""path_length"": 2.0, ""absorbance"": 40.0}, {""wavelength"": 500.0, ""concentration"": 2.0, ""path_length"": 1.0, ""absorbance"": 20.0}, {""wavelength"": 500.0, ""concentration"": 1.0, ""path_length"": 1.0, ""absorbance"": 10.0}, {""wavelength"": 450.0, ""concentration"": 1.0, ""path_length"": 1.0, ""absorbance"": 9.0}]"
seq_0010__max_target_step__scatter,seq_0010,max_target_step,max_step,scatter,scatter,At which step is absorbance the highest?,0,step,3,False,,"{""answer"": 3}","[""/results/yao314652/home/project/outputs/visual_benchmark/qwen25vl_7b_all_modalities/images/seq_0010__max_target_step__scatter/scatter/seq_0010__max_target_step__scatter_step_0000.png"", ""/results/yao314652/home/project/outputs/visual_benchmark/qwen25vl_7b_all_modalities/images/seq_0010__max_target_step__scatter/scatter/seq_0010__max_target_step__scatter_step_0001.png"", ""/results/yao314652/home/project/outputs/visual_benchmark/qwen25vl_7b_all_modalities/images/seq_0010__max_target_step__scatter/scatter/seq_0010__max_target_step__scatter_step_0002.png"", ""/results/yao314652/home/project/outputs/visual_benchmark/qwen25vl_7b_all_modalities/images/seq_0010__max_target_step__scatter/scatter/seq_0010__max_target_step__scatter_step_0003.png"", ""/results/yao314652/home/project/outputs/visual_benchmark/qwen25vl_7b_all_modalities/images/seq_0010__max_target_step__scatter/scatter/seq_0010__max_target_step__scatter_step_0004.png""]","[{""wavelength"": 500.0, ""concentration"": 3.0, ""path_length"": 2.0, ""absorbance"": 60.0}, {""wavelength"": 500.0, ""concentration"": 2.0, ""path_length"": 2.0, ""absorbance"": 40.0}, {""wavelength"": 500.0, ""concentration"": 2.0, ""path_length"": 1.0, ""absorbance"": 20.0}, {""wavelength"": 500.0, ""concentration"": 1.0, ""path_length"": 1.0, ""absorbance"": 10.0}, {""wavelength"": 450.0, ""concentration"": 1.0, ""path_length"": 1.0, ""absorbance"": 9.0}]"
seq_0010__max_target_step__simulation,seq_0010,max_target_step,max_step,simulation,simulation,At which step is absorbance the highest?,0,step,5,False,,"{""answer"": 5}","[""/results/yao314652/home/project/outputs/visual_benchmark/qwen25vl_7b_all_modalities/images/seq_0010__max_target_step__simulation/simulation/step_0000.png"", ""/results/yao314652/home/project/outputs/visual_benchmark/qwen25vl_7b_all_modalities/images/seq_0010__max_target_step__simulation/simulation/step_0001.png"", ""/results/yao314652/home/project/outputs/visual_benchmark/qwen25vl_7b_all_modalities/images/seq_0010__max_target_step__simulation/simulation/step_0002.png"", ""/results/yao314652/home/project/outputs/visual_benchmark/qwen25vl_7b_all_modalities/images/seq_0010__max_target_step__simulation/simulation/step_0003.png"", ""/results/yao314652/home/project/outputs/visual_benchmark/qwen25vl_7b_all_modalities/images/seq_0010__max_target_step__simulation/simulation/step_0004.png""]","[{""wavelength"": 500.0, ""concentration"": 3.0, ""path_length"": 2.0, ""absorbance"": 60.0}, {""wavelength"": 500.0, ""concentration"": 2.0, ""path_length"": 2.0, ""absorbance"": 40.0}, {""wavelength"": 500.0, ""concentration"": 2.0, ""path_length"": 1.0, ""absorbance"": 20.0}, {""wavelength"": 500.0, ""concentration"": 1.0, ""path_length"": 1.0, ""absorbance"": 10.0}, {""wavelength"": 450.0, ""concentration"": 1.0, ""path_length"": 1.0, ""absorbance"": 9.0}]"
seq_0010__largest_target_drop_step__text,seq_0010,largest_target_drop_step,largest_drop_step,text,none,"At which step does absorbance show the largest drop compared with the previous step? If it never drops, answer none.",1,step_or_none,2,False,,"```json
{""answer"": ""2""}
```",[],"[{""wavelength"": 500.0, ""concentration"": 3.0, ""path_length"": 2.0, ""absorbance"": 60.0}, {""wavelength"": 500.0, ""concentration"": 2.0, ""path_length"": 2.0, ""absorbance"": 40.0}, {""wavelength"": 500.0, ""concentration"": 2.0, ""path_length"": 1.0, ""absorbance"": 20.0}, {""wavelength"": 500.0, ""concentration"": 1.0, ""path_length"": 1.0, ""absorbance"": 10.0}, {""wavelength"": 450.0, ""concentration"": 1.0, ""path_length"": 1.0, ""absorbance"": 9.0}]"
seq_0010__largest_target_drop_step__bar,seq_0010,largest_target_drop_step,largest_drop_step,bar,bar,"At which step does absorbance show the largest drop compared with the previous step? If it never drops, answer none.",1,step_or_none,4,False,,"{""answer"": 4}","[""/results/yao314652/home/project/outputs/visual_benchmark/qwen25vl_7b_all_modalities/images/seq_0010__largest_target_drop_step__bar/bar/step_0000.png"", ""/results/yao314652/home/project/outputs/visual_benchmark/qwen25vl_7b_all_modalities/images/seq_0010__largest_target_drop_step__bar/bar/step_0001.png"", ""/results/yao314652/home/project/outputs/visual_benchmark/qwen25vl_7b_all_modalities/images/seq_0010__largest_target_drop_step__bar/bar/step_0002.png"", ""/results/yao314652/home/project/outputs/visual_benchmark/qwen25vl_7b_all_modalities/images/seq_0010__largest_target_drop_step__bar/bar/step_0003.png"", ""/results/yao314652/home/project/outputs/visual_benchmark/qwen25vl_7b_all_modalities/images/seq_0010__largest_target_drop_step__bar/bar/step_0004.png""]","[{""wavelength"": 500.0, ""concentration"": 3.0, ""path_length"": 2.0, ""absorbance"": 60.0}, {""wavelength"": 500.0, ""concentration"": 2.0, ""path_length"": 2.0, ""absorbance"": 40.0}, {""wavelength"": 500.0, ""concentration"": 2.0, ""path_length"": 1.0, ""absorbance"": 20.0}, {""wavelength"": 500.0, ""concentration"": 1.0, ""path_length"": 1.0, ""absorbance"": 10.0}, {""wavelength"": 450.0, ""concentration"": 1.0, ""path_length"": 1.0, ""absorbance"": 9.0}]"
seq_0010__largest_target_drop_step__line,seq_0010,largest_target_drop_step,largest_drop_step,line,line,"At which step does absorbance show the largest drop compared with the previous step? If it never drops, answer none.",1,step_or_none,3,False,,"{""answer"": 3}","[""/results/yao314652/home/project/outputs/visual_benchmark/qwen25vl_7b_all_modalities/images/seq_0010__largest_target_drop_step__line/line/seq_0010__largest_target_drop_step__line_step_0000.png"", ""/results/yao314652/home/project/outputs/visual_benchmark/qwen25vl_7b_all_modalities/images/seq_0010__largest_target_drop_step__line/line/seq_0010__largest_target_drop_step__line_step_0001.png"", ""/results/yao314652/home/project/outputs/visual_benchmark/qwen25vl_7b_all_modalities/images/seq_0010__largest_target_drop_step__line/line/seq_0010__largest_target_drop_step__line_step_0002.png"", ""/results/yao314652/home/project/outputs/visual_benchmark/qwen25vl_7b_all_modalities/images/seq_0010__largest_target_drop_step__line/line/seq_0010__largest_target_drop_step__line_step_0003.png"", ""/results/yao314652/home/project/outputs/visual_benchmark/qwen25vl_7b_all_modalities/images/seq_0010__largest_target_drop_step__line/line/seq_0010__largest_target_drop_step__line_step_0004.png""]","[{""wavelength"": 500.0, ""concentration"": 3.0, ""path_length"": 2.0, ""absorbance"": 60.0}, {""wavelength"": 500.0, ""concentration"": 2.0, ""path_length"": 2.0, ""absorbance"": 40.0}, {""wavelength"": 500.0, ""concentration"": 2.0, ""path_length"": 1.0, ""absorbance"": 20.0}, {""wavelength"": 500.0, ""concentration"": 1.0, ""path_length"": 1.0, ""absorbance"": 10.0}, {""wavelength"": 450.0, ""concentration"": 1.0, ""path_length"": 1.0, ""absorbance"": 9.0}]"
seq_0010__largest_target_drop_step__scatter,seq_0010,largest_target_drop_step,largest_drop_step,scatter,scatter,"At which step does absorbance show the largest drop compared with the previous step? If it never drops, answer none.",1,step_or_none,4,False,,"{""answer"": 4}","[""/results/yao314652/home/project/outputs/visual_benchmark/qwen25vl_7b_all_modalities/images/seq_0010__largest_target_drop_step__scatter/scatter/seq_0010__largest_target_drop_step__scatter_step_0000.png"", ""/results/yao314652/home/project/outputs/visual_benchmark/qwen25vl_7b_all_modalities/images/seq_0010__largest_target_drop_step__scatter/scatter/seq_0010__largest_target_drop_step__scatter_step_0001.png"", ""/results/yao314652/home/project/outputs/visual_benchmark/qwen25vl_7b_all_modalities/images/seq_0010__largest_target_drop_step__scatter/scatter/seq_0010__largest_target_drop_step__scatter_step_0002.png"", ""/results/yao314652/home/project/outputs/visual_benchmark/qwen25vl_7b_all_modalities/images/seq_0010__largest_target_drop_step__scatter/scatter/seq_0010__largest_target_drop_step__scatter_step_0003.png"", ""/results/yao314652/home/project/outputs/visual_benchmark/qwen25vl_7b_all_modalities/images/seq_0010__largest_target_drop_step__scatter/scatter/seq_0010__largest_target_drop_step__scatter_step_0004.png""]","[{""wavelength"": 500.0, ""concentration"": 3.0, ""path_length"": 2.0, ""absorbance"": 60.0}, {""wavelength"": 500.0, ""concentration"": 2.0, ""path_length"": 2.0, ""absorbance"": 40.0}, {""wavelength"": 500.0, ""concentration"": 2.0, ""path_length"": 1.0, ""absorbance"": 20.0}, {""wavelength"": 500.0, ""concentration"": 1.0, ""path_length"": 1.0, ""absorbance"": 10.0}, {""wavelength"": 450.0, ""concentration"": 1.0, ""path_length"": 1.0, ""absorbance"": 9.0}]"
seq_0010__largest_target_drop_step__simulation,seq_0010,largest_target_drop_step,largest_drop_step,simulation,simulation,"At which step does absorbance show the largest drop compared with the previous step? If it never drops, answer none.",1,step_or_none,4,False,,"{""answer"": ""4""}","[""/results/yao314652/home/project/outputs/visual_benchmark/qwen25vl_7b_all_modalities/images/seq_0010__largest_target_drop_step__simulation/simulation/step_0000.png"", ""/results/yao314652/home/project/outputs/visual_benchmark/qwen25vl_7b_all_modalities/images/seq_0010__largest_target_drop_step__simulation/simulation/step_0001.png"", ""/results/yao314652/home/project/outputs/visual_benchmark/qwen25vl_7b_all_modalities/images/seq_0010__largest_target_drop_step__simulation/simulation/step_0002.png"", ""/results/yao314652/home/project/outputs/visual_benchmark/qwen25vl_7b_all_modalities/images/seq_0010__largest_target_drop_step__simulation/simulation/step_0003.png"", ""/results/yao314652/home/project/outputs/visual_benchmark/qwen25vl_7b_all_modalities/images/seq_0010__largest_target_drop_step__simulation/simulation/step_0004.png""]","[{""wavelength"": 500.0, ""concentration"": 3.0, ""path_length"": 2.0, ""absorbance"": 60.0}, {""wavelength"": 500.0, ""concentration"": 2.0, ""path_length"": 2.0, ""absorbance"": 40.0}, {""wavelength"": 500.0, ""concentration"": 2.0, ""path_length"": 1.0, ""absorbance"": 20.0}, {""wavelength"": 500.0, ""concentration"": 1.0, ""path_length"": 1.0, ""absorbance"": 10.0}, {""wavelength"": 450.0, ""concentration"": 1.0, ""path_length"": 1.0, ""absorbance"": 9.0}]"
seq_0011__read_last_target__text,seq_0011,read_last_target,value_at_step,text,none,What is the value of absorbance at step 4?,220.0,number,220,True,0.0,"{
    ""answer"": 220
}",[],"[{""wavelength"": 500.0, ""concentration"": 5.0, ""path_length"": 5.0, ""absorbance"": 250.0}, {""wavelength"": 500.0, ""concentration"": 5.0, ""path_length"": 4.0, ""absorbance"": 200.0}, {""wavelength"": 550.0, ""concentration"": 5.0, ""path_length"": 4.0, ""absorbance"": 220.0}, {""wavelength"": 600.0, ""concentration"": 5.0, ""path_length"": 4.0, ""absorbance"": 240.0}, {""wavelength"": 550.0, ""concentration"": 5.0, ""path_length"": 4.0, ""absorbance"": 220.0}]"
seq_0011__read_last_target__bar,seq_0011,read_last_target,value_at_step,bar,bar,What is the value of absorbance at step 4?,220.0,number,0.36,False,219.64,"```json
{
  ""answer"": 0.36
}
```","[""/results/yao314652/home/project/outputs/visual_benchmark/qwen25vl_7b_all_modalities/images/seq_0011__read_last_target__bar/bar/step_0000.png"", ""/results/yao314652/home/project/outputs/visual_benchmark/qwen25vl_7b_all_modalities/images/seq_0011__read_last_target__bar/bar/step_0001.png"", ""/results/yao314652/home/project/outputs/visual_benchmark/qwen25vl_7b_all_modalities/images/seq_0011__read_last_target__bar/bar/step_0002.png"", ""/results/yao314652/home/project/outputs/visual_benchmark/qwen25vl_7b_all_modalities/images/seq_0011__read_last_target__bar/bar/step_0003.png"", ""/results/yao314652/home/project/outputs/visual_benchmark/qwen25vl_7b_all_modalities/images/seq_0011__read_last_target__bar/bar/step_0004.png""]","[{""wavelength"": 500.0, ""concentration"": 5.0, ""path_length"": 5.0, ""absorbance"": 250.0}, {""wavelength"": 500.0, ""concentration"": 5.0, ""path_length"": 4.0, ""absorbance"": 200.0}, {""wavelength"": 550.0, ""concentration"": 5.0, ""path_length"": 4.0, ""absorbance"": 220.0}, {""wavelength"": 600.0, ""concentration"": 5.0, ""path_length"": 4.0, ""absorbance"": 240.0}, {""wavelength"": 550.0, ""concentration"": 5.0, ""path_length"": 4.0, ""absorbance"": 220.0}]"
seq_0011__read_last_target__line,seq_0011,read_last_target,value_at_step,line,line,What is the value of absorbance at step 4?,220.0,number,0.1,False,219.9,"{""answer"": 0.1}","[""/results/yao314652/home/project/outputs/visual_benchmark/qwen25vl_7b_all_modalities/images/seq_0011__read_last_target__line/line/seq_0011__read_last_target__line_step_0000.png"", ""/results/yao314652/home/project/outputs/visual_benchmark/qwen25vl_7b_all_modalities/images/seq_0011__read_last_target__line/line/seq_0011__read_last_target__line_step_0001.png"", ""/results/yao314652/home/project/outputs/visual_benchmark/qwen25vl_7b_all_modalities/images/seq_0011__read_last_target__line/line/seq_0011__read_last_target__line_step_0002.png"", ""/results/yao314652/home/project/outputs/visual_benchmark/qwen25vl_7b_all_modalities/images/seq_0011__read_last_target__line/line/seq_0011__read_last_target__line_step_0003.png"", ""/results/yao314652/home/project/outputs/visual_benchmark/qwen25vl_7b_all_modalities/images/seq_0011__read_last_target__line/line/seq_0011__read_last_target__line_step_0004.png""]","[{""wavelength"": 500.0, ""concentration"": 5.0, ""path_length"": 5.0, ""absorbance"": 250.0}, {""wavelength"": 500.0, ""concentration"": 5.0, ""path_length"": 4.0, ""absorbance"": 200.0}, {""wavelength"": 550.0, ""concentration"": 5.0, ""path_length"": 4.0, ""absorbance"": 220.0}, {""wavelength"": 600.0, ""concentration"": 5.0, ""path_length"": 4.0, ""absorbance"": 240.0}, {""wavelength"": 550.0, ""concentration"": 5.0, ""path_length"": 4.0, ""absorbance"": 220.0}]"
seq_0011__read_last_target__scatter,seq_0011,read_last_target,value_at_step,scatter,scatter,What is the value of absorbance at step 4?,220.0,number,0.3,False,219.7,"{""answer"": 0.3}","[""/results/yao314652/home/project/outputs/visual_benchmark/qwen25vl_7b_all_modalities/images/seq_0011__read_last_target__scatter/scatter/seq_0011__read_last_target__scatter_step_0000.png"", ""/results/yao314652/home/project/outputs/visual_benchmark/qwen25vl_7b_all_modalities/images/seq_0011__read_last_target__scatter/scatter/seq_0011__read_last_target__scatter_step_0001.png"", ""/results/yao314652/home/project/outputs/visual_benchmark/qwen25vl_7b_all_modalities/images/seq_0011__read_last_target__scatter/scatter/seq_0011__read_last_target__scatter_step_0002.png"", ""/results/yao314652/home/project/outputs/visual_benchmark/qwen25vl_7b_all_modalities/images/seq_0011__read_last_target__scatter/scatter/seq_0011__read_last_target__scatter_step_0003.png"", ""/results/yao314652/home/project/outputs/visual_benchmark/qwen25vl_7b_all_modalities/images/seq_0011__read_last_target__scatter/scatter/seq_0011__read_last_target__scatter_step_0004.png""]","[{""wavelength"": 500.0, ""concentration"": 5.0, ""path_length"": 5.0, ""absorbance"": 250.0}, {""wavelength"": 500.0, ""concentration"": 5.0, ""path_length"": 4.0, ""absorbance"": 200.0}, {""wavelength"": 550.0, ""concentration"": 5.0, ""path_length"": 4.0, ""absorbance"": 220.0}, {""wavelength"": 600.0, ""concentration"": 5.0, ""path_length"": 4.0, ""absorbance"": 240.0}, {""wavelength"": 550.0, ""concentration"": 5.0, ""path_length"": 4.0, ""absorbance"": 220.0}]"
seq_0011__read_last_target__simulation,seq_0011,read_last_target,value_at_step,simulation,simulation,What is the value of absorbance at step 4?,220.0,number,0.17,False,219.83,"{""answer"": 0.17}","[""/results/yao314652/home/project/outputs/visual_benchmark/qwen25vl_7b_all_modalities/images/seq_0011__read_last_target__simulation/simulation/step_0000.png"", ""/results/yao314652/home/project/outputs/visual_benchmark/qwen25vl_7b_all_modalities/images/seq_0011__read_last_target__simulation/simulation/step_0001.png"", ""/results/yao314652/home/project/outputs/visual_benchmark/qwen25vl_7b_all_modalities/images/seq_0011__read_last_target__simulation/simulation/step_0002.png"", ""/results/yao314652/home/project/outputs/visual_benchmark/qwen25vl_7b_all_modalities/images/seq_0011__read_last_target__simulation/simulation/step_0003.png"", ""/results/yao314652/home/project/outputs/visual_benchmark/qwen25vl_7b_all_modalities/images/seq_0011__read_last_target__simulation/simulation/step_0004.png""]","[{""wavelength"": 500.0, ""concentration"": 5.0, ""path_length"": 5.0, ""absorbance"": 250.0}, {""wavelength"": 500.0, ""concentration"": 5.0, ""path_length"": 4.0, ""absorbance"": 200.0}, {""wavelength"": 550.0, ""concentration"": 5.0, ""path_length"": 4.0, ""absorbance"": 220.0}, {""wavelength"": 600.0, ""concentration"": 5.0, ""path_length"": 4.0, ""absorbance"": 240.0}, {""wavelength"": 550.0, ""concentration"": 5.0, ""path_length"": 4.0, ""absorbance"": 220.0}]"
seq_0011__target_change_amount__text,seq_0011,target_change_amount,change_amount,text,none,By how much does absorbance change from step 0 to step 4?,-30.0,number,-30,True,0.0,"{
  ""answer"": -30
}",[],"[{""wavelength"": 500.0, ""concentration"": 5.0, ""path_length"": 5.0, ""absorbance"": 250.0}, {""wavelength"": 500.0, ""concentration"": 5.0, ""path_length"": 4.0, ""absorbance"": 200.0}, {""wavelength"": 550.0, ""concentration"": 5.0, ""path_length"": 4.0, ""absorbance"": 220.0}, {""wavelength"": 600.0, ""concentration"": 5.0, ""path_length"": 4.0, ""absorbance"": 240.0}, {""wavelength"": 550.0, ""concentration"": 5.0, ""path_length"": 4.0, ""absorbance"": 220.0}]"
seq_0011__target_change_amount__bar,seq_0011,target_change_amount,change_amount,bar,bar,By how much does absorbance change from step 0 to step 4?,-30.0,number,-0.3,False,29.7,"{""answer"": -0.3}","[""/results/yao314652/home/project/outputs/visual_benchmark/qwen25vl_7b_all_modalities/images/seq_0011__target_change_amount__bar/bar/step_0000.png"", ""/results/yao314652/home/project/outputs/visual_benchmark/qwen25vl_7b_all_modalities/images/seq_0011__target_change_amount__bar/bar/step_0001.png"", ""/results/yao314652/home/project/outputs/visual_benchmark/qwen25vl_7b_all_modalities/images/seq_0011__target_change_amount__bar/bar/step_0002.png"", ""/results/yao314652/home/project/outputs/visual_benchmark/qwen25vl_7b_all_modalities/images/seq_0011__target_change_amount__bar/bar/step_0003.png"", ""/results/yao314652/home/project/outputs/visual_benchmark/qwen25vl_7b_all_modalities/images/seq_0011__target_change_amount__bar/bar/step_0004.png""]","[{""wavelength"": 500.0, ""concentration"": 5.0, ""path_length"": 5.0, ""absorbance"": 250.0}, {""wavelength"": 500.0, ""concentration"": 5.0, ""path_length"": 4.0, ""absorbance"": 200.0}, {""wavelength"": 550.0, ""concentration"": 5.0, ""path_length"": 4.0, ""absorbance"": 220.0}, {""wavelength"": 600.0, ""concentration"": 5.0, ""path_length"": 4.0, ""absorbance"": 240.0}, {""wavelength"": 550.0, ""concentration"": 5.0, ""path_length"": 4.0, ""absorbance"": 220.0}]"
seq_0011__target_change_amount__line,seq_0011,target_change_amount,change_amount,line,line,By how much does absorbance change from step 0 to step 4?,-30.0,number,-2,False,28.0,"{""answer"": -2}","[""/results/yao314652/home/project/outputs/visual_benchmark/qwen25vl_7b_all_modalities/images/seq_0011__target_change_amount__line/line/seq_0011__target_change_amount__line_step_0000.png"", ""/results/yao314652/home/project/outputs/visual_benchmark/qwen25vl_7b_all_modalities/images/seq_0011__target_change_amount__line/line/seq_0011__target_change_amount__line_step_0001.png"", ""/results/yao314652/home/project/outputs/visual_benchmark/qwen25vl_7b_all_modalities/images/seq_0011__target_change_amount__line/line/seq_0011__target_change_amount__line_step_0002.png"", ""/results/yao314652/home/project/outputs/visual_benchmark/qwen25vl_7b_all_modalities/images/seq_0011__target_change_amount__line/line/seq_0011__target_change_amount__line_step_0003.png"", ""/results/yao314652/home/project/outputs/visual_benchmark/qwen25vl_7b_all_modalities/images/seq_0011__target_change_amount__line/line/seq_0011__target_change_amount__line_step_0004.png""]","[{""wavelength"": 500.0, ""concentration"": 5.0, ""path_length"": 5.0, ""absorbance"": 250.0}, {""wavelength"": 500.0, ""concentration"": 5.0, ""path_length"": 4.0, ""absorbance"": 200.0}, {""wavelength"": 550.0, ""concentration"": 5.0, ""path_length"": 4.0, ""absorbance"": 220.0}, {""wavelength"": 600.0, ""concentration"": 5.0, ""path_length"": 4.0, ""absorbance"": 240.0}, {""wavelength"": 550.0, ""concentration"": 5.0, ""path_length"": 4.0, ""absorbance"": 220.0}]"
seq_0011__target_change_amount__scatter,seq_0011,target_change_amount,change_amount,scatter,scatter,By how much does absorbance change from step 0 to step 4?,-30.0,number,-1,False,29.0,"{""answer"": -1}","[""/results/yao314652/home/project/outputs/visual_benchmark/qwen25vl_7b_all_modalities/images/seq_0011__target_change_amount__scatter/scatter/seq_0011__target_change_amount__scatter_step_0000.png"", ""/results/yao314652/home/project/outputs/visual_benchmark/qwen25vl_7b_all_modalities/images/seq_0011__target_change_amount__scatter/scatter/seq_0011__target_change_amount__scatter_step_0001.png"", ""/results/yao314652/home/project/outputs/visual_benchmark/qwen25vl_7b_all_modalities/images/seq_0011__target_change_amount__scatter/scatter/seq_0011__target_change_amount__scatter_step_0002.png"", ""/results/yao314652/home/project/outputs/visual_benchmark/qwen25vl_7b_all_modalities/images/seq_0011__target_change_amount__scatter/scatter/seq_0011__target_change_amount__scatter_step_0003.png"", ""/results/yao314652/home/project/outputs/visual_benchmark/qwen25vl_7b_all_modalities/images/seq_0011__target_change_amount__scatter/scatter/seq_0011__target_change_amount__scatter_step_0004.png""]","[{""wavelength"": 500.0, ""concentration"": 5.0, ""path_length"": 5.0, ""absorbance"": 250.0}, {""wavelength"": 500.0, ""concentration"": 5.0, ""path_length"": 4.0, ""absorbance"": 200.0}, {""wavelength"": 550.0, ""concentration"": 5.0, ""path_length"": 4.0, ""absorbance"": 220.0}, {""wavelength"": 600.0, ""concentration"": 5.0, ""path_length"": 4.0, ""absorbance"": 240.0}, {""wavelength"": 550.0, ""concentration"": 5.0, ""path_length"": 4.0, ""absorbance"": 220.0}]"
seq_0011__target_change_amount__simulation,seq_0011,target_change_amount,change_amount,simulation,simulation,By how much does absorbance change from step 0 to step 4?,-30.0,number,-0.1,False,29.9,"{""answer"": -0.1}","[""/results/yao314652/home/project/outputs/visual_benchmark/qwen25vl_7b_all_modalities/images/seq_0011__target_change_amount__simulation/simulation/step_0000.png"", ""/results/yao314652/home/project/outputs/visual_benchmark/qwen25vl_7b_all_modalities/images/seq_0011__target_change_amount__simulation/simulation/step_0001.png"", ""/results/yao314652/home/project/outputs/visual_benchmark/qwen25vl_7b_all_modalities/images/seq_0011__target_change_amount__simulation/simulation/step_0002.png"", ""/results/yao314652/home/project/outputs/visual_benchmark/qwen25vl_7b_all_modalities/images/seq_0011__target_change_amount__simulation/simulation/step_0003.png"", ""/results/yao314652/home/project/outputs/visual_benchmark/qwen25vl_7b_all_modalities/images/seq_0011__target_change_amount__simulation/simulation/step_0004.png""]","[{""wavelength"": 500.0, ""concentration"": 5.0, ""path_length"": 5.0, ""absorbance"": 250.0}, {""wavelength"": 500.0, ""concentration"": 5.0, ""path_length"": 4.0, ""absorbance"": 200.0}, {""wavelength"": 550.0, ""concentration"": 5.0, ""path_length"": 4.0, ""absorbance"": 220.0}, {""wavelength"": 600.0, ""concentration"": 5.0, ""path_length"": 4.0, ""absorbance"": 240.0}, {""wavelength"": 550.0, ""concentration"": 5.0, ""path_length"": 4.0, ""absorbance"": 220.0}]"
seq_0011__target_change_direction__text,seq_0011,target_change_direction,change_direction,text,none,"Does absorbance increase, decrease, or stay the same from step 0 to step 4?",decrease,category,decrease,True,,"{
  ""answer"": ""decrease""
}",[],"[{""wavelength"": 500.0, ""concentration"": 5.0, ""path_length"": 5.0, ""absorbance"": 250.0}, {""wavelength"": 500.0, ""concentration"": 5.0, ""path_length"": 4.0, ""absorbance"": 200.0}, {""wavelength"": 550.0, ""concentration"": 5.0, ""path_length"": 4.0, ""absorbance"": 220.0}, {""wavelength"": 600.0, ""concentration"": 5.0, ""path_length"": 4.0, ""absorbance"": 240.0}, {""wavelength"": 550.0, ""concentration"": 5.0, ""path_length"": 4.0, ""absorbance"": 220.0}]"
seq_0011__target_change_direction__bar,seq_0011,target_change_direction,change_direction,bar,bar,"Does absorbance increase, decrease, or stay the same from step 0 to step 4?",decrease,category,stay the same,False,,"{""answer"": ""stay the same""}","[""/results/yao314652/home/project/outputs/visual_benchmark/qwen25vl_7b_all_modalities/images/seq_0011__target_change_direction__bar/bar/step_0000.png"", ""/results/yao314652/home/project/outputs/visual_benchmark/qwen25vl_7b_all_modalities/images/seq_0011__target_change_direction__bar/bar/step_0001.png"", ""/results/yao314652/home/project/outputs/visual_benchmark/qwen25vl_7b_all_modalities/images/seq_0011__target_change_direction__bar/bar/step_0002.png"", ""/results/yao314652/home/project/outputs/visual_benchmark/qwen25vl_7b_all_modalities/images/seq_0011__target_change_direction__bar/bar/step_0003.png"", ""/results/yao314652/home/project/outputs/visual_benchmark/qwen25vl_7b_all_modalities/images/seq_0011__target_change_direction__bar/bar/step_0004.png""]","[{""wavelength"": 500.0, ""concentration"": 5.0, ""path_length"": 5.0, ""absorbance"": 250.0}, {""wavelength"": 500.0, ""concentration"": 5.0, ""path_length"": 4.0, ""absorbance"": 200.0}, {""wavelength"": 550.0, ""concentration"": 5.0, ""path_length"": 4.0, ""absorbance"": 220.0}, {""wavelength"": 600.0, ""concentration"": 5.0, ""path_length"": 4.0, ""absorbance"": 240.0}, {""wavelength"": 550.0, ""concentration"": 5.0, ""path_length"": 4.0, ""absorbance"": 220.0}]"
seq_0011__target_change_direction__line,seq_0011,target_change_direction,change_direction,line,line,"Does absorbance increase, decrease, or stay the same from step 0 to step 4?",decrease,category,decrease,True,,"{""answer"": ""decrease""}","[""/results/yao314652/home/project/outputs/visual_benchmark/qwen25vl_7b_all_modalities/images/seq_0011__target_change_direction__line/line/seq_0011__target_change_direction__line_step_0000.png"", ""/results/yao314652/home/project/outputs/visual_benchmark/qwen25vl_7b_all_modalities/images/seq_0011__target_change_direction__line/line/seq_0011__target_change_direction__line_step_0001.png"", ""/results/yao314652/home/project/outputs/visual_benchmark/qwen25vl_7b_all_modalities/images/seq_0011__target_change_direction__line/line/seq_0011__target_change_direction__line_step_0002.png"", ""/results/yao314652/home/project/outputs/visual_benchmark/qwen25vl_7b_all_modalities/images/seq_0011__target_change_direction__line/line/seq_0011__target_change_direction__line_step_0003.png"", ""/results/yao314652/home/project/outputs/visual_benchmark/qwen25vl_7b_all_modalities/images/seq_0011__target_change_direction__line/line/seq_0011__target_change_direction__line_step_0004.png""]","[{""wavelength"": 500.0, ""concentration"": 5.0, ""path_length"": 5.0, ""absorbance"": 250.0}, {""wavelength"": 500.0, ""concentration"": 5.0, ""path_length"": 4.0, ""absorbance"": 200.0}, {""wavelength"": 550.0, ""concentration"": 5.0, ""path_length"": 4.0, ""absorbance"": 220.0}, {""wavelength"": 600.0, ""concentration"": 5.0, ""path_length"": 4.0, ""absorbance"": 240.0}, {""wavelength"": 550.0, ""concentration"": 5.0, ""path_length"": 4.0, ""absorbance"": 220.0}]"
seq_0011__target_change_direction__scatter,seq_0011,target_change_direction,change_direction,scatter,scatter,"Does absorbance increase, decrease, or stay the same from step 0 to step 4?",decrease,category,decrease,True,,"{""answer"": ""decrease""}","[""/results/yao314652/home/project/outputs/visual_benchmark/qwen25vl_7b_all_modalities/images/seq_0011__target_change_direction__scatter/scatter/seq_0011__target_change_direction__scatter_step_0000.png"", ""/results/yao314652/home/project/outputs/visual_benchmark/qwen25vl_7b_all_modalities/images/seq_0011__target_change_direction__scatter/scatter/seq_0011__target_change_direction__scatter_step_0001.png"", ""/results/yao314652/home/project/outputs/visual_benchmark/qwen25vl_7b_all_modalities/images/seq_0011__target_change_direction__scatter/scatter/seq_0011__target_change_direction__scatter_step_0002.png"", ""/results/yao314652/home/project/outputs/visual_benchmark/qwen25vl_7b_all_modalities/images/seq_0011__target_change_direction__scatter/scatter/seq_0011__target_change_direction__scatter_step_0003.png"", ""/results/yao314652/home/project/outputs/visual_benchmark/qwen25vl_7b_all_modalities/images/seq_0011__target_change_direction__scatter/scatter/seq_0011__target_change_direction__scatter_step_0004.png""]","[{""wavelength"": 500.0, ""concentration"": 5.0, ""path_length"": 5.0, ""absorbance"": 250.0}, {""wavelength"": 500.0, ""concentration"": 5.0, ""path_length"": 4.0, ""absorbance"": 200.0}, {""wavelength"": 550.0, ""concentration"": 5.0, ""path_length"": 4.0, ""absorbance"": 220.0}, {""wavelength"": 600.0, ""concentration"": 5.0, ""path_length"": 4.0, ""absorbance"": 240.0}, {""wavelength"": 550.0, ""concentration"": 5.0, ""path_length"": 4.0, ""absorbance"": 220.0}]"
seq_0011__target_change_direction__simulation,seq_0011,target_change_direction,change_direction,simulation,simulation,"Does absorbance increase, decrease, or stay the same from step 0 to step 4?",decrease,category,decrease,True,,"{""answer"": ""decrease""}","[""/results/yao314652/home/project/outputs/visual_benchmark/qwen25vl_7b_all_modalities/images/seq_0011__target_change_direction__simulation/simulation/step_0000.png"", ""/results/yao314652/home/project/outputs/visual_benchmark/qwen25vl_7b_all_modalities/images/seq_0011__target_change_direction__simulation/simulation/step_0001.png"", ""/results/yao314652/home/project/outputs/visual_benchmark/qwen25vl_7b_all_modalities/images/seq_0011__target_change_direction__simulation/simulation/step_0002.png"", ""/results/yao314652/home/project/outputs/visual_benchmark/qwen25vl_7b_all_modalities/images/seq_0011__target_change_direction__simulation/simulation/step_0003.png"", ""/results/yao314652/home/project/outputs/visual_benchmark/qwen25vl_7b_all_modalities/images/seq_0011__target_change_direction__simulation/simulation/step_0004.png""]","[{""wavelength"": 500.0, ""concentration"": 5.0, ""path_length"": 5.0, ""absorbance"": 250.0}, {""wavelength"": 500.0, ""concentration"": 5.0, ""path_length"": 4.0, ""absorbance"": 200.0}, {""wavelength"": 550.0, ""concentration"": 5.0, ""path_length"": 4.0, ""absorbance"": 220.0}, {""wavelength"": 600.0, ""concentration"": 5.0, ""path_length"": 4.0, ""absorbance"": 240.0}, {""wavelength"": 550.0, ""concentration"": 5.0, ""path_length"": 4.0, ""absorbance"": 220.0}]"
seq_0011__changed_variable_0_to_1__text,seq_0011,changed_variable_0_to_1,changed_variable,text,none,Which input variable changed from step 0 to step 1?,path_length,category,path_length,True,,"{""answer"": ""path_length""}",[],"[{""wavelength"": 500.0, ""concentration"": 5.0, ""path_length"": 5.0, ""absorbance"": 250.0}, {""wavelength"": 500.0, ""concentration"": 5.0, ""path_length"": 4.0, ""absorbance"": 200.0}, {""wavelength"": 550.0, ""concentration"": 5.0, ""path_length"": 4.0, ""absorbance"": 220.0}, {""wavelength"": 600.0, ""concentration"": 5.0, ""path_length"": 4.0, ""absorbance"": 240.0}, {""wavelength"": 550.0, ""concentration"": 5.0, ""path_length"": 4.0, ""absorbance"": 220.0}]"
seq_0011__changed_variable_0_to_1__bar,seq_0011,changed_variable_0_to_1,changed_variable,bar,bar,Which input variable changed from step 0 to step 1?,path_length,category,same,False,,same,"[""/results/yao314652/home/project/outputs/visual_benchmark/qwen25vl_7b_all_modalities/images/seq_0011__changed_variable_0_to_1__bar/bar/step_0000.png"", ""/results/yao314652/home/project/outputs/visual_benchmark/qwen25vl_7b_all_modalities/images/seq_0011__changed_variable_0_to_1__bar/bar/step_0001.png"", ""/results/yao314652/home/project/outputs/visual_benchmark/qwen25vl_7b_all_modalities/images/seq_0011__changed_variable_0_to_1__bar/bar/step_0002.png"", ""/results/yao314652/home/project/outputs/visual_benchmark/qwen25vl_7b_all_modalities/images/seq_0011__changed_variable_0_to_1__bar/bar/step_0003.png"", ""/results/yao314652/home/project/outputs/visual_benchmark/qwen25vl_7b_all_modalities/images/seq_0011__changed_variable_0_to_1__bar/bar/step_0004.png""]","[{""wavelength"": 500.0, ""concentration"": 5.0, ""path_length"": 5.0, ""absorbance"": 250.0}, {""wavelength"": 500.0, ""concentration"": 5.0, ""path_length"": 4.0, ""absorbance"": 200.0}, {""wavelength"": 550.0, ""concentration"": 5.0, ""path_length"": 4.0, ""absorbance"": 220.0}, {""wavelength"": 600.0, ""concentration"": 5.0, ""path_length"": 4.0, ""absorbance"": 240.0}, {""wavelength"": 550.0, ""concentration"": 5.0, ""path_length"": 4.0, ""absorbance"": 220.0}]"
seq_0011__changed_variable_0_to_1__line,seq_0011,changed_variable_0_to_1,changed_variable,line,line,Which input variable changed from step 0 to step 1?,path_length,category,same,False,,"{""answer"": ""same""}","[""/results/yao314652/home/project/outputs/visual_benchmark/qwen25vl_7b_all_modalities/images/seq_0011__changed_variable_0_to_1__line/line/seq_0011__changed_variable_0_to_1__line_step_0000.png"", ""/results/yao314652/home/project/outputs/visual_benchmark/qwen25vl_7b_all_modalities/images/seq_0011__changed_variable_0_to_1__line/line/seq_0011__changed_variable_0_to_1__line_step_0001.png"", ""/results/yao314652/home/project/outputs/visual_benchmark/qwen25vl_7b_all_modalities/images/seq_0011__changed_variable_0_to_1__line/line/seq_0011__changed_variable_0_to_1__line_step_0002.png"", ""/results/yao314652/home/project/outputs/visual_benchmark/qwen25vl_7b_all_modalities/images/seq_0011__changed_variable_0_to_1__line/line/seq_0011__changed_variable_0_to_1__line_step_0003.png"", ""/results/yao314652/home/project/outputs/visual_benchmark/qwen25vl_7b_all_modalities/images/seq_0011__changed_variable_0_to_1__line/line/seq_0011__changed_variable_0_to_1__line_step_0004.png""]","[{""wavelength"": 500.0, ""concentration"": 5.0, ""path_length"": 5.0, ""absorbance"": 250.0}, {""wavelength"": 500.0, ""concentration"": 5.0, ""path_length"": 4.0, ""absorbance"": 200.0}, {""wavelength"": 550.0, ""concentration"": 5.0, ""path_length"": 4.0, ""absorbance"": 220.0}, {""wavelength"": 600.0, ""concentration"": 5.0, ""path_length"": 4.0, ""absorbance"": 240.0}, {""wavelength"": 550.0, ""concentration"": 5.0, ""path_length"": 4.0, ""absorbance"": 220.0}]"
seq_0011__changed_variable_0_to_1__scatter,seq_0011,changed_variable_0_to_1,changed_variable,scatter,scatter,Which input variable changed from step 0 to step 1?,path_length,category,increase,False,,"{""answer"": ""increase""}","[""/results/yao314652/home/project/outputs/visual_benchmark/qwen25vl_7b_all_modalities/images/seq_0011__changed_variable_0_to_1__scatter/scatter/seq_0011__changed_variable_0_to_1__scatter_step_0000.png"", ""/results/yao314652/home/project/outputs/visual_benchmark/qwen25vl_7b_all_modalities/images/seq_0011__changed_variable_0_to_1__scatter/scatter/seq_0011__changed_variable_0_to_1__scatter_step_0001.png"", ""/results/yao314652/home/project/outputs/visual_benchmark/qwen25vl_7b_all_modalities/images/seq_0011__changed_variable_0_to_1__scatter/scatter/seq_0011__changed_variable_0_to_1__scatter_step_0002.png"", ""/results/yao314652/home/project/outputs/visual_benchmark/qwen25vl_7b_all_modalities/images/seq_0011__changed_variable_0_to_1__scatter/scatter/seq_0011__changed_variable_0_to_1__scatter_step_0003.png"", ""/results/yao314652/home/project/outputs/visual_benchmark/qwen25vl_7b_all_modalities/images/seq_0011__changed_variable_0_to_1__scatter/scatter/seq_0011__changed_variable_0_to_1__scatter_step_0004.png""]","[{""wavelength"": 500.0, ""concentration"": 5.0, ""path_length"": 5.0, ""absorbance"": 250.0}, {""wavelength"": 500.0, ""concentration"": 5.0, ""path_length"": 4.0, ""absorbance"": 200.0}, {""wavelength"": 550.0, ""concentration"": 5.0, ""path_length"": 4.0, ""absorbance"": 220.0}, {""wavelength"": 600.0, ""concentration"": 5.0, ""path_length"": 4.0, ""absorbance"": 240.0}, {""wavelength"": 550.0, ""concentration"": 5.0, ""path_length"": 4.0, ""absorbance"": 220.0}]"
seq_0011__changed_variable_0_to_1__simulation,seq_0011,changed_variable_0_to_1,changed_variable,simulation,simulation,Which input variable changed from step 0 to step 1?,path_length,category,power,False,,"{""answer"": ""power""}","[""/results/yao314652/home/project/outputs/visual_benchmark/qwen25vl_7b_all_modalities/images/seq_0011__changed_variable_0_to_1__simulation/simulation/step_0000.png"", ""/results/yao314652/home/project/outputs/visual_benchmark/qwen25vl_7b_all_modalities/images/seq_0011__changed_variable_0_to_1__simulation/simulation/step_0001.png"", ""/results/yao314652/home/project/outputs/visual_benchmark/qwen25vl_7b_all_modalities/images/seq_0011__changed_variable_0_to_1__simulation/simulation/step_0002.png"", ""/results/yao314652/home/project/outputs/visual_benchmark/qwen25vl_7b_all_modalities/images/seq_0011__changed_variable_0_to_1__simulation/simulation/step_0003.png"", ""/results/yao314652/home/project/outputs/visual_benchmark/qwen25vl_7b_all_modalities/images/seq_0011__changed_variable_0_to_1__simulation/simulation/step_0004.png""]","[{""wavelength"": 500.0, ""concentration"": 5.0, ""path_length"": 5.0, ""absorbance"": 250.0}, {""wavelength"": 500.0, ""concentration"": 5.0, ""path_length"": 4.0, ""absorbance"": 200.0}, {""wavelength"": 550.0, ""concentration"": 5.0, ""path_length"": 4.0, ""absorbance"": 220.0}, {""wavelength"": 600.0, ""concentration"": 5.0, ""path_length"": 4.0, ""absorbance"": 240.0}, {""wavelength"": 550.0, ""concentration"": 5.0, ""path_length"": 4.0, ""absorbance"": 220.0}]"
seq_0011__max_target_step__text,seq_0011,max_target_step,max_step,text,none,At which step is absorbance the highest?,0,step,3,False,,"```json
{""answer"": 3}
```",[],"[{""wavelength"": 500.0, ""concentration"": 5.0, ""path_length"": 5.0, ""absorbance"": 250.0}, {""wavelength"": 500.0, ""concentration"": 5.0, ""path_length"": 4.0, ""absorbance"": 200.0}, {""wavelength"": 550.0, ""concentration"": 5.0, ""path_length"": 4.0, ""absorbance"": 220.0}, {""wavelength"": 600.0, ""concentration"": 5.0, ""path_length"": 4.0, ""absorbance"": 240.0}, {""wavelength"": 550.0, ""concentration"": 5.0, ""path_length"": 4.0, ""absorbance"": 220.0}]"
seq_0011__max_target_step__bar,seq_0011,max_target_step,max_step,bar,bar,At which step is absorbance the highest?,0,step,1,False,,"{""answer"": 1}","[""/results/yao314652/home/project/outputs/visual_benchmark/qwen25vl_7b_all_modalities/images/seq_0011__max_target_step__bar/bar/step_0000.png"", ""/results/yao314652/home/project/outputs/visual_benchmark/qwen25vl_7b_all_modalities/images/seq_0011__max_target_step__bar/bar/step_0001.png"", ""/results/yao314652/home/project/outputs/visual_benchmark/qwen25vl_7b_all_modalities/images/seq_0011__max_target_step__bar/bar/step_0002.png"", ""/results/yao314652/home/project/outputs/visual_benchmark/qwen25vl_7b_all_modalities/images/seq_0011__max_target_step__bar/bar/step_0003.png"", ""/results/yao314652/home/project/outputs/visual_benchmark/qwen25vl_7b_all_modalities/images/seq_0011__max_target_step__bar/bar/step_0004.png""]","[{""wavelength"": 500.0, ""concentration"": 5.0, ""path_length"": 5.0, ""absorbance"": 250.0}, {""wavelength"": 500.0, ""concentration"": 5.0, ""path_length"": 4.0, ""absorbance"": 200.0}, {""wavelength"": 550.0, ""concentration"": 5.0, ""path_length"": 4.0, ""absorbance"": 220.0}, {""wavelength"": 600.0, ""concentration"": 5.0, ""path_length"": 4.0, ""absorbance"": 240.0}, {""wavelength"": 550.0, ""concentration"": 5.0, ""path_length"": 4.0, ""absorbance"": 220.0}]"
seq_0011__max_target_step__line,seq_0011,max_target_step,max_step,line,line,At which step is absorbance the highest?,0,step,1,False,,"{""answer"": 1}","[""/results/yao314652/home/project/outputs/visual_benchmark/qwen25vl_7b_all_modalities/images/seq_0011__max_target_step__line/line/seq_0011__max_target_step__line_step_0000.png"", ""/results/yao314652/home/project/outputs/visual_benchmark/qwen25vl_7b_all_modalities/images/seq_0011__max_target_step__line/line/seq_0011__max_target_step__line_step_0001.png"", ""/results/yao314652/home/project/outputs/visual_benchmark/qwen25vl_7b_all_modalities/images/seq_0011__max_target_step__line/line/seq_0011__max_target_step__line_step_0002.png"", ""/results/yao314652/home/project/outputs/visual_benchmark/qwen25vl_7b_all_modalities/images/seq_0011__max_target_step__line/line/seq_0011__max_target_step__line_step_0003.png"", ""/results/yao314652/home/project/outputs/visual_benchmark/qwen25vl_7b_all_modalities/images/seq_0011__max_target_step__line/line/seq_0011__max_target_step__line_step_0004.png""]","[{""wavelength"": 500.0, ""concentration"": 5.0, ""path_length"": 5.0, ""absorbance"": 250.0}, {""wavelength"": 500.0, ""concentration"": 5.0, ""path_length"": 4.0, ""absorbance"": 200.0}, {""wavelength"": 550.0, ""concentration"": 5.0, ""path_length"": 4.0, ""absorbance"": 220.0}, {""wavelength"": 600.0, ""concentration"": 5.0, ""path_length"": 4.0, ""absorbance"": 240.0}, {""wavelength"": 550.0, ""concentration"": 5.0, ""path_length"": 4.0, ""absorbance"": 220.0}]"
seq_0011__max_target_step__scatter,seq_0011,max_target_step,max_step,scatter,scatter,At which step is absorbance the highest?,0,step,4,False,,"{""answer"": 4}","[""/results/yao314652/home/project/outputs/visual_benchmark/qwen25vl_7b_all_modalities/images/seq_0011__max_target_step__scatter/scatter/seq_0011__max_target_step__scatter_step_0000.png"", ""/results/yao314652/home/project/outputs/visual_benchmark/qwen25vl_7b_all_modalities/images/seq_0011__max_target_step__scatter/scatter/seq_0011__max_target_step__scatter_step_0001.png"", ""/results/yao314652/home/project/outputs/visual_benchmark/qwen25vl_7b_all_modalities/images/seq_0011__max_target_step__scatter/scatter/seq_0011__max_target_step__scatter_step_0002.png"", ""/results/yao314652/home/project/outputs/visual_benchmark/qwen25vl_7b_all_modalities/images/seq_0011__max_target_step__scatter/scatter/seq_0011__max_target_step__scatter_step_0003.png"", ""/results/yao314652/home/project/outputs/visual_benchmark/qwen25vl_7b_all_modalities/images/seq_0011__max_target_step__scatter/scatter/seq_0011__max_target_step__scatter_step_0004.png""]","[{""wavelength"": 500.0, ""concentration"": 5.0, ""path_length"": 5.0, ""absorbance"": 250.0}, {""wavelength"": 500.0, ""concentration"": 5.0, ""path_length"": 4.0, ""absorbance"": 200.0}, {""wavelength"": 550.0, ""concentration"": 5.0, ""path_length"": 4.0, ""absorbance"": 220.0}, {""wavelength"": 600.0, ""concentration"": 5.0, ""path_length"": 4.0, ""absorbance"": 240.0}, {""wavelength"": 550.0, ""concentration"": 5.0, ""path_length"": 4.0, ""absorbance"": 220.0}]"
seq_0011__max_target_step__simulation,seq_0011,max_target_step,max_step,simulation,simulation,At which step is absorbance the highest?,0,step,4,False,,"{""answer"": 4}","[""/results/yao314652/home/project/outputs/visual_benchmark/qwen25vl_7b_all_modalities/images/seq_0011__max_target_step__simulation/simulation/step_0000.png"", ""/results/yao314652/home/project/outputs/visual_benchmark/qwen25vl_7b_all_modalities/images/seq_0011__max_target_step__simulation/simulation/step_0001.png"", ""/results/yao314652/home/project/outputs/visual_benchmark/qwen25vl_7b_all_modalities/images/seq_0011__max_target_step__simulation/simulation/step_0002.png"", ""/results/yao314652/home/project/outputs/visual_benchmark/qwen25vl_7b_all_modalities/images/seq_0011__max_target_step__simulation/simulation/step_0003.png"", ""/results/yao314652/home/project/outputs/visual_benchmark/qwen25vl_7b_all_modalities/images/seq_0011__max_target_step__simulation/simulation/step_0004.png""]","[{""wavelength"": 500.0, ""concentration"": 5.0, ""path_length"": 5.0, ""absorbance"": 250.0}, {""wavelength"": 500.0, ""concentration"": 5.0, ""path_length"": 4.0, ""absorbance"": 200.0}, {""wavelength"": 550.0, ""concentration"": 5.0, ""path_length"": 4.0, ""absorbance"": 220.0}, {""wavelength"": 600.0, ""concentration"": 5.0, ""path_length"": 4.0, ""absorbance"": 240.0}, {""wavelength"": 550.0, ""concentration"": 5.0, ""path_length"": 4.0, ""absorbance"": 220.0}]"
seq_0011__largest_target_drop_step__text,seq_0011,largest_target_drop_step,largest_drop_step,text,none,"At which step does absorbance show the largest drop compared with the previous step? If it never drops, answer none.",1,step_or_none,none,False,,"```json
{""answer"": ""none""}
```",[],"[{""wavelength"": 500.0, ""concentration"": 5.0, ""path_length"": 5.0, ""absorbance"": 250.0}, {""wavelength"": 500.0, ""concentration"": 5.0, ""path_length"": 4.0, ""absorbance"": 200.0}, {""wavelength"": 550.0, ""concentration"": 5.0, ""path_length"": 4.0, ""absorbance"": 220.0}, {""wavelength"": 600.0, ""concentration"": 5.0, ""path_length"": 4.0, ""absorbance"": 240.0}, {""wavelength"": 550.0, ""concentration"": 5.0, ""path_length"": 4.0, ""absorbance"": 220.0}]"
seq_0011__largest_target_drop_step__bar,seq_0011,largest_target_drop_step,largest_drop_step,bar,bar,"At which step does absorbance show the largest drop compared with the previous step? If it never drops, answer none.",1,step_or_none,2,False,,"{""answer"": 2}","[""/results/yao314652/home/project/outputs/visual_benchmark/qwen25vl_7b_all_modalities/images/seq_0011__largest_target_drop_step__bar/bar/step_0000.png"", ""/results/yao314652/home/project/outputs/visual_benchmark/qwen25vl_7b_all_modalities/images/seq_0011__largest_target_drop_step__bar/bar/step_0001.png"", ""/results/yao314652/home/project/outputs/visual_benchmark/qwen25vl_7b_all_modalities/images/seq_0011__largest_target_drop_step__bar/bar/step_0002.png"", ""/results/yao314652/home/project/outputs/visual_benchmark/qwen25vl_7b_all_modalities/images/seq_0011__largest_target_drop_step__bar/bar/step_0003.png"", ""/results/yao314652/home/project/outputs/visual_benchmark/qwen25vl_7b_all_modalities/images/seq_0011__largest_target_drop_step__bar/bar/step_0004.png""]","[{""wavelength"": 500.0, ""concentration"": 5.0, ""path_length"": 5.0, ""absorbance"": 250.0}, {""wavelength"": 500.0, ""concentration"": 5.0, ""path_length"": 4.0, ""absorbance"": 200.0}, {""wavelength"": 550.0, ""concentration"": 5.0, ""path_length"": 4.0, ""absorbance"": 220.0}, {""wavelength"": 600.0, ""concentration"": 5.0, ""path_length"": 4.0, ""absorbance"": 240.0}, {""wavelength"": 550.0, ""concentration"": 5.0, ""path_length"": 4.0, ""absorbance"": 220.0}]"
seq_0011__largest_target_drop_step__line,seq_0011,largest_target_drop_step,largest_drop_step,line,line,"At which step does absorbance show the largest drop compared with the previous step? If it never drops, answer none.",1,step_or_none,4,False,,"{""answer"": 4}","[""/results/yao314652/home/project/outputs/visual_benchmark/qwen25vl_7b_all_modalities/images/seq_0011__largest_target_drop_step__line/line/seq_0011__largest_target_drop_step__line_step_0000.png"", ""/results/yao314652/home/project/outputs/visual_benchmark/qwen25vl_7b_all_modalities/images/seq_0011__largest_target_drop_step__line/line/seq_0011__largest_target_drop_step__line_step_0001.png"", ""/results/yao314652/home/project/outputs/visual_benchmark/qwen25vl_7b_all_modalities/images/seq_0011__largest_target_drop_step__line/line/seq_0011__largest_target_drop_step__line_step_0002.png"", ""/results/yao314652/home/project/outputs/visual_benchmark/qwen25vl_7b_all_modalities/images/seq_0011__largest_target_drop_step__line/line/seq_0011__largest_target_drop_step__line_step_0003.png"", ""/results/yao314652/home/project/outputs/visual_benchmark/qwen25vl_7b_all_modalities/images/seq_0011__largest_target_drop_step__line/line/seq_0011__largest_target_drop_step__line_step_0004.png""]","[{""wavelength"": 500.0, ""concentration"": 5.0, ""path_length"": 5.0, ""absorbance"": 250.0}, {""wavelength"": 500.0, ""concentration"": 5.0, ""path_length"": 4.0, ""absorbance"": 200.0}, {""wavelength"": 550.0, ""concentration"": 5.0, ""path_length"": 4.0, ""absorbance"": 220.0}, {""wavelength"": 600.0, ""concentration"": 5.0, ""path_length"": 4.0, ""absorbance"": 240.0}, {""wavelength"": 550.0, ""concentration"": 5.0, ""path_length"": 4.0, ""absorbance"": 220.0}]"
seq_0011__largest_target_drop_step__scatter,seq_0011,largest_target_drop_step,largest_drop_step,scatter,scatter,"At which step does absorbance show the largest drop compared with the previous step? If it never drops, answer none.",1,step_or_none,4,False,,"{""answer"": 4}","[""/results/yao314652/home/project/outputs/visual_benchmark/qwen25vl_7b_all_modalities/images/seq_0011__largest_target_drop_step__scatter/scatter/seq_0011__largest_target_drop_step__scatter_step_0000.png"", ""/results/yao314652/home/project/outputs/visual_benchmark/qwen25vl_7b_all_modalities/images/seq_0011__largest_target_drop_step__scatter/scatter/seq_0011__largest_target_drop_step__scatter_step_0001.png"", ""/results/yao314652/home/project/outputs/visual_benchmark/qwen25vl_7b_all_modalities/images/seq_0011__largest_target_drop_step__scatter/scatter/seq_0011__largest_target_drop_step__scatter_step_0002.png"", ""/results/yao314652/home/project/outputs/visual_benchmark/qwen25vl_7b_all_modalities/images/seq_0011__largest_target_drop_step__scatter/scatter/seq_0011__largest_target_drop_step__scatter_step_0003.png"", ""/results/yao314652/home/project/outputs/visual_benchmark/qwen25vl_7b_all_modalities/images/seq_0011__largest_target_drop_step__scatter/scatter/seq_0011__largest_target_drop_step__scatter_step_0004.png""]","[{""wavelength"": 500.0, ""concentration"": 5.0, ""path_length"": 5.0, ""absorbance"": 250.0}, {""wavelength"": 500.0, ""concentration"": 5.0, ""path_length"": 4.0, ""absorbance"": 200.0}, {""wavelength"": 550.0, ""concentration"": 5.0, ""path_length"": 4.0, ""absorbance"": 220.0}, {""wavelength"": 600.0, ""concentration"": 5.0, ""path_length"": 4.0, ""absorbance"": 240.0}, {""wavelength"": 550.0, ""concentration"": 5.0, ""path_length"": 4.0, ""absorbance"": 220.0}]"
seq_0011__largest_target_drop_step__simulation,seq_0011,largest_target_drop_step,largest_drop_step,simulation,simulation,"At which step does absorbance show the largest drop compared with the previous step? If it never drops, answer none.",1,step_or_none,4,False,,"{""answer"": ""4""}","[""/results/yao314652/home/project/outputs/visual_benchmark/qwen25vl_7b_all_modalities/images/seq_0011__largest_target_drop_step__simulation/simulation/step_0000.png"", ""/results/yao314652/home/project/outputs/visual_benchmark/qwen25vl_7b_all_modalities/images/seq_0011__largest_target_drop_step__simulation/simulation/step_0001.png"", ""/results/yao314652/home/project/outputs/visual_benchmark/qwen25vl_7b_all_modalities/images/seq_0011__largest_target_drop_step__simulation/simulation/step_0002.png"", ""/results/yao314652/home/project/outputs/visual_benchmark/qwen25vl_7b_all_modalities/images/seq_0011__largest_target_drop_step__simulation/simulation/step_0003.png"", ""/results/yao314652/home/project/outputs/visual_benchmark/qwen25vl_7b_all_modalities/images/seq_0011__largest_target_drop_step__simulation/simulation/step_0004.png""]","[{""wavelength"": 500.0, ""concentration"": 5.0, ""path_length"": 5.0, ""absorbance"": 250.0}, {""wavelength"": 500.0, ""concentration"": 5.0, ""path_length"": 4.0, ""absorbance"": 200.0}, {""wavelength"": 550.0, ""concentration"": 5.0, ""path_length"": 4.0, ""absorbance"": 220.0}, {""wavelength"": 600.0, ""concentration"": 5.0, ""path_length"": 4.0, ""absorbance"": 240.0}, {""wavelength"": 550.0, ""concentration"": 5.0, ""path_length"": 4.0, ""absorbance"": 220.0}]"
seq_0012__read_last_target__text,seq_0012,read_last_target,value_at_step,text,none,What is the value of absorbance at step 4?,54.0,number,54,True,0.0,"{""answer"": 54}",[],"[{""wavelength"": 450.0, ""concentration"": 2.0, ""path_length"": 1.0, ""absorbance"": 18.0}, {""wavelength"": 450.0, ""concentration"": 2.0, ""path_length"": 2.0, ""absorbance"": 36.0}, {""wavelength"": 450.0, ""concentration"": 1.0, ""path_length"": 2.0, ""absorbance"": 18.0}, {""wavelength"": 450.0, ""concentration"": 2.0, ""path_length"": 2.0, ""absorbance"": 36.0}, {""wavelength"": 450.0, ""concentration"": 3.0, ""path_length"": 2.0, ""absorbance"": 54.0}]"
seq_0012__read_last_target__bar,seq_0012,read_last_target,value_at_step,bar,bar,What is the value of absorbance at step 4?,54.0,number,0.6,False,53.4,"```json
{
  ""answer"": 0.6
}
```","[""/results/yao314652/home/project/outputs/visual_benchmark/qwen25vl_7b_all_modalities/images/seq_0012__read_last_target__bar/bar/step_0000.png"", ""/results/yao314652/home/project/outputs/visual_benchmark/qwen25vl_7b_all_modalities/images/seq_0012__read_last_target__bar/bar/step_0001.png"", ""/results/yao314652/home/project/outputs/visual_benchmark/qwen25vl_7b_all_modalities/images/seq_0012__read_last_target__bar/bar/step_0002.png"", ""/results/yao314652/home/project/outputs/visual_benchmark/qwen25vl_7b_all_modalities/images/seq_0012__read_last_target__bar/bar/step_0003.png"", ""/results/yao314652/home/project/outputs/visual_benchmark/qwen25vl_7b_all_modalities/images/seq_0012__read_last_target__bar/bar/step_0004.png""]","[{""wavelength"": 450.0, ""concentration"": 2.0, ""path_length"": 1.0, ""absorbance"": 18.0}, {""wavelength"": 450.0, ""concentration"": 2.0, ""path_length"": 2.0, ""absorbance"": 36.0}, {""wavelength"": 450.0, ""concentration"": 1.0, ""path_length"": 2.0, ""absorbance"": 18.0}, {""wavelength"": 450.0, ""concentration"": 2.0, ""path_length"": 2.0, ""absorbance"": 36.0}, {""wavelength"": 450.0, ""concentration"": 3.0, ""path_length"": 2.0, ""absorbance"": 54.0}]"
seq_0012__read_last_target__line,seq_0012,read_last_target,value_at_step,line,line,What is the value of absorbance at step 4?,54.0,number,0.1,False,53.9,"{""answer"": 0.1}","[""/results/yao314652/home/project/outputs/visual_benchmark/qwen25vl_7b_all_modalities/images/seq_0012__read_last_target__line/line/seq_0012__read_last_target__line_step_0000.png"", ""/results/yao314652/home/project/outputs/visual_benchmark/qwen25vl_7b_all_modalities/images/seq_0012__read_last_target__line/line/seq_0012__read_last_target__line_step_0001.png"", ""/results/yao314652/home/project/outputs/visual_benchmark/qwen25vl_7b_all_modalities/images/seq_0012__read_last_target__line/line/seq_0012__read_last_target__line_step_0002.png"", ""/results/yao314652/home/project/outputs/visual_benchmark/qwen25vl_7b_all_modalities/images/seq_0012__read_last_target__line/line/seq_0012__read_last_target__line_step_0003.png"", ""/results/yao314652/home/project/outputs/visual_benchmark/qwen25vl_7b_all_modalities/images/seq_0012__read_last_target__line/line/seq_0012__read_last_target__line_step_0004.png""]","[{""wavelength"": 450.0, ""concentration"": 2.0, ""path_length"": 1.0, ""absorbance"": 18.0}, {""wavelength"": 450.0, ""concentration"": 2.0, ""path_length"": 2.0, ""absorbance"": 36.0}, {""wavelength"": 450.0, ""concentration"": 1.0, ""path_length"": 2.0, ""absorbance"": 18.0}, {""wavelength"": 450.0, ""concentration"": 2.0, ""path_length"": 2.0, ""absorbance"": 36.0}, {""wavelength"": 450.0, ""concentration"": 3.0, ""path_length"": 2.0, ""absorbance"": 54.0}]"
seq_0012__read_last_target__scatter,seq_0012,read_last_target,value_at_step,scatter,scatter,What is the value of absorbance at step 4?,54.0,number,0.1,False,53.9,"{""answer"": 0.1}","[""/results/yao314652/home/project/outputs/visual_benchmark/qwen25vl_7b_all_modalities/images/seq_0012__read_last_target__scatter/scatter/seq_0012__read_last_target__scatter_step_0000.png"", ""/results/yao314652/home/project/outputs/visual_benchmark/qwen25vl_7b_all_modalities/images/seq_0012__read_last_target__scatter/scatter/seq_0012__read_last_target__scatter_step_0001.png"", ""/results/yao314652/home/project/outputs/visual_benchmark/qwen25vl_7b_all_modalities/images/seq_0012__read_last_target__scatter/scatter/seq_0012__read_last_target__scatter_step_0002.png"", ""/results/yao314652/home/project/outputs/visual_benchmark/qwen25vl_7b_all_modalities/images/seq_0012__read_last_target__scatter/scatter/seq_0012__read_last_target__scatter_step_0003.png"", ""/results/yao314652/home/project/outputs/visual_benchmark/qwen25vl_7b_all_modalities/images/seq_0012__read_last_target__scatter/scatter/seq_0012__read_last_target__scatter_step_0004.png""]","[{""wavelength"": 450.0, ""concentration"": 2.0, ""path_length"": 1.0, ""absorbance"": 18.0}, {""wavelength"": 450.0, ""concentration"": 2.0, ""path_length"": 2.0, ""absorbance"": 36.0}, {""wavelength"": 450.0, ""concentration"": 1.0, ""path_length"": 2.0, ""absorbance"": 18.0}, {""wavelength"": 450.0, ""concentration"": 2.0, ""path_length"": 2.0, ""absorbance"": 36.0}, {""wavelength"": 450.0, ""concentration"": 3.0, ""path_length"": 2.0, ""absorbance"": 54.0}]"
seq_0012__read_last_target__simulation,seq_0012,read_last_target,value_at_step,simulation,simulation,What is the value of absorbance at step 4?,54.0,number,0.3,False,53.7,"{""answer"": 0.3}","[""/results/yao314652/home/project/outputs/visual_benchmark/qwen25vl_7b_all_modalities/images/seq_0012__read_last_target__simulation/simulation/step_0000.png"", ""/results/yao314652/home/project/outputs/visual_benchmark/qwen25vl_7b_all_modalities/images/seq_0012__read_last_target__simulation/simulation/step_0001.png"", ""/results/yao314652/home/project/outputs/visual_benchmark/qwen25vl_7b_all_modalities/images/seq_0012__read_last_target__simulation/simulation/step_0002.png"", ""/results/yao314652/home/project/outputs/visual_benchmark/qwen25vl_7b_all_modalities/images/seq_0012__read_last_target__simulation/simulation/step_0003.png"", ""/results/yao314652/home/project/outputs/visual_benchmark/qwen25vl_7b_all_modalities/images/seq_0012__read_last_target__simulation/simulation/step_0004.png""]","[{""wavelength"": 450.0, ""concentration"": 2.0, ""path_length"": 1.0, ""absorbance"": 18.0}, {""wavelength"": 450.0, ""concentration"": 2.0, ""path_length"": 2.0, ""absorbance"": 36.0}, {""wavelength"": 450.0, ""concentration"": 1.0, ""path_length"": 2.0, ""absorbance"": 18.0}, {""wavelength"": 450.0, ""concentration"": 2.0, ""path_length"": 2.0, ""absorbance"": 36.0}, {""wavelength"": 450.0, ""concentration"": 3.0, ""path_length"": 2.0, ""absorbance"": 54.0}]"
seq_0012__target_change_amount__text,seq_0012,target_change_amount,change_amount,text,none,By how much does absorbance change from step 0 to step 4?,36.0,number,36,True,0.0,"{""answer"": 36}",[],"[{""wavelength"": 450.0, ""concentration"": 2.0, ""path_length"": 1.0, ""absorbance"": 18.0}, {""wavelength"": 450.0, ""concentration"": 2.0, ""path_length"": 2.0, ""absorbance"": 36.0}, {""wavelength"": 450.0, ""concentration"": 1.0, ""path_length"": 2.0, ""absorbance"": 18.0}, {""wavelength"": 450.0, ""concentration"": 2.0, ""path_length"": 2.0, ""absorbance"": 36.0}, {""wavelength"": 450.0, ""concentration"": 3.0, ""path_length"": 2.0, ""absorbance"": 54.0}]"
seq_0012__target_change_amount__bar,seq_0012,target_change_amount,change_amount,bar,bar,By how much does absorbance change from step 0 to step 4?,36.0,number,1.7,False,34.3,"{""answer"": 1.7}","[""/results/yao314652/home/project/outputs/visual_benchmark/qwen25vl_7b_all_modalities/images/seq_0012__target_change_amount__bar/bar/step_0000.png"", ""/results/yao314652/home/project/outputs/visual_benchmark/qwen25vl_7b_all_modalities/images/seq_0012__target_change_amount__bar/bar/step_0001.png"", ""/results/yao314652/home/project/outputs/visual_benchmark/qwen25vl_7b_all_modalities/images/seq_0012__target_change_amount__bar/bar/step_0002.png"", ""/results/yao314652/home/project/outputs/visual_benchmark/qwen25vl_7b_all_modalities/images/seq_0012__target_change_amount__bar/bar/step_0003.png"", ""/results/yao314652/home/project/outputs/visual_benchmark/qwen25vl_7b_all_modalities/images/seq_0012__target_change_amount__bar/bar/step_0004.png""]","[{""wavelength"": 450.0, ""concentration"": 2.0, ""path_length"": 1.0, ""absorbance"": 18.0}, {""wavelength"": 450.0, ""concentration"": 2.0, ""path_length"": 2.0, ""absorbance"": 36.0}, {""wavelength"": 450.0, ""concentration"": 1.0, ""path_length"": 2.0, ""absorbance"": 18.0}, {""wavelength"": 450.0, ""concentration"": 2.0, ""path_length"": 2.0, ""absorbance"": 36.0}, {""wavelength"": 450.0, ""concentration"": 3.0, ""path_length"": 2.0, ""absorbance"": 54.0}]"
seq_0012__target_change_amount__line,seq_0012,target_change_amount,change_amount,line,line,By how much does absorbance change from step 0 to step 4?,36.0,number,-0.3,False,36.3,"{""answer"": -0.3}","[""/results/yao314652/home/project/outputs/visual_benchmark/qwen25vl_7b_all_modalities/images/seq_0012__target_change_amount__line/line/seq_0012__target_change_amount__line_step_0000.png"", ""/results/yao314652/home/project/outputs/visual_benchmark/qwen25vl_7b_all_modalities/images/seq_0012__target_change_amount__line/line/seq_0012__target_change_amount__line_step_0001.png"", ""/results/yao314652/home/project/outputs/visual_benchmark/qwen25vl_7b_all_modalities/images/seq_0012__target_change_amount__line/line/seq_0012__target_change_amount__line_step_0002.png"", ""/results/yao314652/home/project/outputs/visual_benchmark/qwen25vl_7b_all_modalities/images/seq_0012__target_change_amount__line/line/seq_0012__target_change_amount__line_step_0003.png"", ""/results/yao314652/home/project/outputs/visual_benchmark/qwen25vl_7b_all_modalities/images/seq_0012__target_change_amount__line/line/seq_0012__target_change_amount__line_step_0004.png""]","[{""wavelength"": 450.0, ""concentration"": 2.0, ""path_length"": 1.0, ""absorbance"": 18.0}, {""wavelength"": 450.0, ""concentration"": 2.0, ""path_length"": 2.0, ""absorbance"": 36.0}, {""wavelength"": 450.0, ""concentration"": 1.0, ""path_length"": 2.0, ""absorbance"": 18.0}, {""wavelength"": 450.0, ""concentration"": 2.0, ""path_length"": 2.0, ""absorbance"": 36.0}, {""wavelength"": 450.0, ""concentration"": 3.0, ""path_length"": 2.0, ""absorbance"": 54.0}]"
seq_0012__target_change_amount__scatter,seq_0012,target_change_amount,change_amount,scatter,scatter,By how much does absorbance change from step 0 to step 4?,36.0,number,-0.2,False,36.2,"{""answer"": -0.2}","[""/results/yao314652/home/project/outputs/visual_benchmark/qwen25vl_7b_all_modalities/images/seq_0012__target_change_amount__scatter/scatter/seq_0012__target_change_amount__scatter_step_0000.png"", ""/results/yao314652/home/project/outputs/visual_benchmark/qwen25vl_7b_all_modalities/images/seq_0012__target_change_amount__scatter/scatter/seq_0012__target_change_amount__scatter_step_0001.png"", ""/results/yao314652/home/project/outputs/visual_benchmark/qwen25vl_7b_all_modalities/images/seq_0012__target_change_amount__scatter/scatter/seq_0012__target_change_amount__scatter_step_0002.png"", ""/results/yao314652/home/project/outputs/visual_benchmark/qwen25vl_7b_all_modalities/images/seq_0012__target_change_amount__scatter/scatter/seq_0012__target_change_amount__scatter_step_0003.png"", ""/results/yao314652/home/project/outputs/visual_benchmark/qwen25vl_7b_all_modalities/images/seq_0012__target_change_amount__scatter/scatter/seq_0012__target_change_amount__scatter_step_0004.png""]","[{""wavelength"": 450.0, ""concentration"": 2.0, ""path_length"": 1.0, ""absorbance"": 18.0}, {""wavelength"": 450.0, ""concentration"": 2.0, ""path_length"": 2.0, ""absorbance"": 36.0}, {""wavelength"": 450.0, ""concentration"": 1.0, ""path_length"": 2.0, ""absorbance"": 18.0}, {""wavelength"": 450.0, ""concentration"": 2.0, ""path_length"": 2.0, ""absorbance"": 36.0}, {""wavelength"": 450.0, ""concentration"": 3.0, ""path_length"": 2.0, ""absorbance"": 54.0}]"
seq_0012__target_change_amount__simulation,seq_0012,target_change_amount,change_amount,simulation,simulation,By how much does absorbance change from step 0 to step 4?,36.0,number,0.2,False,35.8,"{""answer"": 0.2}","[""/results/yao314652/home/project/outputs/visual_benchmark/qwen25vl_7b_all_modalities/images/seq_0012__target_change_amount__simulation/simulation/step_0000.png"", ""/results/yao314652/home/project/outputs/visual_benchmark/qwen25vl_7b_all_modalities/images/seq_0012__target_change_amount__simulation/simulation/step_0001.png"", ""/results/yao314652/home/project/outputs/visual_benchmark/qwen25vl_7b_all_modalities/images/seq_0012__target_change_amount__simulation/simulation/step_0002.png"", ""/results/yao314652/home/project/outputs/visual_benchmark/qwen25vl_7b_all_modalities/images/seq_0012__target_change_amount__simulation/simulation/step_0003.png"", ""/results/yao314652/home/project/outputs/visual_benchmark/qwen25vl_7b_all_modalities/images/seq_0012__target_change_amount__simulation/simulation/step_0004.png""]","[{""wavelength"": 450.0, ""concentration"": 2.0, ""path_length"": 1.0, ""absorbance"": 18.0}, {""wavelength"": 450.0, ""concentration"": 2.0, ""path_length"": 2.0, ""absorbance"": 36.0}, {""wavelength"": 450.0, ""concentration"": 1.0, ""path_length"": 2.0, ""absorbance"": 18.0}, {""wavelength"": 450.0, ""concentration"": 2.0, ""path_length"": 2.0, ""absorbance"": 36.0}, {""wavelength"": 450.0, ""concentration"": 3.0, ""path_length"": 2.0, ""absorbance"": 54.0}]"
seq_0012__target_change_direction__text,seq_0012,target_change_direction,change_direction,text,none,"Does absorbance increase, decrease, or stay the same from step 0 to step 4?",increase,category,increase,True,,"{
  ""answer"": ""increase""
}",[],"[{""wavelength"": 450.0, ""concentration"": 2.0, ""path_length"": 1.0, ""absorbance"": 18.0}, {""wavelength"": 450.0, ""concentration"": 2.0, ""path_length"": 2.0, ""absorbance"": 36.0}, {""wavelength"": 450.0, ""concentration"": 1.0, ""path_length"": 2.0, ""absorbance"": 18.0}, {""wavelength"": 450.0, ""concentration"": 2.0, ""path_length"": 2.0, ""absorbance"": 36.0}, {""wavelength"": 450.0, ""concentration"": 3.0, ""path_length"": 2.0, ""absorbance"": 54.0}]"
seq_0012__target_change_direction__bar,seq_0012,target_change_direction,change_direction,bar,bar,"Does absorbance increase, decrease, or stay the same from step 0 to step 4?",increase,category,increase,True,,"{""answer"": ""increase""}","[""/results/yao314652/home/project/outputs/visual_benchmark/qwen25vl_7b_all_modalities/images/seq_0012__target_change_direction__bar/bar/step_0000.png"", ""/results/yao314652/home/project/outputs/visual_benchmark/qwen25vl_7b_all_modalities/images/seq_0012__target_change_direction__bar/bar/step_0001.png"", ""/results/yao314652/home/project/outputs/visual_benchmark/qwen25vl_7b_all_modalities/images/seq_0012__target_change_direction__bar/bar/step_0002.png"", ""/results/yao314652/home/project/outputs/visual_benchmark/qwen25vl_7b_all_modalities/images/seq_0012__target_change_direction__bar/bar/step_0003.png"", ""/results/yao314652/home/project/outputs/visual_benchmark/qwen25vl_7b_all_modalities/images/seq_0012__target_change_direction__bar/bar/step_0004.png""]","[{""wavelength"": 450.0, ""concentration"": 2.0, ""path_length"": 1.0, ""absorbance"": 18.0}, {""wavelength"": 450.0, ""concentration"": 2.0, ""path_length"": 2.0, ""absorbance"": 36.0}, {""wavelength"": 450.0, ""concentration"": 1.0, ""path_length"": 2.0, ""absorbance"": 18.0}, {""wavelength"": 450.0, ""concentration"": 2.0, ""path_length"": 2.0, ""absorbance"": 36.0}, {""wavelength"": 450.0, ""concentration"": 3.0, ""path_length"": 2.0, ""absorbance"": 54.0}]"
seq_0012__target_change_direction__line,seq_0012,target_change_direction,change_direction,line,line,"Does absorbance increase, decrease, or stay the same from step 0 to step 4?",increase,category,decrease,False,,"{""answer"": ""decrease""}","[""/results/yao314652/home/project/outputs/visual_benchmark/qwen25vl_7b_all_modalities/images/seq_0012__target_change_direction__line/line/seq_0012__target_change_direction__line_step_0000.png"", ""/results/yao314652/home/project/outputs/visual_benchmark/qwen25vl_7b_all_modalities/images/seq_0012__target_change_direction__line/line/seq_0012__target_change_direction__line_step_0001.png"", ""/results/yao314652/home/project/outputs/visual_benchmark/qwen25vl_7b_all_modalities/images/seq_0012__target_change_direction__line/line/seq_0012__target_change_direction__line_step_0002.png"", ""/results/yao314652/home/project/outputs/visual_benchmark/qwen25vl_7b_all_modalities/images/seq_0012__target_change_direction__line/line/seq_0012__target_change_direction__line_step_0003.png"", ""/results/yao314652/home/project/outputs/visual_benchmark/qwen25vl_7b_all_modalities/images/seq_0012__target_change_direction__line/line/seq_0012__target_change_direction__line_step_0004.png""]","[{""wavelength"": 450.0, ""concentration"": 2.0, ""path_length"": 1.0, ""absorbance"": 18.0}, {""wavelength"": 450.0, ""concentration"": 2.0, ""path_length"": 2.0, ""absorbance"": 36.0}, {""wavelength"": 450.0, ""concentration"": 1.0, ""path_length"": 2.0, ""absorbance"": 18.0}, {""wavelength"": 450.0, ""concentration"": 2.0, ""path_length"": 2.0, ""absorbance"": 36.0}, {""wavelength"": 450.0, ""concentration"": 3.0, ""path_length"": 2.0, ""absorbance"": 54.0}]"
seq_0012__target_change_direction__scatter,seq_0012,target_change_direction,change_direction,scatter,scatter,"Does absorbance increase, decrease, or stay the same from step 0 to step 4?",increase,category,decrease,False,,"{""answer"": ""decrease""}","[""/results/yao314652/home/project/outputs/visual_benchmark/qwen25vl_7b_all_modalities/images/seq_0012__target_change_direction__scatter/scatter/seq_0012__target_change_direction__scatter_step_0000.png"", ""/results/yao314652/home/project/outputs/visual_benchmark/qwen25vl_7b_all_modalities/images/seq_0012__target_change_direction__scatter/scatter/seq_0012__target_change_direction__scatter_step_0001.png"", ""/results/yao314652/home/project/outputs/visual_benchmark/qwen25vl_7b_all_modalities/images/seq_0012__target_change_direction__scatter/scatter/seq_0012__target_change_direction__scatter_step_0002.png"", ""/results/yao314652/home/project/outputs/visual_benchmark/qwen25vl_7b_all_modalities/images/seq_0012__target_change_direction__scatter/scatter/seq_0012__target_change_direction__scatter_step_0003.png"", ""/results/yao314652/home/project/outputs/visual_benchmark/qwen25vl_7b_all_modalities/images/seq_0012__target_change_direction__scatter/scatter/seq_0012__target_change_direction__scatter_step_0004.png""]","[{""wavelength"": 450.0, ""concentration"": 2.0, ""path_length"": 1.0, ""absorbance"": 18.0}, {""wavelength"": 450.0, ""concentration"": 2.0, ""path_length"": 2.0, ""absorbance"": 36.0}, {""wavelength"": 450.0, ""concentration"": 1.0, ""path_length"": 2.0, ""absorbance"": 18.0}, {""wavelength"": 450.0, ""concentration"": 2.0, ""path_length"": 2.0, ""absorbance"": 36.0}, {""wavelength"": 450.0, ""concentration"": 3.0, ""path_length"": 2.0, ""absorbance"": 54.0}]"
seq_0012__target_change_direction__simulation,seq_0012,target_change_direction,change_direction,simulation,simulation,"Does absorbance increase, decrease, or stay the same from step 0 to step 4?",increase,category,decrease,False,,"{""answer"": ""decrease""}","[""/results/yao314652/home/project/outputs/visual_benchmark/qwen25vl_7b_all_modalities/images/seq_0012__target_change_direction__simulation/simulation/step_0000.png"", ""/results/yao314652/home/project/outputs/visual_benchmark/qwen25vl_7b_all_modalities/images/seq_0012__target_change_direction__simulation/simulation/step_0001.png"", ""/results/yao314652/home/project/outputs/visual_benchmark/qwen25vl_7b_all_modalities/images/seq_0012__target_change_direction__simulation/simulation/step_0002.png"", ""/results/yao314652/home/project/outputs/visual_benchmark/qwen25vl_7b_all_modalities/images/seq_0012__target_change_direction__simulation/simulation/step_0003.png"", ""/results/yao314652/home/project/outputs/visual_benchmark/qwen25vl_7b_all_modalities/images/seq_0012__target_change_direction__simulation/simulation/step_0004.png""]","[{""wavelength"": 450.0, ""concentration"": 2.0, ""path_length"": 1.0, ""absorbance"": 18.0}, {""wavelength"": 450.0, ""concentration"": 2.0, ""path_length"": 2.0, ""absorbance"": 36.0}, {""wavelength"": 450.0, ""concentration"": 1.0, ""path_length"": 2.0, ""absorbance"": 18.0}, {""wavelength"": 450.0, ""concentration"": 2.0, ""path_length"": 2.0, ""absorbance"": 36.0}, {""wavelength"": 450.0, ""concentration"": 3.0, ""path_length"": 2.0, ""absorbance"": 54.0}]"
seq_0012__changed_variable_0_to_1__text,seq_0012,changed_variable_0_to_1,changed_variable,text,none,Which input variable changed from step 0 to step 1?,path_length,category,path_length,True,,"{""answer"": ""path_length""}",[],"[{""wavelength"": 450.0, ""concentration"": 2.0, ""path_length"": 1.0, ""absorbance"": 18.0}, {""wavelength"": 450.0, ""concentration"": 2.0, ""path_length"": 2.0, ""absorbance"": 36.0}, {""wavelength"": 450.0, ""concentration"": 1.0, ""path_length"": 2.0, ""absorbance"": 18.0}, {""wavelength"": 450.0, ""concentration"": 2.0, ""path_length"": 2.0, ""absorbance"": 36.0}, {""wavelength"": 450.0, ""concentration"": 3.0, ""path_length"": 2.0, ""absorbance"": 54.0}]"
seq_0012__changed_variable_0_to_1__bar,seq_0012,changed_variable_0_to_1,changed_variable,bar,bar,Which input variable changed from step 0 to step 1?,path_length,category,increase,False,,increase,"[""/results/yao314652/home/project/outputs/visual_benchmark/qwen25vl_7b_all_modalities/images/seq_0012__changed_variable_0_to_1__bar/bar/step_0000.png"", ""/results/yao314652/home/project/outputs/visual_benchmark/qwen25vl_7b_all_modalities/images/seq_0012__changed_variable_0_to_1__bar/bar/step_0001.png"", ""/results/yao314652/home/project/outputs/visual_benchmark/qwen25vl_7b_all_modalities/images/seq_0012__changed_variable_0_to_1__bar/bar/step_0002.png"", ""/results/yao314652/home/project/outputs/visual_benchmark/qwen25vl_7b_all_modalities/images/seq_0012__changed_variable_0_to_1__bar/bar/step_0003.png"", ""/results/yao314652/home/project/outputs/visual_benchmark/qwen25vl_7b_all_modalities/images/seq_0012__changed_variable_0_to_1__bar/bar/step_0004.png""]","[{""wavelength"": 450.0, ""concentration"": 2.0, ""path_length"": 1.0, ""absorbance"": 18.0}, {""wavelength"": 450.0, ""concentration"": 2.0, ""path_length"": 2.0, ""absorbance"": 36.0}, {""wavelength"": 450.0, ""concentration"": 1.0, ""path_length"": 2.0, ""absorbance"": 18.0}, {""wavelength"": 450.0, ""concentration"": 2.0, ""path_length"": 2.0, ""absorbance"": 36.0}, {""wavelength"": 450.0, ""concentration"": 3.0, ""path_length"": 2.0, ""absorbance"": 54.0}]"
seq_0012__changed_variable_0_to_1__line,seq_0012,changed_variable_0_to_1,changed_variable,line,line,Which input variable changed from step 0 to step 1?,path_length,category,decrease,False,,"{
    ""answer"": ""decrease""
}","[""/results/yao314652/home/project/outputs/visual_benchmark/qwen25vl_7b_all_modalities/images/seq_0012__changed_variable_0_to_1__line/line/seq_0012__changed_variable_0_to_1__line_step_0000.png"", ""/results/yao314652/home/project/outputs/visual_benchmark/qwen25vl_7b_all_modalities/images/seq_0012__changed_variable_0_to_1__line/line/seq_0012__changed_variable_0_to_1__line_step_0001.png"", ""/results/yao314652/home/project/outputs/visual_benchmark/qwen25vl_7b_all_modalities/images/seq_0012__changed_variable_0_to_1__line/line/seq_0012__changed_variable_0_to_1__line_step_0002.png"", ""/results/yao314652/home/project/outputs/visual_benchmark/qwen25vl_7b_all_modalities/images/seq_0012__changed_variable_0_to_1__line/line/seq_0012__changed_variable_0_to_1__line_step_0003.png"", ""/results/yao314652/home/project/outputs/visual_benchmark/qwen25vl_7b_all_modalities/images/seq_0012__changed_variable_0_to_1__line/line/seq_0012__changed_variable_0_to_1__line_step_0004.png""]","[{""wavelength"": 450.0, ""concentration"": 2.0, ""path_length"": 1.0, ""absorbance"": 18.0}, {""wavelength"": 450.0, ""concentration"": 2.0, ""path_length"": 2.0, ""absorbance"": 36.0}, {""wavelength"": 450.0, ""concentration"": 1.0, ""path_length"": 2.0, ""absorbance"": 18.0}, {""wavelength"": 450.0, ""concentration"": 2.0, ""path_length"": 2.0, ""absorbance"": 36.0}, {""wavelength"": 450.0, ""concentration"": 3.0, ""path_length"": 2.0, ""absorbance"": 54.0}]"
seq_0012__changed_variable_0_to_1__scatter,seq_0012,changed_variable_0_to_1,changed_variable,scatter,scatter,Which input variable changed from step 0 to step 1?,path_length,category,x,False,,"{""answer"": ""x""}","[""/results/yao314652/home/project/outputs/visual_benchmark/qwen25vl_7b_all_modalities/images/seq_0012__changed_variable_0_to_1__scatter/scatter/seq_0012__changed_variable_0_to_1__scatter_step_0000.png"", ""/results/yao314652/home/project/outputs/visual_benchmark/qwen25vl_7b_all_modalities/images/seq_0012__changed_variable_0_to_1__scatter/scatter/seq_0012__changed_variable_0_to_1__scatter_step_0001.png"", ""/results/yao314652/home/project/outputs/visual_benchmark/qwen25vl_7b_all_modalities/images/seq_0012__changed_variable_0_to_1__scatter/scatter/seq_0012__changed_variable_0_to_1__scatter_step_0002.png"", ""/results/yao314652/home/project/outputs/visual_benchmark/qwen25vl_7b_all_modalities/images/seq_0012__changed_variable_0_to_1__scatter/scatter/seq_0012__changed_variable_0_to_1__scatter_step_0003.png"", ""/results/yao314652/home/project/outputs/visual_benchmark/qwen25vl_7b_all_modalities/images/seq_0012__changed_variable_0_to_1__scatter/scatter/seq_0012__changed_variable_0_to_1__scatter_step_0004.png""]","[{""wavelength"": 450.0, ""concentration"": 2.0, ""path_length"": 1.0, ""absorbance"": 18.0}, {""wavelength"": 450.0, ""concentration"": 2.0, ""path_length"": 2.0, ""absorbance"": 36.0}, {""wavelength"": 450.0, ""concentration"": 1.0, ""path_length"": 2.0, ""absorbance"": 18.0}, {""wavelength"": 450.0, ""concentration"": 2.0, ""path_length"": 2.0, ""absorbance"": 36.0}, {""wavelength"": 450.0, ""concentration"": 3.0, ""path_length"": 2.0, ""absorbance"": 54.0}]"
seq_0012__changed_variable_0_to_1__simulation,seq_0012,changed_variable_0_to_1,changed_variable,simulation,simulation,Which input variable changed from step 0 to step 1?,path_length,category,decrease,False,,"{""answer"": ""decrease""}","[""/results/yao314652/home/project/outputs/visual_benchmark/qwen25vl_7b_all_modalities/images/seq_0012__changed_variable_0_to_1__simulation/simulation/step_0000.png"", ""/results/yao314652/home/project/outputs/visual_benchmark/qwen25vl_7b_all_modalities/images/seq_0012__changed_variable_0_to_1__simulation/simulation/step_0001.png"", ""/results/yao314652/home/project/outputs/visual_benchmark/qwen25vl_7b_all_modalities/images/seq_0012__changed_variable_0_to_1__simulation/simulation/step_0002.png"", ""/results/yao314652/home/project/outputs/visual_benchmark/qwen25vl_7b_all_modalities/images/seq_0012__changed_variable_0_to_1__simulation/simulation/step_0003.png"", ""/results/yao314652/home/project/outputs/visual_benchmark/qwen25vl_7b_all_modalities/images/seq_0012__changed_variable_0_to_1__simulation/simulation/step_0004.png""]","[{""wavelength"": 450.0, ""concentration"": 2.0, ""path_length"": 1.0, ""absorbance"": 18.0}, {""wavelength"": 450.0, ""concentration"": 2.0, ""path_length"": 2.0, ""absorbance"": 36.0}, {""wavelength"": 450.0, ""concentration"": 1.0, ""path_length"": 2.0, ""absorbance"": 18.0}, {""wavelength"": 450.0, ""concentration"": 2.0, ""path_length"": 2.0, ""absorbance"": 36.0}, {""wavelength"": 450.0, ""concentration"": 3.0, ""path_length"": 2.0, ""absorbance"": 54.0}]"
seq_0012__max_target_step__text,seq_0012,max_target_step,max_step,text,none,At which step is absorbance the highest?,4,step,4,True,,"```json
{""answer"": 4}
```",[],"[{""wavelength"": 450.0, ""concentration"": 2.0, ""path_length"": 1.0, ""absorbance"": 18.0}, {""wavelength"": 450.0, ""concentration"": 2.0, ""path_length"": 2.0, ""absorbance"": 36.0}, {""wavelength"": 450.0, ""concentration"": 1.0, ""path_length"": 2.0, ""absorbance"": 18.0}, {""wavelength"": 450.0, ""concentration"": 2.0, ""path_length"": 2.0, ""absorbance"": 36.0}, {""wavelength"": 450.0, ""concentration"": 3.0, ""path_length"": 2.0, ""absorbance"": 54.0}]"
seq_0012__max_target_step__bar,seq_0012,max_target_step,max_step,bar,bar,At which step is absorbance the highest?,4,step,4,True,,"{""answer"": 4}","[""/results/yao314652/home/project/outputs/visual_benchmark/qwen25vl_7b_all_modalities/images/seq_0012__max_target_step__bar/bar/step_0000.png"", ""/results/yao314652/home/project/outputs/visual_benchmark/qwen25vl_7b_all_modalities/images/seq_0012__max_target_step__bar/bar/step_0001.png"", ""/results/yao314652/home/project/outputs/visual_benchmark/qwen25vl_7b_all_modalities/images/seq_0012__max_target_step__bar/bar/step_0002.png"", ""/results/yao314652/home/project/outputs/visual_benchmark/qwen25vl_7b_all_modalities/images/seq_0012__max_target_step__bar/bar/step_0003.png"", ""/results/yao314652/home/project/outputs/visual_benchmark/qwen25vl_7b_all_modalities/images/seq_0012__max_target_step__bar/bar/step_0004.png""]","[{""wavelength"": 450.0, ""concentration"": 2.0, ""path_length"": 1.0, ""absorbance"": 18.0}, {""wavelength"": 450.0, ""concentration"": 2.0, ""path_length"": 2.0, ""absorbance"": 36.0}, {""wavelength"": 450.0, ""concentration"": 1.0, ""path_length"": 2.0, ""absorbance"": 18.0}, {""wavelength"": 450.0, ""concentration"": 2.0, ""path_length"": 2.0, ""absorbance"": 36.0}, {""wavelength"": 450.0, ""concentration"": 3.0, ""path_length"": 2.0, ""absorbance"": 54.0}]"
seq_0012__max_target_step__line,seq_0012,max_target_step,max_step,line,line,At which step is absorbance the highest?,4,step,3,False,,"{""answer"": 3}","[""/results/yao314652/home/project/outputs/visual_benchmark/qwen25vl_7b_all_modalities/images/seq_0012__max_target_step__line/line/seq_0012__max_target_step__line_step_0000.png"", ""/results/yao314652/home/project/outputs/visual_benchmark/qwen25vl_7b_all_modalities/images/seq_0012__max_target_step__line/line/seq_0012__max_target_step__line_step_0001.png"", ""/results/yao314652/home/project/outputs/visual_benchmark/qwen25vl_7b_all_modalities/images/seq_0012__max_target_step__line/line/seq_0012__max_target_step__line_step_0002.png"", ""/results/yao314652/home/project/outputs/visual_benchmark/qwen25vl_7b_all_modalities/images/seq_0012__max_target_step__line/line/seq_0012__max_target_step__line_step_0003.png"", ""/results/yao314652/home/project/outputs/visual_benchmark/qwen25vl_7b_all_modalities/images/seq_0012__max_target_step__line/line/seq_0012__max_target_step__line_step_0004.png""]","[{""wavelength"": 450.0, ""concentration"": 2.0, ""path_length"": 1.0, ""absorbance"": 18.0}, {""wavelength"": 450.0, ""concentration"": 2.0, ""path_length"": 2.0, ""absorbance"": 36.0}, {""wavelength"": 450.0, ""concentration"": 1.0, ""path_length"": 2.0, ""absorbance"": 18.0}, {""wavelength"": 450.0, ""concentration"": 2.0, ""path_length"": 2.0, ""absorbance"": 36.0}, {""wavelength"": 450.0, ""concentration"": 3.0, ""path_length"": 2.0, ""absorbance"": 54.0}]"
seq_0012__max_target_step__scatter,seq_0012,max_target_step,max_step,scatter,scatter,At which step is absorbance the highest?,4,step,1,False,,"{""answer"": 1}","[""/results/yao314652/home/project/outputs/visual_benchmark/qwen25vl_7b_all_modalities/images/seq_0012__max_target_step__scatter/scatter/seq_0012__max_target_step__scatter_step_0000.png"", ""/results/yao314652/home/project/outputs/visual_benchmark/qwen25vl_7b_all_modalities/images/seq_0012__max_target_step__scatter/scatter/seq_0012__max_target_step__scatter_step_0001.png"", ""/results/yao314652/home/project/outputs/visual_benchmark/qwen25vl_7b_all_modalities/images/seq_0012__max_target_step__scatter/scatter/seq_0012__max_target_step__scatter_step_0002.png"", ""/results/yao314652/home/project/outputs/visual_benchmark/qwen25vl_7b_all_modalities/images/seq_0012__max_target_step__scatter/scatter/seq_0012__max_target_step__scatter_step_0003.png"", ""/results/yao314652/home/project/outputs/visual_benchmark/qwen25vl_7b_all_modalities/images/seq_0012__max_target_step__scatter/scatter/seq_0012__max_target_step__scatter_step_0004.png""]","[{""wavelength"": 450.0, ""concentration"": 2.0, ""path_length"": 1.0, ""absorbance"": 18.0}, {""wavelength"": 450.0, ""concentration"": 2.0, ""path_length"": 2.0, ""absorbance"": 36.0}, {""wavelength"": 450.0, ""concentration"": 1.0, ""path_length"": 2.0, ""absorbance"": 18.0}, {""wavelength"": 450.0, ""concentration"": 2.0, ""path_length"": 2.0, ""absorbance"": 36.0}, {""wavelength"": 450.0, ""concentration"": 3.0, ""path_length"": 2.0, ""absorbance"": 54.0}]"
seq_0012__max_target_step__simulation,seq_0012,max_target_step,max_step,simulation,simulation,At which step is absorbance the highest?,4,step,4,True,,"{""answer"": 4}","[""/results/yao314652/home/project/outputs/visual_benchmark/qwen25vl_7b_all_modalities/images/seq_0012__max_target_step__simulation/simulation/step_0000.png"", ""/results/yao314652/home/project/outputs/visual_benchmark/qwen25vl_7b_all_modalities/images/seq_0012__max_target_step__simulation/simulation/step_0001.png"", ""/results/yao314652/home/project/outputs/visual_benchmark/qwen25vl_7b_all_modalities/images/seq_0012__max_target_step__simulation/simulation/step_0002.png"", ""/results/yao314652/home/project/outputs/visual_benchmark/qwen25vl_7b_all_modalities/images/seq_0012__max_target_step__simulation/simulation/step_0003.png"", ""/results/yao314652/home/project/outputs/visual_benchmark/qwen25vl_7b_all_modalities/images/seq_0012__max_target_step__simulation/simulation/step_0004.png""]","[{""wavelength"": 450.0, ""concentration"": 2.0, ""path_length"": 1.0, ""absorbance"": 18.0}, {""wavelength"": 450.0, ""concentration"": 2.0, ""path_length"": 2.0, ""absorbance"": 36.0}, {""wavelength"": 450.0, ""concentration"": 1.0, ""path_length"": 2.0, ""absorbance"": 18.0}, {""wavelength"": 450.0, ""concentration"": 2.0, ""path_length"": 2.0, ""absorbance"": 36.0}, {""wavelength"": 450.0, ""concentration"": 3.0, ""path_length"": 2.0, ""absorbance"": 54.0}]"
seq_0012__largest_target_drop_step__text,seq_0012,largest_target_drop_step,largest_drop_step,text,none,"At which step does absorbance show the largest drop compared with the previous step? If it never drops, answer none.",2,step_or_none,none,False,,"```json
{""answer"": ""none""}
```",[],"[{""wavelength"": 450.0, ""concentration"": 2.0, ""path_length"": 1.0, ""absorbance"": 18.0}, {""wavelength"": 450.0, ""concentration"": 2.0, ""path_length"": 2.0, ""absorbance"": 36.0}, {""wavelength"": 450.0, ""concentration"": 1.0, ""path_length"": 2.0, ""absorbance"": 18.0}, {""wavelength"": 450.0, ""concentration"": 2.0, ""path_length"": 2.0, ""absorbance"": 36.0}, {""wavelength"": 450.0, ""concentration"": 3.0, ""path_length"": 2.0, ""absorbance"": 54.0}]"
seq_0012__largest_target_drop_step__bar,seq_0012,largest_target_drop_step,largest_drop_step,bar,bar,"At which step does absorbance show the largest drop compared with the previous step? If it never drops, answer none.",2,step_or_none,1,False,,"{""answer"": 1}","[""/results/yao314652/home/project/outputs/visual_benchmark/qwen25vl_7b_all_modalities/images/seq_0012__largest_target_drop_step__bar/bar/step_0000.png"", ""/results/yao314652/home/project/outputs/visual_benchmark/qwen25vl_7b_all_modalities/images/seq_0012__largest_target_drop_step__bar/bar/step_0001.png"", ""/results/yao314652/home/project/outputs/visual_benchmark/qwen25vl_7b_all_modalities/images/seq_0012__largest_target_drop_step__bar/bar/step_0002.png"", ""/results/yao314652/home/project/outputs/visual_benchmark/qwen25vl_7b_all_modalities/images/seq_0012__largest_target_drop_step__bar/bar/step_0003.png"", ""/results/yao314652/home/project/outputs/visual_benchmark/qwen25vl_7b_all_modalities/images/seq_0012__largest_target_drop_step__bar/bar/step_0004.png""]","[{""wavelength"": 450.0, ""concentration"": 2.0, ""path_length"": 1.0, ""absorbance"": 18.0}, {""wavelength"": 450.0, ""concentration"": 2.0, ""path_length"": 2.0, ""absorbance"": 36.0}, {""wavelength"": 450.0, ""concentration"": 1.0, ""path_length"": 2.0, ""absorbance"": 18.0}, {""wavelength"": 450.0, ""concentration"": 2.0, ""path_length"": 2.0, ""absorbance"": 36.0}, {""wavelength"": 450.0, ""concentration"": 3.0, ""path_length"": 2.0, ""absorbance"": 54.0}]"
seq_0012__largest_target_drop_step__line,seq_0012,largest_target_drop_step,largest_drop_step,line,line,"At which step does absorbance show the largest drop compared with the previous step? If it never drops, answer none.",2,step_or_none,3,False,,"{""answer"": 3}","[""/results/yao314652/home/project/outputs/visual_benchmark/qwen25vl_7b_all_modalities/images/seq_0012__largest_target_drop_step__line/line/seq_0012__largest_target_drop_step__line_step_0000.png"", ""/results/yao314652/home/project/outputs/visual_benchmark/qwen25vl_7b_all_modalities/images/seq_0012__largest_target_drop_step__line/line/seq_0012__largest_target_drop_step__line_step_0001.png"", ""/results/yao314652/home/project/outputs/visual_benchmark/qwen25vl_7b_all_modalities/images/seq_0012__largest_target_drop_step__line/line/seq_0012__largest_target_drop_step__line_step_0002.png"", ""/results/yao314652/home/project/outputs/visual_benchmark/qwen25vl_7b_all_modalities/images/seq_0012__largest_target_drop_step__line/line/seq_0012__largest_target_drop_step__line_step_0003.png"", ""/results/yao314652/home/project/outputs/visual_benchmark/qwen25vl_7b_all_modalities/images/seq_0012__largest_target_drop_step__line/line/seq_0012__largest_target_drop_step__line_step_0004.png""]","[{""wavelength"": 450.0, ""concentration"": 2.0, ""path_length"": 1.0, ""absorbance"": 18.0}, {""wavelength"": 450.0, ""concentration"": 2.0, ""path_length"": 2.0, ""absorbance"": 36.0}, {""wavelength"": 450.0, ""concentration"": 1.0, ""path_length"": 2.0, ""absorbance"": 18.0}, {""wavelength"": 450.0, ""concentration"": 2.0, ""path_length"": 2.0, ""absorbance"": 36.0}, {""wavelength"": 450.0, ""concentration"": 3.0, ""path_length"": 2.0, ""absorbance"": 54.0}]"
seq_0012__largest_target_drop_step__scatter,seq_0012,largest_target_drop_step,largest_drop_step,scatter,scatter,"At which step does absorbance show the largest drop compared with the previous step? If it never drops, answer none.",2,step_or_none,none,False,,"{""answer"": ""none""}","[""/results/yao314652/home/project/outputs/visual_benchmark/qwen25vl_7b_all_modalities/images/seq_0012__largest_target_drop_step__scatter/scatter/seq_0012__largest_target_drop_step__scatter_step_0000.png"", ""/results/yao314652/home/project/outputs/visual_benchmark/qwen25vl_7b_all_modalities/images/seq_0012__largest_target_drop_step__scatter/scatter/seq_0012__largest_target_drop_step__scatter_step_0001.png"", ""/results/yao314652/home/project/outputs/visual_benchmark/qwen25vl_7b_all_modalities/images/seq_0012__largest_target_drop_step__scatter/scatter/seq_0012__largest_target_drop_step__scatter_step_0002.png"", ""/results/yao314652/home/project/outputs/visual_benchmark/qwen25vl_7b_all_modalities/images/seq_0012__largest_target_drop_step__scatter/scatter/seq_0012__largest_target_drop_step__scatter_step_0003.png"", ""/results/yao314652/home/project/outputs/visual_benchmark/qwen25vl_7b_all_modalities/images/seq_0012__largest_target_drop_step__scatter/scatter/seq_0012__largest_target_drop_step__scatter_step_0004.png""]","[{""wavelength"": 450.0, ""concentration"": 2.0, ""path_length"": 1.0, ""absorbance"": 18.0}, {""wavelength"": 450.0, ""concentration"": 2.0, ""path_length"": 2.0, ""absorbance"": 36.0}, {""wavelength"": 450.0, ""concentration"": 1.0, ""path_length"": 2.0, ""absorbance"": 18.0}, {""wavelength"": 450.0, ""concentration"": 2.0, ""path_length"": 2.0, ""absorbance"": 36.0}, {""wavelength"": 450.0, ""concentration"": 3.0, ""path_length"": 2.0, ""absorbance"": 54.0}]"
seq_0012__largest_target_drop_step__simulation,seq_0012,largest_target_drop_step,largest_drop_step,simulation,simulation,"At which step does absorbance show the largest drop compared with the previous step? If it never drops, answer none.",2,step_or_none,2,True,,"{""answer"": 2}","[""/results/yao314652/home/project/outputs/visual_benchmark/qwen25vl_7b_all_modalities/images/seq_0012__largest_target_drop_step__simulation/simulation/step_0000.png"", ""/results/yao314652/home/project/outputs/visual_benchmark/qwen25vl_7b_all_modalities/images/seq_0012__largest_target_drop_step__simulation/simulation/step_0001.png"", ""/results/yao314652/home/project/outputs/visual_benchmark/qwen25vl_7b_all_modalities/images/seq_0012__largest_target_drop_step__simulation/simulation/step_0002.png"", ""/results/yao314652/home/project/outputs/visual_benchmark/qwen25vl_7b_all_modalities/images/seq_0012__largest_target_drop_step__simulation/simulation/step_0003.png"", ""/results/yao314652/home/project/outputs/visual_benchmark/qwen25vl_7b_all_modalities/images/seq_0012__largest_target_drop_step__simulation/simulation/step_0004.png""]","[{""wavelength"": 450.0, ""concentration"": 2.0, ""path_length"": 1.0, ""absorbance"": 18.0}, {""wavelength"": 450.0, ""concentration"": 2.0, ""path_length"": 2.0, ""absorbance"": 36.0}, {""wavelength"": 450.0, ""concentration"": 1.0, ""path_length"": 2.0, ""absorbance"": 18.0}, {""wavelength"": 450.0, ""concentration"": 2.0, ""path_length"": 2.0, ""absorbance"": 36.0}, {""wavelength"": 450.0, ""concentration"": 3.0, ""path_length"": 2.0, ""absorbance"": 54.0}]"
seq_0013__read_last_target__text,seq_0013,read_last_target,value_at_step,text,none,What is the value of absorbance at step 4?,81.0,number,81,True,0.0,"{""answer"": 81}",[],"[{""wavelength"": 400.0, ""concentration"": 5.0, ""path_length"": 2.0, ""absorbance"": 80.0}, {""wavelength"": 450.0, ""concentration"": 5.0, ""path_length"": 2.0, ""absorbance"": 90.0}, {""wavelength"": 450.0, ""concentration"": 4.0, ""path_length"": 2.0, ""absorbance"": 72.0}, {""wavelength"": 450.0, ""concentration"": 4.0, ""path_length"": 3.0, ""absorbance"": 108.0}, {""wavelength"": 450.0, ""concentration"": 3.0, ""path_length"": 3.0, ""absorbance"": 81.0}]"
seq_0013__read_last_target__bar,seq_0013,read_last_target,value_at_step,bar,bar,What is the value of absorbance at step 4?,81.0,number,0.3,False,80.7,"```json
{""answer"": 0.3}
```","[""/results/yao314652/home/project/outputs/visual_benchmark/qwen25vl_7b_all_modalities/images/seq_0013__read_last_target__bar/bar/step_0000.png"", ""/results/yao314652/home/project/outputs/visual_benchmark/qwen25vl_7b_all_modalities/images/seq_0013__read_last_target__bar/bar/step_0001.png"", ""/results/yao314652/home/project/outputs/visual_benchmark/qwen25vl_7b_all_modalities/images/seq_0013__read_last_target__bar/bar/step_0002.png"", ""/results/yao314652/home/project/outputs/visual_benchmark/qwen25vl_7b_all_modalities/images/seq_0013__read_last_target__bar/bar/step_0003.png"", ""/results/yao314652/home/project/outputs/visual_benchmark/qwen25vl_7b_all_modalities/images/seq_0013__read_last_target__bar/bar/step_0004.png""]","[{""wavelength"": 400.0, ""concentration"": 5.0, ""path_length"": 2.0, ""absorbance"": 80.0}, {""wavelength"": 450.0, ""concentration"": 5.0, ""path_length"": 2.0, ""absorbance"": 90.0}, {""wavelength"": 450.0, ""concentration"": 4.0, ""path_length"": 2.0, ""absorbance"": 72.0}, {""wavelength"": 450.0, ""concentration"": 4.0, ""path_length"": 3.0, ""absorbance"": 108.0}, {""wavelength"": 450.0, ""concentration"": 3.0, ""path_length"": 3.0, ""absorbance"": 81.0}]"
seq_0013__read_last_target__line,seq_0013,read_last_target,value_at_step,line,line,What is the value of absorbance at step 4?,81.0,number,0.3,False,80.7,"```json
{""answer"": 0.3}
```","[""/results/yao314652/home/project/outputs/visual_benchmark/qwen25vl_7b_all_modalities/images/seq_0013__read_last_target__line/line/seq_0013__read_last_target__line_step_0000.png"", ""/results/yao314652/home/project/outputs/visual_benchmark/qwen25vl_7b_all_modalities/images/seq_0013__read_last_target__line/line/seq_0013__read_last_target__line_step_0001.png"", ""/results/yao314652/home/project/outputs/visual_benchmark/qwen25vl_7b_all_modalities/images/seq_0013__read_last_target__line/line/seq_0013__read_last_target__line_step_0002.png"", ""/results/yao314652/home/project/outputs/visual_benchmark/qwen25vl_7b_all_modalities/images/seq_0013__read_last_target__line/line/seq_0013__read_last_target__line_step_0003.png"", ""/results/yao314652/home/project/outputs/visual_benchmark/qwen25vl_7b_all_modalities/images/seq_0013__read_last_target__line/line/seq_0013__read_last_target__line_step_0004.png""]","[{""wavelength"": 400.0, ""concentration"": 5.0, ""path_length"": 2.0, ""absorbance"": 80.0}, {""wavelength"": 450.0, ""concentration"": 5.0, ""path_length"": 2.0, ""absorbance"": 90.0}, {""wavelength"": 450.0, ""concentration"": 4.0, ""path_length"": 2.0, ""absorbance"": 72.0}, {""wavelength"": 450.0, ""concentration"": 4.0, ""path_length"": 3.0, ""absorbance"": 108.0}, {""wavelength"": 450.0, ""concentration"": 3.0, ""path_length"": 3.0, ""absorbance"": 81.0}]"
seq_0013__read_last_target__scatter,seq_0013,read_last_target,value_at_step,scatter,scatter,What is the value of absorbance at step 4?,81.0,number,0.18,False,80.82,"{""answer"": 0.18}","[""/results/yao314652/home/project/outputs/visual_benchmark/qwen25vl_7b_all_modalities/images/seq_0013__read_last_target__scatter/scatter/seq_0013__read_last_target__scatter_step_0000.png"", ""/results/yao314652/home/project/outputs/visual_benchmark/qwen25vl_7b_all_modalities/images/seq_0013__read_last_target__scatter/scatter/seq_0013__read_last_target__scatter_step_0001.png"", ""/results/yao314652/home/project/outputs/visual_benchmark/qwen25vl_7b_all_modalities/images/seq_0013__read_last_target__scatter/scatter/seq_0013__read_last_target__scatter_step_0002.png"", ""/results/yao314652/home/project/outputs/visual_benchmark/qwen25vl_7b_all_modalities/images/seq_0013__read_last_target__scatter/scatter/seq_0013__read_last_target__scatter_step_0003.png"", ""/results/yao314652/home/project/outputs/visual_benchmark/qwen25vl_7b_all_modalities/images/seq_0013__read_last_target__scatter/scatter/seq_0013__read_last_target__scatter_step_0004.png""]","[{""wavelength"": 400.0, ""concentration"": 5.0, ""path_length"": 2.0, ""absorbance"": 80.0}, {""wavelength"": 450.0, ""concentration"": 5.0, ""path_length"": 2.0, ""absorbance"": 90.0}, {""wavelength"": 450.0, ""concentration"": 4.0, ""path_length"": 2.0, ""absorbance"": 72.0}, {""wavelength"": 450.0, ""concentration"": 4.0, ""path_length"": 3.0, ""absorbance"": 108.0}, {""wavelength"": 450.0, ""concentration"": 3.0, ""path_length"": 3.0, ""absorbance"": 81.0}]"
seq_0013__read_last_target__simulation,seq_0013,read_last_target,value_at_step,simulation,simulation,What is the value of absorbance at step 4?,81.0,number,1,False,80.0,"{""answer"": 1}","[""/results/yao314652/home/project/outputs/visual_benchmark/qwen25vl_7b_all_modalities/images/seq_0013__read_last_target__simulation/simulation/step_0000.png"", ""/results/yao314652/home/project/outputs/visual_benchmark/qwen25vl_7b_all_modalities/images/seq_0013__read_last_target__simulation/simulation/step_0001.png"", ""/results/yao314652/home/project/outputs/visual_benchmark/qwen25vl_7b_all_modalities/images/seq_0013__read_last_target__simulation/simulation/step_0002.png"", ""/results/yao314652/home/project/outputs/visual_benchmark/qwen25vl_7b_all_modalities/images/seq_0013__read_last_target__simulation/simulation/step_0003.png"", ""/results/yao314652/home/project/outputs/visual_benchmark/qwen25vl_7b_all_modalities/images/seq_0013__read_last_target__simulation/simulation/step_0004.png""]","[{""wavelength"": 400.0, ""concentration"": 5.0, ""path_length"": 2.0, ""absorbance"": 80.0}, {""wavelength"": 450.0, ""concentration"": 5.0, ""path_length"": 2.0, ""absorbance"": 90.0}, {""wavelength"": 450.0, ""concentration"": 4.0, ""path_length"": 2.0, ""absorbance"": 72.0}, {""wavelength"": 450.0, ""concentration"": 4.0, ""path_length"": 3.0, ""absorbance"": 108.0}, {""wavelength"": 450.0, ""concentration"": 3.0, ""path_length"": 3.0, ""absorbance"": 81.0}]"
seq_0013__target_change_amount__text,seq_0013,target_change_amount,change_amount,text,none,By how much does absorbance change from step 0 to step 4?,1.0,number,-19,False,20.0,"{""answer"": -19}",[],"[{""wavelength"": 400.0, ""concentration"": 5.0, ""path_length"": 2.0, ""absorbance"": 80.0}, {""wavelength"": 450.0, ""concentration"": 5.0, ""path_length"": 2.0, ""absorbance"": 90.0}, {""wavelength"": 450.0, ""concentration"": 4.0, ""path_length"": 2.0, ""absorbance"": 72.0}, {""wavelength"": 450.0, ""concentration"": 4.0, ""path_length"": 3.0, ""absorbance"": 108.0}, {""wavelength"": 450.0, ""concentration"": 3.0, ""path_length"": 3.0, ""absorbance"": 81.0}]"
seq_0013__target_change_amount__bar,seq_0013,target_change_amount,change_amount,bar,bar,By how much does absorbance change from step 0 to step 4?,1.0,number,-1,False,2.0,"{""answer"": -1}","[""/results/yao314652/home/project/outputs/visual_benchmark/qwen25vl_7b_all_modalities/images/seq_0013__target_change_amount__bar/bar/step_0000.png"", ""/results/yao314652/home/project/outputs/visual_benchmark/qwen25vl_7b_all_modalities/images/seq_0013__target_change_amount__bar/bar/step_0001.png"", ""/results/yao314652/home/project/outputs/visual_benchmark/qwen25vl_7b_all_modalities/images/seq_0013__target_change_amount__bar/bar/step_0002.png"", ""/results/yao314652/home/project/outputs/visual_benchmark/qwen25vl_7b_all_modalities/images/seq_0013__target_change_amount__bar/bar/step_0003.png"", ""/results/yao314652/home/project/outputs/visual_benchmark/qwen25vl_7b_all_modalities/images/seq_0013__target_change_amount__bar/bar/step_0004.png""]","[{""wavelength"": 400.0, ""concentration"": 5.0, ""path_length"": 2.0, ""absorbance"": 80.0}, {""wavelength"": 450.0, ""concentration"": 5.0, ""path_length"": 2.0, ""absorbance"": 90.0}, {""wavelength"": 450.0, ""concentration"": 4.0, ""path_length"": 2.0, ""absorbance"": 72.0}, {""wavelength"": 450.0, ""concentration"": 4.0, ""path_length"": 3.0, ""absorbance"": 108.0}, {""wavelength"": 450.0, ""concentration"": 3.0, ""path_length"": 3.0, ""absorbance"": 81.0}]"
seq_0013__target_change_amount__line,seq_0013,target_change_amount,change_amount,line,line,By how much does absorbance change from step 0 to step 4?,1.0,number,-0.1,False,1.1,"{""answer"": -0.1}","[""/results/yao314652/home/project/outputs/visual_benchmark/qwen25vl_7b_all_modalities/images/seq_0013__target_change_amount__line/line/seq_0013__target_change_amount__line_step_0000.png"", ""/results/yao314652/home/project/outputs/visual_benchmark/qwen25vl_7b_all_modalities/images/seq_0013__target_change_amount__line/line/seq_0013__target_change_amount__line_step_0001.png"", ""/results/yao314652/home/project/outputs/visual_benchmark/qwen25vl_7b_all_modalities/images/seq_0013__target_change_amount__line/line/seq_0013__target_change_amount__line_step_0002.png"", ""/results/yao314652/home/project/outputs/visual_benchmark/qwen25vl_7b_all_modalities/images/seq_0013__target_change_amount__line/line/seq_0013__target_change_amount__line_step_0003.png"", ""/results/yao314652/home/project/outputs/visual_benchmark/qwen25vl_7b_all_modalities/images/seq_0013__target_change_amount__line/line/seq_0013__target_change_amount__line_step_0004.png""]","[{""wavelength"": 400.0, ""concentration"": 5.0, ""path_length"": 2.0, ""absorbance"": 80.0}, {""wavelength"": 450.0, ""concentration"": 5.0, ""path_length"": 2.0, ""absorbance"": 90.0}, {""wavelength"": 450.0, ""concentration"": 4.0, ""path_length"": 2.0, ""absorbance"": 72.0}, {""wavelength"": 450.0, ""concentration"": 4.0, ""path_length"": 3.0, ""absorbance"": 108.0}, {""wavelength"": 450.0, ""concentration"": 3.0, ""path_length"": 3.0, ""absorbance"": 81.0}]"
seq_0013__target_change_amount__scatter,seq_0013,target_change_amount,change_amount,scatter,scatter,By how much does absorbance change from step 0 to step 4?,1.0,number,-1.2,False,2.2,"{""answer"": -1.2}","[""/results/yao314652/home/project/outputs/visual_benchmark/qwen25vl_7b_all_modalities/images/seq_0013__target_change_amount__scatter/scatter/seq_0013__target_change_amount__scatter_step_0000.png"", ""/results/yao314652/home/project/outputs/visual_benchmark/qwen25vl_7b_all_modalities/images/seq_0013__target_change_amount__scatter/scatter/seq_0013__target_change_amount__scatter_step_0001.png"", ""/results/yao314652/home/project/outputs/visual_benchmark/qwen25vl_7b_all_modalities/images/seq_0013__target_change_amount__scatter/scatter/seq_0013__target_change_amount__scatter_step_0002.png"", ""/results/yao314652/home/project/outputs/visual_benchmark/qwen25vl_7b_all_modalities/images/seq_0013__target_change_amount__scatter/scatter/seq_0013__target_change_amount__scatter_step_0003.png"", ""/results/yao314652/home/project/outputs/visual_benchmark/qwen25vl_7b_all_modalities/images/seq_0013__target_change_amount__scatter/scatter/seq_0013__target_change_amount__scatter_step_0004.png""]","[{""wavelength"": 400.0, ""concentration"": 5.0, ""path_length"": 2.0, ""absorbance"": 80.0}, {""wavelength"": 450.0, ""concentration"": 5.0, ""path_length"": 2.0, ""absorbance"": 90.0}, {""wavelength"": 450.0, ""concentration"": 4.0, ""path_length"": 2.0, ""absorbance"": 72.0}, {""wavelength"": 450.0, ""concentration"": 4.0, ""path_length"": 3.0, ""absorbance"": 108.0}, {""wavelength"": 450.0, ""concentration"": 3.0, ""path_length"": 3.0, ""absorbance"": 81.0}]"
seq_0013__target_change_amount__simulation,seq_0013,target_change_amount,change_amount,simulation,simulation,By how much does absorbance change from step 0 to step 4?,1.0,number,-0.2,False,1.2,"{""answer"": -0.2}","[""/results/yao314652/home/project/outputs/visual_benchmark/qwen25vl_7b_all_modalities/images/seq_0013__target_change_amount__simulation/simulation/step_0000.png"", ""/results/yao314652/home/project/outputs/visual_benchmark/qwen25vl_7b_all_modalities/images/seq_0013__target_change_amount__simulation/simulation/step_0001.png"", ""/results/yao314652/home/project/outputs/visual_benchmark/qwen25vl_7b_all_modalities/images/seq_0013__target_change_amount__simulation/simulation/step_0002.png"", ""/results/yao314652/home/project/outputs/visual_benchmark/qwen25vl_7b_all_modalities/images/seq_0013__target_change_amount__simulation/simulation/step_0003.png"", ""/results/yao314652/home/project/outputs/visual_benchmark/qwen25vl_7b_all_modalities/images/seq_0013__target_change_amount__simulation/simulation/step_0004.png""]","[{""wavelength"": 400.0, ""concentration"": 5.0, ""path_length"": 2.0, ""absorbance"": 80.0}, {""wavelength"": 450.0, ""concentration"": 5.0, ""path_length"": 2.0, ""absorbance"": 90.0}, {""wavelength"": 450.0, ""concentration"": 4.0, ""path_length"": 2.0, ""absorbance"": 72.0}, {""wavelength"": 450.0, ""concentration"": 4.0, ""path_length"": 3.0, ""absorbance"": 108.0}, {""wavelength"": 450.0, ""concentration"": 3.0, ""path_length"": 3.0, ""absorbance"": 81.0}]"
seq_0013__target_change_direction__text,seq_0013,target_change_direction,change_direction,text,none,"Does absorbance increase, decrease, or stay the same from step 0 to step 4?",increase,category,decrease,False,,"{
    ""answer"": ""decrease""
}",[],"[{""wavelength"": 400.0, ""concentration"": 5.0, ""path_length"": 2.0, ""absorbance"": 80.0}, {""wavelength"": 450.0, ""concentration"": 5.0, ""path_length"": 2.0, ""absorbance"": 90.0}, {""wavelength"": 450.0, ""concentration"": 4.0, ""path_length"": 2.0, ""absorbance"": 72.0}, {""wavelength"": 450.0, ""concentration"": 4.0, ""path_length"": 3.0, ""absorbance"": 108.0}, {""wavelength"": 450.0, ""concentration"": 3.0, ""path_length"": 3.0, ""absorbance"": 81.0}]"
seq_0013__target_change_direction__bar,seq_0013,target_change_direction,change_direction,bar,bar,"Does absorbance increase, decrease, or stay the same from step 0 to step 4?",increase,category,decrease,False,,"{""answer"": ""decrease""}","[""/results/yao314652/home/project/outputs/visual_benchmark/qwen25vl_7b_all_modalities/images/seq_0013__target_change_direction__bar/bar/step_0000.png"", ""/results/yao314652/home/project/outputs/visual_benchmark/qwen25vl_7b_all_modalities/images/seq_0013__target_change_direction__bar/bar/step_0001.png"", ""/results/yao314652/home/project/outputs/visual_benchmark/qwen25vl_7b_all_modalities/images/seq_0013__target_change_direction__bar/bar/step_0002.png"", ""/results/yao314652/home/project/outputs/visual_benchmark/qwen25vl_7b_all_modalities/images/seq_0013__target_change_direction__bar/bar/step_0003.png"", ""/results/yao314652/home/project/outputs/visual_benchmark/qwen25vl_7b_all_modalities/images/seq_0013__target_change_direction__bar/bar/step_0004.png""]","[{""wavelength"": 400.0, ""concentration"": 5.0, ""path_length"": 2.0, ""absorbance"": 80.0}, {""wavelength"": 450.0, ""concentration"": 5.0, ""path_length"": 2.0, ""absorbance"": 90.0}, {""wavelength"": 450.0, ""concentration"": 4.0, ""path_length"": 2.0, ""absorbance"": 72.0}, {""wavelength"": 450.0, ""concentration"": 4.0, ""path_length"": 3.0, ""absorbance"": 108.0}, {""wavelength"": 450.0, ""concentration"": 3.0, ""path_length"": 3.0, ""absorbance"": 81.0}]"
seq_0013__target_change_direction__line,seq_0013,target_change_direction,change_direction,line,line,"Does absorbance increase, decrease, or stay the same from step 0 to step 4?",increase,category,same,False,,"{""answer"": ""same""}","[""/results/yao314652/home/project/outputs/visual_benchmark/qwen25vl_7b_all_modalities/images/seq_0013__target_change_direction__line/line/seq_0013__target_change_direction__line_step_0000.png"", ""/results/yao314652/home/project/outputs/visual_benchmark/qwen25vl_7b_all_modalities/images/seq_0013__target_change_direction__line/line/seq_0013__target_change_direction__line_step_0001.png"", ""/results/yao314652/home/project/outputs/visual_benchmark/qwen25vl_7b_all_modalities/images/seq_0013__target_change_direction__line/line/seq_0013__target_change_direction__line_step_0002.png"", ""/results/yao314652/home/project/outputs/visual_benchmark/qwen25vl_7b_all_modalities/images/seq_0013__target_change_direction__line/line/seq_0013__target_change_direction__line_step_0003.png"", ""/results/yao314652/home/project/outputs/visual_benchmark/qwen25vl_7b_all_modalities/images/seq_0013__target_change_direction__line/line/seq_0013__target_change_direction__line_step_0004.png""]","[{""wavelength"": 400.0, ""concentration"": 5.0, ""path_length"": 2.0, ""absorbance"": 80.0}, {""wavelength"": 450.0, ""concentration"": 5.0, ""path_length"": 2.0, ""absorbance"": 90.0}, {""wavelength"": 450.0, ""concentration"": 4.0, ""path_length"": 2.0, ""absorbance"": 72.0}, {""wavelength"": 450.0, ""concentration"": 4.0, ""path_length"": 3.0, ""absorbance"": 108.0}, {""wavelength"": 450.0, ""concentration"": 3.0, ""path_length"": 3.0, ""absorbance"": 81.0}]"
seq_0013__target_change_direction__scatter,seq_0013,target_change_direction,change_direction,scatter,scatter,"Does absorbance increase, decrease, or stay the same from step 0 to step 4?",increase,category,increase,True,,"{""answer"": ""increase""}","[""/results/yao314652/home/project/outputs/visual_benchmark/qwen25vl_7b_all_modalities/images/seq_0013__target_change_direction__scatter/scatter/seq_0013__target_change_direction__scatter_step_0000.png"", ""/results/yao314652/home/project/outputs/visual_benchmark/qwen25vl_7b_all_modalities/images/seq_0013__target_change_direction__scatter/scatter/seq_0013__target_change_direction__scatter_step_0001.png"", ""/results/yao314652/home/project/outputs/visual_benchmark/qwen25vl_7b_all_modalities/images/seq_0013__target_change_direction__scatter/scatter/seq_0013__target_change_direction__scatter_step_0002.png"", ""/results/yao314652/home/project/outputs/visual_benchmark/qwen25vl_7b_all_modalities/images/seq_0013__target_change_direction__scatter/scatter/seq_0013__target_change_direction__scatter_step_0003.png"", ""/results/yao314652/home/project/outputs/visual_benchmark/qwen25vl_7b_all_modalities/images/seq_0013__target_change_direction__scatter/scatter/seq_0013__target_change_direction__scatter_step_0004.png""]","[{""wavelength"": 400.0, ""concentration"": 5.0, ""path_length"": 2.0, ""absorbance"": 80.0}, {""wavelength"": 450.0, ""concentration"": 5.0, ""path_length"": 2.0, ""absorbance"": 90.0}, {""wavelength"": 450.0, ""concentration"": 4.0, ""path_length"": 2.0, ""absorbance"": 72.0}, {""wavelength"": 450.0, ""concentration"": 4.0, ""path_length"": 3.0, ""absorbance"": 108.0}, {""wavelength"": 450.0, ""concentration"": 3.0, ""path_length"": 3.0, ""absorbance"": 81.0}]"
seq_0013__target_change_direction__simulation,seq_0013,target_change_direction,change_direction,simulation,simulation,"Does absorbance increase, decrease, or stay the same from step 0 to step 4?",increase,category,increase,True,,"{""answer"": ""increase""}","[""/results/yao314652/home/project/outputs/visual_benchmark/qwen25vl_7b_all_modalities/images/seq_0013__target_change_direction__simulation/simulation/step_0000.png"", ""/results/yao314652/home/project/outputs/visual_benchmark/qwen25vl_7b_all_modalities/images/seq_0013__target_change_direction__simulation/simulation/step_0001.png"", ""/results/yao314652/home/project/outputs/visual_benchmark/qwen25vl_7b_all_modalities/images/seq_0013__target_change_direction__simulation/simulation/step_0002.png"", ""/results/yao314652/home/project/outputs/visual_benchmark/qwen25vl_7b_all_modalities/images/seq_0013__target_change_direction__simulation/simulation/step_0003.png"", ""/results/yao314652/home/project/outputs/visual_benchmark/qwen25vl_7b_all_modalities/images/seq_0013__target_change_direction__simulation/simulation/step_0004.png""]","[{""wavelength"": 400.0, ""concentration"": 5.0, ""path_length"": 2.0, ""absorbance"": 80.0}, {""wavelength"": 450.0, ""concentration"": 5.0, ""path_length"": 2.0, ""absorbance"": 90.0}, {""wavelength"": 450.0, ""concentration"": 4.0, ""path_length"": 2.0, ""absorbance"": 72.0}, {""wavelength"": 450.0, ""concentration"": 4.0, ""path_length"": 3.0, ""absorbance"": 108.0}, {""wavelength"": 450.0, ""concentration"": 3.0, ""path_length"": 3.0, ""absorbance"": 81.0}]"
seq_0013__changed_variable_0_to_1__text,seq_0013,changed_variable_0_to_1,changed_variable,text,none,Which input variable changed from step 0 to step 1?,wavelength,category,wavelength,True,,"{""answer"": ""wavelength""}",[],"[{""wavelength"": 400.0, ""concentration"": 5.0, ""path_length"": 2.0, ""absorbance"": 80.0}, {""wavelength"": 450.0, ""concentration"": 5.0, ""path_length"": 2.0, ""absorbance"": 90.0}, {""wavelength"": 450.0, ""concentration"": 4.0, ""path_length"": 2.0, ""absorbance"": 72.0}, {""wavelength"": 450.0, ""concentration"": 4.0, ""path_length"": 3.0, ""absorbance"": 108.0}, {""wavelength"": 450.0, ""concentration"": 3.0, ""path_length"": 3.0, ""absorbance"": 81.0}]"
seq_0013__changed_variable_0_to_1__bar,seq_0013,changed_variable_0_to_1,changed_variable,bar,bar,Which input variable changed from step 0 to step 1?,wavelength,category,same,False,,"{""answer"": ""same""}","[""/results/yao314652/home/project/outputs/visual_benchmark/qwen25vl_7b_all_modalities/images/seq_0013__changed_variable_0_to_1__bar/bar/step_0000.png"", ""/results/yao314652/home/project/outputs/visual_benchmark/qwen25vl_7b_all_modalities/images/seq_0013__changed_variable_0_to_1__bar/bar/step_0001.png"", ""/results/yao314652/home/project/outputs/visual_benchmark/qwen25vl_7b_all_modalities/images/seq_0013__changed_variable_0_to_1__bar/bar/step_0002.png"", ""/results/yao314652/home/project/outputs/visual_benchmark/qwen25vl_7b_all_modalities/images/seq_0013__changed_variable_0_to_1__bar/bar/step_0003.png"", ""/results/yao314652/home/project/outputs/visual_benchmark/qwen25vl_7b_all_modalities/images/seq_0013__changed_variable_0_to_1__bar/bar/step_0004.png""]","[{""wavelength"": 400.0, ""concentration"": 5.0, ""path_length"": 2.0, ""absorbance"": 80.0}, {""wavelength"": 450.0, ""concentration"": 5.0, ""path_length"": 2.0, ""absorbance"": 90.0}, {""wavelength"": 450.0, ""concentration"": 4.0, ""path_length"": 2.0, ""absorbance"": 72.0}, {""wavelength"": 450.0, ""concentration"": 4.0, ""path_length"": 3.0, ""absorbance"": 108.0}, {""wavelength"": 450.0, ""concentration"": 3.0, ""path_length"": 3.0, ""absorbance"": 81.0}]"
seq_0013__changed_variable_0_to_1__line,seq_0013,changed_variable_0_to_1,changed_variable,line,line,Which input variable changed from step 0 to step 1?,wavelength,category,same,False,,"{""answer"": ""same""}","[""/results/yao314652/home/project/outputs/visual_benchmark/qwen25vl_7b_all_modalities/images/seq_0013__changed_variable_0_to_1__line/line/seq_0013__changed_variable_0_to_1__line_step_0000.png"", ""/results/yao314652/home/project/outputs/visual_benchmark/qwen25vl_7b_all_modalities/images/seq_0013__changed_variable_0_to_1__line/line/seq_0013__changed_variable_0_to_1__line_step_0001.png"", ""/results/yao314652/home/project/outputs/visual_benchmark/qwen25vl_7b_all_modalities/images/seq_0013__changed_variable_0_to_1__line/line/seq_0013__changed_variable_0_to_1__line_step_0002.png"", ""/results/yao314652/home/project/outputs/visual_benchmark/qwen25vl_7b_all_modalities/images/seq_0013__changed_variable_0_to_1__line/line/seq_0013__changed_variable_0_to_1__line_step_0003.png"", ""/results/yao314652/home/project/outputs/visual_benchmark/qwen25vl_7b_all_modalities/images/seq_0013__changed_variable_0_to_1__line/line/seq_0013__changed_variable_0_to_1__line_step_0004.png""]","[{""wavelength"": 400.0, ""concentration"": 5.0, ""path_length"": 2.0, ""absorbance"": 80.0}, {""wavelength"": 450.0, ""concentration"": 5.0, ""path_length"": 2.0, ""absorbance"": 90.0}, {""wavelength"": 450.0, ""concentration"": 4.0, ""path_length"": 2.0, ""absorbance"": 72.0}, {""wavelength"": 450.0, ""concentration"": 4.0, ""path_length"": 3.0, ""absorbance"": 108.0}, {""wavelength"": 450.0, ""concentration"": 3.0, ""path_length"": 3.0, ""absorbance"": 81.0}]"
seq_0013__changed_variable_0_to_1__scatter,seq_0013,changed_variable_0_to_1,changed_variable,scatter,scatter,Which input variable changed from step 0 to step 1?,wavelength,category,input1,False,,"{""answer"": ""input1""}","[""/results/yao314652/home/project/outputs/visual_benchmark/qwen25vl_7b_all_modalities/images/seq_0013__changed_variable_0_to_1__scatter/scatter/seq_0013__changed_variable_0_to_1__scatter_step_0000.png"", ""/results/yao314652/home/project/outputs/visual_benchmark/qwen25vl_7b_all_modalities/images/seq_0013__changed_variable_0_to_1__scatter/scatter/seq_0013__changed_variable_0_to_1__scatter_step_0001.png"", ""/results/yao314652/home/project/outputs/visual_benchmark/qwen25vl_7b_all_modalities/images/seq_0013__changed_variable_0_to_1__scatter/scatter/seq_0013__changed_variable_0_to_1__scatter_step_0002.png"", ""/results/yao314652/home/project/outputs/visual_benchmark/qwen25vl_7b_all_modalities/images/seq_0013__changed_variable_0_to_1__scatter/scatter/seq_0013__changed_variable_0_to_1__scatter_step_0003.png"", ""/results/yao314652/home/project/outputs/visual_benchmark/qwen25vl_7b_all_modalities/images/seq_0013__changed_variable_0_to_1__scatter/scatter/seq_0013__changed_variable_0_to_1__scatter_step_0004.png""]","[{""wavelength"": 400.0, ""concentration"": 5.0, ""path_length"": 2.0, ""absorbance"": 80.0}, {""wavelength"": 450.0, ""concentration"": 5.0, ""path_length"": 2.0, ""absorbance"": 90.0}, {""wavelength"": 450.0, ""concentration"": 4.0, ""path_length"": 2.0, ""absorbance"": 72.0}, {""wavelength"": 450.0, ""concentration"": 4.0, ""path_length"": 3.0, ""absorbance"": 108.0}, {""wavelength"": 450.0, ""concentration"": 3.0, ""path_length"": 3.0, ""absorbance"": 81.0}]"
seq_0013__changed_variable_0_to_1__simulation,seq_0013,changed_variable_0_to_1,changed_variable,simulation,simulation,Which input variable changed from step 0 to step 1?,wavelength,category,decrease,False,,decrease,"[""/results/yao314652/home/project/outputs/visual_benchmark/qwen25vl_7b_all_modalities/images/seq_0013__changed_variable_0_to_1__simulation/simulation/step_0000.png"", ""/results/yao314652/home/project/outputs/visual_benchmark/qwen25vl_7b_all_modalities/images/seq_0013__changed_variable_0_to_1__simulation/simulation/step_0001.png"", ""/results/yao314652/home/project/outputs/visual_benchmark/qwen25vl_7b_all_modalities/images/seq_0013__changed_variable_0_to_1__simulation/simulation/step_0002.png"", ""/results/yao314652/home/project/outputs/visual_benchmark/qwen25vl_7b_all_modalities/images/seq_0013__changed_variable_0_to_1__simulation/simulation/step_0003.png"", ""/results/yao314652/home/project/outputs/visual_benchmark/qwen25vl_7b_all_modalities/images/seq_0013__changed_variable_0_to_1__simulation/simulation/step_0004.png""]","[{""wavelength"": 400.0, ""concentration"": 5.0, ""path_length"": 2.0, ""absorbance"": 80.0}, {""wavelength"": 450.0, ""concentration"": 5.0, ""path_length"": 2.0, ""absorbance"": 90.0}, {""wavelength"": 450.0, ""concentration"": 4.0, ""path_length"": 2.0, ""absorbance"": 72.0}, {""wavelength"": 450.0, ""concentration"": 4.0, ""path_length"": 3.0, ""absorbance"": 108.0}, {""wavelength"": 450.0, ""concentration"": 3.0, ""path_length"": 3.0, ""absorbance"": 81.0}]"
seq_0013__max_target_step__text,seq_0013,max_target_step,max_step,text,none,At which step is absorbance the highest?,3,step,3,True,,"{
    ""answer"": 3
}",[],"[{""wavelength"": 400.0, ""concentration"": 5.0, ""path_length"": 2.0, ""absorbance"": 80.0}, {""wavelength"": 450.0, ""concentration"": 5.0, ""path_length"": 2.0, ""absorbance"": 90.0}, {""wavelength"": 450.0, ""concentration"": 4.0, ""path_length"": 2.0, ""absorbance"": 72.0}, {""wavelength"": 450.0, ""concentration"": 4.0, ""path_length"": 3.0, ""absorbance"": 108.0}, {""wavelength"": 450.0, ""concentration"": 3.0, ""path_length"": 3.0, ""absorbance"": 81.0}]"
seq_0013__max_target_step__bar,seq_0013,max_target_step,max_step,bar,bar,At which step is absorbance the highest?,3,step,1,False,,"{""answer"": 1}","[""/results/yao314652/home/project/outputs/visual_benchmark/qwen25vl_7b_all_modalities/images/seq_0013__max_target_step__bar/bar/step_0000.png"", ""/results/yao314652/home/project/outputs/visual_benchmark/qwen25vl_7b_all_modalities/images/seq_0013__max_target_step__bar/bar/step_0001.png"", ""/results/yao314652/home/project/outputs/visual_benchmark/qwen25vl_7b_all_modalities/images/seq_0013__max_target_step__bar/bar/step_0002.png"", ""/results/yao314652/home/project/outputs/visual_benchmark/qwen25vl_7b_all_modalities/images/seq_0013__max_target_step__bar/bar/step_0003.png"", ""/results/yao314652/home/project/outputs/visual_benchmark/qwen25vl_7b_all_modalities/images/seq_0013__max_target_step__bar/bar/step_0004.png""]","[{""wavelength"": 400.0, ""concentration"": 5.0, ""path_length"": 2.0, ""absorbance"": 80.0}, {""wavelength"": 450.0, ""concentration"": 5.0, ""path_length"": 2.0, ""absorbance"": 90.0}, {""wavelength"": 450.0, ""concentration"": 4.0, ""path_length"": 2.0, ""absorbance"": 72.0}, {""wavelength"": 450.0, ""concentration"": 4.0, ""path_length"": 3.0, ""absorbance"": 108.0}, {""wavelength"": 450.0, ""concentration"": 3.0, ""path_length"": 3.0, ""absorbance"": 81.0}]"
seq_0013__max_target_step__line,seq_0013,max_target_step,max_step,line,line,At which step is absorbance the highest?,3,step,2,False,,"{""answer"": 2}","[""/results/yao314652/home/project/outputs/visual_benchmark/qwen25vl_7b_all_modalities/images/seq_0013__max_target_step__line/line/seq_0013__max_target_step__line_step_0000.png"", ""/results/yao314652/home/project/outputs/visual_benchmark/qwen25vl_7b_all_modalities/images/seq_0013__max_target_step__line/line/seq_0013__max_target_step__line_step_0001.png"", ""/results/yao314652/home/project/outputs/visual_benchmark/qwen25vl_7b_all_modalities/images/seq_0013__max_target_step__line/line/seq_0013__max_target_step__line_step_0002.png"", ""/results/yao314652/home/project/outputs/visual_benchmark/qwen25vl_7b_all_modalities/images/seq_0013__max_target_step__line/line/seq_0013__max_target_step__line_step_0003.png"", ""/results/yao314652/home/project/outputs/visual_benchmark/qwen25vl_7b_all_modalities/images/seq_0013__max_target_step__line/line/seq_0013__max_target_step__line_step_0004.png""]","[{""wavelength"": 400.0, ""concentration"": 5.0, ""path_length"": 2.0, ""absorbance"": 80.0}, {""wavelength"": 450.0, ""concentration"": 5.0, ""path_length"": 2.0, ""absorbance"": 90.0}, {""wavelength"": 450.0, ""concentration"": 4.0, ""path_length"": 2.0, ""absorbance"": 72.0}, {""wavelength"": 450.0, ""concentration"": 4.0, ""path_length"": 3.0, ""absorbance"": 108.0}, {""wavelength"": 450.0, ""concentration"": 3.0, ""path_length"": 3.0, ""absorbance"": 81.0}]"
seq_0013__max_target_step__scatter,seq_0013,max_target_step,max_step,scatter,scatter,At which step is absorbance the highest?,3,step,5,False,,"{""answer"": 5}","[""/results/yao314652/home/project/outputs/visual_benchmark/qwen25vl_7b_all_modalities/images/seq_0013__max_target_step__scatter/scatter/seq_0013__max_target_step__scatter_step_0000.png"", ""/results/yao314652/home/project/outputs/visual_benchmark/qwen25vl_7b_all_modalities/images/seq_0013__max_target_step__scatter/scatter/seq_0013__max_target_step__scatter_step_0001.png"", ""/results/yao314652/home/project/outputs/visual_benchmark/qwen25vl_7b_all_modalities/images/seq_0013__max_target_step__scatter/scatter/seq_0013__max_target_step__scatter_step_0002.png"", ""/results/yao314652/home/project/outputs/visual_benchmark/qwen25vl_7b_all_modalities/images/seq_0013__max_target_step__scatter/scatter/seq_0013__max_target_step__scatter_step_0003.png"", ""/results/yao314652/home/project/outputs/visual_benchmark/qwen25vl_7b_all_modalities/images/seq_0013__max_target_step__scatter/scatter/seq_0013__max_target_step__scatter_step_0004.png""]","[{""wavelength"": 400.0, ""concentration"": 5.0, ""path_length"": 2.0, ""absorbance"": 80.0}, {""wavelength"": 450.0, ""concentration"": 5.0, ""path_length"": 2.0, ""absorbance"": 90.0}, {""wavelength"": 450.0, ""concentration"": 4.0, ""path_length"": 2.0, ""absorbance"": 72.0}, {""wavelength"": 450.0, ""concentration"": 4.0, ""path_length"": 3.0, ""absorbance"": 108.0}, {""wavelength"": 450.0, ""concentration"": 3.0, ""path_length"": 3.0, ""absorbance"": 81.0}]"
seq_0013__max_target_step__simulation,seq_0013,max_target_step,max_step,simulation,simulation,At which step is absorbance the highest?,3,step,4,False,,"{""answer"": 4}","[""/results/yao314652/home/project/outputs/visual_benchmark/qwen25vl_7b_all_modalities/images/seq_0013__max_target_step__simulation/simulation/step_0000.png"", ""/results/yao314652/home/project/outputs/visual_benchmark/qwen25vl_7b_all_modalities/images/seq_0013__max_target_step__simulation/simulation/step_0001.png"", ""/results/yao314652/home/project/outputs/visual_benchmark/qwen25vl_7b_all_modalities/images/seq_0013__max_target_step__simulation/simulation/step_0002.png"", ""/results/yao314652/home/project/outputs/visual_benchmark/qwen25vl_7b_all_modalities/images/seq_0013__max_target_step__simulation/simulation/step_0003.png"", ""/results/yao314652/home/project/outputs/visual_benchmark/qwen25vl_7b_all_modalities/images/seq_0013__max_target_step__simulation/simulation/step_0004.png""]","[{""wavelength"": 400.0, ""concentration"": 5.0, ""path_length"": 2.0, ""absorbance"": 80.0}, {""wavelength"": 450.0, ""concentration"": 5.0, ""path_length"": 2.0, ""absorbance"": 90.0}, {""wavelength"": 450.0, ""concentration"": 4.0, ""path_length"": 2.0, ""absorbance"": 72.0}, {""wavelength"": 450.0, ""concentration"": 4.0, ""path_length"": 3.0, ""absorbance"": 108.0}, {""wavelength"": 450.0, ""concentration"": 3.0, ""path_length"": 3.0, ""absorbance"": 81.0}]"
seq_0013__largest_target_drop_step__text,seq_0013,largest_target_drop_step,largest_drop_step,text,none,"At which step does absorbance show the largest drop compared with the previous step? If it never drops, answer none.",4,step_or_none,3,False,,"```json
{""answer"": ""3""}
```",[],"[{""wavelength"": 400.0, ""concentration"": 5.0, ""path_length"": 2.0, ""absorbance"": 80.0}, {""wavelength"": 450.0, ""concentration"": 5.0, ""path_length"": 2.0, ""absorbance"": 90.0}, {""wavelength"": 450.0, ""concentration"": 4.0, ""path_length"": 2.0, ""absorbance"": 72.0}, {""wavelength"": 450.0, ""concentration"": 4.0, ""path_length"": 3.0, ""absorbance"": 108.0}, {""wavelength"": 450.0, ""concentration"": 3.0, ""path_length"": 3.0, ""absorbance"": 81.0}]"
seq_0013__largest_target_drop_step__bar,seq_0013,largest_target_drop_step,largest_drop_step,bar,bar,"At which step does absorbance show the largest drop compared with the previous step? If it never drops, answer none.",4,step_or_none,2,False,,"{""answer"": ""2""}","[""/results/yao314652/home/project/outputs/visual_benchmark/qwen25vl_7b_all_modalities/images/seq_0013__largest_target_drop_step__bar/bar/step_0000.png"", ""/results/yao314652/home/project/outputs/visual_benchmark/qwen25vl_7b_all_modalities/images/seq_0013__largest_target_drop_step__bar/bar/step_0001.png"", ""/results/yao314652/home/project/outputs/visual_benchmark/qwen25vl_7b_all_modalities/images/seq_0013__largest_target_drop_step__bar/bar/step_0002.png"", ""/results/yao314652/home/project/outputs/visual_benchmark/qwen25vl_7b_all_modalities/images/seq_0013__largest_target_drop_step__bar/bar/step_0003.png"", ""/results/yao314652/home/project/outputs/visual_benchmark/qwen25vl_7b_all_modalities/images/seq_0013__largest_target_drop_step__bar/bar/step_0004.png""]","[{""wavelength"": 400.0, ""concentration"": 5.0, ""path_length"": 2.0, ""absorbance"": 80.0}, {""wavelength"": 450.0, ""concentration"": 5.0, ""path_length"": 2.0, ""absorbance"": 90.0}, {""wavelength"": 450.0, ""concentration"": 4.0, ""path_length"": 2.0, ""absorbance"": 72.0}, {""wavelength"": 450.0, ""concentration"": 4.0, ""path_length"": 3.0, ""absorbance"": 108.0}, {""wavelength"": 450.0, ""concentration"": 3.0, ""path_length"": 3.0, ""absorbance"": 81.0}]"
seq_0013__largest_target_drop_step__line,seq_0013,largest_target_drop_step,largest_drop_step,line,line,"At which step does absorbance show the largest drop compared with the previous step? If it never drops, answer none.",4,step_or_none,4,True,,"{""answer"": 4}","[""/results/yao314652/home/project/outputs/visual_benchmark/qwen25vl_7b_all_modalities/images/seq_0013__largest_target_drop_step__line/line/seq_0013__largest_target_drop_step__line_step_0000.png"", ""/results/yao314652/home/project/outputs/visual_benchmark/qwen25vl_7b_all_modalities/images/seq_0013__largest_target_drop_step__line/line/seq_0013__largest_target_drop_step__line_step_0001.png"", ""/results/yao314652/home/project/outputs/visual_benchmark/qwen25vl_7b_all_modalities/images/seq_0013__largest_target_drop_step__line/line/seq_0013__largest_target_drop_step__line_step_0002.png"", ""/results/yao314652/home/project/outputs/visual_benchmark/qwen25vl_7b_all_modalities/images/seq_0013__largest_target_drop_step__line/line/seq_0013__largest_target_drop_step__line_step_0003.png"", ""/results/yao314652/home/project/outputs/visual_benchmark/qwen25vl_7b_all_modalities/images/seq_0013__largest_target_drop_step__line/line/seq_0013__largest_target_drop_step__line_step_0004.png""]","[{""wavelength"": 400.0, ""concentration"": 5.0, ""path_length"": 2.0, ""absorbance"": 80.0}, {""wavelength"": 450.0, ""concentration"": 5.0, ""path_length"": 2.0, ""absorbance"": 90.0}, {""wavelength"": 450.0, ""concentration"": 4.0, ""path_length"": 2.0, ""absorbance"": 72.0}, {""wavelength"": 450.0, ""concentration"": 4.0, ""path_length"": 3.0, ""absorbance"": 108.0}, {""wavelength"": 450.0, ""concentration"": 3.0, ""path_length"": 3.0, ""absorbance"": 81.0}]"
seq_0013__largest_target_drop_step__scatter,seq_0013,largest_target_drop_step,largest_drop_step,scatter,scatter,"At which step does absorbance show the largest drop compared with the previous step? If it never drops, answer none.",4,step_or_none,4,True,,"{""answer"": 4}","[""/results/yao314652/home/project/outputs/visual_benchmark/qwen25vl_7b_all_modalities/images/seq_0013__largest_target_drop_step__scatter/scatter/seq_0013__largest_target_drop_step__scatter_step_0000.png"", ""/results/yao314652/home/project/outputs/visual_benchmark/qwen25vl_7b_all_modalities/images/seq_0013__largest_target_drop_step__scatter/scatter/seq_0013__largest_target_drop_step__scatter_step_0001.png"", ""/results/yao314652/home/project/outputs/visual_benchmark/qwen25vl_7b_all_modalities/images/seq_0013__largest_target_drop_step__scatter/scatter/seq_0013__largest_target_drop_step__scatter_step_0002.png"", ""/results/yao314652/home/project/outputs/visual_benchmark/qwen25vl_7b_all_modalities/images/seq_0013__largest_target_drop_step__scatter/scatter/seq_0013__largest_target_drop_step__scatter_step_0003.png"", ""/results/yao314652/home/project/outputs/visual_benchmark/qwen25vl_7b_all_modalities/images/seq_0013__largest_target_drop_step__scatter/scatter/seq_0013__largest_target_drop_step__scatter_step_0004.png""]","[{""wavelength"": 400.0, ""concentration"": 5.0, ""path_length"": 2.0, ""absorbance"": 80.0}, {""wavelength"": 450.0, ""concentration"": 5.0, ""path_length"": 2.0, ""absorbance"": 90.0}, {""wavelength"": 450.0, ""concentration"": 4.0, ""path_length"": 2.0, ""absorbance"": 72.0}, {""wavelength"": 450.0, ""concentration"": 4.0, ""path_length"": 3.0, ""absorbance"": 108.0}, {""wavelength"": 450.0, ""concentration"": 3.0, ""path_length"": 3.0, ""absorbance"": 81.0}]"
seq_0013__largest_target_drop_step__simulation,seq_0013,largest_target_drop_step,largest_drop_step,simulation,simulation,"At which step does absorbance show the largest drop compared with the previous step? If it never drops, answer none.",4,step_or_none,3,False,,"{""answer"": 3}","[""/results/yao314652/home/project/outputs/visual_benchmark/qwen25vl_7b_all_modalities/images/seq_0013__largest_target_drop_step__simulation/simulation/step_0000.png"", ""/results/yao314652/home/project/outputs/visual_benchmark/qwen25vl_7b_all_modalities/images/seq_0013__largest_target_drop_step__simulation/simulation/step_0001.png"", ""/results/yao314652/home/project/outputs/visual_benchmark/qwen25vl_7b_all_modalities/images/seq_0013__largest_target_drop_step__simulation/simulation/step_0002.png"", ""/results/yao314652/home/project/outputs/visual_benchmark/qwen25vl_7b_all_modalities/images/seq_0013__largest_target_drop_step__simulation/simulation/step_0003.png"", ""/results/yao314652/home/project/outputs/visual_benchmark/qwen25vl_7b_all_modalities/images/seq_0013__largest_target_drop_step__simulation/simulation/step_0004.png""]","[{""wavelength"": 400.0, ""concentration"": 5.0, ""path_length"": 2.0, ""absorbance"": 80.0}, {""wavelength"": 450.0, ""concentration"": 5.0, ""path_length"": 2.0, ""absorbance"": 90.0}, {""wavelength"": 450.0, ""concentration"": 4.0, ""path_length"": 2.0, ""absorbance"": 72.0}, {""wavelength"": 450.0, ""concentration"": 4.0, ""path_length"": 3.0, ""absorbance"": 108.0}, {""wavelength"": 450.0, ""concentration"": 3.0, ""path_length"": 3.0, ""absorbance"": 81.0}]"
seq_0014__read_last_target__text,seq_0014,read_last_target,value_at_step,text,none,What is the value of absorbance at step 4?,112.0,number,112,True,0.0,"{""answer"": 112}",[],"[{""wavelength"": 650.0, ""concentration"": 4.0, ""path_length"": 3.0, ""absorbance"": 156.0}, {""wavelength"": 700.0, ""concentration"": 4.0, ""path_length"": 3.0, ""absorbance"": 168.0}, {""wavelength"": 700.0, ""concentration"": 3.0, ""path_length"": 3.0, ""absorbance"": 126.0}, {""wavelength"": 700.0, ""concentration"": 3.0, ""path_length"": 4.0, ""absorbance"": 168.0}, {""wavelength"": 700.0, ""concentration"": 2.0, ""path_length"": 4.0, ""absorbance"": 112.0}]"
seq_0014__read_last_target__bar,seq_0014,read_last_target,value_at_step,bar,bar,What is the value of absorbance at step 4?,112.0,number,0.2,False,111.8,"```json
{
  ""answer"": 0.2
}
```","[""/results/yao314652/home/project/outputs/visual_benchmark/qwen25vl_7b_all_modalities/images/seq_0014__read_last_target__bar/bar/step_0000.png"", ""/results/yao314652/home/project/outputs/visual_benchmark/qwen25vl_7b_all_modalities/images/seq_0014__read_last_target__bar/bar/step_0001.png"", ""/results/yao314652/home/project/outputs/visual_benchmark/qwen25vl_7b_all_modalities/images/seq_0014__read_last_target__bar/bar/step_0002.png"", ""/results/yao314652/home/project/outputs/visual_benchmark/qwen25vl_7b_all_modalities/images/seq_0014__read_last_target__bar/bar/step_0003.png"", ""/results/yao314652/home/project/outputs/visual_benchmark/qwen25vl_7b_all_modalities/images/seq_0014__read_last_target__bar/bar/step_0004.png""]","[{""wavelength"": 650.0, ""concentration"": 4.0, ""path_length"": 3.0, ""absorbance"": 156.0}, {""wavelength"": 700.0, ""concentration"": 4.0, ""path_length"": 3.0, ""absorbance"": 168.0}, {""wavelength"": 700.0, ""concentration"": 3.0, ""path_length"": 3.0, ""absorbance"": 126.0}, {""wavelength"": 700.0, ""concentration"": 3.0, ""path_length"": 4.0, ""absorbance"": 168.0}, {""wavelength"": 700.0, ""concentration"": 2.0, ""path_length"": 4.0, ""absorbance"": 112.0}]"
seq_0014__read_last_target__line,seq_0014,read_last_target,value_at_step,line,line,What is the value of absorbance at step 4?,112.0,number,0.6,False,111.4,"{""answer"": 0.6}","[""/results/yao314652/home/project/outputs/visual_benchmark/qwen25vl_7b_all_modalities/images/seq_0014__read_last_target__line/line/seq_0014__read_last_target__line_step_0000.png"", ""/results/yao314652/home/project/outputs/visual_benchmark/qwen25vl_7b_all_modalities/images/seq_0014__read_last_target__line/line/seq_0014__read_last_target__line_step_0001.png"", ""/results/yao314652/home/project/outputs/visual_benchmark/qwen25vl_7b_all_modalities/images/seq_0014__read_last_target__line/line/seq_0014__read_last_target__line_step_0002.png"", ""/results/yao314652/home/project/outputs/visual_benchmark/qwen25vl_7b_all_modalities/images/seq_0014__read_last_target__line/line/seq_0014__read_last_target__line_step_0003.png"", ""/results/yao314652/home/project/outputs/visual_benchmark/qwen25vl_7b_all_modalities/images/seq_0014__read_last_target__line/line/seq_0014__read_last_target__line_step_0004.png""]","[{""wavelength"": 650.0, ""concentration"": 4.0, ""path_length"": 3.0, ""absorbance"": 156.0}, {""wavelength"": 700.0, ""concentration"": 4.0, ""path_length"": 3.0, ""absorbance"": 168.0}, {""wavelength"": 700.0, ""concentration"": 3.0, ""path_length"": 3.0, ""absorbance"": 126.0}, {""wavelength"": 700.0, ""concentration"": 3.0, ""path_length"": 4.0, ""absorbance"": 168.0}, {""wavelength"": 700.0, ""concentration"": 2.0, ""path_length"": 4.0, ""absorbance"": 112.0}]"
seq_0014__read_last_target__scatter,seq_0014,read_last_target,value_at_step,scatter,scatter,What is the value of absorbance at step 4?,112.0,number,0.6,False,111.4,"{""answer"": 0.6}","[""/results/yao314652/home/project/outputs/visual_benchmark/qwen25vl_7b_all_modalities/images/seq_0014__read_last_target__scatter/scatter/seq_0014__read_last_target__scatter_step_0000.png"", ""/results/yao314652/home/project/outputs/visual_benchmark/qwen25vl_7b_all_modalities/images/seq_0014__read_last_target__scatter/scatter/seq_0014__read_last_target__scatter_step_0001.png"", ""/results/yao314652/home/project/outputs/visual_benchmark/qwen25vl_7b_all_modalities/images/seq_0014__read_last_target__scatter/scatter/seq_0014__read_last_target__scatter_step_0002.png"", ""/results/yao314652/home/project/outputs/visual_benchmark/qwen25vl_7b_all_modalities/images/seq_0014__read_last_target__scatter/scatter/seq_0014__read_last_target__scatter_step_0003.png"", ""/results/yao314652/home/project/outputs/visual_benchmark/qwen25vl_7b_all_modalities/images/seq_0014__read_last_target__scatter/scatter/seq_0014__read_last_target__scatter_step_0004.png""]","[{""wavelength"": 650.0, ""concentration"": 4.0, ""path_length"": 3.0, ""absorbance"": 156.0}, {""wavelength"": 700.0, ""concentration"": 4.0, ""path_length"": 3.0, ""absorbance"": 168.0}, {""wavelength"": 700.0, ""concentration"": 3.0, ""path_length"": 3.0, ""absorbance"": 126.0}, {""wavelength"": 700.0, ""concentration"": 3.0, ""path_length"": 4.0, ""absorbance"": 168.0}, {""wavelength"": 700.0, ""concentration"": 2.0, ""path_length"": 4.0, ""absorbance"": 112.0}]"
seq_0014__read_last_target__simulation,seq_0014,read_last_target,value_at_step,simulation,simulation,What is the value of absorbance at step 4?,112.0,number,1.2,False,110.8,"{""answer"": 1.2}","[""/results/yao314652/home/project/outputs/visual_benchmark/qwen25vl_7b_all_modalities/images/seq_0014__read_last_target__simulation/simulation/step_0000.png"", ""/results/yao314652/home/project/outputs/visual_benchmark/qwen25vl_7b_all_modalities/images/seq_0014__read_last_target__simulation/simulation/step_0001.png"", ""/results/yao314652/home/project/outputs/visual_benchmark/qwen25vl_7b_all_modalities/images/seq_0014__read_last_target__simulation/simulation/step_0002.png"", ""/results/yao314652/home/project/outputs/visual_benchmark/qwen25vl_7b_all_modalities/images/seq_0014__read_last_target__simulation/simulation/step_0003.png"", ""/results/yao314652/home/project/outputs/visual_benchmark/qwen25vl_7b_all_modalities/images/seq_0014__read_last_target__simulation/simulation/step_0004.png""]","[{""wavelength"": 650.0, ""concentration"": 4.0, ""path_length"": 3.0, ""absorbance"": 156.0}, {""wavelength"": 700.0, ""concentration"": 4.0, ""path_length"": 3.0, ""absorbance"": 168.0}, {""wavelength"": 700.0, ""concentration"": 3.0, ""path_length"": 3.0, ""absorbance"": 126.0}, {""wavelength"": 700.0, ""concentration"": 3.0, ""path_length"": 4.0, ""absorbance"": 168.0}, {""wavelength"": 700.0, ""concentration"": 2.0, ""path_length"": 4.0, ""absorbance"": 112.0}]"
seq_0014__target_change_amount__text,seq_0014,target_change_amount,change_amount,text,none,By how much does absorbance change from step 0 to step 4?,-44.0,number,-44,True,0.0,"{""answer"": -44}",[],"[{""wavelength"": 650.0, ""concentration"": 4.0, ""path_length"": 3.0, ""absorbance"": 156.0}, {""wavelength"": 700.0, ""concentration"": 4.0, ""path_length"": 3.0, ""absorbance"": 168.0}, {""wavelength"": 700.0, ""concentration"": 3.0, ""path_length"": 3.0, ""absorbance"": 126.0}, {""wavelength"": 700.0, ""concentration"": 3.0, ""path_length"": 4.0, ""absorbance"": 168.0}, {""wavelength"": 700.0, ""concentration"": 2.0, ""path_length"": 4.0, ""absorbance"": 112.0}]"
seq_0014__target_change_amount__bar,seq_0014,target_change_amount,change_amount,bar,bar,By how much does absorbance change from step 0 to step 4?,-44.0,number,-1,False,43.0,"{""answer"": -1}","[""/results/yao314652/home/project/outputs/visual_benchmark/qwen25vl_7b_all_modalities/images/seq_0014__target_change_amount__bar/bar/step_0000.png"", ""/results/yao314652/home/project/outputs/visual_benchmark/qwen25vl_7b_all_modalities/images/seq_0014__target_change_amount__bar/bar/step_0001.png"", ""/results/yao314652/home/project/outputs/visual_benchmark/qwen25vl_7b_all_modalities/images/seq_0014__target_change_amount__bar/bar/step_0002.png"", ""/results/yao314652/home/project/outputs/visual_benchmark/qwen25vl_7b_all_modalities/images/seq_0014__target_change_amount__bar/bar/step_0003.png"", ""/results/yao314652/home/project/outputs/visual_benchmark/qwen25vl_7b_all_modalities/images/seq_0014__target_change_amount__bar/bar/step_0004.png""]","[{""wavelength"": 650.0, ""concentration"": 4.0, ""path_length"": 3.0, ""absorbance"": 156.0}, {""wavelength"": 700.0, ""concentration"": 4.0, ""path_length"": 3.0, ""absorbance"": 168.0}, {""wavelength"": 700.0, ""concentration"": 3.0, ""path_length"": 3.0, ""absorbance"": 126.0}, {""wavelength"": 700.0, ""concentration"": 3.0, ""path_length"": 4.0, ""absorbance"": 168.0}, {""wavelength"": 700.0, ""concentration"": 2.0, ""path_length"": 4.0, ""absorbance"": 112.0}]"
seq_0014__target_change_amount__line,seq_0014,target_change_amount,change_amount,line,line,By how much does absorbance change from step 0 to step 4?,-44.0,number,-0.2,False,43.8,"{""answer"": -0.2}","[""/results/yao314652/home/project/outputs/visual_benchmark/qwen25vl_7b_all_modalities/images/seq_0014__target_change_amount__line/line/seq_0014__target_change_amount__line_step_0000.png"", ""/results/yao314652/home/project/outputs/visual_benchmark/qwen25vl_7b_all_modalities/images/seq_0014__target_change_amount__line/line/seq_0014__target_change_amount__line_step_0001.png"", ""/results/yao314652/home/project/outputs/visual_benchmark/qwen25vl_7b_all_modalities/images/seq_0014__target_change_amount__line/line/seq_0014__target_change_amount__line_step_0002.png"", ""/results/yao314652/home/project/outputs/visual_benchmark/qwen25vl_7b_all_modalities/images/seq_0014__target_change_amount__line/line/seq_0014__target_change_amount__line_step_0003.png"", ""/results/yao314652/home/project/outputs/visual_benchmark/qwen25vl_7b_all_modalities/images/seq_0014__target_change_amount__line/line/seq_0014__target_change_amount__line_step_0004.png""]","[{""wavelength"": 650.0, ""concentration"": 4.0, ""path_length"": 3.0, ""absorbance"": 156.0}, {""wavelength"": 700.0, ""concentration"": 4.0, ""path_length"": 3.0, ""absorbance"": 168.0}, {""wavelength"": 700.0, ""concentration"": 3.0, ""path_length"": 3.0, ""absorbance"": 126.0}, {""wavelength"": 700.0, ""concentration"": 3.0, ""path_length"": 4.0, ""absorbance"": 168.0}, {""wavelength"": 700.0, ""concentration"": 2.0, ""path_length"": 4.0, ""absorbance"": 112.0}]"
seq_0014__target_change_amount__scatter,seq_0014,target_change_amount,change_amount,scatter,scatter,By how much does absorbance change from step 0 to step 4?,-44.0,number,-0.1,False,43.9,"{""answer"": -0.1}","[""/results/yao314652/home/project/outputs/visual_benchmark/qwen25vl_7b_all_modalities/images/seq_0014__target_change_amount__scatter/scatter/seq_0014__target_change_amount__scatter_step_0000.png"", ""/results/yao314652/home/project/outputs/visual_benchmark/qwen25vl_7b_all_modalities/images/seq_0014__target_change_amount__scatter/scatter/seq_0014__target_change_amount__scatter_step_0001.png"", ""/results/yao314652/home/project/outputs/visual_benchmark/qwen25vl_7b_all_modalities/images/seq_0014__target_change_amount__scatter/scatter/seq_0014__target_change_amount__scatter_step_0002.png"", ""/results/yao314652/home/project/outputs/visual_benchmark/qwen25vl_7b_all_modalities/images/seq_0014__target_change_amount__scatter/scatter/seq_0014__target_change_amount__scatter_step_0003.png"", ""/results/yao314652/home/project/outputs/visual_benchmark/qwen25vl_7b_all_modalities/images/seq_0014__target_change_amount__scatter/scatter/seq_0014__target_change_amount__scatter_step_0004.png""]","[{""wavelength"": 650.0, ""concentration"": 4.0, ""path_length"": 3.0, ""absorbance"": 156.0}, {""wavelength"": 700.0, ""concentration"": 4.0, ""path_length"": 3.0, ""absorbance"": 168.0}, {""wavelength"": 700.0, ""concentration"": 3.0, ""path_length"": 3.0, ""absorbance"": 126.0}, {""wavelength"": 700.0, ""concentration"": 3.0, ""path_length"": 4.0, ""absorbance"": 168.0}, {""wavelength"": 700.0, ""concentration"": 2.0, ""path_length"": 4.0, ""absorbance"": 112.0}]"
seq_0014__target_change_amount__simulation,seq_0014,target_change_amount,change_amount,simulation,simulation,By how much does absorbance change from step 0 to step 4?,-44.0,number,1,False,45.0,"{""answer"": 1}","[""/results/yao314652/home/project/outputs/visual_benchmark/qwen25vl_7b_all_modalities/images/seq_0014__target_change_amount__simulation/simulation/step_0000.png"", ""/results/yao314652/home/project/outputs/visual_benchmark/qwen25vl_7b_all_modalities/images/seq_0014__target_change_amount__simulation/simulation/step_0001.png"", ""/results/yao314652/home/project/outputs/visual_benchmark/qwen25vl_7b_all_modalities/images/seq_0014__target_change_amount__simulation/simulation/step_0002.png"", ""/results/yao314652/home/project/outputs/visual_benchmark/qwen25vl_7b_all_modalities/images/seq_0014__target_change_amount__simulation/simulation/step_0003.png"", ""/results/yao314652/home/project/outputs/visual_benchmark/qwen25vl_7b_all_modalities/images/seq_0014__target_change_amount__simulation/simulation/step_0004.png""]","[{""wavelength"": 650.0, ""concentration"": 4.0, ""path_length"": 3.0, ""absorbance"": 156.0}, {""wavelength"": 700.0, ""concentration"": 4.0, ""path_length"": 3.0, ""absorbance"": 168.0}, {""wavelength"": 700.0, ""concentration"": 3.0, ""path_length"": 3.0, ""absorbance"": 126.0}, {""wavelength"": 700.0, ""concentration"": 3.0, ""path_length"": 4.0, ""absorbance"": 168.0}, {""wavelength"": 700.0, ""concentration"": 2.0, ""path_length"": 4.0, ""absorbance"": 112.0}]"
seq_0014__target_change_direction__text,seq_0014,target_change_direction,change_direction,text,none,"Does absorbance increase, decrease, or stay the same from step 0 to step 4?",decrease,category,decrease,True,,"{
  ""answer"": ""decrease""
}",[],"[{""wavelength"": 650.0, ""concentration"": 4.0, ""path_length"": 3.0, ""absorbance"": 156.0}, {""wavelength"": 700.0, ""concentration"": 4.0, ""path_length"": 3.0, ""absorbance"": 168.0}, {""wavelength"": 700.0, ""concentration"": 3.0, ""path_length"": 3.0, ""absorbance"": 126.0}, {""wavelength"": 700.0, ""concentration"": 3.0, ""path_length"": 4.0, ""absorbance"": 168.0}, {""wavelength"": 700.0, ""concentration"": 2.0, ""path_length"": 4.0, ""absorbance"": 112.0}]"
seq_0014__target_change_direction__bar,seq_0014,target_change_direction,change_direction,bar,bar,"Does absorbance increase, decrease, or stay the same from step 0 to step 4?",decrease,category,decrease,True,,"{""answer"": ""decrease""}","[""/results/yao314652/home/project/outputs/visual_benchmark/qwen25vl_7b_all_modalities/images/seq_0014__target_change_direction__bar/bar/step_0000.png"", ""/results/yao314652/home/project/outputs/visual_benchmark/qwen25vl_7b_all_modalities/images/seq_0014__target_change_direction__bar/bar/step_0001.png"", ""/results/yao314652/home/project/outputs/visual_benchmark/qwen25vl_7b_all_modalities/images/seq_0014__target_change_direction__bar/bar/step_0002.png"", ""/results/yao314652/home/project/outputs/visual_benchmark/qwen25vl_7b_all_modalities/images/seq_0014__target_change_direction__bar/bar/step_0003.png"", ""/results/yao314652/home/project/outputs/visual_benchmark/qwen25vl_7b_all_modalities/images/seq_0014__target_change_direction__bar/bar/step_0004.png""]","[{""wavelength"": 650.0, ""concentration"": 4.0, ""path_length"": 3.0, ""absorbance"": 156.0}, {""wavelength"": 700.0, ""concentration"": 4.0, ""path_length"": 3.0, ""absorbance"": 168.0}, {""wavelength"": 700.0, ""concentration"": 3.0, ""path_length"": 3.0, ""absorbance"": 126.0}, {""wavelength"": 700.0, ""concentration"": 3.0, ""path_length"": 4.0, ""absorbance"": 168.0}, {""wavelength"": 700.0, ""concentration"": 2.0, ""path_length"": 4.0, ""absorbance"": 112.0}]"
seq_0014__target_change_direction__line,seq_0014,target_change_direction,change_direction,line,line,"Does absorbance increase, decrease, or stay the same from step 0 to step 4?",decrease,category,decrease,True,,"{""answer"": ""decrease""}","[""/results/yao314652/home/project/outputs/visual_benchmark/qwen25vl_7b_all_modalities/images/seq_0014__target_change_direction__line/line/seq_0014__target_change_direction__line_step_0000.png"", ""/results/yao314652/home/project/outputs/visual_benchmark/qwen25vl_7b_all_modalities/images/seq_0014__target_change_direction__line/line/seq_0014__target_change_direction__line_step_0001.png"", ""/results/yao314652/home/project/outputs/visual_benchmark/qwen25vl_7b_all_modalities/images/seq_0014__target_change_direction__line/line/seq_0014__target_change_direction__line_step_0002.png"", ""/results/yao314652/home/project/outputs/visual_benchmark/qwen25vl_7b_all_modalities/images/seq_0014__target_change_direction__line/line/seq_0014__target_change_direction__line_step_0003.png"", ""/results/yao314652/home/project/outputs/visual_benchmark/qwen25vl_7b_all_modalities/images/seq_0014__target_change_direction__line/line/seq_0014__target_change_direction__line_step_0004.png""]","[{""wavelength"": 650.0, ""concentration"": 4.0, ""path_length"": 3.0, ""absorbance"": 156.0}, {""wavelength"": 700.0, ""concentration"": 4.0, ""path_length"": 3.0, ""absorbance"": 168.0}, {""wavelength"": 700.0, ""concentration"": 3.0, ""path_length"": 3.0, ""absorbance"": 126.0}, {""wavelength"": 700.0, ""concentration"": 3.0, ""path_length"": 4.0, ""absorbance"": 168.0}, {""wavelength"": 700.0, ""concentration"": 2.0, ""path_length"": 4.0, ""absorbance"": 112.0}]"
seq_0014__target_change_direction__scatter,seq_0014,target_change_direction,change_direction,scatter,scatter,"Does absorbance increase, decrease, or stay the same from step 0 to step 4?",decrease,category,increase,False,,"{""answer"": ""increase""}","[""/results/yao314652/home/project/outputs/visual_benchmark/qwen25vl_7b_all_modalities/images/seq_0014__target_change_direction__scatter/scatter/seq_0014__target_change_direction__scatter_step_0000.png"", ""/results/yao314652/home/project/outputs/visual_benchmark/qwen25vl_7b_all_modalities/images/seq_0014__target_change_direction__scatter/scatter/seq_0014__target_change_direction__scatter_step_0001.png"", ""/results/yao314652/home/project/outputs/visual_benchmark/qwen25vl_7b_all_modalities/images/seq_0014__target_change_direction__scatter/scatter/seq_0014__target_change_direction__scatter_step_0002.png"", ""/results/yao314652/home/project/outputs/visual_benchmark/qwen25vl_7b_all_modalities/images/seq_0014__target_change_direction__scatter/scatter/seq_0014__target_change_direction__scatter_step_0003.png"", ""/results/yao314652/home/project/outputs/visual_benchmark/qwen25vl_7b_all_modalities/images/seq_0014__target_change_direction__scatter/scatter/seq_0014__target_change_direction__scatter_step_0004.png""]","[{""wavelength"": 650.0, ""concentration"": 4.0, ""path_length"": 3.0, ""absorbance"": 156.0}, {""wavelength"": 700.0, ""concentration"": 4.0, ""path_length"": 3.0, ""absorbance"": 168.0}, {""wavelength"": 700.0, ""concentration"": 3.0, ""path_length"": 3.0, ""absorbance"": 126.0}, {""wavelength"": 700.0, ""concentration"": 3.0, ""path_length"": 4.0, ""absorbance"": 168.0}, {""wavelength"": 700.0, ""concentration"": 2.0, ""path_length"": 4.0, ""absorbance"": 112.0}]"
seq_0014__target_change_direction__simulation,seq_0014,target_change_direction,change_direction,simulation,simulation,"Does absorbance increase, decrease, or stay the same from step 0 to step 4?",decrease,category,increase,False,,"{""answer"": ""increase""}","[""/results/yao314652/home/project/outputs/visual_benchmark/qwen25vl_7b_all_modalities/images/seq_0014__target_change_direction__simulation/simulation/step_0000.png"", ""/results/yao314652/home/project/outputs/visual_benchmark/qwen25vl_7b_all_modalities/images/seq_0014__target_change_direction__simulation/simulation/step_0001.png"", ""/results/yao314652/home/project/outputs/visual_benchmark/qwen25vl_7b_all_modalities/images/seq_0014__target_change_direction__simulation/simulation/step_0002.png"", ""/results/yao314652/home/project/outputs/visual_benchmark/qwen25vl_7b_all_modalities/images/seq_0014__target_change_direction__simulation/simulation/step_0003.png"", ""/results/yao314652/home/project/outputs/visual_benchmark/qwen25vl_7b_all_modalities/images/seq_0014__target_change_direction__simulation/simulation/step_0004.png""]","[{""wavelength"": 650.0, ""concentration"": 4.0, ""path_length"": 3.0, ""absorbance"": 156.0}, {""wavelength"": 700.0, ""concentration"": 4.0, ""path_length"": 3.0, ""absorbance"": 168.0}, {""wavelength"": 700.0, ""concentration"": 3.0, ""path_length"": 3.0, ""absorbance"": 126.0}, {""wavelength"": 700.0, ""concentration"": 3.0, ""path_length"": 4.0, ""absorbance"": 168.0}, {""wavelength"": 700.0, ""concentration"": 2.0, ""path_length"": 4.0, ""absorbance"": 112.0}]"
seq_0014__changed_variable_0_to_1__text,seq_0014,changed_variable_0_to_1,changed_variable,text,none,Which input variable changed from step 0 to step 1?,wavelength,category,wavelength,True,,"{""answer"": ""wavelength""}",[],"[{""wavelength"": 650.0, ""concentration"": 4.0, ""path_length"": 3.0, ""absorbance"": 156.0}, {""wavelength"": 700.0, ""concentration"": 4.0, ""path_length"": 3.0, ""absorbance"": 168.0}, {""wavelength"": 700.0, ""concentration"": 3.0, ""path_length"": 3.0, ""absorbance"": 126.0}, {""wavelength"": 700.0, ""concentration"": 3.0, ""path_length"": 4.0, ""absorbance"": 168.0}, {""wavelength"": 700.0, ""concentration"": 2.0, ""path_length"": 4.0, ""absorbance"": 112.0}]"
seq_0014__changed_variable_0_to_1__bar,seq_0014,changed_variable_0_to_1,changed_variable,bar,bar,Which input variable changed from step 0 to step 1?,wavelength,category,increase,False,,increase,"[""/results/yao314652/home/project/outputs/visual_benchmark/qwen25vl_7b_all_modalities/images/seq_0014__changed_variable_0_to_1__bar/bar/step_0000.png"", ""/results/yao314652/home/project/outputs/visual_benchmark/qwen25vl_7b_all_modalities/images/seq_0014__changed_variable_0_to_1__bar/bar/step_0001.png"", ""/results/yao314652/home/project/outputs/visual_benchmark/qwen25vl_7b_all_modalities/images/seq_0014__changed_variable_0_to_1__bar/bar/step_0002.png"", ""/results/yao314652/home/project/outputs/visual_benchmark/qwen25vl_7b_all_modalities/images/seq_0014__changed_variable_0_to_1__bar/bar/step_0003.png"", ""/results/yao314652/home/project/outputs/visual_benchmark/qwen25vl_7b_all_modalities/images/seq_0014__changed_variable_0_to_1__bar/bar/step_0004.png""]","[{""wavelength"": 650.0, ""concentration"": 4.0, ""path_length"": 3.0, ""absorbance"": 156.0}, {""wavelength"": 700.0, ""concentration"": 4.0, ""path_length"": 3.0, ""absorbance"": 168.0}, {""wavelength"": 700.0, ""concentration"": 3.0, ""path_length"": 3.0, ""absorbance"": 126.0}, {""wavelength"": 700.0, ""concentration"": 3.0, ""path_length"": 4.0, ""absorbance"": 168.0}, {""wavelength"": 700.0, ""concentration"": 2.0, ""path_length"": 4.0, ""absorbance"": 112.0}]"
seq_0014__changed_variable_0_to_1__line,seq_0014,changed_variable_0_to_1,changed_variable,line,line,Which input variable changed from step 0 to step 1?,wavelength,category,decrease,False,,"{
    ""answer"": ""decrease""
}","[""/results/yao314652/home/project/outputs/visual_benchmark/qwen25vl_7b_all_modalities/images/seq_0014__changed_variable_0_to_1__line/line/seq_0014__changed_variable_0_to_1__line_step_0000.png"", ""/results/yao314652/home/project/outputs/visual_benchmark/qwen25vl_7b_all_modalities/images/seq_0014__changed_variable_0_to_1__line/line/seq_0014__changed_variable_0_to_1__line_step_0001.png"", ""/results/yao314652/home/project/outputs/visual_benchmark/qwen25vl_7b_all_modalities/images/seq_0014__changed_variable_0_to_1__line/line/seq_0014__changed_variable_0_to_1__line_step_0002.png"", ""/results/yao314652/home/project/outputs/visual_benchmark/qwen25vl_7b_all_modalities/images/seq_0014__changed_variable_0_to_1__line/line/seq_0014__changed_variable_0_to_1__line_step_0003.png"", ""/results/yao314652/home/project/outputs/visual_benchmark/qwen25vl_7b_all_modalities/images/seq_0014__changed_variable_0_to_1__line/line/seq_0014__changed_variable_0_to_1__line_step_0004.png""]","[{""wavelength"": 650.0, ""concentration"": 4.0, ""path_length"": 3.0, ""absorbance"": 156.0}, {""wavelength"": 700.0, ""concentration"": 4.0, ""path_length"": 3.0, ""absorbance"": 168.0}, {""wavelength"": 700.0, ""concentration"": 3.0, ""path_length"": 3.0, ""absorbance"": 126.0}, {""wavelength"": 700.0, ""concentration"": 3.0, ""path_length"": 4.0, ""absorbance"": 168.0}, {""wavelength"": 700.0, ""concentration"": 2.0, ""path_length"": 4.0, ""absorbance"": 112.0}]"
seq_0014__changed_variable_0_to_1__scatter,seq_0014,changed_variable_0_to_1,changed_variable,scatter,scatter,Which input variable changed from step 0 to step 1?,wavelength,category,x,False,,"{""answer"": ""x""}","[""/results/yao314652/home/project/outputs/visual_benchmark/qwen25vl_7b_all_modalities/images/seq_0014__changed_variable_0_to_1__scatter/scatter/seq_0014__changed_variable_0_to_1__scatter_step_0000.png"", ""/results/yao314652/home/project/outputs/visual_benchmark/qwen25vl_7b_all_modalities/images/seq_0014__changed_variable_0_to_1__scatter/scatter/seq_0014__changed_variable_0_to_1__scatter_step_0001.png"", ""/results/yao314652/home/project/outputs/visual_benchmark/qwen25vl_7b_all_modalities/images/seq_0014__changed_variable_0_to_1__scatter/scatter/seq_0014__changed_variable_0_to_1__scatter_step_0002.png"", ""/results/yao314652/home/project/outputs/visual_benchmark/qwen25vl_7b_all_modalities/images/seq_0014__changed_variable_0_to_1__scatter/scatter/seq_0014__changed_variable_0_to_1__scatter_step_0003.png"", ""/results/yao314652/home/project/outputs/visual_benchmark/qwen25vl_7b_all_modalities/images/seq_0014__changed_variable_0_to_1__scatter/scatter/seq_0014__changed_variable_0_to_1__scatter_step_0004.png""]","[{""wavelength"": 650.0, ""concentration"": 4.0, ""path_length"": 3.0, ""absorbance"": 156.0}, {""wavelength"": 700.0, ""concentration"": 4.0, ""path_length"": 3.0, ""absorbance"": 168.0}, {""wavelength"": 700.0, ""concentration"": 3.0, ""path_length"": 3.0, ""absorbance"": 126.0}, {""wavelength"": 700.0, ""concentration"": 3.0, ""path_length"": 4.0, ""absorbance"": 168.0}, {""wavelength"": 700.0, ""concentration"": 2.0, ""path_length"": 4.0, ""absorbance"": 112.0}]"
seq_0014__changed_variable_0_to_1__simulation,seq_0014,changed_variable_0_to_1,changed_variable,simulation,simulation,Which input variable changed from step 0 to step 1?,wavelength,category,same,False,,"{""answer"": ""same""}","[""/results/yao314652/home/project/outputs/visual_benchmark/qwen25vl_7b_all_modalities/images/seq_0014__changed_variable_0_to_1__simulation/simulation/step_0000.png"", ""/results/yao314652/home/project/outputs/visual_benchmark/qwen25vl_7b_all_modalities/images/seq_0014__changed_variable_0_to_1__simulation/simulation/step_0001.png"", ""/results/yao314652/home/project/outputs/visual_benchmark/qwen25vl_7b_all_modalities/images/seq_0014__changed_variable_0_to_1__simulation/simulation/step_0002.png"", ""/results/yao314652/home/project/outputs/visual_benchmark/qwen25vl_7b_all_modalities/images/seq_0014__changed_variable_0_to_1__simulation/simulation/step_0003.png"", ""/results/yao314652/home/project/outputs/visual_benchmark/qwen25vl_7b_all_modalities/images/seq_0014__changed_variable_0_to_1__simulation/simulation/step_0004.png""]","[{""wavelength"": 650.0, ""concentration"": 4.0, ""path_length"": 3.0, ""absorbance"": 156.0}, {""wavelength"": 700.0, ""concentration"": 4.0, ""path_length"": 3.0, ""absorbance"": 168.0}, {""wavelength"": 700.0, ""concentration"": 3.0, ""path_length"": 3.0, ""absorbance"": 126.0}, {""wavelength"": 700.0, ""concentration"": 3.0, ""path_length"": 4.0, ""absorbance"": 168.0}, {""wavelength"": 700.0, ""concentration"": 2.0, ""path_length"": 4.0, ""absorbance"": 112.0}]"
seq_0014__max_target_step__text,seq_0014,max_target_step,max_step,text,none,At which step is absorbance the highest?,1,step,1,True,,"```json
{""answer"": 1}
```",[],"[{""wavelength"": 650.0, ""concentration"": 4.0, ""path_length"": 3.0, ""absorbance"": 156.0}, {""wavelength"": 700.0, ""concentration"": 4.0, ""path_length"": 3.0, ""absorbance"": 168.0}, {""wavelength"": 700.0, ""concentration"": 3.0, ""path_length"": 3.0, ""absorbance"": 126.0}, {""wavelength"": 700.0, ""concentration"": 3.0, ""path_length"": 4.0, ""absorbance"": 168.0}, {""wavelength"": 700.0, ""concentration"": 2.0, ""path_length"": 4.0, ""absorbance"": 112.0}]"
seq_0014__max_target_step__bar,seq_0014,max_target_step,max_step,bar,bar,At which step is absorbance the highest?,1,step,1,True,,"{""answer"": 1}","[""/results/yao314652/home/project/outputs/visual_benchmark/qwen25vl_7b_all_modalities/images/seq_0014__max_target_step__bar/bar/step_0000.png"", ""/results/yao314652/home/project/outputs/visual_benchmark/qwen25vl_7b_all_modalities/images/seq_0014__max_target_step__bar/bar/step_0001.png"", ""/results/yao314652/home/project/outputs/visual_benchmark/qwen25vl_7b_all_modalities/images/seq_0014__max_target_step__bar/bar/step_0002.png"", ""/results/yao314652/home/project/outputs/visual_benchmark/qwen25vl_7b_all_modalities/images/seq_0014__max_target_step__bar/bar/step_0003.png"", ""/results/yao314652/home/project/outputs/visual_benchmark/qwen25vl_7b_all_modalities/images/seq_0014__max_target_step__bar/bar/step_0004.png""]","[{""wavelength"": 650.0, ""concentration"": 4.0, ""path_length"": 3.0, ""absorbance"": 156.0}, {""wavelength"": 700.0, ""concentration"": 4.0, ""path_length"": 3.0, ""absorbance"": 168.0}, {""wavelength"": 700.0, ""concentration"": 3.0, ""path_length"": 3.0, ""absorbance"": 126.0}, {""wavelength"": 700.0, ""concentration"": 3.0, ""path_length"": 4.0, ""absorbance"": 168.0}, {""wavelength"": 700.0, ""concentration"": 2.0, ""path_length"": 4.0, ""absorbance"": 112.0}]"
seq_0014__max_target_step__line,seq_0014,max_target_step,max_step,line,line,At which step is absorbance the highest?,1,step,0,False,,"{""answer"": 0}","[""/results/yao314652/home/project/outputs/visual_benchmark/qwen25vl_7b_all_modalities/images/seq_0014__max_target_step__line/line/seq_0014__max_target_step__line_step_0000.png"", ""/results/yao314652/home/project/outputs/visual_benchmark/qwen25vl_7b_all_modalities/images/seq_0014__max_target_step__line/line/seq_0014__max_target_step__line_step_0001.png"", ""/results/yao314652/home/project/outputs/visual_benchmark/qwen25vl_7b_all_modalities/images/seq_0014__max_target_step__line/line/seq_0014__max_target_step__line_step_0002.png"", ""/results/yao314652/home/project/outputs/visual_benchmark/qwen25vl_7b_all_modalities/images/seq_0014__max_target_step__line/line/seq_0014__max_target_step__line_step_0003.png"", ""/results/yao314652/home/project/outputs/visual_benchmark/qwen25vl_7b_all_modalities/images/seq_0014__max_target_step__line/line/seq_0014__max_target_step__line_step_0004.png""]","[{""wavelength"": 650.0, ""concentration"": 4.0, ""path_length"": 3.0, ""absorbance"": 156.0}, {""wavelength"": 700.0, ""concentration"": 4.0, ""path_length"": 3.0, ""absorbance"": 168.0}, {""wavelength"": 700.0, ""concentration"": 3.0, ""path_length"": 3.0, ""absorbance"": 126.0}, {""wavelength"": 700.0, ""concentration"": 3.0, ""path_length"": 4.0, ""absorbance"": 168.0}, {""wavelength"": 700.0, ""concentration"": 2.0, ""path_length"": 4.0, ""absorbance"": 112.0}]"
seq_0014__max_target_step__scatter,seq_0014,max_target_step,max_step,scatter,scatter,At which step is absorbance the highest?,1,step,1,True,,"{""answer"": 1}","[""/results/yao314652/home/project/outputs/visual_benchmark/qwen25vl_7b_all_modalities/images/seq_0014__max_target_step__scatter/scatter/seq_0014__max_target_step__scatter_step_0000.png"", ""/results/yao314652/home/project/outputs/visual_benchmark/qwen25vl_7b_all_modalities/images/seq_0014__max_target_step__scatter/scatter/seq_0014__max_target_step__scatter_step_0001.png"", ""/results/yao314652/home/project/outputs/visual_benchmark/qwen25vl_7b_all_modalities/images/seq_0014__max_target_step__scatter/scatter/seq_0014__max_target_step__scatter_step_0002.png"", ""/results/yao314652/home/project/outputs/visual_benchmark/qwen25vl_7b_all_modalities/images/seq_0014__max_target_step__scatter/scatter/seq_0014__max_target_step__scatter_step_0003.png"", ""/results/yao314652/home/project/outputs/visual_benchmark/qwen25vl_7b_all_modalities/images/seq_0014__max_target_step__scatter/scatter/seq_0014__max_target_step__scatter_step_0004.png""]","[{""wavelength"": 650.0, ""concentration"": 4.0, ""path_length"": 3.0, ""absorbance"": 156.0}, {""wavelength"": 700.0, ""concentration"": 4.0, ""path_length"": 3.0, ""absorbance"": 168.0}, {""wavelength"": 700.0, ""concentration"": 3.0, ""path_length"": 3.0, ""absorbance"": 126.0}, {""wavelength"": 700.0, ""concentration"": 3.0, ""path_length"": 4.0, ""absorbance"": 168.0}, {""wavelength"": 700.0, ""concentration"": 2.0, ""path_length"": 4.0, ""absorbance"": 112.0}]"
seq_0014__max_target_step__simulation,seq_0014,max_target_step,max_step,simulation,simulation,At which step is absorbance the highest?,1,step,4,False,,"{""answer"": 4}","[""/results/yao314652/home/project/outputs/visual_benchmark/qwen25vl_7b_all_modalities/images/seq_0014__max_target_step__simulation/simulation/step_0000.png"", ""/results/yao314652/home/project/outputs/visual_benchmark/qwen25vl_7b_all_modalities/images/seq_0014__max_target_step__simulation/simulation/step_0001.png"", ""/results/yao314652/home/project/outputs/visual_benchmark/qwen25vl_7b_all_modalities/images/seq_0014__max_target_step__simulation/simulation/step_0002.png"", ""/results/yao314652/home/project/outputs/visual_benchmark/qwen25vl_7b_all_modalities/images/seq_0014__max_target_step__simulation/simulation/step_0003.png"", ""/results/yao314652/home/project/outputs/visual_benchmark/qwen25vl_7b_all_modalities/images/seq_0014__max_target_step__simulation/simulation/step_0004.png""]","[{""wavelength"": 650.0, ""concentration"": 4.0, ""path_length"": 3.0, ""absorbance"": 156.0}, {""wavelength"": 700.0, ""concentration"": 4.0, ""path_length"": 3.0, ""absorbance"": 168.0}, {""wavelength"": 700.0, ""concentration"": 3.0, ""path_length"": 3.0, ""absorbance"": 126.0}, {""wavelength"": 700.0, ""concentration"": 3.0, ""path_length"": 4.0, ""absorbance"": 168.0}, {""wavelength"": 700.0, ""concentration"": 2.0, ""path_length"": 4.0, ""absorbance"": 112.0}]"
seq_0014__largest_target_drop_step__text,seq_0014,largest_target_drop_step,largest_drop_step,text,none,"At which step does absorbance show the largest drop compared with the previous step? If it never drops, answer none.",4,step_or_none,3,False,,"```json
{""answer"": 3}
```",[],"[{""wavelength"": 650.0, ""concentration"": 4.0, ""path_length"": 3.0, ""absorbance"": 156.0}, {""wavelength"": 700.0, ""concentration"": 4.0, ""path_length"": 3.0, ""absorbance"": 168.0}, {""wavelength"": 700.0, ""concentration"": 3.0, ""path_length"": 3.0, ""absorbance"": 126.0}, {""wavelength"": 700.0, ""concentration"": 3.0, ""path_length"": 4.0, ""absorbance"": 168.0}, {""wavelength"": 700.0, ""concentration"": 2.0, ""path_length"": 4.0, ""absorbance"": 112.0}]"
seq_0014__largest_target_drop_step__bar,seq_0014,largest_target_drop_step,largest_drop_step,bar,bar,"At which step does absorbance show the largest drop compared with the previous step? If it never drops, answer none.",4,step_or_none,4,True,,"{""answer"": 4}","[""/results/yao314652/home/project/outputs/visual_benchmark/qwen25vl_7b_all_modalities/images/seq_0014__largest_target_drop_step__bar/bar/step_0000.png"", ""/results/yao314652/home/project/outputs/visual_benchmark/qwen25vl_7b_all_modalities/images/seq_0014__largest_target_drop_step__bar/bar/step_0001.png"", ""/results/yao314652/home/project/outputs/visual_benchmark/qwen25vl_7b_all_modalities/images/seq_0014__largest_target_drop_step__bar/bar/step_0002.png"", ""/results/yao314652/home/project/outputs/visual_benchmark/qwen25vl_7b_all_modalities/images/seq_0014__largest_target_drop_step__bar/bar/step_0003.png"", ""/results/yao314652/home/project/outputs/visual_benchmark/qwen25vl_7b_all_modalities/images/seq_0014__largest_target_drop_step__bar/bar/step_0004.png""]","[{""wavelength"": 650.0, ""concentration"": 4.0, ""path_length"": 3.0, ""absorbance"": 156.0}, {""wavelength"": 700.0, ""concentration"": 4.0, ""path_length"": 3.0, ""absorbance"": 168.0}, {""wavelength"": 700.0, ""concentration"": 3.0, ""path_length"": 3.0, ""absorbance"": 126.0}, {""wavelength"": 700.0, ""concentration"": 3.0, ""path_length"": 4.0, ""absorbance"": 168.0}, {""wavelength"": 700.0, ""concentration"": 2.0, ""path_length"": 4.0, ""absorbance"": 112.0}]"
seq_0014__largest_target_drop_step__line,seq_0014,largest_target_drop_step,largest_drop_step,line,line,"At which step does absorbance show the largest drop compared with the previous step? If it never drops, answer none.",4,step_or_none,2,False,,"{""answer"": 2}","[""/results/yao314652/home/project/outputs/visual_benchmark/qwen25vl_7b_all_modalities/images/seq_0014__largest_target_drop_step__line/line/seq_0014__largest_target_drop_step__line_step_0000.png"", ""/results/yao314652/home/project/outputs/visual_benchmark/qwen25vl_7b_all_modalities/images/seq_0014__largest_target_drop_step__line/line/seq_0014__largest_target_drop_step__line_step_0001.png"", ""/results/yao314652/home/project/outputs/visual_benchmark/qwen25vl_7b_all_modalities/images/seq_0014__largest_target_drop_step__line/line/seq_0014__largest_target_drop_step__line_step_0002.png"", ""/results/yao314652/home/project/outputs/visual_benchmark/qwen25vl_7b_all_modalities/images/seq_0014__largest_target_drop_step__line/line/seq_0014__largest_target_drop_step__line_step_0003.png"", ""/results/yao314652/home/project/outputs/visual_benchmark/qwen25vl_7b_all_modalities/images/seq_0014__largest_target_drop_step__line/line/seq_0014__largest_target_drop_step__line_step_0004.png""]","[{""wavelength"": 650.0, ""concentration"": 4.0, ""path_length"": 3.0, ""absorbance"": 156.0}, {""wavelength"": 700.0, ""concentration"": 4.0, ""path_length"": 3.0, ""absorbance"": 168.0}, {""wavelength"": 700.0, ""concentration"": 3.0, ""path_length"": 3.0, ""absorbance"": 126.0}, {""wavelength"": 700.0, ""concentration"": 3.0, ""path_length"": 4.0, ""absorbance"": 168.0}, {""wavelength"": 700.0, ""concentration"": 2.0, ""path_length"": 4.0, ""absorbance"": 112.0}]"
seq_0014__largest_target_drop_step__scatter,seq_0014,largest_target_drop_step,largest_drop_step,scatter,scatter,"At which step does absorbance show the largest drop compared with the previous step? If it never drops, answer none.",4,step_or_none,3,False,,"{""answer"": 3}","[""/results/yao314652/home/project/outputs/visual_benchmark/qwen25vl_7b_all_modalities/images/seq_0014__largest_target_drop_step__scatter/scatter/seq_0014__largest_target_drop_step__scatter_step_0000.png"", ""/results/yao314652/home/project/outputs/visual_benchmark/qwen25vl_7b_all_modalities/images/seq_0014__largest_target_drop_step__scatter/scatter/seq_0014__largest_target_drop_step__scatter_step_0001.png"", ""/results/yao314652/home/project/outputs/visual_benchmark/qwen25vl_7b_all_modalities/images/seq_0014__largest_target_drop_step__scatter/scatter/seq_0014__largest_target_drop_step__scatter_step_0002.png"", ""/results/yao314652/home/project/outputs/visual_benchmark/qwen25vl_7b_all_modalities/images/seq_0014__largest_target_drop_step__scatter/scatter/seq_0014__largest_target_drop_step__scatter_step_0003.png"", ""/results/yao314652/home/project/outputs/visual_benchmark/qwen25vl_7b_all_modalities/images/seq_0014__largest_target_drop_step__scatter/scatter/seq_0014__largest_target_drop_step__scatter_step_0004.png""]","[{""wavelength"": 650.0, ""concentration"": 4.0, ""path_length"": 3.0, ""absorbance"": 156.0}, {""wavelength"": 700.0, ""concentration"": 4.0, ""path_length"": 3.0, ""absorbance"": 168.0}, {""wavelength"": 700.0, ""concentration"": 3.0, ""path_length"": 3.0, ""absorbance"": 126.0}, {""wavelength"": 700.0, ""concentration"": 3.0, ""path_length"": 4.0, ""absorbance"": 168.0}, {""wavelength"": 700.0, ""concentration"": 2.0, ""path_length"": 4.0, ""absorbance"": 112.0}]"
seq_0014__largest_target_drop_step__simulation,seq_0014,largest_target_drop_step,largest_drop_step,simulation,simulation,"At which step does absorbance show the largest drop compared with the previous step? If it never drops, answer none.",4,step_or_none,3,False,,"{""answer"": 3}","[""/results/yao314652/home/project/outputs/visual_benchmark/qwen25vl_7b_all_modalities/images/seq_0014__largest_target_drop_step__simulation/simulation/step_0000.png"", ""/results/yao314652/home/project/outputs/visual_benchmark/qwen25vl_7b_all_modalities/images/seq_0014__largest_target_drop_step__simulation/simulation/step_0001.png"", ""/results/yao314652/home/project/outputs/visual_benchmark/qwen25vl_7b_all_modalities/images/seq_0014__largest_target_drop_step__simulation/simulation/step_0002.png"", ""/results/yao314652/home/project/outputs/visual_benchmark/qwen25vl_7b_all_modalities/images/seq_0014__largest_target_drop_step__simulation/simulation/step_0003.png"", ""/results/yao314652/home/project/outputs/visual_benchmark/qwen25vl_7b_all_modalities/images/seq_0014__largest_target_drop_step__simulation/simulation/step_0004.png""]","[{""wavelength"": 650.0, ""concentration"": 4.0, ""path_length"": 3.0, ""absorbance"": 156.0}, {""wavelength"": 700.0, ""concentration"": 4.0, ""path_length"": 3.0, ""absorbance"": 168.0}, {""wavelength"": 700.0, ""concentration"": 3.0, ""path_length"": 3.0, ""absorbance"": 126.0}, {""wavelength"": 700.0, ""concentration"": 3.0, ""path_length"": 4.0, ""absorbance"": 168.0}, {""wavelength"": 700.0, ""concentration"": 2.0, ""path_length"": 4.0, ""absorbance"": 112.0}]"
seq_0015__read_last_target__text,seq_0015,read_last_target,value_at_step,text,none,What is the value of absorbance at step 4?,64.0,number,64,True,0.0,"{""answer"": 64}",[],"[{""wavelength"": 450.0, ""concentration"": 5.0, ""path_length"": 4.0, ""absorbance"": 180.0}, {""wavelength"": 450.0, ""concentration"": 5.0, ""path_length"": 3.0, ""absorbance"": 135.0}, {""wavelength"": 400.0, ""concentration"": 5.0, ""path_length"": 3.0, ""absorbance"": 120.0}, {""wavelength"": 400.0, ""concentration"": 5.0, ""path_length"": 2.0, ""absorbance"": 80.0}, {""wavelength"": 400.0, ""concentration"": 4.0, ""path_length"": 2.0, ""absorbance"": 64.0}]"
seq_0015__read_last_target__bar,seq_0015,read_last_target,value_at_step,bar,bar,What is the value of absorbance at step 4?,64.0,number,0.1,False,63.9,"{""answer"": 0.1}","[""/results/yao314652/home/project/outputs/visual_benchmark/qwen25vl_7b_all_modalities/images/seq_0015__read_last_target__bar/bar/step_0000.png"", ""/results/yao314652/home/project/outputs/visual_benchmark/qwen25vl_7b_all_modalities/images/seq_0015__read_last_target__bar/bar/step_0001.png"", ""/results/yao314652/home/project/outputs/visual_benchmark/qwen25vl_7b_all_modalities/images/seq_0015__read_last_target__bar/bar/step_0002.png"", ""/results/yao314652/home/project/outputs/visual_benchmark/qwen25vl_7b_all_modalities/images/seq_0015__read_last_target__bar/bar/step_0003.png"", ""/results/yao314652/home/project/outputs/visual_benchmark/qwen25vl_7b_all_modalities/images/seq_0015__read_last_target__bar/bar/step_0004.png""]","[{""wavelength"": 450.0, ""concentration"": 5.0, ""path_length"": 4.0, ""absorbance"": 180.0}, {""wavelength"": 450.0, ""concentration"": 5.0, ""path_length"": 3.0, ""absorbance"": 135.0}, {""wavelength"": 400.0, ""concentration"": 5.0, ""path_length"": 3.0, ""absorbance"": 120.0}, {""wavelength"": 400.0, ""concentration"": 5.0, ""path_length"": 2.0, ""absorbance"": 80.0}, {""wavelength"": 400.0, ""concentration"": 4.0, ""path_length"": 2.0, ""absorbance"": 64.0}]"
seq_0015__read_last_target__line,seq_0015,read_last_target,value_at_step,line,line,What is the value of absorbance at step 4?,64.0,number,0.2,False,63.8,"{""answer"": 0.2}","[""/results/yao314652/home/project/outputs/visual_benchmark/qwen25vl_7b_all_modalities/images/seq_0015__read_last_target__line/line/seq_0015__read_last_target__line_step_0000.png"", ""/results/yao314652/home/project/outputs/visual_benchmark/qwen25vl_7b_all_modalities/images/seq_0015__read_last_target__line/line/seq_0015__read_last_target__line_step_0001.png"", ""/results/yao314652/home/project/outputs/visual_benchmark/qwen25vl_7b_all_modalities/images/seq_0015__read_last_target__line/line/seq_0015__read_last_target__line_step_0002.png"", ""/results/yao314652/home/project/outputs/visual_benchmark/qwen25vl_7b_all_modalities/images/seq_0015__read_last_target__line/line/seq_0015__read_last_target__line_step_0003.png"", ""/results/yao314652/home/project/outputs/visual_benchmark/qwen25vl_7b_all_modalities/images/seq_0015__read_last_target__line/line/seq_0015__read_last_target__line_step_0004.png""]","[{""wavelength"": 450.0, ""concentration"": 5.0, ""path_length"": 4.0, ""absorbance"": 180.0}, {""wavelength"": 450.0, ""concentration"": 5.0, ""path_length"": 3.0, ""absorbance"": 135.0}, {""wavelength"": 400.0, ""concentration"": 5.0, ""path_length"": 3.0, ""absorbance"": 120.0}, {""wavelength"": 400.0, ""concentration"": 5.0, ""path_length"": 2.0, ""absorbance"": 80.0}, {""wavelength"": 400.0, ""concentration"": 4.0, ""path_length"": 2.0, ""absorbance"": 64.0}]"
seq_0015__read_last_target__scatter,seq_0015,read_last_target,value_at_step,scatter,scatter,What is the value of absorbance at step 4?,64.0,number,0.1,False,63.9,"```json
{""answer"": 0.1}
```","[""/results/yao314652/home/project/outputs/visual_benchmark/qwen25vl_7b_all_modalities/images/seq_0015__read_last_target__scatter/scatter/seq_0015__read_last_target__scatter_step_0000.png"", ""/results/yao314652/home/project/outputs/visual_benchmark/qwen25vl_7b_all_modalities/images/seq_0015__read_last_target__scatter/scatter/seq_0015__read_last_target__scatter_step_0001.png"", ""/results/yao314652/home/project/outputs/visual_benchmark/qwen25vl_7b_all_modalities/images/seq_0015__read_last_target__scatter/scatter/seq_0015__read_last_target__scatter_step_0002.png"", ""/results/yao314652/home/project/outputs/visual_benchmark/qwen25vl_7b_all_modalities/images/seq_0015__read_last_target__scatter/scatter/seq_0015__read_last_target__scatter_step_0003.png"", ""/results/yao314652/home/project/outputs/visual_benchmark/qwen25vl_7b_all_modalities/images/seq_0015__read_last_target__scatter/scatter/seq_0015__read_last_target__scatter_step_0004.png""]","[{""wavelength"": 450.0, ""concentration"": 5.0, ""path_length"": 4.0, ""absorbance"": 180.0}, {""wavelength"": 450.0, ""concentration"": 5.0, ""path_length"": 3.0, ""absorbance"": 135.0}, {""wavelength"": 400.0, ""concentration"": 5.0, ""path_length"": 3.0, ""absorbance"": 120.0}, {""wavelength"": 400.0, ""concentration"": 5.0, ""path_length"": 2.0, ""absorbance"": 80.0}, {""wavelength"": 400.0, ""concentration"": 4.0, ""path_length"": 2.0, ""absorbance"": 64.0}]"
seq_0015__read_last_target__simulation,seq_0015,read_last_target,value_at_step,simulation,simulation,What is the value of absorbance at step 4?,64.0,number,0.8,False,63.2,"{""answer"": 0.8}","[""/results/yao314652/home/project/outputs/visual_benchmark/qwen25vl_7b_all_modalities/images/seq_0015__read_last_target__simulation/simulation/step_0000.png"", ""/results/yao314652/home/project/outputs/visual_benchmark/qwen25vl_7b_all_modalities/images/seq_0015__read_last_target__simulation/simulation/step_0001.png"", ""/results/yao314652/home/project/outputs/visual_benchmark/qwen25vl_7b_all_modalities/images/seq_0015__read_last_target__simulation/simulation/step_0002.png"", ""/results/yao314652/home/project/outputs/visual_benchmark/qwen25vl_7b_all_modalities/images/seq_0015__read_last_target__simulation/simulation/step_0003.png"", ""/results/yao314652/home/project/outputs/visual_benchmark/qwen25vl_7b_all_modalities/images/seq_0015__read_last_target__simulation/simulation/step_0004.png""]","[{""wavelength"": 450.0, ""concentration"": 5.0, ""path_length"": 4.0, ""absorbance"": 180.0}, {""wavelength"": 450.0, ""concentration"": 5.0, ""path_length"": 3.0, ""absorbance"": 135.0}, {""wavelength"": 400.0, ""concentration"": 5.0, ""path_length"": 3.0, ""absorbance"": 120.0}, {""wavelength"": 400.0, ""concentration"": 5.0, ""path_length"": 2.0, ""absorbance"": 80.0}, {""wavelength"": 400.0, ""concentration"": 4.0, ""path_length"": 2.0, ""absorbance"": 64.0}]"
seq_0015__target_change_amount__text,seq_0015,target_change_amount,change_amount,text,none,By how much does absorbance change from step 0 to step 4?,-116.0,number,-116,True,0.0,"{
  ""answer"": -116
}",[],"[{""wavelength"": 450.0, ""concentration"": 5.0, ""path_length"": 4.0, ""absorbance"": 180.0}, {""wavelength"": 450.0, ""concentration"": 5.0, ""path_length"": 3.0, ""absorbance"": 135.0}, {""wavelength"": 400.0, ""concentration"": 5.0, ""path_length"": 3.0, ""absorbance"": 120.0}, {""wavelength"": 400.0, ""concentration"": 5.0, ""path_length"": 2.0, ""absorbance"": 80.0}, {""wavelength"": 400.0, ""concentration"": 4.0, ""path_length"": 2.0, ""absorbance"": 64.0}]"
seq_0015__target_change_amount__bar,seq_0015,target_change_amount,change_amount,bar,bar,By how much does absorbance change from step 0 to step 4?,-116.0,number,0.8,False,116.8,"{""answer"": 0.8}","[""/results/yao314652/home/project/outputs/visual_benchmark/qwen25vl_7b_all_modalities/images/seq_0015__target_change_amount__bar/bar/step_0000.png"", ""/results/yao314652/home/project/outputs/visual_benchmark/qwen25vl_7b_all_modalities/images/seq_0015__target_change_amount__bar/bar/step_0001.png"", ""/results/yao314652/home/project/outputs/visual_benchmark/qwen25vl_7b_all_modalities/images/seq_0015__target_change_amount__bar/bar/step_0002.png"", ""/results/yao314652/home/project/outputs/visual_benchmark/qwen25vl_7b_all_modalities/images/seq_0015__target_change_amount__bar/bar/step_0003.png"", ""/results/yao314652/home/project/outputs/visual_benchmark/qwen25vl_7b_all_modalities/images/seq_0015__target_change_amount__bar/bar/step_0004.png""]","[{""wavelength"": 450.0, ""concentration"": 5.0, ""path_length"": 4.0, ""absorbance"": 180.0}, {""wavelength"": 450.0, ""concentration"": 5.0, ""path_length"": 3.0, ""absorbance"": 135.0}, {""wavelength"": 400.0, ""concentration"": 5.0, ""path_length"": 3.0, ""absorbance"": 120.0}, {""wavelength"": 400.0, ""concentration"": 5.0, ""path_length"": 2.0, ""absorbance"": 80.0}, {""wavelength"": 400.0, ""concentration"": 4.0, ""path_length"": 2.0, ""absorbance"": 64.0}]"
seq_0015__target_change_amount__line,seq_0015,target_change_amount,change_amount,line,line,By how much does absorbance change from step 0 to step 4?,-116.0,number,-0.2,False,115.8,"{""answer"": -0.2}","[""/results/yao314652/home/project/outputs/visual_benchmark/qwen25vl_7b_all_modalities/images/seq_0015__target_change_amount__line/line/seq_0015__target_change_amount__line_step_0000.png"", ""/results/yao314652/home/project/outputs/visual_benchmark/qwen25vl_7b_all_modalities/images/seq_0015__target_change_amount__line/line/seq_0015__target_change_amount__line_step_0001.png"", ""/results/yao314652/home/project/outputs/visual_benchmark/qwen25vl_7b_all_modalities/images/seq_0015__target_change_amount__line/line/seq_0015__target_change_amount__line_step_0002.png"", ""/results/yao314652/home/project/outputs/visual_benchmark/qwen25vl_7b_all_modalities/images/seq_0015__target_change_amount__line/line/seq_0015__target_change_amount__line_step_0003.png"", ""/results/yao314652/home/project/outputs/visual_benchmark/qwen25vl_7b_all_modalities/images/seq_0015__target_change_amount__line/line/seq_0015__target_change_amount__line_step_0004.png""]","[{""wavelength"": 450.0, ""concentration"": 5.0, ""path_length"": 4.0, ""absorbance"": 180.0}, {""wavelength"": 450.0, ""concentration"": 5.0, ""path_length"": 3.0, ""absorbance"": 135.0}, {""wavelength"": 400.0, ""concentration"": 5.0, ""path_length"": 3.0, ""absorbance"": 120.0}, {""wavelength"": 400.0, ""concentration"": 5.0, ""path_length"": 2.0, ""absorbance"": 80.0}, {""wavelength"": 400.0, ""concentration"": 4.0, ""path_length"": 2.0, ""absorbance"": 64.0}]"
seq_0015__target_change_amount__scatter,seq_0015,target_change_amount,change_amount,scatter,scatter,By how much does absorbance change from step 0 to step 4?,-116.0,number,-1,False,115.0,"{""answer"": -1}","[""/results/yao314652/home/project/outputs/visual_benchmark/qwen25vl_7b_all_modalities/images/seq_0015__target_change_amount__scatter/scatter/seq_0015__target_change_amount__scatter_step_0000.png"", ""/results/yao314652/home/project/outputs/visual_benchmark/qwen25vl_7b_all_modalities/images/seq_0015__target_change_amount__scatter/scatter/seq_0015__target_change_amount__scatter_step_0001.png"", ""/results/yao314652/home/project/outputs/visual_benchmark/qwen25vl_7b_all_modalities/images/seq_0015__target_change_amount__scatter/scatter/seq_0015__target_change_amount__scatter_step_0002.png"", ""/results/yao314652/home/project/outputs/visual_benchmark/qwen25vl_7b_all_modalities/images/seq_0015__target_change_amount__scatter/scatter/seq_0015__target_change_amount__scatter_step_0003.png"", ""/results/yao314652/home/project/outputs/visual_benchmark/qwen25vl_7b_all_modalities/images/seq_0015__target_change_amount__scatter/scatter/seq_0015__target_change_amount__scatter_step_0004.png""]","[{""wavelength"": 450.0, ""concentration"": 5.0, ""path_length"": 4.0, ""absorbance"": 180.0}, {""wavelength"": 450.0, ""concentration"": 5.0, ""path_length"": 3.0, ""absorbance"": 135.0}, {""wavelength"": 400.0, ""concentration"": 5.0, ""path_length"": 3.0, ""absorbance"": 120.0}, {""wavelength"": 400.0, ""concentration"": 5.0, ""path_length"": 2.0, ""absorbance"": 80.0}, {""wavelength"": 400.0, ""concentration"": 4.0, ""path_length"": 2.0, ""absorbance"": 64.0}]"
seq_0015__target_change_amount__simulation,seq_0015,target_change_amount,change_amount,simulation,simulation,By how much does absorbance change from step 0 to step 4?,-116.0,number,1.3,False,117.3,"{""answer"": 1.3}","[""/results/yao314652/home/project/outputs/visual_benchmark/qwen25vl_7b_all_modalities/images/seq_0015__target_change_amount__simulation/simulation/step_0000.png"", ""/results/yao314652/home/project/outputs/visual_benchmark/qwen25vl_7b_all_modalities/images/seq_0015__target_change_amount__simulation/simulation/step_0001.png"", ""/results/yao314652/home/project/outputs/visual_benchmark/qwen25vl_7b_all_modalities/images/seq_0015__target_change_amount__simulation/simulation/step_0002.png"", ""/results/yao314652/home/project/outputs/visual_benchmark/qwen25vl_7b_all_modalities/images/seq_0015__target_change_amount__simulation/simulation/step_0003.png"", ""/results/yao314652/home/project/outputs/visual_benchmark/qwen25vl_7b_all_modalities/images/seq_0015__target_change_amount__simulation/simulation/step_0004.png""]","[{""wavelength"": 450.0, ""concentration"": 5.0, ""path_length"": 4.0, ""absorbance"": 180.0}, {""wavelength"": 450.0, ""concentration"": 5.0, ""path_length"": 3.0, ""absorbance"": 135.0}, {""wavelength"": 400.0, ""concentration"": 5.0, ""path_length"": 3.0, ""absorbance"": 120.0}, {""wavelength"": 400.0, ""concentration"": 5.0, ""path_length"": 2.0, ""absorbance"": 80.0}, {""wavelength"": 400.0, ""concentration"": 4.0, ""path_length"": 2.0, ""absorbance"": 64.0}]"
seq_0015__target_change_direction__text,seq_0015,target_change_direction,change_direction,text,none,"Does absorbance increase, decrease, or stay the same from step 0 to step 4?",decrease,category,decrease,True,,"{""answer"": ""decrease""}",[],"[{""wavelength"": 450.0, ""concentration"": 5.0, ""path_length"": 4.0, ""absorbance"": 180.0}, {""wavelength"": 450.0, ""concentration"": 5.0, ""path_length"": 3.0, ""absorbance"": 135.0}, {""wavelength"": 400.0, ""concentration"": 5.0, ""path_length"": 3.0, ""absorbance"": 120.0}, {""wavelength"": 400.0, ""concentration"": 5.0, ""path_length"": 2.0, ""absorbance"": 80.0}, {""wavelength"": 400.0, ""concentration"": 4.0, ""path_length"": 2.0, ""absorbance"": 64.0}]"
seq_0015__target_change_direction__bar,seq_0015,target_change_direction,change_direction,bar,bar,"Does absorbance increase, decrease, or stay the same from step 0 to step 4?",decrease,category,decrease,True,,"{""answer"": ""decrease""}","[""/results/yao314652/home/project/outputs/visual_benchmark/qwen25vl_7b_all_modalities/images/seq_0015__target_change_direction__bar/bar/step_0000.png"", ""/results/yao314652/home/project/outputs/visual_benchmark/qwen25vl_7b_all_modalities/images/seq_0015__target_change_direction__bar/bar/step_0001.png"", ""/results/yao314652/home/project/outputs/visual_benchmark/qwen25vl_7b_all_modalities/images/seq_0015__target_change_direction__bar/bar/step_0002.png"", ""/results/yao314652/home/project/outputs/visual_benchmark/qwen25vl_7b_all_modalities/images/seq_0015__target_change_direction__bar/bar/step_0003.png"", ""/results/yao314652/home/project/outputs/visual_benchmark/qwen25vl_7b_all_modalities/images/seq_0015__target_change_direction__bar/bar/step_0004.png""]","[{""wavelength"": 450.0, ""concentration"": 5.0, ""path_length"": 4.0, ""absorbance"": 180.0}, {""wavelength"": 450.0, ""concentration"": 5.0, ""path_length"": 3.0, ""absorbance"": 135.0}, {""wavelength"": 400.0, ""concentration"": 5.0, ""path_length"": 3.0, ""absorbance"": 120.0}, {""wavelength"": 400.0, ""concentration"": 5.0, ""path_length"": 2.0, ""absorbance"": 80.0}, {""wavelength"": 400.0, ""concentration"": 4.0, ""path_length"": 2.0, ""absorbance"": 64.0}]"
seq_0015__target_change_direction__line,seq_0015,target_change_direction,change_direction,line,line,"Does absorbance increase, decrease, or stay the same from step 0 to step 4?",decrease,category,decrease,True,,"{""answer"": ""decrease""}","[""/results/yao314652/home/project/outputs/visual_benchmark/qwen25vl_7b_all_modalities/images/seq_0015__target_change_direction__line/line/seq_0015__target_change_direction__line_step_0000.png"", ""/results/yao314652/home/project/outputs/visual_benchmark/qwen25vl_7b_all_modalities/images/seq_0015__target_change_direction__line/line/seq_0015__target_change_direction__line_step_0001.png"", ""/results/yao314652/home/project/outputs/visual_benchmark/qwen25vl_7b_all_modalities/images/seq_0015__target_change_direction__line/line/seq_0015__target_change_direction__line_step_0002.png"", ""/results/yao314652/home/project/outputs/visual_benchmark/qwen25vl_7b_all_modalities/images/seq_0015__target_change_direction__line/line/seq_0015__target_change_direction__line_step_0003.png"", ""/results/yao314652/home/project/outputs/visual_benchmark/qwen25vl_7b_all_modalities/images/seq_0015__target_change_direction__line/line/seq_0015__target_change_direction__line_step_0004.png""]","[{""wavelength"": 450.0, ""concentration"": 5.0, ""path_length"": 4.0, ""absorbance"": 180.0}, {""wavelength"": 450.0, ""concentration"": 5.0, ""path_length"": 3.0, ""absorbance"": 135.0}, {""wavelength"": 400.0, ""concentration"": 5.0, ""path_length"": 3.0, ""absorbance"": 120.0}, {""wavelength"": 400.0, ""concentration"": 5.0, ""path_length"": 2.0, ""absorbance"": 80.0}, {""wavelength"": 400.0, ""concentration"": 4.0, ""path_length"": 2.0, ""absorbance"": 64.0}]"
seq_0015__target_change_direction__scatter,seq_0015,target_change_direction,change_direction,scatter,scatter,"Does absorbance increase, decrease, or stay the same from step 0 to step 4?",decrease,category,increase,False,,"{""answer"": ""increase""}","[""/results/yao314652/home/project/outputs/visual_benchmark/qwen25vl_7b_all_modalities/images/seq_0015__target_change_direction__scatter/scatter/seq_0015__target_change_direction__scatter_step_0000.png"", ""/results/yao314652/home/project/outputs/visual_benchmark/qwen25vl_7b_all_modalities/images/seq_0015__target_change_direction__scatter/scatter/seq_0015__target_change_direction__scatter_step_0001.png"", ""/results/yao314652/home/project/outputs/visual_benchmark/qwen25vl_7b_all_modalities/images/seq_0015__target_change_direction__scatter/scatter/seq_0015__target_change_direction__scatter_step_0002.png"", ""/results/yao314652/home/project/outputs/visual_benchmark/qwen25vl_7b_all_modalities/images/seq_0015__target_change_direction__scatter/scatter/seq_0015__target_change_direction__scatter_step_0003.png"", ""/results/yao314652/home/project/outputs/visual_benchmark/qwen25vl_7b_all_modalities/images/seq_0015__target_change_direction__scatter/scatter/seq_0015__target_change_direction__scatter_step_0004.png""]","[{""wavelength"": 450.0, ""concentration"": 5.0, ""path_length"": 4.0, ""absorbance"": 180.0}, {""wavelength"": 450.0, ""concentration"": 5.0, ""path_length"": 3.0, ""absorbance"": 135.0}, {""wavelength"": 400.0, ""concentration"": 5.0, ""path_length"": 3.0, ""absorbance"": 120.0}, {""wavelength"": 400.0, ""concentration"": 5.0, ""path_length"": 2.0, ""absorbance"": 80.0}, {""wavelength"": 400.0, ""concentration"": 4.0, ""path_length"": 2.0, ""absorbance"": 64.0}]"
seq_0015__target_change_direction__simulation,seq_0015,target_change_direction,change_direction,simulation,simulation,"Does absorbance increase, decrease, or stay the same from step 0 to step 4?",decrease,category,increase,False,,"{""answer"": ""increase""}","[""/results/yao314652/home/project/outputs/visual_benchmark/qwen25vl_7b_all_modalities/images/seq_0015__target_change_direction__simulation/simulation/step_0000.png"", ""/results/yao314652/home/project/outputs/visual_benchmark/qwen25vl_7b_all_modalities/images/seq_0015__target_change_direction__simulation/simulation/step_0001.png"", ""/results/yao314652/home/project/outputs/visual_benchmark/qwen25vl_7b_all_modalities/images/seq_0015__target_change_direction__simulation/simulation/step_0002.png"", ""/results/yao314652/home/project/outputs/visual_benchmark/qwen25vl_7b_all_modalities/images/seq_0015__target_change_direction__simulation/simulation/step_0003.png"", ""/results/yao314652/home/project/outputs/visual_benchmark/qwen25vl_7b_all_modalities/images/seq_0015__target_change_direction__simulation/simulation/step_0004.png""]","[{""wavelength"": 450.0, ""concentration"": 5.0, ""path_length"": 4.0, ""absorbance"": 180.0}, {""wavelength"": 450.0, ""concentration"": 5.0, ""path_length"": 3.0, ""absorbance"": 135.0}, {""wavelength"": 400.0, ""concentration"": 5.0, ""path_length"": 3.0, ""absorbance"": 120.0}, {""wavelength"": 400.0, ""concentration"": 5.0, ""path_length"": 2.0, ""absorbance"": 80.0}, {""wavelength"": 400.0, ""concentration"": 4.0, ""path_length"": 2.0, ""absorbance"": 64.0}]"
seq_0015__changed_variable_0_to_1__text,seq_0015,changed_variable_0_to_1,changed_variable,text,none,Which input variable changed from step 0 to step 1?,path_length,category,path_length,True,,"{""answer"": ""path_length""}",[],"[{""wavelength"": 450.0, ""concentration"": 5.0, ""path_length"": 4.0, ""absorbance"": 180.0}, {""wavelength"": 450.0, ""concentration"": 5.0, ""path_length"": 3.0, ""absorbance"": 135.0}, {""wavelength"": 400.0, ""concentration"": 5.0, ""path_length"": 3.0, ""absorbance"": 120.0}, {""wavelength"": 400.0, ""concentration"": 5.0, ""path_length"": 2.0, ""absorbance"": 80.0}, {""wavelength"": 400.0, ""concentration"": 4.0, ""path_length"": 2.0, ""absorbance"": 64.0}]"
seq_0015__changed_variable_0_to_1__bar,seq_0015,changed_variable_0_to_1,changed_variable,bar,bar,Which input variable changed from step 0 to step 1?,path_length,category,same,False,,same,"[""/results/yao314652/home/project/outputs/visual_benchmark/qwen25vl_7b_all_modalities/images/seq_0015__changed_variable_0_to_1__bar/bar/step_0000.png"", ""/results/yao314652/home/project/outputs/visual_benchmark/qwen25vl_7b_all_modalities/images/seq_0015__changed_variable_0_to_1__bar/bar/step_0001.png"", ""/results/yao314652/home/project/outputs/visual_benchmark/qwen25vl_7b_all_modalities/images/seq_0015__changed_variable_0_to_1__bar/bar/step_0002.png"", ""/results/yao314652/home/project/outputs/visual_benchmark/qwen25vl_7b_all_modalities/images/seq_0015__changed_variable_0_to_1__bar/bar/step_0003.png"", ""/results/yao314652/home/project/outputs/visual_benchmark/qwen25vl_7b_all_modalities/images/seq_0015__changed_variable_0_to_1__bar/bar/step_0004.png""]","[{""wavelength"": 450.0, ""concentration"": 5.0, ""path_length"": 4.0, ""absorbance"": 180.0}, {""wavelength"": 450.0, ""concentration"": 5.0, ""path_length"": 3.0, ""absorbance"": 135.0}, {""wavelength"": 400.0, ""concentration"": 5.0, ""path_length"": 3.0, ""absorbance"": 120.0}, {""wavelength"": 400.0, ""concentration"": 5.0, ""path_length"": 2.0, ""absorbance"": 80.0}, {""wavelength"": 400.0, ""concentration"": 4.0, ""path_length"": 2.0, ""absorbance"": 64.0}]"
seq_0015__changed_variable_0_to_1__line,seq_0015,changed_variable_0_to_1,changed_variable,line,line,Which input variable changed from step 0 to step 1?,path_length,category,"""direction""",False,,"""direction""","[""/results/yao314652/home/project/outputs/visual_benchmark/qwen25vl_7b_all_modalities/images/seq_0015__changed_variable_0_to_1__line/line/seq_0015__changed_variable_0_to_1__line_step_0000.png"", ""/results/yao314652/home/project/outputs/visual_benchmark/qwen25vl_7b_all_modalities/images/seq_0015__changed_variable_0_to_1__line/line/seq_0015__changed_variable_0_to_1__line_step_0001.png"", ""/results/yao314652/home/project/outputs/visual_benchmark/qwen25vl_7b_all_modalities/images/seq_0015__changed_variable_0_to_1__line/line/seq_0015__changed_variable_0_to_1__line_step_0002.png"", ""/results/yao314652/home/project/outputs/visual_benchmark/qwen25vl_7b_all_modalities/images/seq_0015__changed_variable_0_to_1__line/line/seq_0015__changed_variable_0_to_1__line_step_0003.png"", ""/results/yao314652/home/project/outputs/visual_benchmark/qwen25vl_7b_all_modalities/images/seq_0015__changed_variable_0_to_1__line/line/seq_0015__changed_variable_0_to_1__line_step_0004.png""]","[{""wavelength"": 450.0, ""concentration"": 5.0, ""path_length"": 4.0, ""absorbance"": 180.0}, {""wavelength"": 450.0, ""concentration"": 5.0, ""path_length"": 3.0, ""absorbance"": 135.0}, {""wavelength"": 400.0, ""concentration"": 5.0, ""path_length"": 3.0, ""absorbance"": 120.0}, {""wavelength"": 400.0, ""concentration"": 5.0, ""path_length"": 2.0, ""absorbance"": 80.0}, {""wavelength"": 400.0, ""concentration"": 4.0, ""path_length"": 2.0, ""absorbance"": 64.0}]"
seq_0015__changed_variable_0_to_1__scatter,seq_0015,changed_variable_0_to_1,changed_variable,scatter,scatter,Which input variable changed from step 0 to step 1?,path_length,category,x,False,,"{""answer"": ""x""}","[""/results/yao314652/home/project/outputs/visual_benchmark/qwen25vl_7b_all_modalities/images/seq_0015__changed_variable_0_to_1__scatter/scatter/seq_0015__changed_variable_0_to_1__scatter_step_0000.png"", ""/results/yao314652/home/project/outputs/visual_benchmark/qwen25vl_7b_all_modalities/images/seq_0015__changed_variable_0_to_1__scatter/scatter/seq_0015__changed_variable_0_to_1__scatter_step_0001.png"", ""/results/yao314652/home/project/outputs/visual_benchmark/qwen25vl_7b_all_modalities/images/seq_0015__changed_variable_0_to_1__scatter/scatter/seq_0015__changed_variable_0_to_1__scatter_step_0002.png"", ""/results/yao314652/home/project/outputs/visual_benchmark/qwen25vl_7b_all_modalities/images/seq_0015__changed_variable_0_to_1__scatter/scatter/seq_0015__changed_variable_0_to_1__scatter_step_0003.png"", ""/results/yao314652/home/project/outputs/visual_benchmark/qwen25vl_7b_all_modalities/images/seq_0015__changed_variable_0_to_1__scatter/scatter/seq_0015__changed_variable_0_to_1__scatter_step_0004.png""]","[{""wavelength"": 450.0, ""concentration"": 5.0, ""path_length"": 4.0, ""absorbance"": 180.0}, {""wavelength"": 450.0, ""concentration"": 5.0, ""path_length"": 3.0, ""absorbance"": 135.0}, {""wavelength"": 400.0, ""concentration"": 5.0, ""path_length"": 3.0, ""absorbance"": 120.0}, {""wavelength"": 400.0, ""concentration"": 5.0, ""path_length"": 2.0, ""absorbance"": 80.0}, {""wavelength"": 400.0, ""concentration"": 4.0, ""path_length"": 2.0, ""absorbance"": 64.0}]"
seq_0015__changed_variable_0_to_1__simulation,seq_0015,changed_variable_0_to_1,changed_variable,simulation,simulation,Which input variable changed from step 0 to step 1?,path_length,category,variable1,False,,variable1,"[""/results/yao314652/home/project/outputs/visual_benchmark/qwen25vl_7b_all_modalities/images/seq_0015__changed_variable_0_to_1__simulation/simulation/step_0000.png"", ""/results/yao314652/home/project/outputs/visual_benchmark/qwen25vl_7b_all_modalities/images/seq_0015__changed_variable_0_to_1__simulation/simulation/step_0001.png"", ""/results/yao314652/home/project/outputs/visual_benchmark/qwen25vl_7b_all_modalities/images/seq_0015__changed_variable_0_to_1__simulation/simulation/step_0002.png"", ""/results/yao314652/home/project/outputs/visual_benchmark/qwen25vl_7b_all_modalities/images/seq_0015__changed_variable_0_to_1__simulation/simulation/step_0003.png"", ""/results/yao314652/home/project/outputs/visual_benchmark/qwen25vl_7b_all_modalities/images/seq_0015__changed_variable_0_to_1__simulation/simulation/step_0004.png""]","[{""wavelength"": 450.0, ""concentration"": 5.0, ""path_length"": 4.0, ""absorbance"": 180.0}, {""wavelength"": 450.0, ""concentration"": 5.0, ""path_length"": 3.0, ""absorbance"": 135.0}, {""wavelength"": 400.0, ""concentration"": 5.0, ""path_length"": 3.0, ""absorbance"": 120.0}, {""wavelength"": 400.0, ""concentration"": 5.0, ""path_length"": 2.0, ""absorbance"": 80.0}, {""wavelength"": 400.0, ""concentration"": 4.0, ""path_length"": 2.0, ""absorbance"": 64.0}]"
seq_0015__max_target_step__text,seq_0015,max_target_step,max_step,text,none,At which step is absorbance the highest?,0,step,0,True,,"```json
{""answer"": 0}
```",[],"[{""wavelength"": 450.0, ""concentration"": 5.0, ""path_length"": 4.0, ""absorbance"": 180.0}, {""wavelength"": 450.0, ""concentration"": 5.0, ""path_length"": 3.0, ""absorbance"": 135.0}, {""wavelength"": 400.0, ""concentration"": 5.0, ""path_length"": 3.0, ""absorbance"": 120.0}, {""wavelength"": 400.0, ""concentration"": 5.0, ""path_length"": 2.0, ""absorbance"": 80.0}, {""wavelength"": 400.0, ""concentration"": 4.0, ""path_length"": 2.0, ""absorbance"": 64.0}]"
seq_0015__max_target_step__bar,seq_0015,max_target_step,max_step,bar,bar,At which step is absorbance the highest?,0,step,1,False,,"{""answer"": 1}","[""/results/yao314652/home/project/outputs/visual_benchmark/qwen25vl_7b_all_modalities/images/seq_0015__max_target_step__bar/bar/step_0000.png"", ""/results/yao314652/home/project/outputs/visual_benchmark/qwen25vl_7b_all_modalities/images/seq_0015__max_target_step__bar/bar/step_0001.png"", ""/results/yao314652/home/project/outputs/visual_benchmark/qwen25vl_7b_all_modalities/images/seq_0015__max_target_step__bar/bar/step_0002.png"", ""/results/yao314652/home/project/outputs/visual_benchmark/qwen25vl_7b_all_modalities/images/seq_0015__max_target_step__bar/bar/step_0003.png"", ""/results/yao314652/home/project/outputs/visual_benchmark/qwen25vl_7b_all_modalities/images/seq_0015__max_target_step__bar/bar/step_0004.png""]","[{""wavelength"": 450.0, ""concentration"": 5.0, ""path_length"": 4.0, ""absorbance"": 180.0}, {""wavelength"": 450.0, ""concentration"": 5.0, ""path_length"": 3.0, ""absorbance"": 135.0}, {""wavelength"": 400.0, ""concentration"": 5.0, ""path_length"": 3.0, ""absorbance"": 120.0}, {""wavelength"": 400.0, ""concentration"": 5.0, ""path_length"": 2.0, ""absorbance"": 80.0}, {""wavelength"": 400.0, ""concentration"": 4.0, ""path_length"": 2.0, ""absorbance"": 64.0}]"
seq_0015__max_target_step__line,seq_0015,max_target_step,max_step,line,line,At which step is absorbance the highest?,0,step,2,False,,"{""answer"": 2}","[""/results/yao314652/home/project/outputs/visual_benchmark/qwen25vl_7b_all_modalities/images/seq_0015__max_target_step__line/line/seq_0015__max_target_step__line_step_0000.png"", ""/results/yao314652/home/project/outputs/visual_benchmark/qwen25vl_7b_all_modalities/images/seq_0015__max_target_step__line/line/seq_0015__max_target_step__line_step_0001.png"", ""/results/yao314652/home/project/outputs/visual_benchmark/qwen25vl_7b_all_modalities/images/seq_0015__max_target_step__line/line/seq_0015__max_target_step__line_step_0002.png"", ""/results/yao314652/home/project/outputs/visual_benchmark/qwen25vl_7b_all_modalities/images/seq_0015__max_target_step__line/line/seq_0015__max_target_step__line_step_0003.png"", ""/results/yao314652/home/project/outputs/visual_benchmark/qwen25vl_7b_all_modalities/images/seq_0015__max_target_step__line/line/seq_0015__max_target_step__line_step_0004.png""]","[{""wavelength"": 450.0, ""concentration"": 5.0, ""path_length"": 4.0, ""absorbance"": 180.0}, {""wavelength"": 450.0, ""concentration"": 5.0, ""path_length"": 3.0, ""absorbance"": 135.0}, {""wavelength"": 400.0, ""concentration"": 5.0, ""path_length"": 3.0, ""absorbance"": 120.0}, {""wavelength"": 400.0, ""concentration"": 5.0, ""path_length"": 2.0, ""absorbance"": 80.0}, {""wavelength"": 400.0, ""concentration"": 4.0, ""path_length"": 2.0, ""absorbance"": 64.0}]"
seq_0015__max_target_step__scatter,seq_0015,max_target_step,max_step,scatter,scatter,At which step is absorbance the highest?,0,step,3,False,,"{""answer"": 3}","[""/results/yao314652/home/project/outputs/visual_benchmark/qwen25vl_7b_all_modalities/images/seq_0015__max_target_step__scatter/scatter/seq_0015__max_target_step__scatter_step_0000.png"", ""/results/yao314652/home/project/outputs/visual_benchmark/qwen25vl_7b_all_modalities/images/seq_0015__max_target_step__scatter/scatter/seq_0015__max_target_step__scatter_step_0001.png"", ""/results/yao314652/home/project/outputs/visual_benchmark/qwen25vl_7b_all_modalities/images/seq_0015__max_target_step__scatter/scatter/seq_0015__max_target_step__scatter_step_0002.png"", ""/results/yao314652/home/project/outputs/visual_benchmark/qwen25vl_7b_all_modalities/images/seq_0015__max_target_step__scatter/scatter/seq_0015__max_target_step__scatter_step_0003.png"", ""/results/yao314652/home/project/outputs/visual_benchmark/qwen25vl_7b_all_modalities/images/seq_0015__max_target_step__scatter/scatter/seq_0015__max_target_step__scatter_step_0004.png""]","[{""wavelength"": 450.0, ""concentration"": 5.0, ""path_length"": 4.0, ""absorbance"": 180.0}, {""wavelength"": 450.0, ""concentration"": 5.0, ""path_length"": 3.0, ""absorbance"": 135.0}, {""wavelength"": 400.0, ""concentration"": 5.0, ""path_length"": 3.0, ""absorbance"": 120.0}, {""wavelength"": 400.0, ""concentration"": 5.0, ""path_length"": 2.0, ""absorbance"": 80.0}, {""wavelength"": 400.0, ""concentration"": 4.0, ""path_length"": 2.0, ""absorbance"": 64.0}]"
seq_0015__max_target_step__simulation,seq_0015,max_target_step,max_step,simulation,simulation,At which step is absorbance the highest?,0,step,5,False,,"{""answer"": 5}","[""/results/yao314652/home/project/outputs/visual_benchmark/qwen25vl_7b_all_modalities/images/seq_0015__max_target_step__simulation/simulation/step_0000.png"", ""/results/yao314652/home/project/outputs/visual_benchmark/qwen25vl_7b_all_modalities/images/seq_0015__max_target_step__simulation/simulation/step_0001.png"", ""/results/yao314652/home/project/outputs/visual_benchmark/qwen25vl_7b_all_modalities/images/seq_0015__max_target_step__simulation/simulation/step_0002.png"", ""/results/yao314652/home/project/outputs/visual_benchmark/qwen25vl_7b_all_modalities/images/seq_0015__max_target_step__simulation/simulation/step_0003.png"", ""/results/yao314652/home/project/outputs/visual_benchmark/qwen25vl_7b_all_modalities/images/seq_0015__max_target_step__simulation/simulation/step_0004.png""]","[{""wavelength"": 450.0, ""concentration"": 5.0, ""path_length"": 4.0, ""absorbance"": 180.0}, {""wavelength"": 450.0, ""concentration"": 5.0, ""path_length"": 3.0, ""absorbance"": 135.0}, {""wavelength"": 400.0, ""concentration"": 5.0, ""path_length"": 3.0, ""absorbance"": 120.0}, {""wavelength"": 400.0, ""concentration"": 5.0, ""path_length"": 2.0, ""absorbance"": 80.0}, {""wavelength"": 400.0, ""concentration"": 4.0, ""path_length"": 2.0, ""absorbance"": 64.0}]"
seq_0015__largest_target_drop_step__text,seq_0015,largest_target_drop_step,largest_drop_step,text,none,"At which step does absorbance show the largest drop compared with the previous step? If it never drops, answer none.",1,step_or_none,2,False,,"```json
{""answer"": ""2""}
```",[],"[{""wavelength"": 450.0, ""concentration"": 5.0, ""path_length"": 4.0, ""absorbance"": 180.0}, {""wavelength"": 450.0, ""concentration"": 5.0, ""path_length"": 3.0, ""absorbance"": 135.0}, {""wavelength"": 400.0, ""concentration"": 5.0, ""path_length"": 3.0, ""absorbance"": 120.0}, {""wavelength"": 400.0, ""concentration"": 5.0, ""path_length"": 2.0, ""absorbance"": 80.0}, {""wavelength"": 400.0, ""concentration"": 4.0, ""path_length"": 2.0, ""absorbance"": 64.0}]"
seq_0015__largest_target_drop_step__bar,seq_0015,largest_target_drop_step,largest_drop_step,bar,bar,"At which step does absorbance show the largest drop compared with the previous step? If it never drops, answer none.",1,step_or_none,2,False,,"{""answer"": 2}","[""/results/yao314652/home/project/outputs/visual_benchmark/qwen25vl_7b_all_modalities/images/seq_0015__largest_target_drop_step__bar/bar/step_0000.png"", ""/results/yao314652/home/project/outputs/visual_benchmark/qwen25vl_7b_all_modalities/images/seq_0015__largest_target_drop_step__bar/bar/step_0001.png"", ""/results/yao314652/home/project/outputs/visual_benchmark/qwen25vl_7b_all_modalities/images/seq_0015__largest_target_drop_step__bar/bar/step_0002.png"", ""/results/yao314652/home/project/outputs/visual_benchmark/qwen25vl_7b_all_modalities/images/seq_0015__largest_target_drop_step__bar/bar/step_0003.png"", ""/results/yao314652/home/project/outputs/visual_benchmark/qwen25vl_7b_all_modalities/images/seq_0015__largest_target_drop_step__bar/bar/step_0004.png""]","[{""wavelength"": 450.0, ""concentration"": 5.0, ""path_length"": 4.0, ""absorbance"": 180.0}, {""wavelength"": 450.0, ""concentration"": 5.0, ""path_length"": 3.0, ""absorbance"": 135.0}, {""wavelength"": 400.0, ""concentration"": 5.0, ""path_length"": 3.0, ""absorbance"": 120.0}, {""wavelength"": 400.0, ""concentration"": 5.0, ""path_length"": 2.0, ""absorbance"": 80.0}, {""wavelength"": 400.0, ""concentration"": 4.0, ""path_length"": 2.0, ""absorbance"": 64.0}]"
seq_0015__largest_target_drop_step__line,seq_0015,largest_target_drop_step,largest_drop_step,line,line,"At which step does absorbance show the largest drop compared with the previous step? If it never drops, answer none.",1,step_or_none,4,False,,"{""answer"": 4}","[""/results/yao314652/home/project/outputs/visual_benchmark/qwen25vl_7b_all_modalities/images/seq_0015__largest_target_drop_step__line/line/seq_0015__largest_target_drop_step__line_step_0000.png"", ""/results/yao314652/home/project/outputs/visual_benchmark/qwen25vl_7b_all_modalities/images/seq_0015__largest_target_drop_step__line/line/seq_0015__largest_target_drop_step__line_step_0001.png"", ""/results/yao314652/home/project/outputs/visual_benchmark/qwen25vl_7b_all_modalities/images/seq_0015__largest_target_drop_step__line/line/seq_0015__largest_target_drop_step__line_step_0002.png"", ""/results/yao314652/home/project/outputs/visual_benchmark/qwen25vl_7b_all_modalities/images/seq_0015__largest_target_drop_step__line/line/seq_0015__largest_target_drop_step__line_step_0003.png"", ""/results/yao314652/home/project/outputs/visual_benchmark/qwen25vl_7b_all_modalities/images/seq_0015__largest_target_drop_step__line/line/seq_0015__largest_target_drop_step__line_step_0004.png""]","[{""wavelength"": 450.0, ""concentration"": 5.0, ""path_length"": 4.0, ""absorbance"": 180.0}, {""wavelength"": 450.0, ""concentration"": 5.0, ""path_length"": 3.0, ""absorbance"": 135.0}, {""wavelength"": 400.0, ""concentration"": 5.0, ""path_length"": 3.0, ""absorbance"": 120.0}, {""wavelength"": 400.0, ""concentration"": 5.0, ""path_length"": 2.0, ""absorbance"": 80.0}, {""wavelength"": 400.0, ""concentration"": 4.0, ""path_length"": 2.0, ""absorbance"": 64.0}]"
seq_0015__largest_target_drop_step__scatter,seq_0015,largest_target_drop_step,largest_drop_step,scatter,scatter,"At which step does absorbance show the largest drop compared with the previous step? If it never drops, answer none.",1,step_or_none,2,False,,"{""answer"": 2}","[""/results/yao314652/home/project/outputs/visual_benchmark/qwen25vl_7b_all_modalities/images/seq_0015__largest_target_drop_step__scatter/scatter/seq_0015__largest_target_drop_step__scatter_step_0000.png"", ""/results/yao314652/home/project/outputs/visual_benchmark/qwen25vl_7b_all_modalities/images/seq_0015__largest_target_drop_step__scatter/scatter/seq_0015__largest_target_drop_step__scatter_step_0001.png"", ""/results/yao314652/home/project/outputs/visual_benchmark/qwen25vl_7b_all_modalities/images/seq_0015__largest_target_drop_step__scatter/scatter/seq_0015__largest_target_drop_step__scatter_step_0002.png"", ""/results/yao314652/home/project/outputs/visual_benchmark/qwen25vl_7b_all_modalities/images/seq_0015__largest_target_drop_step__scatter/scatter/seq_0015__largest_target_drop_step__scatter_step_0003.png"", ""/results/yao314652/home/project/outputs/visual_benchmark/qwen25vl_7b_all_modalities/images/seq_0015__largest_target_drop_step__scatter/scatter/seq_0015__largest_target_drop_step__scatter_step_0004.png""]","[{""wavelength"": 450.0, ""concentration"": 5.0, ""path_length"": 4.0, ""absorbance"": 180.0}, {""wavelength"": 450.0, ""concentration"": 5.0, ""path_length"": 3.0, ""absorbance"": 135.0}, {""wavelength"": 400.0, ""concentration"": 5.0, ""path_length"": 3.0, ""absorbance"": 120.0}, {""wavelength"": 400.0, ""concentration"": 5.0, ""path_length"": 2.0, ""absorbance"": 80.0}, {""wavelength"": 400.0, ""concentration"": 4.0, ""path_length"": 2.0, ""absorbance"": 64.0}]"
seq_0015__largest_target_drop_step__simulation,seq_0015,largest_target_drop_step,largest_drop_step,simulation,simulation,"At which step does absorbance show the largest drop compared with the previous step? If it never drops, answer none.",1,step_or_none,4,False,,"{""answer"": 4}","[""/results/yao314652/home/project/outputs/visual_benchmark/qwen25vl_7b_all_modalities/images/seq_0015__largest_target_drop_step__simulation/simulation/step_0000.png"", ""/results/yao314652/home/project/outputs/visual_benchmark/qwen25vl_7b_all_modalities/images/seq_0015__largest_target_drop_step__simulation/simulation/step_0001.png"", ""/results/yao314652/home/project/outputs/visual_benchmark/qwen25vl_7b_all_modalities/images/seq_0015__largest_target_drop_step__simulation/simulation/step_0002.png"", ""/results/yao314652/home/project/outputs/visual_benchmark/qwen25vl_7b_all_modalities/images/seq_0015__largest_target_drop_step__simulation/simulation/step_0003.png"", ""/results/yao314652/home/project/outputs/visual_benchmark/qwen25vl_7b_all_modalities/images/seq_0015__largest_target_drop_step__simulation/simulation/step_0004.png""]","[{""wavelength"": 450.0, ""concentration"": 5.0, ""path_length"": 4.0, ""absorbance"": 180.0}, {""wavelength"": 450.0, ""concentration"": 5.0, ""path_length"": 3.0, ""absorbance"": 135.0}, {""wavelength"": 400.0, ""concentration"": 5.0, ""path_length"": 3.0, ""absorbance"": 120.0}, {""wavelength"": 400.0, ""concentration"": 5.0, ""path_length"": 2.0, ""absorbance"": 80.0}, {""wavelength"": 400.0, ""concentration"": 4.0, ""path_length"": 2.0, ""absorbance"": 64.0}]"
seq_0016__read_last_target__text,seq_0016,read_last_target,value_at_step,text,none,What is the value of absorbance at step 4?,56.0,number,56,True,0.0,"{""answer"": 56}",[],"[{""wavelength"": 700.0, ""concentration"": 2.0, ""path_length"": 2.0, ""absorbance"": 56.0}, {""wavelength"": 650.0, ""concentration"": 2.0, ""path_length"": 2.0, ""absorbance"": 52.0}, {""wavelength"": 650.0, ""concentration"": 2.0, ""path_length"": 1.0, ""absorbance"": 26.0}, {""wavelength"": 650.0, ""concentration"": 2.0, ""path_length"": 2.0, ""absorbance"": 52.0}, {""wavelength"": 700.0, ""concentration"": 2.0, ""path_length"": 2.0, ""absorbance"": 56.0}]"
seq_0016__read_last_target__bar,seq_0016,read_last_target,value_at_step,bar,bar,What is the value of absorbance at step 4?,56.0,number,0.08,False,55.92,"{""answer"": 0.08}","[""/results/yao314652/home/project/outputs/visual_benchmark/qwen25vl_7b_all_modalities/images/seq_0016__read_last_target__bar/bar/step_0000.png"", ""/results/yao314652/home/project/outputs/visual_benchmark/qwen25vl_7b_all_modalities/images/seq_0016__read_last_target__bar/bar/step_0001.png"", ""/results/yao314652/home/project/outputs/visual_benchmark/qwen25vl_7b_all_modalities/images/seq_0016__read_last_target__bar/bar/step_0002.png"", ""/results/yao314652/home/project/outputs/visual_benchmark/qwen25vl_7b_all_modalities/images/seq_0016__read_last_target__bar/bar/step_0003.png"", ""/results/yao314652/home/project/outputs/visual_benchmark/qwen25vl_7b_all_modalities/images/seq_0016__read_last_target__bar/bar/step_0004.png""]","[{""wavelength"": 700.0, ""concentration"": 2.0, ""path_length"": 2.0, ""absorbance"": 56.0}, {""wavelength"": 650.0, ""concentration"": 2.0, ""path_length"": 2.0, ""absorbance"": 52.0}, {""wavelength"": 650.0, ""concentration"": 2.0, ""path_length"": 1.0, ""absorbance"": 26.0}, {""wavelength"": 650.0, ""concentration"": 2.0, ""path_length"": 2.0, ""absorbance"": 52.0}, {""wavelength"": 700.0, ""concentration"": 2.0, ""path_length"": 2.0, ""absorbance"": 56.0}]"
seq_0016__read_last_target__line,seq_0016,read_last_target,value_at_step,line,line,What is the value of absorbance at step 4?,56.0,number,0.2,False,55.8,"```json
{""answer"": 0.2}
```","[""/results/yao314652/home/project/outputs/visual_benchmark/qwen25vl_7b_all_modalities/images/seq_0016__read_last_target__line/line/seq_0016__read_last_target__line_step_0000.png"", ""/results/yao314652/home/project/outputs/visual_benchmark/qwen25vl_7b_all_modalities/images/seq_0016__read_last_target__line/line/seq_0016__read_last_target__line_step_0001.png"", ""/results/yao314652/home/project/outputs/visual_benchmark/qwen25vl_7b_all_modalities/images/seq_0016__read_last_target__line/line/seq_0016__read_last_target__line_step_0002.png"", ""/results/yao314652/home/project/outputs/visual_benchmark/qwen25vl_7b_all_modalities/images/seq_0016__read_last_target__line/line/seq_0016__read_last_target__line_step_0003.png"", ""/results/yao314652/home/project/outputs/visual_benchmark/qwen25vl_7b_all_modalities/images/seq_0016__read_last_target__line/line/seq_0016__read_last_target__line_step_0004.png""]","[{""wavelength"": 700.0, ""concentration"": 2.0, ""path_length"": 2.0, ""absorbance"": 56.0}, {""wavelength"": 650.0, ""concentration"": 2.0, ""path_length"": 2.0, ""absorbance"": 52.0}, {""wavelength"": 650.0, ""concentration"": 2.0, ""path_length"": 1.0, ""absorbance"": 26.0}, {""wavelength"": 650.0, ""concentration"": 2.0, ""path_length"": 2.0, ""absorbance"": 52.0}, {""wavelength"": 700.0, ""concentration"": 2.0, ""path_length"": 2.0, ""absorbance"": 56.0}]"
seq_0016__read_last_target__scatter,seq_0016,read_last_target,value_at_step,scatter,scatter,What is the value of absorbance at step 4?,56.0,number,0.2,False,55.8,"```json
{
  ""answer"": 0.2
}
```","[""/results/yao314652/home/project/outputs/visual_benchmark/qwen25vl_7b_all_modalities/images/seq_0016__read_last_target__scatter/scatter/seq_0016__read_last_target__scatter_step_0000.png"", ""/results/yao314652/home/project/outputs/visual_benchmark/qwen25vl_7b_all_modalities/images/seq_0016__read_last_target__scatter/scatter/seq_0016__read_last_target__scatter_step_0001.png"", ""/results/yao314652/home/project/outputs/visual_benchmark/qwen25vl_7b_all_modalities/images/seq_0016__read_last_target__scatter/scatter/seq_0016__read_last_target__scatter_step_0002.png"", ""/results/yao314652/home/project/outputs/visual_benchmark/qwen25vl_7b_all_modalities/images/seq_0016__read_last_target__scatter/scatter/seq_0016__read_last_target__scatter_step_0003.png"", ""/results/yao314652/home/project/outputs/visual_benchmark/qwen25vl_7b_all_modalities/images/seq_0016__read_last_target__scatter/scatter/seq_0016__read_last_target__scatter_step_0004.png""]","[{""wavelength"": 700.0, ""concentration"": 2.0, ""path_length"": 2.0, ""absorbance"": 56.0}, {""wavelength"": 650.0, ""concentration"": 2.0, ""path_length"": 2.0, ""absorbance"": 52.0}, {""wavelength"": 650.0, ""concentration"": 2.0, ""path_length"": 1.0, ""absorbance"": 26.0}, {""wavelength"": 650.0, ""concentration"": 2.0, ""path_length"": 2.0, ""absorbance"": 52.0}, {""wavelength"": 700.0, ""concentration"": 2.0, ""path_length"": 2.0, ""absorbance"": 56.0}]"
seq_0016__read_last_target__simulation,seq_0016,read_last_target,value_at_step,simulation,simulation,What is the value of absorbance at step 4?,56.0,number,0,False,56.0,"{""answer"": 0}","[""/results/yao314652/home/project/outputs/visual_benchmark/qwen25vl_7b_all_modalities/images/seq_0016__read_last_target__simulation/simulation/step_0000.png"", ""/results/yao314652/home/project/outputs/visual_benchmark/qwen25vl_7b_all_modalities/images/seq_0016__read_last_target__simulation/simulation/step_0001.png"", ""/results/yao314652/home/project/outputs/visual_benchmark/qwen25vl_7b_all_modalities/images/seq_0016__read_last_target__simulation/simulation/step_0002.png"", ""/results/yao314652/home/project/outputs/visual_benchmark/qwen25vl_7b_all_modalities/images/seq_0016__read_last_target__simulation/simulation/step_0003.png"", ""/results/yao314652/home/project/outputs/visual_benchmark/qwen25vl_7b_all_modalities/images/seq_0016__read_last_target__simulation/simulation/step_0004.png""]","[{""wavelength"": 700.0, ""concentration"": 2.0, ""path_length"": 2.0, ""absorbance"": 56.0}, {""wavelength"": 650.0, ""concentration"": 2.0, ""path_length"": 2.0, ""absorbance"": 52.0}, {""wavelength"": 650.0, ""concentration"": 2.0, ""path_length"": 1.0, ""absorbance"": 26.0}, {""wavelength"": 650.0, ""concentration"": 2.0, ""path_length"": 2.0, ""absorbance"": 52.0}, {""wavelength"": 700.0, ""concentration"": 2.0, ""path_length"": 2.0, ""absorbance"": 56.0}]"
seq_0016__target_change_amount__text,seq_0016,target_change_amount,change_amount,text,none,By how much does absorbance change from step 0 to step 4?,0.0,number,0,True,0.0,"{
  ""answer"": 0
}",[],"[{""wavelength"": 700.0, ""concentration"": 2.0, ""path_length"": 2.0, ""absorbance"": 56.0}, {""wavelength"": 650.0, ""concentration"": 2.0, ""path_length"": 2.0, ""absorbance"": 52.0}, {""wavelength"": 650.0, ""concentration"": 2.0, ""path_length"": 1.0, ""absorbance"": 26.0}, {""wavelength"": 650.0, ""concentration"": 2.0, ""path_length"": 2.0, ""absorbance"": 52.0}, {""wavelength"": 700.0, ""concentration"": 2.0, ""path_length"": 2.0, ""absorbance"": 56.0}]"
seq_0016__target_change_amount__bar,seq_0016,target_change_amount,change_amount,bar,bar,By how much does absorbance change from step 0 to step 4?,0.0,number,2.9,False,2.9,"{""answer"": 2.9}","[""/results/yao314652/home/project/outputs/visual_benchmark/qwen25vl_7b_all_modalities/images/seq_0016__target_change_amount__bar/bar/step_0000.png"", ""/results/yao314652/home/project/outputs/visual_benchmark/qwen25vl_7b_all_modalities/images/seq_0016__target_change_amount__bar/bar/step_0001.png"", ""/results/yao314652/home/project/outputs/visual_benchmark/qwen25vl_7b_all_modalities/images/seq_0016__target_change_amount__bar/bar/step_0002.png"", ""/results/yao314652/home/project/outputs/visual_benchmark/qwen25vl_7b_all_modalities/images/seq_0016__target_change_amount__bar/bar/step_0003.png"", ""/results/yao314652/home/project/outputs/visual_benchmark/qwen25vl_7b_all_modalities/images/seq_0016__target_change_amount__bar/bar/step_0004.png""]","[{""wavelength"": 700.0, ""concentration"": 2.0, ""path_length"": 2.0, ""absorbance"": 56.0}, {""wavelength"": 650.0, ""concentration"": 2.0, ""path_length"": 2.0, ""absorbance"": 52.0}, {""wavelength"": 650.0, ""concentration"": 2.0, ""path_length"": 1.0, ""absorbance"": 26.0}, {""wavelength"": 650.0, ""concentration"": 2.0, ""path_length"": 2.0, ""absorbance"": 52.0}, {""wavelength"": 700.0, ""concentration"": 2.0, ""path_length"": 2.0, ""absorbance"": 56.0}]"
seq_0016__target_change_amount__line,seq_0016,target_change_amount,change_amount,line,line,By how much does absorbance change from step 0 to step 4?,0.0,number,-0.3,False,0.3,"{""answer"": -0.3}","[""/results/yao314652/home/project/outputs/visual_benchmark/qwen25vl_7b_all_modalities/images/seq_0016__target_change_amount__line/line/seq_0016__target_change_amount__line_step_0000.png"", ""/results/yao314652/home/project/outputs/visual_benchmark/qwen25vl_7b_all_modalities/images/seq_0016__target_change_amount__line/line/seq_0016__target_change_amount__line_step_0001.png"", ""/results/yao314652/home/project/outputs/visual_benchmark/qwen25vl_7b_all_modalities/images/seq_0016__target_change_amount__line/line/seq_0016__target_change_amount__line_step_0002.png"", ""/results/yao314652/home/project/outputs/visual_benchmark/qwen25vl_7b_all_modalities/images/seq_0016__target_change_amount__line/line/seq_0016__target_change_amount__line_step_0003.png"", ""/results/yao314652/home/project/outputs/visual_benchmark/qwen25vl_7b_all_modalities/images/seq_0016__target_change_amount__line/line/seq_0016__target_change_amount__line_step_0004.png""]","[{""wavelength"": 700.0, ""concentration"": 2.0, ""path_length"": 2.0, ""absorbance"": 56.0}, {""wavelength"": 650.0, ""concentration"": 2.0, ""path_length"": 2.0, ""absorbance"": 52.0}, {""wavelength"": 650.0, ""concentration"": 2.0, ""path_length"": 1.0, ""absorbance"": 26.0}, {""wavelength"": 650.0, ""concentration"": 2.0, ""path_length"": 2.0, ""absorbance"": 52.0}, {""wavelength"": 700.0, ""concentration"": 2.0, ""path_length"": 2.0, ""absorbance"": 56.0}]"
seq_0016__target_change_amount__scatter,seq_0016,target_change_amount,change_amount,scatter,scatter,By how much does absorbance change from step 0 to step 4?,0.0,number,-1,False,1.0,"{""answer"": -1}","[""/results/yao314652/home/project/outputs/visual_benchmark/qwen25vl_7b_all_modalities/images/seq_0016__target_change_amount__scatter/scatter/seq_0016__target_change_amount__scatter_step_0000.png"", ""/results/yao314652/home/project/outputs/visual_benchmark/qwen25vl_7b_all_modalities/images/seq_0016__target_change_amount__scatter/scatter/seq_0016__target_change_amount__scatter_step_0001.png"", ""/results/yao314652/home/project/outputs/visual_benchmark/qwen25vl_7b_all_modalities/images/seq_0016__target_change_amount__scatter/scatter/seq_0016__target_change_amount__scatter_step_0002.png"", ""/results/yao314652/home/project/outputs/visual_benchmark/qwen25vl_7b_all_modalities/images/seq_0016__target_change_amount__scatter/scatter/seq_0016__target_change_amount__scatter_step_0003.png"", ""/results/yao314652/home/project/outputs/visual_benchmark/qwen25vl_7b_all_modalities/images/seq_0016__target_change_amount__scatter/scatter/seq_0016__target_change_amount__scatter_step_0004.png""]","[{""wavelength"": 700.0, ""concentration"": 2.0, ""path_length"": 2.0, ""absorbance"": 56.0}, {""wavelength"": 650.0, ""concentration"": 2.0, ""path_length"": 2.0, ""absorbance"": 52.0}, {""wavelength"": 650.0, ""concentration"": 2.0, ""path_length"": 1.0, ""absorbance"": 26.0}, {""wavelength"": 650.0, ""concentration"": 2.0, ""path_length"": 2.0, ""absorbance"": 52.0}, {""wavelength"": 700.0, ""concentration"": 2.0, ""path_length"": 2.0, ""absorbance"": 56.0}]"
seq_0016__target_change_amount__simulation,seq_0016,target_change_amount,change_amount,simulation,simulation,By how much does absorbance change from step 0 to step 4?,0.0,number,-1,False,1.0,"{""answer"": -1}","[""/results/yao314652/home/project/outputs/visual_benchmark/qwen25vl_7b_all_modalities/images/seq_0016__target_change_amount__simulation/simulation/step_0000.png"", ""/results/yao314652/home/project/outputs/visual_benchmark/qwen25vl_7b_all_modalities/images/seq_0016__target_change_amount__simulation/simulation/step_0001.png"", ""/results/yao314652/home/project/outputs/visual_benchmark/qwen25vl_7b_all_modalities/images/seq_0016__target_change_amount__simulation/simulation/step_0002.png"", ""/results/yao314652/home/project/outputs/visual_benchmark/qwen25vl_7b_all_modalities/images/seq_0016__target_change_amount__simulation/simulation/step_0003.png"", ""/results/yao314652/home/project/outputs/visual_benchmark/qwen25vl_7b_all_modalities/images/seq_0016__target_change_amount__simulation/simulation/step_0004.png""]","[{""wavelength"": 700.0, ""concentration"": 2.0, ""path_length"": 2.0, ""absorbance"": 56.0}, {""wavelength"": 650.0, ""concentration"": 2.0, ""path_length"": 2.0, ""absorbance"": 52.0}, {""wavelength"": 650.0, ""concentration"": 2.0, ""path_length"": 1.0, ""absorbance"": 26.0}, {""wavelength"": 650.0, ""concentration"": 2.0, ""path_length"": 2.0, ""absorbance"": 52.0}, {""wavelength"": 700.0, ""concentration"": 2.0, ""path_length"": 2.0, ""absorbance"": 56.0}]"
seq_0016__target_change_direction__text,seq_0016,target_change_direction,change_direction,text,none,"Does absorbance increase, decrease, or stay the same from step 0 to step 4?",same,category,same,True,,"{
    ""answer"": ""same""
}",[],"[{""wavelength"": 700.0, ""concentration"": 2.0, ""path_length"": 2.0, ""absorbance"": 56.0}, {""wavelength"": 650.0, ""concentration"": 2.0, ""path_length"": 2.0, ""absorbance"": 52.0}, {""wavelength"": 650.0, ""concentration"": 2.0, ""path_length"": 1.0, ""absorbance"": 26.0}, {""wavelength"": 650.0, ""concentration"": 2.0, ""path_length"": 2.0, ""absorbance"": 52.0}, {""wavelength"": 700.0, ""concentration"": 2.0, ""path_length"": 2.0, ""absorbance"": 56.0}]"
seq_0016__target_change_direction__bar,seq_0016,target_change_direction,change_direction,bar,bar,"Does absorbance increase, decrease, or stay the same from step 0 to step 4?",same,category,stay the same,False,,"{""answer"": ""stay the same""}","[""/results/yao314652/home/project/outputs/visual_benchmark/qwen25vl_7b_all_modalities/images/seq_0016__target_change_direction__bar/bar/step_0000.png"", ""/results/yao314652/home/project/outputs/visual_benchmark/qwen25vl_7b_all_modalities/images/seq_0016__target_change_direction__bar/bar/step_0001.png"", ""/results/yao314652/home/project/outputs/visual_benchmark/qwen25vl_7b_all_modalities/images/seq_0016__target_change_direction__bar/bar/step_0002.png"", ""/results/yao314652/home/project/outputs/visual_benchmark/qwen25vl_7b_all_modalities/images/seq_0016__target_change_direction__bar/bar/step_0003.png"", ""/results/yao314652/home/project/outputs/visual_benchmark/qwen25vl_7b_all_modalities/images/seq_0016__target_change_direction__bar/bar/step_0004.png""]","[{""wavelength"": 700.0, ""concentration"": 2.0, ""path_length"": 2.0, ""absorbance"": 56.0}, {""wavelength"": 650.0, ""concentration"": 2.0, ""path_length"": 2.0, ""absorbance"": 52.0}, {""wavelength"": 650.0, ""concentration"": 2.0, ""path_length"": 1.0, ""absorbance"": 26.0}, {""wavelength"": 650.0, ""concentration"": 2.0, ""path_length"": 2.0, ""absorbance"": 52.0}, {""wavelength"": 700.0, ""concentration"": 2.0, ""path_length"": 2.0, ""absorbance"": 56.0}]"
seq_0016__target_change_direction__line,seq_0016,target_change_direction,change_direction,line,line,"Does absorbance increase, decrease, or stay the same from step 0 to step 4?",same,category,decrease,False,,"{""answer"": ""decrease""}","[""/results/yao314652/home/project/outputs/visual_benchmark/qwen25vl_7b_all_modalities/images/seq_0016__target_change_direction__line/line/seq_0016__target_change_direction__line_step_0000.png"", ""/results/yao314652/home/project/outputs/visual_benchmark/qwen25vl_7b_all_modalities/images/seq_0016__target_change_direction__line/line/seq_0016__target_change_direction__line_step_0001.png"", ""/results/yao314652/home/project/outputs/visual_benchmark/qwen25vl_7b_all_modalities/images/seq_0016__target_change_direction__line/line/seq_0016__target_change_direction__line_step_0002.png"", ""/results/yao314652/home/project/outputs/visual_benchmark/qwen25vl_7b_all_modalities/images/seq_0016__target_change_direction__line/line/seq_0016__target_change_direction__line_step_0003.png"", ""/results/yao314652/home/project/outputs/visual_benchmark/qwen25vl_7b_all_modalities/images/seq_0016__target_change_direction__line/line/seq_0016__target_change_direction__line_step_0004.png""]","[{""wavelength"": 700.0, ""concentration"": 2.0, ""path_length"": 2.0, ""absorbance"": 56.0}, {""wavelength"": 650.0, ""concentration"": 2.0, ""path_length"": 2.0, ""absorbance"": 52.0}, {""wavelength"": 650.0, ""concentration"": 2.0, ""path_length"": 1.0, ""absorbance"": 26.0}, {""wavelength"": 650.0, ""concentration"": 2.0, ""path_length"": 2.0, ""absorbance"": 52.0}, {""wavelength"": 700.0, ""concentration"": 2.0, ""path_length"": 2.0, ""absorbance"": 56.0}]"
seq_0016__target_change_direction__scatter,seq_0016,target_change_direction,change_direction,scatter,scatter,"Does absorbance increase, decrease, or stay the same from step 0 to step 4?",same,category,decrease,False,,"{""answer"": ""decrease""}","[""/results/yao314652/home/project/outputs/visual_benchmark/qwen25vl_7b_all_modalities/images/seq_0016__target_change_direction__scatter/scatter/seq_0016__target_change_direction__scatter_step_0000.png"", ""/results/yao314652/home/project/outputs/visual_benchmark/qwen25vl_7b_all_modalities/images/seq_0016__target_change_direction__scatter/scatter/seq_0016__target_change_direction__scatter_step_0001.png"", ""/results/yao314652/home/project/outputs/visual_benchmark/qwen25vl_7b_all_modalities/images/seq_0016__target_change_direction__scatter/scatter/seq_0016__target_change_direction__scatter_step_0002.png"", ""/results/yao314652/home/project/outputs/visual_benchmark/qwen25vl_7b_all_modalities/images/seq_0016__target_change_direction__scatter/scatter/seq_0016__target_change_direction__scatter_step_0003.png"", ""/results/yao314652/home/project/outputs/visual_benchmark/qwen25vl_7b_all_modalities/images/seq_0016__target_change_direction__scatter/scatter/seq_0016__target_change_direction__scatter_step_0004.png""]","[{""wavelength"": 700.0, ""concentration"": 2.0, ""path_length"": 2.0, ""absorbance"": 56.0}, {""wavelength"": 650.0, ""concentration"": 2.0, ""path_length"": 2.0, ""absorbance"": 52.0}, {""wavelength"": 650.0, ""concentration"": 2.0, ""path_length"": 1.0, ""absorbance"": 26.0}, {""wavelength"": 650.0, ""concentration"": 2.0, ""path_length"": 2.0, ""absorbance"": 52.0}, {""wavelength"": 700.0, ""concentration"": 2.0, ""path_length"": 2.0, ""absorbance"": 56.0}]"
seq_0016__target_change_direction__simulation,seq_0016,target_change_direction,change_direction,simulation,simulation,"Does absorbance increase, decrease, or stay the same from step 0 to step 4?",same,category,increase,False,,"{""answer"": ""increase""}","[""/results/yao314652/home/project/outputs/visual_benchmark/qwen25vl_7b_all_modalities/images/seq_0016__target_change_direction__simulation/simulation/step_0000.png"", ""/results/yao314652/home/project/outputs/visual_benchmark/qwen25vl_7b_all_modalities/images/seq_0016__target_change_direction__simulation/simulation/step_0001.png"", ""/results/yao314652/home/project/outputs/visual_benchmark/qwen25vl_7b_all_modalities/images/seq_0016__target_change_direction__simulation/simulation/step_0002.png"", ""/results/yao314652/home/project/outputs/visual_benchmark/qwen25vl_7b_all_modalities/images/seq_0016__target_change_direction__simulation/simulation/step_0003.png"", ""/results/yao314652/home/project/outputs/visual_benchmark/qwen25vl_7b_all_modalities/images/seq_0016__target_change_direction__simulation/simulation/step_0004.png""]","[{""wavelength"": 700.0, ""concentration"": 2.0, ""path_length"": 2.0, ""absorbance"": 56.0}, {""wavelength"": 650.0, ""concentration"": 2.0, ""path_length"": 2.0, ""absorbance"": 52.0}, {""wavelength"": 650.0, ""concentration"": 2.0, ""path_length"": 1.0, ""absorbance"": 26.0}, {""wavelength"": 650.0, ""concentration"": 2.0, ""path_length"": 2.0, ""absorbance"": 52.0}, {""wavelength"": 700.0, ""concentration"": 2.0, ""path_length"": 2.0, ""absorbance"": 56.0}]"
seq_0016__changed_variable_0_to_1__text,seq_0016,changed_variable_0_to_1,changed_variable,text,none,Which input variable changed from step 0 to step 1?,wavelength,category,wavelength,True,,"{""answer"": ""wavelength""}",[],"[{""wavelength"": 700.0, ""concentration"": 2.0, ""path_length"": 2.0, ""absorbance"": 56.0}, {""wavelength"": 650.0, ""concentration"": 2.0, ""path_length"": 2.0, ""absorbance"": 52.0}, {""wavelength"": 650.0, ""concentration"": 2.0, ""path_length"": 1.0, ""absorbance"": 26.0}, {""wavelength"": 650.0, ""concentration"": 2.0, ""path_length"": 2.0, ""absorbance"": 52.0}, {""wavelength"": 700.0, ""concentration"": 2.0, ""path_length"": 2.0, ""absorbance"": 56.0}]"
seq_0016__changed_variable_0_to_1__bar,seq_0016,changed_variable_0_to_1,changed_variable,bar,bar,Which input variable changed from step 0 to step 1?,wavelength,category,same,False,,same,"[""/results/yao314652/home/project/outputs/visual_benchmark/qwen25vl_7b_all_modalities/images/seq_0016__changed_variable_0_to_1__bar/bar/step_0000.png"", ""/results/yao314652/home/project/outputs/visual_benchmark/qwen25vl_7b_all_modalities/images/seq_0016__changed_variable_0_to_1__bar/bar/step_0001.png"", ""/results/yao314652/home/project/outputs/visual_benchmark/qwen25vl_7b_all_modalities/images/seq_0016__changed_variable_0_to_1__bar/bar/step_0002.png"", ""/results/yao314652/home/project/outputs/visual_benchmark/qwen25vl_7b_all_modalities/images/seq_0016__changed_variable_0_to_1__bar/bar/step_0003.png"", ""/results/yao314652/home/project/outputs/visual_benchmark/qwen25vl_7b_all_modalities/images/seq_0016__changed_variable_0_to_1__bar/bar/step_0004.png""]","[{""wavelength"": 700.0, ""concentration"": 2.0, ""path_length"": 2.0, ""absorbance"": 56.0}, {""wavelength"": 650.0, ""concentration"": 2.0, ""path_length"": 2.0, ""absorbance"": 52.0}, {""wavelength"": 650.0, ""concentration"": 2.0, ""path_length"": 1.0, ""absorbance"": 26.0}, {""wavelength"": 650.0, ""concentration"": 2.0, ""path_length"": 2.0, ""absorbance"": 52.0}, {""wavelength"": 700.0, ""concentration"": 2.0, ""path_length"": 2.0, ""absorbance"": 56.0}]"
seq_0016__changed_variable_0_to_1__line,seq_0016,changed_variable_0_to_1,changed_variable,line,line,Which input variable changed from step 0 to step 1?,wavelength,category,same,False,,"{""answer"": ""same""}","[""/results/yao314652/home/project/outputs/visual_benchmark/qwen25vl_7b_all_modalities/images/seq_0016__changed_variable_0_to_1__line/line/seq_0016__changed_variable_0_to_1__line_step_0000.png"", ""/results/yao314652/home/project/outputs/visual_benchmark/qwen25vl_7b_all_modalities/images/seq_0016__changed_variable_0_to_1__line/line/seq_0016__changed_variable_0_to_1__line_step_0001.png"", ""/results/yao314652/home/project/outputs/visual_benchmark/qwen25vl_7b_all_modalities/images/seq_0016__changed_variable_0_to_1__line/line/seq_0016__changed_variable_0_to_1__line_step_0002.png"", ""/results/yao314652/home/project/outputs/visual_benchmark/qwen25vl_7b_all_modalities/images/seq_0016__changed_variable_0_to_1__line/line/seq_0016__changed_variable_0_to_1__line_step_0003.png"", ""/results/yao314652/home/project/outputs/visual_benchmark/qwen25vl_7b_all_modalities/images/seq_0016__changed_variable_0_to_1__line/line/seq_0016__changed_variable_0_to_1__line_step_0004.png""]","[{""wavelength"": 700.0, ""concentration"": 2.0, ""path_length"": 2.0, ""absorbance"": 56.0}, {""wavelength"": 650.0, ""concentration"": 2.0, ""path_length"": 2.0, ""absorbance"": 52.0}, {""wavelength"": 650.0, ""concentration"": 2.0, ""path_length"": 1.0, ""absorbance"": 26.0}, {""wavelength"": 650.0, ""concentration"": 2.0, ""path_length"": 2.0, ""absorbance"": 52.0}, {""wavelength"": 700.0, ""concentration"": 2.0, ""path_length"": 2.0, ""absorbance"": 56.0}]"
seq_0016__changed_variable_0_to_1__scatter,seq_0016,changed_variable_0_to_1,changed_variable,scatter,scatter,Which input variable changed from step 0 to step 1?,wavelength,category,x,False,,"{""answer"": ""x""}","[""/results/yao314652/home/project/outputs/visual_benchmark/qwen25vl_7b_all_modalities/images/seq_0016__changed_variable_0_to_1__scatter/scatter/seq_0016__changed_variable_0_to_1__scatter_step_0000.png"", ""/results/yao314652/home/project/outputs/visual_benchmark/qwen25vl_7b_all_modalities/images/seq_0016__changed_variable_0_to_1__scatter/scatter/seq_0016__changed_variable_0_to_1__scatter_step_0001.png"", ""/results/yao314652/home/project/outputs/visual_benchmark/qwen25vl_7b_all_modalities/images/seq_0016__changed_variable_0_to_1__scatter/scatter/seq_0016__changed_variable_0_to_1__scatter_step_0002.png"", ""/results/yao314652/home/project/outputs/visual_benchmark/qwen25vl_7b_all_modalities/images/seq_0016__changed_variable_0_to_1__scatter/scatter/seq_0016__changed_variable_0_to_1__scatter_step_0003.png"", ""/results/yao314652/home/project/outputs/visual_benchmark/qwen25vl_7b_all_modalities/images/seq_0016__changed_variable_0_to_1__scatter/scatter/seq_0016__changed_variable_0_to_1__scatter_step_0004.png""]","[{""wavelength"": 700.0, ""concentration"": 2.0, ""path_length"": 2.0, ""absorbance"": 56.0}, {""wavelength"": 650.0, ""concentration"": 2.0, ""path_length"": 2.0, ""absorbance"": 52.0}, {""wavelength"": 650.0, ""concentration"": 2.0, ""path_length"": 1.0, ""absorbance"": 26.0}, {""wavelength"": 650.0, ""concentration"": 2.0, ""path_length"": 2.0, ""absorbance"": 52.0}, {""wavelength"": 700.0, ""concentration"": 2.0, ""path_length"": 2.0, ""absorbance"": 56.0}]"
seq_0016__changed_variable_0_to_1__simulation,seq_0016,changed_variable_0_to_1,changed_variable,simulation,simulation,Which input variable changed from step 0 to step 1?,wavelength,category,increase,False,,"{""answer"": ""increase""}","[""/results/yao314652/home/project/outputs/visual_benchmark/qwen25vl_7b_all_modalities/images/seq_0016__changed_variable_0_to_1__simulation/simulation/step_0000.png"", ""/results/yao314652/home/project/outputs/visual_benchmark/qwen25vl_7b_all_modalities/images/seq_0016__changed_variable_0_to_1__simulation/simulation/step_0001.png"", ""/results/yao314652/home/project/outputs/visual_benchmark/qwen25vl_7b_all_modalities/images/seq_0016__changed_variable_0_to_1__simulation/simulation/step_0002.png"", ""/results/yao314652/home/project/outputs/visual_benchmark/qwen25vl_7b_all_modalities/images/seq_0016__changed_variable_0_to_1__simulation/simulation/step_0003.png"", ""/results/yao314652/home/project/outputs/visual_benchmark/qwen25vl_7b_all_modalities/images/seq_0016__changed_variable_0_to_1__simulation/simulation/step_0004.png""]","[{""wavelength"": 700.0, ""concentration"": 2.0, ""path_length"": 2.0, ""absorbance"": 56.0}, {""wavelength"": 650.0, ""concentration"": 2.0, ""path_length"": 2.0, ""absorbance"": 52.0}, {""wavelength"": 650.0, ""concentration"": 2.0, ""path_length"": 1.0, ""absorbance"": 26.0}, {""wavelength"": 650.0, ""concentration"": 2.0, ""path_length"": 2.0, ""absorbance"": 52.0}, {""wavelength"": 700.0, ""concentration"": 2.0, ""path_length"": 2.0, ""absorbance"": 56.0}]"
seq_0016__max_target_step__text,seq_0016,max_target_step,max_step,text,none,At which step is absorbance the highest?,0,step,0,True,,"{""answer"": 0}",[],"[{""wavelength"": 700.0, ""concentration"": 2.0, ""path_length"": 2.0, ""absorbance"": 56.0}, {""wavelength"": 650.0, ""concentration"": 2.0, ""path_length"": 2.0, ""absorbance"": 52.0}, {""wavelength"": 650.0, ""concentration"": 2.0, ""path_length"": 1.0, ""absorbance"": 26.0}, {""wavelength"": 650.0, ""concentration"": 2.0, ""path_length"": 2.0, ""absorbance"": 52.0}, {""wavelength"": 700.0, ""concentration"": 2.0, ""path_length"": 2.0, ""absorbance"": 56.0}]"
seq_0016__max_target_step__bar,seq_0016,max_target_step,max_step,bar,bar,At which step is absorbance the highest?,0,step,1,False,,"{""answer"": 1}","[""/results/yao314652/home/project/outputs/visual_benchmark/qwen25vl_7b_all_modalities/images/seq_0016__max_target_step__bar/bar/step_0000.png"", ""/results/yao314652/home/project/outputs/visual_benchmark/qwen25vl_7b_all_modalities/images/seq_0016__max_target_step__bar/bar/step_0001.png"", ""/results/yao314652/home/project/outputs/visual_benchmark/qwen25vl_7b_all_modalities/images/seq_0016__max_target_step__bar/bar/step_0002.png"", ""/results/yao314652/home/project/outputs/visual_benchmark/qwen25vl_7b_all_modalities/images/seq_0016__max_target_step__bar/bar/step_0003.png"", ""/results/yao314652/home/project/outputs/visual_benchmark/qwen25vl_7b_all_modalities/images/seq_0016__max_target_step__bar/bar/step_0004.png""]","[{""wavelength"": 700.0, ""concentration"": 2.0, ""path_length"": 2.0, ""absorbance"": 56.0}, {""wavelength"": 650.0, ""concentration"": 2.0, ""path_length"": 2.0, ""absorbance"": 52.0}, {""wavelength"": 650.0, ""concentration"": 2.0, ""path_length"": 1.0, ""absorbance"": 26.0}, {""wavelength"": 650.0, ""concentration"": 2.0, ""path_length"": 2.0, ""absorbance"": 52.0}, {""wavelength"": 700.0, ""concentration"": 2.0, ""path_length"": 2.0, ""absorbance"": 56.0}]"
seq_0016__max_target_step__line,seq_0016,max_target_step,max_step,line,line,At which step is absorbance the highest?,0,step,0,True,,"{""answer"": 0}","[""/results/yao314652/home/project/outputs/visual_benchmark/qwen25vl_7b_all_modalities/images/seq_0016__max_target_step__line/line/seq_0016__max_target_step__line_step_0000.png"", ""/results/yao314652/home/project/outputs/visual_benchmark/qwen25vl_7b_all_modalities/images/seq_0016__max_target_step__line/line/seq_0016__max_target_step__line_step_0001.png"", ""/results/yao314652/home/project/outputs/visual_benchmark/qwen25vl_7b_all_modalities/images/seq_0016__max_target_step__line/line/seq_0016__max_target_step__line_step_0002.png"", ""/results/yao314652/home/project/outputs/visual_benchmark/qwen25vl_7b_all_modalities/images/seq_0016__max_target_step__line/line/seq_0016__max_target_step__line_step_0003.png"", ""/results/yao314652/home/project/outputs/visual_benchmark/qwen25vl_7b_all_modalities/images/seq_0016__max_target_step__line/line/seq_0016__max_target_step__line_step_0004.png""]","[{""wavelength"": 700.0, ""concentration"": 2.0, ""path_length"": 2.0, ""absorbance"": 56.0}, {""wavelength"": 650.0, ""concentration"": 2.0, ""path_length"": 2.0, ""absorbance"": 52.0}, {""wavelength"": 650.0, ""concentration"": 2.0, ""path_length"": 1.0, ""absorbance"": 26.0}, {""wavelength"": 650.0, ""concentration"": 2.0, ""path_length"": 2.0, ""absorbance"": 52.0}, {""wavelength"": 700.0, ""concentration"": 2.0, ""path_length"": 2.0, ""absorbance"": 56.0}]"
seq_0016__max_target_step__scatter,seq_0016,max_target_step,max_step,scatter,scatter,At which step is absorbance the highest?,0,step,1,False,,"{""answer"": 1}","[""/results/yao314652/home/project/outputs/visual_benchmark/qwen25vl_7b_all_modalities/images/seq_0016__max_target_step__scatter/scatter/seq_0016__max_target_step__scatter_step_0000.png"", ""/results/yao314652/home/project/outputs/visual_benchmark/qwen25vl_7b_all_modalities/images/seq_0016__max_target_step__scatter/scatter/seq_0016__max_target_step__scatter_step_0001.png"", ""/results/yao314652/home/project/outputs/visual_benchmark/qwen25vl_7b_all_modalities/images/seq_0016__max_target_step__scatter/scatter/seq_0016__max_target_step__scatter_step_0002.png"", ""/results/yao314652/home/project/outputs/visual_benchmark/qwen25vl_7b_all_modalities/images/seq_0016__max_target_step__scatter/scatter/seq_0016__max_target_step__scatter_step_0003.png"", ""/results/yao314652/home/project/outputs/visual_benchmark/qwen25vl_7b_all_modalities/images/seq_0016__max_target_step__scatter/scatter/seq_0016__max_target_step__scatter_step_0004.png""]","[{""wavelength"": 700.0, ""concentration"": 2.0, ""path_length"": 2.0, ""absorbance"": 56.0}, {""wavelength"": 650.0, ""concentration"": 2.0, ""path_length"": 2.0, ""absorbance"": 52.0}, {""wavelength"": 650.0, ""concentration"": 2.0, ""path_length"": 1.0, ""absorbance"": 26.0}, {""wavelength"": 650.0, ""concentration"": 2.0, ""path_length"": 2.0, ""absorbance"": 52.0}, {""wavelength"": 700.0, ""concentration"": 2.0, ""path_length"": 2.0, ""absorbance"": 56.0}]"
seq_0016__max_target_step__simulation,seq_0016,max_target_step,max_step,simulation,simulation,At which step is absorbance the highest?,0,step,3,False,,"{""answer"": 3}","[""/results/yao314652/home/project/outputs/visual_benchmark/qwen25vl_7b_all_modalities/images/seq_0016__max_target_step__simulation/simulation/step_0000.png"", ""/results/yao314652/home/project/outputs/visual_benchmark/qwen25vl_7b_all_modalities/images/seq_0016__max_target_step__simulation/simulation/step_0001.png"", ""/results/yao314652/home/project/outputs/visual_benchmark/qwen25vl_7b_all_modalities/images/seq_0016__max_target_step__simulation/simulation/step_0002.png"", ""/results/yao314652/home/project/outputs/visual_benchmark/qwen25vl_7b_all_modalities/images/seq_0016__max_target_step__simulation/simulation/step_0003.png"", ""/results/yao314652/home/project/outputs/visual_benchmark/qwen25vl_7b_all_modalities/images/seq_0016__max_target_step__simulation/simulation/step_0004.png""]","[{""wavelength"": 700.0, ""concentration"": 2.0, ""path_length"": 2.0, ""absorbance"": 56.0}, {""wavelength"": 650.0, ""concentration"": 2.0, ""path_length"": 2.0, ""absorbance"": 52.0}, {""wavelength"": 650.0, ""concentration"": 2.0, ""path_length"": 1.0, ""absorbance"": 26.0}, {""wavelength"": 650.0, ""concentration"": 2.0, ""path_length"": 2.0, ""absorbance"": 52.0}, {""wavelength"": 700.0, ""concentration"": 2.0, ""path_length"": 2.0, ""absorbance"": 56.0}]"
seq_0016__largest_target_drop_step__text,seq_0016,largest_target_drop_step,largest_drop_step,text,none,"At which step does absorbance show the largest drop compared with the previous step? If it never drops, answer none.",2,step_or_none,2,True,,"```json
{""answer"": ""2""}
```",[],"[{""wavelength"": 700.0, ""concentration"": 2.0, ""path_length"": 2.0, ""absorbance"": 56.0}, {""wavelength"": 650.0, ""concentration"": 2.0, ""path_length"": 2.0, ""absorbance"": 52.0}, {""wavelength"": 650.0, ""concentration"": 2.0, ""path_length"": 1.0, ""absorbance"": 26.0}, {""wavelength"": 650.0, ""concentration"": 2.0, ""path_length"": 2.0, ""absorbance"": 52.0}, {""wavelength"": 700.0, ""concentration"": 2.0, ""path_length"": 2.0, ""absorbance"": 56.0}]"
seq_0016__largest_target_drop_step__bar,seq_0016,largest_target_drop_step,largest_drop_step,bar,bar,"At which step does absorbance show the largest drop compared with the previous step? If it never drops, answer none.",2,step_or_none,3,False,,"{""answer"": 3}","[""/results/yao314652/home/project/outputs/visual_benchmark/qwen25vl_7b_all_modalities/images/seq_0016__largest_target_drop_step__bar/bar/step_0000.png"", ""/results/yao314652/home/project/outputs/visual_benchmark/qwen25vl_7b_all_modalities/images/seq_0016__largest_target_drop_step__bar/bar/step_0001.png"", ""/results/yao314652/home/project/outputs/visual_benchmark/qwen25vl_7b_all_modalities/images/seq_0016__largest_target_drop_step__bar/bar/step_0002.png"", ""/results/yao314652/home/project/outputs/visual_benchmark/qwen25vl_7b_all_modalities/images/seq_0016__largest_target_drop_step__bar/bar/step_0003.png"", ""/results/yao314652/home/project/outputs/visual_benchmark/qwen25vl_7b_all_modalities/images/seq_0016__largest_target_drop_step__bar/bar/step_0004.png""]","[{""wavelength"": 700.0, ""concentration"": 2.0, ""path_length"": 2.0, ""absorbance"": 56.0}, {""wavelength"": 650.0, ""concentration"": 2.0, ""path_length"": 2.0, ""absorbance"": 52.0}, {""wavelength"": 650.0, ""concentration"": 2.0, ""path_length"": 1.0, ""absorbance"": 26.0}, {""wavelength"": 650.0, ""concentration"": 2.0, ""path_length"": 2.0, ""absorbance"": 52.0}, {""wavelength"": 700.0, ""concentration"": 2.0, ""path_length"": 2.0, ""absorbance"": 56.0}]"
seq_0016__largest_target_drop_step__line,seq_0016,largest_target_drop_step,largest_drop_step,line,line,"At which step does absorbance show the largest drop compared with the previous step? If it never drops, answer none.",2,step_or_none,1,False,,"{""answer"": 1}","[""/results/yao314652/home/project/outputs/visual_benchmark/qwen25vl_7b_all_modalities/images/seq_0016__largest_target_drop_step__line/line/seq_0016__largest_target_drop_step__line_step_0000.png"", ""/results/yao314652/home/project/outputs/visual_benchmark/qwen25vl_7b_all_modalities/images/seq_0016__largest_target_drop_step__line/line/seq_0016__largest_target_drop_step__line_step_0001.png"", ""/results/yao314652/home/project/outputs/visual_benchmark/qwen25vl_7b_all_modalities/images/seq_0016__largest_target_drop_step__line/line/seq_0016__largest_target_drop_step__line_step_0002.png"", ""/results/yao314652/home/project/outputs/visual_benchmark/qwen25vl_7b_all_modalities/images/seq_0016__largest_target_drop_step__line/line/seq_0016__largest_target_drop_step__line_step_0003.png"", ""/results/yao314652/home/project/outputs/visual_benchmark/qwen25vl_7b_all_modalities/images/seq_0016__largest_target_drop_step__line/line/seq_0016__largest_target_drop_step__line_step_0004.png""]","[{""wavelength"": 700.0, ""concentration"": 2.0, ""path_length"": 2.0, ""absorbance"": 56.0}, {""wavelength"": 650.0, ""concentration"": 2.0, ""path_length"": 2.0, ""absorbance"": 52.0}, {""wavelength"": 650.0, ""concentration"": 2.0, ""path_length"": 1.0, ""absorbance"": 26.0}, {""wavelength"": 650.0, ""concentration"": 2.0, ""path_length"": 2.0, ""absorbance"": 52.0}, {""wavelength"": 700.0, ""concentration"": 2.0, ""path_length"": 2.0, ""absorbance"": 56.0}]"
seq_0016__largest_target_drop_step__scatter,seq_0016,largest_target_drop_step,largest_drop_step,scatter,scatter,"At which step does absorbance show the largest drop compared with the previous step? If it never drops, answer none.",2,step_or_none,4,False,,"{""answer"": 4}","[""/results/yao314652/home/project/outputs/visual_benchmark/qwen25vl_7b_all_modalities/images/seq_0016__largest_target_drop_step__scatter/scatter/seq_0016__largest_target_drop_step__scatter_step_0000.png"", ""/results/yao314652/home/project/outputs/visual_benchmark/qwen25vl_7b_all_modalities/images/seq_0016__largest_target_drop_step__scatter/scatter/seq_0016__largest_target_drop_step__scatter_step_0001.png"", ""/results/yao314652/home/project/outputs/visual_benchmark/qwen25vl_7b_all_modalities/images/seq_0016__largest_target_drop_step__scatter/scatter/seq_0016__largest_target_drop_step__scatter_step_0002.png"", ""/results/yao314652/home/project/outputs/visual_benchmark/qwen25vl_7b_all_modalities/images/seq_0016__largest_target_drop_step__scatter/scatter/seq_0016__largest_target_drop_step__scatter_step_0003.png"", ""/results/yao314652/home/project/outputs/visual_benchmark/qwen25vl_7b_all_modalities/images/seq_0016__largest_target_drop_step__scatter/scatter/seq_0016__largest_target_drop_step__scatter_step_0004.png""]","[{""wavelength"": 700.0, ""concentration"": 2.0, ""path_length"": 2.0, ""absorbance"": 56.0}, {""wavelength"": 650.0, ""concentration"": 2.0, ""path_length"": 2.0, ""absorbance"": 52.0}, {""wavelength"": 650.0, ""concentration"": 2.0, ""path_length"": 1.0, ""absorbance"": 26.0}, {""wavelength"": 650.0, ""concentration"": 2.0, ""path_length"": 2.0, ""absorbance"": 52.0}, {""wavelength"": 700.0, ""concentration"": 2.0, ""path_length"": 2.0, ""absorbance"": 56.0}]"
seq_0016__largest_target_drop_step__simulation,seq_0016,largest_target_drop_step,largest_drop_step,simulation,simulation,"At which step does absorbance show the largest drop compared with the previous step? If it never drops, answer none.",2,step_or_none,4,False,,"{""answer"": 4}","[""/results/yao314652/home/project/outputs/visual_benchmark/qwen25vl_7b_all_modalities/images/seq_0016__largest_target_drop_step__simulation/simulation/step_0000.png"", ""/results/yao314652/home/project/outputs/visual_benchmark/qwen25vl_7b_all_modalities/images/seq_0016__largest_target_drop_step__simulation/simulation/step_0001.png"", ""/results/yao314652/home/project/outputs/visual_benchmark/qwen25vl_7b_all_modalities/images/seq_0016__largest_target_drop_step__simulation/simulation/step_0002.png"", ""/results/yao314652/home/project/outputs/visual_benchmark/qwen25vl_7b_all_modalities/images/seq_0016__largest_target_drop_step__simulation/simulation/step_0003.png"", ""/results/yao314652/home/project/outputs/visual_benchmark/qwen25vl_7b_all_modalities/images/seq_0016__largest_target_drop_step__simulation/simulation/step_0004.png""]","[{""wavelength"": 700.0, ""concentration"": 2.0, ""path_length"": 2.0, ""absorbance"": 56.0}, {""wavelength"": 650.0, ""concentration"": 2.0, ""path_length"": 2.0, ""absorbance"": 52.0}, {""wavelength"": 650.0, ""concentration"": 2.0, ""path_length"": 1.0, ""absorbance"": 26.0}, {""wavelength"": 650.0, ""concentration"": 2.0, ""path_length"": 2.0, ""absorbance"": 52.0}, {""wavelength"": 700.0, ""concentration"": 2.0, ""path_length"": 2.0, ""absorbance"": 56.0}]"
seq_0017__read_last_target__text,seq_0017,read_last_target,value_at_step,text,none,What is the value of absorbance at step 4?,144.0,number,144,True,0.0,"{""answer"": 144}",[],"[{""wavelength"": 500.0, ""concentration"": 4.0, ""path_length"": 5.0, ""absorbance"": 200.0}, {""wavelength"": 450.0, ""concentration"": 4.0, ""path_length"": 5.0, ""absorbance"": 180.0}, {""wavelength"": 450.0, ""concentration"": 4.0, ""path_length"": 4.0, ""absorbance"": 144.0}, {""wavelength"": 450.0, ""concentration"": 5.0, ""path_length"": 4.0, ""absorbance"": 180.0}, {""wavelength"": 450.0, ""concentration"": 4.0, ""path_length"": 4.0, ""absorbance"": 144.0}]"
seq_0017__read_last_target__bar,seq_0017,read_last_target,value_at_step,bar,bar,What is the value of absorbance at step 4?,144.0,number,0.2,False,143.8,"{""answer"": 0.2}","[""/results/yao314652/home/project/outputs/visual_benchmark/qwen25vl_7b_all_modalities/images/seq_0017__read_last_target__bar/bar/step_0000.png"", ""/results/yao314652/home/project/outputs/visual_benchmark/qwen25vl_7b_all_modalities/images/seq_0017__read_last_target__bar/bar/step_0001.png"", ""/results/yao314652/home/project/outputs/visual_benchmark/qwen25vl_7b_all_modalities/images/seq_0017__read_last_target__bar/bar/step_0002.png"", ""/results/yao314652/home/project/outputs/visual_benchmark/qwen25vl_7b_all_modalities/images/seq_0017__read_last_target__bar/bar/step_0003.png"", ""/results/yao314652/home/project/outputs/visual_benchmark/qwen25vl_7b_all_modalities/images/seq_0017__read_last_target__bar/bar/step_0004.png""]","[{""wavelength"": 500.0, ""concentration"": 4.0, ""path_length"": 5.0, ""absorbance"": 200.0}, {""wavelength"": 450.0, ""concentration"": 4.0, ""path_length"": 5.0, ""absorbance"": 180.0}, {""wavelength"": 450.0, ""concentration"": 4.0, ""path_length"": 4.0, ""absorbance"": 144.0}, {""wavelength"": 450.0, ""concentration"": 5.0, ""path_length"": 4.0, ""absorbance"": 180.0}, {""wavelength"": 450.0, ""concentration"": 4.0, ""path_length"": 4.0, ""absorbance"": 144.0}]"
seq_0017__read_last_target__line,seq_0017,read_last_target,value_at_step,line,line,What is the value of absorbance at step 4?,144.0,number,0.7,False,143.3,"{""answer"": 0.7}","[""/results/yao314652/home/project/outputs/visual_benchmark/qwen25vl_7b_all_modalities/images/seq_0017__read_last_target__line/line/seq_0017__read_last_target__line_step_0000.png"", ""/results/yao314652/home/project/outputs/visual_benchmark/qwen25vl_7b_all_modalities/images/seq_0017__read_last_target__line/line/seq_0017__read_last_target__line_step_0001.png"", ""/results/yao314652/home/project/outputs/visual_benchmark/qwen25vl_7b_all_modalities/images/seq_0017__read_last_target__line/line/seq_0017__read_last_target__line_step_0002.png"", ""/results/yao314652/home/project/outputs/visual_benchmark/qwen25vl_7b_all_modalities/images/seq_0017__read_last_target__line/line/seq_0017__read_last_target__line_step_0003.png"", ""/results/yao314652/home/project/outputs/visual_benchmark/qwen25vl_7b_all_modalities/images/seq_0017__read_last_target__line/line/seq_0017__read_last_target__line_step_0004.png""]","[{""wavelength"": 500.0, ""concentration"": 4.0, ""path_length"": 5.0, ""absorbance"": 200.0}, {""wavelength"": 450.0, ""concentration"": 4.0, ""path_length"": 5.0, ""absorbance"": 180.0}, {""wavelength"": 450.0, ""concentration"": 4.0, ""path_length"": 4.0, ""absorbance"": 144.0}, {""wavelength"": 450.0, ""concentration"": 5.0, ""path_length"": 4.0, ""absorbance"": 180.0}, {""wavelength"": 450.0, ""concentration"": 4.0, ""path_length"": 4.0, ""absorbance"": 144.0}]"
seq_0017__read_last_target__scatter,seq_0017,read_last_target,value_at_step,scatter,scatter,What is the value of absorbance at step 4?,144.0,number,0.9,False,143.1,"{""answer"": 0.9}","[""/results/yao314652/home/project/outputs/visual_benchmark/qwen25vl_7b_all_modalities/images/seq_0017__read_last_target__scatter/scatter/seq_0017__read_last_target__scatter_step_0000.png"", ""/results/yao314652/home/project/outputs/visual_benchmark/qwen25vl_7b_all_modalities/images/seq_0017__read_last_target__scatter/scatter/seq_0017__read_last_target__scatter_step_0001.png"", ""/results/yao314652/home/project/outputs/visual_benchmark/qwen25vl_7b_all_modalities/images/seq_0017__read_last_target__scatter/scatter/seq_0017__read_last_target__scatter_step_0002.png"", ""/results/yao314652/home/project/outputs/visual_benchmark/qwen25vl_7b_all_modalities/images/seq_0017__read_last_target__scatter/scatter/seq_0017__read_last_target__scatter_step_0003.png"", ""/results/yao314652/home/project/outputs/visual_benchmark/qwen25vl_7b_all_modalities/images/seq_0017__read_last_target__scatter/scatter/seq_0017__read_last_target__scatter_step_0004.png""]","[{""wavelength"": 500.0, ""concentration"": 4.0, ""path_length"": 5.0, ""absorbance"": 200.0}, {""wavelength"": 450.0, ""concentration"": 4.0, ""path_length"": 5.0, ""absorbance"": 180.0}, {""wavelength"": 450.0, ""concentration"": 4.0, ""path_length"": 4.0, ""absorbance"": 144.0}, {""wavelength"": 450.0, ""concentration"": 5.0, ""path_length"": 4.0, ""absorbance"": 180.0}, {""wavelength"": 450.0, ""concentration"": 4.0, ""path_length"": 4.0, ""absorbance"": 144.0}]"
seq_0017__read_last_target__simulation,seq_0017,read_last_target,value_at_step,simulation,simulation,What is the value of absorbance at step 4?,144.0,number,1.0,False,143.0,"{""answer"": 1.0}","[""/results/yao314652/home/project/outputs/visual_benchmark/qwen25vl_7b_all_modalities/images/seq_0017__read_last_target__simulation/simulation/step_0000.png"", ""/results/yao314652/home/project/outputs/visual_benchmark/qwen25vl_7b_all_modalities/images/seq_0017__read_last_target__simulation/simulation/step_0001.png"", ""/results/yao314652/home/project/outputs/visual_benchmark/qwen25vl_7b_all_modalities/images/seq_0017__read_last_target__simulation/simulation/step_0002.png"", ""/results/yao314652/home/project/outputs/visual_benchmark/qwen25vl_7b_all_modalities/images/seq_0017__read_last_target__simulation/simulation/step_0003.png"", ""/results/yao314652/home/project/outputs/visual_benchmark/qwen25vl_7b_all_modalities/images/seq_0017__read_last_target__simulation/simulation/step_0004.png""]","[{""wavelength"": 500.0, ""concentration"": 4.0, ""path_length"": 5.0, ""absorbance"": 200.0}, {""wavelength"": 450.0, ""concentration"": 4.0, ""path_length"": 5.0, ""absorbance"": 180.0}, {""wavelength"": 450.0, ""concentration"": 4.0, ""path_length"": 4.0, ""absorbance"": 144.0}, {""wavelength"": 450.0, ""concentration"": 5.0, ""path_length"": 4.0, ""absorbance"": 180.0}, {""wavelength"": 450.0, ""concentration"": 4.0, ""path_length"": 4.0, ""absorbance"": 144.0}]"
seq_0017__target_change_amount__text,seq_0017,target_change_amount,change_amount,text,none,By how much does absorbance change from step 0 to step 4?,-56.0,number,-56,True,0.0,"{""answer"": -56}",[],"[{""wavelength"": 500.0, ""concentration"": 4.0, ""path_length"": 5.0, ""absorbance"": 200.0}, {""wavelength"": 450.0, ""concentration"": 4.0, ""path_length"": 5.0, ""absorbance"": 180.0}, {""wavelength"": 450.0, ""concentration"": 4.0, ""path_length"": 4.0, ""absorbance"": 144.0}, {""wavelength"": 450.0, ""concentration"": 5.0, ""path_length"": 4.0, ""absorbance"": 180.0}, {""wavelength"": 450.0, ""concentration"": 4.0, ""path_length"": 4.0, ""absorbance"": 144.0}]"
seq_0017__target_change_amount__bar,seq_0017,target_change_amount,change_amount,bar,bar,By how much does absorbance change from step 0 to step 4?,-56.0,number,-0.2,False,55.8,"{""answer"": -0.2}","[""/results/yao314652/home/project/outputs/visual_benchmark/qwen25vl_7b_all_modalities/images/seq_0017__target_change_amount__bar/bar/step_0000.png"", ""/results/yao314652/home/project/outputs/visual_benchmark/qwen25vl_7b_all_modalities/images/seq_0017__target_change_amount__bar/bar/step_0001.png"", ""/results/yao314652/home/project/outputs/visual_benchmark/qwen25vl_7b_all_modalities/images/seq_0017__target_change_amount__bar/bar/step_0002.png"", ""/results/yao314652/home/project/outputs/visual_benchmark/qwen25vl_7b_all_modalities/images/seq_0017__target_change_amount__bar/bar/step_0003.png"", ""/results/yao314652/home/project/outputs/visual_benchmark/qwen25vl_7b_all_modalities/images/seq_0017__target_change_amount__bar/bar/step_0004.png""]","[{""wavelength"": 500.0, ""concentration"": 4.0, ""path_length"": 5.0, ""absorbance"": 200.0}, {""wavelength"": 450.0, ""concentration"": 4.0, ""path_length"": 5.0, ""absorbance"": 180.0}, {""wavelength"": 450.0, ""concentration"": 4.0, ""path_length"": 4.0, ""absorbance"": 144.0}, {""wavelength"": 450.0, ""concentration"": 5.0, ""path_length"": 4.0, ""absorbance"": 180.0}, {""wavelength"": 450.0, ""concentration"": 4.0, ""path_length"": 4.0, ""absorbance"": 144.0}]"
seq_0017__target_change_amount__line,seq_0017,target_change_amount,change_amount,line,line,By how much does absorbance change from step 0 to step 4?,-56.0,number,-1.6,False,54.4,"{""answer"": -1.6}","[""/results/yao314652/home/project/outputs/visual_benchmark/qwen25vl_7b_all_modalities/images/seq_0017__target_change_amount__line/line/seq_0017__target_change_amount__line_step_0000.png"", ""/results/yao314652/home/project/outputs/visual_benchmark/qwen25vl_7b_all_modalities/images/seq_0017__target_change_amount__line/line/seq_0017__target_change_amount__line_step_0001.png"", ""/results/yao314652/home/project/outputs/visual_benchmark/qwen25vl_7b_all_modalities/images/seq_0017__target_change_amount__line/line/seq_0017__target_change_amount__line_step_0002.png"", ""/results/yao314652/home/project/outputs/visual_benchmark/qwen25vl_7b_all_modalities/images/seq_0017__target_change_amount__line/line/seq_0017__target_change_amount__line_step_0003.png"", ""/results/yao314652/home/project/outputs/visual_benchmark/qwen25vl_7b_all_modalities/images/seq_0017__target_change_amount__line/line/seq_0017__target_change_amount__line_step_0004.png""]","[{""wavelength"": 500.0, ""concentration"": 4.0, ""path_length"": 5.0, ""absorbance"": 200.0}, {""wavelength"": 450.0, ""concentration"": 4.0, ""path_length"": 5.0, ""absorbance"": 180.0}, {""wavelength"": 450.0, ""concentration"": 4.0, ""path_length"": 4.0, ""absorbance"": 144.0}, {""wavelength"": 450.0, ""concentration"": 5.0, ""path_length"": 4.0, ""absorbance"": 180.0}, {""wavelength"": 450.0, ""concentration"": 4.0, ""path_length"": 4.0, ""absorbance"": 144.0}]"
seq_0017__target_change_amount__scatter,seq_0017,target_change_amount,change_amount,scatter,scatter,By how much does absorbance change from step 0 to step 4?,-56.0,number,1,False,57.0,"{""answer"": 1}","[""/results/yao314652/home/project/outputs/visual_benchmark/qwen25vl_7b_all_modalities/images/seq_0017__target_change_amount__scatter/scatter/seq_0017__target_change_amount__scatter_step_0000.png"", ""/results/yao314652/home/project/outputs/visual_benchmark/qwen25vl_7b_all_modalities/images/seq_0017__target_change_amount__scatter/scatter/seq_0017__target_change_amount__scatter_step_0001.png"", ""/results/yao314652/home/project/outputs/visual_benchmark/qwen25vl_7b_all_modalities/images/seq_0017__target_change_amount__scatter/scatter/seq_0017__target_change_amount__scatter_step_0002.png"", ""/results/yao314652/home/project/outputs/visual_benchmark/qwen25vl_7b_all_modalities/images/seq_0017__target_change_amount__scatter/scatter/seq_0017__target_change_amount__scatter_step_0003.png"", ""/results/yao314652/home/project/outputs/visual_benchmark/qwen25vl_7b_all_modalities/images/seq_0017__target_change_amount__scatter/scatter/seq_0017__target_change_amount__scatter_step_0004.png""]","[{""wavelength"": 500.0, ""concentration"": 4.0, ""path_length"": 5.0, ""absorbance"": 200.0}, {""wavelength"": 450.0, ""concentration"": 4.0, ""path_length"": 5.0, ""absorbance"": 180.0}, {""wavelength"": 450.0, ""concentration"": 4.0, ""path_length"": 4.0, ""absorbance"": 144.0}, {""wavelength"": 450.0, ""concentration"": 5.0, ""path_length"": 4.0, ""absorbance"": 180.0}, {""wavelength"": 450.0, ""concentration"": 4.0, ""path_length"": 4.0, ""absorbance"": 144.0}]"
seq_0017__target_change_amount__simulation,seq_0017,target_change_amount,change_amount,simulation,simulation,By how much does absorbance change from step 0 to step 4?,-56.0,number,0.3,False,56.3,"{""answer"": 0.3}","[""/results/yao314652/home/project/outputs/visual_benchmark/qwen25vl_7b_all_modalities/images/seq_0017__target_change_amount__simulation/simulation/step_0000.png"", ""/results/yao314652/home/project/outputs/visual_benchmark/qwen25vl_7b_all_modalities/images/seq_0017__target_change_amount__simulation/simulation/step_0001.png"", ""/results/yao314652/home/project/outputs/visual_benchmark/qwen25vl_7b_all_modalities/images/seq_0017__target_change_amount__simulation/simulation/step_0002.png"", ""/results/yao314652/home/project/outputs/visual_benchmark/qwen25vl_7b_all_modalities/images/seq_0017__target_change_amount__simulation/simulation/step_0003.png"", ""/results/yao314652/home/project/outputs/visual_benchmark/qwen25vl_7b_all_modalities/images/seq_0017__target_change_amount__simulation/simulation/step_0004.png""]","[{""wavelength"": 500.0, ""concentration"": 4.0, ""path_length"": 5.0, ""absorbance"": 200.0}, {""wavelength"": 450.0, ""concentration"": 4.0, ""path_length"": 5.0, ""absorbance"": 180.0}, {""wavelength"": 450.0, ""concentration"": 4.0, ""path_length"": 4.0, ""absorbance"": 144.0}, {""wavelength"": 450.0, ""concentration"": 5.0, ""path_length"": 4.0, ""absorbance"": 180.0}, {""wavelength"": 450.0, ""concentration"": 4.0, ""path_length"": 4.0, ""absorbance"": 144.0}]"
seq_0017__target_change_direction__text,seq_0017,target_change_direction,change_direction,text,none,"Does absorbance increase, decrease, or stay the same from step 0 to step 4?",decrease,category,decrease,True,,"{""answer"": ""decrease""}",[],"[{""wavelength"": 500.0, ""concentration"": 4.0, ""path_length"": 5.0, ""absorbance"": 200.0}, {""wavelength"": 450.0, ""concentration"": 4.0, ""path_length"": 5.0, ""absorbance"": 180.0}, {""wavelength"": 450.0, ""concentration"": 4.0, ""path_length"": 4.0, ""absorbance"": 144.0}, {""wavelength"": 450.0, ""concentration"": 5.0, ""path_length"": 4.0, ""absorbance"": 180.0}, {""wavelength"": 450.0, ""concentration"": 4.0, ""path_length"": 4.0, ""absorbance"": 144.0}]"
seq_0017__target_change_direction__bar,seq_0017,target_change_direction,change_direction,bar,bar,"Does absorbance increase, decrease, or stay the same from step 0 to step 4?",decrease,category,same,False,,"{""answer"": ""same""}","[""/results/yao314652/home/project/outputs/visual_benchmark/qwen25vl_7b_all_modalities/images/seq_0017__target_change_direction__bar/bar/step_0000.png"", ""/results/yao314652/home/project/outputs/visual_benchmark/qwen25vl_7b_all_modalities/images/seq_0017__target_change_direction__bar/bar/step_0001.png"", ""/results/yao314652/home/project/outputs/visual_benchmark/qwen25vl_7b_all_modalities/images/seq_0017__target_change_direction__bar/bar/step_0002.png"", ""/results/yao314652/home/project/outputs/visual_benchmark/qwen25vl_7b_all_modalities/images/seq_0017__target_change_direction__bar/bar/step_0003.png"", ""/results/yao314652/home/project/outputs/visual_benchmark/qwen25vl_7b_all_modalities/images/seq_0017__target_change_direction__bar/bar/step_0004.png""]","[{""wavelength"": 500.0, ""concentration"": 4.0, ""path_length"": 5.0, ""absorbance"": 200.0}, {""wavelength"": 450.0, ""concentration"": 4.0, ""path_length"": 5.0, ""absorbance"": 180.0}, {""wavelength"": 450.0, ""concentration"": 4.0, ""path_length"": 4.0, ""absorbance"": 144.0}, {""wavelength"": 450.0, ""concentration"": 5.0, ""path_length"": 4.0, ""absorbance"": 180.0}, {""wavelength"": 450.0, ""concentration"": 4.0, ""path_length"": 4.0, ""absorbance"": 144.0}]"
seq_0017__target_change_direction__line,seq_0017,target_change_direction,change_direction,line,line,"Does absorbance increase, decrease, or stay the same from step 0 to step 4?",decrease,category,decrease,True,,"{""answer"": ""decrease""}","[""/results/yao314652/home/project/outputs/visual_benchmark/qwen25vl_7b_all_modalities/images/seq_0017__target_change_direction__line/line/seq_0017__target_change_direction__line_step_0000.png"", ""/results/yao314652/home/project/outputs/visual_benchmark/qwen25vl_7b_all_modalities/images/seq_0017__target_change_direction__line/line/seq_0017__target_change_direction__line_step_0001.png"", ""/results/yao314652/home/project/outputs/visual_benchmark/qwen25vl_7b_all_modalities/images/seq_0017__target_change_direction__line/line/seq_0017__target_change_direction__line_step_0002.png"", ""/results/yao314652/home/project/outputs/visual_benchmark/qwen25vl_7b_all_modalities/images/seq_0017__target_change_direction__line/line/seq_0017__target_change_direction__line_step_0003.png"", ""/results/yao314652/home/project/outputs/visual_benchmark/qwen25vl_7b_all_modalities/images/seq_0017__target_change_direction__line/line/seq_0017__target_change_direction__line_step_0004.png""]","[{""wavelength"": 500.0, ""concentration"": 4.0, ""path_length"": 5.0, ""absorbance"": 200.0}, {""wavelength"": 450.0, ""concentration"": 4.0, ""path_length"": 5.0, ""absorbance"": 180.0}, {""wavelength"": 450.0, ""concentration"": 4.0, ""path_length"": 4.0, ""absorbance"": 144.0}, {""wavelength"": 450.0, ""concentration"": 5.0, ""path_length"": 4.0, ""absorbance"": 180.0}, {""wavelength"": 450.0, ""concentration"": 4.0, ""path_length"": 4.0, ""absorbance"": 144.0}]"
seq_0017__target_change_direction__scatter,seq_0017,target_change_direction,change_direction,scatter,scatter,"Does absorbance increase, decrease, or stay the same from step 0 to step 4?",decrease,category,increase,False,,"{""answer"": ""increase""}","[""/results/yao314652/home/project/outputs/visual_benchmark/qwen25vl_7b_all_modalities/images/seq_0017__target_change_direction__scatter/scatter/seq_0017__target_change_direction__scatter_step_0000.png"", ""/results/yao314652/home/project/outputs/visual_benchmark/qwen25vl_7b_all_modalities/images/seq_0017__target_change_direction__scatter/scatter/seq_0017__target_change_direction__scatter_step_0001.png"", ""/results/yao314652/home/project/outputs/visual_benchmark/qwen25vl_7b_all_modalities/images/seq_0017__target_change_direction__scatter/scatter/seq_0017__target_change_direction__scatter_step_0002.png"", ""/results/yao314652/home/project/outputs/visual_benchmark/qwen25vl_7b_all_modalities/images/seq_0017__target_change_direction__scatter/scatter/seq_0017__target_change_direction__scatter_step_0003.png"", ""/results/yao314652/home/project/outputs/visual_benchmark/qwen25vl_7b_all_modalities/images/seq_0017__target_change_direction__scatter/scatter/seq_0017__target_change_direction__scatter_step_0004.png""]","[{""wavelength"": 500.0, ""concentration"": 4.0, ""path_length"": 5.0, ""absorbance"": 200.0}, {""wavelength"": 450.0, ""concentration"": 4.0, ""path_length"": 5.0, ""absorbance"": 180.0}, {""wavelength"": 450.0, ""concentration"": 4.0, ""path_length"": 4.0, ""absorbance"": 144.0}, {""wavelength"": 450.0, ""concentration"": 5.0, ""path_length"": 4.0, ""absorbance"": 180.0}, {""wavelength"": 450.0, ""concentration"": 4.0, ""path_length"": 4.0, ""absorbance"": 144.0}]"
seq_0017__target_change_direction__simulation,seq_0017,target_change_direction,change_direction,simulation,simulation,"Does absorbance increase, decrease, or stay the same from step 0 to step 4?",decrease,category,increase,False,,"{""answer"": ""increase""}","[""/results/yao314652/home/project/outputs/visual_benchmark/qwen25vl_7b_all_modalities/images/seq_0017__target_change_direction__simulation/simulation/step_0000.png"", ""/results/yao314652/home/project/outputs/visual_benchmark/qwen25vl_7b_all_modalities/images/seq_0017__target_change_direction__simulation/simulation/step_0001.png"", ""/results/yao314652/home/project/outputs/visual_benchmark/qwen25vl_7b_all_modalities/images/seq_0017__target_change_direction__simulation/simulation/step_0002.png"", ""/results/yao314652/home/project/outputs/visual_benchmark/qwen25vl_7b_all_modalities/images/seq_0017__target_change_direction__simulation/simulation/step_0003.png"", ""/results/yao314652/home/project/outputs/visual_benchmark/qwen25vl_7b_all_modalities/images/seq_0017__target_change_direction__simulation/simulation/step_0004.png""]","[{""wavelength"": 500.0, ""concentration"": 4.0, ""path_length"": 5.0, ""absorbance"": 200.0}, {""wavelength"": 450.0, ""concentration"": 4.0, ""path_length"": 5.0, ""absorbance"": 180.0}, {""wavelength"": 450.0, ""concentration"": 4.0, ""path_length"": 4.0, ""absorbance"": 144.0}, {""wavelength"": 450.0, ""concentration"": 5.0, ""path_length"": 4.0, ""absorbance"": 180.0}, {""wavelength"": 450.0, ""concentration"": 4.0, ""path_length"": 4.0, ""absorbance"": 144.0}]"
seq_0017__changed_variable_0_to_1__text,seq_0017,changed_variable_0_to_1,changed_variable,text,none,Which input variable changed from step 0 to step 1?,wavelength,category,wavelength,True,,"{""answer"": ""wavelength""}",[],"[{""wavelength"": 500.0, ""concentration"": 4.0, ""path_length"": 5.0, ""absorbance"": 200.0}, {""wavelength"": 450.0, ""concentration"": 4.0, ""path_length"": 5.0, ""absorbance"": 180.0}, {""wavelength"": 450.0, ""concentration"": 4.0, ""path_length"": 4.0, ""absorbance"": 144.0}, {""wavelength"": 450.0, ""concentration"": 5.0, ""path_length"": 4.0, ""absorbance"": 180.0}, {""wavelength"": 450.0, ""concentration"": 4.0, ""path_length"": 4.0, ""absorbance"": 144.0}]"
seq_0017__changed_variable_0_to_1__bar,seq_0017,changed_variable_0_to_1,changed_variable,bar,bar,Which input variable changed from step 0 to step 1?,wavelength,category,same,False,,same,"[""/results/yao314652/home/project/outputs/visual_benchmark/qwen25vl_7b_all_modalities/images/seq_0017__changed_variable_0_to_1__bar/bar/step_0000.png"", ""/results/yao314652/home/project/outputs/visual_benchmark/qwen25vl_7b_all_modalities/images/seq_0017__changed_variable_0_to_1__bar/bar/step_0001.png"", ""/results/yao314652/home/project/outputs/visual_benchmark/qwen25vl_7b_all_modalities/images/seq_0017__changed_variable_0_to_1__bar/bar/step_0002.png"", ""/results/yao314652/home/project/outputs/visual_benchmark/qwen25vl_7b_all_modalities/images/seq_0017__changed_variable_0_to_1__bar/bar/step_0003.png"", ""/results/yao314652/home/project/outputs/visual_benchmark/qwen25vl_7b_all_modalities/images/seq_0017__changed_variable_0_to_1__bar/bar/step_0004.png""]","[{""wavelength"": 500.0, ""concentration"": 4.0, ""path_length"": 5.0, ""absorbance"": 200.0}, {""wavelength"": 450.0, ""concentration"": 4.0, ""path_length"": 5.0, ""absorbance"": 180.0}, {""wavelength"": 450.0, ""concentration"": 4.0, ""path_length"": 4.0, ""absorbance"": 144.0}, {""wavelength"": 450.0, ""concentration"": 5.0, ""path_length"": 4.0, ""absorbance"": 180.0}, {""wavelength"": 450.0, ""concentration"": 4.0, ""path_length"": 4.0, ""absorbance"": 144.0}]"
seq_0017__changed_variable_0_to_1__line,seq_0017,changed_variable_0_to_1,changed_variable,line,line,Which input variable changed from step 0 to step 1?,wavelength,category,same,False,,"{""answer"": ""same""}","[""/results/yao314652/home/project/outputs/visual_benchmark/qwen25vl_7b_all_modalities/images/seq_0017__changed_variable_0_to_1__line/line/seq_0017__changed_variable_0_to_1__line_step_0000.png"", ""/results/yao314652/home/project/outputs/visual_benchmark/qwen25vl_7b_all_modalities/images/seq_0017__changed_variable_0_to_1__line/line/seq_0017__changed_variable_0_to_1__line_step_0001.png"", ""/results/yao314652/home/project/outputs/visual_benchmark/qwen25vl_7b_all_modalities/images/seq_0017__changed_variable_0_to_1__line/line/seq_0017__changed_variable_0_to_1__line_step_0002.png"", ""/results/yao314652/home/project/outputs/visual_benchmark/qwen25vl_7b_all_modalities/images/seq_0017__changed_variable_0_to_1__line/line/seq_0017__changed_variable_0_to_1__line_step_0003.png"", ""/results/yao314652/home/project/outputs/visual_benchmark/qwen25vl_7b_all_modalities/images/seq_0017__changed_variable_0_to_1__line/line/seq_0017__changed_variable_0_to_1__line_step_0004.png""]","[{""wavelength"": 500.0, ""concentration"": 4.0, ""path_length"": 5.0, ""absorbance"": 200.0}, {""wavelength"": 450.0, ""concentration"": 4.0, ""path_length"": 5.0, ""absorbance"": 180.0}, {""wavelength"": 450.0, ""concentration"": 4.0, ""path_length"": 4.0, ""absorbance"": 144.0}, {""wavelength"": 450.0, ""concentration"": 5.0, ""path_length"": 4.0, ""absorbance"": 180.0}, {""wavelength"": 450.0, ""concentration"": 4.0, ""path_length"": 4.0, ""absorbance"": 144.0}]"
seq_0017__changed_variable_0_to_1__scatter,seq_0017,changed_variable_0_to_1,changed_variable,scatter,scatter,Which input variable changed from step 0 to step 1?,wavelength,category,y,False,,"{""answer"": ""y""}","[""/results/yao314652/home/project/outputs/visual_benchmark/qwen25vl_7b_all_modalities/images/seq_0017__changed_variable_0_to_1__scatter/scatter/seq_0017__changed_variable_0_to_1__scatter_step_0000.png"", ""/results/yao314652/home/project/outputs/visual_benchmark/qwen25vl_7b_all_modalities/images/seq_0017__changed_variable_0_to_1__scatter/scatter/seq_0017__changed_variable_0_to_1__scatter_step_0001.png"", ""/results/yao314652/home/project/outputs/visual_benchmark/qwen25vl_7b_all_modalities/images/seq_0017__changed_variable_0_to_1__scatter/scatter/seq_0017__changed_variable_0_to_1__scatter_step_0002.png"", ""/results/yao314652/home/project/outputs/visual_benchmark/qwen25vl_7b_all_modalities/images/seq_0017__changed_variable_0_to_1__scatter/scatter/seq_0017__changed_variable_0_to_1__scatter_step_0003.png"", ""/results/yao314652/home/project/outputs/visual_benchmark/qwen25vl_7b_all_modalities/images/seq_0017__changed_variable_0_to_1__scatter/scatter/seq_0017__changed_variable_0_to_1__scatter_step_0004.png""]","[{""wavelength"": 500.0, ""concentration"": 4.0, ""path_length"": 5.0, ""absorbance"": 200.0}, {""wavelength"": 450.0, ""concentration"": 4.0, ""path_length"": 5.0, ""absorbance"": 180.0}, {""wavelength"": 450.0, ""concentration"": 4.0, ""path_length"": 4.0, ""absorbance"": 144.0}, {""wavelength"": 450.0, ""concentration"": 5.0, ""path_length"": 4.0, ""absorbance"": 180.0}, {""wavelength"": 450.0, ""concentration"": 4.0, ""path_length"": 4.0, ""absorbance"": 144.0}]"
seq_0017__changed_variable_0_to_1__simulation,seq_0017,changed_variable_0_to_1,changed_variable,simulation,simulation,Which input variable changed from step 0 to step 1?,wavelength,category,input1,False,,"{""answer"": ""input1""}","[""/results/yao314652/home/project/outputs/visual_benchmark/qwen25vl_7b_all_modalities/images/seq_0017__changed_variable_0_to_1__simulation/simulation/step_0000.png"", ""/results/yao314652/home/project/outputs/visual_benchmark/qwen25vl_7b_all_modalities/images/seq_0017__changed_variable_0_to_1__simulation/simulation/step_0001.png"", ""/results/yao314652/home/project/outputs/visual_benchmark/qwen25vl_7b_all_modalities/images/seq_0017__changed_variable_0_to_1__simulation/simulation/step_0002.png"", ""/results/yao314652/home/project/outputs/visual_benchmark/qwen25vl_7b_all_modalities/images/seq_0017__changed_variable_0_to_1__simulation/simulation/step_0003.png"", ""/results/yao314652/home/project/outputs/visual_benchmark/qwen25vl_7b_all_modalities/images/seq_0017__changed_variable_0_to_1__simulation/simulation/step_0004.png""]","[{""wavelength"": 500.0, ""concentration"": 4.0, ""path_length"": 5.0, ""absorbance"": 200.0}, {""wavelength"": 450.0, ""concentration"": 4.0, ""path_length"": 5.0, ""absorbance"": 180.0}, {""wavelength"": 450.0, ""concentration"": 4.0, ""path_length"": 4.0, ""absorbance"": 144.0}, {""wavelength"": 450.0, ""concentration"": 5.0, ""path_length"": 4.0, ""absorbance"": 180.0}, {""wavelength"": 450.0, ""concentration"": 4.0, ""path_length"": 4.0, ""absorbance"": 144.0}]"
seq_0017__max_target_step__text,seq_0017,max_target_step,max_step,text,none,At which step is absorbance the highest?,0,step,0,True,,"{
    ""answer"": 0
}",[],"[{""wavelength"": 500.0, ""concentration"": 4.0, ""path_length"": 5.0, ""absorbance"": 200.0}, {""wavelength"": 450.0, ""concentration"": 4.0, ""path_length"": 5.0, ""absorbance"": 180.0}, {""wavelength"": 450.0, ""concentration"": 4.0, ""path_length"": 4.0, ""absorbance"": 144.0}, {""wavelength"": 450.0, ""concentration"": 5.0, ""path_length"": 4.0, ""absorbance"": 180.0}, {""wavelength"": 450.0, ""concentration"": 4.0, ""path_length"": 4.0, ""absorbance"": 144.0}]"
seq_0017__max_target_step__bar,seq_0017,max_target_step,max_step,bar,bar,At which step is absorbance the highest?,0,step,3,False,,"{""answer"": 3}","[""/results/yao314652/home/project/outputs/visual_benchmark/qwen25vl_7b_all_modalities/images/seq_0017__max_target_step__bar/bar/step_0000.png"", ""/results/yao314652/home/project/outputs/visual_benchmark/qwen25vl_7b_all_modalities/images/seq_0017__max_target_step__bar/bar/step_0001.png"", ""/results/yao314652/home/project/outputs/visual_benchmark/qwen25vl_7b_all_modalities/images/seq_0017__max_target_step__bar/bar/step_0002.png"", ""/results/yao314652/home/project/outputs/visual_benchmark/qwen25vl_7b_all_modalities/images/seq_0017__max_target_step__bar/bar/step_0003.png"", ""/results/yao314652/home/project/outputs/visual_benchmark/qwen25vl_7b_all_modalities/images/seq_0017__max_target_step__bar/bar/step_0004.png""]","[{""wavelength"": 500.0, ""concentration"": 4.0, ""path_length"": 5.0, ""absorbance"": 200.0}, {""wavelength"": 450.0, ""concentration"": 4.0, ""path_length"": 5.0, ""absorbance"": 180.0}, {""wavelength"": 450.0, ""concentration"": 4.0, ""path_length"": 4.0, ""absorbance"": 144.0}, {""wavelength"": 450.0, ""concentration"": 5.0, ""path_length"": 4.0, ""absorbance"": 180.0}, {""wavelength"": 450.0, ""concentration"": 4.0, ""path_length"": 4.0, ""absorbance"": 144.0}]"
seq_0017__max_target_step__line,seq_0017,max_target_step,max_step,line,line,At which step is absorbance the highest?,0,step,3,False,,"{""answer"": 3}","[""/results/yao314652/home/project/outputs/visual_benchmark/qwen25vl_7b_all_modalities/images/seq_0017__max_target_step__line/line/seq_0017__max_target_step__line_step_0000.png"", ""/results/yao314652/home/project/outputs/visual_benchmark/qwen25vl_7b_all_modalities/images/seq_0017__max_target_step__line/line/seq_0017__max_target_step__line_step_0001.png"", ""/results/yao314652/home/project/outputs/visual_benchmark/qwen25vl_7b_all_modalities/images/seq_0017__max_target_step__line/line/seq_0017__max_target_step__line_step_0002.png"", ""/results/yao314652/home/project/outputs/visual_benchmark/qwen25vl_7b_all_modalities/images/seq_0017__max_target_step__line/line/seq_0017__max_target_step__line_step_0003.png"", ""/results/yao314652/home/project/outputs/visual_benchmark/qwen25vl_7b_all_modalities/images/seq_0017__max_target_step__line/line/seq_0017__max_target_step__line_step_0004.png""]","[{""wavelength"": 500.0, ""concentration"": 4.0, ""path_length"": 5.0, ""absorbance"": 200.0}, {""wavelength"": 450.0, ""concentration"": 4.0, ""path_length"": 5.0, ""absorbance"": 180.0}, {""wavelength"": 450.0, ""concentration"": 4.0, ""path_length"": 4.0, ""absorbance"": 144.0}, {""wavelength"": 450.0, ""concentration"": 5.0, ""path_length"": 4.0, ""absorbance"": 180.0}, {""wavelength"": 450.0, ""concentration"": 4.0, ""path_length"": 4.0, ""absorbance"": 144.0}]"
seq_0017__max_target_step__scatter,seq_0017,max_target_step,max_step,scatter,scatter,At which step is absorbance the highest?,0,step,2,False,,"{""answer"": 2}","[""/results/yao314652/home/project/outputs/visual_benchmark/qwen25vl_7b_all_modalities/images/seq_0017__max_target_step__scatter/scatter/seq_0017__max_target_step__scatter_step_0000.png"", ""/results/yao314652/home/project/outputs/visual_benchmark/qwen25vl_7b_all_modalities/images/seq_0017__max_target_step__scatter/scatter/seq_0017__max_target_step__scatter_step_0001.png"", ""/results/yao314652/home/project/outputs/visual_benchmark/qwen25vl_7b_all_modalities/images/seq_0017__max_target_step__scatter/scatter/seq_0017__max_target_step__scatter_step_0002.png"", ""/results/yao314652/home/project/outputs/visual_benchmark/qwen25vl_7b_all_modalities/images/seq_0017__max_target_step__scatter/scatter/seq_0017__max_target_step__scatter_step_0003.png"", ""/results/yao314652/home/project/outputs/visual_benchmark/qwen25vl_7b_all_modalities/images/seq_0017__max_target_step__scatter/scatter/seq_0017__max_target_step__scatter_step_0004.png""]","[{""wavelength"": 500.0, ""concentration"": 4.0, ""path_length"": 5.0, ""absorbance"": 200.0}, {""wavelength"": 450.0, ""concentration"": 4.0, ""path_length"": 5.0, ""absorbance"": 180.0}, {""wavelength"": 450.0, ""concentration"": 4.0, ""path_length"": 4.0, ""absorbance"": 144.0}, {""wavelength"": 450.0, ""concentration"": 5.0, ""path_length"": 4.0, ""absorbance"": 180.0}, {""wavelength"": 450.0, ""concentration"": 4.0, ""path_length"": 4.0, ""absorbance"": 144.0}]"
seq_0017__max_target_step__simulation,seq_0017,max_target_step,max_step,simulation,simulation,At which step is absorbance the highest?,0,step,3,False,,"{""answer"": 3}","[""/results/yao314652/home/project/outputs/visual_benchmark/qwen25vl_7b_all_modalities/images/seq_0017__max_target_step__simulation/simulation/step_0000.png"", ""/results/yao314652/home/project/outputs/visual_benchmark/qwen25vl_7b_all_modalities/images/seq_0017__max_target_step__simulation/simulation/step_0001.png"", ""/results/yao314652/home/project/outputs/visual_benchmark/qwen25vl_7b_all_modalities/images/seq_0017__max_target_step__simulation/simulation/step_0002.png"", ""/results/yao314652/home/project/outputs/visual_benchmark/qwen25vl_7b_all_modalities/images/seq_0017__max_target_step__simulation/simulation/step_0003.png"", ""/results/yao314652/home/project/outputs/visual_benchmark/qwen25vl_7b_all_modalities/images/seq_0017__max_target_step__simulation/simulation/step_0004.png""]","[{""wavelength"": 500.0, ""concentration"": 4.0, ""path_length"": 5.0, ""absorbance"": 200.0}, {""wavelength"": 450.0, ""concentration"": 4.0, ""path_length"": 5.0, ""absorbance"": 180.0}, {""wavelength"": 450.0, ""concentration"": 4.0, ""path_length"": 4.0, ""absorbance"": 144.0}, {""wavelength"": 450.0, ""concentration"": 5.0, ""path_length"": 4.0, ""absorbance"": 180.0}, {""wavelength"": 450.0, ""concentration"": 4.0, ""path_length"": 4.0, ""absorbance"": 144.0}]"
seq_0017__largest_target_drop_step__text,seq_0017,largest_target_drop_step,largest_drop_step,text,none,"At which step does absorbance show the largest drop compared with the previous step? If it never drops, answer none.",2,step_or_none,1,False,,"```json
{""answer"": 1}
```",[],"[{""wavelength"": 500.0, ""concentration"": 4.0, ""path_length"": 5.0, ""absorbance"": 200.0}, {""wavelength"": 450.0, ""concentration"": 4.0, ""path_length"": 5.0, ""absorbance"": 180.0}, {""wavelength"": 450.0, ""concentration"": 4.0, ""path_length"": 4.0, ""absorbance"": 144.0}, {""wavelength"": 450.0, ""concentration"": 5.0, ""path_length"": 4.0, ""absorbance"": 180.0}, {""wavelength"": 450.0, ""concentration"": 4.0, ""path_length"": 4.0, ""absorbance"": 144.0}]"
seq_0017__largest_target_drop_step__bar,seq_0017,largest_target_drop_step,largest_drop_step,bar,bar,"At which step does absorbance show the largest drop compared with the previous step? If it never drops, answer none.",2,step_or_none,3,False,,"{""answer"": 3}","[""/results/yao314652/home/project/outputs/visual_benchmark/qwen25vl_7b_all_modalities/images/seq_0017__largest_target_drop_step__bar/bar/step_0000.png"", ""/results/yao314652/home/project/outputs/visual_benchmark/qwen25vl_7b_all_modalities/images/seq_0017__largest_target_drop_step__bar/bar/step_0001.png"", ""/results/yao314652/home/project/outputs/visual_benchmark/qwen25vl_7b_all_modalities/images/seq_0017__largest_target_drop_step__bar/bar/step_0002.png"", ""/results/yao314652/home/project/outputs/visual_benchmark/qwen25vl_7b_all_modalities/images/seq_0017__largest_target_drop_step__bar/bar/step_0003.png"", ""/results/yao314652/home/project/outputs/visual_benchmark/qwen25vl_7b_all_modalities/images/seq_0017__largest_target_drop_step__bar/bar/step_0004.png""]","[{""wavelength"": 500.0, ""concentration"": 4.0, ""path_length"": 5.0, ""absorbance"": 200.0}, {""wavelength"": 450.0, ""concentration"": 4.0, ""path_length"": 5.0, ""absorbance"": 180.0}, {""wavelength"": 450.0, ""concentration"": 4.0, ""path_length"": 4.0, ""absorbance"": 144.0}, {""wavelength"": 450.0, ""concentration"": 5.0, ""path_length"": 4.0, ""absorbance"": 180.0}, {""wavelength"": 450.0, ""concentration"": 4.0, ""path_length"": 4.0, ""absorbance"": 144.0}]"
seq_0017__largest_target_drop_step__line,seq_0017,largest_target_drop_step,largest_drop_step,line,line,"At which step does absorbance show the largest drop compared with the previous step? If it never drops, answer none.",2,step_or_none,4,False,,"{""answer"": 4}","[""/results/yao314652/home/project/outputs/visual_benchmark/qwen25vl_7b_all_modalities/images/seq_0017__largest_target_drop_step__line/line/seq_0017__largest_target_drop_step__line_step_0000.png"", ""/results/yao314652/home/project/outputs/visual_benchmark/qwen25vl_7b_all_modalities/images/seq_0017__largest_target_drop_step__line/line/seq_0017__largest_target_drop_step__line_step_0001.png"", ""/results/yao314652/home/project/outputs/visual_benchmark/qwen25vl_7b_all_modalities/images/seq_0017__largest_target_drop_step__line/line/seq_0017__largest_target_drop_step__line_step_0002.png"", ""/results/yao314652/home/project/outputs/visual_benchmark/qwen25vl_7b_all_modalities/images/seq_0017__largest_target_drop_step__line/line/seq_0017__largest_target_drop_step__line_step_0003.png"", ""/results/yao314652/home/project/outputs/visual_benchmark/qwen25vl_7b_all_modalities/images/seq_0017__largest_target_drop_step__line/line/seq_0017__largest_target_drop_step__line_step_0004.png""]","[{""wavelength"": 500.0, ""concentration"": 4.0, ""path_length"": 5.0, ""absorbance"": 200.0}, {""wavelength"": 450.0, ""concentration"": 4.0, ""path_length"": 5.0, ""absorbance"": 180.0}, {""wavelength"": 450.0, ""concentration"": 4.0, ""path_length"": 4.0, ""absorbance"": 144.0}, {""wavelength"": 450.0, ""concentration"": 5.0, ""path_length"": 4.0, ""absorbance"": 180.0}, {""wavelength"": 450.0, ""concentration"": 4.0, ""path_length"": 4.0, ""absorbance"": 144.0}]"
seq_0017__largest_target_drop_step__scatter,seq_0017,largest_target_drop_step,largest_drop_step,scatter,scatter,"At which step does absorbance show the largest drop compared with the previous step? If it never drops, answer none.",2,step_or_none,3,False,,"{""answer"": 3}","[""/results/yao314652/home/project/outputs/visual_benchmark/qwen25vl_7b_all_modalities/images/seq_0017__largest_target_drop_step__scatter/scatter/seq_0017__largest_target_drop_step__scatter_step_0000.png"", ""/results/yao314652/home/project/outputs/visual_benchmark/qwen25vl_7b_all_modalities/images/seq_0017__largest_target_drop_step__scatter/scatter/seq_0017__largest_target_drop_step__scatter_step_0001.png"", ""/results/yao314652/home/project/outputs/visual_benchmark/qwen25vl_7b_all_modalities/images/seq_0017__largest_target_drop_step__scatter/scatter/seq_0017__largest_target_drop_step__scatter_step_0002.png"", ""/results/yao314652/home/project/outputs/visual_benchmark/qwen25vl_7b_all_modalities/images/seq_0017__largest_target_drop_step__scatter/scatter/seq_0017__largest_target_drop_step__scatter_step_0003.png"", ""/results/yao314652/home/project/outputs/visual_benchmark/qwen25vl_7b_all_modalities/images/seq_0017__largest_target_drop_step__scatter/scatter/seq_0017__largest_target_drop_step__scatter_step_0004.png""]","[{""wavelength"": 500.0, ""concentration"": 4.0, ""path_length"": 5.0, ""absorbance"": 200.0}, {""wavelength"": 450.0, ""concentration"": 4.0, ""path_length"": 5.0, ""absorbance"": 180.0}, {""wavelength"": 450.0, ""concentration"": 4.0, ""path_length"": 4.0, ""absorbance"": 144.0}, {""wavelength"": 450.0, ""concentration"": 5.0, ""path_length"": 4.0, ""absorbance"": 180.0}, {""wavelength"": 450.0, ""concentration"": 4.0, ""path_length"": 4.0, ""absorbance"": 144.0}]"
seq_0017__largest_target_drop_step__simulation,seq_0017,largest_target_drop_step,largest_drop_step,simulation,simulation,"At which step does absorbance show the largest drop compared with the previous step? If it never drops, answer none.",2,step_or_none,none,False,,"{""answer"": ""none""}","[""/results/yao314652/home/project/outputs/visual_benchmark/qwen25vl_7b_all_modalities/images/seq_0017__largest_target_drop_step__simulation/simulation/step_0000.png"", ""/results/yao314652/home/project/outputs/visual_benchmark/qwen25vl_7b_all_modalities/images/seq_0017__largest_target_drop_step__simulation/simulation/step_0001.png"", ""/results/yao314652/home/project/outputs/visual_benchmark/qwen25vl_7b_all_modalities/images/seq_0017__largest_target_drop_step__simulation/simulation/step_0002.png"", ""/results/yao314652/home/project/outputs/visual_benchmark/qwen25vl_7b_all_modalities/images/seq_0017__largest_target_drop_step__simulation/simulation/step_0003.png"", ""/results/yao314652/home/project/outputs/visual_benchmark/qwen25vl_7b_all_modalities/images/seq_0017__largest_target_drop_step__simulation/simulation/step_0004.png""]","[{""wavelength"": 500.0, ""concentration"": 4.0, ""path_length"": 5.0, ""absorbance"": 200.0}, {""wavelength"": 450.0, ""concentration"": 4.0, ""path_length"": 5.0, ""absorbance"": 180.0}, {""wavelength"": 450.0, ""concentration"": 4.0, ""path_length"": 4.0, ""absorbance"": 144.0}, {""wavelength"": 450.0, ""concentration"": 5.0, ""path_length"": 4.0, ""absorbance"": 180.0}, {""wavelength"": 450.0, ""concentration"": 4.0, ""path_length"": 4.0, ""absorbance"": 144.0}]"
seq_0018__read_last_target__text,seq_0018,read_last_target,value_at_step,text,none,What is the value of absorbance at step 4?,24.0,number,24,True,0.0,"{
  ""answer"": 24
}",[],"[{""wavelength"": 600.0, ""concentration"": 5.0, ""path_length"": 2.0, ""absorbance"": 120.0}, {""wavelength"": 600.0, ""concentration"": 4.0, ""path_length"": 2.0, ""absorbance"": 96.0}, {""wavelength"": 600.0, ""concentration"": 3.0, ""path_length"": 2.0, ""absorbance"": 72.0}, {""wavelength"": 600.0, ""concentration"": 3.0, ""path_length"": 1.0, ""absorbance"": 36.0}, {""wavelength"": 600.0, ""concentration"": 2.0, ""path_length"": 1.0, ""absorbance"": 24.0}]"
seq_0018__read_last_target__bar,seq_0018,read_last_target,value_at_step,bar,bar,What is the value of absorbance at step 4?,24.0,number,0.1,False,23.9,"```json
{
  ""answer"": 0.1
}
```","[""/results/yao314652/home/project/outputs/visual_benchmark/qwen25vl_7b_all_modalities/images/seq_0018__read_last_target__bar/bar/step_0000.png"", ""/results/yao314652/home/project/outputs/visual_benchmark/qwen25vl_7b_all_modalities/images/seq_0018__read_last_target__bar/bar/step_0001.png"", ""/results/yao314652/home/project/outputs/visual_benchmark/qwen25vl_7b_all_modalities/images/seq_0018__read_last_target__bar/bar/step_0002.png"", ""/results/yao314652/home/project/outputs/visual_benchmark/qwen25vl_7b_all_modalities/images/seq_0018__read_last_target__bar/bar/step_0003.png"", ""/results/yao314652/home/project/outputs/visual_benchmark/qwen25vl_7b_all_modalities/images/seq_0018__read_last_target__bar/bar/step_0004.png""]","[{""wavelength"": 600.0, ""concentration"": 5.0, ""path_length"": 2.0, ""absorbance"": 120.0}, {""wavelength"": 600.0, ""concentration"": 4.0, ""path_length"": 2.0, ""absorbance"": 96.0}, {""wavelength"": 600.0, ""concentration"": 3.0, ""path_length"": 2.0, ""absorbance"": 72.0}, {""wavelength"": 600.0, ""concentration"": 3.0, ""path_length"": 1.0, ""absorbance"": 36.0}, {""wavelength"": 600.0, ""concentration"": 2.0, ""path_length"": 1.0, ""absorbance"": 24.0}]"
seq_0018__read_last_target__line,seq_0018,read_last_target,value_at_step,line,line,What is the value of absorbance at step 4?,24.0,number,0.1,False,23.9,"{""answer"": 0.1}","[""/results/yao314652/home/project/outputs/visual_benchmark/qwen25vl_7b_all_modalities/images/seq_0018__read_last_target__line/line/seq_0018__read_last_target__line_step_0000.png"", ""/results/yao314652/home/project/outputs/visual_benchmark/qwen25vl_7b_all_modalities/images/seq_0018__read_last_target__line/line/seq_0018__read_last_target__line_step_0001.png"", ""/results/yao314652/home/project/outputs/visual_benchmark/qwen25vl_7b_all_modalities/images/seq_0018__read_last_target__line/line/seq_0018__read_last_target__line_step_0002.png"", ""/results/yao314652/home/project/outputs/visual_benchmark/qwen25vl_7b_all_modalities/images/seq_0018__read_last_target__line/line/seq_0018__read_last_target__line_step_0003.png"", ""/results/yao314652/home/project/outputs/visual_benchmark/qwen25vl_7b_all_modalities/images/seq_0018__read_last_target__line/line/seq_0018__read_last_target__line_step_0004.png""]","[{""wavelength"": 600.0, ""concentration"": 5.0, ""path_length"": 2.0, ""absorbance"": 120.0}, {""wavelength"": 600.0, ""concentration"": 4.0, ""path_length"": 2.0, ""absorbance"": 96.0}, {""wavelength"": 600.0, ""concentration"": 3.0, ""path_length"": 2.0, ""absorbance"": 72.0}, {""wavelength"": 600.0, ""concentration"": 3.0, ""path_length"": 1.0, ""absorbance"": 36.0}, {""wavelength"": 600.0, ""concentration"": 2.0, ""path_length"": 1.0, ""absorbance"": 24.0}]"
seq_0018__read_last_target__scatter,seq_0018,read_last_target,value_at_step,scatter,scatter,What is the value of absorbance at step 4?,24.0,number,0.7,False,23.3,"{""answer"": 0.7}","[""/results/yao314652/home/project/outputs/visual_benchmark/qwen25vl_7b_all_modalities/images/seq_0018__read_last_target__scatter/scatter/seq_0018__read_last_target__scatter_step_0000.png"", ""/results/yao314652/home/project/outputs/visual_benchmark/qwen25vl_7b_all_modalities/images/seq_0018__read_last_target__scatter/scatter/seq_0018__read_last_target__scatter_step_0001.png"", ""/results/yao314652/home/project/outputs/visual_benchmark/qwen25vl_7b_all_modalities/images/seq_0018__read_last_target__scatter/scatter/seq_0018__read_last_target__scatter_step_0002.png"", ""/results/yao314652/home/project/outputs/visual_benchmark/qwen25vl_7b_all_modalities/images/seq_0018__read_last_target__scatter/scatter/seq_0018__read_last_target__scatter_step_0003.png"", ""/results/yao314652/home/project/outputs/visual_benchmark/qwen25vl_7b_all_modalities/images/seq_0018__read_last_target__scatter/scatter/seq_0018__read_last_target__scatter_step_0004.png""]","[{""wavelength"": 600.0, ""concentration"": 5.0, ""path_length"": 2.0, ""absorbance"": 120.0}, {""wavelength"": 600.0, ""concentration"": 4.0, ""path_length"": 2.0, ""absorbance"": 96.0}, {""wavelength"": 600.0, ""concentration"": 3.0, ""path_length"": 2.0, ""absorbance"": 72.0}, {""wavelength"": 600.0, ""concentration"": 3.0, ""path_length"": 1.0, ""absorbance"": 36.0}, {""wavelength"": 600.0, ""concentration"": 2.0, ""path_length"": 1.0, ""absorbance"": 24.0}]"
seq_0018__read_last_target__simulation,seq_0018,read_last_target,value_at_step,simulation,simulation,What is the value of absorbance at step 4?,24.0,number,0.6,False,23.4,"{""answer"": 0.6}","[""/results/yao314652/home/project/outputs/visual_benchmark/qwen25vl_7b_all_modalities/images/seq_0018__read_last_target__simulation/simulation/step_0000.png"", ""/results/yao314652/home/project/outputs/visual_benchmark/qwen25vl_7b_all_modalities/images/seq_0018__read_last_target__simulation/simulation/step_0001.png"", ""/results/yao314652/home/project/outputs/visual_benchmark/qwen25vl_7b_all_modalities/images/seq_0018__read_last_target__simulation/simulation/step_0002.png"", ""/results/yao314652/home/project/outputs/visual_benchmark/qwen25vl_7b_all_modalities/images/seq_0018__read_last_target__simulation/simulation/step_0003.png"", ""/results/yao314652/home/project/outputs/visual_benchmark/qwen25vl_7b_all_modalities/images/seq_0018__read_last_target__simulation/simulation/step_0004.png""]","[{""wavelength"": 600.0, ""concentration"": 5.0, ""path_length"": 2.0, ""absorbance"": 120.0}, {""wavelength"": 600.0, ""concentration"": 4.0, ""path_length"": 2.0, ""absorbance"": 96.0}, {""wavelength"": 600.0, ""concentration"": 3.0, ""path_length"": 2.0, ""absorbance"": 72.0}, {""wavelength"": 600.0, ""concentration"": 3.0, ""path_length"": 1.0, ""absorbance"": 36.0}, {""wavelength"": 600.0, ""concentration"": 2.0, ""path_length"": 1.0, ""absorbance"": 24.0}]"
seq_0018__target_change_amount__text,seq_0018,target_change_amount,change_amount,text,none,By how much does absorbance change from step 0 to step 4?,-96.0,number,96,False,192.0,"{
  ""answer"": 96
}",[],"[{""wavelength"": 600.0, ""concentration"": 5.0, ""path_length"": 2.0, ""absorbance"": 120.0}, {""wavelength"": 600.0, ""concentration"": 4.0, ""path_length"": 2.0, ""absorbance"": 96.0}, {""wavelength"": 600.0, ""concentration"": 3.0, ""path_length"": 2.0, ""absorbance"": 72.0}, {""wavelength"": 600.0, ""concentration"": 3.0, ""path_length"": 1.0, ""absorbance"": 36.0}, {""wavelength"": 600.0, ""concentration"": 2.0, ""path_length"": 1.0, ""absorbance"": 24.0}]"
seq_0018__target_change_amount__bar,seq_0018,target_change_amount,change_amount,bar,bar,By how much does absorbance change from step 0 to step 4?,-96.0,number,-3,False,93.0,"{""answer"": -3}","[""/results/yao314652/home/project/outputs/visual_benchmark/qwen25vl_7b_all_modalities/images/seq_0018__target_change_amount__bar/bar/step_0000.png"", ""/results/yao314652/home/project/outputs/visual_benchmark/qwen25vl_7b_all_modalities/images/seq_0018__target_change_amount__bar/bar/step_0001.png"", ""/results/yao314652/home/project/outputs/visual_benchmark/qwen25vl_7b_all_modalities/images/seq_0018__target_change_amount__bar/bar/step_0002.png"", ""/results/yao314652/home/project/outputs/visual_benchmark/qwen25vl_7b_all_modalities/images/seq_0018__target_change_amount__bar/bar/step_0003.png"", ""/results/yao314652/home/project/outputs/visual_benchmark/qwen25vl_7b_all_modalities/images/seq_0018__target_change_amount__bar/bar/step_0004.png""]","[{""wavelength"": 600.0, ""concentration"": 5.0, ""path_length"": 2.0, ""absorbance"": 120.0}, {""wavelength"": 600.0, ""concentration"": 4.0, ""path_length"": 2.0, ""absorbance"": 96.0}, {""wavelength"": 600.0, ""concentration"": 3.0, ""path_length"": 2.0, ""absorbance"": 72.0}, {""wavelength"": 600.0, ""concentration"": 3.0, ""path_length"": 1.0, ""absorbance"": 36.0}, {""wavelength"": 600.0, ""concentration"": 2.0, ""path_length"": 1.0, ""absorbance"": 24.0}]"
seq_0018__target_change_amount__line,seq_0018,target_change_amount,change_amount,line,line,By how much does absorbance change from step 0 to step 4?,-96.0,number,-1,False,95.0,"{""answer"": -1}","[""/results/yao314652/home/project/outputs/visual_benchmark/qwen25vl_7b_all_modalities/images/seq_0018__target_change_amount__line/line/seq_0018__target_change_amount__line_step_0000.png"", ""/results/yao314652/home/project/outputs/visual_benchmark/qwen25vl_7b_all_modalities/images/seq_0018__target_change_amount__line/line/seq_0018__target_change_amount__line_step_0001.png"", ""/results/yao314652/home/project/outputs/visual_benchmark/qwen25vl_7b_all_modalities/images/seq_0018__target_change_amount__line/line/seq_0018__target_change_amount__line_step_0002.png"", ""/results/yao314652/home/project/outputs/visual_benchmark/qwen25vl_7b_all_modalities/images/seq_0018__target_change_amount__line/line/seq_0018__target_change_amount__line_step_0003.png"", ""/results/yao314652/home/project/outputs/visual_benchmark/qwen25vl_7b_all_modalities/images/seq_0018__target_change_amount__line/line/seq_0018__target_change_amount__line_step_0004.png""]","[{""wavelength"": 600.0, ""concentration"": 5.0, ""path_length"": 2.0, ""absorbance"": 120.0}, {""wavelength"": 600.0, ""concentration"": 4.0, ""path_length"": 2.0, ""absorbance"": 96.0}, {""wavelength"": 600.0, ""concentration"": 3.0, ""path_length"": 2.0, ""absorbance"": 72.0}, {""wavelength"": 600.0, ""concentration"": 3.0, ""path_length"": 1.0, ""absorbance"": 36.0}, {""wavelength"": 600.0, ""concentration"": 2.0, ""path_length"": 1.0, ""absorbance"": 24.0}]"
seq_0018__target_change_amount__scatter,seq_0018,target_change_amount,change_amount,scatter,scatter,By how much does absorbance change from step 0 to step 4?,-96.0,number,0.2,False,96.2,"{""answer"": 0.2}","[""/results/yao314652/home/project/outputs/visual_benchmark/qwen25vl_7b_all_modalities/images/seq_0018__target_change_amount__scatter/scatter/seq_0018__target_change_amount__scatter_step_0000.png"", ""/results/yao314652/home/project/outputs/visual_benchmark/qwen25vl_7b_all_modalities/images/seq_0018__target_change_amount__scatter/scatter/seq_0018__target_change_amount__scatter_step_0001.png"", ""/results/yao314652/home/project/outputs/visual_benchmark/qwen25vl_7b_all_modalities/images/seq_0018__target_change_amount__scatter/scatter/seq_0018__target_change_amount__scatter_step_0002.png"", ""/results/yao314652/home/project/outputs/visual_benchmark/qwen25vl_7b_all_modalities/images/seq_0018__target_change_amount__scatter/scatter/seq_0018__target_change_amount__scatter_step_0003.png"", ""/results/yao314652/home/project/outputs/visual_benchmark/qwen25vl_7b_all_modalities/images/seq_0018__target_change_amount__scatter/scatter/seq_0018__target_change_amount__scatter_step_0004.png""]","[{""wavelength"": 600.0, ""concentration"": 5.0, ""path_length"": 2.0, ""absorbance"": 120.0}, {""wavelength"": 600.0, ""concentration"": 4.0, ""path_length"": 2.0, ""absorbance"": 96.0}, {""wavelength"": 600.0, ""concentration"": 3.0, ""path_length"": 2.0, ""absorbance"": 72.0}, {""wavelength"": 600.0, ""concentration"": 3.0, ""path_length"": 1.0, ""absorbance"": 36.0}, {""wavelength"": 600.0, ""concentration"": 2.0, ""path_length"": 1.0, ""absorbance"": 24.0}]"
seq_0018__target_change_amount__simulation,seq_0018,target_change_amount,change_amount,simulation,simulation,By how much does absorbance change from step 0 to step 4?,-96.0,number,-1,False,95.0,"{""answer"": -1}","[""/results/yao314652/home/project/outputs/visual_benchmark/qwen25vl_7b_all_modalities/images/seq_0018__target_change_amount__simulation/simulation/step_0000.png"", ""/results/yao314652/home/project/outputs/visual_benchmark/qwen25vl_7b_all_modalities/images/seq_0018__target_change_amount__simulation/simulation/step_0001.png"", ""/results/yao314652/home/project/outputs/visual_benchmark/qwen25vl_7b_all_modalities/images/seq_0018__target_change_amount__simulation/simulation/step_0002.png"", ""/results/yao314652/home/project/outputs/visual_benchmark/qwen25vl_7b_all_modalities/images/seq_0018__target_change_amount__simulation/simulation/step_0003.png"", ""/results/yao314652/home/project/outputs/visual_benchmark/qwen25vl_7b_all_modalities/images/seq_0018__target_change_amount__simulation/simulation/step_0004.png""]","[{""wavelength"": 600.0, ""concentration"": 5.0, ""path_length"": 2.0, ""absorbance"": 120.0}, {""wavelength"": 600.0, ""concentration"": 4.0, ""path_length"": 2.0, ""absorbance"": 96.0}, {""wavelength"": 600.0, ""concentration"": 3.0, ""path_length"": 2.0, ""absorbance"": 72.0}, {""wavelength"": 600.0, ""concentration"": 3.0, ""path_length"": 1.0, ""absorbance"": 36.0}, {""wavelength"": 600.0, ""concentration"": 2.0, ""path_length"": 1.0, ""absorbance"": 24.0}]"
seq_0018__target_change_direction__text,seq_0018,target_change_direction,change_direction,text,none,"Does absorbance increase, decrease, or stay the same from step 0 to step 4?",decrease,category,decrease,True,,"{""answer"": ""decrease""}",[],"[{""wavelength"": 600.0, ""concentration"": 5.0, ""path_length"": 2.0, ""absorbance"": 120.0}, {""wavelength"": 600.0, ""concentration"": 4.0, ""path_length"": 2.0, ""absorbance"": 96.0}, {""wavelength"": 600.0, ""concentration"": 3.0, ""path_length"": 2.0, ""absorbance"": 72.0}, {""wavelength"": 600.0, ""concentration"": 3.0, ""path_length"": 1.0, ""absorbance"": 36.0}, {""wavelength"": 600.0, ""concentration"": 2.0, ""path_length"": 1.0, ""absorbance"": 24.0}]"
seq_0018__target_change_direction__bar,seq_0018,target_change_direction,change_direction,bar,bar,"Does absorbance increase, decrease, or stay the same from step 0 to step 4?",decrease,category,decrease,True,,"{""answer"": ""decrease""}","[""/results/yao314652/home/project/outputs/visual_benchmark/qwen25vl_7b_all_modalities/images/seq_0018__target_change_direction__bar/bar/step_0000.png"", ""/results/yao314652/home/project/outputs/visual_benchmark/qwen25vl_7b_all_modalities/images/seq_0018__target_change_direction__bar/bar/step_0001.png"", ""/results/yao314652/home/project/outputs/visual_benchmark/qwen25vl_7b_all_modalities/images/seq_0018__target_change_direction__bar/bar/step_0002.png"", ""/results/yao314652/home/project/outputs/visual_benchmark/qwen25vl_7b_all_modalities/images/seq_0018__target_change_direction__bar/bar/step_0003.png"", ""/results/yao314652/home/project/outputs/visual_benchmark/qwen25vl_7b_all_modalities/images/seq_0018__target_change_direction__bar/bar/step_0004.png""]","[{""wavelength"": 600.0, ""concentration"": 5.0, ""path_length"": 2.0, ""absorbance"": 120.0}, {""wavelength"": 600.0, ""concentration"": 4.0, ""path_length"": 2.0, ""absorbance"": 96.0}, {""wavelength"": 600.0, ""concentration"": 3.0, ""path_length"": 2.0, ""absorbance"": 72.0}, {""wavelength"": 600.0, ""concentration"": 3.0, ""path_length"": 1.0, ""absorbance"": 36.0}, {""wavelength"": 600.0, ""concentration"": 2.0, ""path_length"": 1.0, ""absorbance"": 24.0}]"
seq_0018__target_change_direction__line,seq_0018,target_change_direction,change_direction,line,line,"Does absorbance increase, decrease, or stay the same from step 0 to step 4?",decrease,category,same,False,,"{""answer"": ""same""}","[""/results/yao314652/home/project/outputs/visual_benchmark/qwen25vl_7b_all_modalities/images/seq_0018__target_change_direction__line/line/seq_0018__target_change_direction__line_step_0000.png"", ""/results/yao314652/home/project/outputs/visual_benchmark/qwen25vl_7b_all_modalities/images/seq_0018__target_change_direction__line/line/seq_0018__target_change_direction__line_step_0001.png"", ""/results/yao314652/home/project/outputs/visual_benchmark/qwen25vl_7b_all_modalities/images/seq_0018__target_change_direction__line/line/seq_0018__target_change_direction__line_step_0002.png"", ""/results/yao314652/home/project/outputs/visual_benchmark/qwen25vl_7b_all_modalities/images/seq_0018__target_change_direction__line/line/seq_0018__target_change_direction__line_step_0003.png"", ""/results/yao314652/home/project/outputs/visual_benchmark/qwen25vl_7b_all_modalities/images/seq_0018__target_change_direction__line/line/seq_0018__target_change_direction__line_step_0004.png""]","[{""wavelength"": 600.0, ""concentration"": 5.0, ""path_length"": 2.0, ""absorbance"": 120.0}, {""wavelength"": 600.0, ""concentration"": 4.0, ""path_length"": 2.0, ""absorbance"": 96.0}, {""wavelength"": 600.0, ""concentration"": 3.0, ""path_length"": 2.0, ""absorbance"": 72.0}, {""wavelength"": 600.0, ""concentration"": 3.0, ""path_length"": 1.0, ""absorbance"": 36.0}, {""wavelength"": 600.0, ""concentration"": 2.0, ""path_length"": 1.0, ""absorbance"": 24.0}]"
seq_0018__target_change_direction__scatter,seq_0018,target_change_direction,change_direction,scatter,scatter,"Does absorbance increase, decrease, or stay the same from step 0 to step 4?",decrease,category,increase,False,,"{""answer"": ""increase""}","[""/results/yao314652/home/project/outputs/visual_benchmark/qwen25vl_7b_all_modalities/images/seq_0018__target_change_direction__scatter/scatter/seq_0018__target_change_direction__scatter_step_0000.png"", ""/results/yao314652/home/project/outputs/visual_benchmark/qwen25vl_7b_all_modalities/images/seq_0018__target_change_direction__scatter/scatter/seq_0018__target_change_direction__scatter_step_0001.png"", ""/results/yao314652/home/project/outputs/visual_benchmark/qwen25vl_7b_all_modalities/images/seq_0018__target_change_direction__scatter/scatter/seq_0018__target_change_direction__scatter_step_0002.png"", ""/results/yao314652/home/project/outputs/visual_benchmark/qwen25vl_7b_all_modalities/images/seq_0018__target_change_direction__scatter/scatter/seq_0018__target_change_direction__scatter_step_0003.png"", ""/results/yao314652/home/project/outputs/visual_benchmark/qwen25vl_7b_all_modalities/images/seq_0018__target_change_direction__scatter/scatter/seq_0018__target_change_direction__scatter_step_0004.png""]","[{""wavelength"": 600.0, ""concentration"": 5.0, ""path_length"": 2.0, ""absorbance"": 120.0}, {""wavelength"": 600.0, ""concentration"": 4.0, ""path_length"": 2.0, ""absorbance"": 96.0}, {""wavelength"": 600.0, ""concentration"": 3.0, ""path_length"": 2.0, ""absorbance"": 72.0}, {""wavelength"": 600.0, ""concentration"": 3.0, ""path_length"": 1.0, ""absorbance"": 36.0}, {""wavelength"": 600.0, ""concentration"": 2.0, ""path_length"": 1.0, ""absorbance"": 24.0}]"
seq_0018__target_change_direction__simulation,seq_0018,target_change_direction,change_direction,simulation,simulation,"Does absorbance increase, decrease, or stay the same from step 0 to step 4?",decrease,category,increase,False,,"{""answer"": ""increase""}","[""/results/yao314652/home/project/outputs/visual_benchmark/qwen25vl_7b_all_modalities/images/seq_0018__target_change_direction__simulation/simulation/step_0000.png"", ""/results/yao314652/home/project/outputs/visual_benchmark/qwen25vl_7b_all_modalities/images/seq_0018__target_change_direction__simulation/simulation/step_0001.png"", ""/results/yao314652/home/project/outputs/visual_benchmark/qwen25vl_7b_all_modalities/images/seq_0018__target_change_direction__simulation/simulation/step_0002.png"", ""/results/yao314652/home/project/outputs/visual_benchmark/qwen25vl_7b_all_modalities/images/seq_0018__target_change_direction__simulation/simulation/step_0003.png"", ""/results/yao314652/home/project/outputs/visual_benchmark/qwen25vl_7b_all_modalities/images/seq_0018__target_change_direction__simulation/simulation/step_0004.png""]","[{""wavelength"": 600.0, ""concentration"": 5.0, ""path_length"": 2.0, ""absorbance"": 120.0}, {""wavelength"": 600.0, ""concentration"": 4.0, ""path_length"": 2.0, ""absorbance"": 96.0}, {""wavelength"": 600.0, ""concentration"": 3.0, ""path_length"": 2.0, ""absorbance"": 72.0}, {""wavelength"": 600.0, ""concentration"": 3.0, ""path_length"": 1.0, ""absorbance"": 36.0}, {""wavelength"": 600.0, ""concentration"": 2.0, ""path_length"": 1.0, ""absorbance"": 24.0}]"
seq_0018__changed_variable_0_to_1__text,seq_0018,changed_variable_0_to_1,changed_variable,text,none,Which input variable changed from step 0 to step 1?,concentration,category,concentration,True,,"{
    ""answer"": ""concentration""
}",[],"[{""wavelength"": 600.0, ""concentration"": 5.0, ""path_length"": 2.0, ""absorbance"": 120.0}, {""wavelength"": 600.0, ""concentration"": 4.0, ""path_length"": 2.0, ""absorbance"": 96.0}, {""wavelength"": 600.0, ""concentration"": 3.0, ""path_length"": 2.0, ""absorbance"": 72.0}, {""wavelength"": 600.0, ""concentration"": 3.0, ""path_length"": 1.0, ""absorbance"": 36.0}, {""wavelength"": 600.0, ""concentration"": 2.0, ""path_length"": 1.0, ""absorbance"": 24.0}]"
seq_0018__changed_variable_0_to_1__bar,seq_0018,changed_variable_0_to_1,changed_variable,bar,bar,Which input variable changed from step 0 to step 1?,concentration,category,increase,False,,increase,"[""/results/yao314652/home/project/outputs/visual_benchmark/qwen25vl_7b_all_modalities/images/seq_0018__changed_variable_0_to_1__bar/bar/step_0000.png"", ""/results/yao314652/home/project/outputs/visual_benchmark/qwen25vl_7b_all_modalities/images/seq_0018__changed_variable_0_to_1__bar/bar/step_0001.png"", ""/results/yao314652/home/project/outputs/visual_benchmark/qwen25vl_7b_all_modalities/images/seq_0018__changed_variable_0_to_1__bar/bar/step_0002.png"", ""/results/yao314652/home/project/outputs/visual_benchmark/qwen25vl_7b_all_modalities/images/seq_0018__changed_variable_0_to_1__bar/bar/step_0003.png"", ""/results/yao314652/home/project/outputs/visual_benchmark/qwen25vl_7b_all_modalities/images/seq_0018__changed_variable_0_to_1__bar/bar/step_0004.png""]","[{""wavelength"": 600.0, ""concentration"": 5.0, ""path_length"": 2.0, ""absorbance"": 120.0}, {""wavelength"": 600.0, ""concentration"": 4.0, ""path_length"": 2.0, ""absorbance"": 96.0}, {""wavelength"": 600.0, ""concentration"": 3.0, ""path_length"": 2.0, ""absorbance"": 72.0}, {""wavelength"": 600.0, ""concentration"": 3.0, ""path_length"": 1.0, ""absorbance"": 36.0}, {""wavelength"": 600.0, ""concentration"": 2.0, ""path_length"": 1.0, ""absorbance"": 24.0}]"
seq_0018__changed_variable_0_to_1__line,seq_0018,changed_variable_0_to_1,changed_variable,line,line,Which input variable changed from step 0 to step 1?,concentration,category,decrease,False,,"{""answer"": ""decrease""}","[""/results/yao314652/home/project/outputs/visual_benchmark/qwen25vl_7b_all_modalities/images/seq_0018__changed_variable_0_to_1__line/line/seq_0018__changed_variable_0_to_1__line_step_0000.png"", ""/results/yao314652/home/project/outputs/visual_benchmark/qwen25vl_7b_all_modalities/images/seq_0018__changed_variable_0_to_1__line/line/seq_0018__changed_variable_0_to_1__line_step_0001.png"", ""/results/yao314652/home/project/outputs/visual_benchmark/qwen25vl_7b_all_modalities/images/seq_0018__changed_variable_0_to_1__line/line/seq_0018__changed_variable_0_to_1__line_step_0002.png"", ""/results/yao314652/home/project/outputs/visual_benchmark/qwen25vl_7b_all_modalities/images/seq_0018__changed_variable_0_to_1__line/line/seq_0018__changed_variable_0_to_1__line_step_0003.png"", ""/results/yao314652/home/project/outputs/visual_benchmark/qwen25vl_7b_all_modalities/images/seq_0018__changed_variable_0_to_1__line/line/seq_0018__changed_variable_0_to_1__line_step_0004.png""]","[{""wavelength"": 600.0, ""concentration"": 5.0, ""path_length"": 2.0, ""absorbance"": 120.0}, {""wavelength"": 600.0, ""concentration"": 4.0, ""path_length"": 2.0, ""absorbance"": 96.0}, {""wavelength"": 600.0, ""concentration"": 3.0, ""path_length"": 2.0, ""absorbance"": 72.0}, {""wavelength"": 600.0, ""concentration"": 3.0, ""path_length"": 1.0, ""absorbance"": 36.0}, {""wavelength"": 600.0, ""concentration"": 2.0, ""path_length"": 1.0, ""absorbance"": 24.0}]"
seq_0018__changed_variable_0_to_1__scatter,seq_0018,changed_variable_0_to_1,changed_variable,scatter,scatter,Which input variable changed from step 0 to step 1?,concentration,category,x,False,,"{""answer"": ""x""}","[""/results/yao314652/home/project/outputs/visual_benchmark/qwen25vl_7b_all_modalities/images/seq_0018__changed_variable_0_to_1__scatter/scatter/seq_0018__changed_variable_0_to_1__scatter_step_0000.png"", ""/results/yao314652/home/project/outputs/visual_benchmark/qwen25vl_7b_all_modalities/images/seq_0018__changed_variable_0_to_1__scatter/scatter/seq_0018__changed_variable_0_to_1__scatter_step_0001.png"", ""/results/yao314652/home/project/outputs/visual_benchmark/qwen25vl_7b_all_modalities/images/seq_0018__changed_variable_0_to_1__scatter/scatter/seq_0018__changed_variable_0_to_1__scatter_step_0002.png"", ""/results/yao314652/home/project/outputs/visual_benchmark/qwen25vl_7b_all_modalities/images/seq_0018__changed_variable_0_to_1__scatter/scatter/seq_0018__changed_variable_0_to_1__scatter_step_0003.png"", ""/results/yao314652/home/project/outputs/visual_benchmark/qwen25vl_7b_all_modalities/images/seq_0018__changed_variable_0_to_1__scatter/scatter/seq_0018__changed_variable_0_to_1__scatter_step_0004.png""]","[{""wavelength"": 600.0, ""concentration"": 5.0, ""path_length"": 2.0, ""absorbance"": 120.0}, {""wavelength"": 600.0, ""concentration"": 4.0, ""path_length"": 2.0, ""absorbance"": 96.0}, {""wavelength"": 600.0, ""concentration"": 3.0, ""path_length"": 2.0, ""absorbance"": 72.0}, {""wavelength"": 600.0, ""concentration"": 3.0, ""path_length"": 1.0, ""absorbance"": 36.0}, {""wavelength"": 600.0, ""concentration"": 2.0, ""path_length"": 1.0, ""absorbance"": 24.0}]"
seq_0018__changed_variable_0_to_1__simulation,seq_0018,changed_variable_0_to_1,changed_variable,simulation,simulation,Which input variable changed from step 0 to step 1?,concentration,category,input3,False,,input3,"[""/results/yao314652/home/project/outputs/visual_benchmark/qwen25vl_7b_all_modalities/images/seq_0018__changed_variable_0_to_1__simulation/simulation/step_0000.png"", ""/results/yao314652/home/project/outputs/visual_benchmark/qwen25vl_7b_all_modalities/images/seq_0018__changed_variable_0_to_1__simulation/simulation/step_0001.png"", ""/results/yao314652/home/project/outputs/visual_benchmark/qwen25vl_7b_all_modalities/images/seq_0018__changed_variable_0_to_1__simulation/simulation/step_0002.png"", ""/results/yao314652/home/project/outputs/visual_benchmark/qwen25vl_7b_all_modalities/images/seq_0018__changed_variable_0_to_1__simulation/simulation/step_0003.png"", ""/results/yao314652/home/project/outputs/visual_benchmark/qwen25vl_7b_all_modalities/images/seq_0018__changed_variable_0_to_1__simulation/simulation/step_0004.png""]","[{""wavelength"": 600.0, ""concentration"": 5.0, ""path_length"": 2.0, ""absorbance"": 120.0}, {""wavelength"": 600.0, ""concentration"": 4.0, ""path_length"": 2.0, ""absorbance"": 96.0}, {""wavelength"": 600.0, ""concentration"": 3.0, ""path_length"": 2.0, ""absorbance"": 72.0}, {""wavelength"": 600.0, ""concentration"": 3.0, ""path_length"": 1.0, ""absorbance"": 36.0}, {""wavelength"": 600.0, ""concentration"": 2.0, ""path_length"": 1.0, ""absorbance"": 24.0}]"
seq_0018__max_target_step__text,seq_0018,max_target_step,max_step,text,none,At which step is absorbance the highest?,0,step,0,True,,"```json
{""answer"": 0}
```",[],"[{""wavelength"": 600.0, ""concentration"": 5.0, ""path_length"": 2.0, ""absorbance"": 120.0}, {""wavelength"": 600.0, ""concentration"": 4.0, ""path_length"": 2.0, ""absorbance"": 96.0}, {""wavelength"": 600.0, ""concentration"": 3.0, ""path_length"": 2.0, ""absorbance"": 72.0}, {""wavelength"": 600.0, ""concentration"": 3.0, ""path_length"": 1.0, ""absorbance"": 36.0}, {""wavelength"": 600.0, ""concentration"": 2.0, ""path_length"": 1.0, ""absorbance"": 24.0}]"
seq_0018__max_target_step__bar,seq_0018,max_target_step,max_step,bar,bar,At which step is absorbance the highest?,0,step,1,False,,"{""answer"": 1}","[""/results/yao314652/home/project/outputs/visual_benchmark/qwen25vl_7b_all_modalities/images/seq_0018__max_target_step__bar/bar/step_0000.png"", ""/results/yao314652/home/project/outputs/visual_benchmark/qwen25vl_7b_all_modalities/images/seq_0018__max_target_step__bar/bar/step_0001.png"", ""/results/yao314652/home/project/outputs/visual_benchmark/qwen25vl_7b_all_modalities/images/seq_0018__max_target_step__bar/bar/step_0002.png"", ""/results/yao314652/home/project/outputs/visual_benchmark/qwen25vl_7b_all_modalities/images/seq_0018__max_target_step__bar/bar/step_0003.png"", ""/results/yao314652/home/project/outputs/visual_benchmark/qwen25vl_7b_all_modalities/images/seq_0018__max_target_step__bar/bar/step_0004.png""]","[{""wavelength"": 600.0, ""concentration"": 5.0, ""path_length"": 2.0, ""absorbance"": 120.0}, {""wavelength"": 600.0, ""concentration"": 4.0, ""path_length"": 2.0, ""absorbance"": 96.0}, {""wavelength"": 600.0, ""concentration"": 3.0, ""path_length"": 2.0, ""absorbance"": 72.0}, {""wavelength"": 600.0, ""concentration"": 3.0, ""path_length"": 1.0, ""absorbance"": 36.0}, {""wavelength"": 600.0, ""concentration"": 2.0, ""path_length"": 1.0, ""absorbance"": 24.0}]"
seq_0018__max_target_step__line,seq_0018,max_target_step,max_step,line,line,At which step is absorbance the highest?,0,step,1,False,,"{""answer"": 1}","[""/results/yao314652/home/project/outputs/visual_benchmark/qwen25vl_7b_all_modalities/images/seq_0018__max_target_step__line/line/seq_0018__max_target_step__line_step_0000.png"", ""/results/yao314652/home/project/outputs/visual_benchmark/qwen25vl_7b_all_modalities/images/seq_0018__max_target_step__line/line/seq_0018__max_target_step__line_step_0001.png"", ""/results/yao314652/home/project/outputs/visual_benchmark/qwen25vl_7b_all_modalities/images/seq_0018__max_target_step__line/line/seq_0018__max_target_step__line_step_0002.png"", ""/results/yao314652/home/project/outputs/visual_benchmark/qwen25vl_7b_all_modalities/images/seq_0018__max_target_step__line/line/seq_0018__max_target_step__line_step_0003.png"", ""/results/yao314652/home/project/outputs/visual_benchmark/qwen25vl_7b_all_modalities/images/seq_0018__max_target_step__line/line/seq_0018__max_target_step__line_step_0004.png""]","[{""wavelength"": 600.0, ""concentration"": 5.0, ""path_length"": 2.0, ""absorbance"": 120.0}, {""wavelength"": 600.0, ""concentration"": 4.0, ""path_length"": 2.0, ""absorbance"": 96.0}, {""wavelength"": 600.0, ""concentration"": 3.0, ""path_length"": 2.0, ""absorbance"": 72.0}, {""wavelength"": 600.0, ""concentration"": 3.0, ""path_length"": 1.0, ""absorbance"": 36.0}, {""wavelength"": 600.0, ""concentration"": 2.0, ""path_length"": 1.0, ""absorbance"": 24.0}]"
seq_0018__max_target_step__scatter,seq_0018,max_target_step,max_step,scatter,scatter,At which step is absorbance the highest?,0,step,3,False,,"{""answer"": 3}","[""/results/yao314652/home/project/outputs/visual_benchmark/qwen25vl_7b_all_modalities/images/seq_0018__max_target_step__scatter/scatter/seq_0018__max_target_step__scatter_step_0000.png"", ""/results/yao314652/home/project/outputs/visual_benchmark/qwen25vl_7b_all_modalities/images/seq_0018__max_target_step__scatter/scatter/seq_0018__max_target_step__scatter_step_0001.png"", ""/results/yao314652/home/project/outputs/visual_benchmark/qwen25vl_7b_all_modalities/images/seq_0018__max_target_step__scatter/scatter/seq_0018__max_target_step__scatter_step_0002.png"", ""/results/yao314652/home/project/outputs/visual_benchmark/qwen25vl_7b_all_modalities/images/seq_0018__max_target_step__scatter/scatter/seq_0018__max_target_step__scatter_step_0003.png"", ""/results/yao314652/home/project/outputs/visual_benchmark/qwen25vl_7b_all_modalities/images/seq_0018__max_target_step__scatter/scatter/seq_0018__max_target_step__scatter_step_0004.png""]","[{""wavelength"": 600.0, ""concentration"": 5.0, ""path_length"": 2.0, ""absorbance"": 120.0}, {""wavelength"": 600.0, ""concentration"": 4.0, ""path_length"": 2.0, ""absorbance"": 96.0}, {""wavelength"": 600.0, ""concentration"": 3.0, ""path_length"": 2.0, ""absorbance"": 72.0}, {""wavelength"": 600.0, ""concentration"": 3.0, ""path_length"": 1.0, ""absorbance"": 36.0}, {""wavelength"": 600.0, ""concentration"": 2.0, ""path_length"": 1.0, ""absorbance"": 24.0}]"
seq_0018__max_target_step__simulation,seq_0018,max_target_step,max_step,simulation,simulation,At which step is absorbance the highest?,0,step,2,False,,"{""answer"": 2}","[""/results/yao314652/home/project/outputs/visual_benchmark/qwen25vl_7b_all_modalities/images/seq_0018__max_target_step__simulation/simulation/step_0000.png"", ""/results/yao314652/home/project/outputs/visual_benchmark/qwen25vl_7b_all_modalities/images/seq_0018__max_target_step__simulation/simulation/step_0001.png"", ""/results/yao314652/home/project/outputs/visual_benchmark/qwen25vl_7b_all_modalities/images/seq_0018__max_target_step__simulation/simulation/step_0002.png"", ""/results/yao314652/home/project/outputs/visual_benchmark/qwen25vl_7b_all_modalities/images/seq_0018__max_target_step__simulation/simulation/step_0003.png"", ""/results/yao314652/home/project/outputs/visual_benchmark/qwen25vl_7b_all_modalities/images/seq_0018__max_target_step__simulation/simulation/step_0004.png""]","[{""wavelength"": 600.0, ""concentration"": 5.0, ""path_length"": 2.0, ""absorbance"": 120.0}, {""wavelength"": 600.0, ""concentration"": 4.0, ""path_length"": 2.0, ""absorbance"": 96.0}, {""wavelength"": 600.0, ""concentration"": 3.0, ""path_length"": 2.0, ""absorbance"": 72.0}, {""wavelength"": 600.0, ""concentration"": 3.0, ""path_length"": 1.0, ""absorbance"": 36.0}, {""wavelength"": 600.0, ""concentration"": 2.0, ""path_length"": 1.0, ""absorbance"": 24.0}]"
seq_0018__largest_target_drop_step__text,seq_0018,largest_target_drop_step,largest_drop_step,text,none,"At which step does absorbance show the largest drop compared with the previous step? If it never drops, answer none.",3,step_or_none,3,True,,"```json
{""answer"": ""3""}
```",[],"[{""wavelength"": 600.0, ""concentration"": 5.0, ""path_length"": 2.0, ""absorbance"": 120.0}, {""wavelength"": 600.0, ""concentration"": 4.0, ""path_length"": 2.0, ""absorbance"": 96.0}, {""wavelength"": 600.0, ""concentration"": 3.0, ""path_length"": 2.0, ""absorbance"": 72.0}, {""wavelength"": 600.0, ""concentration"": 3.0, ""path_length"": 1.0, ""absorbance"": 36.0}, {""wavelength"": 600.0, ""concentration"": 2.0, ""path_length"": 1.0, ""absorbance"": 24.0}]"
seq_0018__largest_target_drop_step__bar,seq_0018,largest_target_drop_step,largest_drop_step,bar,bar,"At which step does absorbance show the largest drop compared with the previous step? If it never drops, answer none.",3,step_or_none,4,False,,"{""answer"": 4}","[""/results/yao314652/home/project/outputs/visual_benchmark/qwen25vl_7b_all_modalities/images/seq_0018__largest_target_drop_step__bar/bar/step_0000.png"", ""/results/yao314652/home/project/outputs/visual_benchmark/qwen25vl_7b_all_modalities/images/seq_0018__largest_target_drop_step__bar/bar/step_0001.png"", ""/results/yao314652/home/project/outputs/visual_benchmark/qwen25vl_7b_all_modalities/images/seq_0018__largest_target_drop_step__bar/bar/step_0002.png"", ""/results/yao314652/home/project/outputs/visual_benchmark/qwen25vl_7b_all_modalities/images/seq_0018__largest_target_drop_step__bar/bar/step_0003.png"", ""/results/yao314652/home/project/outputs/visual_benchmark/qwen25vl_7b_all_modalities/images/seq_0018__largest_target_drop_step__bar/bar/step_0004.png""]","[{""wavelength"": 600.0, ""concentration"": 5.0, ""path_length"": 2.0, ""absorbance"": 120.0}, {""wavelength"": 600.0, ""concentration"": 4.0, ""path_length"": 2.0, ""absorbance"": 96.0}, {""wavelength"": 600.0, ""concentration"": 3.0, ""path_length"": 2.0, ""absorbance"": 72.0}, {""wavelength"": 600.0, ""concentration"": 3.0, ""path_length"": 1.0, ""absorbance"": 36.0}, {""wavelength"": 600.0, ""concentration"": 2.0, ""path_length"": 1.0, ""absorbance"": 24.0}]"
seq_0018__largest_target_drop_step__line,seq_0018,largest_target_drop_step,largest_drop_step,line,line,"At which step does absorbance show the largest drop compared with the previous step? If it never drops, answer none.",3,step_or_none,3,True,,"{""answer"": 3}","[""/results/yao314652/home/project/outputs/visual_benchmark/qwen25vl_7b_all_modalities/images/seq_0018__largest_target_drop_step__line/line/seq_0018__largest_target_drop_step__line_step_0000.png"", ""/results/yao314652/home/project/outputs/visual_benchmark/qwen25vl_7b_all_modalities/images/seq_0018__largest_target_drop_step__line/line/seq_0018__largest_target_drop_step__line_step_0001.png"", ""/results/yao314652/home/project/outputs/visual_benchmark/qwen25vl_7b_all_modalities/images/seq_0018__largest_target_drop_step__line/line/seq_0018__largest_target_drop_step__line_step_0002.png"", ""/results/yao314652/home/project/outputs/visual_benchmark/qwen25vl_7b_all_modalities/images/seq_0018__largest_target_drop_step__line/line/seq_0018__largest_target_drop_step__line_step_0003.png"", ""/results/yao314652/home/project/outputs/visual_benchmark/qwen25vl_7b_all_modalities/images/seq_0018__largest_target_drop_step__line/line/seq_0018__largest_target_drop_step__line_step_0004.png""]","[{""wavelength"": 600.0, ""concentration"": 5.0, ""path_length"": 2.0, ""absorbance"": 120.0}, {""wavelength"": 600.0, ""concentration"": 4.0, ""path_length"": 2.0, ""absorbance"": 96.0}, {""wavelength"": 600.0, ""concentration"": 3.0, ""path_length"": 2.0, ""absorbance"": 72.0}, {""wavelength"": 600.0, ""concentration"": 3.0, ""path_length"": 1.0, ""absorbance"": 36.0}, {""wavelength"": 600.0, ""concentration"": 2.0, ""path_length"": 1.0, ""absorbance"": 24.0}]"
seq_0018__largest_target_drop_step__scatter,seq_0018,largest_target_drop_step,largest_drop_step,scatter,scatter,"At which step does absorbance show the largest drop compared with the previous step? If it never drops, answer none.",3,step_or_none,3,True,,"{""answer"": 3}","[""/results/yao314652/home/project/outputs/visual_benchmark/qwen25vl_7b_all_modalities/images/seq_0018__largest_target_drop_step__scatter/scatter/seq_0018__largest_target_drop_step__scatter_step_0000.png"", ""/results/yao314652/home/project/outputs/visual_benchmark/qwen25vl_7b_all_modalities/images/seq_0018__largest_target_drop_step__scatter/scatter/seq_0018__largest_target_drop_step__scatter_step_0001.png"", ""/results/yao314652/home/project/outputs/visual_benchmark/qwen25vl_7b_all_modalities/images/seq_0018__largest_target_drop_step__scatter/scatter/seq_0018__largest_target_drop_step__scatter_step_0002.png"", ""/results/yao314652/home/project/outputs/visual_benchmark/qwen25vl_7b_all_modalities/images/seq_0018__largest_target_drop_step__scatter/scatter/seq_0018__largest_target_drop_step__scatter_step_0003.png"", ""/results/yao314652/home/project/outputs/visual_benchmark/qwen25vl_7b_all_modalities/images/seq_0018__largest_target_drop_step__scatter/scatter/seq_0018__largest_target_drop_step__scatter_step_0004.png""]","[{""wavelength"": 600.0, ""concentration"": 5.0, ""path_length"": 2.0, ""absorbance"": 120.0}, {""wavelength"": 600.0, ""concentration"": 4.0, ""path_length"": 2.0, ""absorbance"": 96.0}, {""wavelength"": 600.0, ""concentration"": 3.0, ""path_length"": 2.0, ""absorbance"": 72.0}, {""wavelength"": 600.0, ""concentration"": 3.0, ""path_length"": 1.0, ""absorbance"": 36.0}, {""wavelength"": 600.0, ""concentration"": 2.0, ""path_length"": 1.0, ""absorbance"": 24.0}]"
seq_0018__largest_target_drop_step__simulation,seq_0018,largest_target_drop_step,largest_drop_step,simulation,simulation,"At which step does absorbance show the largest drop compared with the previous step? If it never drops, answer none.",3,step_or_none,4,False,,"{""answer"": 4}","[""/results/yao314652/home/project/outputs/visual_benchmark/qwen25vl_7b_all_modalities/images/seq_0018__largest_target_drop_step__simulation/simulation/step_0000.png"", ""/results/yao314652/home/project/outputs/visual_benchmark/qwen25vl_7b_all_modalities/images/seq_0018__largest_target_drop_step__simulation/simulation/step_0001.png"", ""/results/yao314652/home/project/outputs/visual_benchmark/qwen25vl_7b_all_modalities/images/seq_0018__largest_target_drop_step__simulation/simulation/step_0002.png"", ""/results/yao314652/home/project/outputs/visual_benchmark/qwen25vl_7b_all_modalities/images/seq_0018__largest_target_drop_step__simulation/simulation/step_0003.png"", ""/results/yao314652/home/project/outputs/visual_benchmark/qwen25vl_7b_all_modalities/images/seq_0018__largest_target_drop_step__simulation/simulation/step_0004.png""]","[{""wavelength"": 600.0, ""concentration"": 5.0, ""path_length"": 2.0, ""absorbance"": 120.0}, {""wavelength"": 600.0, ""concentration"": 4.0, ""path_length"": 2.0, ""absorbance"": 96.0}, {""wavelength"": 600.0, ""concentration"": 3.0, ""path_length"": 2.0, ""absorbance"": 72.0}, {""wavelength"": 600.0, ""concentration"": 3.0, ""path_length"": 1.0, ""absorbance"": 36.0}, {""wavelength"": 600.0, ""concentration"": 2.0, ""path_length"": 1.0, ""absorbance"": 24.0}]"
seq_0019__read_last_target__text,seq_0019,read_last_target,value_at_step,text,none,What is the value of absorbance at step 4?,240.0,number,240,True,0.0,"```json
{""answer"": 240}
```",[],"[{""wavelength"": 550.0, ""concentration"": 5.0, ""path_length"": 5.0, ""absorbance"": 275.0}, {""wavelength"": 600.0, ""concentration"": 5.0, ""path_length"": 5.0, ""absorbance"": 300.0}, {""wavelength"": 600.0, ""concentration"": 5.0, ""path_length"": 4.0, ""absorbance"": 240.0}, {""wavelength"": 550.0, ""concentration"": 5.0, ""path_length"": 4.0, ""absorbance"": 220.0}, {""wavelength"": 600.0, ""concentration"": 5.0, ""path_length"": 4.0, ""absorbance"": 240.0}]"
seq_0019__read_last_target__bar,seq_0019,read_last_target,value_at_step,bar,bar,What is the value of absorbance at step 4?,240.0,number,0.1,False,239.9,"{""answer"": 0.1}","[""/results/yao314652/home/project/outputs/visual_benchmark/qwen25vl_7b_all_modalities/images/seq_0019__read_last_target__bar/bar/step_0000.png"", ""/results/yao314652/home/project/outputs/visual_benchmark/qwen25vl_7b_all_modalities/images/seq_0019__read_last_target__bar/bar/step_0001.png"", ""/results/yao314652/home/project/outputs/visual_benchmark/qwen25vl_7b_all_modalities/images/seq_0019__read_last_target__bar/bar/step_0002.png"", ""/results/yao314652/home/project/outputs/visual_benchmark/qwen25vl_7b_all_modalities/images/seq_0019__read_last_target__bar/bar/step_0003.png"", ""/results/yao314652/home/project/outputs/visual_benchmark/qwen25vl_7b_all_modalities/images/seq_0019__read_last_target__bar/bar/step_0004.png""]","[{""wavelength"": 550.0, ""concentration"": 5.0, ""path_length"": 5.0, ""absorbance"": 275.0}, {""wavelength"": 600.0, ""concentration"": 5.0, ""path_length"": 5.0, ""absorbance"": 300.0}, {""wavelength"": 600.0, ""concentration"": 5.0, ""path_length"": 4.0, ""absorbance"": 240.0}, {""wavelength"": 550.0, ""concentration"": 5.0, ""path_length"": 4.0, ""absorbance"": 220.0}, {""wavelength"": 600.0, ""concentration"": 5.0, ""path_length"": 4.0, ""absorbance"": 240.0}]"
seq_0019__read_last_target__line,seq_0019,read_last_target,value_at_step,line,line,What is the value of absorbance at step 4?,240.0,number,0.2,False,239.8,"{""answer"": 0.2}","[""/results/yao314652/home/project/outputs/visual_benchmark/qwen25vl_7b_all_modalities/images/seq_0019__read_last_target__line/line/seq_0019__read_last_target__line_step_0000.png"", ""/results/yao314652/home/project/outputs/visual_benchmark/qwen25vl_7b_all_modalities/images/seq_0019__read_last_target__line/line/seq_0019__read_last_target__line_step_0001.png"", ""/results/yao314652/home/project/outputs/visual_benchmark/qwen25vl_7b_all_modalities/images/seq_0019__read_last_target__line/line/seq_0019__read_last_target__line_step_0002.png"", ""/results/yao314652/home/project/outputs/visual_benchmark/qwen25vl_7b_all_modalities/images/seq_0019__read_last_target__line/line/seq_0019__read_last_target__line_step_0003.png"", ""/results/yao314652/home/project/outputs/visual_benchmark/qwen25vl_7b_all_modalities/images/seq_0019__read_last_target__line/line/seq_0019__read_last_target__line_step_0004.png""]","[{""wavelength"": 550.0, ""concentration"": 5.0, ""path_length"": 5.0, ""absorbance"": 275.0}, {""wavelength"": 600.0, ""concentration"": 5.0, ""path_length"": 5.0, ""absorbance"": 300.0}, {""wavelength"": 600.0, ""concentration"": 5.0, ""path_length"": 4.0, ""absorbance"": 240.0}, {""wavelength"": 550.0, ""concentration"": 5.0, ""path_length"": 4.0, ""absorbance"": 220.0}, {""wavelength"": 600.0, ""concentration"": 5.0, ""path_length"": 4.0, ""absorbance"": 240.0}]"
seq_0019__read_last_target__scatter,seq_0019,read_last_target,value_at_step,scatter,scatter,What is the value of absorbance at step 4?,240.0,number,0.6,False,239.4,"{""answer"": 0.6}","[""/results/yao314652/home/project/outputs/visual_benchmark/qwen25vl_7b_all_modalities/images/seq_0019__read_last_target__scatter/scatter/seq_0019__read_last_target__scatter_step_0000.png"", ""/results/yao314652/home/project/outputs/visual_benchmark/qwen25vl_7b_all_modalities/images/seq_0019__read_last_target__scatter/scatter/seq_0019__read_last_target__scatter_step_0001.png"", ""/results/yao314652/home/project/outputs/visual_benchmark/qwen25vl_7b_all_modalities/images/seq_0019__read_last_target__scatter/scatter/seq_0019__read_last_target__scatter_step_0002.png"", ""/results/yao314652/home/project/outputs/visual_benchmark/qwen25vl_7b_all_modalities/images/seq_0019__read_last_target__scatter/scatter/seq_0019__read_last_target__scatter_step_0003.png"", ""/results/yao314652/home/project/outputs/visual_benchmark/qwen25vl_7b_all_modalities/images/seq_0019__read_last_target__scatter/scatter/seq_0019__read_last_target__scatter_step_0004.png""]","[{""wavelength"": 550.0, ""concentration"": 5.0, ""path_length"": 5.0, ""absorbance"": 275.0}, {""wavelength"": 600.0, ""concentration"": 5.0, ""path_length"": 5.0, ""absorbance"": 300.0}, {""wavelength"": 600.0, ""concentration"": 5.0, ""path_length"": 4.0, ""absorbance"": 240.0}, {""wavelength"": 550.0, ""concentration"": 5.0, ""path_length"": 4.0, ""absorbance"": 220.0}, {""wavelength"": 600.0, ""concentration"": 5.0, ""path_length"": 4.0, ""absorbance"": 240.0}]"
seq_0019__read_last_target__simulation,seq_0019,read_last_target,value_at_step,simulation,simulation,What is the value of absorbance at step 4?,240.0,number,0.3,False,239.7,"{""answer"": 0.3}","[""/results/yao314652/home/project/outputs/visual_benchmark/qwen25vl_7b_all_modalities/images/seq_0019__read_last_target__simulation/simulation/step_0000.png"", ""/results/yao314652/home/project/outputs/visual_benchmark/qwen25vl_7b_all_modalities/images/seq_0019__read_last_target__simulation/simulation/step_0001.png"", ""/results/yao314652/home/project/outputs/visual_benchmark/qwen25vl_7b_all_modalities/images/seq_0019__read_last_target__simulation/simulation/step_0002.png"", ""/results/yao314652/home/project/outputs/visual_benchmark/qwen25vl_7b_all_modalities/images/seq_0019__read_last_target__simulation/simulation/step_0003.png"", ""/results/yao314652/home/project/outputs/visual_benchmark/qwen25vl_7b_all_modalities/images/seq_0019__read_last_target__simulation/simulation/step_0004.png""]","[{""wavelength"": 550.0, ""concentration"": 5.0, ""path_length"": 5.0, ""absorbance"": 275.0}, {""wavelength"": 600.0, ""concentration"": 5.0, ""path_length"": 5.0, ""absorbance"": 300.0}, {""wavelength"": 600.0, ""concentration"": 5.0, ""path_length"": 4.0, ""absorbance"": 240.0}, {""wavelength"": 550.0, ""concentration"": 5.0, ""path_length"": 4.0, ""absorbance"": 220.0}, {""wavelength"": 600.0, ""concentration"": 5.0, ""path_length"": 4.0, ""absorbance"": 240.0}]"
seq_0019__target_change_amount__text,seq_0019,target_change_amount,change_amount,text,none,By how much does absorbance change from step 0 to step 4?,-35.0,number,-35,True,0.0,"{
  ""answer"": -35
}",[],"[{""wavelength"": 550.0, ""concentration"": 5.0, ""path_length"": 5.0, ""absorbance"": 275.0}, {""wavelength"": 600.0, ""concentration"": 5.0, ""path_length"": 5.0, ""absorbance"": 300.0}, {""wavelength"": 600.0, ""concentration"": 5.0, ""path_length"": 4.0, ""absorbance"": 240.0}, {""wavelength"": 550.0, ""concentration"": 5.0, ""path_length"": 4.0, ""absorbance"": 220.0}, {""wavelength"": 600.0, ""concentration"": 5.0, ""path_length"": 4.0, ""absorbance"": 240.0}]"
seq_0019__target_change_amount__bar,seq_0019,target_change_amount,change_amount,bar,bar,By how much does absorbance change from step 0 to step 4?,-35.0,number,-0.2,False,34.8,"{""answer"": -0.2}","[""/results/yao314652/home/project/outputs/visual_benchmark/qwen25vl_7b_all_modalities/images/seq_0019__target_change_amount__bar/bar/step_0000.png"", ""/results/yao314652/home/project/outputs/visual_benchmark/qwen25vl_7b_all_modalities/images/seq_0019__target_change_amount__bar/bar/step_0001.png"", ""/results/yao314652/home/project/outputs/visual_benchmark/qwen25vl_7b_all_modalities/images/seq_0019__target_change_amount__bar/bar/step_0002.png"", ""/results/yao314652/home/project/outputs/visual_benchmark/qwen25vl_7b_all_modalities/images/seq_0019__target_change_amount__bar/bar/step_0003.png"", ""/results/yao314652/home/project/outputs/visual_benchmark/qwen25vl_7b_all_modalities/images/seq_0019__target_change_amount__bar/bar/step_0004.png""]","[{""wavelength"": 550.0, ""concentration"": 5.0, ""path_length"": 5.0, ""absorbance"": 275.0}, {""wavelength"": 600.0, ""concentration"": 5.0, ""path_length"": 5.0, ""absorbance"": 300.0}, {""wavelength"": 600.0, ""concentration"": 5.0, ""path_length"": 4.0, ""absorbance"": 240.0}, {""wavelength"": 550.0, ""concentration"": 5.0, ""path_length"": 4.0, ""absorbance"": 220.0}, {""wavelength"": 600.0, ""concentration"": 5.0, ""path_length"": 4.0, ""absorbance"": 240.0}]"
seq_0019__target_change_amount__line,seq_0019,target_change_amount,change_amount,line,line,By how much does absorbance change from step 0 to step 4?,-35.0,number,-0.3,False,34.7,"{""answer"": -0.3}","[""/results/yao314652/home/project/outputs/visual_benchmark/qwen25vl_7b_all_modalities/images/seq_0019__target_change_amount__line/line/seq_0019__target_change_amount__line_step_0000.png"", ""/results/yao314652/home/project/outputs/visual_benchmark/qwen25vl_7b_all_modalities/images/seq_0019__target_change_amount__line/line/seq_0019__target_change_amount__line_step_0001.png"", ""/results/yao314652/home/project/outputs/visual_benchmark/qwen25vl_7b_all_modalities/images/seq_0019__target_change_amount__line/line/seq_0019__target_change_amount__line_step_0002.png"", ""/results/yao314652/home/project/outputs/visual_benchmark/qwen25vl_7b_all_modalities/images/seq_0019__target_change_amount__line/line/seq_0019__target_change_amount__line_step_0003.png"", ""/results/yao314652/home/project/outputs/visual_benchmark/qwen25vl_7b_all_modalities/images/seq_0019__target_change_amount__line/line/seq_0019__target_change_amount__line_step_0004.png""]","[{""wavelength"": 550.0, ""concentration"": 5.0, ""path_length"": 5.0, ""absorbance"": 275.0}, {""wavelength"": 600.0, ""concentration"": 5.0, ""path_length"": 5.0, ""absorbance"": 300.0}, {""wavelength"": 600.0, ""concentration"": 5.0, ""path_length"": 4.0, ""absorbance"": 240.0}, {""wavelength"": 550.0, ""concentration"": 5.0, ""path_length"": 4.0, ""absorbance"": 220.0}, {""wavelength"": 600.0, ""concentration"": 5.0, ""path_length"": 4.0, ""absorbance"": 240.0}]"
seq_0019__target_change_amount__scatter,seq_0019,target_change_amount,change_amount,scatter,scatter,By how much does absorbance change from step 0 to step 4?,-35.0,number,-0.07,False,34.93,"{""answer"": -0.07}","[""/results/yao314652/home/project/outputs/visual_benchmark/qwen25vl_7b_all_modalities/images/seq_0019__target_change_amount__scatter/scatter/seq_0019__target_change_amount__scatter_step_0000.png"", ""/results/yao314652/home/project/outputs/visual_benchmark/qwen25vl_7b_all_modalities/images/seq_0019__target_change_amount__scatter/scatter/seq_0019__target_change_amount__scatter_step_0001.png"", ""/results/yao314652/home/project/outputs/visual_benchmark/qwen25vl_7b_all_modalities/images/seq_0019__target_change_amount__scatter/scatter/seq_0019__target_change_amount__scatter_step_0002.png"", ""/results/yao314652/home/project/outputs/visual_benchmark/qwen25vl_7b_all_modalities/images/seq_0019__target_change_amount__scatter/scatter/seq_0019__target_change_amount__scatter_step_0003.png"", ""/results/yao314652/home/project/outputs/visual_benchmark/qwen25vl_7b_all_modalities/images/seq_0019__target_change_amount__scatter/scatter/seq_0019__target_change_amount__scatter_step_0004.png""]","[{""wavelength"": 550.0, ""concentration"": 5.0, ""path_length"": 5.0, ""absorbance"": 275.0}, {""wavelength"": 600.0, ""concentration"": 5.0, ""path_length"": 5.0, ""absorbance"": 300.0}, {""wavelength"": 600.0, ""concentration"": 5.0, ""path_length"": 4.0, ""absorbance"": 240.0}, {""wavelength"": 550.0, ""concentration"": 5.0, ""path_length"": 4.0, ""absorbance"": 220.0}, {""wavelength"": 600.0, ""concentration"": 5.0, ""path_length"": 4.0, ""absorbance"": 240.0}]"
seq_0019__target_change_amount__simulation,seq_0019,target_change_amount,change_amount,simulation,simulation,By how much does absorbance change from step 0 to step 4?,-35.0,number,-1,False,34.0,"{""answer"": -1}","[""/results/yao314652/home/project/outputs/visual_benchmark/qwen25vl_7b_all_modalities/images/seq_0019__target_change_amount__simulation/simulation/step_0000.png"", ""/results/yao314652/home/project/outputs/visual_benchmark/qwen25vl_7b_all_modalities/images/seq_0019__target_change_amount__simulation/simulation/step_0001.png"", ""/results/yao314652/home/project/outputs/visual_benchmark/qwen25vl_7b_all_modalities/images/seq_0019__target_change_amount__simulation/simulation/step_0002.png"", ""/results/yao314652/home/project/outputs/visual_benchmark/qwen25vl_7b_all_modalities/images/seq_0019__target_change_amount__simulation/simulation/step_0003.png"", ""/results/yao314652/home/project/outputs/visual_benchmark/qwen25vl_7b_all_modalities/images/seq_0019__target_change_amount__simulation/simulation/step_0004.png""]","[{""wavelength"": 550.0, ""concentration"": 5.0, ""path_length"": 5.0, ""absorbance"": 275.0}, {""wavelength"": 600.0, ""concentration"": 5.0, ""path_length"": 5.0, ""absorbance"": 300.0}, {""wavelength"": 600.0, ""concentration"": 5.0, ""path_length"": 4.0, ""absorbance"": 240.0}, {""wavelength"": 550.0, ""concentration"": 5.0, ""path_length"": 4.0, ""absorbance"": 220.0}, {""wavelength"": 600.0, ""concentration"": 5.0, ""path_length"": 4.0, ""absorbance"": 240.0}]"
seq_0019__target_change_direction__text,seq_0019,target_change_direction,change_direction,text,none,"Does absorbance increase, decrease, or stay the same from step 0 to step 4?",decrease,category,decrease,True,,"{
  ""answer"": ""decrease""
}",[],"[{""wavelength"": 550.0, ""concentration"": 5.0, ""path_length"": 5.0, ""absorbance"": 275.0}, {""wavelength"": 600.0, ""concentration"": 5.0, ""path_length"": 5.0, ""absorbance"": 300.0}, {""wavelength"": 600.0, ""concentration"": 5.0, ""path_length"": 4.0, ""absorbance"": 240.0}, {""wavelength"": 550.0, ""concentration"": 5.0, ""path_length"": 4.0, ""absorbance"": 220.0}, {""wavelength"": 600.0, ""concentration"": 5.0, ""path_length"": 4.0, ""absorbance"": 240.0}]"
seq_0019__target_change_direction__bar,seq_0019,target_change_direction,change_direction,bar,bar,"Does absorbance increase, decrease, or stay the same from step 0 to step 4?",decrease,category,same,False,,"{""answer"": ""same""}","[""/results/yao314652/home/project/outputs/visual_benchmark/qwen25vl_7b_all_modalities/images/seq_0019__target_change_direction__bar/bar/step_0000.png"", ""/results/yao314652/home/project/outputs/visual_benchmark/qwen25vl_7b_all_modalities/images/seq_0019__target_change_direction__bar/bar/step_0001.png"", ""/results/yao314652/home/project/outputs/visual_benchmark/qwen25vl_7b_all_modalities/images/seq_0019__target_change_direction__bar/bar/step_0002.png"", ""/results/yao314652/home/project/outputs/visual_benchmark/qwen25vl_7b_all_modalities/images/seq_0019__target_change_direction__bar/bar/step_0003.png"", ""/results/yao314652/home/project/outputs/visual_benchmark/qwen25vl_7b_all_modalities/images/seq_0019__target_change_direction__bar/bar/step_0004.png""]","[{""wavelength"": 550.0, ""concentration"": 5.0, ""path_length"": 5.0, ""absorbance"": 275.0}, {""wavelength"": 600.0, ""concentration"": 5.0, ""path_length"": 5.0, ""absorbance"": 300.0}, {""wavelength"": 600.0, ""concentration"": 5.0, ""path_length"": 4.0, ""absorbance"": 240.0}, {""wavelength"": 550.0, ""concentration"": 5.0, ""path_length"": 4.0, ""absorbance"": 220.0}, {""wavelength"": 600.0, ""concentration"": 5.0, ""path_length"": 4.0, ""absorbance"": 240.0}]"
seq_0019__target_change_direction__line,seq_0019,target_change_direction,change_direction,line,line,"Does absorbance increase, decrease, or stay the same from step 0 to step 4?",decrease,category,decrease,True,,"{""answer"": ""decrease""}","[""/results/yao314652/home/project/outputs/visual_benchmark/qwen25vl_7b_all_modalities/images/seq_0019__target_change_direction__line/line/seq_0019__target_change_direction__line_step_0000.png"", ""/results/yao314652/home/project/outputs/visual_benchmark/qwen25vl_7b_all_modalities/images/seq_0019__target_change_direction__line/line/seq_0019__target_change_direction__line_step_0001.png"", ""/results/yao314652/home/project/outputs/visual_benchmark/qwen25vl_7b_all_modalities/images/seq_0019__target_change_direction__line/line/seq_0019__target_change_direction__line_step_0002.png"", ""/results/yao314652/home/project/outputs/visual_benchmark/qwen25vl_7b_all_modalities/images/seq_0019__target_change_direction__line/line/seq_0019__target_change_direction__line_step_0003.png"", ""/results/yao314652/home/project/outputs/visual_benchmark/qwen25vl_7b_all_modalities/images/seq_0019__target_change_direction__line/line/seq_0019__target_change_direction__line_step_0004.png""]","[{""wavelength"": 550.0, ""concentration"": 5.0, ""path_length"": 5.0, ""absorbance"": 275.0}, {""wavelength"": 600.0, ""concentration"": 5.0, ""path_length"": 5.0, ""absorbance"": 300.0}, {""wavelength"": 600.0, ""concentration"": 5.0, ""path_length"": 4.0, ""absorbance"": 240.0}, {""wavelength"": 550.0, ""concentration"": 5.0, ""path_length"": 4.0, ""absorbance"": 220.0}, {""wavelength"": 600.0, ""concentration"": 5.0, ""path_length"": 4.0, ""absorbance"": 240.0}]"
seq_0019__target_change_direction__scatter,seq_0019,target_change_direction,change_direction,scatter,scatter,"Does absorbance increase, decrease, or stay the same from step 0 to step 4?",decrease,category,increase,False,,"{""answer"": ""increase""}","[""/results/yao314652/home/project/outputs/visual_benchmark/qwen25vl_7b_all_modalities/images/seq_0019__target_change_direction__scatter/scatter/seq_0019__target_change_direction__scatter_step_0000.png"", ""/results/yao314652/home/project/outputs/visual_benchmark/qwen25vl_7b_all_modalities/images/seq_0019__target_change_direction__scatter/scatter/seq_0019__target_change_direction__scatter_step_0001.png"", ""/results/yao314652/home/project/outputs/visual_benchmark/qwen25vl_7b_all_modalities/images/seq_0019__target_change_direction__scatter/scatter/seq_0019__target_change_direction__scatter_step_0002.png"", ""/results/yao314652/home/project/outputs/visual_benchmark/qwen25vl_7b_all_modalities/images/seq_0019__target_change_direction__scatter/scatter/seq_0019__target_change_direction__scatter_step_0003.png"", ""/results/yao314652/home/project/outputs/visual_benchmark/qwen25vl_7b_all_modalities/images/seq_0019__target_change_direction__scatter/scatter/seq_0019__target_change_direction__scatter_step_0004.png""]","[{""wavelength"": 550.0, ""concentration"": 5.0, ""path_length"": 5.0, ""absorbance"": 275.0}, {""wavelength"": 600.0, ""concentration"": 5.0, ""path_length"": 5.0, ""absorbance"": 300.0}, {""wavelength"": 600.0, ""concentration"": 5.0, ""path_length"": 4.0, ""absorbance"": 240.0}, {""wavelength"": 550.0, ""concentration"": 5.0, ""path_length"": 4.0, ""absorbance"": 220.0}, {""wavelength"": 600.0, ""concentration"": 5.0, ""path_length"": 4.0, ""absorbance"": 240.0}]"
seq_0019__target_change_direction__simulation,seq_0019,target_change_direction,change_direction,simulation,simulation,"Does absorbance increase, decrease, or stay the same from step 0 to step 4?",decrease,category,decrease,True,,"{""answer"": ""decrease""}","[""/results/yao314652/home/project/outputs/visual_benchmark/qwen25vl_7b_all_modalities/images/seq_0019__target_change_direction__simulation/simulation/step_0000.png"", ""/results/yao314652/home/project/outputs/visual_benchmark/qwen25vl_7b_all_modalities/images/seq_0019__target_change_direction__simulation/simulation/step_0001.png"", ""/results/yao314652/home/project/outputs/visual_benchmark/qwen25vl_7b_all_modalities/images/seq_0019__target_change_direction__simulation/simulation/step_0002.png"", ""/results/yao314652/home/project/outputs/visual_benchmark/qwen25vl_7b_all_modalities/images/seq_0019__target_change_direction__simulation/simulation/step_0003.png"", ""/results/yao314652/home/project/outputs/visual_benchmark/qwen25vl_7b_all_modalities/images/seq_0019__target_change_direction__simulation/simulation/step_0004.png""]","[{""wavelength"": 550.0, ""concentration"": 5.0, ""path_length"": 5.0, ""absorbance"": 275.0}, {""wavelength"": 600.0, ""concentration"": 5.0, ""path_length"": 5.0, ""absorbance"": 300.0}, {""wavelength"": 600.0, ""concentration"": 5.0, ""path_length"": 4.0, ""absorbance"": 240.0}, {""wavelength"": 550.0, ""concentration"": 5.0, ""path_length"": 4.0, ""absorbance"": 220.0}, {""wavelength"": 600.0, ""concentration"": 5.0, ""path_length"": 4.0, ""absorbance"": 240.0}]"
seq_0019__changed_variable_0_to_1__text,seq_0019,changed_variable_0_to_1,changed_variable,text,none,Which input variable changed from step 0 to step 1?,wavelength,category,wavelength,True,,"{""answer"": ""wavelength""}",[],"[{""wavelength"": 550.0, ""concentration"": 5.0, ""path_length"": 5.0, ""absorbance"": 275.0}, {""wavelength"": 600.0, ""concentration"": 5.0, ""path_length"": 5.0, ""absorbance"": 300.0}, {""wavelength"": 600.0, ""concentration"": 5.0, ""path_length"": 4.0, ""absorbance"": 240.0}, {""wavelength"": 550.0, ""concentration"": 5.0, ""path_length"": 4.0, ""absorbance"": 220.0}, {""wavelength"": 600.0, ""concentration"": 5.0, ""path_length"": 4.0, ""absorbance"": 240.0}]"
seq_0019__changed_variable_0_to_1__bar,seq_0019,changed_variable_0_to_1,changed_variable,bar,bar,Which input variable changed from step 0 to step 1?,wavelength,category,same,False,,same,"[""/results/yao314652/home/project/outputs/visual_benchmark/qwen25vl_7b_all_modalities/images/seq_0019__changed_variable_0_to_1__bar/bar/step_0000.png"", ""/results/yao314652/home/project/outputs/visual_benchmark/qwen25vl_7b_all_modalities/images/seq_0019__changed_variable_0_to_1__bar/bar/step_0001.png"", ""/results/yao314652/home/project/outputs/visual_benchmark/qwen25vl_7b_all_modalities/images/seq_0019__changed_variable_0_to_1__bar/bar/step_0002.png"", ""/results/yao314652/home/project/outputs/visual_benchmark/qwen25vl_7b_all_modalities/images/seq_0019__changed_variable_0_to_1__bar/bar/step_0003.png"", ""/results/yao314652/home/project/outputs/visual_benchmark/qwen25vl_7b_all_modalities/images/seq_0019__changed_variable_0_to_1__bar/bar/step_0004.png""]","[{""wavelength"": 550.0, ""concentration"": 5.0, ""path_length"": 5.0, ""absorbance"": 275.0}, {""wavelength"": 600.0, ""concentration"": 5.0, ""path_length"": 5.0, ""absorbance"": 300.0}, {""wavelength"": 600.0, ""concentration"": 5.0, ""path_length"": 4.0, ""absorbance"": 240.0}, {""wavelength"": 550.0, ""concentration"": 5.0, ""path_length"": 4.0, ""absorbance"": 220.0}, {""wavelength"": 600.0, ""concentration"": 5.0, ""path_length"": 4.0, ""absorbance"": 240.0}]"
seq_0019__changed_variable_0_to_1__line,seq_0019,changed_variable_0_to_1,changed_variable,line,line,Which input variable changed from step 0 to step 1?,wavelength,category,increase,False,,increase,"[""/results/yao314652/home/project/outputs/visual_benchmark/qwen25vl_7b_all_modalities/images/seq_0019__changed_variable_0_to_1__line/line/seq_0019__changed_variable_0_to_1__line_step_0000.png"", ""/results/yao314652/home/project/outputs/visual_benchmark/qwen25vl_7b_all_modalities/images/seq_0019__changed_variable_0_to_1__line/line/seq_0019__changed_variable_0_to_1__line_step_0001.png"", ""/results/yao314652/home/project/outputs/visual_benchmark/qwen25vl_7b_all_modalities/images/seq_0019__changed_variable_0_to_1__line/line/seq_0019__changed_variable_0_to_1__line_step_0002.png"", ""/results/yao314652/home/project/outputs/visual_benchmark/qwen25vl_7b_all_modalities/images/seq_0019__changed_variable_0_to_1__line/line/seq_0019__changed_variable_0_to_1__line_step_0003.png"", ""/results/yao314652/home/project/outputs/visual_benchmark/qwen25vl_7b_all_modalities/images/seq_0019__changed_variable_0_to_1__line/line/seq_0019__changed_variable_0_to_1__line_step_0004.png""]","[{""wavelength"": 550.0, ""concentration"": 5.0, ""path_length"": 5.0, ""absorbance"": 275.0}, {""wavelength"": 600.0, ""concentration"": 5.0, ""path_length"": 5.0, ""absorbance"": 300.0}, {""wavelength"": 600.0, ""concentration"": 5.0, ""path_length"": 4.0, ""absorbance"": 240.0}, {""wavelength"": 550.0, ""concentration"": 5.0, ""path_length"": 4.0, ""absorbance"": 220.0}, {""wavelength"": 600.0, ""concentration"": 5.0, ""path_length"": 4.0, ""absorbance"": 240.0}]"
seq_0019__changed_variable_0_to_1__scatter,seq_0019,changed_variable_0_to_1,changed_variable,scatter,scatter,Which input variable changed from step 0 to step 1?,wavelength,category,x,False,,"{""answer"": ""x""}","[""/results/yao314652/home/project/outputs/visual_benchmark/qwen25vl_7b_all_modalities/images/seq_0019__changed_variable_0_to_1__scatter/scatter/seq_0019__changed_variable_0_to_1__scatter_step_0000.png"", ""/results/yao314652/home/project/outputs/visual_benchmark/qwen25vl_7b_all_modalities/images/seq_0019__changed_variable_0_to_1__scatter/scatter/seq_0019__changed_variable_0_to_1__scatter_step_0001.png"", ""/results/yao314652/home/project/outputs/visual_benchmark/qwen25vl_7b_all_modalities/images/seq_0019__changed_variable_0_to_1__scatter/scatter/seq_0019__changed_variable_0_to_1__scatter_step_0002.png"", ""/results/yao314652/home/project/outputs/visual_benchmark/qwen25vl_7b_all_modalities/images/seq_0019__changed_variable_0_to_1__scatter/scatter/seq_0019__changed_variable_0_to_1__scatter_step_0003.png"", ""/results/yao314652/home/project/outputs/visual_benchmark/qwen25vl_7b_all_modalities/images/seq_0019__changed_variable_0_to_1__scatter/scatter/seq_0019__changed_variable_0_to_1__scatter_step_0004.png""]","[{""wavelength"": 550.0, ""concentration"": 5.0, ""path_length"": 5.0, ""absorbance"": 275.0}, {""wavelength"": 600.0, ""concentration"": 5.0, ""path_length"": 5.0, ""absorbance"": 300.0}, {""wavelength"": 600.0, ""concentration"": 5.0, ""path_length"": 4.0, ""absorbance"": 240.0}, {""wavelength"": 550.0, ""concentration"": 5.0, ""path_length"": 4.0, ""absorbance"": 220.0}, {""wavelength"": 600.0, ""concentration"": 5.0, ""path_length"": 4.0, ""absorbance"": 240.0}]"
seq_0019__changed_variable_0_to_1__simulation,seq_0019,changed_variable_0_to_1,changed_variable,simulation,simulation,Which input variable changed from step 0 to step 1?,wavelength,category,input-1,False,,"{""answer"": ""input-1""}","[""/results/yao314652/home/project/outputs/visual_benchmark/qwen25vl_7b_all_modalities/images/seq_0019__changed_variable_0_to_1__simulation/simulation/step_0000.png"", ""/results/yao314652/home/project/outputs/visual_benchmark/qwen25vl_7b_all_modalities/images/seq_0019__changed_variable_0_to_1__simulation/simulation/step_0001.png"", ""/results/yao314652/home/project/outputs/visual_benchmark/qwen25vl_7b_all_modalities/images/seq_0019__changed_variable_0_to_1__simulation/simulation/step_0002.png"", ""/results/yao314652/home/project/outputs/visual_benchmark/qwen25vl_7b_all_modalities/images/seq_0019__changed_variable_0_to_1__simulation/simulation/step_0003.png"", ""/results/yao314652/home/project/outputs/visual_benchmark/qwen25vl_7b_all_modalities/images/seq_0019__changed_variable_0_to_1__simulation/simulation/step_0004.png""]","[{""wavelength"": 550.0, ""concentration"": 5.0, ""path_length"": 5.0, ""absorbance"": 275.0}, {""wavelength"": 600.0, ""concentration"": 5.0, ""path_length"": 5.0, ""absorbance"": 300.0}, {""wavelength"": 600.0, ""concentration"": 5.0, ""path_length"": 4.0, ""absorbance"": 240.0}, {""wavelength"": 550.0, ""concentration"": 5.0, ""path_length"": 4.0, ""absorbance"": 220.0}, {""wavelength"": 600.0, ""concentration"": 5.0, ""path_length"": 4.0, ""absorbance"": 240.0}]"
seq_0019__max_target_step__text,seq_0019,max_target_step,max_step,text,none,At which step is absorbance the highest?,1,step,1,True,,"{""answer"": 1}",[],"[{""wavelength"": 550.0, ""concentration"": 5.0, ""path_length"": 5.0, ""absorbance"": 275.0}, {""wavelength"": 600.0, ""concentration"": 5.0, ""path_length"": 5.0, ""absorbance"": 300.0}, {""wavelength"": 600.0, ""concentration"": 5.0, ""path_length"": 4.0, ""absorbance"": 240.0}, {""wavelength"": 550.0, ""concentration"": 5.0, ""path_length"": 4.0, ""absorbance"": 220.0}, {""wavelength"": 600.0, ""concentration"": 5.0, ""path_length"": 4.0, ""absorbance"": 240.0}]"
seq_0019__max_target_step__bar,seq_0019,max_target_step,max_step,bar,bar,At which step is absorbance the highest?,1,step,1,True,,"{""answer"": 1}","[""/results/yao314652/home/project/outputs/visual_benchmark/qwen25vl_7b_all_modalities/images/seq_0019__max_target_step__bar/bar/step_0000.png"", ""/results/yao314652/home/project/outputs/visual_benchmark/qwen25vl_7b_all_modalities/images/seq_0019__max_target_step__bar/bar/step_0001.png"", ""/results/yao314652/home/project/outputs/visual_benchmark/qwen25vl_7b_all_modalities/images/seq_0019__max_target_step__bar/bar/step_0002.png"", ""/results/yao314652/home/project/outputs/visual_benchmark/qwen25vl_7b_all_modalities/images/seq_0019__max_target_step__bar/bar/step_0003.png"", ""/results/yao314652/home/project/outputs/visual_benchmark/qwen25vl_7b_all_modalities/images/seq_0019__max_target_step__bar/bar/step_0004.png""]","[{""wavelength"": 550.0, ""concentration"": 5.0, ""path_length"": 5.0, ""absorbance"": 275.0}, {""wavelength"": 600.0, ""concentration"": 5.0, ""path_length"": 5.0, ""absorbance"": 300.0}, {""wavelength"": 600.0, ""concentration"": 5.0, ""path_length"": 4.0, ""absorbance"": 240.0}, {""wavelength"": 550.0, ""concentration"": 5.0, ""path_length"": 4.0, ""absorbance"": 220.0}, {""wavelength"": 600.0, ""concentration"": 5.0, ""path_length"": 4.0, ""absorbance"": 240.0}]"
seq_0019__max_target_step__line,seq_0019,max_target_step,max_step,line,line,At which step is absorbance the highest?,1,step,2,False,,"{""answer"": 2}","[""/results/yao314652/home/project/outputs/visual_benchmark/qwen25vl_7b_all_modalities/images/seq_0019__max_target_step__line/line/seq_0019__max_target_step__line_step_0000.png"", ""/results/yao314652/home/project/outputs/visual_benchmark/qwen25vl_7b_all_modalities/images/seq_0019__max_target_step__line/line/seq_0019__max_target_step__line_step_0001.png"", ""/results/yao314652/home/project/outputs/visual_benchmark/qwen25vl_7b_all_modalities/images/seq_0019__max_target_step__line/line/seq_0019__max_target_step__line_step_0002.png"", ""/results/yao314652/home/project/outputs/visual_benchmark/qwen25vl_7b_all_modalities/images/seq_0019__max_target_step__line/line/seq_0019__max_target_step__line_step_0003.png"", ""/results/yao314652/home/project/outputs/visual_benchmark/qwen25vl_7b_all_modalities/images/seq_0019__max_target_step__line/line/seq_0019__max_target_step__line_step_0004.png""]","[{""wavelength"": 550.0, ""concentration"": 5.0, ""path_length"": 5.0, ""absorbance"": 275.0}, {""wavelength"": 600.0, ""concentration"": 5.0, ""path_length"": 5.0, ""absorbance"": 300.0}, {""wavelength"": 600.0, ""concentration"": 5.0, ""path_length"": 4.0, ""absorbance"": 240.0}, {""wavelength"": 550.0, ""concentration"": 5.0, ""path_length"": 4.0, ""absorbance"": 220.0}, {""wavelength"": 600.0, ""concentration"": 5.0, ""path_length"": 4.0, ""absorbance"": 240.0}]"
seq_0019__max_target_step__scatter,seq_0019,max_target_step,max_step,scatter,scatter,At which step is absorbance the highest?,1,step,2,False,,"{""answer"": 2}","[""/results/yao314652/home/project/outputs/visual_benchmark/qwen25vl_7b_all_modalities/images/seq_0019__max_target_step__scatter/scatter/seq_0019__max_target_step__scatter_step_0000.png"", ""/results/yao314652/home/project/outputs/visual_benchmark/qwen25vl_7b_all_modalities/images/seq_0019__max_target_step__scatter/scatter/seq_0019__max_target_step__scatter_step_0001.png"", ""/results/yao314652/home/project/outputs/visual_benchmark/qwen25vl_7b_all_modalities/images/seq_0019__max_target_step__scatter/scatter/seq_0019__max_target_step__scatter_step_0002.png"", ""/results/yao314652/home/project/outputs/visual_benchmark/qwen25vl_7b_all_modalities/images/seq_0019__max_target_step__scatter/scatter/seq_0019__max_target_step__scatter_step_0003.png"", ""/results/yao314652/home/project/outputs/visual_benchmark/qwen25vl_7b_all_modalities/images/seq_0019__max_target_step__scatter/scatter/seq_0019__max_target_step__scatter_step_0004.png""]","[{""wavelength"": 550.0, ""concentration"": 5.0, ""path_length"": 5.0, ""absorbance"": 275.0}, {""wavelength"": 600.0, ""concentration"": 5.0, ""path_length"": 5.0, ""absorbance"": 300.0}, {""wavelength"": 600.0, ""concentration"": 5.0, ""path_length"": 4.0, ""absorbance"": 240.0}, {""wavelength"": 550.0, ""concentration"": 5.0, ""path_length"": 4.0, ""absorbance"": 220.0}, {""wavelength"": 600.0, ""concentration"": 5.0, ""path_length"": 4.0, ""absorbance"": 240.0}]"
seq_0019__max_target_step__simulation,seq_0019,max_target_step,max_step,simulation,simulation,At which step is absorbance the highest?,1,step,3,False,,"{""answer"": 3}","[""/results/yao314652/home/project/outputs/visual_benchmark/qwen25vl_7b_all_modalities/images/seq_0019__max_target_step__simulation/simulation/step_0000.png"", ""/results/yao314652/home/project/outputs/visual_benchmark/qwen25vl_7b_all_modalities/images/seq_0019__max_target_step__simulation/simulation/step_0001.png"", ""/results/yao314652/home/project/outputs/visual_benchmark/qwen25vl_7b_all_modalities/images/seq_0019__max_target_step__simulation/simulation/step_0002.png"", ""/results/yao314652/home/project/outputs/visual_benchmark/qwen25vl_7b_all_modalities/images/seq_0019__max_target_step__simulation/simulation/step_0003.png"", ""/results/yao314652/home/project/outputs/visual_benchmark/qwen25vl_7b_all_modalities/images/seq_0019__max_target_step__simulation/simulation/step_0004.png""]","[{""wavelength"": 550.0, ""concentration"": 5.0, ""path_length"": 5.0, ""absorbance"": 275.0}, {""wavelength"": 600.0, ""concentration"": 5.0, ""path_length"": 5.0, ""absorbance"": 300.0}, {""wavelength"": 600.0, ""concentration"": 5.0, ""path_length"": 4.0, ""absorbance"": 240.0}, {""wavelength"": 550.0, ""concentration"": 5.0, ""path_length"": 4.0, ""absorbance"": 220.0}, {""wavelength"": 600.0, ""concentration"": 5.0, ""path_length"": 4.0, ""absorbance"": 240.0}]"
seq_0019__largest_target_drop_step__text,seq_0019,largest_target_drop_step,largest_drop_step,text,none,"At which step does absorbance show the largest drop compared with the previous step? If it never drops, answer none.",2,step_or_none,3,False,,"```json
{""answer"": ""3""}
```",[],"[{""wavelength"": 550.0, ""concentration"": 5.0, ""path_length"": 5.0, ""absorbance"": 275.0}, {""wavelength"": 600.0, ""concentration"": 5.0, ""path_length"": 5.0, ""absorbance"": 300.0}, {""wavelength"": 600.0, ""concentration"": 5.0, ""path_length"": 4.0, ""absorbance"": 240.0}, {""wavelength"": 550.0, ""concentration"": 5.0, ""path_length"": 4.0, ""absorbance"": 220.0}, {""wavelength"": 600.0, ""concentration"": 5.0, ""path_length"": 4.0, ""absorbance"": 240.0}]"
seq_0019__largest_target_drop_step__bar,seq_0019,largest_target_drop_step,largest_drop_step,bar,bar,"At which step does absorbance show the largest drop compared with the previous step? If it never drops, answer none.",2,step_or_none,3,False,,"{""answer"": ""3""}","[""/results/yao314652/home/project/outputs/visual_benchmark/qwen25vl_7b_all_modalities/images/seq_0019__largest_target_drop_step__bar/bar/step_0000.png"", ""/results/yao314652/home/project/outputs/visual_benchmark/qwen25vl_7b_all_modalities/images/seq_0019__largest_target_drop_step__bar/bar/step_0001.png"", ""/results/yao314652/home/project/outputs/visual_benchmark/qwen25vl_7b_all_modalities/images/seq_0019__largest_target_drop_step__bar/bar/step_0002.png"", ""/results/yao314652/home/project/outputs/visual_benchmark/qwen25vl_7b_all_modalities/images/seq_0019__largest_target_drop_step__bar/bar/step_0003.png"", ""/results/yao314652/home/project/outputs/visual_benchmark/qwen25vl_7b_all_modalities/images/seq_0019__largest_target_drop_step__bar/bar/step_0004.png""]","[{""wavelength"": 550.0, ""concentration"": 5.0, ""path_length"": 5.0, ""absorbance"": 275.0}, {""wavelength"": 600.0, ""concentration"": 5.0, ""path_length"": 5.0, ""absorbance"": 300.0}, {""wavelength"": 600.0, ""concentration"": 5.0, ""path_length"": 4.0, ""absorbance"": 240.0}, {""wavelength"": 550.0, ""concentration"": 5.0, ""path_length"": 4.0, ""absorbance"": 220.0}, {""wavelength"": 600.0, ""concentration"": 5.0, ""path_length"": 4.0, ""absorbance"": 240.0}]"
seq_0019__largest_target_drop_step__line,seq_0019,largest_target_drop_step,largest_drop_step,line,line,"At which step does absorbance show the largest drop compared with the previous step? If it never drops, answer none.",2,step_or_none,2,True,,"{""answer"": 2}","[""/results/yao314652/home/project/outputs/visual_benchmark/qwen25vl_7b_all_modalities/images/seq_0019__largest_target_drop_step__line/line/seq_0019__largest_target_drop_step__line_step_0000.png"", ""/results/yao314652/home/project/outputs/visual_benchmark/qwen25vl_7b_all_modalities/images/seq_0019__largest_target_drop_step__line/line/seq_0019__largest_target_drop_step__line_step_0001.png"", ""/results/yao314652/home/project/outputs/visual_benchmark/qwen25vl_7b_all_modalities/images/seq_0019__largest_target_drop_step__line/line/seq_0019__largest_target_drop_step__line_step_0002.png"", ""/results/yao314652/home/project/outputs/visual_benchmark/qwen25vl_7b_all_modalities/images/seq_0019__largest_target_drop_step__line/line/seq_0019__largest_target_drop_step__line_step_0003.png"", ""/results/yao314652/home/project/outputs/visual_benchmark/qwen25vl_7b_all_modalities/images/seq_0019__largest_target_drop_step__line/line/seq_0019__largest_target_drop_step__line_step_0004.png""]","[{""wavelength"": 550.0, ""concentration"": 5.0, ""path_length"": 5.0, ""absorbance"": 275.0}, {""wavelength"": 600.0, ""concentration"": 5.0, ""path_length"": 5.0, ""absorbance"": 300.0}, {""wavelength"": 600.0, ""concentration"": 5.0, ""path_length"": 4.0, ""absorbance"": 240.0}, {""wavelength"": 550.0, ""concentration"": 5.0, ""path_length"": 4.0, ""absorbance"": 220.0}, {""wavelength"": 600.0, ""concentration"": 5.0, ""path_length"": 4.0, ""absorbance"": 240.0}]"
seq_0019__largest_target_drop_step__scatter,seq_0019,largest_target_drop_step,largest_drop_step,scatter,scatter,"At which step does absorbance show the largest drop compared with the previous step? If it never drops, answer none.",2,step_or_none,4,False,,"{""answer"": 4}","[""/results/yao314652/home/project/outputs/visual_benchmark/qwen25vl_7b_all_modalities/images/seq_0019__largest_target_drop_step__scatter/scatter/seq_0019__largest_target_drop_step__scatter_step_0000.png"", ""/results/yao314652/home/project/outputs/visual_benchmark/qwen25vl_7b_all_modalities/images/seq_0019__largest_target_drop_step__scatter/scatter/seq_0019__largest_target_drop_step__scatter_step_0001.png"", ""/results/yao314652/home/project/outputs/visual_benchmark/qwen25vl_7b_all_modalities/images/seq_0019__largest_target_drop_step__scatter/scatter/seq_0019__largest_target_drop_step__scatter_step_0002.png"", ""/results/yao314652/home/project/outputs/visual_benchmark/qwen25vl_7b_all_modalities/images/seq_0019__largest_target_drop_step__scatter/scatter/seq_0019__largest_target_drop_step__scatter_step_0003.png"", ""/results/yao314652/home/project/outputs/visual_benchmark/qwen25vl_7b_all_modalities/images/seq_0019__largest_target_drop_step__scatter/scatter/seq_0019__largest_target_drop_step__scatter_step_0004.png""]","[{""wavelength"": 550.0, ""concentration"": 5.0, ""path_length"": 5.0, ""absorbance"": 275.0}, {""wavelength"": 600.0, ""concentration"": 5.0, ""path_length"": 5.0, ""absorbance"": 300.0}, {""wavelength"": 600.0, ""concentration"": 5.0, ""path_length"": 4.0, ""absorbance"": 240.0}, {""wavelength"": 550.0, ""concentration"": 5.0, ""path_length"": 4.0, ""absorbance"": 220.0}, {""wavelength"": 600.0, ""concentration"": 5.0, ""path_length"": 4.0, ""absorbance"": 240.0}]"
seq_0019__largest_target_drop_step__simulation,seq_0019,largest_target_drop_step,largest_drop_step,simulation,simulation,"At which step does absorbance show the largest drop compared with the previous step? If it never drops, answer none.",2,step_or_none,4,False,,"{""answer"": 4}","[""/results/yao314652/home/project/outputs/visual_benchmark/qwen25vl_7b_all_modalities/images/seq_0019__largest_target_drop_step__simulation/simulation/step_0000.png"", ""/results/yao314652/home/project/outputs/visual_benchmark/qwen25vl_7b_all_modalities/images/seq_0019__largest_target_drop_step__simulation/simulation/step_0001.png"", ""/results/yao314652/home/project/outputs/visual_benchmark/qwen25vl_7b_all_modalities/images/seq_0019__largest_target_drop_step__simulation/simulation/step_0002.png"", ""/results/yao314652/home/project/outputs/visual_benchmark/qwen25vl_7b_all_modalities/images/seq_0019__largest_target_drop_step__simulation/simulation/step_0003.png"", ""/results/yao314652/home/project/outputs/visual_benchmark/qwen25vl_7b_all_modalities/images/seq_0019__largest_target_drop_step__simulation/simulation/step_0004.png""]","[{""wavelength"": 550.0, ""concentration"": 5.0, ""path_length"": 5.0, ""absorbance"": 275.0}, {""wavelength"": 600.0, ""concentration"": 5.0, ""path_length"": 5.0, ""absorbance"": 300.0}, {""wavelength"": 600.0, ""concentration"": 5.0, ""path_length"": 4.0, ""absorbance"": 240.0}, {""wavelength"": 550.0, ""concentration"": 5.0, ""path_length"": 4.0, ""absorbance"": 220.0}, {""wavelength"": 600.0, ""concentration"": 5.0, ""path_length"": 4.0, ""absorbance"": 240.0}]"
