case_id,base_id,task_id,task_type,modality,chart_type,question,gold_answer,answer_type,parsed_answer,correct,numeric_error,raw_output,image_paths,states
seq_0000__read_last_target__text,seq_0000,read_last_target,value_at_step,text,none,What is the value of absorbance at step 4?,24.0,number,24,True,0.0,"```json
{""answer"": 24}
```",[],"[{""wavelength"": 650.0, ""concentration"": 1.0, ""path_length"": 1.0, ""absorbance"": 13.0}, {""wavelength"": 600.0, ""concentration"": 1.0, ""path_length"": 1.0, ""absorbance"": 12.0}, {""wavelength"": 600.0, ""concentration"": 2.0, ""path_length"": 1.0, ""absorbance"": 24.0}, {""wavelength"": 600.0, ""concentration"": 3.0, ""path_length"": 1.0, ""absorbance"": 36.0}, {""wavelength"": 600.0, ""concentration"": 2.0, ""path_length"": 1.0, ""absorbance"": 24.0}]"
seq_0000__read_last_target__bar,seq_0000,read_last_target,value_at_step,bar,bar,What is the value of absorbance at step 4?,24.0,number,0.123,False,23.877,"```json
{
    ""answer"": 0.123
}
```","[""/results/yao314652/home/project/outputs/visual_benchmark/qwen25vl_3b_all_modalities_rerun/images/seq_0000__read_last_target__bar/bar/step_0000.png"", ""/results/yao314652/home/project/outputs/visual_benchmark/qwen25vl_3b_all_modalities_rerun/images/seq_0000__read_last_target__bar/bar/step_0001.png"", ""/results/yao314652/home/project/outputs/visual_benchmark/qwen25vl_3b_all_modalities_rerun/images/seq_0000__read_last_target__bar/bar/step_0002.png"", ""/results/yao314652/home/project/outputs/visual_benchmark/qwen25vl_3b_all_modalities_rerun/images/seq_0000__read_last_target__bar/bar/step_0003.png"", ""/results/yao314652/home/project/outputs/visual_benchmark/qwen25vl_3b_all_modalities_rerun/images/seq_0000__read_last_target__bar/bar/step_0004.png""]","[{""wavelength"": 650.0, ""concentration"": 1.0, ""path_length"": 1.0, ""absorbance"": 13.0}, {""wavelength"": 600.0, ""concentration"": 1.0, ""path_length"": 1.0, ""absorbance"": 12.0}, {""wavelength"": 600.0, ""concentration"": 2.0, ""path_length"": 1.0, ""absorbance"": 24.0}, {""wavelength"": 600.0, ""concentration"": 3.0, ""path_length"": 1.0, ""absorbance"": 36.0}, {""wavelength"": 600.0, ""concentration"": 2.0, ""path_length"": 1.0, ""absorbance"": 24.0}]"
seq_0000__read_last_target__line,seq_0000,read_last_target,value_at_step,line,line,What is the value of absorbance at step 4?,24.0,number,0.689,False,23.311,"```json
{
  ""answer"": 0.689
}
```","[""/results/yao314652/home/project/outputs/visual_benchmark/qwen25vl_3b_all_modalities_rerun/images/seq_0000__read_last_target__line/line/seq_0000__read_last_target__line_step_0000.png"", ""/results/yao314652/home/project/outputs/visual_benchmark/qwen25vl_3b_all_modalities_rerun/images/seq_0000__read_last_target__line/line/seq_0000__read_last_target__line_step_0001.png"", ""/results/yao314652/home/project/outputs/visual_benchmark/qwen25vl_3b_all_modalities_rerun/images/seq_0000__read_last_target__line/line/seq_0000__read_last_target__line_step_0002.png"", ""/results/yao314652/home/project/outputs/visual_benchmark/qwen25vl_3b_all_modalities_rerun/images/seq_0000__read_last_target__line/line/seq_0000__read_last_target__line_step_0003.png"", ""/results/yao314652/home/project/outputs/visual_benchmark/qwen25vl_3b_all_modalities_rerun/images/seq_0000__read_last_target__line/line/seq_0000__read_last_target__line_step_0004.png""]","[{""wavelength"": 650.0, ""concentration"": 1.0, ""path_length"": 1.0, ""absorbance"": 13.0}, {""wavelength"": 600.0, ""concentration"": 1.0, ""path_length"": 1.0, ""absorbance"": 12.0}, {""wavelength"": 600.0, ""concentration"": 2.0, ""path_length"": 1.0, ""absorbance"": 24.0}, {""wavelength"": 600.0, ""concentration"": 3.0, ""path_length"": 1.0, ""absorbance"": 36.0}, {""wavelength"": 600.0, ""concentration"": 2.0, ""path_length"": 1.0, ""absorbance"": 24.0}]"
seq_0000__read_last_target__scatter,seq_0000,read_last_target,value_at_step,scatter,scatter,What is the value of absorbance at step 4?,24.0,number,0.21863973873335468,False,23.781360261266645,"```json
{
    ""answer"": 0.21863973873335467
}
```","[""/results/yao314652/home/project/outputs/visual_benchmark/qwen25vl_3b_all_modalities_rerun/images/seq_0000__read_last_target__scatter/scatter/seq_0000__read_last_target__scatter_step_0000.png"", ""/results/yao314652/home/project/outputs/visual_benchmark/qwen25vl_3b_all_modalities_rerun/images/seq_0000__read_last_target__scatter/scatter/seq_0000__read_last_target__scatter_step_0001.png"", ""/results/yao314652/home/project/outputs/visual_benchmark/qwen25vl_3b_all_modalities_rerun/images/seq_0000__read_last_target__scatter/scatter/seq_0000__read_last_target__scatter_step_0002.png"", ""/results/yao314652/home/project/outputs/visual_benchmark/qwen25vl_3b_all_modalities_rerun/images/seq_0000__read_last_target__scatter/scatter/seq_0000__read_last_target__scatter_step_0003.png"", ""/results/yao314652/home/project/outputs/visual_benchmark/qwen25vl_3b_all_modalities_rerun/images/seq_0000__read_last_target__scatter/scatter/seq_0000__read_last_target__scatter_step_0004.png""]","[{""wavelength"": 650.0, ""concentration"": 1.0, ""path_length"": 1.0, ""absorbance"": 13.0}, {""wavelength"": 600.0, ""concentration"": 1.0, ""path_length"": 1.0, ""absorbance"": 12.0}, {""wavelength"": 600.0, ""concentration"": 2.0, ""path_length"": 1.0, ""absorbance"": 24.0}, {""wavelength"": 600.0, ""concentration"": 3.0, ""path_length"": 1.0, ""absorbance"": 36.0}, {""wavelength"": 600.0, ""concentration"": 2.0, ""path_length"": 1.0, ""absorbance"": 24.0}]"
seq_0000__read_last_target__simulation,seq_0000,read_last_target,value_at_step,simulation,simulation,What is the value of absorbance at step 4?,24.0,number,0.9,False,23.1,"```json
{
  ""answer"": 0.9
}
```","[""/results/yao314652/home/project/outputs/visual_benchmark/qwen25vl_3b_all_modalities_rerun/images/seq_0000__read_last_target__simulation/simulation/step_0000.png"", ""/results/yao314652/home/project/outputs/visual_benchmark/qwen25vl_3b_all_modalities_rerun/images/seq_0000__read_last_target__simulation/simulation/step_0001.png"", ""/results/yao314652/home/project/outputs/visual_benchmark/qwen25vl_3b_all_modalities_rerun/images/seq_0000__read_last_target__simulation/simulation/step_0002.png"", ""/results/yao314652/home/project/outputs/visual_benchmark/qwen25vl_3b_all_modalities_rerun/images/seq_0000__read_last_target__simulation/simulation/step_0003.png"", ""/results/yao314652/home/project/outputs/visual_benchmark/qwen25vl_3b_all_modalities_rerun/images/seq_0000__read_last_target__simulation/simulation/step_0004.png""]","[{""wavelength"": 650.0, ""concentration"": 1.0, ""path_length"": 1.0, ""absorbance"": 13.0}, {""wavelength"": 600.0, ""concentration"": 1.0, ""path_length"": 1.0, ""absorbance"": 12.0}, {""wavelength"": 600.0, ""concentration"": 2.0, ""path_length"": 1.0, ""absorbance"": 24.0}, {""wavelength"": 600.0, ""concentration"": 3.0, ""path_length"": 1.0, ""absorbance"": 36.0}, {""wavelength"": 600.0, ""concentration"": 2.0, ""path_length"": 1.0, ""absorbance"": 24.0}]"
seq_0000__target_change_amount__text,seq_0000,target_change_amount,change_amount,text,none,By how much does absorbance change from step 0 to step 4?,11.0,number,-1,False,12.0,"```json
{""answer"": -1}
```",[],"[{""wavelength"": 650.0, ""concentration"": 1.0, ""path_length"": 1.0, ""absorbance"": 13.0}, {""wavelength"": 600.0, ""concentration"": 1.0, ""path_length"": 1.0, ""absorbance"": 12.0}, {""wavelength"": 600.0, ""concentration"": 2.0, ""path_length"": 1.0, ""absorbance"": 24.0}, {""wavelength"": 600.0, ""concentration"": 3.0, ""path_length"": 1.0, ""absorbance"": 36.0}, {""wavelength"": 600.0, ""concentration"": 2.0, ""path_length"": 1.0, ""absorbance"": 24.0}]"
seq_0000__target_change_amount__bar,seq_0000,target_change_amount,change_amount,bar,bar,By how much does absorbance change from step 0 to step 4?,11.0,number,0.397,False,10.603,"```json
{
    ""answer"": 0.397
}
```","[""/results/yao314652/home/project/outputs/visual_benchmark/qwen25vl_3b_all_modalities_rerun/images/seq_0000__target_change_amount__bar/bar/step_0000.png"", ""/results/yao314652/home/project/outputs/visual_benchmark/qwen25vl_3b_all_modalities_rerun/images/seq_0000__target_change_amount__bar/bar/step_0001.png"", ""/results/yao314652/home/project/outputs/visual_benchmark/qwen25vl_3b_all_modalities_rerun/images/seq_0000__target_change_amount__bar/bar/step_0002.png"", ""/results/yao314652/home/project/outputs/visual_benchmark/qwen25vl_3b_all_modalities_rerun/images/seq_0000__target_change_amount__bar/bar/step_0003.png"", ""/results/yao314652/home/project/outputs/visual_benchmark/qwen25vl_3b_all_modalities_rerun/images/seq_0000__target_change_amount__bar/bar/step_0004.png""]","[{""wavelength"": 650.0, ""concentration"": 1.0, ""path_length"": 1.0, ""absorbance"": 13.0}, {""wavelength"": 600.0, ""concentration"": 1.0, ""path_length"": 1.0, ""absorbance"": 12.0}, {""wavelength"": 600.0, ""concentration"": 2.0, ""path_length"": 1.0, ""absorbance"": 24.0}, {""wavelength"": 600.0, ""concentration"": 3.0, ""path_length"": 1.0, ""absorbance"": 36.0}, {""wavelength"": 600.0, ""concentration"": 2.0, ""path_length"": 1.0, ""absorbance"": 24.0}]"
seq_0000__target_change_amount__line,seq_0000,target_change_amount,change_amount,line,line,By how much does absorbance change from step 0 to step 4?,11.0,number,0.216397,False,10.783603,"```json
{
  ""answer"": 0.216397
}
```","[""/results/yao314652/home/project/outputs/visual_benchmark/qwen25vl_3b_all_modalities_rerun/images/seq_0000__target_change_amount__line/line/seq_0000__target_change_amount__line_step_0000.png"", ""/results/yao314652/home/project/outputs/visual_benchmark/qwen25vl_3b_all_modalities_rerun/images/seq_0000__target_change_amount__line/line/seq_0000__target_change_amount__line_step_0001.png"", ""/results/yao314652/home/project/outputs/visual_benchmark/qwen25vl_3b_all_modalities_rerun/images/seq_0000__target_change_amount__line/line/seq_0000__target_change_amount__line_step_0002.png"", ""/results/yao314652/home/project/outputs/visual_benchmark/qwen25vl_3b_all_modalities_rerun/images/seq_0000__target_change_amount__line/line/seq_0000__target_change_amount__line_step_0003.png"", ""/results/yao314652/home/project/outputs/visual_benchmark/qwen25vl_3b_all_modalities_rerun/images/seq_0000__target_change_amount__line/line/seq_0000__target_change_amount__line_step_0004.png""]","[{""wavelength"": 650.0, ""concentration"": 1.0, ""path_length"": 1.0, ""absorbance"": 13.0}, {""wavelength"": 600.0, ""concentration"": 1.0, ""path_length"": 1.0, ""absorbance"": 12.0}, {""wavelength"": 600.0, ""concentration"": 2.0, ""path_length"": 1.0, ""absorbance"": 24.0}, {""wavelength"": 600.0, ""concentration"": 3.0, ""path_length"": 1.0, ""absorbance"": 36.0}, {""wavelength"": 600.0, ""concentration"": 2.0, ""path_length"": 1.0, ""absorbance"": 24.0}]"
seq_0000__target_change_amount__scatter,seq_0000,target_change_amount,change_amount,scatter,scatter,By how much does absorbance change from step 0 to step 4?,11.0,number,1.67,False,9.33,"```json
{
  ""answer"": 1.67
}
```","[""/results/yao314652/home/project/outputs/visual_benchmark/qwen25vl_3b_all_modalities_rerun/images/seq_0000__target_change_amount__scatter/scatter/seq_0000__target_change_amount__scatter_step_0000.png"", ""/results/yao314652/home/project/outputs/visual_benchmark/qwen25vl_3b_all_modalities_rerun/images/seq_0000__target_change_amount__scatter/scatter/seq_0000__target_change_amount__scatter_step_0001.png"", ""/results/yao314652/home/project/outputs/visual_benchmark/qwen25vl_3b_all_modalities_rerun/images/seq_0000__target_change_amount__scatter/scatter/seq_0000__target_change_amount__scatter_step_0002.png"", ""/results/yao314652/home/project/outputs/visual_benchmark/qwen25vl_3b_all_modalities_rerun/images/seq_0000__target_change_amount__scatter/scatter/seq_0000__target_change_amount__scatter_step_0003.png"", ""/results/yao314652/home/project/outputs/visual_benchmark/qwen25vl_3b_all_modalities_rerun/images/seq_0000__target_change_amount__scatter/scatter/seq_0000__target_change_amount__scatter_step_0004.png""]","[{""wavelength"": 650.0, ""concentration"": 1.0, ""path_length"": 1.0, ""absorbance"": 13.0}, {""wavelength"": 600.0, ""concentration"": 1.0, ""path_length"": 1.0, ""absorbance"": 12.0}, {""wavelength"": 600.0, ""concentration"": 2.0, ""path_length"": 1.0, ""absorbance"": 24.0}, {""wavelength"": 600.0, ""concentration"": 3.0, ""path_length"": 1.0, ""absorbance"": 36.0}, {""wavelength"": 600.0, ""concentration"": 2.0, ""path_length"": 1.0, ""absorbance"": 24.0}]"
seq_0000__target_change_amount__simulation,seq_0000,target_change_amount,change_amount,simulation,simulation,By how much does absorbance change from step 0 to step 4?,11.0,number,0.0312,False,10.9688,"```json
{
  ""answer"": 0.0312
}
```","[""/results/yao314652/home/project/outputs/visual_benchmark/qwen25vl_3b_all_modalities_rerun/images/seq_0000__target_change_amount__simulation/simulation/step_0000.png"", ""/results/yao314652/home/project/outputs/visual_benchmark/qwen25vl_3b_all_modalities_rerun/images/seq_0000__target_change_amount__simulation/simulation/step_0001.png"", ""/results/yao314652/home/project/outputs/visual_benchmark/qwen25vl_3b_all_modalities_rerun/images/seq_0000__target_change_amount__simulation/simulation/step_0002.png"", ""/results/yao314652/home/project/outputs/visual_benchmark/qwen25vl_3b_all_modalities_rerun/images/seq_0000__target_change_amount__simulation/simulation/step_0003.png"", ""/results/yao314652/home/project/outputs/visual_benchmark/qwen25vl_3b_all_modalities_rerun/images/seq_0000__target_change_amount__simulation/simulation/step_0004.png""]","[{""wavelength"": 650.0, ""concentration"": 1.0, ""path_length"": 1.0, ""absorbance"": 13.0}, {""wavelength"": 600.0, ""concentration"": 1.0, ""path_length"": 1.0, ""absorbance"": 12.0}, {""wavelength"": 600.0, ""concentration"": 2.0, ""path_length"": 1.0, ""absorbance"": 24.0}, {""wavelength"": 600.0, ""concentration"": 3.0, ""path_length"": 1.0, ""absorbance"": 36.0}, {""wavelength"": 600.0, ""concentration"": 2.0, ""path_length"": 1.0, ""absorbance"": 24.0}]"
seq_0000__target_change_direction__text,seq_0000,target_change_direction,change_direction,text,none,"Does absorbance increase, decrease, or stay the same from step 0 to step 4?",increase,category,decrease,False,,"```json
{""answer"": ""decrease""}
```",[],"[{""wavelength"": 650.0, ""concentration"": 1.0, ""path_length"": 1.0, ""absorbance"": 13.0}, {""wavelength"": 600.0, ""concentration"": 1.0, ""path_length"": 1.0, ""absorbance"": 12.0}, {""wavelength"": 600.0, ""concentration"": 2.0, ""path_length"": 1.0, ""absorbance"": 24.0}, {""wavelength"": 600.0, ""concentration"": 3.0, ""path_length"": 1.0, ""absorbance"": 36.0}, {""wavelength"": 600.0, ""concentration"": 2.0, ""path_length"": 1.0, ""absorbance"": 24.0}]"
seq_0000__target_change_direction__bar,seq_0000,target_change_direction,change_direction,bar,bar,"Does absorbance increase, decrease, or stay the same from step 0 to step 4?",increase,category,decrease,False,,"{
  ""answer"": ""decrease""
}","[""/results/yao314652/home/project/outputs/visual_benchmark/qwen25vl_3b_all_modalities_rerun/images/seq_0000__target_change_direction__bar/bar/step_0000.png"", ""/results/yao314652/home/project/outputs/visual_benchmark/qwen25vl_3b_all_modalities_rerun/images/seq_0000__target_change_direction__bar/bar/step_0001.png"", ""/results/yao314652/home/project/outputs/visual_benchmark/qwen25vl_3b_all_modalities_rerun/images/seq_0000__target_change_direction__bar/bar/step_0002.png"", ""/results/yao314652/home/project/outputs/visual_benchmark/qwen25vl_3b_all_modalities_rerun/images/seq_0000__target_change_direction__bar/bar/step_0003.png"", ""/results/yao314652/home/project/outputs/visual_benchmark/qwen25vl_3b_all_modalities_rerun/images/seq_0000__target_change_direction__bar/bar/step_0004.png""]","[{""wavelength"": 650.0, ""concentration"": 1.0, ""path_length"": 1.0, ""absorbance"": 13.0}, {""wavelength"": 600.0, ""concentration"": 1.0, ""path_length"": 1.0, ""absorbance"": 12.0}, {""wavelength"": 600.0, ""concentration"": 2.0, ""path_length"": 1.0, ""absorbance"": 24.0}, {""wavelength"": 600.0, ""concentration"": 3.0, ""path_length"": 1.0, ""absorbance"": 36.0}, {""wavelength"": 600.0, ""concentration"": 2.0, ""path_length"": 1.0, ""absorbance"": 24.0}]"
seq_0000__target_change_direction__line,seq_0000,target_change_direction,change_direction,line,line,"Does absorbance increase, decrease, or stay the same from step 0 to step 4?",increase,category,decrease,False,,"```json
{
  ""answer"": ""decrease""
}
```","[""/results/yao314652/home/project/outputs/visual_benchmark/qwen25vl_3b_all_modalities_rerun/images/seq_0000__target_change_direction__line/line/seq_0000__target_change_direction__line_step_0000.png"", ""/results/yao314652/home/project/outputs/visual_benchmark/qwen25vl_3b_all_modalities_rerun/images/seq_0000__target_change_direction__line/line/seq_0000__target_change_direction__line_step_0001.png"", ""/results/yao314652/home/project/outputs/visual_benchmark/qwen25vl_3b_all_modalities_rerun/images/seq_0000__target_change_direction__line/line/seq_0000__target_change_direction__line_step_0002.png"", ""/results/yao314652/home/project/outputs/visual_benchmark/qwen25vl_3b_all_modalities_rerun/images/seq_0000__target_change_direction__line/line/seq_0000__target_change_direction__line_step_0003.png"", ""/results/yao314652/home/project/outputs/visual_benchmark/qwen25vl_3b_all_modalities_rerun/images/seq_0000__target_change_direction__line/line/seq_0000__target_change_direction__line_step_0004.png""]","[{""wavelength"": 650.0, ""concentration"": 1.0, ""path_length"": 1.0, ""absorbance"": 13.0}, {""wavelength"": 600.0, ""concentration"": 1.0, ""path_length"": 1.0, ""absorbance"": 12.0}, {""wavelength"": 600.0, ""concentration"": 2.0, ""path_length"": 1.0, ""absorbance"": 24.0}, {""wavelength"": 600.0, ""concentration"": 3.0, ""path_length"": 1.0, ""absorbance"": 36.0}, {""wavelength"": 600.0, ""concentration"": 2.0, ""path_length"": 1.0, ""absorbance"": 24.0}]"
seq_0000__target_change_direction__scatter,seq_0000,target_change_direction,change_direction,scatter,scatter,"Does absorbance increase, decrease, or stay the same from step 0 to step 4?",increase,category,decrease,False,,"```json
{
  ""answer"": ""decrease""
}
```","[""/results/yao314652/home/project/outputs/visual_benchmark/qwen25vl_3b_all_modalities_rerun/images/seq_0000__target_change_direction__scatter/scatter/seq_0000__target_change_direction__scatter_step_0000.png"", ""/results/yao314652/home/project/outputs/visual_benchmark/qwen25vl_3b_all_modalities_rerun/images/seq_0000__target_change_direction__scatter/scatter/seq_0000__target_change_direction__scatter_step_0001.png"", ""/results/yao314652/home/project/outputs/visual_benchmark/qwen25vl_3b_all_modalities_rerun/images/seq_0000__target_change_direction__scatter/scatter/seq_0000__target_change_direction__scatter_step_0002.png"", ""/results/yao314652/home/project/outputs/visual_benchmark/qwen25vl_3b_all_modalities_rerun/images/seq_0000__target_change_direction__scatter/scatter/seq_0000__target_change_direction__scatter_step_0003.png"", ""/results/yao314652/home/project/outputs/visual_benchmark/qwen25vl_3b_all_modalities_rerun/images/seq_0000__target_change_direction__scatter/scatter/seq_0000__target_change_direction__scatter_step_0004.png""]","[{""wavelength"": 650.0, ""concentration"": 1.0, ""path_length"": 1.0, ""absorbance"": 13.0}, {""wavelength"": 600.0, ""concentration"": 1.0, ""path_length"": 1.0, ""absorbance"": 12.0}, {""wavelength"": 600.0, ""concentration"": 2.0, ""path_length"": 1.0, ""absorbance"": 24.0}, {""wavelength"": 600.0, ""concentration"": 3.0, ""path_length"": 1.0, ""absorbance"": 36.0}, {""wavelength"": 600.0, ""concentration"": 2.0, ""path_length"": 1.0, ""absorbance"": 24.0}]"
seq_0000__target_change_direction__simulation,seq_0000,target_change_direction,change_direction,simulation,simulation,"Does absorbance increase, decrease, or stay the same from step 0 to step 4?",increase,category,decrease,False,,"{""answer"": ""decrease""}","[""/results/yao314652/home/project/outputs/visual_benchmark/qwen25vl_3b_all_modalities_rerun/images/seq_0000__target_change_direction__simulation/simulation/step_0000.png"", ""/results/yao314652/home/project/outputs/visual_benchmark/qwen25vl_3b_all_modalities_rerun/images/seq_0000__target_change_direction__simulation/simulation/step_0001.png"", ""/results/yao314652/home/project/outputs/visual_benchmark/qwen25vl_3b_all_modalities_rerun/images/seq_0000__target_change_direction__simulation/simulation/step_0002.png"", ""/results/yao314652/home/project/outputs/visual_benchmark/qwen25vl_3b_all_modalities_rerun/images/seq_0000__target_change_direction__simulation/simulation/step_0003.png"", ""/results/yao314652/home/project/outputs/visual_benchmark/qwen25vl_3b_all_modalities_rerun/images/seq_0000__target_change_direction__simulation/simulation/step_0004.png""]","[{""wavelength"": 650.0, ""concentration"": 1.0, ""path_length"": 1.0, ""absorbance"": 13.0}, {""wavelength"": 600.0, ""concentration"": 1.0, ""path_length"": 1.0, ""absorbance"": 12.0}, {""wavelength"": 600.0, ""concentration"": 2.0, ""path_length"": 1.0, ""absorbance"": 24.0}, {""wavelength"": 600.0, ""concentration"": 3.0, ""path_length"": 1.0, ""absorbance"": 36.0}, {""wavelength"": 600.0, ""concentration"": 2.0, ""path_length"": 1.0, ""absorbance"": 24.0}]"
seq_0000__changed_variable_0_to_1__text,seq_0000,changed_variable_0_to_1,changed_variable,text,none,Which input variable changed from step 0 to step 1?,wavelength,category,concentration,False,,"{""answer"": ""concentration""}",[],"[{""wavelength"": 650.0, ""concentration"": 1.0, ""path_length"": 1.0, ""absorbance"": 13.0}, {""wavelength"": 600.0, ""concentration"": 1.0, ""path_length"": 1.0, ""absorbance"": 12.0}, {""wavelength"": 600.0, ""concentration"": 2.0, ""path_length"": 1.0, ""absorbance"": 24.0}, {""wavelength"": 600.0, ""concentration"": 3.0, ""path_length"": 1.0, ""absorbance"": 36.0}, {""wavelength"": 600.0, ""concentration"": 2.0, ""path_length"": 1.0, ""absorbance"": 24.0}]"
seq_0000__changed_variable_0_to_1__bar,seq_0000,changed_variable_0_to_1,changed_variable,bar,bar,Which input variable changed from step 0 to step 1?,wavelength,category,output_value,False,,"{""answer"": ""output_value""}","[""/results/yao314652/home/project/outputs/visual_benchmark/qwen25vl_3b_all_modalities_rerun/images/seq_0000__changed_variable_0_to_1__bar/bar/step_0000.png"", ""/results/yao314652/home/project/outputs/visual_benchmark/qwen25vl_3b_all_modalities_rerun/images/seq_0000__changed_variable_0_to_1__bar/bar/step_0001.png"", ""/results/yao314652/home/project/outputs/visual_benchmark/qwen25vl_3b_all_modalities_rerun/images/seq_0000__changed_variable_0_to_1__bar/bar/step_0002.png"", ""/results/yao314652/home/project/outputs/visual_benchmark/qwen25vl_3b_all_modalities_rerun/images/seq_0000__changed_variable_0_to_1__bar/bar/step_0003.png"", ""/results/yao314652/home/project/outputs/visual_benchmark/qwen25vl_3b_all_modalities_rerun/images/seq_0000__changed_variable_0_to_1__bar/bar/step_0004.png""]","[{""wavelength"": 650.0, ""concentration"": 1.0, ""path_length"": 1.0, ""absorbance"": 13.0}, {""wavelength"": 600.0, ""concentration"": 1.0, ""path_length"": 1.0, ""absorbance"": 12.0}, {""wavelength"": 600.0, ""concentration"": 2.0, ""path_length"": 1.0, ""absorbance"": 24.0}, {""wavelength"": 600.0, ""concentration"": 3.0, ""path_length"": 1.0, ""absorbance"": 36.0}, {""wavelength"": 600.0, ""concentration"": 2.0, ""path_length"": 1.0, ""absorbance"": 24.0}]"
seq_0000__changed_variable_0_to_1__line,seq_0000,changed_variable_0_to_1,changed_variable,line,line,Which input variable changed from step 0 to step 1?,wavelength,category,y,False,,"{""answer"": ""y""}","[""/results/yao314652/home/project/outputs/visual_benchmark/qwen25vl_3b_all_modalities_rerun/images/seq_0000__changed_variable_0_to_1__line/line/seq_0000__changed_variable_0_to_1__line_step_0000.png"", ""/results/yao314652/home/project/outputs/visual_benchmark/qwen25vl_3b_all_modalities_rerun/images/seq_0000__changed_variable_0_to_1__line/line/seq_0000__changed_variable_0_to_1__line_step_0001.png"", ""/results/yao314652/home/project/outputs/visual_benchmark/qwen25vl_3b_all_modalities_rerun/images/seq_0000__changed_variable_0_to_1__line/line/seq_0000__changed_variable_0_to_1__line_step_0002.png"", ""/results/yao314652/home/project/outputs/visual_benchmark/qwen25vl_3b_all_modalities_rerun/images/seq_0000__changed_variable_0_to_1__line/line/seq_0000__changed_variable_0_to_1__line_step_0003.png"", ""/results/yao314652/home/project/outputs/visual_benchmark/qwen25vl_3b_all_modalities_rerun/images/seq_0000__changed_variable_0_to_1__line/line/seq_0000__changed_variable_0_to_1__line_step_0004.png""]","[{""wavelength"": 650.0, ""concentration"": 1.0, ""path_length"": 1.0, ""absorbance"": 13.0}, {""wavelength"": 600.0, ""concentration"": 1.0, ""path_length"": 1.0, ""absorbance"": 12.0}, {""wavelength"": 600.0, ""concentration"": 2.0, ""path_length"": 1.0, ""absorbance"": 24.0}, {""wavelength"": 600.0, ""concentration"": 3.0, ""path_length"": 1.0, ""absorbance"": 36.0}, {""wavelength"": 600.0, ""concentration"": 2.0, ""path_length"": 1.0, ""absorbance"": 24.0}]"
seq_0000__changed_variable_0_to_1__scatter,seq_0000,changed_variable_0_to_1,changed_variable,scatter,scatter,Which input variable changed from step 0 to step 1?,wavelength,category,time,False,,"{""answer"": ""time""}","[""/results/yao314652/home/project/outputs/visual_benchmark/qwen25vl_3b_all_modalities_rerun/images/seq_0000__changed_variable_0_to_1__scatter/scatter/seq_0000__changed_variable_0_to_1__scatter_step_0000.png"", ""/results/yao314652/home/project/outputs/visual_benchmark/qwen25vl_3b_all_modalities_rerun/images/seq_0000__changed_variable_0_to_1__scatter/scatter/seq_0000__changed_variable_0_to_1__scatter_step_0001.png"", ""/results/yao314652/home/project/outputs/visual_benchmark/qwen25vl_3b_all_modalities_rerun/images/seq_0000__changed_variable_0_to_1__scatter/scatter/seq_0000__changed_variable_0_to_1__scatter_step_0002.png"", ""/results/yao314652/home/project/outputs/visual_benchmark/qwen25vl_3b_all_modalities_rerun/images/seq_0000__changed_variable_0_to_1__scatter/scatter/seq_0000__changed_variable_0_to_1__scatter_step_0003.png"", ""/results/yao314652/home/project/outputs/visual_benchmark/qwen25vl_3b_all_modalities_rerun/images/seq_0000__changed_variable_0_to_1__scatter/scatter/seq_0000__changed_variable_0_to_1__scatter_step_0004.png""]","[{""wavelength"": 650.0, ""concentration"": 1.0, ""path_length"": 1.0, ""absorbance"": 13.0}, {""wavelength"": 600.0, ""concentration"": 1.0, ""path_length"": 1.0, ""absorbance"": 12.0}, {""wavelength"": 600.0, ""concentration"": 2.0, ""path_length"": 1.0, ""absorbance"": 24.0}, {""wavelength"": 600.0, ""concentration"": 3.0, ""path_length"": 1.0, ""absorbance"": 36.0}, {""wavelength"": 600.0, ""concentration"": 2.0, ""path_length"": 1.0, ""absorbance"": 24.0}]"
seq_0000__changed_variable_0_to_1__simulation,seq_0000,changed_variable_0_to_1,changed_variable,simulation,simulation,Which input variable changed from step 0 to step 1?,wavelength,category,color,False,,"{""answer"": ""color""}","[""/results/yao314652/home/project/outputs/visual_benchmark/qwen25vl_3b_all_modalities_rerun/images/seq_0000__changed_variable_0_to_1__simulation/simulation/step_0000.png"", ""/results/yao314652/home/project/outputs/visual_benchmark/qwen25vl_3b_all_modalities_rerun/images/seq_0000__changed_variable_0_to_1__simulation/simulation/step_0001.png"", ""/results/yao314652/home/project/outputs/visual_benchmark/qwen25vl_3b_all_modalities_rerun/images/seq_0000__changed_variable_0_to_1__simulation/simulation/step_0002.png"", ""/results/yao314652/home/project/outputs/visual_benchmark/qwen25vl_3b_all_modalities_rerun/images/seq_0000__changed_variable_0_to_1__simulation/simulation/step_0003.png"", ""/results/yao314652/home/project/outputs/visual_benchmark/qwen25vl_3b_all_modalities_rerun/images/seq_0000__changed_variable_0_to_1__simulation/simulation/step_0004.png""]","[{""wavelength"": 650.0, ""concentration"": 1.0, ""path_length"": 1.0, ""absorbance"": 13.0}, {""wavelength"": 600.0, ""concentration"": 1.0, ""path_length"": 1.0, ""absorbance"": 12.0}, {""wavelength"": 600.0, ""concentration"": 2.0, ""path_length"": 1.0, ""absorbance"": 24.0}, {""wavelength"": 600.0, ""concentration"": 3.0, ""path_length"": 1.0, ""absorbance"": 36.0}, {""wavelength"": 600.0, ""concentration"": 2.0, ""path_length"": 1.0, ""absorbance"": 24.0}]"
seq_0000__max_target_step__text,seq_0000,max_target_step,max_step,text,none,At which step is absorbance the highest?,3,step,3,True,,"```json
{
  ""answer"": 3
}
```",[],"[{""wavelength"": 650.0, ""concentration"": 1.0, ""path_length"": 1.0, ""absorbance"": 13.0}, {""wavelength"": 600.0, ""concentration"": 1.0, ""path_length"": 1.0, ""absorbance"": 12.0}, {""wavelength"": 600.0, ""concentration"": 2.0, ""path_length"": 1.0, ""absorbance"": 24.0}, {""wavelength"": 600.0, ""concentration"": 3.0, ""path_length"": 1.0, ""absorbance"": 36.0}, {""wavelength"": 600.0, ""concentration"": 2.0, ""path_length"": 1.0, ""absorbance"": 24.0}]"
seq_0000__max_target_step__bar,seq_0000,max_target_step,max_step,bar,bar,At which step is absorbance the highest?,3,step,[0],False,,"```json
{
    ""answer"": [0]
}
```","[""/results/yao314652/home/project/outputs/visual_benchmark/qwen25vl_3b_all_modalities_rerun/images/seq_0000__max_target_step__bar/bar/step_0000.png"", ""/results/yao314652/home/project/outputs/visual_benchmark/qwen25vl_3b_all_modalities_rerun/images/seq_0000__max_target_step__bar/bar/step_0001.png"", ""/results/yao314652/home/project/outputs/visual_benchmark/qwen25vl_3b_all_modalities_rerun/images/seq_0000__max_target_step__bar/bar/step_0002.png"", ""/results/yao314652/home/project/outputs/visual_benchmark/qwen25vl_3b_all_modalities_rerun/images/seq_0000__max_target_step__bar/bar/step_0003.png"", ""/results/yao314652/home/project/outputs/visual_benchmark/qwen25vl_3b_all_modalities_rerun/images/seq_0000__max_target_step__bar/bar/step_0004.png""]","[{""wavelength"": 650.0, ""concentration"": 1.0, ""path_length"": 1.0, ""absorbance"": 13.0}, {""wavelength"": 600.0, ""concentration"": 1.0, ""path_length"": 1.0, ""absorbance"": 12.0}, {""wavelength"": 600.0, ""concentration"": 2.0, ""path_length"": 1.0, ""absorbance"": 24.0}, {""wavelength"": 600.0, ""concentration"": 3.0, ""path_length"": 1.0, ""absorbance"": 36.0}, {""wavelength"": 600.0, ""concentration"": 2.0, ""path_length"": 1.0, ""absorbance"": 24.0}]"
seq_0000__max_target_step__line,seq_0000,max_target_step,max_step,line,line,At which step is absorbance the highest?,3,step,4,False,,"```json
{
    ""answer"": 4
}
```","[""/results/yao314652/home/project/outputs/visual_benchmark/qwen25vl_3b_all_modalities_rerun/images/seq_0000__max_target_step__line/line/seq_0000__max_target_step__line_step_0000.png"", ""/results/yao314652/home/project/outputs/visual_benchmark/qwen25vl_3b_all_modalities_rerun/images/seq_0000__max_target_step__line/line/seq_0000__max_target_step__line_step_0001.png"", ""/results/yao314652/home/project/outputs/visual_benchmark/qwen25vl_3b_all_modalities_rerun/images/seq_0000__max_target_step__line/line/seq_0000__max_target_step__line_step_0002.png"", ""/results/yao314652/home/project/outputs/visual_benchmark/qwen25vl_3b_all_modalities_rerun/images/seq_0000__max_target_step__line/line/seq_0000__max_target_step__line_step_0003.png"", ""/results/yao314652/home/project/outputs/visual_benchmark/qwen25vl_3b_all_modalities_rerun/images/seq_0000__max_target_step__line/line/seq_0000__max_target_step__line_step_0004.png""]","[{""wavelength"": 650.0, ""concentration"": 1.0, ""path_length"": 1.0, ""absorbance"": 13.0}, {""wavelength"": 600.0, ""concentration"": 1.0, ""path_length"": 1.0, ""absorbance"": 12.0}, {""wavelength"": 600.0, ""concentration"": 2.0, ""path_length"": 1.0, ""absorbance"": 24.0}, {""wavelength"": 600.0, ""concentration"": 3.0, ""path_length"": 1.0, ""absorbance"": 36.0}, {""wavelength"": 600.0, ""concentration"": 2.0, ""path_length"": 1.0, ""absorbance"": 24.0}]"
seq_0000__max_target_step__scatter,seq_0000,max_target_step,max_step,scatter,scatter,At which step is absorbance the highest?,3,step,4,False,,"```json
{
    ""answer"": 4
}
```","[""/results/yao314652/home/project/outputs/visual_benchmark/qwen25vl_3b_all_modalities_rerun/images/seq_0000__max_target_step__scatter/scatter/seq_0000__max_target_step__scatter_step_0000.png"", ""/results/yao314652/home/project/outputs/visual_benchmark/qwen25vl_3b_all_modalities_rerun/images/seq_0000__max_target_step__scatter/scatter/seq_0000__max_target_step__scatter_step_0001.png"", ""/results/yao314652/home/project/outputs/visual_benchmark/qwen25vl_3b_all_modalities_rerun/images/seq_0000__max_target_step__scatter/scatter/seq_0000__max_target_step__scatter_step_0002.png"", ""/results/yao314652/home/project/outputs/visual_benchmark/qwen25vl_3b_all_modalities_rerun/images/seq_0000__max_target_step__scatter/scatter/seq_0000__max_target_step__scatter_step_0003.png"", ""/results/yao314652/home/project/outputs/visual_benchmark/qwen25vl_3b_all_modalities_rerun/images/seq_0000__max_target_step__scatter/scatter/seq_0000__max_target_step__scatter_step_0004.png""]","[{""wavelength"": 650.0, ""concentration"": 1.0, ""path_length"": 1.0, ""absorbance"": 13.0}, {""wavelength"": 600.0, ""concentration"": 1.0, ""path_length"": 1.0, ""absorbance"": 12.0}, {""wavelength"": 600.0, ""concentration"": 2.0, ""path_length"": 1.0, ""absorbance"": 24.0}, {""wavelength"": 600.0, ""concentration"": 3.0, ""path_length"": 1.0, ""absorbance"": 36.0}, {""wavelength"": 600.0, ""concentration"": 2.0, ""path_length"": 1.0, ""absorbance"": 24.0}]"
seq_0000__max_target_step__simulation,seq_0000,max_target_step,max_step,simulation,simulation,At which step is absorbance the highest?,3,step,1,False,,"{""answer"": 1}","[""/results/yao314652/home/project/outputs/visual_benchmark/qwen25vl_3b_all_modalities_rerun/images/seq_0000__max_target_step__simulation/simulation/step_0000.png"", ""/results/yao314652/home/project/outputs/visual_benchmark/qwen25vl_3b_all_modalities_rerun/images/seq_0000__max_target_step__simulation/simulation/step_0001.png"", ""/results/yao314652/home/project/outputs/visual_benchmark/qwen25vl_3b_all_modalities_rerun/images/seq_0000__max_target_step__simulation/simulation/step_0002.png"", ""/results/yao314652/home/project/outputs/visual_benchmark/qwen25vl_3b_all_modalities_rerun/images/seq_0000__max_target_step__simulation/simulation/step_0003.png"", ""/results/yao314652/home/project/outputs/visual_benchmark/qwen25vl_3b_all_modalities_rerun/images/seq_0000__max_target_step__simulation/simulation/step_0004.png""]","[{""wavelength"": 650.0, ""concentration"": 1.0, ""path_length"": 1.0, ""absorbance"": 13.0}, {""wavelength"": 600.0, ""concentration"": 1.0, ""path_length"": 1.0, ""absorbance"": 12.0}, {""wavelength"": 600.0, ""concentration"": 2.0, ""path_length"": 1.0, ""absorbance"": 24.0}, {""wavelength"": 600.0, ""concentration"": 3.0, ""path_length"": 1.0, ""absorbance"": 36.0}, {""wavelength"": 600.0, ""concentration"": 2.0, ""path_length"": 1.0, ""absorbance"": 24.0}]"
seq_0000__largest_target_drop_step__text,seq_0000,largest_target_drop_step,largest_drop_step,text,none,"At which step does absorbance show the largest drop compared with the previous step? If it never drops, answer none.",4,step_or_none,none,False,,"```json
{
  ""answer"": ""none""
}
```",[],"[{""wavelength"": 650.0, ""concentration"": 1.0, ""path_length"": 1.0, ""absorbance"": 13.0}, {""wavelength"": 600.0, ""concentration"": 1.0, ""path_length"": 1.0, ""absorbance"": 12.0}, {""wavelength"": 600.0, ""concentration"": 2.0, ""path_length"": 1.0, ""absorbance"": 24.0}, {""wavelength"": 600.0, ""concentration"": 3.0, ""path_length"": 1.0, ""absorbance"": 36.0}, {""wavelength"": 600.0, ""concentration"": 2.0, ""path_length"": 1.0, ""absorbance"": 24.0}]"
seq_0000__largest_target_drop_step__bar,seq_0000,largest_target_drop_step,largest_drop_step,bar,bar,"At which step does absorbance show the largest drop compared with the previous step? If it never drops, answer none.",4,step_or_none,4,True,,"```json
{
    ""answer"": ""4""
}
```","[""/results/yao314652/home/project/outputs/visual_benchmark/qwen25vl_3b_all_modalities_rerun/images/seq_0000__largest_target_drop_step__bar/bar/step_0000.png"", ""/results/yao314652/home/project/outputs/visual_benchmark/qwen25vl_3b_all_modalities_rerun/images/seq_0000__largest_target_drop_step__bar/bar/step_0001.png"", ""/results/yao314652/home/project/outputs/visual_benchmark/qwen25vl_3b_all_modalities_rerun/images/seq_0000__largest_target_drop_step__bar/bar/step_0002.png"", ""/results/yao314652/home/project/outputs/visual_benchmark/qwen25vl_3b_all_modalities_rerun/images/seq_0000__largest_target_drop_step__bar/bar/step_0003.png"", ""/results/yao314652/home/project/outputs/visual_benchmark/qwen25vl_3b_all_modalities_rerun/images/seq_0000__largest_target_drop_step__bar/bar/step_0004.png""]","[{""wavelength"": 650.0, ""concentration"": 1.0, ""path_length"": 1.0, ""absorbance"": 13.0}, {""wavelength"": 600.0, ""concentration"": 1.0, ""path_length"": 1.0, ""absorbance"": 12.0}, {""wavelength"": 600.0, ""concentration"": 2.0, ""path_length"": 1.0, ""absorbance"": 24.0}, {""wavelength"": 600.0, ""concentration"": 3.0, ""path_length"": 1.0, ""absorbance"": 36.0}, {""wavelength"": 600.0, ""concentration"": 2.0, ""path_length"": 1.0, ""absorbance"": 24.0}]"
seq_0000__largest_target_drop_step__line,seq_0000,largest_target_drop_step,largest_drop_step,line,line,"At which step does absorbance show the largest drop compared with the previous step? If it never drops, answer none.",4,step_or_none,2,False,,"```json
{
  ""answer"": ""2""
}
```","[""/results/yao314652/home/project/outputs/visual_benchmark/qwen25vl_3b_all_modalities_rerun/images/seq_0000__largest_target_drop_step__line/line/seq_0000__largest_target_drop_step__line_step_0000.png"", ""/results/yao314652/home/project/outputs/visual_benchmark/qwen25vl_3b_all_modalities_rerun/images/seq_0000__largest_target_drop_step__line/line/seq_0000__largest_target_drop_step__line_step_0001.png"", ""/results/yao314652/home/project/outputs/visual_benchmark/qwen25vl_3b_all_modalities_rerun/images/seq_0000__largest_target_drop_step__line/line/seq_0000__largest_target_drop_step__line_step_0002.png"", ""/results/yao314652/home/project/outputs/visual_benchmark/qwen25vl_3b_all_modalities_rerun/images/seq_0000__largest_target_drop_step__line/line/seq_0000__largest_target_drop_step__line_step_0003.png"", ""/results/yao314652/home/project/outputs/visual_benchmark/qwen25vl_3b_all_modalities_rerun/images/seq_0000__largest_target_drop_step__line/line/seq_0000__largest_target_drop_step__line_step_0004.png""]","[{""wavelength"": 650.0, ""concentration"": 1.0, ""path_length"": 1.0, ""absorbance"": 13.0}, {""wavelength"": 600.0, ""concentration"": 1.0, ""path_length"": 1.0, ""absorbance"": 12.0}, {""wavelength"": 600.0, ""concentration"": 2.0, ""path_length"": 1.0, ""absorbance"": 24.0}, {""wavelength"": 600.0, ""concentration"": 3.0, ""path_length"": 1.0, ""absorbance"": 36.0}, {""wavelength"": 600.0, ""concentration"": 2.0, ""path_length"": 1.0, ""absorbance"": 24.0}]"
seq_0000__largest_target_drop_step__scatter,seq_0000,largest_target_drop_step,largest_drop_step,scatter,scatter,"At which step does absorbance show the largest drop compared with the previous step? If it never drops, answer none.",4,step_or_none,4,True,,"```json
{
  ""answer"": ""4""
}
```","[""/results/yao314652/home/project/outputs/visual_benchmark/qwen25vl_3b_all_modalities_rerun/images/seq_0000__largest_target_drop_step__scatter/scatter/seq_0000__largest_target_drop_step__scatter_step_0000.png"", ""/results/yao314652/home/project/outputs/visual_benchmark/qwen25vl_3b_all_modalities_rerun/images/seq_0000__largest_target_drop_step__scatter/scatter/seq_0000__largest_target_drop_step__scatter_step_0001.png"", ""/results/yao314652/home/project/outputs/visual_benchmark/qwen25vl_3b_all_modalities_rerun/images/seq_0000__largest_target_drop_step__scatter/scatter/seq_0000__largest_target_drop_step__scatter_step_0002.png"", ""/results/yao314652/home/project/outputs/visual_benchmark/qwen25vl_3b_all_modalities_rerun/images/seq_0000__largest_target_drop_step__scatter/scatter/seq_0000__largest_target_drop_step__scatter_step_0003.png"", ""/results/yao314652/home/project/outputs/visual_benchmark/qwen25vl_3b_all_modalities_rerun/images/seq_0000__largest_target_drop_step__scatter/scatter/seq_0000__largest_target_drop_step__scatter_step_0004.png""]","[{""wavelength"": 650.0, ""concentration"": 1.0, ""path_length"": 1.0, ""absorbance"": 13.0}, {""wavelength"": 600.0, ""concentration"": 1.0, ""path_length"": 1.0, ""absorbance"": 12.0}, {""wavelength"": 600.0, ""concentration"": 2.0, ""path_length"": 1.0, ""absorbance"": 24.0}, {""wavelength"": 600.0, ""concentration"": 3.0, ""path_length"": 1.0, ""absorbance"": 36.0}, {""wavelength"": 600.0, ""concentration"": 2.0, ""path_length"": 1.0, ""absorbance"": 24.0}]"
seq_0000__largest_target_drop_step__simulation,seq_0000,largest_target_drop_step,largest_drop_step,simulation,simulation,"At which step does absorbance show the largest drop compared with the previous step? If it never drops, answer none.",4,step_or_none,2,False,,"```json
{
  ""answer"": ""2""
}
```","[""/results/yao314652/home/project/outputs/visual_benchmark/qwen25vl_3b_all_modalities_rerun/images/seq_0000__largest_target_drop_step__simulation/simulation/step_0000.png"", ""/results/yao314652/home/project/outputs/visual_benchmark/qwen25vl_3b_all_modalities_rerun/images/seq_0000__largest_target_drop_step__simulation/simulation/step_0001.png"", ""/results/yao314652/home/project/outputs/visual_benchmark/qwen25vl_3b_all_modalities_rerun/images/seq_0000__largest_target_drop_step__simulation/simulation/step_0002.png"", ""/results/yao314652/home/project/outputs/visual_benchmark/qwen25vl_3b_all_modalities_rerun/images/seq_0000__largest_target_drop_step__simulation/simulation/step_0003.png"", ""/results/yao314652/home/project/outputs/visual_benchmark/qwen25vl_3b_all_modalities_rerun/images/seq_0000__largest_target_drop_step__simulation/simulation/step_0004.png""]","[{""wavelength"": 650.0, ""concentration"": 1.0, ""path_length"": 1.0, ""absorbance"": 13.0}, {""wavelength"": 600.0, ""concentration"": 1.0, ""path_length"": 1.0, ""absorbance"": 12.0}, {""wavelength"": 600.0, ""concentration"": 2.0, ""path_length"": 1.0, ""absorbance"": 24.0}, {""wavelength"": 600.0, ""concentration"": 3.0, ""path_length"": 1.0, ""absorbance"": 36.0}, {""wavelength"": 600.0, ""concentration"": 2.0, ""path_length"": 1.0, ""absorbance"": 24.0}]"
seq_0001__read_last_target__text,seq_0001,read_last_target,value_at_step,text,none,What is the value of absorbance at step 4?,36.0,number,36,True,0.0,"```json
{
  ""answer"": 36
}
```",[],"[{""wavelength"": 450.0, ""concentration"": 2.0, ""path_length"": 5.0, ""absorbance"": 90.0}, {""wavelength"": 450.0, ""concentration"": 1.0, ""path_length"": 5.0, ""absorbance"": 45.0}, {""wavelength"": 400.0, ""concentration"": 1.0, ""path_length"": 5.0, ""absorbance"": 40.0}, {""wavelength"": 450.0, ""concentration"": 1.0, ""path_length"": 5.0, ""absorbance"": 45.0}, {""wavelength"": 450.0, ""concentration"": 1.0, ""path_length"": 4.0, ""absorbance"": 36.0}]"
seq_0001__read_last_target__bar,seq_0001,read_last_target,value_at_step,bar,bar,What is the value of absorbance at step 4?,36.0,number,0.2,False,35.8,"```json
{
    ""answer"": 0.2
}
```","[""/results/yao314652/home/project/outputs/visual_benchmark/qwen25vl_3b_all_modalities_rerun/images/seq_0001__read_last_target__bar/bar/step_0000.png"", ""/results/yao314652/home/project/outputs/visual_benchmark/qwen25vl_3b_all_modalities_rerun/images/seq_0001__read_last_target__bar/bar/step_0001.png"", ""/results/yao314652/home/project/outputs/visual_benchmark/qwen25vl_3b_all_modalities_rerun/images/seq_0001__read_last_target__bar/bar/step_0002.png"", ""/results/yao314652/home/project/outputs/visual_benchmark/qwen25vl_3b_all_modalities_rerun/images/seq_0001__read_last_target__bar/bar/step_0003.png"", ""/results/yao314652/home/project/outputs/visual_benchmark/qwen25vl_3b_all_modalities_rerun/images/seq_0001__read_last_target__bar/bar/step_0004.png""]","[{""wavelength"": 450.0, ""concentration"": 2.0, ""path_length"": 5.0, ""absorbance"": 90.0}, {""wavelength"": 450.0, ""concentration"": 1.0, ""path_length"": 5.0, ""absorbance"": 45.0}, {""wavelength"": 400.0, ""concentration"": 1.0, ""path_length"": 5.0, ""absorbance"": 40.0}, {""wavelength"": 450.0, ""concentration"": 1.0, ""path_length"": 5.0, ""absorbance"": 45.0}, {""wavelength"": 450.0, ""concentration"": 1.0, ""path_length"": 4.0, ""absorbance"": 36.0}]"
seq_0001__read_last_target__line,seq_0001,read_last_target,value_at_step,line,line,What is the value of absorbance at step 4?,36.0,number,0.167,False,35.833,"```json
{
  ""answer"": 0.167
}
```","[""/results/yao314652/home/project/outputs/visual_benchmark/qwen25vl_3b_all_modalities_rerun/images/seq_0001__read_last_target__line/line/seq_0001__read_last_target__line_step_0000.png"", ""/results/yao314652/home/project/outputs/visual_benchmark/qwen25vl_3b_all_modalities_rerun/images/seq_0001__read_last_target__line/line/seq_0001__read_last_target__line_step_0001.png"", ""/results/yao314652/home/project/outputs/visual_benchmark/qwen25vl_3b_all_modalities_rerun/images/seq_0001__read_last_target__line/line/seq_0001__read_last_target__line_step_0002.png"", ""/results/yao314652/home/project/outputs/visual_benchmark/qwen25vl_3b_all_modalities_rerun/images/seq_0001__read_last_target__line/line/seq_0001__read_last_target__line_step_0003.png"", ""/results/yao314652/home/project/outputs/visual_benchmark/qwen25vl_3b_all_modalities_rerun/images/seq_0001__read_last_target__line/line/seq_0001__read_last_target__line_step_0004.png""]","[{""wavelength"": 450.0, ""concentration"": 2.0, ""path_length"": 5.0, ""absorbance"": 90.0}, {""wavelength"": 450.0, ""concentration"": 1.0, ""path_length"": 5.0, ""absorbance"": 45.0}, {""wavelength"": 400.0, ""concentration"": 1.0, ""path_length"": 5.0, ""absorbance"": 40.0}, {""wavelength"": 450.0, ""concentration"": 1.0, ""path_length"": 5.0, ""absorbance"": 45.0}, {""wavelength"": 450.0, ""concentration"": 1.0, ""path_length"": 4.0, ""absorbance"": 36.0}]"
seq_0001__read_last_target__scatter,seq_0001,read_last_target,value_at_step,scatter,scatter,What is the value of absorbance at step 4?,36.0,number,2.193,False,33.807,"```json
{
  ""answer"": 2.193
}
```","[""/results/yao314652/home/project/outputs/visual_benchmark/qwen25vl_3b_all_modalities_rerun/images/seq_0001__read_last_target__scatter/scatter/seq_0001__read_last_target__scatter_step_0000.png"", ""/results/yao314652/home/project/outputs/visual_benchmark/qwen25vl_3b_all_modalities_rerun/images/seq_0001__read_last_target__scatter/scatter/seq_0001__read_last_target__scatter_step_0001.png"", ""/results/yao314652/home/project/outputs/visual_benchmark/qwen25vl_3b_all_modalities_rerun/images/seq_0001__read_last_target__scatter/scatter/seq_0001__read_last_target__scatter_step_0002.png"", ""/results/yao314652/home/project/outputs/visual_benchmark/qwen25vl_3b_all_modalities_rerun/images/seq_0001__read_last_target__scatter/scatter/seq_0001__read_last_target__scatter_step_0003.png"", ""/results/yao314652/home/project/outputs/visual_benchmark/qwen25vl_3b_all_modalities_rerun/images/seq_0001__read_last_target__scatter/scatter/seq_0001__read_last_target__scatter_step_0004.png""]","[{""wavelength"": 450.0, ""concentration"": 2.0, ""path_length"": 5.0, ""absorbance"": 90.0}, {""wavelength"": 450.0, ""concentration"": 1.0, ""path_length"": 5.0, ""absorbance"": 45.0}, {""wavelength"": 400.0, ""concentration"": 1.0, ""path_length"": 5.0, ""absorbance"": 40.0}, {""wavelength"": 450.0, ""concentration"": 1.0, ""path_length"": 5.0, ""absorbance"": 45.0}, {""wavelength"": 450.0, ""concentration"": 1.0, ""path_length"": 4.0, ""absorbance"": 36.0}]"
seq_0001__read_last_target__simulation,seq_0001,read_last_target,value_at_step,simulation,simulation,What is the value of absorbance at step 4?,36.0,number,0.3125,False,35.6875,"```json
{
  ""answer"": 0.3125
}
```","[""/results/yao314652/home/project/outputs/visual_benchmark/qwen25vl_3b_all_modalities_rerun/images/seq_0001__read_last_target__simulation/simulation/step_0000.png"", ""/results/yao314652/home/project/outputs/visual_benchmark/qwen25vl_3b_all_modalities_rerun/images/seq_0001__read_last_target__simulation/simulation/step_0001.png"", ""/results/yao314652/home/project/outputs/visual_benchmark/qwen25vl_3b_all_modalities_rerun/images/seq_0001__read_last_target__simulation/simulation/step_0002.png"", ""/results/yao314652/home/project/outputs/visual_benchmark/qwen25vl_3b_all_modalities_rerun/images/seq_0001__read_last_target__simulation/simulation/step_0003.png"", ""/results/yao314652/home/project/outputs/visual_benchmark/qwen25vl_3b_all_modalities_rerun/images/seq_0001__read_last_target__simulation/simulation/step_0004.png""]","[{""wavelength"": 450.0, ""concentration"": 2.0, ""path_length"": 5.0, ""absorbance"": 90.0}, {""wavelength"": 450.0, ""concentration"": 1.0, ""path_length"": 5.0, ""absorbance"": 45.0}, {""wavelength"": 400.0, ""concentration"": 1.0, ""path_length"": 5.0, ""absorbance"": 40.0}, {""wavelength"": 450.0, ""concentration"": 1.0, ""path_length"": 5.0, ""absorbance"": 45.0}, {""wavelength"": 450.0, ""concentration"": 1.0, ""path_length"": 4.0, ""absorbance"": 36.0}]"
seq_0001__target_change_amount__text,seq_0001,target_change_amount,change_amount,text,none,By how much does absorbance change from step 0 to step 4?,-54.0,number,54,False,108.0,"```json
{
  ""answer"": 54
}
```",[],"[{""wavelength"": 450.0, ""concentration"": 2.0, ""path_length"": 5.0, ""absorbance"": 90.0}, {""wavelength"": 450.0, ""concentration"": 1.0, ""path_length"": 5.0, ""absorbance"": 45.0}, {""wavelength"": 400.0, ""concentration"": 1.0, ""path_length"": 5.0, ""absorbance"": 40.0}, {""wavelength"": 450.0, ""concentration"": 1.0, ""path_length"": 5.0, ""absorbance"": 45.0}, {""wavelength"": 450.0, ""concentration"": 1.0, ""path_length"": 4.0, ""absorbance"": 36.0}]"
seq_0001__target_change_amount__bar,seq_0001,target_change_amount,change_amount,bar,bar,By how much does absorbance change from step 0 to step 4?,-54.0,number,368.9,False,422.9,"```json
{
    ""answer"": 368.9
}
```","[""/results/yao314652/home/project/outputs/visual_benchmark/qwen25vl_3b_all_modalities_rerun/images/seq_0001__target_change_amount__bar/bar/step_0000.png"", ""/results/yao314652/home/project/outputs/visual_benchmark/qwen25vl_3b_all_modalities_rerun/images/seq_0001__target_change_amount__bar/bar/step_0001.png"", ""/results/yao314652/home/project/outputs/visual_benchmark/qwen25vl_3b_all_modalities_rerun/images/seq_0001__target_change_amount__bar/bar/step_0002.png"", ""/results/yao314652/home/project/outputs/visual_benchmark/qwen25vl_3b_all_modalities_rerun/images/seq_0001__target_change_amount__bar/bar/step_0003.png"", ""/results/yao314652/home/project/outputs/visual_benchmark/qwen25vl_3b_all_modalities_rerun/images/seq_0001__target_change_amount__bar/bar/step_0004.png""]","[{""wavelength"": 450.0, ""concentration"": 2.0, ""path_length"": 5.0, ""absorbance"": 90.0}, {""wavelength"": 450.0, ""concentration"": 1.0, ""path_length"": 5.0, ""absorbance"": 45.0}, {""wavelength"": 400.0, ""concentration"": 1.0, ""path_length"": 5.0, ""absorbance"": 40.0}, {""wavelength"": 450.0, ""concentration"": 1.0, ""path_length"": 5.0, ""absorbance"": 45.0}, {""wavelength"": 450.0, ""concentration"": 1.0, ""path_length"": 4.0, ""absorbance"": 36.0}]"
seq_0001__target_change_amount__line,seq_0001,target_change_amount,change_amount,line,line,By how much does absorbance change from step 0 to step 4?,-54.0,number,1.378295,False,55.378295,"```json
{
    ""answer"": 1.378295
}
```","[""/results/yao314652/home/project/outputs/visual_benchmark/qwen25vl_3b_all_modalities_rerun/images/seq_0001__target_change_amount__line/line/seq_0001__target_change_amount__line_step_0000.png"", ""/results/yao314652/home/project/outputs/visual_benchmark/qwen25vl_3b_all_modalities_rerun/images/seq_0001__target_change_amount__line/line/seq_0001__target_change_amount__line_step_0001.png"", ""/results/yao314652/home/project/outputs/visual_benchmark/qwen25vl_3b_all_modalities_rerun/images/seq_0001__target_change_amount__line/line/seq_0001__target_change_amount__line_step_0002.png"", ""/results/yao314652/home/project/outputs/visual_benchmark/qwen25vl_3b_all_modalities_rerun/images/seq_0001__target_change_amount__line/line/seq_0001__target_change_amount__line_step_0003.png"", ""/results/yao314652/home/project/outputs/visual_benchmark/qwen25vl_3b_all_modalities_rerun/images/seq_0001__target_change_amount__line/line/seq_0001__target_change_amount__line_step_0004.png""]","[{""wavelength"": 450.0, ""concentration"": 2.0, ""path_length"": 5.0, ""absorbance"": 90.0}, {""wavelength"": 450.0, ""concentration"": 1.0, ""path_length"": 5.0, ""absorbance"": 45.0}, {""wavelength"": 400.0, ""concentration"": 1.0, ""path_length"": 5.0, ""absorbance"": 40.0}, {""wavelength"": 450.0, ""concentration"": 1.0, ""path_length"": 5.0, ""absorbance"": 45.0}, {""wavelength"": 450.0, ""concentration"": 1.0, ""path_length"": 4.0, ""absorbance"": 36.0}]"
seq_0001__target_change_amount__scatter,seq_0001,target_change_amount,change_amount,scatter,scatter,By how much does absorbance change from step 0 to step 4?,-54.0,number,0.38,False,54.38,"```json
{
    ""answer"": 0.38
}
```","[""/results/yao314652/home/project/outputs/visual_benchmark/qwen25vl_3b_all_modalities_rerun/images/seq_0001__target_change_amount__scatter/scatter/seq_0001__target_change_amount__scatter_step_0000.png"", ""/results/yao314652/home/project/outputs/visual_benchmark/qwen25vl_3b_all_modalities_rerun/images/seq_0001__target_change_amount__scatter/scatter/seq_0001__target_change_amount__scatter_step_0001.png"", ""/results/yao314652/home/project/outputs/visual_benchmark/qwen25vl_3b_all_modalities_rerun/images/seq_0001__target_change_amount__scatter/scatter/seq_0001__target_change_amount__scatter_step_0002.png"", ""/results/yao314652/home/project/outputs/visual_benchmark/qwen25vl_3b_all_modalities_rerun/images/seq_0001__target_change_amount__scatter/scatter/seq_0001__target_change_amount__scatter_step_0003.png"", ""/results/yao314652/home/project/outputs/visual_benchmark/qwen25vl_3b_all_modalities_rerun/images/seq_0001__target_change_amount__scatter/scatter/seq_0001__target_change_amount__scatter_step_0004.png""]","[{""wavelength"": 450.0, ""concentration"": 2.0, ""path_length"": 5.0, ""absorbance"": 90.0}, {""wavelength"": 450.0, ""concentration"": 1.0, ""path_length"": 5.0, ""absorbance"": 45.0}, {""wavelength"": 400.0, ""concentration"": 1.0, ""path_length"": 5.0, ""absorbance"": 40.0}, {""wavelength"": 450.0, ""concentration"": 1.0, ""path_length"": 5.0, ""absorbance"": 45.0}, {""wavelength"": 450.0, ""concentration"": 1.0, ""path_length"": 4.0, ""absorbance"": 36.0}]"
seq_0001__target_change_amount__simulation,seq_0001,target_change_amount,change_amount,simulation,simulation,By how much does absorbance change from step 0 to step 4?,-54.0,number,23.6,False,77.6,"```json
{
  ""answer"": 23.6
}
```","[""/results/yao314652/home/project/outputs/visual_benchmark/qwen25vl_3b_all_modalities_rerun/images/seq_0001__target_change_amount__simulation/simulation/step_0000.png"", ""/results/yao314652/home/project/outputs/visual_benchmark/qwen25vl_3b_all_modalities_rerun/images/seq_0001__target_change_amount__simulation/simulation/step_0001.png"", ""/results/yao314652/home/project/outputs/visual_benchmark/qwen25vl_3b_all_modalities_rerun/images/seq_0001__target_change_amount__simulation/simulation/step_0002.png"", ""/results/yao314652/home/project/outputs/visual_benchmark/qwen25vl_3b_all_modalities_rerun/images/seq_0001__target_change_amount__simulation/simulation/step_0003.png"", ""/results/yao314652/home/project/outputs/visual_benchmark/qwen25vl_3b_all_modalities_rerun/images/seq_0001__target_change_amount__simulation/simulation/step_0004.png""]","[{""wavelength"": 450.0, ""concentration"": 2.0, ""path_length"": 5.0, ""absorbance"": 90.0}, {""wavelength"": 450.0, ""concentration"": 1.0, ""path_length"": 5.0, ""absorbance"": 45.0}, {""wavelength"": 400.0, ""concentration"": 1.0, ""path_length"": 5.0, ""absorbance"": 40.0}, {""wavelength"": 450.0, ""concentration"": 1.0, ""path_length"": 5.0, ""absorbance"": 45.0}, {""wavelength"": 450.0, ""concentration"": 1.0, ""path_length"": 4.0, ""absorbance"": 36.0}]"
seq_0001__target_change_direction__text,seq_0001,target_change_direction,change_direction,text,none,"Does absorbance increase, decrease, or stay the same from step 0 to step 4?",decrease,category,decrease,True,,"```json
{
  ""answer"": ""decrease""
}
```",[],"[{""wavelength"": 450.0, ""concentration"": 2.0, ""path_length"": 5.0, ""absorbance"": 90.0}, {""wavelength"": 450.0, ""concentration"": 1.0, ""path_length"": 5.0, ""absorbance"": 45.0}, {""wavelength"": 400.0, ""concentration"": 1.0, ""path_length"": 5.0, ""absorbance"": 40.0}, {""wavelength"": 450.0, ""concentration"": 1.0, ""path_length"": 5.0, ""absorbance"": 45.0}, {""wavelength"": 450.0, ""concentration"": 1.0, ""path_length"": 4.0, ""absorbance"": 36.0}]"
seq_0001__target_change_direction__bar,seq_0001,target_change_direction,change_direction,bar,bar,"Does absorbance increase, decrease, or stay the same from step 0 to step 4?",decrease,category,decrease,True,,"{""answer"": ""decrease""}","[""/results/yao314652/home/project/outputs/visual_benchmark/qwen25vl_3b_all_modalities_rerun/images/seq_0001__target_change_direction__bar/bar/step_0000.png"", ""/results/yao314652/home/project/outputs/visual_benchmark/qwen25vl_3b_all_modalities_rerun/images/seq_0001__target_change_direction__bar/bar/step_0001.png"", ""/results/yao314652/home/project/outputs/visual_benchmark/qwen25vl_3b_all_modalities_rerun/images/seq_0001__target_change_direction__bar/bar/step_0002.png"", ""/results/yao314652/home/project/outputs/visual_benchmark/qwen25vl_3b_all_modalities_rerun/images/seq_0001__target_change_direction__bar/bar/step_0003.png"", ""/results/yao314652/home/project/outputs/visual_benchmark/qwen25vl_3b_all_modalities_rerun/images/seq_0001__target_change_direction__bar/bar/step_0004.png""]","[{""wavelength"": 450.0, ""concentration"": 2.0, ""path_length"": 5.0, ""absorbance"": 90.0}, {""wavelength"": 450.0, ""concentration"": 1.0, ""path_length"": 5.0, ""absorbance"": 45.0}, {""wavelength"": 400.0, ""concentration"": 1.0, ""path_length"": 5.0, ""absorbance"": 40.0}, {""wavelength"": 450.0, ""concentration"": 1.0, ""path_length"": 5.0, ""absorbance"": 45.0}, {""wavelength"": 450.0, ""concentration"": 1.0, ""path_length"": 4.0, ""absorbance"": 36.0}]"
seq_0001__target_change_direction__line,seq_0001,target_change_direction,change_direction,line,line,"Does absorbance increase, decrease, or stay the same from step 0 to step 4?",decrease,category,decrease,True,,"{""answer"": ""decrease""}","[""/results/yao314652/home/project/outputs/visual_benchmark/qwen25vl_3b_all_modalities_rerun/images/seq_0001__target_change_direction__line/line/seq_0001__target_change_direction__line_step_0000.png"", ""/results/yao314652/home/project/outputs/visual_benchmark/qwen25vl_3b_all_modalities_rerun/images/seq_0001__target_change_direction__line/line/seq_0001__target_change_direction__line_step_0001.png"", ""/results/yao314652/home/project/outputs/visual_benchmark/qwen25vl_3b_all_modalities_rerun/images/seq_0001__target_change_direction__line/line/seq_0001__target_change_direction__line_step_0002.png"", ""/results/yao314652/home/project/outputs/visual_benchmark/qwen25vl_3b_all_modalities_rerun/images/seq_0001__target_change_direction__line/line/seq_0001__target_change_direction__line_step_0003.png"", ""/results/yao314652/home/project/outputs/visual_benchmark/qwen25vl_3b_all_modalities_rerun/images/seq_0001__target_change_direction__line/line/seq_0001__target_change_direction__line_step_0004.png""]","[{""wavelength"": 450.0, ""concentration"": 2.0, ""path_length"": 5.0, ""absorbance"": 90.0}, {""wavelength"": 450.0, ""concentration"": 1.0, ""path_length"": 5.0, ""absorbance"": 45.0}, {""wavelength"": 400.0, ""concentration"": 1.0, ""path_length"": 5.0, ""absorbance"": 40.0}, {""wavelength"": 450.0, ""concentration"": 1.0, ""path_length"": 5.0, ""absorbance"": 45.0}, {""wavelength"": 450.0, ""concentration"": 1.0, ""path_length"": 4.0, ""absorbance"": 36.0}]"
seq_0001__target_change_direction__scatter,seq_0001,target_change_direction,change_direction,scatter,scatter,"Does absorbance increase, decrease, or stay the same from step 0 to step 4?",decrease,category,increase,False,,"{""answer"": ""increase""}","[""/results/yao314652/home/project/outputs/visual_benchmark/qwen25vl_3b_all_modalities_rerun/images/seq_0001__target_change_direction__scatter/scatter/seq_0001__target_change_direction__scatter_step_0000.png"", ""/results/yao314652/home/project/outputs/visual_benchmark/qwen25vl_3b_all_modalities_rerun/images/seq_0001__target_change_direction__scatter/scatter/seq_0001__target_change_direction__scatter_step_0001.png"", ""/results/yao314652/home/project/outputs/visual_benchmark/qwen25vl_3b_all_modalities_rerun/images/seq_0001__target_change_direction__scatter/scatter/seq_0001__target_change_direction__scatter_step_0002.png"", ""/results/yao314652/home/project/outputs/visual_benchmark/qwen25vl_3b_all_modalities_rerun/images/seq_0001__target_change_direction__scatter/scatter/seq_0001__target_change_direction__scatter_step_0003.png"", ""/results/yao314652/home/project/outputs/visual_benchmark/qwen25vl_3b_all_modalities_rerun/images/seq_0001__target_change_direction__scatter/scatter/seq_0001__target_change_direction__scatter_step_0004.png""]","[{""wavelength"": 450.0, ""concentration"": 2.0, ""path_length"": 5.0, ""absorbance"": 90.0}, {""wavelength"": 450.0, ""concentration"": 1.0, ""path_length"": 5.0, ""absorbance"": 45.0}, {""wavelength"": 400.0, ""concentration"": 1.0, ""path_length"": 5.0, ""absorbance"": 40.0}, {""wavelength"": 450.0, ""concentration"": 1.0, ""path_length"": 5.0, ""absorbance"": 45.0}, {""wavelength"": 450.0, ""concentration"": 1.0, ""path_length"": 4.0, ""absorbance"": 36.0}]"
seq_0001__target_change_direction__simulation,seq_0001,target_change_direction,change_direction,simulation,simulation,"Does absorbance increase, decrease, or stay the same from step 0 to step 4?",decrease,category,decrease,True,,"{""answer"": ""decrease""}","[""/results/yao314652/home/project/outputs/visual_benchmark/qwen25vl_3b_all_modalities_rerun/images/seq_0001__target_change_direction__simulation/simulation/step_0000.png"", ""/results/yao314652/home/project/outputs/visual_benchmark/qwen25vl_3b_all_modalities_rerun/images/seq_0001__target_change_direction__simulation/simulation/step_0001.png"", ""/results/yao314652/home/project/outputs/visual_benchmark/qwen25vl_3b_all_modalities_rerun/images/seq_0001__target_change_direction__simulation/simulation/step_0002.png"", ""/results/yao314652/home/project/outputs/visual_benchmark/qwen25vl_3b_all_modalities_rerun/images/seq_0001__target_change_direction__simulation/simulation/step_0003.png"", ""/results/yao314652/home/project/outputs/visual_benchmark/qwen25vl_3b_all_modalities_rerun/images/seq_0001__target_change_direction__simulation/simulation/step_0004.png""]","[{""wavelength"": 450.0, ""concentration"": 2.0, ""path_length"": 5.0, ""absorbance"": 90.0}, {""wavelength"": 450.0, ""concentration"": 1.0, ""path_length"": 5.0, ""absorbance"": 45.0}, {""wavelength"": 400.0, ""concentration"": 1.0, ""path_length"": 5.0, ""absorbance"": 40.0}, {""wavelength"": 450.0, ""concentration"": 1.0, ""path_length"": 5.0, ""absorbance"": 45.0}, {""wavelength"": 450.0, ""concentration"": 1.0, ""path_length"": 4.0, ""absorbance"": 36.0}]"
seq_0001__changed_variable_0_to_1__text,seq_0001,changed_variable_0_to_1,changed_variable,text,none,Which input variable changed from step 0 to step 1?,concentration,category,concentration,True,,"{
  ""answer"": ""concentration""
}",[],"[{""wavelength"": 450.0, ""concentration"": 2.0, ""path_length"": 5.0, ""absorbance"": 90.0}, {""wavelength"": 450.0, ""concentration"": 1.0, ""path_length"": 5.0, ""absorbance"": 45.0}, {""wavelength"": 400.0, ""concentration"": 1.0, ""path_length"": 5.0, ""absorbance"": 40.0}, {""wavelength"": 450.0, ""concentration"": 1.0, ""path_length"": 5.0, ""absorbance"": 45.0}, {""wavelength"": 450.0, ""concentration"": 1.0, ""path_length"": 4.0, ""absorbance"": 36.0}]"
seq_0001__changed_variable_0_to_1__bar,seq_0001,changed_variable_0_to_1,changed_variable,bar,bar,Which input variable changed from step 0 to step 1?,concentration,category,funding,False,,"{""answer"": ""funding""}","[""/results/yao314652/home/project/outputs/visual_benchmark/qwen25vl_3b_all_modalities_rerun/images/seq_0001__changed_variable_0_to_1__bar/bar/step_0000.png"", ""/results/yao314652/home/project/outputs/visual_benchmark/qwen25vl_3b_all_modalities_rerun/images/seq_0001__changed_variable_0_to_1__bar/bar/step_0001.png"", ""/results/yao314652/home/project/outputs/visual_benchmark/qwen25vl_3b_all_modalities_rerun/images/seq_0001__changed_variable_0_to_1__bar/bar/step_0002.png"", ""/results/yao314652/home/project/outputs/visual_benchmark/qwen25vl_3b_all_modalities_rerun/images/seq_0001__changed_variable_0_to_1__bar/bar/step_0003.png"", ""/results/yao314652/home/project/outputs/visual_benchmark/qwen25vl_3b_all_modalities_rerun/images/seq_0001__changed_variable_0_to_1__bar/bar/step_0004.png""]","[{""wavelength"": 450.0, ""concentration"": 2.0, ""path_length"": 5.0, ""absorbance"": 90.0}, {""wavelength"": 450.0, ""concentration"": 1.0, ""path_length"": 5.0, ""absorbance"": 45.0}, {""wavelength"": 400.0, ""concentration"": 1.0, ""path_length"": 5.0, ""absorbance"": 40.0}, {""wavelength"": 450.0, ""concentration"": 1.0, ""path_length"": 5.0, ""absorbance"": 45.0}, {""wavelength"": 450.0, ""concentration"": 1.0, ""path_length"": 4.0, ""absorbance"": 36.0}]"
seq_0001__changed_variable_0_to_1__line,seq_0001,changed_variable_0_to_1,changed_variable,line,line,Which input variable changed from step 0 to step 1?,concentration,category,a,False,,"{""answer"": ""a""}","[""/results/yao314652/home/project/outputs/visual_benchmark/qwen25vl_3b_all_modalities_rerun/images/seq_0001__changed_variable_0_to_1__line/line/seq_0001__changed_variable_0_to_1__line_step_0000.png"", ""/results/yao314652/home/project/outputs/visual_benchmark/qwen25vl_3b_all_modalities_rerun/images/seq_0001__changed_variable_0_to_1__line/line/seq_0001__changed_variable_0_to_1__line_step_0001.png"", ""/results/yao314652/home/project/outputs/visual_benchmark/qwen25vl_3b_all_modalities_rerun/images/seq_0001__changed_variable_0_to_1__line/line/seq_0001__changed_variable_0_to_1__line_step_0002.png"", ""/results/yao314652/home/project/outputs/visual_benchmark/qwen25vl_3b_all_modalities_rerun/images/seq_0001__changed_variable_0_to_1__line/line/seq_0001__changed_variable_0_to_1__line_step_0003.png"", ""/results/yao314652/home/project/outputs/visual_benchmark/qwen25vl_3b_all_modalities_rerun/images/seq_0001__changed_variable_0_to_1__line/line/seq_0001__changed_variable_0_to_1__line_step_0004.png""]","[{""wavelength"": 450.0, ""concentration"": 2.0, ""path_length"": 5.0, ""absorbance"": 90.0}, {""wavelength"": 450.0, ""concentration"": 1.0, ""path_length"": 5.0, ""absorbance"": 45.0}, {""wavelength"": 400.0, ""concentration"": 1.0, ""path_length"": 5.0, ""absorbance"": 40.0}, {""wavelength"": 450.0, ""concentration"": 1.0, ""path_length"": 5.0, ""absorbance"": 45.0}, {""wavelength"": 450.0, ""concentration"": 1.0, ""path_length"": 4.0, ""absorbance"": 36.0}]"
seq_0001__changed_variable_0_to_1__scatter,seq_0001,changed_variable_0_to_1,changed_variable,scatter,scatter,Which input variable changed from step 0 to step 1?,concentration,category,x,False,,"{""answer"": ""x""}","[""/results/yao314652/home/project/outputs/visual_benchmark/qwen25vl_3b_all_modalities_rerun/images/seq_0001__changed_variable_0_to_1__scatter/scatter/seq_0001__changed_variable_0_to_1__scatter_step_0000.png"", ""/results/yao314652/home/project/outputs/visual_benchmark/qwen25vl_3b_all_modalities_rerun/images/seq_0001__changed_variable_0_to_1__scatter/scatter/seq_0001__changed_variable_0_to_1__scatter_step_0001.png"", ""/results/yao314652/home/project/outputs/visual_benchmark/qwen25vl_3b_all_modalities_rerun/images/seq_0001__changed_variable_0_to_1__scatter/scatter/seq_0001__changed_variable_0_to_1__scatter_step_0002.png"", ""/results/yao314652/home/project/outputs/visual_benchmark/qwen25vl_3b_all_modalities_rerun/images/seq_0001__changed_variable_0_to_1__scatter/scatter/seq_0001__changed_variable_0_to_1__scatter_step_0003.png"", ""/results/yao314652/home/project/outputs/visual_benchmark/qwen25vl_3b_all_modalities_rerun/images/seq_0001__changed_variable_0_to_1__scatter/scatter/seq_0001__changed_variable_0_to_1__scatter_step_0004.png""]","[{""wavelength"": 450.0, ""concentration"": 2.0, ""path_length"": 5.0, ""absorbance"": 90.0}, {""wavelength"": 450.0, ""concentration"": 1.0, ""path_length"": 5.0, ""absorbance"": 45.0}, {""wavelength"": 400.0, ""concentration"": 1.0, ""path_length"": 5.0, ""absorbance"": 40.0}, {""wavelength"": 450.0, ""concentration"": 1.0, ""path_length"": 5.0, ""absorbance"": 45.0}, {""wavelength"": 450.0, ""concentration"": 1.0, ""path_length"": 4.0, ""absorbance"": 36.0}]"
seq_0001__changed_variable_0_to_1__simulation,seq_0001,changed_variable_0_to_1,changed_variable,simulation,simulation,Which input variable changed from step 0 to step 1?,concentration,category,volume,False,,"{""answer"": ""volume""}","[""/results/yao314652/home/project/outputs/visual_benchmark/qwen25vl_3b_all_modalities_rerun/images/seq_0001__changed_variable_0_to_1__simulation/simulation/step_0000.png"", ""/results/yao314652/home/project/outputs/visual_benchmark/qwen25vl_3b_all_modalities_rerun/images/seq_0001__changed_variable_0_to_1__simulation/simulation/step_0001.png"", ""/results/yao314652/home/project/outputs/visual_benchmark/qwen25vl_3b_all_modalities_rerun/images/seq_0001__changed_variable_0_to_1__simulation/simulation/step_0002.png"", ""/results/yao314652/home/project/outputs/visual_benchmark/qwen25vl_3b_all_modalities_rerun/images/seq_0001__changed_variable_0_to_1__simulation/simulation/step_0003.png"", ""/results/yao314652/home/project/outputs/visual_benchmark/qwen25vl_3b_all_modalities_rerun/images/seq_0001__changed_variable_0_to_1__simulation/simulation/step_0004.png""]","[{""wavelength"": 450.0, ""concentration"": 2.0, ""path_length"": 5.0, ""absorbance"": 90.0}, {""wavelength"": 450.0, ""concentration"": 1.0, ""path_length"": 5.0, ""absorbance"": 45.0}, {""wavelength"": 400.0, ""concentration"": 1.0, ""path_length"": 5.0, ""absorbance"": 40.0}, {""wavelength"": 450.0, ""concentration"": 1.0, ""path_length"": 5.0, ""absorbance"": 45.0}, {""wavelength"": 450.0, ""concentration"": 1.0, ""path_length"": 4.0, ""absorbance"": 36.0}]"
seq_0001__max_target_step__text,seq_0001,max_target_step,max_step,text,none,At which step is absorbance the highest?,0,step,0,True,,"```json
{
  ""answer"": 0
}
```",[],"[{""wavelength"": 450.0, ""concentration"": 2.0, ""path_length"": 5.0, ""absorbance"": 90.0}, {""wavelength"": 450.0, ""concentration"": 1.0, ""path_length"": 5.0, ""absorbance"": 45.0}, {""wavelength"": 400.0, ""concentration"": 1.0, ""path_length"": 5.0, ""absorbance"": 40.0}, {""wavelength"": 450.0, ""concentration"": 1.0, ""path_length"": 5.0, ""absorbance"": 45.0}, {""wavelength"": 450.0, ""concentration"": 1.0, ""path_length"": 4.0, ""absorbance"": 36.0}]"
seq_0001__max_target_step__bar,seq_0001,max_target_step,max_step,bar,bar,At which step is absorbance the highest?,0,step,[4],False,,"```json
{
    ""answer"": [4]
}
```","[""/results/yao314652/home/project/outputs/visual_benchmark/qwen25vl_3b_all_modalities_rerun/images/seq_0001__max_target_step__bar/bar/step_0000.png"", ""/results/yao314652/home/project/outputs/visual_benchmark/qwen25vl_3b_all_modalities_rerun/images/seq_0001__max_target_step__bar/bar/step_0001.png"", ""/results/yao314652/home/project/outputs/visual_benchmark/qwen25vl_3b_all_modalities_rerun/images/seq_0001__max_target_step__bar/bar/step_0002.png"", ""/results/yao314652/home/project/outputs/visual_benchmark/qwen25vl_3b_all_modalities_rerun/images/seq_0001__max_target_step__bar/bar/step_0003.png"", ""/results/yao314652/home/project/outputs/visual_benchmark/qwen25vl_3b_all_modalities_rerun/images/seq_0001__max_target_step__bar/bar/step_0004.png""]","[{""wavelength"": 450.0, ""concentration"": 2.0, ""path_length"": 5.0, ""absorbance"": 90.0}, {""wavelength"": 450.0, ""concentration"": 1.0, ""path_length"": 5.0, ""absorbance"": 45.0}, {""wavelength"": 400.0, ""concentration"": 1.0, ""path_length"": 5.0, ""absorbance"": 40.0}, {""wavelength"": 450.0, ""concentration"": 1.0, ""path_length"": 5.0, ""absorbance"": 45.0}, {""wavelength"": 450.0, ""concentration"": 1.0, ""path_length"": 4.0, ""absorbance"": 36.0}]"
seq_0001__max_target_step__line,seq_0001,max_target_step,max_step,line,line,At which step is absorbance the highest?,0,step,3,False,,"```json
{
  ""answer"": 3
}
```","[""/results/yao314652/home/project/outputs/visual_benchmark/qwen25vl_3b_all_modalities_rerun/images/seq_0001__max_target_step__line/line/seq_0001__max_target_step__line_step_0000.png"", ""/results/yao314652/home/project/outputs/visual_benchmark/qwen25vl_3b_all_modalities_rerun/images/seq_0001__max_target_step__line/line/seq_0001__max_target_step__line_step_0001.png"", ""/results/yao314652/home/project/outputs/visual_benchmark/qwen25vl_3b_all_modalities_rerun/images/seq_0001__max_target_step__line/line/seq_0001__max_target_step__line_step_0002.png"", ""/results/yao314652/home/project/outputs/visual_benchmark/qwen25vl_3b_all_modalities_rerun/images/seq_0001__max_target_step__line/line/seq_0001__max_target_step__line_step_0003.png"", ""/results/yao314652/home/project/outputs/visual_benchmark/qwen25vl_3b_all_modalities_rerun/images/seq_0001__max_target_step__line/line/seq_0001__max_target_step__line_step_0004.png""]","[{""wavelength"": 450.0, ""concentration"": 2.0, ""path_length"": 5.0, ""absorbance"": 90.0}, {""wavelength"": 450.0, ""concentration"": 1.0, ""path_length"": 5.0, ""absorbance"": 45.0}, {""wavelength"": 400.0, ""concentration"": 1.0, ""path_length"": 5.0, ""absorbance"": 40.0}, {""wavelength"": 450.0, ""concentration"": 1.0, ""path_length"": 5.0, ""absorbance"": 45.0}, {""wavelength"": 450.0, ""concentration"": 1.0, ""path_length"": 4.0, ""absorbance"": 36.0}]"
seq_0001__max_target_step__scatter,seq_0001,max_target_step,max_step,scatter,scatter,At which step is absorbance the highest?,0,step,4,False,,"```json
{
  ""answer"": 4
}
```","[""/results/yao314652/home/project/outputs/visual_benchmark/qwen25vl_3b_all_modalities_rerun/images/seq_0001__max_target_step__scatter/scatter/seq_0001__max_target_step__scatter_step_0000.png"", ""/results/yao314652/home/project/outputs/visual_benchmark/qwen25vl_3b_all_modalities_rerun/images/seq_0001__max_target_step__scatter/scatter/seq_0001__max_target_step__scatter_step_0001.png"", ""/results/yao314652/home/project/outputs/visual_benchmark/qwen25vl_3b_all_modalities_rerun/images/seq_0001__max_target_step__scatter/scatter/seq_0001__max_target_step__scatter_step_0002.png"", ""/results/yao314652/home/project/outputs/visual_benchmark/qwen25vl_3b_all_modalities_rerun/images/seq_0001__max_target_step__scatter/scatter/seq_0001__max_target_step__scatter_step_0003.png"", ""/results/yao314652/home/project/outputs/visual_benchmark/qwen25vl_3b_all_modalities_rerun/images/seq_0001__max_target_step__scatter/scatter/seq_0001__max_target_step__scatter_step_0004.png""]","[{""wavelength"": 450.0, ""concentration"": 2.0, ""path_length"": 5.0, ""absorbance"": 90.0}, {""wavelength"": 450.0, ""concentration"": 1.0, ""path_length"": 5.0, ""absorbance"": 45.0}, {""wavelength"": 400.0, ""concentration"": 1.0, ""path_length"": 5.0, ""absorbance"": 40.0}, {""wavelength"": 450.0, ""concentration"": 1.0, ""path_length"": 5.0, ""absorbance"": 45.0}, {""wavelength"": 450.0, ""concentration"": 1.0, ""path_length"": 4.0, ""absorbance"": 36.0}]"
seq_0001__max_target_step__simulation,seq_0001,max_target_step,max_step,simulation,simulation,At which step is absorbance the highest?,0,step,[1],False,,"```json
{
    ""answer"": [1]
}
```","[""/results/yao314652/home/project/outputs/visual_benchmark/qwen25vl_3b_all_modalities_rerun/images/seq_0001__max_target_step__simulation/simulation/step_0000.png"", ""/results/yao314652/home/project/outputs/visual_benchmark/qwen25vl_3b_all_modalities_rerun/images/seq_0001__max_target_step__simulation/simulation/step_0001.png"", ""/results/yao314652/home/project/outputs/visual_benchmark/qwen25vl_3b_all_modalities_rerun/images/seq_0001__max_target_step__simulation/simulation/step_0002.png"", ""/results/yao314652/home/project/outputs/visual_benchmark/qwen25vl_3b_all_modalities_rerun/images/seq_0001__max_target_step__simulation/simulation/step_0003.png"", ""/results/yao314652/home/project/outputs/visual_benchmark/qwen25vl_3b_all_modalities_rerun/images/seq_0001__max_target_step__simulation/simulation/step_0004.png""]","[{""wavelength"": 450.0, ""concentration"": 2.0, ""path_length"": 5.0, ""absorbance"": 90.0}, {""wavelength"": 450.0, ""concentration"": 1.0, ""path_length"": 5.0, ""absorbance"": 45.0}, {""wavelength"": 400.0, ""concentration"": 1.0, ""path_length"": 5.0, ""absorbance"": 40.0}, {""wavelength"": 450.0, ""concentration"": 1.0, ""path_length"": 5.0, ""absorbance"": 45.0}, {""wavelength"": 450.0, ""concentration"": 1.0, ""path_length"": 4.0, ""absorbance"": 36.0}]"
seq_0001__largest_target_drop_step__text,seq_0001,largest_target_drop_step,largest_drop_step,text,none,"At which step does absorbance show the largest drop compared with the previous step? If it never drops, answer none.",1,step_or_none,3,False,,"```json
{
  ""answer"": ""3""
}
```",[],"[{""wavelength"": 450.0, ""concentration"": 2.0, ""path_length"": 5.0, ""absorbance"": 90.0}, {""wavelength"": 450.0, ""concentration"": 1.0, ""path_length"": 5.0, ""absorbance"": 45.0}, {""wavelength"": 400.0, ""concentration"": 1.0, ""path_length"": 5.0, ""absorbance"": 40.0}, {""wavelength"": 450.0, ""concentration"": 1.0, ""path_length"": 5.0, ""absorbance"": 45.0}, {""wavelength"": 450.0, ""concentration"": 1.0, ""path_length"": 4.0, ""absorbance"": 36.0}]"
seq_0001__largest_target_drop_step__bar,seq_0001,largest_target_drop_step,largest_drop_step,bar,bar,"At which step does absorbance show the largest drop compared with the previous step? If it never drops, answer none.",1,step_or_none,0,False,,"```json
{
    ""answer"": ""0""
}
```","[""/results/yao314652/home/project/outputs/visual_benchmark/qwen25vl_3b_all_modalities_rerun/images/seq_0001__largest_target_drop_step__bar/bar/step_0000.png"", ""/results/yao314652/home/project/outputs/visual_benchmark/qwen25vl_3b_all_modalities_rerun/images/seq_0001__largest_target_drop_step__bar/bar/step_0001.png"", ""/results/yao314652/home/project/outputs/visual_benchmark/qwen25vl_3b_all_modalities_rerun/images/seq_0001__largest_target_drop_step__bar/bar/step_0002.png"", ""/results/yao314652/home/project/outputs/visual_benchmark/qwen25vl_3b_all_modalities_rerun/images/seq_0001__largest_target_drop_step__bar/bar/step_0003.png"", ""/results/yao314652/home/project/outputs/visual_benchmark/qwen25vl_3b_all_modalities_rerun/images/seq_0001__largest_target_drop_step__bar/bar/step_0004.png""]","[{""wavelength"": 450.0, ""concentration"": 2.0, ""path_length"": 5.0, ""absorbance"": 90.0}, {""wavelength"": 450.0, ""concentration"": 1.0, ""path_length"": 5.0, ""absorbance"": 45.0}, {""wavelength"": 400.0, ""concentration"": 1.0, ""path_length"": 5.0, ""absorbance"": 40.0}, {""wavelength"": 450.0, ""concentration"": 1.0, ""path_length"": 5.0, ""absorbance"": 45.0}, {""wavelength"": 450.0, ""concentration"": 1.0, ""path_length"": 4.0, ""absorbance"": 36.0}]"
seq_0001__largest_target_drop_step__line,seq_0001,largest_target_drop_step,largest_drop_step,line,line,"At which step does absorbance show the largest drop compared with the previous step? If it never drops, answer none.",1,step_or_none,4,False,,"```json
{
  ""answer"": ""4""
}
```","[""/results/yao314652/home/project/outputs/visual_benchmark/qwen25vl_3b_all_modalities_rerun/images/seq_0001__largest_target_drop_step__line/line/seq_0001__largest_target_drop_step__line_step_0000.png"", ""/results/yao314652/home/project/outputs/visual_benchmark/qwen25vl_3b_all_modalities_rerun/images/seq_0001__largest_target_drop_step__line/line/seq_0001__largest_target_drop_step__line_step_0001.png"", ""/results/yao314652/home/project/outputs/visual_benchmark/qwen25vl_3b_all_modalities_rerun/images/seq_0001__largest_target_drop_step__line/line/seq_0001__largest_target_drop_step__line_step_0002.png"", ""/results/yao314652/home/project/outputs/visual_benchmark/qwen25vl_3b_all_modalities_rerun/images/seq_0001__largest_target_drop_step__line/line/seq_0001__largest_target_drop_step__line_step_0003.png"", ""/results/yao314652/home/project/outputs/visual_benchmark/qwen25vl_3b_all_modalities_rerun/images/seq_0001__largest_target_drop_step__line/line/seq_0001__largest_target_drop_step__line_step_0004.png""]","[{""wavelength"": 450.0, ""concentration"": 2.0, ""path_length"": 5.0, ""absorbance"": 90.0}, {""wavelength"": 450.0, ""concentration"": 1.0, ""path_length"": 5.0, ""absorbance"": 45.0}, {""wavelength"": 400.0, ""concentration"": 1.0, ""path_length"": 5.0, ""absorbance"": 40.0}, {""wavelength"": 450.0, ""concentration"": 1.0, ""path_length"": 5.0, ""absorbance"": 45.0}, {""wavelength"": 450.0, ""concentration"": 1.0, ""path_length"": 4.0, ""absorbance"": 36.0}]"
seq_0001__largest_target_drop_step__scatter,seq_0001,largest_target_drop_step,largest_drop_step,scatter,scatter,"At which step does absorbance show the largest drop compared with the previous step? If it never drops, answer none.",1,step_or_none,4,False,,"```json
{
  ""answer"": ""4""
}
```","[""/results/yao314652/home/project/outputs/visual_benchmark/qwen25vl_3b_all_modalities_rerun/images/seq_0001__largest_target_drop_step__scatter/scatter/seq_0001__largest_target_drop_step__scatter_step_0000.png"", ""/results/yao314652/home/project/outputs/visual_benchmark/qwen25vl_3b_all_modalities_rerun/images/seq_0001__largest_target_drop_step__scatter/scatter/seq_0001__largest_target_drop_step__scatter_step_0001.png"", ""/results/yao314652/home/project/outputs/visual_benchmark/qwen25vl_3b_all_modalities_rerun/images/seq_0001__largest_target_drop_step__scatter/scatter/seq_0001__largest_target_drop_step__scatter_step_0002.png"", ""/results/yao314652/home/project/outputs/visual_benchmark/qwen25vl_3b_all_modalities_rerun/images/seq_0001__largest_target_drop_step__scatter/scatter/seq_0001__largest_target_drop_step__scatter_step_0003.png"", ""/results/yao314652/home/project/outputs/visual_benchmark/qwen25vl_3b_all_modalities_rerun/images/seq_0001__largest_target_drop_step__scatter/scatter/seq_0001__largest_target_drop_step__scatter_step_0004.png""]","[{""wavelength"": 450.0, ""concentration"": 2.0, ""path_length"": 5.0, ""absorbance"": 90.0}, {""wavelength"": 450.0, ""concentration"": 1.0, ""path_length"": 5.0, ""absorbance"": 45.0}, {""wavelength"": 400.0, ""concentration"": 1.0, ""path_length"": 5.0, ""absorbance"": 40.0}, {""wavelength"": 450.0, ""concentration"": 1.0, ""path_length"": 5.0, ""absorbance"": 45.0}, {""wavelength"": 450.0, ""concentration"": 1.0, ""path_length"": 4.0, ""absorbance"": 36.0}]"
seq_0001__largest_target_drop_step__simulation,seq_0001,largest_target_drop_step,largest_drop_step,simulation,simulation,"At which step does absorbance show the largest drop compared with the previous step? If it never drops, answer none.",1,step_or_none,1,True,,"```json
{
    ""answer"": ""1""
}
```","[""/results/yao314652/home/project/outputs/visual_benchmark/qwen25vl_3b_all_modalities_rerun/images/seq_0001__largest_target_drop_step__simulation/simulation/step_0000.png"", ""/results/yao314652/home/project/outputs/visual_benchmark/qwen25vl_3b_all_modalities_rerun/images/seq_0001__largest_target_drop_step__simulation/simulation/step_0001.png"", ""/results/yao314652/home/project/outputs/visual_benchmark/qwen25vl_3b_all_modalities_rerun/images/seq_0001__largest_target_drop_step__simulation/simulation/step_0002.png"", ""/results/yao314652/home/project/outputs/visual_benchmark/qwen25vl_3b_all_modalities_rerun/images/seq_0001__largest_target_drop_step__simulation/simulation/step_0003.png"", ""/results/yao314652/home/project/outputs/visual_benchmark/qwen25vl_3b_all_modalities_rerun/images/seq_0001__largest_target_drop_step__simulation/simulation/step_0004.png""]","[{""wavelength"": 450.0, ""concentration"": 2.0, ""path_length"": 5.0, ""absorbance"": 90.0}, {""wavelength"": 450.0, ""concentration"": 1.0, ""path_length"": 5.0, ""absorbance"": 45.0}, {""wavelength"": 400.0, ""concentration"": 1.0, ""path_length"": 5.0, ""absorbance"": 40.0}, {""wavelength"": 450.0, ""concentration"": 1.0, ""path_length"": 5.0, ""absorbance"": 45.0}, {""wavelength"": 450.0, ""concentration"": 1.0, ""path_length"": 4.0, ""absorbance"": 36.0}]"
seq_0002__read_last_target__text,seq_0002,read_last_target,value_at_step,text,none,What is the value of absorbance at step 4?,32.0,number,32,True,0.0,"```json
{
  ""answer"": 32
}
```",[],"[{""wavelength"": 500.0, ""concentration"": 2.0, ""path_length"": 2.0, ""absorbance"": 40.0}, {""wavelength"": 500.0, ""concentration"": 2.0, ""path_length"": 1.0, ""absorbance"": 20.0}, {""wavelength"": 500.0, ""concentration"": 2.0, ""path_length"": 2.0, ""absorbance"": 40.0}, {""wavelength"": 450.0, ""concentration"": 2.0, ""path_length"": 2.0, ""absorbance"": 36.0}, {""wavelength"": 400.0, ""concentration"": 2.0, ""path_length"": 2.0, ""absorbance"": 32.0}]"
seq_0002__read_last_target__bar,seq_0002,read_last_target,value_at_step,bar,bar,What is the value of absorbance at step 4?,32.0,number,318,False,286.0,"```json
{
    ""answer"": 318
}
```","[""/results/yao314652/home/project/outputs/visual_benchmark/qwen25vl_3b_all_modalities_rerun/images/seq_0002__read_last_target__bar/bar/step_0000.png"", ""/results/yao314652/home/project/outputs/visual_benchmark/qwen25vl_3b_all_modalities_rerun/images/seq_0002__read_last_target__bar/bar/step_0001.png"", ""/results/yao314652/home/project/outputs/visual_benchmark/qwen25vl_3b_all_modalities_rerun/images/seq_0002__read_last_target__bar/bar/step_0002.png"", ""/results/yao314652/home/project/outputs/visual_benchmark/qwen25vl_3b_all_modalities_rerun/images/seq_0002__read_last_target__bar/bar/step_0003.png"", ""/results/yao314652/home/project/outputs/visual_benchmark/qwen25vl_3b_all_modalities_rerun/images/seq_0002__read_last_target__bar/bar/step_0004.png""]","[{""wavelength"": 500.0, ""concentration"": 2.0, ""path_length"": 2.0, ""absorbance"": 40.0}, {""wavelength"": 500.0, ""concentration"": 2.0, ""path_length"": 1.0, ""absorbance"": 20.0}, {""wavelength"": 500.0, ""concentration"": 2.0, ""path_length"": 2.0, ""absorbance"": 40.0}, {""wavelength"": 450.0, ""concentration"": 2.0, ""path_length"": 2.0, ""absorbance"": 36.0}, {""wavelength"": 400.0, ""concentration"": 2.0, ""path_length"": 2.0, ""absorbance"": 32.0}]"
seq_0002__read_last_target__line,seq_0002,read_last_target,value_at_step,line,line,What is the value of absorbance at step 4?,32.0,number,0.298,False,31.702,"```json
{
    ""answer"": 0.298
}
```","[""/results/yao314652/home/project/outputs/visual_benchmark/qwen25vl_3b_all_modalities_rerun/images/seq_0002__read_last_target__line/line/seq_0002__read_last_target__line_step_0000.png"", ""/results/yao314652/home/project/outputs/visual_benchmark/qwen25vl_3b_all_modalities_rerun/images/seq_0002__read_last_target__line/line/seq_0002__read_last_target__line_step_0001.png"", ""/results/yao314652/home/project/outputs/visual_benchmark/qwen25vl_3b_all_modalities_rerun/images/seq_0002__read_last_target__line/line/seq_0002__read_last_target__line_step_0002.png"", ""/results/yao314652/home/project/outputs/visual_benchmark/qwen25vl_3b_all_modalities_rerun/images/seq_0002__read_last_target__line/line/seq_0002__read_last_target__line_step_0003.png"", ""/results/yao314652/home/project/outputs/visual_benchmark/qwen25vl_3b_all_modalities_rerun/images/seq_0002__read_last_target__line/line/seq_0002__read_last_target__line_step_0004.png""]","[{""wavelength"": 500.0, ""concentration"": 2.0, ""path_length"": 2.0, ""absorbance"": 40.0}, {""wavelength"": 500.0, ""concentration"": 2.0, ""path_length"": 1.0, ""absorbance"": 20.0}, {""wavelength"": 500.0, ""concentration"": 2.0, ""path_length"": 2.0, ""absorbance"": 40.0}, {""wavelength"": 450.0, ""concentration"": 2.0, ""path_length"": 2.0, ""absorbance"": 36.0}, {""wavelength"": 400.0, ""concentration"": 2.0, ""path_length"": 2.0, ""absorbance"": 32.0}]"
seq_0002__read_last_target__scatter,seq_0002,read_last_target,value_at_step,scatter,scatter,What is the value of absorbance at step 4?,32.0,number,0.273691,False,31.726309,"```json
{
    ""answer"": 0.273691
}
```","[""/results/yao314652/home/project/outputs/visual_benchmark/qwen25vl_3b_all_modalities_rerun/images/seq_0002__read_last_target__scatter/scatter/seq_0002__read_last_target__scatter_step_0000.png"", ""/results/yao314652/home/project/outputs/visual_benchmark/qwen25vl_3b_all_modalities_rerun/images/seq_0002__read_last_target__scatter/scatter/seq_0002__read_last_target__scatter_step_0001.png"", ""/results/yao314652/home/project/outputs/visual_benchmark/qwen25vl_3b_all_modalities_rerun/images/seq_0002__read_last_target__scatter/scatter/seq_0002__read_last_target__scatter_step_0002.png"", ""/results/yao314652/home/project/outputs/visual_benchmark/qwen25vl_3b_all_modalities_rerun/images/seq_0002__read_last_target__scatter/scatter/seq_0002__read_last_target__scatter_step_0003.png"", ""/results/yao314652/home/project/outputs/visual_benchmark/qwen25vl_3b_all_modalities_rerun/images/seq_0002__read_last_target__scatter/scatter/seq_0002__read_last_target__scatter_step_0004.png""]","[{""wavelength"": 500.0, ""concentration"": 2.0, ""path_length"": 2.0, ""absorbance"": 40.0}, {""wavelength"": 500.0, ""concentration"": 2.0, ""path_length"": 1.0, ""absorbance"": 20.0}, {""wavelength"": 500.0, ""concentration"": 2.0, ""path_length"": 2.0, ""absorbance"": 40.0}, {""wavelength"": 450.0, ""concentration"": 2.0, ""path_length"": 2.0, ""absorbance"": 36.0}, {""wavelength"": 400.0, ""concentration"": 2.0, ""path_length"": 2.0, ""absorbance"": 32.0}]"
seq_0002__read_last_target__simulation,seq_0002,read_last_target,value_at_step,simulation,simulation,What is the value of absorbance at step 4?,32.0,number,1023,False,991.0,"```json
{
  ""answer"": 1023
}
```","[""/results/yao314652/home/project/outputs/visual_benchmark/qwen25vl_3b_all_modalities_rerun/images/seq_0002__read_last_target__simulation/simulation/step_0000.png"", ""/results/yao314652/home/project/outputs/visual_benchmark/qwen25vl_3b_all_modalities_rerun/images/seq_0002__read_last_target__simulation/simulation/step_0001.png"", ""/results/yao314652/home/project/outputs/visual_benchmark/qwen25vl_3b_all_modalities_rerun/images/seq_0002__read_last_target__simulation/simulation/step_0002.png"", ""/results/yao314652/home/project/outputs/visual_benchmark/qwen25vl_3b_all_modalities_rerun/images/seq_0002__read_last_target__simulation/simulation/step_0003.png"", ""/results/yao314652/home/project/outputs/visual_benchmark/qwen25vl_3b_all_modalities_rerun/images/seq_0002__read_last_target__simulation/simulation/step_0004.png""]","[{""wavelength"": 500.0, ""concentration"": 2.0, ""path_length"": 2.0, ""absorbance"": 40.0}, {""wavelength"": 500.0, ""concentration"": 2.0, ""path_length"": 1.0, ""absorbance"": 20.0}, {""wavelength"": 500.0, ""concentration"": 2.0, ""path_length"": 2.0, ""absorbance"": 40.0}, {""wavelength"": 450.0, ""concentration"": 2.0, ""path_length"": 2.0, ""absorbance"": 36.0}, {""wavelength"": 400.0, ""concentration"": 2.0, ""path_length"": 2.0, ""absorbance"": 32.0}]"
seq_0002__target_change_amount__text,seq_0002,target_change_amount,change_amount,text,none,By how much does absorbance change from step 0 to step 4?,-8.0,number,8,False,16.0,"```json
{
  ""answer"": 8
}
```",[],"[{""wavelength"": 500.0, ""concentration"": 2.0, ""path_length"": 2.0, ""absorbance"": 40.0}, {""wavelength"": 500.0, ""concentration"": 2.0, ""path_length"": 1.0, ""absorbance"": 20.0}, {""wavelength"": 500.0, ""concentration"": 2.0, ""path_length"": 2.0, ""absorbance"": 40.0}, {""wavelength"": 450.0, ""concentration"": 2.0, ""path_length"": 2.0, ""absorbance"": 36.0}, {""wavelength"": 400.0, ""concentration"": 2.0, ""path_length"": 2.0, ""absorbance"": 32.0}]"
seq_0002__target_change_amount__bar,seq_0002,target_change_amount,change_amount,bar,bar,By how much does absorbance change from step 0 to step 4?,-8.0,number,3.72,False,11.72,"```json
{
    ""answer"": 3.72
}
```","[""/results/yao314652/home/project/outputs/visual_benchmark/qwen25vl_3b_all_modalities_rerun/images/seq_0002__target_change_amount__bar/bar/step_0000.png"", ""/results/yao314652/home/project/outputs/visual_benchmark/qwen25vl_3b_all_modalities_rerun/images/seq_0002__target_change_amount__bar/bar/step_0001.png"", ""/results/yao314652/home/project/outputs/visual_benchmark/qwen25vl_3b_all_modalities_rerun/images/seq_0002__target_change_amount__bar/bar/step_0002.png"", ""/results/yao314652/home/project/outputs/visual_benchmark/qwen25vl_3b_all_modalities_rerun/images/seq_0002__target_change_amount__bar/bar/step_0003.png"", ""/results/yao314652/home/project/outputs/visual_benchmark/qwen25vl_3b_all_modalities_rerun/images/seq_0002__target_change_amount__bar/bar/step_0004.png""]","[{""wavelength"": 500.0, ""concentration"": 2.0, ""path_length"": 2.0, ""absorbance"": 40.0}, {""wavelength"": 500.0, ""concentration"": 2.0, ""path_length"": 1.0, ""absorbance"": 20.0}, {""wavelength"": 500.0, ""concentration"": 2.0, ""path_length"": 2.0, ""absorbance"": 40.0}, {""wavelength"": 450.0, ""concentration"": 2.0, ""path_length"": 2.0, ""absorbance"": 36.0}, {""wavelength"": 400.0, ""concentration"": 2.0, ""path_length"": 2.0, ""absorbance"": 32.0}]"
seq_0002__target_change_amount__line,seq_0002,target_change_amount,change_amount,line,line,By how much does absorbance change from step 0 to step 4?,-8.0,number,0.1234,False,8.1234,"```json
{
    ""answer"": 0.1234
}
```","[""/results/yao314652/home/project/outputs/visual_benchmark/qwen25vl_3b_all_modalities_rerun/images/seq_0002__target_change_amount__line/line/seq_0002__target_change_amount__line_step_0000.png"", ""/results/yao314652/home/project/outputs/visual_benchmark/qwen25vl_3b_all_modalities_rerun/images/seq_0002__target_change_amount__line/line/seq_0002__target_change_amount__line_step_0001.png"", ""/results/yao314652/home/project/outputs/visual_benchmark/qwen25vl_3b_all_modalities_rerun/images/seq_0002__target_change_amount__line/line/seq_0002__target_change_amount__line_step_0002.png"", ""/results/yao314652/home/project/outputs/visual_benchmark/qwen25vl_3b_all_modalities_rerun/images/seq_0002__target_change_amount__line/line/seq_0002__target_change_amount__line_step_0003.png"", ""/results/yao314652/home/project/outputs/visual_benchmark/qwen25vl_3b_all_modalities_rerun/images/seq_0002__target_change_amount__line/line/seq_0002__target_change_amount__line_step_0004.png""]","[{""wavelength"": 500.0, ""concentration"": 2.0, ""path_length"": 2.0, ""absorbance"": 40.0}, {""wavelength"": 500.0, ""concentration"": 2.0, ""path_length"": 1.0, ""absorbance"": 20.0}, {""wavelength"": 500.0, ""concentration"": 2.0, ""path_length"": 2.0, ""absorbance"": 40.0}, {""wavelength"": 450.0, ""concentration"": 2.0, ""path_length"": 2.0, ""absorbance"": 36.0}, {""wavelength"": 400.0, ""concentration"": 2.0, ""path_length"": 2.0, ""absorbance"": 32.0}]"
seq_0002__target_change_amount__scatter,seq_0002,target_change_amount,change_amount,scatter,scatter,By how much does absorbance change from step 0 to step 4?,-8.0,number,0.36,False,8.36,"```json
{
    ""answer"": 0.36
}
```","[""/results/yao314652/home/project/outputs/visual_benchmark/qwen25vl_3b_all_modalities_rerun/images/seq_0002__target_change_amount__scatter/scatter/seq_0002__target_change_amount__scatter_step_0000.png"", ""/results/yao314652/home/project/outputs/visual_benchmark/qwen25vl_3b_all_modalities_rerun/images/seq_0002__target_change_amount__scatter/scatter/seq_0002__target_change_amount__scatter_step_0001.png"", ""/results/yao314652/home/project/outputs/visual_benchmark/qwen25vl_3b_all_modalities_rerun/images/seq_0002__target_change_amount__scatter/scatter/seq_0002__target_change_amount__scatter_step_0002.png"", ""/results/yao314652/home/project/outputs/visual_benchmark/qwen25vl_3b_all_modalities_rerun/images/seq_0002__target_change_amount__scatter/scatter/seq_0002__target_change_amount__scatter_step_0003.png"", ""/results/yao314652/home/project/outputs/visual_benchmark/qwen25vl_3b_all_modalities_rerun/images/seq_0002__target_change_amount__scatter/scatter/seq_0002__target_change_amount__scatter_step_0004.png""]","[{""wavelength"": 500.0, ""concentration"": 2.0, ""path_length"": 2.0, ""absorbance"": 40.0}, {""wavelength"": 500.0, ""concentration"": 2.0, ""path_length"": 1.0, ""absorbance"": 20.0}, {""wavelength"": 500.0, ""concentration"": 2.0, ""path_length"": 2.0, ""absorbance"": 40.0}, {""wavelength"": 450.0, ""concentration"": 2.0, ""path_length"": 2.0, ""absorbance"": 36.0}, {""wavelength"": 400.0, ""concentration"": 2.0, ""path_length"": 2.0, ""absorbance"": 32.0}]"
seq_0002__target_change_amount__simulation,seq_0002,target_change_amount,change_amount,simulation,simulation,By how much does absorbance change from step 0 to step 4?,-8.0,number,0.086,False,8.086,"```json
{
  ""answer"": 0.086
}
```","[""/results/yao314652/home/project/outputs/visual_benchmark/qwen25vl_3b_all_modalities_rerun/images/seq_0002__target_change_amount__simulation/simulation/step_0000.png"", ""/results/yao314652/home/project/outputs/visual_benchmark/qwen25vl_3b_all_modalities_rerun/images/seq_0002__target_change_amount__simulation/simulation/step_0001.png"", ""/results/yao314652/home/project/outputs/visual_benchmark/qwen25vl_3b_all_modalities_rerun/images/seq_0002__target_change_amount__simulation/simulation/step_0002.png"", ""/results/yao314652/home/project/outputs/visual_benchmark/qwen25vl_3b_all_modalities_rerun/images/seq_0002__target_change_amount__simulation/simulation/step_0003.png"", ""/results/yao314652/home/project/outputs/visual_benchmark/qwen25vl_3b_all_modalities_rerun/images/seq_0002__target_change_amount__simulation/simulation/step_0004.png""]","[{""wavelength"": 500.0, ""concentration"": 2.0, ""path_length"": 2.0, ""absorbance"": 40.0}, {""wavelength"": 500.0, ""concentration"": 2.0, ""path_length"": 1.0, ""absorbance"": 20.0}, {""wavelength"": 500.0, ""concentration"": 2.0, ""path_length"": 2.0, ""absorbance"": 40.0}, {""wavelength"": 450.0, ""concentration"": 2.0, ""path_length"": 2.0, ""absorbance"": 36.0}, {""wavelength"": 400.0, ""concentration"": 2.0, ""path_length"": 2.0, ""absorbance"": 32.0}]"
seq_0002__target_change_direction__text,seq_0002,target_change_direction,change_direction,text,none,"Does absorbance increase, decrease, or stay the same from step 0 to step 4?",decrease,category,decrease,True,,"```json
{
  ""answer"": ""decrease""
}
```",[],"[{""wavelength"": 500.0, ""concentration"": 2.0, ""path_length"": 2.0, ""absorbance"": 40.0}, {""wavelength"": 500.0, ""concentration"": 2.0, ""path_length"": 1.0, ""absorbance"": 20.0}, {""wavelength"": 500.0, ""concentration"": 2.0, ""path_length"": 2.0, ""absorbance"": 40.0}, {""wavelength"": 450.0, ""concentration"": 2.0, ""path_length"": 2.0, ""absorbance"": 36.0}, {""wavelength"": 400.0, ""concentration"": 2.0, ""path_length"": 2.0, ""absorbance"": 32.0}]"
seq_0002__target_change_direction__bar,seq_0002,target_change_direction,change_direction,bar,bar,"Does absorbance increase, decrease, or stay the same from step 0 to step 4?",decrease,category,decrease,True,,"```json
{
  ""answer"": ""decrease""
}
```","[""/results/yao314652/home/project/outputs/visual_benchmark/qwen25vl_3b_all_modalities_rerun/images/seq_0002__target_change_direction__bar/bar/step_0000.png"", ""/results/yao314652/home/project/outputs/visual_benchmark/qwen25vl_3b_all_modalities_rerun/images/seq_0002__target_change_direction__bar/bar/step_0001.png"", ""/results/yao314652/home/project/outputs/visual_benchmark/qwen25vl_3b_all_modalities_rerun/images/seq_0002__target_change_direction__bar/bar/step_0002.png"", ""/results/yao314652/home/project/outputs/visual_benchmark/qwen25vl_3b_all_modalities_rerun/images/seq_0002__target_change_direction__bar/bar/step_0003.png"", ""/results/yao314652/home/project/outputs/visual_benchmark/qwen25vl_3b_all_modalities_rerun/images/seq_0002__target_change_direction__bar/bar/step_0004.png""]","[{""wavelength"": 500.0, ""concentration"": 2.0, ""path_length"": 2.0, ""absorbance"": 40.0}, {""wavelength"": 500.0, ""concentration"": 2.0, ""path_length"": 1.0, ""absorbance"": 20.0}, {""wavelength"": 500.0, ""concentration"": 2.0, ""path_length"": 2.0, ""absorbance"": 40.0}, {""wavelength"": 450.0, ""concentration"": 2.0, ""path_length"": 2.0, ""absorbance"": 36.0}, {""wavelength"": 400.0, ""concentration"": 2.0, ""path_length"": 2.0, ""absorbance"": 32.0}]"
seq_0002__target_change_direction__line,seq_0002,target_change_direction,change_direction,line,line,"Does absorbance increase, decrease, or stay the same from step 0 to step 4?",decrease,category,decrease,True,,"```json
{
  ""answer"": ""decrease""
}
```","[""/results/yao314652/home/project/outputs/visual_benchmark/qwen25vl_3b_all_modalities_rerun/images/seq_0002__target_change_direction__line/line/seq_0002__target_change_direction__line_step_0000.png"", ""/results/yao314652/home/project/outputs/visual_benchmark/qwen25vl_3b_all_modalities_rerun/images/seq_0002__target_change_direction__line/line/seq_0002__target_change_direction__line_step_0001.png"", ""/results/yao314652/home/project/outputs/visual_benchmark/qwen25vl_3b_all_modalities_rerun/images/seq_0002__target_change_direction__line/line/seq_0002__target_change_direction__line_step_0002.png"", ""/results/yao314652/home/project/outputs/visual_benchmark/qwen25vl_3b_all_modalities_rerun/images/seq_0002__target_change_direction__line/line/seq_0002__target_change_direction__line_step_0003.png"", ""/results/yao314652/home/project/outputs/visual_benchmark/qwen25vl_3b_all_modalities_rerun/images/seq_0002__target_change_direction__line/line/seq_0002__target_change_direction__line_step_0004.png""]","[{""wavelength"": 500.0, ""concentration"": 2.0, ""path_length"": 2.0, ""absorbance"": 40.0}, {""wavelength"": 500.0, ""concentration"": 2.0, ""path_length"": 1.0, ""absorbance"": 20.0}, {""wavelength"": 500.0, ""concentration"": 2.0, ""path_length"": 2.0, ""absorbance"": 40.0}, {""wavelength"": 450.0, ""concentration"": 2.0, ""path_length"": 2.0, ""absorbance"": 36.0}, {""wavelength"": 400.0, ""concentration"": 2.0, ""path_length"": 2.0, ""absorbance"": 32.0}]"
seq_0002__target_change_direction__scatter,seq_0002,target_change_direction,change_direction,scatter,scatter,"Does absorbance increase, decrease, or stay the same from step 0 to step 4?",decrease,category,decrease,True,,"{""answer"": ""decrease""}","[""/results/yao314652/home/project/outputs/visual_benchmark/qwen25vl_3b_all_modalities_rerun/images/seq_0002__target_change_direction__scatter/scatter/seq_0002__target_change_direction__scatter_step_0000.png"", ""/results/yao314652/home/project/outputs/visual_benchmark/qwen25vl_3b_all_modalities_rerun/images/seq_0002__target_change_direction__scatter/scatter/seq_0002__target_change_direction__scatter_step_0001.png"", ""/results/yao314652/home/project/outputs/visual_benchmark/qwen25vl_3b_all_modalities_rerun/images/seq_0002__target_change_direction__scatter/scatter/seq_0002__target_change_direction__scatter_step_0002.png"", ""/results/yao314652/home/project/outputs/visual_benchmark/qwen25vl_3b_all_modalities_rerun/images/seq_0002__target_change_direction__scatter/scatter/seq_0002__target_change_direction__scatter_step_0003.png"", ""/results/yao314652/home/project/outputs/visual_benchmark/qwen25vl_3b_all_modalities_rerun/images/seq_0002__target_change_direction__scatter/scatter/seq_0002__target_change_direction__scatter_step_0004.png""]","[{""wavelength"": 500.0, ""concentration"": 2.0, ""path_length"": 2.0, ""absorbance"": 40.0}, {""wavelength"": 500.0, ""concentration"": 2.0, ""path_length"": 1.0, ""absorbance"": 20.0}, {""wavelength"": 500.0, ""concentration"": 2.0, ""path_length"": 2.0, ""absorbance"": 40.0}, {""wavelength"": 450.0, ""concentration"": 2.0, ""path_length"": 2.0, ""absorbance"": 36.0}, {""wavelength"": 400.0, ""concentration"": 2.0, ""path_length"": 2.0, ""absorbance"": 32.0}]"
seq_0002__target_change_direction__simulation,seq_0002,target_change_direction,change_direction,simulation,simulation,"Does absorbance increase, decrease, or stay the same from step 0 to step 4?",decrease,category,decrease,True,,"{""answer"": ""decrease""}","[""/results/yao314652/home/project/outputs/visual_benchmark/qwen25vl_3b_all_modalities_rerun/images/seq_0002__target_change_direction__simulation/simulation/step_0000.png"", ""/results/yao314652/home/project/outputs/visual_benchmark/qwen25vl_3b_all_modalities_rerun/images/seq_0002__target_change_direction__simulation/simulation/step_0001.png"", ""/results/yao314652/home/project/outputs/visual_benchmark/qwen25vl_3b_all_modalities_rerun/images/seq_0002__target_change_direction__simulation/simulation/step_0002.png"", ""/results/yao314652/home/project/outputs/visual_benchmark/qwen25vl_3b_all_modalities_rerun/images/seq_0002__target_change_direction__simulation/simulation/step_0003.png"", ""/results/yao314652/home/project/outputs/visual_benchmark/qwen25vl_3b_all_modalities_rerun/images/seq_0002__target_change_direction__simulation/simulation/step_0004.png""]","[{""wavelength"": 500.0, ""concentration"": 2.0, ""path_length"": 2.0, ""absorbance"": 40.0}, {""wavelength"": 500.0, ""concentration"": 2.0, ""path_length"": 1.0, ""absorbance"": 20.0}, {""wavelength"": 500.0, ""concentration"": 2.0, ""path_length"": 2.0, ""absorbance"": 40.0}, {""wavelength"": 450.0, ""concentration"": 2.0, ""path_length"": 2.0, ""absorbance"": 36.0}, {""wavelength"": 400.0, ""concentration"": 2.0, ""path_length"": 2.0, ""absorbance"": 32.0}]"
seq_0002__changed_variable_0_to_1__text,seq_0002,changed_variable_0_to_1,changed_variable,text,none,Which input variable changed from step 0 to step 1?,path_length,category,wavelength,False,,"{""answer"": ""wavelength""}",[],"[{""wavelength"": 500.0, ""concentration"": 2.0, ""path_length"": 2.0, ""absorbance"": 40.0}, {""wavelength"": 500.0, ""concentration"": 2.0, ""path_length"": 1.0, ""absorbance"": 20.0}, {""wavelength"": 500.0, ""concentration"": 2.0, ""path_length"": 2.0, ""absorbance"": 40.0}, {""wavelength"": 450.0, ""concentration"": 2.0, ""path_length"": 2.0, ""absorbance"": 36.0}, {""wavelength"": 400.0, ""concentration"": 2.0, ""path_length"": 2.0, ""absorbance"": 32.0}]"
seq_0002__changed_variable_0_to_1__bar,seq_0002,changed_variable_0_to_1,changed_variable,bar,bar,Which input variable changed from step 0 to step 1?,path_length,category,k,False,,"{""answer"": ""k""}","[""/results/yao314652/home/project/outputs/visual_benchmark/qwen25vl_3b_all_modalities_rerun/images/seq_0002__changed_variable_0_to_1__bar/bar/step_0000.png"", ""/results/yao314652/home/project/outputs/visual_benchmark/qwen25vl_3b_all_modalities_rerun/images/seq_0002__changed_variable_0_to_1__bar/bar/step_0001.png"", ""/results/yao314652/home/project/outputs/visual_benchmark/qwen25vl_3b_all_modalities_rerun/images/seq_0002__changed_variable_0_to_1__bar/bar/step_0002.png"", ""/results/yao314652/home/project/outputs/visual_benchmark/qwen25vl_3b_all_modalities_rerun/images/seq_0002__changed_variable_0_to_1__bar/bar/step_0003.png"", ""/results/yao314652/home/project/outputs/visual_benchmark/qwen25vl_3b_all_modalities_rerun/images/seq_0002__changed_variable_0_to_1__bar/bar/step_0004.png""]","[{""wavelength"": 500.0, ""concentration"": 2.0, ""path_length"": 2.0, ""absorbance"": 40.0}, {""wavelength"": 500.0, ""concentration"": 2.0, ""path_length"": 1.0, ""absorbance"": 20.0}, {""wavelength"": 500.0, ""concentration"": 2.0, ""path_length"": 2.0, ""absorbance"": 40.0}, {""wavelength"": 450.0, ""concentration"": 2.0, ""path_length"": 2.0, ""absorbance"": 36.0}, {""wavelength"": 400.0, ""concentration"": 2.0, ""path_length"": 2.0, ""absorbance"": 32.0}]"
seq_0002__changed_variable_0_to_1__line,seq_0002,changed_variable_0_to_1,changed_variable,line,line,Which input variable changed from step 0 to step 1?,path_length,category,x,False,,"{""answer"": ""x""}","[""/results/yao314652/home/project/outputs/visual_benchmark/qwen25vl_3b_all_modalities_rerun/images/seq_0002__changed_variable_0_to_1__line/line/seq_0002__changed_variable_0_to_1__line_step_0000.png"", ""/results/yao314652/home/project/outputs/visual_benchmark/qwen25vl_3b_all_modalities_rerun/images/seq_0002__changed_variable_0_to_1__line/line/seq_0002__changed_variable_0_to_1__line_step_0001.png"", ""/results/yao314652/home/project/outputs/visual_benchmark/qwen25vl_3b_all_modalities_rerun/images/seq_0002__changed_variable_0_to_1__line/line/seq_0002__changed_variable_0_to_1__line_step_0002.png"", ""/results/yao314652/home/project/outputs/visual_benchmark/qwen25vl_3b_all_modalities_rerun/images/seq_0002__changed_variable_0_to_1__line/line/seq_0002__changed_variable_0_to_1__line_step_0003.png"", ""/results/yao314652/home/project/outputs/visual_benchmark/qwen25vl_3b_all_modalities_rerun/images/seq_0002__changed_variable_0_to_1__line/line/seq_0002__changed_variable_0_to_1__line_step_0004.png""]","[{""wavelength"": 500.0, ""concentration"": 2.0, ""path_length"": 2.0, ""absorbance"": 40.0}, {""wavelength"": 500.0, ""concentration"": 2.0, ""path_length"": 1.0, ""absorbance"": 20.0}, {""wavelength"": 500.0, ""concentration"": 2.0, ""path_length"": 2.0, ""absorbance"": 40.0}, {""wavelength"": 450.0, ""concentration"": 2.0, ""path_length"": 2.0, ""absorbance"": 36.0}, {""wavelength"": 400.0, ""concentration"": 2.0, ""path_length"": 2.0, ""absorbance"": 32.0}]"
seq_0002__changed_variable_0_to_1__scatter,seq_0002,changed_variable_0_to_1,changed_variable,scatter,scatter,Which input variable changed from step 0 to step 1?,path_length,category,d,False,,"{""answer"": ""d""}","[""/results/yao314652/home/project/outputs/visual_benchmark/qwen25vl_3b_all_modalities_rerun/images/seq_0002__changed_variable_0_to_1__scatter/scatter/seq_0002__changed_variable_0_to_1__scatter_step_0000.png"", ""/results/yao314652/home/project/outputs/visual_benchmark/qwen25vl_3b_all_modalities_rerun/images/seq_0002__changed_variable_0_to_1__scatter/scatter/seq_0002__changed_variable_0_to_1__scatter_step_0001.png"", ""/results/yao314652/home/project/outputs/visual_benchmark/qwen25vl_3b_all_modalities_rerun/images/seq_0002__changed_variable_0_to_1__scatter/scatter/seq_0002__changed_variable_0_to_1__scatter_step_0002.png"", ""/results/yao314652/home/project/outputs/visual_benchmark/qwen25vl_3b_all_modalities_rerun/images/seq_0002__changed_variable_0_to_1__scatter/scatter/seq_0002__changed_variable_0_to_1__scatter_step_0003.png"", ""/results/yao314652/home/project/outputs/visual_benchmark/qwen25vl_3b_all_modalities_rerun/images/seq_0002__changed_variable_0_to_1__scatter/scatter/seq_0002__changed_variable_0_to_1__scatter_step_0004.png""]","[{""wavelength"": 500.0, ""concentration"": 2.0, ""path_length"": 2.0, ""absorbance"": 40.0}, {""wavelength"": 500.0, ""concentration"": 2.0, ""path_length"": 1.0, ""absorbance"": 20.0}, {""wavelength"": 500.0, ""concentration"": 2.0, ""path_length"": 2.0, ""absorbance"": 40.0}, {""wavelength"": 450.0, ""concentration"": 2.0, ""path_length"": 2.0, ""absorbance"": 36.0}, {""wavelength"": 400.0, ""concentration"": 2.0, ""path_length"": 2.0, ""absorbance"": 32.0}]"
seq_0002__changed_variable_0_to_1__simulation,seq_0002,changed_variable_0_to_1,changed_variable,simulation,simulation,Which input variable changed from step 0 to step 1?,path_length,category,battery charge,False,,"{""answer"": ""battery charge""}","[""/results/yao314652/home/project/outputs/visual_benchmark/qwen25vl_3b_all_modalities_rerun/images/seq_0002__changed_variable_0_to_1__simulation/simulation/step_0000.png"", ""/results/yao314652/home/project/outputs/visual_benchmark/qwen25vl_3b_all_modalities_rerun/images/seq_0002__changed_variable_0_to_1__simulation/simulation/step_0001.png"", ""/results/yao314652/home/project/outputs/visual_benchmark/qwen25vl_3b_all_modalities_rerun/images/seq_0002__changed_variable_0_to_1__simulation/simulation/step_0002.png"", ""/results/yao314652/home/project/outputs/visual_benchmark/qwen25vl_3b_all_modalities_rerun/images/seq_0002__changed_variable_0_to_1__simulation/simulation/step_0003.png"", ""/results/yao314652/home/project/outputs/visual_benchmark/qwen25vl_3b_all_modalities_rerun/images/seq_0002__changed_variable_0_to_1__simulation/simulation/step_0004.png""]","[{""wavelength"": 500.0, ""concentration"": 2.0, ""path_length"": 2.0, ""absorbance"": 40.0}, {""wavelength"": 500.0, ""concentration"": 2.0, ""path_length"": 1.0, ""absorbance"": 20.0}, {""wavelength"": 500.0, ""concentration"": 2.0, ""path_length"": 2.0, ""absorbance"": 40.0}, {""wavelength"": 450.0, ""concentration"": 2.0, ""path_length"": 2.0, ""absorbance"": 36.0}, {""wavelength"": 400.0, ""concentration"": 2.0, ""path_length"": 2.0, ""absorbance"": 32.0}]"
seq_0002__max_target_step__text,seq_0002,max_target_step,max_step,text,none,At which step is absorbance the highest?,0,step,0,True,,"```json
{
  ""answer"": 0
}
```",[],"[{""wavelength"": 500.0, ""concentration"": 2.0, ""path_length"": 2.0, ""absorbance"": 40.0}, {""wavelength"": 500.0, ""concentration"": 2.0, ""path_length"": 1.0, ""absorbance"": 20.0}, {""wavelength"": 500.0, ""concentration"": 2.0, ""path_length"": 2.0, ""absorbance"": 40.0}, {""wavelength"": 450.0, ""concentration"": 2.0, ""path_length"": 2.0, ""absorbance"": 36.0}, {""wavelength"": 400.0, ""concentration"": 2.0, ""path_length"": 2.0, ""absorbance"": 32.0}]"
seq_0002__max_target_step__bar,seq_0002,max_target_step,max_step,bar,bar,At which step is absorbance the highest?,0,step,[0],False,,"```json
{
    ""answer"": [0]
}
```","[""/results/yao314652/home/project/outputs/visual_benchmark/qwen25vl_3b_all_modalities_rerun/images/seq_0002__max_target_step__bar/bar/step_0000.png"", ""/results/yao314652/home/project/outputs/visual_benchmark/qwen25vl_3b_all_modalities_rerun/images/seq_0002__max_target_step__bar/bar/step_0001.png"", ""/results/yao314652/home/project/outputs/visual_benchmark/qwen25vl_3b_all_modalities_rerun/images/seq_0002__max_target_step__bar/bar/step_0002.png"", ""/results/yao314652/home/project/outputs/visual_benchmark/qwen25vl_3b_all_modalities_rerun/images/seq_0002__max_target_step__bar/bar/step_0003.png"", ""/results/yao314652/home/project/outputs/visual_benchmark/qwen25vl_3b_all_modalities_rerun/images/seq_0002__max_target_step__bar/bar/step_0004.png""]","[{""wavelength"": 500.0, ""concentration"": 2.0, ""path_length"": 2.0, ""absorbance"": 40.0}, {""wavelength"": 500.0, ""concentration"": 2.0, ""path_length"": 1.0, ""absorbance"": 20.0}, {""wavelength"": 500.0, ""concentration"": 2.0, ""path_length"": 2.0, ""absorbance"": 40.0}, {""wavelength"": 450.0, ""concentration"": 2.0, ""path_length"": 2.0, ""absorbance"": 36.0}, {""wavelength"": 400.0, ""concentration"": 2.0, ""path_length"": 2.0, ""absorbance"": 32.0}]"
seq_0002__max_target_step__line,seq_0002,max_target_step,max_step,line,line,At which step is absorbance the highest?,0,step,[4],False,,"```json
{
    ""answer"": [4]
}
```","[""/results/yao314652/home/project/outputs/visual_benchmark/qwen25vl_3b_all_modalities_rerun/images/seq_0002__max_target_step__line/line/seq_0002__max_target_step__line_step_0000.png"", ""/results/yao314652/home/project/outputs/visual_benchmark/qwen25vl_3b_all_modalities_rerun/images/seq_0002__max_target_step__line/line/seq_0002__max_target_step__line_step_0001.png"", ""/results/yao314652/home/project/outputs/visual_benchmark/qwen25vl_3b_all_modalities_rerun/images/seq_0002__max_target_step__line/line/seq_0002__max_target_step__line_step_0002.png"", ""/results/yao314652/home/project/outputs/visual_benchmark/qwen25vl_3b_all_modalities_rerun/images/seq_0002__max_target_step__line/line/seq_0002__max_target_step__line_step_0003.png"", ""/results/yao314652/home/project/outputs/visual_benchmark/qwen25vl_3b_all_modalities_rerun/images/seq_0002__max_target_step__line/line/seq_0002__max_target_step__line_step_0004.png""]","[{""wavelength"": 500.0, ""concentration"": 2.0, ""path_length"": 2.0, ""absorbance"": 40.0}, {""wavelength"": 500.0, ""concentration"": 2.0, ""path_length"": 1.0, ""absorbance"": 20.0}, {""wavelength"": 500.0, ""concentration"": 2.0, ""path_length"": 2.0, ""absorbance"": 40.0}, {""wavelength"": 450.0, ""concentration"": 2.0, ""path_length"": 2.0, ""absorbance"": 36.0}, {""wavelength"": 400.0, ""concentration"": 2.0, ""path_length"": 2.0, ""absorbance"": 32.0}]"
seq_0002__max_target_step__scatter,seq_0002,max_target_step,max_step,scatter,scatter,At which step is absorbance the highest?,0,step,3,False,,"```json
{
    ""answer"": 3
}
```","[""/results/yao314652/home/project/outputs/visual_benchmark/qwen25vl_3b_all_modalities_rerun/images/seq_0002__max_target_step__scatter/scatter/seq_0002__max_target_step__scatter_step_0000.png"", ""/results/yao314652/home/project/outputs/visual_benchmark/qwen25vl_3b_all_modalities_rerun/images/seq_0002__max_target_step__scatter/scatter/seq_0002__max_target_step__scatter_step_0001.png"", ""/results/yao314652/home/project/outputs/visual_benchmark/qwen25vl_3b_all_modalities_rerun/images/seq_0002__max_target_step__scatter/scatter/seq_0002__max_target_step__scatter_step_0002.png"", ""/results/yao314652/home/project/outputs/visual_benchmark/qwen25vl_3b_all_modalities_rerun/images/seq_0002__max_target_step__scatter/scatter/seq_0002__max_target_step__scatter_step_0003.png"", ""/results/yao314652/home/project/outputs/visual_benchmark/qwen25vl_3b_all_modalities_rerun/images/seq_0002__max_target_step__scatter/scatter/seq_0002__max_target_step__scatter_step_0004.png""]","[{""wavelength"": 500.0, ""concentration"": 2.0, ""path_length"": 2.0, ""absorbance"": 40.0}, {""wavelength"": 500.0, ""concentration"": 2.0, ""path_length"": 1.0, ""absorbance"": 20.0}, {""wavelength"": 500.0, ""concentration"": 2.0, ""path_length"": 2.0, ""absorbance"": 40.0}, {""wavelength"": 450.0, ""concentration"": 2.0, ""path_length"": 2.0, ""absorbance"": 36.0}, {""wavelength"": 400.0, ""concentration"": 2.0, ""path_length"": 2.0, ""absorbance"": 32.0}]"
seq_0002__max_target_step__simulation,seq_0002,max_target_step,max_step,simulation,simulation,At which step is absorbance the highest?,0,step,[2],False,,"```json
{
    ""answer"": [2]
}
```","[""/results/yao314652/home/project/outputs/visual_benchmark/qwen25vl_3b_all_modalities_rerun/images/seq_0002__max_target_step__simulation/simulation/step_0000.png"", ""/results/yao314652/home/project/outputs/visual_benchmark/qwen25vl_3b_all_modalities_rerun/images/seq_0002__max_target_step__simulation/simulation/step_0001.png"", ""/results/yao314652/home/project/outputs/visual_benchmark/qwen25vl_3b_all_modalities_rerun/images/seq_0002__max_target_step__simulation/simulation/step_0002.png"", ""/results/yao314652/home/project/outputs/visual_benchmark/qwen25vl_3b_all_modalities_rerun/images/seq_0002__max_target_step__simulation/simulation/step_0003.png"", ""/results/yao314652/home/project/outputs/visual_benchmark/qwen25vl_3b_all_modalities_rerun/images/seq_0002__max_target_step__simulation/simulation/step_0004.png""]","[{""wavelength"": 500.0, ""concentration"": 2.0, ""path_length"": 2.0, ""absorbance"": 40.0}, {""wavelength"": 500.0, ""concentration"": 2.0, ""path_length"": 1.0, ""absorbance"": 20.0}, {""wavelength"": 500.0, ""concentration"": 2.0, ""path_length"": 2.0, ""absorbance"": 40.0}, {""wavelength"": 450.0, ""concentration"": 2.0, ""path_length"": 2.0, ""absorbance"": 36.0}, {""wavelength"": 400.0, ""concentration"": 2.0, ""path_length"": 2.0, ""absorbance"": 32.0}]"
seq_0002__largest_target_drop_step__text,seq_0002,largest_target_drop_step,largest_drop_step,text,none,"At which step does absorbance show the largest drop compared with the previous step? If it never drops, answer none.",1,step_or_none,none,False,,"```json
{
  ""answer"": ""none""
}
```",[],"[{""wavelength"": 500.0, ""concentration"": 2.0, ""path_length"": 2.0, ""absorbance"": 40.0}, {""wavelength"": 500.0, ""concentration"": 2.0, ""path_length"": 1.0, ""absorbance"": 20.0}, {""wavelength"": 500.0, ""concentration"": 2.0, ""path_length"": 2.0, ""absorbance"": 40.0}, {""wavelength"": 450.0, ""concentration"": 2.0, ""path_length"": 2.0, ""absorbance"": 36.0}, {""wavelength"": 400.0, ""concentration"": 2.0, ""path_length"": 2.0, ""absorbance"": 32.0}]"
seq_0002__largest_target_drop_step__bar,seq_0002,largest_target_drop_step,largest_drop_step,bar,bar,"At which step does absorbance show the largest drop compared with the previous step? If it never drops, answer none.",1,step_or_none,0,False,,"```json
{
    ""answer"": ""0""
}
```","[""/results/yao314652/home/project/outputs/visual_benchmark/qwen25vl_3b_all_modalities_rerun/images/seq_0002__largest_target_drop_step__bar/bar/step_0000.png"", ""/results/yao314652/home/project/outputs/visual_benchmark/qwen25vl_3b_all_modalities_rerun/images/seq_0002__largest_target_drop_step__bar/bar/step_0001.png"", ""/results/yao314652/home/project/outputs/visual_benchmark/qwen25vl_3b_all_modalities_rerun/images/seq_0002__largest_target_drop_step__bar/bar/step_0002.png"", ""/results/yao314652/home/project/outputs/visual_benchmark/qwen25vl_3b_all_modalities_rerun/images/seq_0002__largest_target_drop_step__bar/bar/step_0003.png"", ""/results/yao314652/home/project/outputs/visual_benchmark/qwen25vl_3b_all_modalities_rerun/images/seq_0002__largest_target_drop_step__bar/bar/step_0004.png""]","[{""wavelength"": 500.0, ""concentration"": 2.0, ""path_length"": 2.0, ""absorbance"": 40.0}, {""wavelength"": 500.0, ""concentration"": 2.0, ""path_length"": 1.0, ""absorbance"": 20.0}, {""wavelength"": 500.0, ""concentration"": 2.0, ""path_length"": 2.0, ""absorbance"": 40.0}, {""wavelength"": 450.0, ""concentration"": 2.0, ""path_length"": 2.0, ""absorbance"": 36.0}, {""wavelength"": 400.0, ""concentration"": 2.0, ""path_length"": 2.0, ""absorbance"": 32.0}]"
seq_0002__largest_target_drop_step__line,seq_0002,largest_target_drop_step,largest_drop_step,line,line,"At which step does absorbance show the largest drop compared with the previous step? If it never drops, answer none.",1,step_or_none,4,False,,"```json
{
    ""answer"": ""4""
}
```","[""/results/yao314652/home/project/outputs/visual_benchmark/qwen25vl_3b_all_modalities_rerun/images/seq_0002__largest_target_drop_step__line/line/seq_0002__largest_target_drop_step__line_step_0000.png"", ""/results/yao314652/home/project/outputs/visual_benchmark/qwen25vl_3b_all_modalities_rerun/images/seq_0002__largest_target_drop_step__line/line/seq_0002__largest_target_drop_step__line_step_0001.png"", ""/results/yao314652/home/project/outputs/visual_benchmark/qwen25vl_3b_all_modalities_rerun/images/seq_0002__largest_target_drop_step__line/line/seq_0002__largest_target_drop_step__line_step_0002.png"", ""/results/yao314652/home/project/outputs/visual_benchmark/qwen25vl_3b_all_modalities_rerun/images/seq_0002__largest_target_drop_step__line/line/seq_0002__largest_target_drop_step__line_step_0003.png"", ""/results/yao314652/home/project/outputs/visual_benchmark/qwen25vl_3b_all_modalities_rerun/images/seq_0002__largest_target_drop_step__line/line/seq_0002__largest_target_drop_step__line_step_0004.png""]","[{""wavelength"": 500.0, ""concentration"": 2.0, ""path_length"": 2.0, ""absorbance"": 40.0}, {""wavelength"": 500.0, ""concentration"": 2.0, ""path_length"": 1.0, ""absorbance"": 20.0}, {""wavelength"": 500.0, ""concentration"": 2.0, ""path_length"": 2.0, ""absorbance"": 40.0}, {""wavelength"": 450.0, ""concentration"": 2.0, ""path_length"": 2.0, ""absorbance"": 36.0}, {""wavelength"": 400.0, ""concentration"": 2.0, ""path_length"": 2.0, ""absorbance"": 32.0}]"
seq_0002__largest_target_drop_step__scatter,seq_0002,largest_target_drop_step,largest_drop_step,scatter,scatter,"At which step does absorbance show the largest drop compared with the previous step? If it never drops, answer none.",1,step_or_none,3,False,,"```json
{
  ""answer"": ""3""
}
```","[""/results/yao314652/home/project/outputs/visual_benchmark/qwen25vl_3b_all_modalities_rerun/images/seq_0002__largest_target_drop_step__scatter/scatter/seq_0002__largest_target_drop_step__scatter_step_0000.png"", ""/results/yao314652/home/project/outputs/visual_benchmark/qwen25vl_3b_all_modalities_rerun/images/seq_0002__largest_target_drop_step__scatter/scatter/seq_0002__largest_target_drop_step__scatter_step_0001.png"", ""/results/yao314652/home/project/outputs/visual_benchmark/qwen25vl_3b_all_modalities_rerun/images/seq_0002__largest_target_drop_step__scatter/scatter/seq_0002__largest_target_drop_step__scatter_step_0002.png"", ""/results/yao314652/home/project/outputs/visual_benchmark/qwen25vl_3b_all_modalities_rerun/images/seq_0002__largest_target_drop_step__scatter/scatter/seq_0002__largest_target_drop_step__scatter_step_0003.png"", ""/results/yao314652/home/project/outputs/visual_benchmark/qwen25vl_3b_all_modalities_rerun/images/seq_0002__largest_target_drop_step__scatter/scatter/seq_0002__largest_target_drop_step__scatter_step_0004.png""]","[{""wavelength"": 500.0, ""concentration"": 2.0, ""path_length"": 2.0, ""absorbance"": 40.0}, {""wavelength"": 500.0, ""concentration"": 2.0, ""path_length"": 1.0, ""absorbance"": 20.0}, {""wavelength"": 500.0, ""concentration"": 2.0, ""path_length"": 2.0, ""absorbance"": 40.0}, {""wavelength"": 450.0, ""concentration"": 2.0, ""path_length"": 2.0, ""absorbance"": 36.0}, {""wavelength"": 400.0, ""concentration"": 2.0, ""path_length"": 2.0, ""absorbance"": 32.0}]"
seq_0002__largest_target_drop_step__simulation,seq_0002,largest_target_drop_step,largest_drop_step,simulation,simulation,"At which step does absorbance show the largest drop compared with the previous step? If it never drops, answer none.",1,step_or_none,3,False,,"```json
{
    ""answer"": ""3""
}
```","[""/results/yao314652/home/project/outputs/visual_benchmark/qwen25vl_3b_all_modalities_rerun/images/seq_0002__largest_target_drop_step__simulation/simulation/step_0000.png"", ""/results/yao314652/home/project/outputs/visual_benchmark/qwen25vl_3b_all_modalities_rerun/images/seq_0002__largest_target_drop_step__simulation/simulation/step_0001.png"", ""/results/yao314652/home/project/outputs/visual_benchmark/qwen25vl_3b_all_modalities_rerun/images/seq_0002__largest_target_drop_step__simulation/simulation/step_0002.png"", ""/results/yao314652/home/project/outputs/visual_benchmark/qwen25vl_3b_all_modalities_rerun/images/seq_0002__largest_target_drop_step__simulation/simulation/step_0003.png"", ""/results/yao314652/home/project/outputs/visual_benchmark/qwen25vl_3b_all_modalities_rerun/images/seq_0002__largest_target_drop_step__simulation/simulation/step_0004.png""]","[{""wavelength"": 500.0, ""concentration"": 2.0, ""path_length"": 2.0, ""absorbance"": 40.0}, {""wavelength"": 500.0, ""concentration"": 2.0, ""path_length"": 1.0, ""absorbance"": 20.0}, {""wavelength"": 500.0, ""concentration"": 2.0, ""path_length"": 2.0, ""absorbance"": 40.0}, {""wavelength"": 450.0, ""concentration"": 2.0, ""path_length"": 2.0, ""absorbance"": 36.0}, {""wavelength"": 400.0, ""concentration"": 2.0, ""path_length"": 2.0, ""absorbance"": 32.0}]"
seq_0003__read_last_target__text,seq_0003,read_last_target,value_at_step,text,none,What is the value of absorbance at step 4?,100.0,number,100,True,0.0,"```json
{
  ""answer"": 100
}
```",[],"[{""wavelength"": 550.0, ""concentration"": 1.0, ""path_length"": 5.0, ""absorbance"": 55.0}, {""wavelength"": 500.0, ""concentration"": 1.0, ""path_length"": 5.0, ""absorbance"": 50.0}, {""wavelength"": 500.0, ""concentration"": 2.0, ""path_length"": 5.0, ""absorbance"": 100.0}, {""wavelength"": 500.0, ""concentration"": 3.0, ""path_length"": 5.0, ""absorbance"": 150.0}, {""wavelength"": 500.0, ""concentration"": 2.0, ""path_length"": 5.0, ""absorbance"": 100.0}]"
seq_0003__read_last_target__bar,seq_0003,read_last_target,value_at_step,bar,bar,What is the value of absorbance at step 4?,100.0,number,0.32,False,99.68,"```json
{
    ""answer"": 0.32
}
```","[""/results/yao314652/home/project/outputs/visual_benchmark/qwen25vl_3b_all_modalities_rerun/images/seq_0003__read_last_target__bar/bar/step_0000.png"", ""/results/yao314652/home/project/outputs/visual_benchmark/qwen25vl_3b_all_modalities_rerun/images/seq_0003__read_last_target__bar/bar/step_0001.png"", ""/results/yao314652/home/project/outputs/visual_benchmark/qwen25vl_3b_all_modalities_rerun/images/seq_0003__read_last_target__bar/bar/step_0002.png"", ""/results/yao314652/home/project/outputs/visual_benchmark/qwen25vl_3b_all_modalities_rerun/images/seq_0003__read_last_target__bar/bar/step_0003.png"", ""/results/yao314652/home/project/outputs/visual_benchmark/qwen25vl_3b_all_modalities_rerun/images/seq_0003__read_last_target__bar/bar/step_0004.png""]","[{""wavelength"": 550.0, ""concentration"": 1.0, ""path_length"": 5.0, ""absorbance"": 55.0}, {""wavelength"": 500.0, ""concentration"": 1.0, ""path_length"": 5.0, ""absorbance"": 50.0}, {""wavelength"": 500.0, ""concentration"": 2.0, ""path_length"": 5.0, ""absorbance"": 100.0}, {""wavelength"": 500.0, ""concentration"": 3.0, ""path_length"": 5.0, ""absorbance"": 150.0}, {""wavelength"": 500.0, ""concentration"": 2.0, ""path_length"": 5.0, ""absorbance"": 100.0}]"
seq_0003__read_last_target__line,seq_0003,read_last_target,value_at_step,line,line,What is the value of absorbance at step 4?,100.0,number,0.873,False,99.127,"```json
{
  ""answer"": 0.873
}
```","[""/results/yao314652/home/project/outputs/visual_benchmark/qwen25vl_3b_all_modalities_rerun/images/seq_0003__read_last_target__line/line/seq_0003__read_last_target__line_step_0000.png"", ""/results/yao314652/home/project/outputs/visual_benchmark/qwen25vl_3b_all_modalities_rerun/images/seq_0003__read_last_target__line/line/seq_0003__read_last_target__line_step_0001.png"", ""/results/yao314652/home/project/outputs/visual_benchmark/qwen25vl_3b_all_modalities_rerun/images/seq_0003__read_last_target__line/line/seq_0003__read_last_target__line_step_0002.png"", ""/results/yao314652/home/project/outputs/visual_benchmark/qwen25vl_3b_all_modalities_rerun/images/seq_0003__read_last_target__line/line/seq_0003__read_last_target__line_step_0003.png"", ""/results/yao314652/home/project/outputs/visual_benchmark/qwen25vl_3b_all_modalities_rerun/images/seq_0003__read_last_target__line/line/seq_0003__read_last_target__line_step_0004.png""]","[{""wavelength"": 550.0, ""concentration"": 1.0, ""path_length"": 5.0, ""absorbance"": 55.0}, {""wavelength"": 500.0, ""concentration"": 1.0, ""path_length"": 5.0, ""absorbance"": 50.0}, {""wavelength"": 500.0, ""concentration"": 2.0, ""path_length"": 5.0, ""absorbance"": 100.0}, {""wavelength"": 500.0, ""concentration"": 3.0, ""path_length"": 5.0, ""absorbance"": 150.0}, {""wavelength"": 500.0, ""concentration"": 2.0, ""path_length"": 5.0, ""absorbance"": 100.0}]"
seq_0003__read_last_target__scatter,seq_0003,read_last_target,value_at_step,scatter,scatter,What is the value of absorbance at step 4?,100.0,number,0.82,False,99.18,"```json
{
  ""answer"": 0.82
}
```","[""/results/yao314652/home/project/outputs/visual_benchmark/qwen25vl_3b_all_modalities_rerun/images/seq_0003__read_last_target__scatter/scatter/seq_0003__read_last_target__scatter_step_0000.png"", ""/results/yao314652/home/project/outputs/visual_benchmark/qwen25vl_3b_all_modalities_rerun/images/seq_0003__read_last_target__scatter/scatter/seq_0003__read_last_target__scatter_step_0001.png"", ""/results/yao314652/home/project/outputs/visual_benchmark/qwen25vl_3b_all_modalities_rerun/images/seq_0003__read_last_target__scatter/scatter/seq_0003__read_last_target__scatter_step_0002.png"", ""/results/yao314652/home/project/outputs/visual_benchmark/qwen25vl_3b_all_modalities_rerun/images/seq_0003__read_last_target__scatter/scatter/seq_0003__read_last_target__scatter_step_0003.png"", ""/results/yao314652/home/project/outputs/visual_benchmark/qwen25vl_3b_all_modalities_rerun/images/seq_0003__read_last_target__scatter/scatter/seq_0003__read_last_target__scatter_step_0004.png""]","[{""wavelength"": 550.0, ""concentration"": 1.0, ""path_length"": 5.0, ""absorbance"": 55.0}, {""wavelength"": 500.0, ""concentration"": 1.0, ""path_length"": 5.0, ""absorbance"": 50.0}, {""wavelength"": 500.0, ""concentration"": 2.0, ""path_length"": 5.0, ""absorbance"": 100.0}, {""wavelength"": 500.0, ""concentration"": 3.0, ""path_length"": 5.0, ""absorbance"": 150.0}, {""wavelength"": 500.0, ""concentration"": 2.0, ""path_length"": 5.0, ""absorbance"": 100.0}]"
seq_0003__read_last_target__simulation,seq_0003,read_last_target,value_at_step,simulation,simulation,What is the value of absorbance at step 4?,100.0,number,0.3,False,99.7,"```json
{
  ""answer"": 0.3
}
```","[""/results/yao314652/home/project/outputs/visual_benchmark/qwen25vl_3b_all_modalities_rerun/images/seq_0003__read_last_target__simulation/simulation/step_0000.png"", ""/results/yao314652/home/project/outputs/visual_benchmark/qwen25vl_3b_all_modalities_rerun/images/seq_0003__read_last_target__simulation/simulation/step_0001.png"", ""/results/yao314652/home/project/outputs/visual_benchmark/qwen25vl_3b_all_modalities_rerun/images/seq_0003__read_last_target__simulation/simulation/step_0002.png"", ""/results/yao314652/home/project/outputs/visual_benchmark/qwen25vl_3b_all_modalities_rerun/images/seq_0003__read_last_target__simulation/simulation/step_0003.png"", ""/results/yao314652/home/project/outputs/visual_benchmark/qwen25vl_3b_all_modalities_rerun/images/seq_0003__read_last_target__simulation/simulation/step_0004.png""]","[{""wavelength"": 550.0, ""concentration"": 1.0, ""path_length"": 5.0, ""absorbance"": 55.0}, {""wavelength"": 500.0, ""concentration"": 1.0, ""path_length"": 5.0, ""absorbance"": 50.0}, {""wavelength"": 500.0, ""concentration"": 2.0, ""path_length"": 5.0, ""absorbance"": 100.0}, {""wavelength"": 500.0, ""concentration"": 3.0, ""path_length"": 5.0, ""absorbance"": 150.0}, {""wavelength"": 500.0, ""concentration"": 2.0, ""path_length"": 5.0, ""absorbance"": 100.0}]"
seq_0003__target_change_amount__text,seq_0003,target_change_amount,change_amount,text,none,By how much does absorbance change from step 0 to step 4?,45.0,number,0,False,45.0,"```json
{
  ""answer"": 0
}
```",[],"[{""wavelength"": 550.0, ""concentration"": 1.0, ""path_length"": 5.0, ""absorbance"": 55.0}, {""wavelength"": 500.0, ""concentration"": 1.0, ""path_length"": 5.0, ""absorbance"": 50.0}, {""wavelength"": 500.0, ""concentration"": 2.0, ""path_length"": 5.0, ""absorbance"": 100.0}, {""wavelength"": 500.0, ""concentration"": 3.0, ""path_length"": 5.0, ""absorbance"": 150.0}, {""wavelength"": 500.0, ""concentration"": 2.0, ""path_length"": 5.0, ""absorbance"": 100.0}]"
seq_0003__target_change_amount__bar,seq_0003,target_change_amount,change_amount,bar,bar,By how much does absorbance change from step 0 to step 4?,45.0,number,1.38,False,43.62,"```json
{
    ""answer"": 1.38
}
```","[""/results/yao314652/home/project/outputs/visual_benchmark/qwen25vl_3b_all_modalities_rerun/images/seq_0003__target_change_amount__bar/bar/step_0000.png"", ""/results/yao314652/home/project/outputs/visual_benchmark/qwen25vl_3b_all_modalities_rerun/images/seq_0003__target_change_amount__bar/bar/step_0001.png"", ""/results/yao314652/home/project/outputs/visual_benchmark/qwen25vl_3b_all_modalities_rerun/images/seq_0003__target_change_amount__bar/bar/step_0002.png"", ""/results/yao314652/home/project/outputs/visual_benchmark/qwen25vl_3b_all_modalities_rerun/images/seq_0003__target_change_amount__bar/bar/step_0003.png"", ""/results/yao314652/home/project/outputs/visual_benchmark/qwen25vl_3b_all_modalities_rerun/images/seq_0003__target_change_amount__bar/bar/step_0004.png""]","[{""wavelength"": 550.0, ""concentration"": 1.0, ""path_length"": 5.0, ""absorbance"": 55.0}, {""wavelength"": 500.0, ""concentration"": 1.0, ""path_length"": 5.0, ""absorbance"": 50.0}, {""wavelength"": 500.0, ""concentration"": 2.0, ""path_length"": 5.0, ""absorbance"": 100.0}, {""wavelength"": 500.0, ""concentration"": 3.0, ""path_length"": 5.0, ""absorbance"": 150.0}, {""wavelength"": 500.0, ""concentration"": 2.0, ""path_length"": 5.0, ""absorbance"": 100.0}]"
seq_0003__target_change_amount__line,seq_0003,target_change_amount,change_amount,line,line,By how much does absorbance change from step 0 to step 4?,45.0,number,0.713324689482568,False,44.28667531051743,"```json
{
  ""answer"": 0.713324689482568
}
```","[""/results/yao314652/home/project/outputs/visual_benchmark/qwen25vl_3b_all_modalities_rerun/images/seq_0003__target_change_amount__line/line/seq_0003__target_change_amount__line_step_0000.png"", ""/results/yao314652/home/project/outputs/visual_benchmark/qwen25vl_3b_all_modalities_rerun/images/seq_0003__target_change_amount__line/line/seq_0003__target_change_amount__line_step_0001.png"", ""/results/yao314652/home/project/outputs/visual_benchmark/qwen25vl_3b_all_modalities_rerun/images/seq_0003__target_change_amount__line/line/seq_0003__target_change_amount__line_step_0002.png"", ""/results/yao314652/home/project/outputs/visual_benchmark/qwen25vl_3b_all_modalities_rerun/images/seq_0003__target_change_amount__line/line/seq_0003__target_change_amount__line_step_0003.png"", ""/results/yao314652/home/project/outputs/visual_benchmark/qwen25vl_3b_all_modalities_rerun/images/seq_0003__target_change_amount__line/line/seq_0003__target_change_amount__line_step_0004.png""]","[{""wavelength"": 550.0, ""concentration"": 1.0, ""path_length"": 5.0, ""absorbance"": 55.0}, {""wavelength"": 500.0, ""concentration"": 1.0, ""path_length"": 5.0, ""absorbance"": 50.0}, {""wavelength"": 500.0, ""concentration"": 2.0, ""path_length"": 5.0, ""absorbance"": 100.0}, {""wavelength"": 500.0, ""concentration"": 3.0, ""path_length"": 5.0, ""absorbance"": 150.0}, {""wavelength"": 500.0, ""concentration"": 2.0, ""path_length"": 5.0, ""absorbance"": 100.0}]"
seq_0003__target_change_amount__scatter,seq_0003,target_change_amount,change_amount,scatter,scatter,By how much does absorbance change from step 0 to step 4?,45.0,number,0.1,False,44.9,"```json
{
  ""answer"": 0.1
}
```","[""/results/yao314652/home/project/outputs/visual_benchmark/qwen25vl_3b_all_modalities_rerun/images/seq_0003__target_change_amount__scatter/scatter/seq_0003__target_change_amount__scatter_step_0000.png"", ""/results/yao314652/home/project/outputs/visual_benchmark/qwen25vl_3b_all_modalities_rerun/images/seq_0003__target_change_amount__scatter/scatter/seq_0003__target_change_amount__scatter_step_0001.png"", ""/results/yao314652/home/project/outputs/visual_benchmark/qwen25vl_3b_all_modalities_rerun/images/seq_0003__target_change_amount__scatter/scatter/seq_0003__target_change_amount__scatter_step_0002.png"", ""/results/yao314652/home/project/outputs/visual_benchmark/qwen25vl_3b_all_modalities_rerun/images/seq_0003__target_change_amount__scatter/scatter/seq_0003__target_change_amount__scatter_step_0003.png"", ""/results/yao314652/home/project/outputs/visual_benchmark/qwen25vl_3b_all_modalities_rerun/images/seq_0003__target_change_amount__scatter/scatter/seq_0003__target_change_amount__scatter_step_0004.png""]","[{""wavelength"": 550.0, ""concentration"": 1.0, ""path_length"": 5.0, ""absorbance"": 55.0}, {""wavelength"": 500.0, ""concentration"": 1.0, ""path_length"": 5.0, ""absorbance"": 50.0}, {""wavelength"": 500.0, ""concentration"": 2.0, ""path_length"": 5.0, ""absorbance"": 100.0}, {""wavelength"": 500.0, ""concentration"": 3.0, ""path_length"": 5.0, ""absorbance"": 150.0}, {""wavelength"": 500.0, ""concentration"": 2.0, ""path_length"": 5.0, ""absorbance"": 100.0}]"
seq_0003__target_change_amount__simulation,seq_0003,target_change_amount,change_amount,simulation,simulation,By how much does absorbance change from step 0 to step 4?,45.0,number,0.1,False,44.9,"{""answer"": 0.1}","[""/results/yao314652/home/project/outputs/visual_benchmark/qwen25vl_3b_all_modalities_rerun/images/seq_0003__target_change_amount__simulation/simulation/step_0000.png"", ""/results/yao314652/home/project/outputs/visual_benchmark/qwen25vl_3b_all_modalities_rerun/images/seq_0003__target_change_amount__simulation/simulation/step_0001.png"", ""/results/yao314652/home/project/outputs/visual_benchmark/qwen25vl_3b_all_modalities_rerun/images/seq_0003__target_change_amount__simulation/simulation/step_0002.png"", ""/results/yao314652/home/project/outputs/visual_benchmark/qwen25vl_3b_all_modalities_rerun/images/seq_0003__target_change_amount__simulation/simulation/step_0003.png"", ""/results/yao314652/home/project/outputs/visual_benchmark/qwen25vl_3b_all_modalities_rerun/images/seq_0003__target_change_amount__simulation/simulation/step_0004.png""]","[{""wavelength"": 550.0, ""concentration"": 1.0, ""path_length"": 5.0, ""absorbance"": 55.0}, {""wavelength"": 500.0, ""concentration"": 1.0, ""path_length"": 5.0, ""absorbance"": 50.0}, {""wavelength"": 500.0, ""concentration"": 2.0, ""path_length"": 5.0, ""absorbance"": 100.0}, {""wavelength"": 500.0, ""concentration"": 3.0, ""path_length"": 5.0, ""absorbance"": 150.0}, {""wavelength"": 500.0, ""concentration"": 2.0, ""path_length"": 5.0, ""absorbance"": 100.0}]"
seq_0003__target_change_direction__text,seq_0003,target_change_direction,change_direction,text,none,"Does absorbance increase, decrease, or stay the same from step 0 to step 4?",increase,category,decrease,False,,"{""answer"": ""decrease""}",[],"[{""wavelength"": 550.0, ""concentration"": 1.0, ""path_length"": 5.0, ""absorbance"": 55.0}, {""wavelength"": 500.0, ""concentration"": 1.0, ""path_length"": 5.0, ""absorbance"": 50.0}, {""wavelength"": 500.0, ""concentration"": 2.0, ""path_length"": 5.0, ""absorbance"": 100.0}, {""wavelength"": 500.0, ""concentration"": 3.0, ""path_length"": 5.0, ""absorbance"": 150.0}, {""wavelength"": 500.0, ""concentration"": 2.0, ""path_length"": 5.0, ""absorbance"": 100.0}]"
seq_0003__target_change_direction__bar,seq_0003,target_change_direction,change_direction,bar,bar,"Does absorbance increase, decrease, or stay the same from step 0 to step 4?",increase,category,decrease,False,,"```json
{
  ""answer"": ""decrease""
}
```","[""/results/yao314652/home/project/outputs/visual_benchmark/qwen25vl_3b_all_modalities_rerun/images/seq_0003__target_change_direction__bar/bar/step_0000.png"", ""/results/yao314652/home/project/outputs/visual_benchmark/qwen25vl_3b_all_modalities_rerun/images/seq_0003__target_change_direction__bar/bar/step_0001.png"", ""/results/yao314652/home/project/outputs/visual_benchmark/qwen25vl_3b_all_modalities_rerun/images/seq_0003__target_change_direction__bar/bar/step_0002.png"", ""/results/yao314652/home/project/outputs/visual_benchmark/qwen25vl_3b_all_modalities_rerun/images/seq_0003__target_change_direction__bar/bar/step_0003.png"", ""/results/yao314652/home/project/outputs/visual_benchmark/qwen25vl_3b_all_modalities_rerun/images/seq_0003__target_change_direction__bar/bar/step_0004.png""]","[{""wavelength"": 550.0, ""concentration"": 1.0, ""path_length"": 5.0, ""absorbance"": 55.0}, {""wavelength"": 500.0, ""concentration"": 1.0, ""path_length"": 5.0, ""absorbance"": 50.0}, {""wavelength"": 500.0, ""concentration"": 2.0, ""path_length"": 5.0, ""absorbance"": 100.0}, {""wavelength"": 500.0, ""concentration"": 3.0, ""path_length"": 5.0, ""absorbance"": 150.0}, {""wavelength"": 500.0, ""concentration"": 2.0, ""path_length"": 5.0, ""absorbance"": 100.0}]"
seq_0003__target_change_direction__line,seq_0003,target_change_direction,change_direction,line,line,"Does absorbance increase, decrease, or stay the same from step 0 to step 4?",increase,category,decrease,False,,"{""answer"": ""decrease""}","[""/results/yao314652/home/project/outputs/visual_benchmark/qwen25vl_3b_all_modalities_rerun/images/seq_0003__target_change_direction__line/line/seq_0003__target_change_direction__line_step_0000.png"", ""/results/yao314652/home/project/outputs/visual_benchmark/qwen25vl_3b_all_modalities_rerun/images/seq_0003__target_change_direction__line/line/seq_0003__target_change_direction__line_step_0001.png"", ""/results/yao314652/home/project/outputs/visual_benchmark/qwen25vl_3b_all_modalities_rerun/images/seq_0003__target_change_direction__line/line/seq_0003__target_change_direction__line_step_0002.png"", ""/results/yao314652/home/project/outputs/visual_benchmark/qwen25vl_3b_all_modalities_rerun/images/seq_0003__target_change_direction__line/line/seq_0003__target_change_direction__line_step_0003.png"", ""/results/yao314652/home/project/outputs/visual_benchmark/qwen25vl_3b_all_modalities_rerun/images/seq_0003__target_change_direction__line/line/seq_0003__target_change_direction__line_step_0004.png""]","[{""wavelength"": 550.0, ""concentration"": 1.0, ""path_length"": 5.0, ""absorbance"": 55.0}, {""wavelength"": 500.0, ""concentration"": 1.0, ""path_length"": 5.0, ""absorbance"": 50.0}, {""wavelength"": 500.0, ""concentration"": 2.0, ""path_length"": 5.0, ""absorbance"": 100.0}, {""wavelength"": 500.0, ""concentration"": 3.0, ""path_length"": 5.0, ""absorbance"": 150.0}, {""wavelength"": 500.0, ""concentration"": 2.0, ""path_length"": 5.0, ""absorbance"": 100.0}]"
seq_0003__target_change_direction__scatter,seq_0003,target_change_direction,change_direction,scatter,scatter,"Does absorbance increase, decrease, or stay the same from step 0 to step 4?",increase,category,decrease,False,,"{""answer"": ""decrease""}","[""/results/yao314652/home/project/outputs/visual_benchmark/qwen25vl_3b_all_modalities_rerun/images/seq_0003__target_change_direction__scatter/scatter/seq_0003__target_change_direction__scatter_step_0000.png"", ""/results/yao314652/home/project/outputs/visual_benchmark/qwen25vl_3b_all_modalities_rerun/images/seq_0003__target_change_direction__scatter/scatter/seq_0003__target_change_direction__scatter_step_0001.png"", ""/results/yao314652/home/project/outputs/visual_benchmark/qwen25vl_3b_all_modalities_rerun/images/seq_0003__target_change_direction__scatter/scatter/seq_0003__target_change_direction__scatter_step_0002.png"", ""/results/yao314652/home/project/outputs/visual_benchmark/qwen25vl_3b_all_modalities_rerun/images/seq_0003__target_change_direction__scatter/scatter/seq_0003__target_change_direction__scatter_step_0003.png"", ""/results/yao314652/home/project/outputs/visual_benchmark/qwen25vl_3b_all_modalities_rerun/images/seq_0003__target_change_direction__scatter/scatter/seq_0003__target_change_direction__scatter_step_0004.png""]","[{""wavelength"": 550.0, ""concentration"": 1.0, ""path_length"": 5.0, ""absorbance"": 55.0}, {""wavelength"": 500.0, ""concentration"": 1.0, ""path_length"": 5.0, ""absorbance"": 50.0}, {""wavelength"": 500.0, ""concentration"": 2.0, ""path_length"": 5.0, ""absorbance"": 100.0}, {""wavelength"": 500.0, ""concentration"": 3.0, ""path_length"": 5.0, ""absorbance"": 150.0}, {""wavelength"": 500.0, ""concentration"": 2.0, ""path_length"": 5.0, ""absorbance"": 100.0}]"
seq_0003__target_change_direction__simulation,seq_0003,target_change_direction,change_direction,simulation,simulation,"Does absorbance increase, decrease, or stay the same from step 0 to step 4?",increase,category,decrease,False,,"{""answer"": ""decrease""}","[""/results/yao314652/home/project/outputs/visual_benchmark/qwen25vl_3b_all_modalities_rerun/images/seq_0003__target_change_direction__simulation/simulation/step_0000.png"", ""/results/yao314652/home/project/outputs/visual_benchmark/qwen25vl_3b_all_modalities_rerun/images/seq_0003__target_change_direction__simulation/simulation/step_0001.png"", ""/results/yao314652/home/project/outputs/visual_benchmark/qwen25vl_3b_all_modalities_rerun/images/seq_0003__target_change_direction__simulation/simulation/step_0002.png"", ""/results/yao314652/home/project/outputs/visual_benchmark/qwen25vl_3b_all_modalities_rerun/images/seq_0003__target_change_direction__simulation/simulation/step_0003.png"", ""/results/yao314652/home/project/outputs/visual_benchmark/qwen25vl_3b_all_modalities_rerun/images/seq_0003__target_change_direction__simulation/simulation/step_0004.png""]","[{""wavelength"": 550.0, ""concentration"": 1.0, ""path_length"": 5.0, ""absorbance"": 55.0}, {""wavelength"": 500.0, ""concentration"": 1.0, ""path_length"": 5.0, ""absorbance"": 50.0}, {""wavelength"": 500.0, ""concentration"": 2.0, ""path_length"": 5.0, ""absorbance"": 100.0}, {""wavelength"": 500.0, ""concentration"": 3.0, ""path_length"": 5.0, ""absorbance"": 150.0}, {""wavelength"": 500.0, ""concentration"": 2.0, ""path_length"": 5.0, ""absorbance"": 100.0}]"
seq_0003__changed_variable_0_to_1__text,seq_0003,changed_variable_0_to_1,changed_variable,text,none,Which input variable changed from step 0 to step 1?,wavelength,category,concentration,False,,"{
  ""answer"": ""concentration""
}",[],"[{""wavelength"": 550.0, ""concentration"": 1.0, ""path_length"": 5.0, ""absorbance"": 55.0}, {""wavelength"": 500.0, ""concentration"": 1.0, ""path_length"": 5.0, ""absorbance"": 50.0}, {""wavelength"": 500.0, ""concentration"": 2.0, ""path_length"": 5.0, ""absorbance"": 100.0}, {""wavelength"": 500.0, ""concentration"": 3.0, ""path_length"": 5.0, ""absorbance"": 150.0}, {""wavelength"": 500.0, ""concentration"": 2.0, ""path_length"": 5.0, ""absorbance"": 100.0}]"
seq_0003__changed_variable_0_to_1__bar,seq_0003,changed_variable_0_to_1,changed_variable,bar,bar,Which input variable changed from step 0 to step 1?,wavelength,category,x,False,,"{""answer"": ""x""}","[""/results/yao314652/home/project/outputs/visual_benchmark/qwen25vl_3b_all_modalities_rerun/images/seq_0003__changed_variable_0_to_1__bar/bar/step_0000.png"", ""/results/yao314652/home/project/outputs/visual_benchmark/qwen25vl_3b_all_modalities_rerun/images/seq_0003__changed_variable_0_to_1__bar/bar/step_0001.png"", ""/results/yao314652/home/project/outputs/visual_benchmark/qwen25vl_3b_all_modalities_rerun/images/seq_0003__changed_variable_0_to_1__bar/bar/step_0002.png"", ""/results/yao314652/home/project/outputs/visual_benchmark/qwen25vl_3b_all_modalities_rerun/images/seq_0003__changed_variable_0_to_1__bar/bar/step_0003.png"", ""/results/yao314652/home/project/outputs/visual_benchmark/qwen25vl_3b_all_modalities_rerun/images/seq_0003__changed_variable_0_to_1__bar/bar/step_0004.png""]","[{""wavelength"": 550.0, ""concentration"": 1.0, ""path_length"": 5.0, ""absorbance"": 55.0}, {""wavelength"": 500.0, ""concentration"": 1.0, ""path_length"": 5.0, ""absorbance"": 50.0}, {""wavelength"": 500.0, ""concentration"": 2.0, ""path_length"": 5.0, ""absorbance"": 100.0}, {""wavelength"": 500.0, ""concentration"": 3.0, ""path_length"": 5.0, ""absorbance"": 150.0}, {""wavelength"": 500.0, ""concentration"": 2.0, ""path_length"": 5.0, ""absorbance"": 100.0}]"
seq_0003__changed_variable_0_to_1__line,seq_0003,changed_variable_0_to_1,changed_variable,line,line,Which input variable changed from step 0 to step 1?,wavelength,category,value,False,,"{""answer"": ""value""}","[""/results/yao314652/home/project/outputs/visual_benchmark/qwen25vl_3b_all_modalities_rerun/images/seq_0003__changed_variable_0_to_1__line/line/seq_0003__changed_variable_0_to_1__line_step_0000.png"", ""/results/yao314652/home/project/outputs/visual_benchmark/qwen25vl_3b_all_modalities_rerun/images/seq_0003__changed_variable_0_to_1__line/line/seq_0003__changed_variable_0_to_1__line_step_0001.png"", ""/results/yao314652/home/project/outputs/visual_benchmark/qwen25vl_3b_all_modalities_rerun/images/seq_0003__changed_variable_0_to_1__line/line/seq_0003__changed_variable_0_to_1__line_step_0002.png"", ""/results/yao314652/home/project/outputs/visual_benchmark/qwen25vl_3b_all_modalities_rerun/images/seq_0003__changed_variable_0_to_1__line/line/seq_0003__changed_variable_0_to_1__line_step_0003.png"", ""/results/yao314652/home/project/outputs/visual_benchmark/qwen25vl_3b_all_modalities_rerun/images/seq_0003__changed_variable_0_to_1__line/line/seq_0003__changed_variable_0_to_1__line_step_0004.png""]","[{""wavelength"": 550.0, ""concentration"": 1.0, ""path_length"": 5.0, ""absorbance"": 55.0}, {""wavelength"": 500.0, ""concentration"": 1.0, ""path_length"": 5.0, ""absorbance"": 50.0}, {""wavelength"": 500.0, ""concentration"": 2.0, ""path_length"": 5.0, ""absorbance"": 100.0}, {""wavelength"": 500.0, ""concentration"": 3.0, ""path_length"": 5.0, ""absorbance"": 150.0}, {""wavelength"": 500.0, ""concentration"": 2.0, ""path_length"": 5.0, ""absorbance"": 100.0}]"
seq_0003__changed_variable_0_to_1__scatter,seq_0003,changed_variable_0_to_1,changed_variable,scatter,scatter,Which input variable changed from step 0 to step 1?,wavelength,category,bias,False,,"{""answer"": ""bias""}","[""/results/yao314652/home/project/outputs/visual_benchmark/qwen25vl_3b_all_modalities_rerun/images/seq_0003__changed_variable_0_to_1__scatter/scatter/seq_0003__changed_variable_0_to_1__scatter_step_0000.png"", ""/results/yao314652/home/project/outputs/visual_benchmark/qwen25vl_3b_all_modalities_rerun/images/seq_0003__changed_variable_0_to_1__scatter/scatter/seq_0003__changed_variable_0_to_1__scatter_step_0001.png"", ""/results/yao314652/home/project/outputs/visual_benchmark/qwen25vl_3b_all_modalities_rerun/images/seq_0003__changed_variable_0_to_1__scatter/scatter/seq_0003__changed_variable_0_to_1__scatter_step_0002.png"", ""/results/yao314652/home/project/outputs/visual_benchmark/qwen25vl_3b_all_modalities_rerun/images/seq_0003__changed_variable_0_to_1__scatter/scatter/seq_0003__changed_variable_0_to_1__scatter_step_0003.png"", ""/results/yao314652/home/project/outputs/visual_benchmark/qwen25vl_3b_all_modalities_rerun/images/seq_0003__changed_variable_0_to_1__scatter/scatter/seq_0003__changed_variable_0_to_1__scatter_step_0004.png""]","[{""wavelength"": 550.0, ""concentration"": 1.0, ""path_length"": 5.0, ""absorbance"": 55.0}, {""wavelength"": 500.0, ""concentration"": 1.0, ""path_length"": 5.0, ""absorbance"": 50.0}, {""wavelength"": 500.0, ""concentration"": 2.0, ""path_length"": 5.0, ""absorbance"": 100.0}, {""wavelength"": 500.0, ""concentration"": 3.0, ""path_length"": 5.0, ""absorbance"": 150.0}, {""wavelength"": 500.0, ""concentration"": 2.0, ""path_length"": 5.0, ""absorbance"": 100.0}]"
seq_0003__changed_variable_0_to_1__simulation,seq_0003,changed_variable_0_to_1,changed_variable,simulation,simulation,Which input variable changed from step 0 to step 1?,wavelength,category,r,False,,"{""answer"": ""r""}","[""/results/yao314652/home/project/outputs/visual_benchmark/qwen25vl_3b_all_modalities_rerun/images/seq_0003__changed_variable_0_to_1__simulation/simulation/step_0000.png"", ""/results/yao314652/home/project/outputs/visual_benchmark/qwen25vl_3b_all_modalities_rerun/images/seq_0003__changed_variable_0_to_1__simulation/simulation/step_0001.png"", ""/results/yao314652/home/project/outputs/visual_benchmark/qwen25vl_3b_all_modalities_rerun/images/seq_0003__changed_variable_0_to_1__simulation/simulation/step_0002.png"", ""/results/yao314652/home/project/outputs/visual_benchmark/qwen25vl_3b_all_modalities_rerun/images/seq_0003__changed_variable_0_to_1__simulation/simulation/step_0003.png"", ""/results/yao314652/home/project/outputs/visual_benchmark/qwen25vl_3b_all_modalities_rerun/images/seq_0003__changed_variable_0_to_1__simulation/simulation/step_0004.png""]","[{""wavelength"": 550.0, ""concentration"": 1.0, ""path_length"": 5.0, ""absorbance"": 55.0}, {""wavelength"": 500.0, ""concentration"": 1.0, ""path_length"": 5.0, ""absorbance"": 50.0}, {""wavelength"": 500.0, ""concentration"": 2.0, ""path_length"": 5.0, ""absorbance"": 100.0}, {""wavelength"": 500.0, ""concentration"": 3.0, ""path_length"": 5.0, ""absorbance"": 150.0}, {""wavelength"": 500.0, ""concentration"": 2.0, ""path_length"": 5.0, ""absorbance"": 100.0}]"
seq_0003__max_target_step__text,seq_0003,max_target_step,max_step,text,none,At which step is absorbance the highest?,3,step,3,True,,"```json
{
  ""answer"": 3
}
```",[],"[{""wavelength"": 550.0, ""concentration"": 1.0, ""path_length"": 5.0, ""absorbance"": 55.0}, {""wavelength"": 500.0, ""concentration"": 1.0, ""path_length"": 5.0, ""absorbance"": 50.0}, {""wavelength"": 500.0, ""concentration"": 2.0, ""path_length"": 5.0, ""absorbance"": 100.0}, {""wavelength"": 500.0, ""concentration"": 3.0, ""path_length"": 5.0, ""absorbance"": 150.0}, {""wavelength"": 500.0, ""concentration"": 2.0, ""path_length"": 5.0, ""absorbance"": 100.0}]"
seq_0003__max_target_step__bar,seq_0003,max_target_step,max_step,bar,bar,At which step is absorbance the highest?,3,step,[2],False,,"```json
{
    ""answer"": [2]
}
```","[""/results/yao314652/home/project/outputs/visual_benchmark/qwen25vl_3b_all_modalities_rerun/images/seq_0003__max_target_step__bar/bar/step_0000.png"", ""/results/yao314652/home/project/outputs/visual_benchmark/qwen25vl_3b_all_modalities_rerun/images/seq_0003__max_target_step__bar/bar/step_0001.png"", ""/results/yao314652/home/project/outputs/visual_benchmark/qwen25vl_3b_all_modalities_rerun/images/seq_0003__max_target_step__bar/bar/step_0002.png"", ""/results/yao314652/home/project/outputs/visual_benchmark/qwen25vl_3b_all_modalities_rerun/images/seq_0003__max_target_step__bar/bar/step_0003.png"", ""/results/yao314652/home/project/outputs/visual_benchmark/qwen25vl_3b_all_modalities_rerun/images/seq_0003__max_target_step__bar/bar/step_0004.png""]","[{""wavelength"": 550.0, ""concentration"": 1.0, ""path_length"": 5.0, ""absorbance"": 55.0}, {""wavelength"": 500.0, ""concentration"": 1.0, ""path_length"": 5.0, ""absorbance"": 50.0}, {""wavelength"": 500.0, ""concentration"": 2.0, ""path_length"": 5.0, ""absorbance"": 100.0}, {""wavelength"": 500.0, ""concentration"": 3.0, ""path_length"": 5.0, ""absorbance"": 150.0}, {""wavelength"": 500.0, ""concentration"": 2.0, ""path_length"": 5.0, ""absorbance"": 100.0}]"
seq_0003__max_target_step__line,seq_0003,max_target_step,max_step,line,line,At which step is absorbance the highest?,3,step,2,False,,"```json
{
    ""answer"": 2
}
```","[""/results/yao314652/home/project/outputs/visual_benchmark/qwen25vl_3b_all_modalities_rerun/images/seq_0003__max_target_step__line/line/seq_0003__max_target_step__line_step_0000.png"", ""/results/yao314652/home/project/outputs/visual_benchmark/qwen25vl_3b_all_modalities_rerun/images/seq_0003__max_target_step__line/line/seq_0003__max_target_step__line_step_0001.png"", ""/results/yao314652/home/project/outputs/visual_benchmark/qwen25vl_3b_all_modalities_rerun/images/seq_0003__max_target_step__line/line/seq_0003__max_target_step__line_step_0002.png"", ""/results/yao314652/home/project/outputs/visual_benchmark/qwen25vl_3b_all_modalities_rerun/images/seq_0003__max_target_step__line/line/seq_0003__max_target_step__line_step_0003.png"", ""/results/yao314652/home/project/outputs/visual_benchmark/qwen25vl_3b_all_modalities_rerun/images/seq_0003__max_target_step__line/line/seq_0003__max_target_step__line_step_0004.png""]","[{""wavelength"": 550.0, ""concentration"": 1.0, ""path_length"": 5.0, ""absorbance"": 55.0}, {""wavelength"": 500.0, ""concentration"": 1.0, ""path_length"": 5.0, ""absorbance"": 50.0}, {""wavelength"": 500.0, ""concentration"": 2.0, ""path_length"": 5.0, ""absorbance"": 100.0}, {""wavelength"": 500.0, ""concentration"": 3.0, ""path_length"": 5.0, ""absorbance"": 150.0}, {""wavelength"": 500.0, ""concentration"": 2.0, ""path_length"": 5.0, ""absorbance"": 100.0}]"
seq_0003__max_target_step__scatter,seq_0003,max_target_step,max_step,scatter,scatter,At which step is absorbance the highest?,3,step,4,False,,"```json
{
    ""answer"": 4
}
```","[""/results/yao314652/home/project/outputs/visual_benchmark/qwen25vl_3b_all_modalities_rerun/images/seq_0003__max_target_step__scatter/scatter/seq_0003__max_target_step__scatter_step_0000.png"", ""/results/yao314652/home/project/outputs/visual_benchmark/qwen25vl_3b_all_modalities_rerun/images/seq_0003__max_target_step__scatter/scatter/seq_0003__max_target_step__scatter_step_0001.png"", ""/results/yao314652/home/project/outputs/visual_benchmark/qwen25vl_3b_all_modalities_rerun/images/seq_0003__max_target_step__scatter/scatter/seq_0003__max_target_step__scatter_step_0002.png"", ""/results/yao314652/home/project/outputs/visual_benchmark/qwen25vl_3b_all_modalities_rerun/images/seq_0003__max_target_step__scatter/scatter/seq_0003__max_target_step__scatter_step_0003.png"", ""/results/yao314652/home/project/outputs/visual_benchmark/qwen25vl_3b_all_modalities_rerun/images/seq_0003__max_target_step__scatter/scatter/seq_0003__max_target_step__scatter_step_0004.png""]","[{""wavelength"": 550.0, ""concentration"": 1.0, ""path_length"": 5.0, ""absorbance"": 55.0}, {""wavelength"": 500.0, ""concentration"": 1.0, ""path_length"": 5.0, ""absorbance"": 50.0}, {""wavelength"": 500.0, ""concentration"": 2.0, ""path_length"": 5.0, ""absorbance"": 100.0}, {""wavelength"": 500.0, ""concentration"": 3.0, ""path_length"": 5.0, ""absorbance"": 150.0}, {""wavelength"": 500.0, ""concentration"": 2.0, ""path_length"": 5.0, ""absorbance"": 100.0}]"
seq_0003__max_target_step__simulation,seq_0003,max_target_step,max_step,simulation,simulation,At which step is absorbance the highest?,3,step,[1],False,,"```json
{
    ""answer"": [1]
}
```","[""/results/yao314652/home/project/outputs/visual_benchmark/qwen25vl_3b_all_modalities_rerun/images/seq_0003__max_target_step__simulation/simulation/step_0000.png"", ""/results/yao314652/home/project/outputs/visual_benchmark/qwen25vl_3b_all_modalities_rerun/images/seq_0003__max_target_step__simulation/simulation/step_0001.png"", ""/results/yao314652/home/project/outputs/visual_benchmark/qwen25vl_3b_all_modalities_rerun/images/seq_0003__max_target_step__simulation/simulation/step_0002.png"", ""/results/yao314652/home/project/outputs/visual_benchmark/qwen25vl_3b_all_modalities_rerun/images/seq_0003__max_target_step__simulation/simulation/step_0003.png"", ""/results/yao314652/home/project/outputs/visual_benchmark/qwen25vl_3b_all_modalities_rerun/images/seq_0003__max_target_step__simulation/simulation/step_0004.png""]","[{""wavelength"": 550.0, ""concentration"": 1.0, ""path_length"": 5.0, ""absorbance"": 55.0}, {""wavelength"": 500.0, ""concentration"": 1.0, ""path_length"": 5.0, ""absorbance"": 50.0}, {""wavelength"": 500.0, ""concentration"": 2.0, ""path_length"": 5.0, ""absorbance"": 100.0}, {""wavelength"": 500.0, ""concentration"": 3.0, ""path_length"": 5.0, ""absorbance"": 150.0}, {""wavelength"": 500.0, ""concentration"": 2.0, ""path_length"": 5.0, ""absorbance"": 100.0}]"
seq_0003__largest_target_drop_step__text,seq_0003,largest_target_drop_step,largest_drop_step,text,none,"At which step does absorbance show the largest drop compared with the previous step? If it never drops, answer none.",4,step_or_none,2,False,,"```json
{
  ""answer"": ""2""
}
```",[],"[{""wavelength"": 550.0, ""concentration"": 1.0, ""path_length"": 5.0, ""absorbance"": 55.0}, {""wavelength"": 500.0, ""concentration"": 1.0, ""path_length"": 5.0, ""absorbance"": 50.0}, {""wavelength"": 500.0, ""concentration"": 2.0, ""path_length"": 5.0, ""absorbance"": 100.0}, {""wavelength"": 500.0, ""concentration"": 3.0, ""path_length"": 5.0, ""absorbance"": 150.0}, {""wavelength"": 500.0, ""concentration"": 2.0, ""path_length"": 5.0, ""absorbance"": 100.0}]"
seq_0003__largest_target_drop_step__bar,seq_0003,largest_target_drop_step,largest_drop_step,bar,bar,"At which step does absorbance show the largest drop compared with the previous step? If it never drops, answer none.",4,step_or_none,1,False,,"```json
{
    ""answer"": ""1""
}
```","[""/results/yao314652/home/project/outputs/visual_benchmark/qwen25vl_3b_all_modalities_rerun/images/seq_0003__largest_target_drop_step__bar/bar/step_0000.png"", ""/results/yao314652/home/project/outputs/visual_benchmark/qwen25vl_3b_all_modalities_rerun/images/seq_0003__largest_target_drop_step__bar/bar/step_0001.png"", ""/results/yao314652/home/project/outputs/visual_benchmark/qwen25vl_3b_all_modalities_rerun/images/seq_0003__largest_target_drop_step__bar/bar/step_0002.png"", ""/results/yao314652/home/project/outputs/visual_benchmark/qwen25vl_3b_all_modalities_rerun/images/seq_0003__largest_target_drop_step__bar/bar/step_0003.png"", ""/results/yao314652/home/project/outputs/visual_benchmark/qwen25vl_3b_all_modalities_rerun/images/seq_0003__largest_target_drop_step__bar/bar/step_0004.png""]","[{""wavelength"": 550.0, ""concentration"": 1.0, ""path_length"": 5.0, ""absorbance"": 55.0}, {""wavelength"": 500.0, ""concentration"": 1.0, ""path_length"": 5.0, ""absorbance"": 50.0}, {""wavelength"": 500.0, ""concentration"": 2.0, ""path_length"": 5.0, ""absorbance"": 100.0}, {""wavelength"": 500.0, ""concentration"": 3.0, ""path_length"": 5.0, ""absorbance"": 150.0}, {""wavelength"": 500.0, ""concentration"": 2.0, ""path_length"": 5.0, ""absorbance"": 100.0}]"
seq_0003__largest_target_drop_step__line,seq_0003,largest_target_drop_step,largest_drop_step,line,line,"At which step does absorbance show the largest drop compared with the previous step? If it never drops, answer none.",4,step_or_none,4,True,,"```json
{
    ""answer"": ""4""
}
```","[""/results/yao314652/home/project/outputs/visual_benchmark/qwen25vl_3b_all_modalities_rerun/images/seq_0003__largest_target_drop_step__line/line/seq_0003__largest_target_drop_step__line_step_0000.png"", ""/results/yao314652/home/project/outputs/visual_benchmark/qwen25vl_3b_all_modalities_rerun/images/seq_0003__largest_target_drop_step__line/line/seq_0003__largest_target_drop_step__line_step_0001.png"", ""/results/yao314652/home/project/outputs/visual_benchmark/qwen25vl_3b_all_modalities_rerun/images/seq_0003__largest_target_drop_step__line/line/seq_0003__largest_target_drop_step__line_step_0002.png"", ""/results/yao314652/home/project/outputs/visual_benchmark/qwen25vl_3b_all_modalities_rerun/images/seq_0003__largest_target_drop_step__line/line/seq_0003__largest_target_drop_step__line_step_0003.png"", ""/results/yao314652/home/project/outputs/visual_benchmark/qwen25vl_3b_all_modalities_rerun/images/seq_0003__largest_target_drop_step__line/line/seq_0003__largest_target_drop_step__line_step_0004.png""]","[{""wavelength"": 550.0, ""concentration"": 1.0, ""path_length"": 5.0, ""absorbance"": 55.0}, {""wavelength"": 500.0, ""concentration"": 1.0, ""path_length"": 5.0, ""absorbance"": 50.0}, {""wavelength"": 500.0, ""concentration"": 2.0, ""path_length"": 5.0, ""absorbance"": 100.0}, {""wavelength"": 500.0, ""concentration"": 3.0, ""path_length"": 5.0, ""absorbance"": 150.0}, {""wavelength"": 500.0, ""concentration"": 2.0, ""path_length"": 5.0, ""absorbance"": 100.0}]"
seq_0003__largest_target_drop_step__scatter,seq_0003,largest_target_drop_step,largest_drop_step,scatter,scatter,"At which step does absorbance show the largest drop compared with the previous step? If it never drops, answer none.",4,step_or_none,4,True,,"```json
{
    ""answer"": ""4""
}
```","[""/results/yao314652/home/project/outputs/visual_benchmark/qwen25vl_3b_all_modalities_rerun/images/seq_0003__largest_target_drop_step__scatter/scatter/seq_0003__largest_target_drop_step__scatter_step_0000.png"", ""/results/yao314652/home/project/outputs/visual_benchmark/qwen25vl_3b_all_modalities_rerun/images/seq_0003__largest_target_drop_step__scatter/scatter/seq_0003__largest_target_drop_step__scatter_step_0001.png"", ""/results/yao314652/home/project/outputs/visual_benchmark/qwen25vl_3b_all_modalities_rerun/images/seq_0003__largest_target_drop_step__scatter/scatter/seq_0003__largest_target_drop_step__scatter_step_0002.png"", ""/results/yao314652/home/project/outputs/visual_benchmark/qwen25vl_3b_all_modalities_rerun/images/seq_0003__largest_target_drop_step__scatter/scatter/seq_0003__largest_target_drop_step__scatter_step_0003.png"", ""/results/yao314652/home/project/outputs/visual_benchmark/qwen25vl_3b_all_modalities_rerun/images/seq_0003__largest_target_drop_step__scatter/scatter/seq_0003__largest_target_drop_step__scatter_step_0004.png""]","[{""wavelength"": 550.0, ""concentration"": 1.0, ""path_length"": 5.0, ""absorbance"": 55.0}, {""wavelength"": 500.0, ""concentration"": 1.0, ""path_length"": 5.0, ""absorbance"": 50.0}, {""wavelength"": 500.0, ""concentration"": 2.0, ""path_length"": 5.0, ""absorbance"": 100.0}, {""wavelength"": 500.0, ""concentration"": 3.0, ""path_length"": 5.0, ""absorbance"": 150.0}, {""wavelength"": 500.0, ""concentration"": 2.0, ""path_length"": 5.0, ""absorbance"": 100.0}]"
seq_0003__largest_target_drop_step__simulation,seq_0003,largest_target_drop_step,largest_drop_step,simulation,simulation,"At which step does absorbance show the largest drop compared with the previous step? If it never drops, answer none.",4,step_or_none,1,False,,"```json
{
  ""answer"": ""1""
}
```","[""/results/yao314652/home/project/outputs/visual_benchmark/qwen25vl_3b_all_modalities_rerun/images/seq_0003__largest_target_drop_step__simulation/simulation/step_0000.png"", ""/results/yao314652/home/project/outputs/visual_benchmark/qwen25vl_3b_all_modalities_rerun/images/seq_0003__largest_target_drop_step__simulation/simulation/step_0001.png"", ""/results/yao314652/home/project/outputs/visual_benchmark/qwen25vl_3b_all_modalities_rerun/images/seq_0003__largest_target_drop_step__simulation/simulation/step_0002.png"", ""/results/yao314652/home/project/outputs/visual_benchmark/qwen25vl_3b_all_modalities_rerun/images/seq_0003__largest_target_drop_step__simulation/simulation/step_0003.png"", ""/results/yao314652/home/project/outputs/visual_benchmark/qwen25vl_3b_all_modalities_rerun/images/seq_0003__largest_target_drop_step__simulation/simulation/step_0004.png""]","[{""wavelength"": 550.0, ""concentration"": 1.0, ""path_length"": 5.0, ""absorbance"": 55.0}, {""wavelength"": 500.0, ""concentration"": 1.0, ""path_length"": 5.0, ""absorbance"": 50.0}, {""wavelength"": 500.0, ""concentration"": 2.0, ""path_length"": 5.0, ""absorbance"": 100.0}, {""wavelength"": 500.0, ""concentration"": 3.0, ""path_length"": 5.0, ""absorbance"": 150.0}, {""wavelength"": 500.0, ""concentration"": 2.0, ""path_length"": 5.0, ""absorbance"": 100.0}]"
seq_0004__read_last_target__text,seq_0004,read_last_target,value_at_step,text,none,What is the value of absorbance at step 4?,64.0,number,64,True,0.0,"```json
{""answer"": 64}
```",[],"[{""wavelength"": 550.0, ""concentration"": 3.0, ""path_length"": 4.0, ""absorbance"": 132.0}, {""wavelength"": 500.0, ""concentration"": 3.0, ""path_length"": 4.0, ""absorbance"": 120.0}, {""wavelength"": 450.0, ""concentration"": 3.0, ""path_length"": 4.0, ""absorbance"": 108.0}, {""wavelength"": 400.0, ""concentration"": 3.0, ""path_length"": 4.0, ""absorbance"": 96.0}, {""wavelength"": 400.0, ""concentration"": 2.0, ""path_length"": 4.0, ""absorbance"": 64.0}]"
seq_0004__read_last_target__bar,seq_0004,read_last_target,value_at_step,bar,bar,What is the value of absorbance at step 4?,64.0,number,1.36792703486237,False,62.63207296513763,"```json
{
    ""answer"": 1.36792703486237
}
```","[""/results/yao314652/home/project/outputs/visual_benchmark/qwen25vl_3b_all_modalities_rerun/images/seq_0004__read_last_target__bar/bar/step_0000.png"", ""/results/yao314652/home/project/outputs/visual_benchmark/qwen25vl_3b_all_modalities_rerun/images/seq_0004__read_last_target__bar/bar/step_0001.png"", ""/results/yao314652/home/project/outputs/visual_benchmark/qwen25vl_3b_all_modalities_rerun/images/seq_0004__read_last_target__bar/bar/step_0002.png"", ""/results/yao314652/home/project/outputs/visual_benchmark/qwen25vl_3b_all_modalities_rerun/images/seq_0004__read_last_target__bar/bar/step_0003.png"", ""/results/yao314652/home/project/outputs/visual_benchmark/qwen25vl_3b_all_modalities_rerun/images/seq_0004__read_last_target__bar/bar/step_0004.png""]","[{""wavelength"": 550.0, ""concentration"": 3.0, ""path_length"": 4.0, ""absorbance"": 132.0}, {""wavelength"": 500.0, ""concentration"": 3.0, ""path_length"": 4.0, ""absorbance"": 120.0}, {""wavelength"": 450.0, ""concentration"": 3.0, ""path_length"": 4.0, ""absorbance"": 108.0}, {""wavelength"": 400.0, ""concentration"": 3.0, ""path_length"": 4.0, ""absorbance"": 96.0}, {""wavelength"": 400.0, ""concentration"": 2.0, ""path_length"": 4.0, ""absorbance"": 64.0}]"
seq_0004__read_last_target__line,seq_0004,read_last_target,value_at_step,line,line,What is the value of absorbance at step 4?,64.0,number,2.12603,False,61.87397,"```json
{
  ""answer"": 2.12603
}
```","[""/results/yao314652/home/project/outputs/visual_benchmark/qwen25vl_3b_all_modalities_rerun/images/seq_0004__read_last_target__line/line/seq_0004__read_last_target__line_step_0000.png"", ""/results/yao314652/home/project/outputs/visual_benchmark/qwen25vl_3b_all_modalities_rerun/images/seq_0004__read_last_target__line/line/seq_0004__read_last_target__line_step_0001.png"", ""/results/yao314652/home/project/outputs/visual_benchmark/qwen25vl_3b_all_modalities_rerun/images/seq_0004__read_last_target__line/line/seq_0004__read_last_target__line_step_0002.png"", ""/results/yao314652/home/project/outputs/visual_benchmark/qwen25vl_3b_all_modalities_rerun/images/seq_0004__read_last_target__line/line/seq_0004__read_last_target__line_step_0003.png"", ""/results/yao314652/home/project/outputs/visual_benchmark/qwen25vl_3b_all_modalities_rerun/images/seq_0004__read_last_target__line/line/seq_0004__read_last_target__line_step_0004.png""]","[{""wavelength"": 550.0, ""concentration"": 3.0, ""path_length"": 4.0, ""absorbance"": 132.0}, {""wavelength"": 500.0, ""concentration"": 3.0, ""path_length"": 4.0, ""absorbance"": 120.0}, {""wavelength"": 450.0, ""concentration"": 3.0, ""path_length"": 4.0, ""absorbance"": 108.0}, {""wavelength"": 400.0, ""concentration"": 3.0, ""path_length"": 4.0, ""absorbance"": 96.0}, {""wavelength"": 400.0, ""concentration"": 2.0, ""path_length"": 4.0, ""absorbance"": 64.0}]"
seq_0004__read_last_target__scatter,seq_0004,read_last_target,value_at_step,scatter,scatter,What is the value of absorbance at step 4?,64.0,number,0.163,False,63.837,"```json
{
    ""answer"": 0.163
}
```","[""/results/yao314652/home/project/outputs/visual_benchmark/qwen25vl_3b_all_modalities_rerun/images/seq_0004__read_last_target__scatter/scatter/seq_0004__read_last_target__scatter_step_0000.png"", ""/results/yao314652/home/project/outputs/visual_benchmark/qwen25vl_3b_all_modalities_rerun/images/seq_0004__read_last_target__scatter/scatter/seq_0004__read_last_target__scatter_step_0001.png"", ""/results/yao314652/home/project/outputs/visual_benchmark/qwen25vl_3b_all_modalities_rerun/images/seq_0004__read_last_target__scatter/scatter/seq_0004__read_last_target__scatter_step_0002.png"", ""/results/yao314652/home/project/outputs/visual_benchmark/qwen25vl_3b_all_modalities_rerun/images/seq_0004__read_last_target__scatter/scatter/seq_0004__read_last_target__scatter_step_0003.png"", ""/results/yao314652/home/project/outputs/visual_benchmark/qwen25vl_3b_all_modalities_rerun/images/seq_0004__read_last_target__scatter/scatter/seq_0004__read_last_target__scatter_step_0004.png""]","[{""wavelength"": 550.0, ""concentration"": 3.0, ""path_length"": 4.0, ""absorbance"": 132.0}, {""wavelength"": 500.0, ""concentration"": 3.0, ""path_length"": 4.0, ""absorbance"": 120.0}, {""wavelength"": 450.0, ""concentration"": 3.0, ""path_length"": 4.0, ""absorbance"": 108.0}, {""wavelength"": 400.0, ""concentration"": 3.0, ""path_length"": 4.0, ""absorbance"": 96.0}, {""wavelength"": 400.0, ""concentration"": 2.0, ""path_length"": 4.0, ""absorbance"": 64.0}]"
seq_0004__read_last_target__simulation,seq_0004,read_last_target,value_at_step,simulation,simulation,What is the value of absorbance at step 4?,64.0,number,0.679,False,63.321,"```json
{
  ""answer"": 0.679
}
```","[""/results/yao314652/home/project/outputs/visual_benchmark/qwen25vl_3b_all_modalities_rerun/images/seq_0004__read_last_target__simulation/simulation/step_0000.png"", ""/results/yao314652/home/project/outputs/visual_benchmark/qwen25vl_3b_all_modalities_rerun/images/seq_0004__read_last_target__simulation/simulation/step_0001.png"", ""/results/yao314652/home/project/outputs/visual_benchmark/qwen25vl_3b_all_modalities_rerun/images/seq_0004__read_last_target__simulation/simulation/step_0002.png"", ""/results/yao314652/home/project/outputs/visual_benchmark/qwen25vl_3b_all_modalities_rerun/images/seq_0004__read_last_target__simulation/simulation/step_0003.png"", ""/results/yao314652/home/project/outputs/visual_benchmark/qwen25vl_3b_all_modalities_rerun/images/seq_0004__read_last_target__simulation/simulation/step_0004.png""]","[{""wavelength"": 550.0, ""concentration"": 3.0, ""path_length"": 4.0, ""absorbance"": 132.0}, {""wavelength"": 500.0, ""concentration"": 3.0, ""path_length"": 4.0, ""absorbance"": 120.0}, {""wavelength"": 450.0, ""concentration"": 3.0, ""path_length"": 4.0, ""absorbance"": 108.0}, {""wavelength"": 400.0, ""concentration"": 3.0, ""path_length"": 4.0, ""absorbance"": 96.0}, {""wavelength"": 400.0, ""concentration"": 2.0, ""path_length"": 4.0, ""absorbance"": 64.0}]"
seq_0004__target_change_amount__text,seq_0004,target_change_amount,change_amount,text,none,By how much does absorbance change from step 0 to step 4?,-68.0,number,72,False,140.0,"```json
{
  ""answer"": 72
}
```",[],"[{""wavelength"": 550.0, ""concentration"": 3.0, ""path_length"": 4.0, ""absorbance"": 132.0}, {""wavelength"": 500.0, ""concentration"": 3.0, ""path_length"": 4.0, ""absorbance"": 120.0}, {""wavelength"": 450.0, ""concentration"": 3.0, ""path_length"": 4.0, ""absorbance"": 108.0}, {""wavelength"": 400.0, ""concentration"": 3.0, ""path_length"": 4.0, ""absorbance"": 96.0}, {""wavelength"": 400.0, ""concentration"": 2.0, ""path_length"": 4.0, ""absorbance"": 64.0}]"
seq_0004__target_change_amount__bar,seq_0004,target_change_amount,change_amount,bar,bar,By how much does absorbance change from step 0 to step 4?,-68.0,number,0.278916,False,68.278916,"```json
{
    ""answer"": 0.278916
}
```","[""/results/yao314652/home/project/outputs/visual_benchmark/qwen25vl_3b_all_modalities_rerun/images/seq_0004__target_change_amount__bar/bar/step_0000.png"", ""/results/yao314652/home/project/outputs/visual_benchmark/qwen25vl_3b_all_modalities_rerun/images/seq_0004__target_change_amount__bar/bar/step_0001.png"", ""/results/yao314652/home/project/outputs/visual_benchmark/qwen25vl_3b_all_modalities_rerun/images/seq_0004__target_change_amount__bar/bar/step_0002.png"", ""/results/yao314652/home/project/outputs/visual_benchmark/qwen25vl_3b_all_modalities_rerun/images/seq_0004__target_change_amount__bar/bar/step_0003.png"", ""/results/yao314652/home/project/outputs/visual_benchmark/qwen25vl_3b_all_modalities_rerun/images/seq_0004__target_change_amount__bar/bar/step_0004.png""]","[{""wavelength"": 550.0, ""concentration"": 3.0, ""path_length"": 4.0, ""absorbance"": 132.0}, {""wavelength"": 500.0, ""concentration"": 3.0, ""path_length"": 4.0, ""absorbance"": 120.0}, {""wavelength"": 450.0, ""concentration"": 3.0, ""path_length"": 4.0, ""absorbance"": 108.0}, {""wavelength"": 400.0, ""concentration"": 3.0, ""path_length"": 4.0, ""absorbance"": 96.0}, {""wavelength"": 400.0, ""concentration"": 2.0, ""path_length"": 4.0, ""absorbance"": 64.0}]"
seq_0004__target_change_amount__line,seq_0004,target_change_amount,change_amount,line,line,By how much does absorbance change from step 0 to step 4?,-68.0,number,-1.679,False,66.321,"```json
{
    ""answer"": -1.679
}
```","[""/results/yao314652/home/project/outputs/visual_benchmark/qwen25vl_3b_all_modalities_rerun/images/seq_0004__target_change_amount__line/line/seq_0004__target_change_amount__line_step_0000.png"", ""/results/yao314652/home/project/outputs/visual_benchmark/qwen25vl_3b_all_modalities_rerun/images/seq_0004__target_change_amount__line/line/seq_0004__target_change_amount__line_step_0001.png"", ""/results/yao314652/home/project/outputs/visual_benchmark/qwen25vl_3b_all_modalities_rerun/images/seq_0004__target_change_amount__line/line/seq_0004__target_change_amount__line_step_0002.png"", ""/results/yao314652/home/project/outputs/visual_benchmark/qwen25vl_3b_all_modalities_rerun/images/seq_0004__target_change_amount__line/line/seq_0004__target_change_amount__line_step_0003.png"", ""/results/yao314652/home/project/outputs/visual_benchmark/qwen25vl_3b_all_modalities_rerun/images/seq_0004__target_change_amount__line/line/seq_0004__target_change_amount__line_step_0004.png""]","[{""wavelength"": 550.0, ""concentration"": 3.0, ""path_length"": 4.0, ""absorbance"": 132.0}, {""wavelength"": 500.0, ""concentration"": 3.0, ""path_length"": 4.0, ""absorbance"": 120.0}, {""wavelength"": 450.0, ""concentration"": 3.0, ""path_length"": 4.0, ""absorbance"": 108.0}, {""wavelength"": 400.0, ""concentration"": 3.0, ""path_length"": 4.0, ""absorbance"": 96.0}, {""wavelength"": 400.0, ""concentration"": 2.0, ""path_length"": 4.0, ""absorbance"": 64.0}]"
seq_0004__target_change_amount__scatter,seq_0004,target_change_amount,change_amount,scatter,scatter,By how much does absorbance change from step 0 to step 4?,-68.0,number,1.326861,False,69.326861,"```json
{
    ""answer"": 1.326861
}
```","[""/results/yao314652/home/project/outputs/visual_benchmark/qwen25vl_3b_all_modalities_rerun/images/seq_0004__target_change_amount__scatter/scatter/seq_0004__target_change_amount__scatter_step_0000.png"", ""/results/yao314652/home/project/outputs/visual_benchmark/qwen25vl_3b_all_modalities_rerun/images/seq_0004__target_change_amount__scatter/scatter/seq_0004__target_change_amount__scatter_step_0001.png"", ""/results/yao314652/home/project/outputs/visual_benchmark/qwen25vl_3b_all_modalities_rerun/images/seq_0004__target_change_amount__scatter/scatter/seq_0004__target_change_amount__scatter_step_0002.png"", ""/results/yao314652/home/project/outputs/visual_benchmark/qwen25vl_3b_all_modalities_rerun/images/seq_0004__target_change_amount__scatter/scatter/seq_0004__target_change_amount__scatter_step_0003.png"", ""/results/yao314652/home/project/outputs/visual_benchmark/qwen25vl_3b_all_modalities_rerun/images/seq_0004__target_change_amount__scatter/scatter/seq_0004__target_change_amount__scatter_step_0004.png""]","[{""wavelength"": 550.0, ""concentration"": 3.0, ""path_length"": 4.0, ""absorbance"": 132.0}, {""wavelength"": 500.0, ""concentration"": 3.0, ""path_length"": 4.0, ""absorbance"": 120.0}, {""wavelength"": 450.0, ""concentration"": 3.0, ""path_length"": 4.0, ""absorbance"": 108.0}, {""wavelength"": 400.0, ""concentration"": 3.0, ""path_length"": 4.0, ""absorbance"": 96.0}, {""wavelength"": 400.0, ""concentration"": 2.0, ""path_length"": 4.0, ""absorbance"": 64.0}]"
seq_0004__target_change_amount__simulation,seq_0004,target_change_amount,change_amount,simulation,simulation,By how much does absorbance change from step 0 to step 4?,-68.0,number,0.13,False,68.13,"{""answer"": 0.13}","[""/results/yao314652/home/project/outputs/visual_benchmark/qwen25vl_3b_all_modalities_rerun/images/seq_0004__target_change_amount__simulation/simulation/step_0000.png"", ""/results/yao314652/home/project/outputs/visual_benchmark/qwen25vl_3b_all_modalities_rerun/images/seq_0004__target_change_amount__simulation/simulation/step_0001.png"", ""/results/yao314652/home/project/outputs/visual_benchmark/qwen25vl_3b_all_modalities_rerun/images/seq_0004__target_change_amount__simulation/simulation/step_0002.png"", ""/results/yao314652/home/project/outputs/visual_benchmark/qwen25vl_3b_all_modalities_rerun/images/seq_0004__target_change_amount__simulation/simulation/step_0003.png"", ""/results/yao314652/home/project/outputs/visual_benchmark/qwen25vl_3b_all_modalities_rerun/images/seq_0004__target_change_amount__simulation/simulation/step_0004.png""]","[{""wavelength"": 550.0, ""concentration"": 3.0, ""path_length"": 4.0, ""absorbance"": 132.0}, {""wavelength"": 500.0, ""concentration"": 3.0, ""path_length"": 4.0, ""absorbance"": 120.0}, {""wavelength"": 450.0, ""concentration"": 3.0, ""path_length"": 4.0, ""absorbance"": 108.0}, {""wavelength"": 400.0, ""concentration"": 3.0, ""path_length"": 4.0, ""absorbance"": 96.0}, {""wavelength"": 400.0, ""concentration"": 2.0, ""path_length"": 4.0, ""absorbance"": 64.0}]"
seq_0004__target_change_direction__text,seq_0004,target_change_direction,change_direction,text,none,"Does absorbance increase, decrease, or stay the same from step 0 to step 4?",decrease,category,decrease,True,,"```json
{""answer"": ""decrease""}
```",[],"[{""wavelength"": 550.0, ""concentration"": 3.0, ""path_length"": 4.0, ""absorbance"": 132.0}, {""wavelength"": 500.0, ""concentration"": 3.0, ""path_length"": 4.0, ""absorbance"": 120.0}, {""wavelength"": 450.0, ""concentration"": 3.0, ""path_length"": 4.0, ""absorbance"": 108.0}, {""wavelength"": 400.0, ""concentration"": 3.0, ""path_length"": 4.0, ""absorbance"": 96.0}, {""wavelength"": 400.0, ""concentration"": 2.0, ""path_length"": 4.0, ""absorbance"": 64.0}]"
seq_0004__target_change_direction__bar,seq_0004,target_change_direction,change_direction,bar,bar,"Does absorbance increase, decrease, or stay the same from step 0 to step 4?",decrease,category,decrease,True,,"```json
{
  ""answer"": ""decrease""
}
```","[""/results/yao314652/home/project/outputs/visual_benchmark/qwen25vl_3b_all_modalities_rerun/images/seq_0004__target_change_direction__bar/bar/step_0000.png"", ""/results/yao314652/home/project/outputs/visual_benchmark/qwen25vl_3b_all_modalities_rerun/images/seq_0004__target_change_direction__bar/bar/step_0001.png"", ""/results/yao314652/home/project/outputs/visual_benchmark/qwen25vl_3b_all_modalities_rerun/images/seq_0004__target_change_direction__bar/bar/step_0002.png"", ""/results/yao314652/home/project/outputs/visual_benchmark/qwen25vl_3b_all_modalities_rerun/images/seq_0004__target_change_direction__bar/bar/step_0003.png"", ""/results/yao314652/home/project/outputs/visual_benchmark/qwen25vl_3b_all_modalities_rerun/images/seq_0004__target_change_direction__bar/bar/step_0004.png""]","[{""wavelength"": 550.0, ""concentration"": 3.0, ""path_length"": 4.0, ""absorbance"": 132.0}, {""wavelength"": 500.0, ""concentration"": 3.0, ""path_length"": 4.0, ""absorbance"": 120.0}, {""wavelength"": 450.0, ""concentration"": 3.0, ""path_length"": 4.0, ""absorbance"": 108.0}, {""wavelength"": 400.0, ""concentration"": 3.0, ""path_length"": 4.0, ""absorbance"": 96.0}, {""wavelength"": 400.0, ""concentration"": 2.0, ""path_length"": 4.0, ""absorbance"": 64.0}]"
seq_0004__target_change_direction__line,seq_0004,target_change_direction,change_direction,line,line,"Does absorbance increase, decrease, or stay the same from step 0 to step 4?",decrease,category,decrease,True,,"{""answer"": ""decrease""}","[""/results/yao314652/home/project/outputs/visual_benchmark/qwen25vl_3b_all_modalities_rerun/images/seq_0004__target_change_direction__line/line/seq_0004__target_change_direction__line_step_0000.png"", ""/results/yao314652/home/project/outputs/visual_benchmark/qwen25vl_3b_all_modalities_rerun/images/seq_0004__target_change_direction__line/line/seq_0004__target_change_direction__line_step_0001.png"", ""/results/yao314652/home/project/outputs/visual_benchmark/qwen25vl_3b_all_modalities_rerun/images/seq_0004__target_change_direction__line/line/seq_0004__target_change_direction__line_step_0002.png"", ""/results/yao314652/home/project/outputs/visual_benchmark/qwen25vl_3b_all_modalities_rerun/images/seq_0004__target_change_direction__line/line/seq_0004__target_change_direction__line_step_0003.png"", ""/results/yao314652/home/project/outputs/visual_benchmark/qwen25vl_3b_all_modalities_rerun/images/seq_0004__target_change_direction__line/line/seq_0004__target_change_direction__line_step_0004.png""]","[{""wavelength"": 550.0, ""concentration"": 3.0, ""path_length"": 4.0, ""absorbance"": 132.0}, {""wavelength"": 500.0, ""concentration"": 3.0, ""path_length"": 4.0, ""absorbance"": 120.0}, {""wavelength"": 450.0, ""concentration"": 3.0, ""path_length"": 4.0, ""absorbance"": 108.0}, {""wavelength"": 400.0, ""concentration"": 3.0, ""path_length"": 4.0, ""absorbance"": 96.0}, {""wavelength"": 400.0, ""concentration"": 2.0, ""path_length"": 4.0, ""absorbance"": 64.0}]"
seq_0004__target_change_direction__scatter,seq_0004,target_change_direction,change_direction,scatter,scatter,"Does absorbance increase, decrease, or stay the same from step 0 to step 4?",decrease,category,decrease,True,,"{""answer"": ""decrease""}","[""/results/yao314652/home/project/outputs/visual_benchmark/qwen25vl_3b_all_modalities_rerun/images/seq_0004__target_change_direction__scatter/scatter/seq_0004__target_change_direction__scatter_step_0000.png"", ""/results/yao314652/home/project/outputs/visual_benchmark/qwen25vl_3b_all_modalities_rerun/images/seq_0004__target_change_direction__scatter/scatter/seq_0004__target_change_direction__scatter_step_0001.png"", ""/results/yao314652/home/project/outputs/visual_benchmark/qwen25vl_3b_all_modalities_rerun/images/seq_0004__target_change_direction__scatter/scatter/seq_0004__target_change_direction__scatter_step_0002.png"", ""/results/yao314652/home/project/outputs/visual_benchmark/qwen25vl_3b_all_modalities_rerun/images/seq_0004__target_change_direction__scatter/scatter/seq_0004__target_change_direction__scatter_step_0003.png"", ""/results/yao314652/home/project/outputs/visual_benchmark/qwen25vl_3b_all_modalities_rerun/images/seq_0004__target_change_direction__scatter/scatter/seq_0004__target_change_direction__scatter_step_0004.png""]","[{""wavelength"": 550.0, ""concentration"": 3.0, ""path_length"": 4.0, ""absorbance"": 132.0}, {""wavelength"": 500.0, ""concentration"": 3.0, ""path_length"": 4.0, ""absorbance"": 120.0}, {""wavelength"": 450.0, ""concentration"": 3.0, ""path_length"": 4.0, ""absorbance"": 108.0}, {""wavelength"": 400.0, ""concentration"": 3.0, ""path_length"": 4.0, ""absorbance"": 96.0}, {""wavelength"": 400.0, ""concentration"": 2.0, ""path_length"": 4.0, ""absorbance"": 64.0}]"
seq_0004__target_change_direction__simulation,seq_0004,target_change_direction,change_direction,simulation,simulation,"Does absorbance increase, decrease, or stay the same from step 0 to step 4?",decrease,category,decrease,True,,"{""answer"": ""decrease""}","[""/results/yao314652/home/project/outputs/visual_benchmark/qwen25vl_3b_all_modalities_rerun/images/seq_0004__target_change_direction__simulation/simulation/step_0000.png"", ""/results/yao314652/home/project/outputs/visual_benchmark/qwen25vl_3b_all_modalities_rerun/images/seq_0004__target_change_direction__simulation/simulation/step_0001.png"", ""/results/yao314652/home/project/outputs/visual_benchmark/qwen25vl_3b_all_modalities_rerun/images/seq_0004__target_change_direction__simulation/simulation/step_0002.png"", ""/results/yao314652/home/project/outputs/visual_benchmark/qwen25vl_3b_all_modalities_rerun/images/seq_0004__target_change_direction__simulation/simulation/step_0003.png"", ""/results/yao314652/home/project/outputs/visual_benchmark/qwen25vl_3b_all_modalities_rerun/images/seq_0004__target_change_direction__simulation/simulation/step_0004.png""]","[{""wavelength"": 550.0, ""concentration"": 3.0, ""path_length"": 4.0, ""absorbance"": 132.0}, {""wavelength"": 500.0, ""concentration"": 3.0, ""path_length"": 4.0, ""absorbance"": 120.0}, {""wavelength"": 450.0, ""concentration"": 3.0, ""path_length"": 4.0, ""absorbance"": 108.0}, {""wavelength"": 400.0, ""concentration"": 3.0, ""path_length"": 4.0, ""absorbance"": 96.0}, {""wavelength"": 400.0, ""concentration"": 2.0, ""path_length"": 4.0, ""absorbance"": 64.0}]"
seq_0004__changed_variable_0_to_1__text,seq_0004,changed_variable_0_to_1,changed_variable,text,none,Which input variable changed from step 0 to step 1?,wavelength,category,concentration,False,,"{
  ""answer"": ""concentration""
}",[],"[{""wavelength"": 550.0, ""concentration"": 3.0, ""path_length"": 4.0, ""absorbance"": 132.0}, {""wavelength"": 500.0, ""concentration"": 3.0, ""path_length"": 4.0, ""absorbance"": 120.0}, {""wavelength"": 450.0, ""concentration"": 3.0, ""path_length"": 4.0, ""absorbance"": 108.0}, {""wavelength"": 400.0, ""concentration"": 3.0, ""path_length"": 4.0, ""absorbance"": 96.0}, {""wavelength"": 400.0, ""concentration"": 2.0, ""path_length"": 4.0, ""absorbance"": 64.0}]"
seq_0004__changed_variable_0_to_1__bar,seq_0004,changed_variable_0_to_1,changed_variable,bar,bar,Which input variable changed from step 0 to step 1?,wavelength,category,b,False,,"{""answer"": ""b""}","[""/results/yao314652/home/project/outputs/visual_benchmark/qwen25vl_3b_all_modalities_rerun/images/seq_0004__changed_variable_0_to_1__bar/bar/step_0000.png"", ""/results/yao314652/home/project/outputs/visual_benchmark/qwen25vl_3b_all_modalities_rerun/images/seq_0004__changed_variable_0_to_1__bar/bar/step_0001.png"", ""/results/yao314652/home/project/outputs/visual_benchmark/qwen25vl_3b_all_modalities_rerun/images/seq_0004__changed_variable_0_to_1__bar/bar/step_0002.png"", ""/results/yao314652/home/project/outputs/visual_benchmark/qwen25vl_3b_all_modalities_rerun/images/seq_0004__changed_variable_0_to_1__bar/bar/step_0003.png"", ""/results/yao314652/home/project/outputs/visual_benchmark/qwen25vl_3b_all_modalities_rerun/images/seq_0004__changed_variable_0_to_1__bar/bar/step_0004.png""]","[{""wavelength"": 550.0, ""concentration"": 3.0, ""path_length"": 4.0, ""absorbance"": 132.0}, {""wavelength"": 500.0, ""concentration"": 3.0, ""path_length"": 4.0, ""absorbance"": 120.0}, {""wavelength"": 450.0, ""concentration"": 3.0, ""path_length"": 4.0, ""absorbance"": 108.0}, {""wavelength"": 400.0, ""concentration"": 3.0, ""path_length"": 4.0, ""absorbance"": 96.0}, {""wavelength"": 400.0, ""concentration"": 2.0, ""path_length"": 4.0, ""absorbance"": 64.0}]"
seq_0004__changed_variable_0_to_1__line,seq_0004,changed_variable_0_to_1,changed_variable,line,line,Which input variable changed from step 0 to step 1?,wavelength,category,x,False,,"{""answer"": ""x""}","[""/results/yao314652/home/project/outputs/visual_benchmark/qwen25vl_3b_all_modalities_rerun/images/seq_0004__changed_variable_0_to_1__line/line/seq_0004__changed_variable_0_to_1__line_step_0000.png"", ""/results/yao314652/home/project/outputs/visual_benchmark/qwen25vl_3b_all_modalities_rerun/images/seq_0004__changed_variable_0_to_1__line/line/seq_0004__changed_variable_0_to_1__line_step_0001.png"", ""/results/yao314652/home/project/outputs/visual_benchmark/qwen25vl_3b_all_modalities_rerun/images/seq_0004__changed_variable_0_to_1__line/line/seq_0004__changed_variable_0_to_1__line_step_0002.png"", ""/results/yao314652/home/project/outputs/visual_benchmark/qwen25vl_3b_all_modalities_rerun/images/seq_0004__changed_variable_0_to_1__line/line/seq_0004__changed_variable_0_to_1__line_step_0003.png"", ""/results/yao314652/home/project/outputs/visual_benchmark/qwen25vl_3b_all_modalities_rerun/images/seq_0004__changed_variable_0_to_1__line/line/seq_0004__changed_variable_0_to_1__line_step_0004.png""]","[{""wavelength"": 550.0, ""concentration"": 3.0, ""path_length"": 4.0, ""absorbance"": 132.0}, {""wavelength"": 500.0, ""concentration"": 3.0, ""path_length"": 4.0, ""absorbance"": 120.0}, {""wavelength"": 450.0, ""concentration"": 3.0, ""path_length"": 4.0, ""absorbance"": 108.0}, {""wavelength"": 400.0, ""concentration"": 3.0, ""path_length"": 4.0, ""absorbance"": 96.0}, {""wavelength"": 400.0, ""concentration"": 2.0, ""path_length"": 4.0, ""absorbance"": 64.0}]"
seq_0004__changed_variable_0_to_1__scatter,seq_0004,changed_variable_0_to_1,changed_variable,scatter,scatter,Which input variable changed from step 0 to step 1?,wavelength,category,b,False,,"{""answer"": ""b""}","[""/results/yao314652/home/project/outputs/visual_benchmark/qwen25vl_3b_all_modalities_rerun/images/seq_0004__changed_variable_0_to_1__scatter/scatter/seq_0004__changed_variable_0_to_1__scatter_step_0000.png"", ""/results/yao314652/home/project/outputs/visual_benchmark/qwen25vl_3b_all_modalities_rerun/images/seq_0004__changed_variable_0_to_1__scatter/scatter/seq_0004__changed_variable_0_to_1__scatter_step_0001.png"", ""/results/yao314652/home/project/outputs/visual_benchmark/qwen25vl_3b_all_modalities_rerun/images/seq_0004__changed_variable_0_to_1__scatter/scatter/seq_0004__changed_variable_0_to_1__scatter_step_0002.png"", ""/results/yao314652/home/project/outputs/visual_benchmark/qwen25vl_3b_all_modalities_rerun/images/seq_0004__changed_variable_0_to_1__scatter/scatter/seq_0004__changed_variable_0_to_1__scatter_step_0003.png"", ""/results/yao314652/home/project/outputs/visual_benchmark/qwen25vl_3b_all_modalities_rerun/images/seq_0004__changed_variable_0_to_1__scatter/scatter/seq_0004__changed_variable_0_to_1__scatter_step_0004.png""]","[{""wavelength"": 550.0, ""concentration"": 3.0, ""path_length"": 4.0, ""absorbance"": 132.0}, {""wavelength"": 500.0, ""concentration"": 3.0, ""path_length"": 4.0, ""absorbance"": 120.0}, {""wavelength"": 450.0, ""concentration"": 3.0, ""path_length"": 4.0, ""absorbance"": 108.0}, {""wavelength"": 400.0, ""concentration"": 3.0, ""path_length"": 4.0, ""absorbance"": 96.0}, {""wavelength"": 400.0, ""concentration"": 2.0, ""path_length"": 4.0, ""absorbance"": 64.0}]"
seq_0004__changed_variable_0_to_1__simulation,seq_0004,changed_variable_0_to_1,changed_variable,simulation,simulation,Which input variable changed from step 0 to step 1?,wavelength,category,input voltage,False,,"{""answer"": ""input voltage""}","[""/results/yao314652/home/project/outputs/visual_benchmark/qwen25vl_3b_all_modalities_rerun/images/seq_0004__changed_variable_0_to_1__simulation/simulation/step_0000.png"", ""/results/yao314652/home/project/outputs/visual_benchmark/qwen25vl_3b_all_modalities_rerun/images/seq_0004__changed_variable_0_to_1__simulation/simulation/step_0001.png"", ""/results/yao314652/home/project/outputs/visual_benchmark/qwen25vl_3b_all_modalities_rerun/images/seq_0004__changed_variable_0_to_1__simulation/simulation/step_0002.png"", ""/results/yao314652/home/project/outputs/visual_benchmark/qwen25vl_3b_all_modalities_rerun/images/seq_0004__changed_variable_0_to_1__simulation/simulation/step_0003.png"", ""/results/yao314652/home/project/outputs/visual_benchmark/qwen25vl_3b_all_modalities_rerun/images/seq_0004__changed_variable_0_to_1__simulation/simulation/step_0004.png""]","[{""wavelength"": 550.0, ""concentration"": 3.0, ""path_length"": 4.0, ""absorbance"": 132.0}, {""wavelength"": 500.0, ""concentration"": 3.0, ""path_length"": 4.0, ""absorbance"": 120.0}, {""wavelength"": 450.0, ""concentration"": 3.0, ""path_length"": 4.0, ""absorbance"": 108.0}, {""wavelength"": 400.0, ""concentration"": 3.0, ""path_length"": 4.0, ""absorbance"": 96.0}, {""wavelength"": 400.0, ""concentration"": 2.0, ""path_length"": 4.0, ""absorbance"": 64.0}]"
seq_0004__max_target_step__text,seq_0004,max_target_step,max_step,text,none,At which step is absorbance the highest?,0,step,0,True,,"```json
{
  ""answer"": 0
}
```",[],"[{""wavelength"": 550.0, ""concentration"": 3.0, ""path_length"": 4.0, ""absorbance"": 132.0}, {""wavelength"": 500.0, ""concentration"": 3.0, ""path_length"": 4.0, ""absorbance"": 120.0}, {""wavelength"": 450.0, ""concentration"": 3.0, ""path_length"": 4.0, ""absorbance"": 108.0}, {""wavelength"": 400.0, ""concentration"": 3.0, ""path_length"": 4.0, ""absorbance"": 96.0}, {""wavelength"": 400.0, ""concentration"": 2.0, ""path_length"": 4.0, ""absorbance"": 64.0}]"
seq_0004__max_target_step__bar,seq_0004,max_target_step,max_step,bar,bar,At which step is absorbance the highest?,0,step,[2],False,,"```json
{
    ""answer"": [2]
}
```","[""/results/yao314652/home/project/outputs/visual_benchmark/qwen25vl_3b_all_modalities_rerun/images/seq_0004__max_target_step__bar/bar/step_0000.png"", ""/results/yao314652/home/project/outputs/visual_benchmark/qwen25vl_3b_all_modalities_rerun/images/seq_0004__max_target_step__bar/bar/step_0001.png"", ""/results/yao314652/home/project/outputs/visual_benchmark/qwen25vl_3b_all_modalities_rerun/images/seq_0004__max_target_step__bar/bar/step_0002.png"", ""/results/yao314652/home/project/outputs/visual_benchmark/qwen25vl_3b_all_modalities_rerun/images/seq_0004__max_target_step__bar/bar/step_0003.png"", ""/results/yao314652/home/project/outputs/visual_benchmark/qwen25vl_3b_all_modalities_rerun/images/seq_0004__max_target_step__bar/bar/step_0004.png""]","[{""wavelength"": 550.0, ""concentration"": 3.0, ""path_length"": 4.0, ""absorbance"": 132.0}, {""wavelength"": 500.0, ""concentration"": 3.0, ""path_length"": 4.0, ""absorbance"": 120.0}, {""wavelength"": 450.0, ""concentration"": 3.0, ""path_length"": 4.0, ""absorbance"": 108.0}, {""wavelength"": 400.0, ""concentration"": 3.0, ""path_length"": 4.0, ""absorbance"": 96.0}, {""wavelength"": 400.0, ""concentration"": 2.0, ""path_length"": 4.0, ""absorbance"": 64.0}]"
seq_0004__max_target_step__line,seq_0004,max_target_step,max_step,line,line,At which step is absorbance the highest?,0,step,3,False,,"```json
{
  ""answer"": 3
}
```","[""/results/yao314652/home/project/outputs/visual_benchmark/qwen25vl_3b_all_modalities_rerun/images/seq_0004__max_target_step__line/line/seq_0004__max_target_step__line_step_0000.png"", ""/results/yao314652/home/project/outputs/visual_benchmark/qwen25vl_3b_all_modalities_rerun/images/seq_0004__max_target_step__line/line/seq_0004__max_target_step__line_step_0001.png"", ""/results/yao314652/home/project/outputs/visual_benchmark/qwen25vl_3b_all_modalities_rerun/images/seq_0004__max_target_step__line/line/seq_0004__max_target_step__line_step_0002.png"", ""/results/yao314652/home/project/outputs/visual_benchmark/qwen25vl_3b_all_modalities_rerun/images/seq_0004__max_target_step__line/line/seq_0004__max_target_step__line_step_0003.png"", ""/results/yao314652/home/project/outputs/visual_benchmark/qwen25vl_3b_all_modalities_rerun/images/seq_0004__max_target_step__line/line/seq_0004__max_target_step__line_step_0004.png""]","[{""wavelength"": 550.0, ""concentration"": 3.0, ""path_length"": 4.0, ""absorbance"": 132.0}, {""wavelength"": 500.0, ""concentration"": 3.0, ""path_length"": 4.0, ""absorbance"": 120.0}, {""wavelength"": 450.0, ""concentration"": 3.0, ""path_length"": 4.0, ""absorbance"": 108.0}, {""wavelength"": 400.0, ""concentration"": 3.0, ""path_length"": 4.0, ""absorbance"": 96.0}, {""wavelength"": 400.0, ""concentration"": 2.0, ""path_length"": 4.0, ""absorbance"": 64.0}]"
seq_0004__max_target_step__scatter,seq_0004,max_target_step,max_step,scatter,scatter,At which step is absorbance the highest?,0,step,4,False,,"```json
{
  ""answer"": 4
}
```","[""/results/yao314652/home/project/outputs/visual_benchmark/qwen25vl_3b_all_modalities_rerun/images/seq_0004__max_target_step__scatter/scatter/seq_0004__max_target_step__scatter_step_0000.png"", ""/results/yao314652/home/project/outputs/visual_benchmark/qwen25vl_3b_all_modalities_rerun/images/seq_0004__max_target_step__scatter/scatter/seq_0004__max_target_step__scatter_step_0001.png"", ""/results/yao314652/home/project/outputs/visual_benchmark/qwen25vl_3b_all_modalities_rerun/images/seq_0004__max_target_step__scatter/scatter/seq_0004__max_target_step__scatter_step_0002.png"", ""/results/yao314652/home/project/outputs/visual_benchmark/qwen25vl_3b_all_modalities_rerun/images/seq_0004__max_target_step__scatter/scatter/seq_0004__max_target_step__scatter_step_0003.png"", ""/results/yao314652/home/project/outputs/visual_benchmark/qwen25vl_3b_all_modalities_rerun/images/seq_0004__max_target_step__scatter/scatter/seq_0004__max_target_step__scatter_step_0004.png""]","[{""wavelength"": 550.0, ""concentration"": 3.0, ""path_length"": 4.0, ""absorbance"": 132.0}, {""wavelength"": 500.0, ""concentration"": 3.0, ""path_length"": 4.0, ""absorbance"": 120.0}, {""wavelength"": 450.0, ""concentration"": 3.0, ""path_length"": 4.0, ""absorbance"": 108.0}, {""wavelength"": 400.0, ""concentration"": 3.0, ""path_length"": 4.0, ""absorbance"": 96.0}, {""wavelength"": 400.0, ""concentration"": 2.0, ""path_length"": 4.0, ""absorbance"": 64.0}]"
seq_0004__max_target_step__simulation,seq_0004,max_target_step,max_step,simulation,simulation,At which step is absorbance the highest?,0,step,3,False,,"{""answer"": 3}","[""/results/yao314652/home/project/outputs/visual_benchmark/qwen25vl_3b_all_modalities_rerun/images/seq_0004__max_target_step__simulation/simulation/step_0000.png"", ""/results/yao314652/home/project/outputs/visual_benchmark/qwen25vl_3b_all_modalities_rerun/images/seq_0004__max_target_step__simulation/simulation/step_0001.png"", ""/results/yao314652/home/project/outputs/visual_benchmark/qwen25vl_3b_all_modalities_rerun/images/seq_0004__max_target_step__simulation/simulation/step_0002.png"", ""/results/yao314652/home/project/outputs/visual_benchmark/qwen25vl_3b_all_modalities_rerun/images/seq_0004__max_target_step__simulation/simulation/step_0003.png"", ""/results/yao314652/home/project/outputs/visual_benchmark/qwen25vl_3b_all_modalities_rerun/images/seq_0004__max_target_step__simulation/simulation/step_0004.png""]","[{""wavelength"": 550.0, ""concentration"": 3.0, ""path_length"": 4.0, ""absorbance"": 132.0}, {""wavelength"": 500.0, ""concentration"": 3.0, ""path_length"": 4.0, ""absorbance"": 120.0}, {""wavelength"": 450.0, ""concentration"": 3.0, ""path_length"": 4.0, ""absorbance"": 108.0}, {""wavelength"": 400.0, ""concentration"": 3.0, ""path_length"": 4.0, ""absorbance"": 96.0}, {""wavelength"": 400.0, ""concentration"": 2.0, ""path_length"": 4.0, ""absorbance"": 64.0}]"
seq_0004__largest_target_drop_step__text,seq_0004,largest_target_drop_step,largest_drop_step,text,none,"At which step does absorbance show the largest drop compared with the previous step? If it never drops, answer none.",4,step_or_none,4,True,,"To determine at which step the absorbance shows the largest drop compared to the previous step, we need to calculate the change in absorbance for each consecutive step.

Let's compute the differences:

Step 1: \( 120 - 132 = -12 \)
Step 2: \( 108 - 120 = -12 \)
Step 3: \( 96 - 108 = -12 \)
Step 4: \( 64 - 96 = -32 \)

We see that the largest drop occurs between steps 4 and 5, where the difference in absorbance is -32.

Therefore, the answer is {""answer"": ""4""}.",[],"[{""wavelength"": 550.0, ""concentration"": 3.0, ""path_length"": 4.0, ""absorbance"": 132.0}, {""wavelength"": 500.0, ""concentration"": 3.0, ""path_length"": 4.0, ""absorbance"": 120.0}, {""wavelength"": 450.0, ""concentration"": 3.0, ""path_length"": 4.0, ""absorbance"": 108.0}, {""wavelength"": 400.0, ""concentration"": 3.0, ""path_length"": 4.0, ""absorbance"": 96.0}, {""wavelength"": 400.0, ""concentration"": 2.0, ""path_length"": 4.0, ""absorbance"": 64.0}]"
seq_0004__largest_target_drop_step__bar,seq_0004,largest_target_drop_step,largest_drop_step,bar,bar,"At which step does absorbance show the largest drop compared with the previous step? If it never drops, answer none.",4,step_or_none,3,False,,"```json
{
    ""answer"": ""3""
}
```","[""/results/yao314652/home/project/outputs/visual_benchmark/qwen25vl_3b_all_modalities_rerun/images/seq_0004__largest_target_drop_step__bar/bar/step_0000.png"", ""/results/yao314652/home/project/outputs/visual_benchmark/qwen25vl_3b_all_modalities_rerun/images/seq_0004__largest_target_drop_step__bar/bar/step_0001.png"", ""/results/yao314652/home/project/outputs/visual_benchmark/qwen25vl_3b_all_modalities_rerun/images/seq_0004__largest_target_drop_step__bar/bar/step_0002.png"", ""/results/yao314652/home/project/outputs/visual_benchmark/qwen25vl_3b_all_modalities_rerun/images/seq_0004__largest_target_drop_step__bar/bar/step_0003.png"", ""/results/yao314652/home/project/outputs/visual_benchmark/qwen25vl_3b_all_modalities_rerun/images/seq_0004__largest_target_drop_step__bar/bar/step_0004.png""]","[{""wavelength"": 550.0, ""concentration"": 3.0, ""path_length"": 4.0, ""absorbance"": 132.0}, {""wavelength"": 500.0, ""concentration"": 3.0, ""path_length"": 4.0, ""absorbance"": 120.0}, {""wavelength"": 450.0, ""concentration"": 3.0, ""path_length"": 4.0, ""absorbance"": 108.0}, {""wavelength"": 400.0, ""concentration"": 3.0, ""path_length"": 4.0, ""absorbance"": 96.0}, {""wavelength"": 400.0, ""concentration"": 2.0, ""path_length"": 4.0, ""absorbance"": 64.0}]"
seq_0004__largest_target_drop_step__line,seq_0004,largest_target_drop_step,largest_drop_step,line,line,"At which step does absorbance show the largest drop compared with the previous step? If it never drops, answer none.",4,step_or_none,4,True,,"```json
{
  ""answer"": ""4""
}
```","[""/results/yao314652/home/project/outputs/visual_benchmark/qwen25vl_3b_all_modalities_rerun/images/seq_0004__largest_target_drop_step__line/line/seq_0004__largest_target_drop_step__line_step_0000.png"", ""/results/yao314652/home/project/outputs/visual_benchmark/qwen25vl_3b_all_modalities_rerun/images/seq_0004__largest_target_drop_step__line/line/seq_0004__largest_target_drop_step__line_step_0001.png"", ""/results/yao314652/home/project/outputs/visual_benchmark/qwen25vl_3b_all_modalities_rerun/images/seq_0004__largest_target_drop_step__line/line/seq_0004__largest_target_drop_step__line_step_0002.png"", ""/results/yao314652/home/project/outputs/visual_benchmark/qwen25vl_3b_all_modalities_rerun/images/seq_0004__largest_target_drop_step__line/line/seq_0004__largest_target_drop_step__line_step_0003.png"", ""/results/yao314652/home/project/outputs/visual_benchmark/qwen25vl_3b_all_modalities_rerun/images/seq_0004__largest_target_drop_step__line/line/seq_0004__largest_target_drop_step__line_step_0004.png""]","[{""wavelength"": 550.0, ""concentration"": 3.0, ""path_length"": 4.0, ""absorbance"": 132.0}, {""wavelength"": 500.0, ""concentration"": 3.0, ""path_length"": 4.0, ""absorbance"": 120.0}, {""wavelength"": 450.0, ""concentration"": 3.0, ""path_length"": 4.0, ""absorbance"": 108.0}, {""wavelength"": 400.0, ""concentration"": 3.0, ""path_length"": 4.0, ""absorbance"": 96.0}, {""wavelength"": 400.0, ""concentration"": 2.0, ""path_length"": 4.0, ""absorbance"": 64.0}]"
seq_0004__largest_target_drop_step__scatter,seq_0004,largest_target_drop_step,largest_drop_step,scatter,scatter,"At which step does absorbance show the largest drop compared with the previous step? If it never drops, answer none.",4,step_or_none,4,True,,"```json
{
  ""answer"": ""4""
}
```","[""/results/yao314652/home/project/outputs/visual_benchmark/qwen25vl_3b_all_modalities_rerun/images/seq_0004__largest_target_drop_step__scatter/scatter/seq_0004__largest_target_drop_step__scatter_step_0000.png"", ""/results/yao314652/home/project/outputs/visual_benchmark/qwen25vl_3b_all_modalities_rerun/images/seq_0004__largest_target_drop_step__scatter/scatter/seq_0004__largest_target_drop_step__scatter_step_0001.png"", ""/results/yao314652/home/project/outputs/visual_benchmark/qwen25vl_3b_all_modalities_rerun/images/seq_0004__largest_target_drop_step__scatter/scatter/seq_0004__largest_target_drop_step__scatter_step_0002.png"", ""/results/yao314652/home/project/outputs/visual_benchmark/qwen25vl_3b_all_modalities_rerun/images/seq_0004__largest_target_drop_step__scatter/scatter/seq_0004__largest_target_drop_step__scatter_step_0003.png"", ""/results/yao314652/home/project/outputs/visual_benchmark/qwen25vl_3b_all_modalities_rerun/images/seq_0004__largest_target_drop_step__scatter/scatter/seq_0004__largest_target_drop_step__scatter_step_0004.png""]","[{""wavelength"": 550.0, ""concentration"": 3.0, ""path_length"": 4.0, ""absorbance"": 132.0}, {""wavelength"": 500.0, ""concentration"": 3.0, ""path_length"": 4.0, ""absorbance"": 120.0}, {""wavelength"": 450.0, ""concentration"": 3.0, ""path_length"": 4.0, ""absorbance"": 108.0}, {""wavelength"": 400.0, ""concentration"": 3.0, ""path_length"": 4.0, ""absorbance"": 96.0}, {""wavelength"": 400.0, ""concentration"": 2.0, ""path_length"": 4.0, ""absorbance"": 64.0}]"
seq_0004__largest_target_drop_step__simulation,seq_0004,largest_target_drop_step,largest_drop_step,simulation,simulation,"At which step does absorbance show the largest drop compared with the previous step? If it never drops, answer none.",4,step_or_none,2,False,,"{""answer"": ""2""}","[""/results/yao314652/home/project/outputs/visual_benchmark/qwen25vl_3b_all_modalities_rerun/images/seq_0004__largest_target_drop_step__simulation/simulation/step_0000.png"", ""/results/yao314652/home/project/outputs/visual_benchmark/qwen25vl_3b_all_modalities_rerun/images/seq_0004__largest_target_drop_step__simulation/simulation/step_0001.png"", ""/results/yao314652/home/project/outputs/visual_benchmark/qwen25vl_3b_all_modalities_rerun/images/seq_0004__largest_target_drop_step__simulation/simulation/step_0002.png"", ""/results/yao314652/home/project/outputs/visual_benchmark/qwen25vl_3b_all_modalities_rerun/images/seq_0004__largest_target_drop_step__simulation/simulation/step_0003.png"", ""/results/yao314652/home/project/outputs/visual_benchmark/qwen25vl_3b_all_modalities_rerun/images/seq_0004__largest_target_drop_step__simulation/simulation/step_0004.png""]","[{""wavelength"": 550.0, ""concentration"": 3.0, ""path_length"": 4.0, ""absorbance"": 132.0}, {""wavelength"": 500.0, ""concentration"": 3.0, ""path_length"": 4.0, ""absorbance"": 120.0}, {""wavelength"": 450.0, ""concentration"": 3.0, ""path_length"": 4.0, ""absorbance"": 108.0}, {""wavelength"": 400.0, ""concentration"": 3.0, ""path_length"": 4.0, ""absorbance"": 96.0}, {""wavelength"": 400.0, ""concentration"": 2.0, ""path_length"": 4.0, ""absorbance"": 64.0}]"
seq_0005__read_last_target__text,seq_0005,read_last_target,value_at_step,text,none,What is the value of absorbance at step 4?,200.0,number,200,True,0.0,"```json
{""answer"": 200}
```",[],"[{""wavelength"": 450.0, ""concentration"": 4.0, ""path_length"": 4.0, ""absorbance"": 144.0}, {""wavelength"": 450.0, ""concentration"": 4.0, ""path_length"": 5.0, ""absorbance"": 180.0}, {""wavelength"": 450.0, ""concentration"": 3.0, ""path_length"": 5.0, ""absorbance"": 135.0}, {""wavelength"": 500.0, ""concentration"": 3.0, ""path_length"": 5.0, ""absorbance"": 150.0}, {""wavelength"": 500.0, ""concentration"": 4.0, ""path_length"": 5.0, ""absorbance"": 200.0}]"
seq_0005__read_last_target__bar,seq_0005,read_last_target,value_at_step,bar,bar,What is the value of absorbance at step 4?,200.0,number,0.6,False,199.4,"```json
{
    ""answer"": 0.6
}
```","[""/results/yao314652/home/project/outputs/visual_benchmark/qwen25vl_3b_all_modalities_rerun/images/seq_0005__read_last_target__bar/bar/step_0000.png"", ""/results/yao314652/home/project/outputs/visual_benchmark/qwen25vl_3b_all_modalities_rerun/images/seq_0005__read_last_target__bar/bar/step_0001.png"", ""/results/yao314652/home/project/outputs/visual_benchmark/qwen25vl_3b_all_modalities_rerun/images/seq_0005__read_last_target__bar/bar/step_0002.png"", ""/results/yao314652/home/project/outputs/visual_benchmark/qwen25vl_3b_all_modalities_rerun/images/seq_0005__read_last_target__bar/bar/step_0003.png"", ""/results/yao314652/home/project/outputs/visual_benchmark/qwen25vl_3b_all_modalities_rerun/images/seq_0005__read_last_target__bar/bar/step_0004.png""]","[{""wavelength"": 450.0, ""concentration"": 4.0, ""path_length"": 4.0, ""absorbance"": 144.0}, {""wavelength"": 450.0, ""concentration"": 4.0, ""path_length"": 5.0, ""absorbance"": 180.0}, {""wavelength"": 450.0, ""concentration"": 3.0, ""path_length"": 5.0, ""absorbance"": 135.0}, {""wavelength"": 500.0, ""concentration"": 3.0, ""path_length"": 5.0, ""absorbance"": 150.0}, {""wavelength"": 500.0, ""concentration"": 4.0, ""path_length"": 5.0, ""absorbance"": 200.0}]"
seq_0005__read_last_target__line,seq_0005,read_last_target,value_at_step,line,line,What is the value of absorbance at step 4?,200.0,number,0.8192,False,199.1808,"```json
{
  ""answer"": 0.8192
}
```","[""/results/yao314652/home/project/outputs/visual_benchmark/qwen25vl_3b_all_modalities_rerun/images/seq_0005__read_last_target__line/line/seq_0005__read_last_target__line_step_0000.png"", ""/results/yao314652/home/project/outputs/visual_benchmark/qwen25vl_3b_all_modalities_rerun/images/seq_0005__read_last_target__line/line/seq_0005__read_last_target__line_step_0001.png"", ""/results/yao314652/home/project/outputs/visual_benchmark/qwen25vl_3b_all_modalities_rerun/images/seq_0005__read_last_target__line/line/seq_0005__read_last_target__line_step_0002.png"", ""/results/yao314652/home/project/outputs/visual_benchmark/qwen25vl_3b_all_modalities_rerun/images/seq_0005__read_last_target__line/line/seq_0005__read_last_target__line_step_0003.png"", ""/results/yao314652/home/project/outputs/visual_benchmark/qwen25vl_3b_all_modalities_rerun/images/seq_0005__read_last_target__line/line/seq_0005__read_last_target__line_step_0004.png""]","[{""wavelength"": 450.0, ""concentration"": 4.0, ""path_length"": 4.0, ""absorbance"": 144.0}, {""wavelength"": 450.0, ""concentration"": 4.0, ""path_length"": 5.0, ""absorbance"": 180.0}, {""wavelength"": 450.0, ""concentration"": 3.0, ""path_length"": 5.0, ""absorbance"": 135.0}, {""wavelength"": 500.0, ""concentration"": 3.0, ""path_length"": 5.0, ""absorbance"": 150.0}, {""wavelength"": 500.0, ""concentration"": 4.0, ""path_length"": 5.0, ""absorbance"": 200.0}]"
seq_0005__read_last_target__scatter,seq_0005,read_last_target,value_at_step,scatter,scatter,What is the value of absorbance at step 4?,200.0,number,0.2361879388849452,False,199.76381206111506,"```json
{
  ""answer"": 0.2361879388849452
}
```","[""/results/yao314652/home/project/outputs/visual_benchmark/qwen25vl_3b_all_modalities_rerun/images/seq_0005__read_last_target__scatter/scatter/seq_0005__read_last_target__scatter_step_0000.png"", ""/results/yao314652/home/project/outputs/visual_benchmark/qwen25vl_3b_all_modalities_rerun/images/seq_0005__read_last_target__scatter/scatter/seq_0005__read_last_target__scatter_step_0001.png"", ""/results/yao314652/home/project/outputs/visual_benchmark/qwen25vl_3b_all_modalities_rerun/images/seq_0005__read_last_target__scatter/scatter/seq_0005__read_last_target__scatter_step_0002.png"", ""/results/yao314652/home/project/outputs/visual_benchmark/qwen25vl_3b_all_modalities_rerun/images/seq_0005__read_last_target__scatter/scatter/seq_0005__read_last_target__scatter_step_0003.png"", ""/results/yao314652/home/project/outputs/visual_benchmark/qwen25vl_3b_all_modalities_rerun/images/seq_0005__read_last_target__scatter/scatter/seq_0005__read_last_target__scatter_step_0004.png""]","[{""wavelength"": 450.0, ""concentration"": 4.0, ""path_length"": 4.0, ""absorbance"": 144.0}, {""wavelength"": 450.0, ""concentration"": 4.0, ""path_length"": 5.0, ""absorbance"": 180.0}, {""wavelength"": 450.0, ""concentration"": 3.0, ""path_length"": 5.0, ""absorbance"": 135.0}, {""wavelength"": 500.0, ""concentration"": 3.0, ""path_length"": 5.0, ""absorbance"": 150.0}, {""wavelength"": 500.0, ""concentration"": 4.0, ""path_length"": 5.0, ""absorbance"": 200.0}]"
seq_0005__read_last_target__simulation,seq_0005,read_last_target,value_at_step,simulation,simulation,What is the value of absorbance at step 4?,200.0,number,2,False,198.0,"```json
{
  ""answer"": 2
}
```","[""/results/yao314652/home/project/outputs/visual_benchmark/qwen25vl_3b_all_modalities_rerun/images/seq_0005__read_last_target__simulation/simulation/step_0000.png"", ""/results/yao314652/home/project/outputs/visual_benchmark/qwen25vl_3b_all_modalities_rerun/images/seq_0005__read_last_target__simulation/simulation/step_0001.png"", ""/results/yao314652/home/project/outputs/visual_benchmark/qwen25vl_3b_all_modalities_rerun/images/seq_0005__read_last_target__simulation/simulation/step_0002.png"", ""/results/yao314652/home/project/outputs/visual_benchmark/qwen25vl_3b_all_modalities_rerun/images/seq_0005__read_last_target__simulation/simulation/step_0003.png"", ""/results/yao314652/home/project/outputs/visual_benchmark/qwen25vl_3b_all_modalities_rerun/images/seq_0005__read_last_target__simulation/simulation/step_0004.png""]","[{""wavelength"": 450.0, ""concentration"": 4.0, ""path_length"": 4.0, ""absorbance"": 144.0}, {""wavelength"": 450.0, ""concentration"": 4.0, ""path_length"": 5.0, ""absorbance"": 180.0}, {""wavelength"": 450.0, ""concentration"": 3.0, ""path_length"": 5.0, ""absorbance"": 135.0}, {""wavelength"": 500.0, ""concentration"": 3.0, ""path_length"": 5.0, ""absorbance"": 150.0}, {""wavelength"": 500.0, ""concentration"": 4.0, ""path_length"": 5.0, ""absorbance"": 200.0}]"
seq_0005__target_change_amount__text,seq_0005,target_change_amount,change_amount,text,none,By how much does absorbance change from step 0 to step 4?,56.0,number,56,True,0.0,"```json
{
  ""answer"": 56
}
```",[],"[{""wavelength"": 450.0, ""concentration"": 4.0, ""path_length"": 4.0, ""absorbance"": 144.0}, {""wavelength"": 450.0, ""concentration"": 4.0, ""path_length"": 5.0, ""absorbance"": 180.0}, {""wavelength"": 450.0, ""concentration"": 3.0, ""path_length"": 5.0, ""absorbance"": 135.0}, {""wavelength"": 500.0, ""concentration"": 3.0, ""path_length"": 5.0, ""absorbance"": 150.0}, {""wavelength"": 500.0, ""concentration"": 4.0, ""path_length"": 5.0, ""absorbance"": 200.0}]"
seq_0005__target_change_amount__bar,seq_0005,target_change_amount,change_amount,bar,bar,By how much does absorbance change from step 0 to step 4?,56.0,number,1398,False,1342.0,"```json
{
    ""answer"": 1398
}
```","[""/results/yao314652/home/project/outputs/visual_benchmark/qwen25vl_3b_all_modalities_rerun/images/seq_0005__target_change_amount__bar/bar/step_0000.png"", ""/results/yao314652/home/project/outputs/visual_benchmark/qwen25vl_3b_all_modalities_rerun/images/seq_0005__target_change_amount__bar/bar/step_0001.png"", ""/results/yao314652/home/project/outputs/visual_benchmark/qwen25vl_3b_all_modalities_rerun/images/seq_0005__target_change_amount__bar/bar/step_0002.png"", ""/results/yao314652/home/project/outputs/visual_benchmark/qwen25vl_3b_all_modalities_rerun/images/seq_0005__target_change_amount__bar/bar/step_0003.png"", ""/results/yao314652/home/project/outputs/visual_benchmark/qwen25vl_3b_all_modalities_rerun/images/seq_0005__target_change_amount__bar/bar/step_0004.png""]","[{""wavelength"": 450.0, ""concentration"": 4.0, ""path_length"": 4.0, ""absorbance"": 144.0}, {""wavelength"": 450.0, ""concentration"": 4.0, ""path_length"": 5.0, ""absorbance"": 180.0}, {""wavelength"": 450.0, ""concentration"": 3.0, ""path_length"": 5.0, ""absorbance"": 135.0}, {""wavelength"": 500.0, ""concentration"": 3.0, ""path_length"": 5.0, ""absorbance"": 150.0}, {""wavelength"": 500.0, ""concentration"": 4.0, ""path_length"": 5.0, ""absorbance"": 200.0}]"
seq_0005__target_change_amount__line,seq_0005,target_change_amount,change_amount,line,line,By how much does absorbance change from step 0 to step 4?,56.0,number,-0.2,False,56.2,"```json
{
  ""answer"": -0.2
}
```","[""/results/yao314652/home/project/outputs/visual_benchmark/qwen25vl_3b_all_modalities_rerun/images/seq_0005__target_change_amount__line/line/seq_0005__target_change_amount__line_step_0000.png"", ""/results/yao314652/home/project/outputs/visual_benchmark/qwen25vl_3b_all_modalities_rerun/images/seq_0005__target_change_amount__line/line/seq_0005__target_change_amount__line_step_0001.png"", ""/results/yao314652/home/project/outputs/visual_benchmark/qwen25vl_3b_all_modalities_rerun/images/seq_0005__target_change_amount__line/line/seq_0005__target_change_amount__line_step_0002.png"", ""/results/yao314652/home/project/outputs/visual_benchmark/qwen25vl_3b_all_modalities_rerun/images/seq_0005__target_change_amount__line/line/seq_0005__target_change_amount__line_step_0003.png"", ""/results/yao314652/home/project/outputs/visual_benchmark/qwen25vl_3b_all_modalities_rerun/images/seq_0005__target_change_amount__line/line/seq_0005__target_change_amount__line_step_0004.png""]","[{""wavelength"": 450.0, ""concentration"": 4.0, ""path_length"": 4.0, ""absorbance"": 144.0}, {""wavelength"": 450.0, ""concentration"": 4.0, ""path_length"": 5.0, ""absorbance"": 180.0}, {""wavelength"": 450.0, ""concentration"": 3.0, ""path_length"": 5.0, ""absorbance"": 135.0}, {""wavelength"": 500.0, ""concentration"": 3.0, ""path_length"": 5.0, ""absorbance"": 150.0}, {""wavelength"": 500.0, ""concentration"": 4.0, ""path_length"": 5.0, ""absorbance"": 200.0}]"
seq_0005__target_change_amount__scatter,seq_0005,target_change_amount,change_amount,scatter,scatter,By how much does absorbance change from step 0 to step 4?,56.0,number,0.21389,False,55.78611,"```json
{
    ""answer"": 0.21389
}
```","[""/results/yao314652/home/project/outputs/visual_benchmark/qwen25vl_3b_all_modalities_rerun/images/seq_0005__target_change_amount__scatter/scatter/seq_0005__target_change_amount__scatter_step_0000.png"", ""/results/yao314652/home/project/outputs/visual_benchmark/qwen25vl_3b_all_modalities_rerun/images/seq_0005__target_change_amount__scatter/scatter/seq_0005__target_change_amount__scatter_step_0001.png"", ""/results/yao314652/home/project/outputs/visual_benchmark/qwen25vl_3b_all_modalities_rerun/images/seq_0005__target_change_amount__scatter/scatter/seq_0005__target_change_amount__scatter_step_0002.png"", ""/results/yao314652/home/project/outputs/visual_benchmark/qwen25vl_3b_all_modalities_rerun/images/seq_0005__target_change_amount__scatter/scatter/seq_0005__target_change_amount__scatter_step_0003.png"", ""/results/yao314652/home/project/outputs/visual_benchmark/qwen25vl_3b_all_modalities_rerun/images/seq_0005__target_change_amount__scatter/scatter/seq_0005__target_change_amount__scatter_step_0004.png""]","[{""wavelength"": 450.0, ""concentration"": 4.0, ""path_length"": 4.0, ""absorbance"": 144.0}, {""wavelength"": 450.0, ""concentration"": 4.0, ""path_length"": 5.0, ""absorbance"": 180.0}, {""wavelength"": 450.0, ""concentration"": 3.0, ""path_length"": 5.0, ""absorbance"": 135.0}, {""wavelength"": 500.0, ""concentration"": 3.0, ""path_length"": 5.0, ""absorbance"": 150.0}, {""wavelength"": 500.0, ""concentration"": 4.0, ""path_length"": 5.0, ""absorbance"": 200.0}]"
seq_0005__target_change_amount__simulation,seq_0005,target_change_amount,change_amount,simulation,simulation,By how much does absorbance change from step 0 to step 4?,56.0,number,27981816,False,27981760.0,"```json
{
  ""answer"": 27981816
}
```","[""/results/yao314652/home/project/outputs/visual_benchmark/qwen25vl_3b_all_modalities_rerun/images/seq_0005__target_change_amount__simulation/simulation/step_0000.png"", ""/results/yao314652/home/project/outputs/visual_benchmark/qwen25vl_3b_all_modalities_rerun/images/seq_0005__target_change_amount__simulation/simulation/step_0001.png"", ""/results/yao314652/home/project/outputs/visual_benchmark/qwen25vl_3b_all_modalities_rerun/images/seq_0005__target_change_amount__simulation/simulation/step_0002.png"", ""/results/yao314652/home/project/outputs/visual_benchmark/qwen25vl_3b_all_modalities_rerun/images/seq_0005__target_change_amount__simulation/simulation/step_0003.png"", ""/results/yao314652/home/project/outputs/visual_benchmark/qwen25vl_3b_all_modalities_rerun/images/seq_0005__target_change_amount__simulation/simulation/step_0004.png""]","[{""wavelength"": 450.0, ""concentration"": 4.0, ""path_length"": 4.0, ""absorbance"": 144.0}, {""wavelength"": 450.0, ""concentration"": 4.0, ""path_length"": 5.0, ""absorbance"": 180.0}, {""wavelength"": 450.0, ""concentration"": 3.0, ""path_length"": 5.0, ""absorbance"": 135.0}, {""wavelength"": 500.0, ""concentration"": 3.0, ""path_length"": 5.0, ""absorbance"": 150.0}, {""wavelength"": 500.0, ""concentration"": 4.0, ""path_length"": 5.0, ""absorbance"": 200.0}]"
seq_0005__target_change_direction__text,seq_0005,target_change_direction,change_direction,text,none,"Does absorbance increase, decrease, or stay the same from step 0 to step 4?",increase,category,increase,True,,"```json
{""answer"": ""increase""}
```",[],"[{""wavelength"": 450.0, ""concentration"": 4.0, ""path_length"": 4.0, ""absorbance"": 144.0}, {""wavelength"": 450.0, ""concentration"": 4.0, ""path_length"": 5.0, ""absorbance"": 180.0}, {""wavelength"": 450.0, ""concentration"": 3.0, ""path_length"": 5.0, ""absorbance"": 135.0}, {""wavelength"": 500.0, ""concentration"": 3.0, ""path_length"": 5.0, ""absorbance"": 150.0}, {""wavelength"": 500.0, ""concentration"": 4.0, ""path_length"": 5.0, ""absorbance"": 200.0}]"
seq_0005__target_change_direction__bar,seq_0005,target_change_direction,change_direction,bar,bar,"Does absorbance increase, decrease, or stay the same from step 0 to step 4?",increase,category,decrease,False,,"{""answer"": ""decrease""}","[""/results/yao314652/home/project/outputs/visual_benchmark/qwen25vl_3b_all_modalities_rerun/images/seq_0005__target_change_direction__bar/bar/step_0000.png"", ""/results/yao314652/home/project/outputs/visual_benchmark/qwen25vl_3b_all_modalities_rerun/images/seq_0005__target_change_direction__bar/bar/step_0001.png"", ""/results/yao314652/home/project/outputs/visual_benchmark/qwen25vl_3b_all_modalities_rerun/images/seq_0005__target_change_direction__bar/bar/step_0002.png"", ""/results/yao314652/home/project/outputs/visual_benchmark/qwen25vl_3b_all_modalities_rerun/images/seq_0005__target_change_direction__bar/bar/step_0003.png"", ""/results/yao314652/home/project/outputs/visual_benchmark/qwen25vl_3b_all_modalities_rerun/images/seq_0005__target_change_direction__bar/bar/step_0004.png""]","[{""wavelength"": 450.0, ""concentration"": 4.0, ""path_length"": 4.0, ""absorbance"": 144.0}, {""wavelength"": 450.0, ""concentration"": 4.0, ""path_length"": 5.0, ""absorbance"": 180.0}, {""wavelength"": 450.0, ""concentration"": 3.0, ""path_length"": 5.0, ""absorbance"": 135.0}, {""wavelength"": 500.0, ""concentration"": 3.0, ""path_length"": 5.0, ""absorbance"": 150.0}, {""wavelength"": 500.0, ""concentration"": 4.0, ""path_length"": 5.0, ""absorbance"": 200.0}]"
seq_0005__target_change_direction__line,seq_0005,target_change_direction,change_direction,line,line,"Does absorbance increase, decrease, or stay the same from step 0 to step 4?",increase,category,decrease,False,,"{""answer"": ""decrease""}","[""/results/yao314652/home/project/outputs/visual_benchmark/qwen25vl_3b_all_modalities_rerun/images/seq_0005__target_change_direction__line/line/seq_0005__target_change_direction__line_step_0000.png"", ""/results/yao314652/home/project/outputs/visual_benchmark/qwen25vl_3b_all_modalities_rerun/images/seq_0005__target_change_direction__line/line/seq_0005__target_change_direction__line_step_0001.png"", ""/results/yao314652/home/project/outputs/visual_benchmark/qwen25vl_3b_all_modalities_rerun/images/seq_0005__target_change_direction__line/line/seq_0005__target_change_direction__line_step_0002.png"", ""/results/yao314652/home/project/outputs/visual_benchmark/qwen25vl_3b_all_modalities_rerun/images/seq_0005__target_change_direction__line/line/seq_0005__target_change_direction__line_step_0003.png"", ""/results/yao314652/home/project/outputs/visual_benchmark/qwen25vl_3b_all_modalities_rerun/images/seq_0005__target_change_direction__line/line/seq_0005__target_change_direction__line_step_0004.png""]","[{""wavelength"": 450.0, ""concentration"": 4.0, ""path_length"": 4.0, ""absorbance"": 144.0}, {""wavelength"": 450.0, ""concentration"": 4.0, ""path_length"": 5.0, ""absorbance"": 180.0}, {""wavelength"": 450.0, ""concentration"": 3.0, ""path_length"": 5.0, ""absorbance"": 135.0}, {""wavelength"": 500.0, ""concentration"": 3.0, ""path_length"": 5.0, ""absorbance"": 150.0}, {""wavelength"": 500.0, ""concentration"": 4.0, ""path_length"": 5.0, ""absorbance"": 200.0}]"
seq_0005__target_change_direction__scatter,seq_0005,target_change_direction,change_direction,scatter,scatter,"Does absorbance increase, decrease, or stay the same from step 0 to step 4?",increase,category,decrease,False,,"{""answer"": ""decrease""}","[""/results/yao314652/home/project/outputs/visual_benchmark/qwen25vl_3b_all_modalities_rerun/images/seq_0005__target_change_direction__scatter/scatter/seq_0005__target_change_direction__scatter_step_0000.png"", ""/results/yao314652/home/project/outputs/visual_benchmark/qwen25vl_3b_all_modalities_rerun/images/seq_0005__target_change_direction__scatter/scatter/seq_0005__target_change_direction__scatter_step_0001.png"", ""/results/yao314652/home/project/outputs/visual_benchmark/qwen25vl_3b_all_modalities_rerun/images/seq_0005__target_change_direction__scatter/scatter/seq_0005__target_change_direction__scatter_step_0002.png"", ""/results/yao314652/home/project/outputs/visual_benchmark/qwen25vl_3b_all_modalities_rerun/images/seq_0005__target_change_direction__scatter/scatter/seq_0005__target_change_direction__scatter_step_0003.png"", ""/results/yao314652/home/project/outputs/visual_benchmark/qwen25vl_3b_all_modalities_rerun/images/seq_0005__target_change_direction__scatter/scatter/seq_0005__target_change_direction__scatter_step_0004.png""]","[{""wavelength"": 450.0, ""concentration"": 4.0, ""path_length"": 4.0, ""absorbance"": 144.0}, {""wavelength"": 450.0, ""concentration"": 4.0, ""path_length"": 5.0, ""absorbance"": 180.0}, {""wavelength"": 450.0, ""concentration"": 3.0, ""path_length"": 5.0, ""absorbance"": 135.0}, {""wavelength"": 500.0, ""concentration"": 3.0, ""path_length"": 5.0, ""absorbance"": 150.0}, {""wavelength"": 500.0, ""concentration"": 4.0, ""path_length"": 5.0, ""absorbance"": 200.0}]"
seq_0005__target_change_direction__simulation,seq_0005,target_change_direction,change_direction,simulation,simulation,"Does absorbance increase, decrease, or stay the same from step 0 to step 4?",increase,category,decrease,False,,"{""answer"": ""decrease""}","[""/results/yao314652/home/project/outputs/visual_benchmark/qwen25vl_3b_all_modalities_rerun/images/seq_0005__target_change_direction__simulation/simulation/step_0000.png"", ""/results/yao314652/home/project/outputs/visual_benchmark/qwen25vl_3b_all_modalities_rerun/images/seq_0005__target_change_direction__simulation/simulation/step_0001.png"", ""/results/yao314652/home/project/outputs/visual_benchmark/qwen25vl_3b_all_modalities_rerun/images/seq_0005__target_change_direction__simulation/simulation/step_0002.png"", ""/results/yao314652/home/project/outputs/visual_benchmark/qwen25vl_3b_all_modalities_rerun/images/seq_0005__target_change_direction__simulation/simulation/step_0003.png"", ""/results/yao314652/home/project/outputs/visual_benchmark/qwen25vl_3b_all_modalities_rerun/images/seq_0005__target_change_direction__simulation/simulation/step_0004.png""]","[{""wavelength"": 450.0, ""concentration"": 4.0, ""path_length"": 4.0, ""absorbance"": 144.0}, {""wavelength"": 450.0, ""concentration"": 4.0, ""path_length"": 5.0, ""absorbance"": 180.0}, {""wavelength"": 450.0, ""concentration"": 3.0, ""path_length"": 5.0, ""absorbance"": 135.0}, {""wavelength"": 500.0, ""concentration"": 3.0, ""path_length"": 5.0, ""absorbance"": 150.0}, {""wavelength"": 500.0, ""concentration"": 4.0, ""path_length"": 5.0, ""absorbance"": 200.0}]"
seq_0005__changed_variable_0_to_1__text,seq_0005,changed_variable_0_to_1,changed_variable,text,none,Which input variable changed from step 0 to step 1?,path_length,category,concentration,False,,"{""answer"": ""concentration""}",[],"[{""wavelength"": 450.0, ""concentration"": 4.0, ""path_length"": 4.0, ""absorbance"": 144.0}, {""wavelength"": 450.0, ""concentration"": 4.0, ""path_length"": 5.0, ""absorbance"": 180.0}, {""wavelength"": 450.0, ""concentration"": 3.0, ""path_length"": 5.0, ""absorbance"": 135.0}, {""wavelength"": 500.0, ""concentration"": 3.0, ""path_length"": 5.0, ""absorbance"": 150.0}, {""wavelength"": 500.0, ""concentration"": 4.0, ""path_length"": 5.0, ""absorbance"": 200.0}]"
seq_0005__changed_variable_0_to_1__bar,seq_0005,changed_variable_0_to_1,changed_variable,bar,bar,Which input variable changed from step 0 to step 1?,path_length,category,b,False,,"{""answer"": ""b""}","[""/results/yao314652/home/project/outputs/visual_benchmark/qwen25vl_3b_all_modalities_rerun/images/seq_0005__changed_variable_0_to_1__bar/bar/step_0000.png"", ""/results/yao314652/home/project/outputs/visual_benchmark/qwen25vl_3b_all_modalities_rerun/images/seq_0005__changed_variable_0_to_1__bar/bar/step_0001.png"", ""/results/yao314652/home/project/outputs/visual_benchmark/qwen25vl_3b_all_modalities_rerun/images/seq_0005__changed_variable_0_to_1__bar/bar/step_0002.png"", ""/results/yao314652/home/project/outputs/visual_benchmark/qwen25vl_3b_all_modalities_rerun/images/seq_0005__changed_variable_0_to_1__bar/bar/step_0003.png"", ""/results/yao314652/home/project/outputs/visual_benchmark/qwen25vl_3b_all_modalities_rerun/images/seq_0005__changed_variable_0_to_1__bar/bar/step_0004.png""]","[{""wavelength"": 450.0, ""concentration"": 4.0, ""path_length"": 4.0, ""absorbance"": 144.0}, {""wavelength"": 450.0, ""concentration"": 4.0, ""path_length"": 5.0, ""absorbance"": 180.0}, {""wavelength"": 450.0, ""concentration"": 3.0, ""path_length"": 5.0, ""absorbance"": 135.0}, {""wavelength"": 500.0, ""concentration"": 3.0, ""path_length"": 5.0, ""absorbance"": 150.0}, {""wavelength"": 500.0, ""concentration"": 4.0, ""path_length"": 5.0, ""absorbance"": 200.0}]"
seq_0005__changed_variable_0_to_1__line,seq_0005,changed_variable_0_to_1,changed_variable,line,line,Which input variable changed from step 0 to step 1?,path_length,category,bias,False,,"{""answer"": ""bias""}","[""/results/yao314652/home/project/outputs/visual_benchmark/qwen25vl_3b_all_modalities_rerun/images/seq_0005__changed_variable_0_to_1__line/line/seq_0005__changed_variable_0_to_1__line_step_0000.png"", ""/results/yao314652/home/project/outputs/visual_benchmark/qwen25vl_3b_all_modalities_rerun/images/seq_0005__changed_variable_0_to_1__line/line/seq_0005__changed_variable_0_to_1__line_step_0001.png"", ""/results/yao314652/home/project/outputs/visual_benchmark/qwen25vl_3b_all_modalities_rerun/images/seq_0005__changed_variable_0_to_1__line/line/seq_0005__changed_variable_0_to_1__line_step_0002.png"", ""/results/yao314652/home/project/outputs/visual_benchmark/qwen25vl_3b_all_modalities_rerun/images/seq_0005__changed_variable_0_to_1__line/line/seq_0005__changed_variable_0_to_1__line_step_0003.png"", ""/results/yao314652/home/project/outputs/visual_benchmark/qwen25vl_3b_all_modalities_rerun/images/seq_0005__changed_variable_0_to_1__line/line/seq_0005__changed_variable_0_to_1__line_step_0004.png""]","[{""wavelength"": 450.0, ""concentration"": 4.0, ""path_length"": 4.0, ""absorbance"": 144.0}, {""wavelength"": 450.0, ""concentration"": 4.0, ""path_length"": 5.0, ""absorbance"": 180.0}, {""wavelength"": 450.0, ""concentration"": 3.0, ""path_length"": 5.0, ""absorbance"": 135.0}, {""wavelength"": 500.0, ""concentration"": 3.0, ""path_length"": 5.0, ""absorbance"": 150.0}, {""wavelength"": 500.0, ""concentration"": 4.0, ""path_length"": 5.0, ""absorbance"": 200.0}]"
seq_0005__changed_variable_0_to_1__scatter,seq_0005,changed_variable_0_to_1,changed_variable,scatter,scatter,Which input variable changed from step 0 to step 1?,path_length,category,input_2,False,,"{""answer"": ""input_2""}","[""/results/yao314652/home/project/outputs/visual_benchmark/qwen25vl_3b_all_modalities_rerun/images/seq_0005__changed_variable_0_to_1__scatter/scatter/seq_0005__changed_variable_0_to_1__scatter_step_0000.png"", ""/results/yao314652/home/project/outputs/visual_benchmark/qwen25vl_3b_all_modalities_rerun/images/seq_0005__changed_variable_0_to_1__scatter/scatter/seq_0005__changed_variable_0_to_1__scatter_step_0001.png"", ""/results/yao314652/home/project/outputs/visual_benchmark/qwen25vl_3b_all_modalities_rerun/images/seq_0005__changed_variable_0_to_1__scatter/scatter/seq_0005__changed_variable_0_to_1__scatter_step_0002.png"", ""/results/yao314652/home/project/outputs/visual_benchmark/qwen25vl_3b_all_modalities_rerun/images/seq_0005__changed_variable_0_to_1__scatter/scatter/seq_0005__changed_variable_0_to_1__scatter_step_0003.png"", ""/results/yao314652/home/project/outputs/visual_benchmark/qwen25vl_3b_all_modalities_rerun/images/seq_0005__changed_variable_0_to_1__scatter/scatter/seq_0005__changed_variable_0_to_1__scatter_step_0004.png""]","[{""wavelength"": 450.0, ""concentration"": 4.0, ""path_length"": 4.0, ""absorbance"": 144.0}, {""wavelength"": 450.0, ""concentration"": 4.0, ""path_length"": 5.0, ""absorbance"": 180.0}, {""wavelength"": 450.0, ""concentration"": 3.0, ""path_length"": 5.0, ""absorbance"": 135.0}, {""wavelength"": 500.0, ""concentration"": 3.0, ""path_length"": 5.0, ""absorbance"": 150.0}, {""wavelength"": 500.0, ""concentration"": 4.0, ""path_length"": 5.0, ""absorbance"": 200.0}]"
seq_0005__changed_variable_0_to_1__simulation,seq_0005,changed_variable_0_to_1,changed_variable,simulation,simulation,Which input variable changed from step 0 to step 1?,path_length,category,brightness,False,,"{""answer"": ""brightness""}","[""/results/yao314652/home/project/outputs/visual_benchmark/qwen25vl_3b_all_modalities_rerun/images/seq_0005__changed_variable_0_to_1__simulation/simulation/step_0000.png"", ""/results/yao314652/home/project/outputs/visual_benchmark/qwen25vl_3b_all_modalities_rerun/images/seq_0005__changed_variable_0_to_1__simulation/simulation/step_0001.png"", ""/results/yao314652/home/project/outputs/visual_benchmark/qwen25vl_3b_all_modalities_rerun/images/seq_0005__changed_variable_0_to_1__simulation/simulation/step_0002.png"", ""/results/yao314652/home/project/outputs/visual_benchmark/qwen25vl_3b_all_modalities_rerun/images/seq_0005__changed_variable_0_to_1__simulation/simulation/step_0003.png"", ""/results/yao314652/home/project/outputs/visual_benchmark/qwen25vl_3b_all_modalities_rerun/images/seq_0005__changed_variable_0_to_1__simulation/simulation/step_0004.png""]","[{""wavelength"": 450.0, ""concentration"": 4.0, ""path_length"": 4.0, ""absorbance"": 144.0}, {""wavelength"": 450.0, ""concentration"": 4.0, ""path_length"": 5.0, ""absorbance"": 180.0}, {""wavelength"": 450.0, ""concentration"": 3.0, ""path_length"": 5.0, ""absorbance"": 135.0}, {""wavelength"": 500.0, ""concentration"": 3.0, ""path_length"": 5.0, ""absorbance"": 150.0}, {""wavelength"": 500.0, ""concentration"": 4.0, ""path_length"": 5.0, ""absorbance"": 200.0}]"
seq_0005__max_target_step__text,seq_0005,max_target_step,max_step,text,none,At which step is absorbance the highest?,4,step,4,True,,"```json
{
  ""answer"": 4
}
```",[],"[{""wavelength"": 450.0, ""concentration"": 4.0, ""path_length"": 4.0, ""absorbance"": 144.0}, {""wavelength"": 450.0, ""concentration"": 4.0, ""path_length"": 5.0, ""absorbance"": 180.0}, {""wavelength"": 450.0, ""concentration"": 3.0, ""path_length"": 5.0, ""absorbance"": 135.0}, {""wavelength"": 500.0, ""concentration"": 3.0, ""path_length"": 5.0, ""absorbance"": 150.0}, {""wavelength"": 500.0, ""concentration"": 4.0, ""path_length"": 5.0, ""absorbance"": 200.0}]"
seq_0005__max_target_step__bar,seq_0005,max_target_step,max_step,bar,bar,At which step is absorbance the highest?,4,step,[2],False,,"```json
{
    ""answer"": [2]
}
```","[""/results/yao314652/home/project/outputs/visual_benchmark/qwen25vl_3b_all_modalities_rerun/images/seq_0005__max_target_step__bar/bar/step_0000.png"", ""/results/yao314652/home/project/outputs/visual_benchmark/qwen25vl_3b_all_modalities_rerun/images/seq_0005__max_target_step__bar/bar/step_0001.png"", ""/results/yao314652/home/project/outputs/visual_benchmark/qwen25vl_3b_all_modalities_rerun/images/seq_0005__max_target_step__bar/bar/step_0002.png"", ""/results/yao314652/home/project/outputs/visual_benchmark/qwen25vl_3b_all_modalities_rerun/images/seq_0005__max_target_step__bar/bar/step_0003.png"", ""/results/yao314652/home/project/outputs/visual_benchmark/qwen25vl_3b_all_modalities_rerun/images/seq_0005__max_target_step__bar/bar/step_0004.png""]","[{""wavelength"": 450.0, ""concentration"": 4.0, ""path_length"": 4.0, ""absorbance"": 144.0}, {""wavelength"": 450.0, ""concentration"": 4.0, ""path_length"": 5.0, ""absorbance"": 180.0}, {""wavelength"": 450.0, ""concentration"": 3.0, ""path_length"": 5.0, ""absorbance"": 135.0}, {""wavelength"": 500.0, ""concentration"": 3.0, ""path_length"": 5.0, ""absorbance"": 150.0}, {""wavelength"": 500.0, ""concentration"": 4.0, ""path_length"": 5.0, ""absorbance"": 200.0}]"
seq_0005__max_target_step__line,seq_0005,max_target_step,max_step,line,line,At which step is absorbance the highest?,4,step,4,True,,"```json
{
    ""answer"": 4
}
```","[""/results/yao314652/home/project/outputs/visual_benchmark/qwen25vl_3b_all_modalities_rerun/images/seq_0005__max_target_step__line/line/seq_0005__max_target_step__line_step_0000.png"", ""/results/yao314652/home/project/outputs/visual_benchmark/qwen25vl_3b_all_modalities_rerun/images/seq_0005__max_target_step__line/line/seq_0005__max_target_step__line_step_0001.png"", ""/results/yao314652/home/project/outputs/visual_benchmark/qwen25vl_3b_all_modalities_rerun/images/seq_0005__max_target_step__line/line/seq_0005__max_target_step__line_step_0002.png"", ""/results/yao314652/home/project/outputs/visual_benchmark/qwen25vl_3b_all_modalities_rerun/images/seq_0005__max_target_step__line/line/seq_0005__max_target_step__line_step_0003.png"", ""/results/yao314652/home/project/outputs/visual_benchmark/qwen25vl_3b_all_modalities_rerun/images/seq_0005__max_target_step__line/line/seq_0005__max_target_step__line_step_0004.png""]","[{""wavelength"": 450.0, ""concentration"": 4.0, ""path_length"": 4.0, ""absorbance"": 144.0}, {""wavelength"": 450.0, ""concentration"": 4.0, ""path_length"": 5.0, ""absorbance"": 180.0}, {""wavelength"": 450.0, ""concentration"": 3.0, ""path_length"": 5.0, ""absorbance"": 135.0}, {""wavelength"": 500.0, ""concentration"": 3.0, ""path_length"": 5.0, ""absorbance"": 150.0}, {""wavelength"": 500.0, ""concentration"": 4.0, ""path_length"": 5.0, ""absorbance"": 200.0}]"
seq_0005__max_target_step__scatter,seq_0005,max_target_step,max_step,scatter,scatter,At which step is absorbance the highest?,4,step,4,True,,"```json
{
    ""answer"": 4
}
```","[""/results/yao314652/home/project/outputs/visual_benchmark/qwen25vl_3b_all_modalities_rerun/images/seq_0005__max_target_step__scatter/scatter/seq_0005__max_target_step__scatter_step_0000.png"", ""/results/yao314652/home/project/outputs/visual_benchmark/qwen25vl_3b_all_modalities_rerun/images/seq_0005__max_target_step__scatter/scatter/seq_0005__max_target_step__scatter_step_0001.png"", ""/results/yao314652/home/project/outputs/visual_benchmark/qwen25vl_3b_all_modalities_rerun/images/seq_0005__max_target_step__scatter/scatter/seq_0005__max_target_step__scatter_step_0002.png"", ""/results/yao314652/home/project/outputs/visual_benchmark/qwen25vl_3b_all_modalities_rerun/images/seq_0005__max_target_step__scatter/scatter/seq_0005__max_target_step__scatter_step_0003.png"", ""/results/yao314652/home/project/outputs/visual_benchmark/qwen25vl_3b_all_modalities_rerun/images/seq_0005__max_target_step__scatter/scatter/seq_0005__max_target_step__scatter_step_0004.png""]","[{""wavelength"": 450.0, ""concentration"": 4.0, ""path_length"": 4.0, ""absorbance"": 144.0}, {""wavelength"": 450.0, ""concentration"": 4.0, ""path_length"": 5.0, ""absorbance"": 180.0}, {""wavelength"": 450.0, ""concentration"": 3.0, ""path_length"": 5.0, ""absorbance"": 135.0}, {""wavelength"": 500.0, ""concentration"": 3.0, ""path_length"": 5.0, ""absorbance"": 150.0}, {""wavelength"": 500.0, ""concentration"": 4.0, ""path_length"": 5.0, ""absorbance"": 200.0}]"
seq_0005__max_target_step__simulation,seq_0005,max_target_step,max_step,simulation,simulation,At which step is absorbance the highest?,4,step,2,False,,"```json
{
    ""answer"": 2
}
```","[""/results/yao314652/home/project/outputs/visual_benchmark/qwen25vl_3b_all_modalities_rerun/images/seq_0005__max_target_step__simulation/simulation/step_0000.png"", ""/results/yao314652/home/project/outputs/visual_benchmark/qwen25vl_3b_all_modalities_rerun/images/seq_0005__max_target_step__simulation/simulation/step_0001.png"", ""/results/yao314652/home/project/outputs/visual_benchmark/qwen25vl_3b_all_modalities_rerun/images/seq_0005__max_target_step__simulation/simulation/step_0002.png"", ""/results/yao314652/home/project/outputs/visual_benchmark/qwen25vl_3b_all_modalities_rerun/images/seq_0005__max_target_step__simulation/simulation/step_0003.png"", ""/results/yao314652/home/project/outputs/visual_benchmark/qwen25vl_3b_all_modalities_rerun/images/seq_0005__max_target_step__simulation/simulation/step_0004.png""]","[{""wavelength"": 450.0, ""concentration"": 4.0, ""path_length"": 4.0, ""absorbance"": 144.0}, {""wavelength"": 450.0, ""concentration"": 4.0, ""path_length"": 5.0, ""absorbance"": 180.0}, {""wavelength"": 450.0, ""concentration"": 3.0, ""path_length"": 5.0, ""absorbance"": 135.0}, {""wavelength"": 500.0, ""concentration"": 3.0, ""path_length"": 5.0, ""absorbance"": 150.0}, {""wavelength"": 500.0, ""concentration"": 4.0, ""path_length"": 5.0, ""absorbance"": 200.0}]"
seq_0005__largest_target_drop_step__text,seq_0005,largest_target_drop_step,largest_drop_step,text,none,"At which step does absorbance show the largest drop compared with the previous step? If it never drops, answer none.",2,step_or_none,none,False,,"```json
{""answer"": ""none""}
```",[],"[{""wavelength"": 450.0, ""concentration"": 4.0, ""path_length"": 4.0, ""absorbance"": 144.0}, {""wavelength"": 450.0, ""concentration"": 4.0, ""path_length"": 5.0, ""absorbance"": 180.0}, {""wavelength"": 450.0, ""concentration"": 3.0, ""path_length"": 5.0, ""absorbance"": 135.0}, {""wavelength"": 500.0, ""concentration"": 3.0, ""path_length"": 5.0, ""absorbance"": 150.0}, {""wavelength"": 500.0, ""concentration"": 4.0, ""path_length"": 5.0, ""absorbance"": 200.0}]"
seq_0005__largest_target_drop_step__bar,seq_0005,largest_target_drop_step,largest_drop_step,bar,bar,"At which step does absorbance show the largest drop compared with the previous step? If it never drops, answer none.",2,step_or_none,4,False,,"```json
{
    ""answer"": ""4""
}
```","[""/results/yao314652/home/project/outputs/visual_benchmark/qwen25vl_3b_all_modalities_rerun/images/seq_0005__largest_target_drop_step__bar/bar/step_0000.png"", ""/results/yao314652/home/project/outputs/visual_benchmark/qwen25vl_3b_all_modalities_rerun/images/seq_0005__largest_target_drop_step__bar/bar/step_0001.png"", ""/results/yao314652/home/project/outputs/visual_benchmark/qwen25vl_3b_all_modalities_rerun/images/seq_0005__largest_target_drop_step__bar/bar/step_0002.png"", ""/results/yao314652/home/project/outputs/visual_benchmark/qwen25vl_3b_all_modalities_rerun/images/seq_0005__largest_target_drop_step__bar/bar/step_0003.png"", ""/results/yao314652/home/project/outputs/visual_benchmark/qwen25vl_3b_all_modalities_rerun/images/seq_0005__largest_target_drop_step__bar/bar/step_0004.png""]","[{""wavelength"": 450.0, ""concentration"": 4.0, ""path_length"": 4.0, ""absorbance"": 144.0}, {""wavelength"": 450.0, ""concentration"": 4.0, ""path_length"": 5.0, ""absorbance"": 180.0}, {""wavelength"": 450.0, ""concentration"": 3.0, ""path_length"": 5.0, ""absorbance"": 135.0}, {""wavelength"": 500.0, ""concentration"": 3.0, ""path_length"": 5.0, ""absorbance"": 150.0}, {""wavelength"": 500.0, ""concentration"": 4.0, ""path_length"": 5.0, ""absorbance"": 200.0}]"
seq_0005__largest_target_drop_step__line,seq_0005,largest_target_drop_step,largest_drop_step,line,line,"At which step does absorbance show the largest drop compared with the previous step? If it never drops, answer none.",2,step_or_none,4,False,,"```json
{
    ""answer"": ""4""
}
```","[""/results/yao314652/home/project/outputs/visual_benchmark/qwen25vl_3b_all_modalities_rerun/images/seq_0005__largest_target_drop_step__line/line/seq_0005__largest_target_drop_step__line_step_0000.png"", ""/results/yao314652/home/project/outputs/visual_benchmark/qwen25vl_3b_all_modalities_rerun/images/seq_0005__largest_target_drop_step__line/line/seq_0005__largest_target_drop_step__line_step_0001.png"", ""/results/yao314652/home/project/outputs/visual_benchmark/qwen25vl_3b_all_modalities_rerun/images/seq_0005__largest_target_drop_step__line/line/seq_0005__largest_target_drop_step__line_step_0002.png"", ""/results/yao314652/home/project/outputs/visual_benchmark/qwen25vl_3b_all_modalities_rerun/images/seq_0005__largest_target_drop_step__line/line/seq_0005__largest_target_drop_step__line_step_0003.png"", ""/results/yao314652/home/project/outputs/visual_benchmark/qwen25vl_3b_all_modalities_rerun/images/seq_0005__largest_target_drop_step__line/line/seq_0005__largest_target_drop_step__line_step_0004.png""]","[{""wavelength"": 450.0, ""concentration"": 4.0, ""path_length"": 4.0, ""absorbance"": 144.0}, {""wavelength"": 450.0, ""concentration"": 4.0, ""path_length"": 5.0, ""absorbance"": 180.0}, {""wavelength"": 450.0, ""concentration"": 3.0, ""path_length"": 5.0, ""absorbance"": 135.0}, {""wavelength"": 500.0, ""concentration"": 3.0, ""path_length"": 5.0, ""absorbance"": 150.0}, {""wavelength"": 500.0, ""concentration"": 4.0, ""path_length"": 5.0, ""absorbance"": 200.0}]"
seq_0005__largest_target_drop_step__scatter,seq_0005,largest_target_drop_step,largest_drop_step,scatter,scatter,"At which step does absorbance show the largest drop compared with the previous step? If it never drops, answer none.",2,step_or_none,3,False,,"```json
{
  ""answer"": ""3""
}
```","[""/results/yao314652/home/project/outputs/visual_benchmark/qwen25vl_3b_all_modalities_rerun/images/seq_0005__largest_target_drop_step__scatter/scatter/seq_0005__largest_target_drop_step__scatter_step_0000.png"", ""/results/yao314652/home/project/outputs/visual_benchmark/qwen25vl_3b_all_modalities_rerun/images/seq_0005__largest_target_drop_step__scatter/scatter/seq_0005__largest_target_drop_step__scatter_step_0001.png"", ""/results/yao314652/home/project/outputs/visual_benchmark/qwen25vl_3b_all_modalities_rerun/images/seq_0005__largest_target_drop_step__scatter/scatter/seq_0005__largest_target_drop_step__scatter_step_0002.png"", ""/results/yao314652/home/project/outputs/visual_benchmark/qwen25vl_3b_all_modalities_rerun/images/seq_0005__largest_target_drop_step__scatter/scatter/seq_0005__largest_target_drop_step__scatter_step_0003.png"", ""/results/yao314652/home/project/outputs/visual_benchmark/qwen25vl_3b_all_modalities_rerun/images/seq_0005__largest_target_drop_step__scatter/scatter/seq_0005__largest_target_drop_step__scatter_step_0004.png""]","[{""wavelength"": 450.0, ""concentration"": 4.0, ""path_length"": 4.0, ""absorbance"": 144.0}, {""wavelength"": 450.0, ""concentration"": 4.0, ""path_length"": 5.0, ""absorbance"": 180.0}, {""wavelength"": 450.0, ""concentration"": 3.0, ""path_length"": 5.0, ""absorbance"": 135.0}, {""wavelength"": 500.0, ""concentration"": 3.0, ""path_length"": 5.0, ""absorbance"": 150.0}, {""wavelength"": 500.0, ""concentration"": 4.0, ""path_length"": 5.0, ""absorbance"": 200.0}]"
seq_0005__largest_target_drop_step__simulation,seq_0005,largest_target_drop_step,largest_drop_step,simulation,simulation,"At which step does absorbance show the largest drop compared with the previous step? If it never drops, answer none.",2,step_or_none,4,False,,"```json
{
    ""answer"": ""4""
}
```","[""/results/yao314652/home/project/outputs/visual_benchmark/qwen25vl_3b_all_modalities_rerun/images/seq_0005__largest_target_drop_step__simulation/simulation/step_0000.png"", ""/results/yao314652/home/project/outputs/visual_benchmark/qwen25vl_3b_all_modalities_rerun/images/seq_0005__largest_target_drop_step__simulation/simulation/step_0001.png"", ""/results/yao314652/home/project/outputs/visual_benchmark/qwen25vl_3b_all_modalities_rerun/images/seq_0005__largest_target_drop_step__simulation/simulation/step_0002.png"", ""/results/yao314652/home/project/outputs/visual_benchmark/qwen25vl_3b_all_modalities_rerun/images/seq_0005__largest_target_drop_step__simulation/simulation/step_0003.png"", ""/results/yao314652/home/project/outputs/visual_benchmark/qwen25vl_3b_all_modalities_rerun/images/seq_0005__largest_target_drop_step__simulation/simulation/step_0004.png""]","[{""wavelength"": 450.0, ""concentration"": 4.0, ""path_length"": 4.0, ""absorbance"": 144.0}, {""wavelength"": 450.0, ""concentration"": 4.0, ""path_length"": 5.0, ""absorbance"": 180.0}, {""wavelength"": 450.0, ""concentration"": 3.0, ""path_length"": 5.0, ""absorbance"": 135.0}, {""wavelength"": 500.0, ""concentration"": 3.0, ""path_length"": 5.0, ""absorbance"": 150.0}, {""wavelength"": 500.0, ""concentration"": 4.0, ""path_length"": 5.0, ""absorbance"": 200.0}]"
seq_0006__read_last_target__text,seq_0006,read_last_target,value_at_step,text,none,What is the value of absorbance at step 4?,120.0,number,120,True,0.0,"```json
{
  ""answer"": 120
}
```",[],"[{""wavelength"": 450.0, ""concentration"": 4.0, ""path_length"": 4.0, ""absorbance"": 144.0}, {""wavelength"": 400.0, ""concentration"": 4.0, ""path_length"": 4.0, ""absorbance"": 128.0}, {""wavelength"": 400.0, ""concentration"": 4.0, ""path_length"": 3.0, ""absorbance"": 96.0}, {""wavelength"": 450.0, ""concentration"": 4.0, ""path_length"": 3.0, ""absorbance"": 108.0}, {""wavelength"": 500.0, ""concentration"": 4.0, ""path_length"": 3.0, ""absorbance"": 120.0}]"
seq_0006__read_last_target__bar,seq_0006,read_last_target,value_at_step,bar,bar,What is the value of absorbance at step 4?,120.0,number,0.792813,False,119.207187,"```json
{
    ""answer"": 0.792813
}
```","[""/results/yao314652/home/project/outputs/visual_benchmark/qwen25vl_3b_all_modalities_rerun/images/seq_0006__read_last_target__bar/bar/step_0000.png"", ""/results/yao314652/home/project/outputs/visual_benchmark/qwen25vl_3b_all_modalities_rerun/images/seq_0006__read_last_target__bar/bar/step_0001.png"", ""/results/yao314652/home/project/outputs/visual_benchmark/qwen25vl_3b_all_modalities_rerun/images/seq_0006__read_last_target__bar/bar/step_0002.png"", ""/results/yao314652/home/project/outputs/visual_benchmark/qwen25vl_3b_all_modalities_rerun/images/seq_0006__read_last_target__bar/bar/step_0003.png"", ""/results/yao314652/home/project/outputs/visual_benchmark/qwen25vl_3b_all_modalities_rerun/images/seq_0006__read_last_target__bar/bar/step_0004.png""]","[{""wavelength"": 450.0, ""concentration"": 4.0, ""path_length"": 4.0, ""absorbance"": 144.0}, {""wavelength"": 400.0, ""concentration"": 4.0, ""path_length"": 4.0, ""absorbance"": 128.0}, {""wavelength"": 400.0, ""concentration"": 4.0, ""path_length"": 3.0, ""absorbance"": 96.0}, {""wavelength"": 450.0, ""concentration"": 4.0, ""path_length"": 3.0, ""absorbance"": 108.0}, {""wavelength"": 500.0, ""concentration"": 4.0, ""path_length"": 3.0, ""absorbance"": 120.0}]"
seq_0006__read_last_target__line,seq_0006,read_last_target,value_at_step,line,line,What is the value of absorbance at step 4?,120.0,number,0.98336,False,119.01664,"```json
{
  ""answer"": 0.98336
}
```","[""/results/yao314652/home/project/outputs/visual_benchmark/qwen25vl_3b_all_modalities_rerun/images/seq_0006__read_last_target__line/line/seq_0006__read_last_target__line_step_0000.png"", ""/results/yao314652/home/project/outputs/visual_benchmark/qwen25vl_3b_all_modalities_rerun/images/seq_0006__read_last_target__line/line/seq_0006__read_last_target__line_step_0001.png"", ""/results/yao314652/home/project/outputs/visual_benchmark/qwen25vl_3b_all_modalities_rerun/images/seq_0006__read_last_target__line/line/seq_0006__read_last_target__line_step_0002.png"", ""/results/yao314652/home/project/outputs/visual_benchmark/qwen25vl_3b_all_modalities_rerun/images/seq_0006__read_last_target__line/line/seq_0006__read_last_target__line_step_0003.png"", ""/results/yao314652/home/project/outputs/visual_benchmark/qwen25vl_3b_all_modalities_rerun/images/seq_0006__read_last_target__line/line/seq_0006__read_last_target__line_step_0004.png""]","[{""wavelength"": 450.0, ""concentration"": 4.0, ""path_length"": 4.0, ""absorbance"": 144.0}, {""wavelength"": 400.0, ""concentration"": 4.0, ""path_length"": 4.0, ""absorbance"": 128.0}, {""wavelength"": 400.0, ""concentration"": 4.0, ""path_length"": 3.0, ""absorbance"": 96.0}, {""wavelength"": 450.0, ""concentration"": 4.0, ""path_length"": 3.0, ""absorbance"": 108.0}, {""wavelength"": 500.0, ""concentration"": 4.0, ""path_length"": 3.0, ""absorbance"": 120.0}]"
seq_0006__read_last_target__scatter,seq_0006,read_last_target,value_at_step,scatter,scatter,What is the value of absorbance at step 4?,120.0,number,0.9823175692077222,False,119.01768243079228,"```json
{
  ""answer"": 0.9823175692077222
}
```","[""/results/yao314652/home/project/outputs/visual_benchmark/qwen25vl_3b_all_modalities_rerun/images/seq_0006__read_last_target__scatter/scatter/seq_0006__read_last_target__scatter_step_0000.png"", ""/results/yao314652/home/project/outputs/visual_benchmark/qwen25vl_3b_all_modalities_rerun/images/seq_0006__read_last_target__scatter/scatter/seq_0006__read_last_target__scatter_step_0001.png"", ""/results/yao314652/home/project/outputs/visual_benchmark/qwen25vl_3b_all_modalities_rerun/images/seq_0006__read_last_target__scatter/scatter/seq_0006__read_last_target__scatter_step_0002.png"", ""/results/yao314652/home/project/outputs/visual_benchmark/qwen25vl_3b_all_modalities_rerun/images/seq_0006__read_last_target__scatter/scatter/seq_0006__read_last_target__scatter_step_0003.png"", ""/results/yao314652/home/project/outputs/visual_benchmark/qwen25vl_3b_all_modalities_rerun/images/seq_0006__read_last_target__scatter/scatter/seq_0006__read_last_target__scatter_step_0004.png""]","[{""wavelength"": 450.0, ""concentration"": 4.0, ""path_length"": 4.0, ""absorbance"": 144.0}, {""wavelength"": 400.0, ""concentration"": 4.0, ""path_length"": 4.0, ""absorbance"": 128.0}, {""wavelength"": 400.0, ""concentration"": 4.0, ""path_length"": 3.0, ""absorbance"": 96.0}, {""wavelength"": 450.0, ""concentration"": 4.0, ""path_length"": 3.0, ""absorbance"": 108.0}, {""wavelength"": 500.0, ""concentration"": 4.0, ""path_length"": 3.0, ""absorbance"": 120.0}]"
seq_0006__read_last_target__simulation,seq_0006,read_last_target,value_at_step,simulation,simulation,What is the value of absorbance at step 4?,120.0,number,0.1,False,119.9,"```json
{
  ""answer"": 0.1
}
```","[""/results/yao314652/home/project/outputs/visual_benchmark/qwen25vl_3b_all_modalities_rerun/images/seq_0006__read_last_target__simulation/simulation/step_0000.png"", ""/results/yao314652/home/project/outputs/visual_benchmark/qwen25vl_3b_all_modalities_rerun/images/seq_0006__read_last_target__simulation/simulation/step_0001.png"", ""/results/yao314652/home/project/outputs/visual_benchmark/qwen25vl_3b_all_modalities_rerun/images/seq_0006__read_last_target__simulation/simulation/step_0002.png"", ""/results/yao314652/home/project/outputs/visual_benchmark/qwen25vl_3b_all_modalities_rerun/images/seq_0006__read_last_target__simulation/simulation/step_0003.png"", ""/results/yao314652/home/project/outputs/visual_benchmark/qwen25vl_3b_all_modalities_rerun/images/seq_0006__read_last_target__simulation/simulation/step_0004.png""]","[{""wavelength"": 450.0, ""concentration"": 4.0, ""path_length"": 4.0, ""absorbance"": 144.0}, {""wavelength"": 400.0, ""concentration"": 4.0, ""path_length"": 4.0, ""absorbance"": 128.0}, {""wavelength"": 400.0, ""concentration"": 4.0, ""path_length"": 3.0, ""absorbance"": 96.0}, {""wavelength"": 450.0, ""concentration"": 4.0, ""path_length"": 3.0, ""absorbance"": 108.0}, {""wavelength"": 500.0, ""concentration"": 4.0, ""path_length"": 3.0, ""absorbance"": 120.0}]"
seq_0006__target_change_amount__text,seq_0006,target_change_amount,change_amount,text,none,By how much does absorbance change from step 0 to step 4?,-24.0,number,-24,True,0.0,"```json
{
  ""answer"": -24
}
```",[],"[{""wavelength"": 450.0, ""concentration"": 4.0, ""path_length"": 4.0, ""absorbance"": 144.0}, {""wavelength"": 400.0, ""concentration"": 4.0, ""path_length"": 4.0, ""absorbance"": 128.0}, {""wavelength"": 400.0, ""concentration"": 4.0, ""path_length"": 3.0, ""absorbance"": 96.0}, {""wavelength"": 450.0, ""concentration"": 4.0, ""path_length"": 3.0, ""absorbance"": 108.0}, {""wavelength"": 500.0, ""concentration"": 4.0, ""path_length"": 3.0, ""absorbance"": 120.0}]"
seq_0006__target_change_amount__bar,seq_0006,target_change_amount,change_amount,bar,bar,By how much does absorbance change from step 0 to step 4?,-24.0,number,2.386,False,26.386,"```json
{
  ""answer"": 2.386
}
```","[""/results/yao314652/home/project/outputs/visual_benchmark/qwen25vl_3b_all_modalities_rerun/images/seq_0006__target_change_amount__bar/bar/step_0000.png"", ""/results/yao314652/home/project/outputs/visual_benchmark/qwen25vl_3b_all_modalities_rerun/images/seq_0006__target_change_amount__bar/bar/step_0001.png"", ""/results/yao314652/home/project/outputs/visual_benchmark/qwen25vl_3b_all_modalities_rerun/images/seq_0006__target_change_amount__bar/bar/step_0002.png"", ""/results/yao314652/home/project/outputs/visual_benchmark/qwen25vl_3b_all_modalities_rerun/images/seq_0006__target_change_amount__bar/bar/step_0003.png"", ""/results/yao314652/home/project/outputs/visual_benchmark/qwen25vl_3b_all_modalities_rerun/images/seq_0006__target_change_amount__bar/bar/step_0004.png""]","[{""wavelength"": 450.0, ""concentration"": 4.0, ""path_length"": 4.0, ""absorbance"": 144.0}, {""wavelength"": 400.0, ""concentration"": 4.0, ""path_length"": 4.0, ""absorbance"": 128.0}, {""wavelength"": 400.0, ""concentration"": 4.0, ""path_length"": 3.0, ""absorbance"": 96.0}, {""wavelength"": 450.0, ""concentration"": 4.0, ""path_length"": 3.0, ""absorbance"": 108.0}, {""wavelength"": 500.0, ""concentration"": 4.0, ""path_length"": 3.0, ""absorbance"": 120.0}]"
seq_0006__target_change_amount__line,seq_0006,target_change_amount,change_amount,line,line,By how much does absorbance change from step 0 to step 4?,-24.0,number,1.823915746138763,False,25.823915746138763,"```json
{
  ""answer"": 1.823915746138763
}
```","[""/results/yao314652/home/project/outputs/visual_benchmark/qwen25vl_3b_all_modalities_rerun/images/seq_0006__target_change_amount__line/line/seq_0006__target_change_amount__line_step_0000.png"", ""/results/yao314652/home/project/outputs/visual_benchmark/qwen25vl_3b_all_modalities_rerun/images/seq_0006__target_change_amount__line/line/seq_0006__target_change_amount__line_step_0001.png"", ""/results/yao314652/home/project/outputs/visual_benchmark/qwen25vl_3b_all_modalities_rerun/images/seq_0006__target_change_amount__line/line/seq_0006__target_change_amount__line_step_0002.png"", ""/results/yao314652/home/project/outputs/visual_benchmark/qwen25vl_3b_all_modalities_rerun/images/seq_0006__target_change_amount__line/line/seq_0006__target_change_amount__line_step_0003.png"", ""/results/yao314652/home/project/outputs/visual_benchmark/qwen25vl_3b_all_modalities_rerun/images/seq_0006__target_change_amount__line/line/seq_0006__target_change_amount__line_step_0004.png""]","[{""wavelength"": 450.0, ""concentration"": 4.0, ""path_length"": 4.0, ""absorbance"": 144.0}, {""wavelength"": 400.0, ""concentration"": 4.0, ""path_length"": 4.0, ""absorbance"": 128.0}, {""wavelength"": 400.0, ""concentration"": 4.0, ""path_length"": 3.0, ""absorbance"": 96.0}, {""wavelength"": 450.0, ""concentration"": 4.0, ""path_length"": 3.0, ""absorbance"": 108.0}, {""wavelength"": 500.0, ""concentration"": 4.0, ""path_length"": 3.0, ""absorbance"": 120.0}]"
seq_0006__target_change_amount__scatter,seq_0006,target_change_amount,change_amount,scatter,scatter,By how much does absorbance change from step 0 to step 4?,-24.0,number,0.36,False,24.36,"```json
{
  ""answer"": 0.36
}
```","[""/results/yao314652/home/project/outputs/visual_benchmark/qwen25vl_3b_all_modalities_rerun/images/seq_0006__target_change_amount__scatter/scatter/seq_0006__target_change_amount__scatter_step_0000.png"", ""/results/yao314652/home/project/outputs/visual_benchmark/qwen25vl_3b_all_modalities_rerun/images/seq_0006__target_change_amount__scatter/scatter/seq_0006__target_change_amount__scatter_step_0001.png"", ""/results/yao314652/home/project/outputs/visual_benchmark/qwen25vl_3b_all_modalities_rerun/images/seq_0006__target_change_amount__scatter/scatter/seq_0006__target_change_amount__scatter_step_0002.png"", ""/results/yao314652/home/project/outputs/visual_benchmark/qwen25vl_3b_all_modalities_rerun/images/seq_0006__target_change_amount__scatter/scatter/seq_0006__target_change_amount__scatter_step_0003.png"", ""/results/yao314652/home/project/outputs/visual_benchmark/qwen25vl_3b_all_modalities_rerun/images/seq_0006__target_change_amount__scatter/scatter/seq_0006__target_change_amount__scatter_step_0004.png""]","[{""wavelength"": 450.0, ""concentration"": 4.0, ""path_length"": 4.0, ""absorbance"": 144.0}, {""wavelength"": 400.0, ""concentration"": 4.0, ""path_length"": 4.0, ""absorbance"": 128.0}, {""wavelength"": 400.0, ""concentration"": 4.0, ""path_length"": 3.0, ""absorbance"": 96.0}, {""wavelength"": 450.0, ""concentration"": 4.0, ""path_length"": 3.0, ""absorbance"": 108.0}, {""wavelength"": 500.0, ""concentration"": 4.0, ""path_length"": 3.0, ""absorbance"": 120.0}]"
seq_0006__target_change_amount__simulation,seq_0006,target_change_amount,change_amount,simulation,simulation,By how much does absorbance change from step 0 to step 4?,-24.0,number,0.13698275,False,24.13698275,"```json
{
    ""answer"": 0.13698275
}
```","[""/results/yao314652/home/project/outputs/visual_benchmark/qwen25vl_3b_all_modalities_rerun/images/seq_0006__target_change_amount__simulation/simulation/step_0000.png"", ""/results/yao314652/home/project/outputs/visual_benchmark/qwen25vl_3b_all_modalities_rerun/images/seq_0006__target_change_amount__simulation/simulation/step_0001.png"", ""/results/yao314652/home/project/outputs/visual_benchmark/qwen25vl_3b_all_modalities_rerun/images/seq_0006__target_change_amount__simulation/simulation/step_0002.png"", ""/results/yao314652/home/project/outputs/visual_benchmark/qwen25vl_3b_all_modalities_rerun/images/seq_0006__target_change_amount__simulation/simulation/step_0003.png"", ""/results/yao314652/home/project/outputs/visual_benchmark/qwen25vl_3b_all_modalities_rerun/images/seq_0006__target_change_amount__simulation/simulation/step_0004.png""]","[{""wavelength"": 450.0, ""concentration"": 4.0, ""path_length"": 4.0, ""absorbance"": 144.0}, {""wavelength"": 400.0, ""concentration"": 4.0, ""path_length"": 4.0, ""absorbance"": 128.0}, {""wavelength"": 400.0, ""concentration"": 4.0, ""path_length"": 3.0, ""absorbance"": 96.0}, {""wavelength"": 450.0, ""concentration"": 4.0, ""path_length"": 3.0, ""absorbance"": 108.0}, {""wavelength"": 500.0, ""concentration"": 4.0, ""path_length"": 3.0, ""absorbance"": 120.0}]"
seq_0006__target_change_direction__text,seq_0006,target_change_direction,change_direction,text,none,"Does absorbance increase, decrease, or stay the same from step 0 to step 4?",decrease,category,decrease,True,,"```json
{
  ""answer"": ""decrease""
}
```",[],"[{""wavelength"": 450.0, ""concentration"": 4.0, ""path_length"": 4.0, ""absorbance"": 144.0}, {""wavelength"": 400.0, ""concentration"": 4.0, ""path_length"": 4.0, ""absorbance"": 128.0}, {""wavelength"": 400.0, ""concentration"": 4.0, ""path_length"": 3.0, ""absorbance"": 96.0}, {""wavelength"": 450.0, ""concentration"": 4.0, ""path_length"": 3.0, ""absorbance"": 108.0}, {""wavelength"": 500.0, ""concentration"": 4.0, ""path_length"": 3.0, ""absorbance"": 120.0}]"
seq_0006__target_change_direction__bar,seq_0006,target_change_direction,change_direction,bar,bar,"Does absorbance increase, decrease, or stay the same from step 0 to step 4?",decrease,category,decrease,True,,"{""answer"": ""decrease""}","[""/results/yao314652/home/project/outputs/visual_benchmark/qwen25vl_3b_all_modalities_rerun/images/seq_0006__target_change_direction__bar/bar/step_0000.png"", ""/results/yao314652/home/project/outputs/visual_benchmark/qwen25vl_3b_all_modalities_rerun/images/seq_0006__target_change_direction__bar/bar/step_0001.png"", ""/results/yao314652/home/project/outputs/visual_benchmark/qwen25vl_3b_all_modalities_rerun/images/seq_0006__target_change_direction__bar/bar/step_0002.png"", ""/results/yao314652/home/project/outputs/visual_benchmark/qwen25vl_3b_all_modalities_rerun/images/seq_0006__target_change_direction__bar/bar/step_0003.png"", ""/results/yao314652/home/project/outputs/visual_benchmark/qwen25vl_3b_all_modalities_rerun/images/seq_0006__target_change_direction__bar/bar/step_0004.png""]","[{""wavelength"": 450.0, ""concentration"": 4.0, ""path_length"": 4.0, ""absorbance"": 144.0}, {""wavelength"": 400.0, ""concentration"": 4.0, ""path_length"": 4.0, ""absorbance"": 128.0}, {""wavelength"": 400.0, ""concentration"": 4.0, ""path_length"": 3.0, ""absorbance"": 96.0}, {""wavelength"": 450.0, ""concentration"": 4.0, ""path_length"": 3.0, ""absorbance"": 108.0}, {""wavelength"": 500.0, ""concentration"": 4.0, ""path_length"": 3.0, ""absorbance"": 120.0}]"
seq_0006__target_change_direction__line,seq_0006,target_change_direction,change_direction,line,line,"Does absorbance increase, decrease, or stay the same from step 0 to step 4?",decrease,category,decrease,True,,"{""answer"": ""decrease""}","[""/results/yao314652/home/project/outputs/visual_benchmark/qwen25vl_3b_all_modalities_rerun/images/seq_0006__target_change_direction__line/line/seq_0006__target_change_direction__line_step_0000.png"", ""/results/yao314652/home/project/outputs/visual_benchmark/qwen25vl_3b_all_modalities_rerun/images/seq_0006__target_change_direction__line/line/seq_0006__target_change_direction__line_step_0001.png"", ""/results/yao314652/home/project/outputs/visual_benchmark/qwen25vl_3b_all_modalities_rerun/images/seq_0006__target_change_direction__line/line/seq_0006__target_change_direction__line_step_0002.png"", ""/results/yao314652/home/project/outputs/visual_benchmark/qwen25vl_3b_all_modalities_rerun/images/seq_0006__target_change_direction__line/line/seq_0006__target_change_direction__line_step_0003.png"", ""/results/yao314652/home/project/outputs/visual_benchmark/qwen25vl_3b_all_modalities_rerun/images/seq_0006__target_change_direction__line/line/seq_0006__target_change_direction__line_step_0004.png""]","[{""wavelength"": 450.0, ""concentration"": 4.0, ""path_length"": 4.0, ""absorbance"": 144.0}, {""wavelength"": 400.0, ""concentration"": 4.0, ""path_length"": 4.0, ""absorbance"": 128.0}, {""wavelength"": 400.0, ""concentration"": 4.0, ""path_length"": 3.0, ""absorbance"": 96.0}, {""wavelength"": 450.0, ""concentration"": 4.0, ""path_length"": 3.0, ""absorbance"": 108.0}, {""wavelength"": 500.0, ""concentration"": 4.0, ""path_length"": 3.0, ""absorbance"": 120.0}]"
seq_0006__target_change_direction__scatter,seq_0006,target_change_direction,change_direction,scatter,scatter,"Does absorbance increase, decrease, or stay the same from step 0 to step 4?",decrease,category,decrease,True,,"{""answer"": ""decrease""}","[""/results/yao314652/home/project/outputs/visual_benchmark/qwen25vl_3b_all_modalities_rerun/images/seq_0006__target_change_direction__scatter/scatter/seq_0006__target_change_direction__scatter_step_0000.png"", ""/results/yao314652/home/project/outputs/visual_benchmark/qwen25vl_3b_all_modalities_rerun/images/seq_0006__target_change_direction__scatter/scatter/seq_0006__target_change_direction__scatter_step_0001.png"", ""/results/yao314652/home/project/outputs/visual_benchmark/qwen25vl_3b_all_modalities_rerun/images/seq_0006__target_change_direction__scatter/scatter/seq_0006__target_change_direction__scatter_step_0002.png"", ""/results/yao314652/home/project/outputs/visual_benchmark/qwen25vl_3b_all_modalities_rerun/images/seq_0006__target_change_direction__scatter/scatter/seq_0006__target_change_direction__scatter_step_0003.png"", ""/results/yao314652/home/project/outputs/visual_benchmark/qwen25vl_3b_all_modalities_rerun/images/seq_0006__target_change_direction__scatter/scatter/seq_0006__target_change_direction__scatter_step_0004.png""]","[{""wavelength"": 450.0, ""concentration"": 4.0, ""path_length"": 4.0, ""absorbance"": 144.0}, {""wavelength"": 400.0, ""concentration"": 4.0, ""path_length"": 4.0, ""absorbance"": 128.0}, {""wavelength"": 400.0, ""concentration"": 4.0, ""path_length"": 3.0, ""absorbance"": 96.0}, {""wavelength"": 450.0, ""concentration"": 4.0, ""path_length"": 3.0, ""absorbance"": 108.0}, {""wavelength"": 500.0, ""concentration"": 4.0, ""path_length"": 3.0, ""absorbance"": 120.0}]"
seq_0006__target_change_direction__simulation,seq_0006,target_change_direction,change_direction,simulation,simulation,"Does absorbance increase, decrease, or stay the same from step 0 to step 4?",decrease,category,decrease,True,,"{""answer"": ""decrease""}","[""/results/yao314652/home/project/outputs/visual_benchmark/qwen25vl_3b_all_modalities_rerun/images/seq_0006__target_change_direction__simulation/simulation/step_0000.png"", ""/results/yao314652/home/project/outputs/visual_benchmark/qwen25vl_3b_all_modalities_rerun/images/seq_0006__target_change_direction__simulation/simulation/step_0001.png"", ""/results/yao314652/home/project/outputs/visual_benchmark/qwen25vl_3b_all_modalities_rerun/images/seq_0006__target_change_direction__simulation/simulation/step_0002.png"", ""/results/yao314652/home/project/outputs/visual_benchmark/qwen25vl_3b_all_modalities_rerun/images/seq_0006__target_change_direction__simulation/simulation/step_0003.png"", ""/results/yao314652/home/project/outputs/visual_benchmark/qwen25vl_3b_all_modalities_rerun/images/seq_0006__target_change_direction__simulation/simulation/step_0004.png""]","[{""wavelength"": 450.0, ""concentration"": 4.0, ""path_length"": 4.0, ""absorbance"": 144.0}, {""wavelength"": 400.0, ""concentration"": 4.0, ""path_length"": 4.0, ""absorbance"": 128.0}, {""wavelength"": 400.0, ""concentration"": 4.0, ""path_length"": 3.0, ""absorbance"": 96.0}, {""wavelength"": 450.0, ""concentration"": 4.0, ""path_length"": 3.0, ""absorbance"": 108.0}, {""wavelength"": 500.0, ""concentration"": 4.0, ""path_length"": 3.0, ""absorbance"": 120.0}]"
seq_0006__changed_variable_0_to_1__text,seq_0006,changed_variable_0_to_1,changed_variable,text,none,Which input variable changed from step 0 to step 1?,wavelength,category,wavelength,True,,"{
  ""answer"": ""wavelength""
}",[],"[{""wavelength"": 450.0, ""concentration"": 4.0, ""path_length"": 4.0, ""absorbance"": 144.0}, {""wavelength"": 400.0, ""concentration"": 4.0, ""path_length"": 4.0, ""absorbance"": 128.0}, {""wavelength"": 400.0, ""concentration"": 4.0, ""path_length"": 3.0, ""absorbance"": 96.0}, {""wavelength"": 450.0, ""concentration"": 4.0, ""path_length"": 3.0, ""absorbance"": 108.0}, {""wavelength"": 500.0, ""concentration"": 4.0, ""path_length"": 3.0, ""absorbance"": 120.0}]"
seq_0006__changed_variable_0_to_1__bar,seq_0006,changed_variable_0_to_1,changed_variable,bar,bar,Which input variable changed from step 0 to step 1?,wavelength,category,input_variable_2,False,,"{""answer"": ""input_variable_2""}","[""/results/yao314652/home/project/outputs/visual_benchmark/qwen25vl_3b_all_modalities_rerun/images/seq_0006__changed_variable_0_to_1__bar/bar/step_0000.png"", ""/results/yao314652/home/project/outputs/visual_benchmark/qwen25vl_3b_all_modalities_rerun/images/seq_0006__changed_variable_0_to_1__bar/bar/step_0001.png"", ""/results/yao314652/home/project/outputs/visual_benchmark/qwen25vl_3b_all_modalities_rerun/images/seq_0006__changed_variable_0_to_1__bar/bar/step_0002.png"", ""/results/yao314652/home/project/outputs/visual_benchmark/qwen25vl_3b_all_modalities_rerun/images/seq_0006__changed_variable_0_to_1__bar/bar/step_0003.png"", ""/results/yao314652/home/project/outputs/visual_benchmark/qwen25vl_3b_all_modalities_rerun/images/seq_0006__changed_variable_0_to_1__bar/bar/step_0004.png""]","[{""wavelength"": 450.0, ""concentration"": 4.0, ""path_length"": 4.0, ""absorbance"": 144.0}, {""wavelength"": 400.0, ""concentration"": 4.0, ""path_length"": 4.0, ""absorbance"": 128.0}, {""wavelength"": 400.0, ""concentration"": 4.0, ""path_length"": 3.0, ""absorbance"": 96.0}, {""wavelength"": 450.0, ""concentration"": 4.0, ""path_length"": 3.0, ""absorbance"": 108.0}, {""wavelength"": 500.0, ""concentration"": 4.0, ""path_length"": 3.0, ""absorbance"": 120.0}]"
seq_0006__changed_variable_0_to_1__line,seq_0006,changed_variable_0_to_1,changed_variable,line,line,Which input variable changed from step 0 to step 1?,wavelength,category,y,False,,"{""answer"": ""y""}","[""/results/yao314652/home/project/outputs/visual_benchmark/qwen25vl_3b_all_modalities_rerun/images/seq_0006__changed_variable_0_to_1__line/line/seq_0006__changed_variable_0_to_1__line_step_0000.png"", ""/results/yao314652/home/project/outputs/visual_benchmark/qwen25vl_3b_all_modalities_rerun/images/seq_0006__changed_variable_0_to_1__line/line/seq_0006__changed_variable_0_to_1__line_step_0001.png"", ""/results/yao314652/home/project/outputs/visual_benchmark/qwen25vl_3b_all_modalities_rerun/images/seq_0006__changed_variable_0_to_1__line/line/seq_0006__changed_variable_0_to_1__line_step_0002.png"", ""/results/yao314652/home/project/outputs/visual_benchmark/qwen25vl_3b_all_modalities_rerun/images/seq_0006__changed_variable_0_to_1__line/line/seq_0006__changed_variable_0_to_1__line_step_0003.png"", ""/results/yao314652/home/project/outputs/visual_benchmark/qwen25vl_3b_all_modalities_rerun/images/seq_0006__changed_variable_0_to_1__line/line/seq_0006__changed_variable_0_to_1__line_step_0004.png""]","[{""wavelength"": 450.0, ""concentration"": 4.0, ""path_length"": 4.0, ""absorbance"": 144.0}, {""wavelength"": 400.0, ""concentration"": 4.0, ""path_length"": 4.0, ""absorbance"": 128.0}, {""wavelength"": 400.0, ""concentration"": 4.0, ""path_length"": 3.0, ""absorbance"": 96.0}, {""wavelength"": 450.0, ""concentration"": 4.0, ""path_length"": 3.0, ""absorbance"": 108.0}, {""wavelength"": 500.0, ""concentration"": 4.0, ""path_length"": 3.0, ""absorbance"": 120.0}]"
seq_0006__changed_variable_0_to_1__scatter,seq_0006,changed_variable_0_to_1,changed_variable,scatter,scatter,Which input variable changed from step 0 to step 1?,wavelength,category,number_of_students,False,,"{""answer"": ""number_of_students""}","[""/results/yao314652/home/project/outputs/visual_benchmark/qwen25vl_3b_all_modalities_rerun/images/seq_0006__changed_variable_0_to_1__scatter/scatter/seq_0006__changed_variable_0_to_1__scatter_step_0000.png"", ""/results/yao314652/home/project/outputs/visual_benchmark/qwen25vl_3b_all_modalities_rerun/images/seq_0006__changed_variable_0_to_1__scatter/scatter/seq_0006__changed_variable_0_to_1__scatter_step_0001.png"", ""/results/yao314652/home/project/outputs/visual_benchmark/qwen25vl_3b_all_modalities_rerun/images/seq_0006__changed_variable_0_to_1__scatter/scatter/seq_0006__changed_variable_0_to_1__scatter_step_0002.png"", ""/results/yao314652/home/project/outputs/visual_benchmark/qwen25vl_3b_all_modalities_rerun/images/seq_0006__changed_variable_0_to_1__scatter/scatter/seq_0006__changed_variable_0_to_1__scatter_step_0003.png"", ""/results/yao314652/home/project/outputs/visual_benchmark/qwen25vl_3b_all_modalities_rerun/images/seq_0006__changed_variable_0_to_1__scatter/scatter/seq_0006__changed_variable_0_to_1__scatter_step_0004.png""]","[{""wavelength"": 450.0, ""concentration"": 4.0, ""path_length"": 4.0, ""absorbance"": 144.0}, {""wavelength"": 400.0, ""concentration"": 4.0, ""path_length"": 4.0, ""absorbance"": 128.0}, {""wavelength"": 400.0, ""concentration"": 4.0, ""path_length"": 3.0, ""absorbance"": 96.0}, {""wavelength"": 450.0, ""concentration"": 4.0, ""path_length"": 3.0, ""absorbance"": 108.0}, {""wavelength"": 500.0, ""concentration"": 4.0, ""path_length"": 3.0, ""absorbance"": 120.0}]"
seq_0006__changed_variable_0_to_1__simulation,seq_0006,changed_variable_0_to_1,changed_variable,simulation,simulation,Which input variable changed from step 0 to step 1?,wavelength,category,battery,False,,"{""answer"": ""battery""}","[""/results/yao314652/home/project/outputs/visual_benchmark/qwen25vl_3b_all_modalities_rerun/images/seq_0006__changed_variable_0_to_1__simulation/simulation/step_0000.png"", ""/results/yao314652/home/project/outputs/visual_benchmark/qwen25vl_3b_all_modalities_rerun/images/seq_0006__changed_variable_0_to_1__simulation/simulation/step_0001.png"", ""/results/yao314652/home/project/outputs/visual_benchmark/qwen25vl_3b_all_modalities_rerun/images/seq_0006__changed_variable_0_to_1__simulation/simulation/step_0002.png"", ""/results/yao314652/home/project/outputs/visual_benchmark/qwen25vl_3b_all_modalities_rerun/images/seq_0006__changed_variable_0_to_1__simulation/simulation/step_0003.png"", ""/results/yao314652/home/project/outputs/visual_benchmark/qwen25vl_3b_all_modalities_rerun/images/seq_0006__changed_variable_0_to_1__simulation/simulation/step_0004.png""]","[{""wavelength"": 450.0, ""concentration"": 4.0, ""path_length"": 4.0, ""absorbance"": 144.0}, {""wavelength"": 400.0, ""concentration"": 4.0, ""path_length"": 4.0, ""absorbance"": 128.0}, {""wavelength"": 400.0, ""concentration"": 4.0, ""path_length"": 3.0, ""absorbance"": 96.0}, {""wavelength"": 450.0, ""concentration"": 4.0, ""path_length"": 3.0, ""absorbance"": 108.0}, {""wavelength"": 500.0, ""concentration"": 4.0, ""path_length"": 3.0, ""absorbance"": 120.0}]"
seq_0006__max_target_step__text,seq_0006,max_target_step,max_step,text,none,At which step is absorbance the highest?,0,step,4,False,,"```json
{""answer"": ""4""}
```",[],"[{""wavelength"": 450.0, ""concentration"": 4.0, ""path_length"": 4.0, ""absorbance"": 144.0}, {""wavelength"": 400.0, ""concentration"": 4.0, ""path_length"": 4.0, ""absorbance"": 128.0}, {""wavelength"": 400.0, ""concentration"": 4.0, ""path_length"": 3.0, ""absorbance"": 96.0}, {""wavelength"": 450.0, ""concentration"": 4.0, ""path_length"": 3.0, ""absorbance"": 108.0}, {""wavelength"": 500.0, ""concentration"": 4.0, ""path_length"": 3.0, ""absorbance"": 120.0}]"
seq_0006__max_target_step__bar,seq_0006,max_target_step,max_step,bar,bar,At which step is absorbance the highest?,0,step,4,False,,"```json
{
    ""answer"": 4
}
```","[""/results/yao314652/home/project/outputs/visual_benchmark/qwen25vl_3b_all_modalities_rerun/images/seq_0006__max_target_step__bar/bar/step_0000.png"", ""/results/yao314652/home/project/outputs/visual_benchmark/qwen25vl_3b_all_modalities_rerun/images/seq_0006__max_target_step__bar/bar/step_0001.png"", ""/results/yao314652/home/project/outputs/visual_benchmark/qwen25vl_3b_all_modalities_rerun/images/seq_0006__max_target_step__bar/bar/step_0002.png"", ""/results/yao314652/home/project/outputs/visual_benchmark/qwen25vl_3b_all_modalities_rerun/images/seq_0006__max_target_step__bar/bar/step_0003.png"", ""/results/yao314652/home/project/outputs/visual_benchmark/qwen25vl_3b_all_modalities_rerun/images/seq_0006__max_target_step__bar/bar/step_0004.png""]","[{""wavelength"": 450.0, ""concentration"": 4.0, ""path_length"": 4.0, ""absorbance"": 144.0}, {""wavelength"": 400.0, ""concentration"": 4.0, ""path_length"": 4.0, ""absorbance"": 128.0}, {""wavelength"": 400.0, ""concentration"": 4.0, ""path_length"": 3.0, ""absorbance"": 96.0}, {""wavelength"": 450.0, ""concentration"": 4.0, ""path_length"": 3.0, ""absorbance"": 108.0}, {""wavelength"": 500.0, ""concentration"": 4.0, ""path_length"": 3.0, ""absorbance"": 120.0}]"
seq_0006__max_target_step__line,seq_0006,max_target_step,max_step,line,line,At which step is absorbance the highest?,0,step,3,False,,"```json
{
    ""answer"": 3
}
```","[""/results/yao314652/home/project/outputs/visual_benchmark/qwen25vl_3b_all_modalities_rerun/images/seq_0006__max_target_step__line/line/seq_0006__max_target_step__line_step_0000.png"", ""/results/yao314652/home/project/outputs/visual_benchmark/qwen25vl_3b_all_modalities_rerun/images/seq_0006__max_target_step__line/line/seq_0006__max_target_step__line_step_0001.png"", ""/results/yao314652/home/project/outputs/visual_benchmark/qwen25vl_3b_all_modalities_rerun/images/seq_0006__max_target_step__line/line/seq_0006__max_target_step__line_step_0002.png"", ""/results/yao314652/home/project/outputs/visual_benchmark/qwen25vl_3b_all_modalities_rerun/images/seq_0006__max_target_step__line/line/seq_0006__max_target_step__line_step_0003.png"", ""/results/yao314652/home/project/outputs/visual_benchmark/qwen25vl_3b_all_modalities_rerun/images/seq_0006__max_target_step__line/line/seq_0006__max_target_step__line_step_0004.png""]","[{""wavelength"": 450.0, ""concentration"": 4.0, ""path_length"": 4.0, ""absorbance"": 144.0}, {""wavelength"": 400.0, ""concentration"": 4.0, ""path_length"": 4.0, ""absorbance"": 128.0}, {""wavelength"": 400.0, ""concentration"": 4.0, ""path_length"": 3.0, ""absorbance"": 96.0}, {""wavelength"": 450.0, ""concentration"": 4.0, ""path_length"": 3.0, ""absorbance"": 108.0}, {""wavelength"": 500.0, ""concentration"": 4.0, ""path_length"": 3.0, ""absorbance"": 120.0}]"
seq_0006__max_target_step__scatter,seq_0006,max_target_step,max_step,scatter,scatter,At which step is absorbance the highest?,0,step,3,False,,"```json
{
  ""answer"": 3
}
```","[""/results/yao314652/home/project/outputs/visual_benchmark/qwen25vl_3b_all_modalities_rerun/images/seq_0006__max_target_step__scatter/scatter/seq_0006__max_target_step__scatter_step_0000.png"", ""/results/yao314652/home/project/outputs/visual_benchmark/qwen25vl_3b_all_modalities_rerun/images/seq_0006__max_target_step__scatter/scatter/seq_0006__max_target_step__scatter_step_0001.png"", ""/results/yao314652/home/project/outputs/visual_benchmark/qwen25vl_3b_all_modalities_rerun/images/seq_0006__max_target_step__scatter/scatter/seq_0006__max_target_step__scatter_step_0002.png"", ""/results/yao314652/home/project/outputs/visual_benchmark/qwen25vl_3b_all_modalities_rerun/images/seq_0006__max_target_step__scatter/scatter/seq_0006__max_target_step__scatter_step_0003.png"", ""/results/yao314652/home/project/outputs/visual_benchmark/qwen25vl_3b_all_modalities_rerun/images/seq_0006__max_target_step__scatter/scatter/seq_0006__max_target_step__scatter_step_0004.png""]","[{""wavelength"": 450.0, ""concentration"": 4.0, ""path_length"": 4.0, ""absorbance"": 144.0}, {""wavelength"": 400.0, ""concentration"": 4.0, ""path_length"": 4.0, ""absorbance"": 128.0}, {""wavelength"": 400.0, ""concentration"": 4.0, ""path_length"": 3.0, ""absorbance"": 96.0}, {""wavelength"": 450.0, ""concentration"": 4.0, ""path_length"": 3.0, ""absorbance"": 108.0}, {""wavelength"": 500.0, ""concentration"": 4.0, ""path_length"": 3.0, ""absorbance"": 120.0}]"
seq_0006__max_target_step__simulation,seq_0006,max_target_step,max_step,simulation,simulation,At which step is absorbance the highest?,0,step,1,False,,"```json
{
    ""answer"": 1
}
```","[""/results/yao314652/home/project/outputs/visual_benchmark/qwen25vl_3b_all_modalities_rerun/images/seq_0006__max_target_step__simulation/simulation/step_0000.png"", ""/results/yao314652/home/project/outputs/visual_benchmark/qwen25vl_3b_all_modalities_rerun/images/seq_0006__max_target_step__simulation/simulation/step_0001.png"", ""/results/yao314652/home/project/outputs/visual_benchmark/qwen25vl_3b_all_modalities_rerun/images/seq_0006__max_target_step__simulation/simulation/step_0002.png"", ""/results/yao314652/home/project/outputs/visual_benchmark/qwen25vl_3b_all_modalities_rerun/images/seq_0006__max_target_step__simulation/simulation/step_0003.png"", ""/results/yao314652/home/project/outputs/visual_benchmark/qwen25vl_3b_all_modalities_rerun/images/seq_0006__max_target_step__simulation/simulation/step_0004.png""]","[{""wavelength"": 450.0, ""concentration"": 4.0, ""path_length"": 4.0, ""absorbance"": 144.0}, {""wavelength"": 400.0, ""concentration"": 4.0, ""path_length"": 4.0, ""absorbance"": 128.0}, {""wavelength"": 400.0, ""concentration"": 4.0, ""path_length"": 3.0, ""absorbance"": 96.0}, {""wavelength"": 450.0, ""concentration"": 4.0, ""path_length"": 3.0, ""absorbance"": 108.0}, {""wavelength"": 500.0, ""concentration"": 4.0, ""path_length"": 3.0, ""absorbance"": 120.0}]"
seq_0006__largest_target_drop_step__text,seq_0006,largest_target_drop_step,largest_drop_step,text,none,"At which step does absorbance show the largest drop compared with the previous step? If it never drops, answer none.",2,step_or_none,1,False,,"```json
{
  ""answer"": ""1""
}
```",[],"[{""wavelength"": 450.0, ""concentration"": 4.0, ""path_length"": 4.0, ""absorbance"": 144.0}, {""wavelength"": 400.0, ""concentration"": 4.0, ""path_length"": 4.0, ""absorbance"": 128.0}, {""wavelength"": 400.0, ""concentration"": 4.0, ""path_length"": 3.0, ""absorbance"": 96.0}, {""wavelength"": 450.0, ""concentration"": 4.0, ""path_length"": 3.0, ""absorbance"": 108.0}, {""wavelength"": 500.0, ""concentration"": 4.0, ""path_length"": 3.0, ""absorbance"": 120.0}]"
seq_0006__largest_target_drop_step__bar,seq_0006,largest_target_drop_step,largest_drop_step,bar,bar,"At which step does absorbance show the largest drop compared with the previous step? If it never drops, answer none.",2,step_or_none,4,False,,"```json
{
    ""answer"": ""4""
}
```","[""/results/yao314652/home/project/outputs/visual_benchmark/qwen25vl_3b_all_modalities_rerun/images/seq_0006__largest_target_drop_step__bar/bar/step_0000.png"", ""/results/yao314652/home/project/outputs/visual_benchmark/qwen25vl_3b_all_modalities_rerun/images/seq_0006__largest_target_drop_step__bar/bar/step_0001.png"", ""/results/yao314652/home/project/outputs/visual_benchmark/qwen25vl_3b_all_modalities_rerun/images/seq_0006__largest_target_drop_step__bar/bar/step_0002.png"", ""/results/yao314652/home/project/outputs/visual_benchmark/qwen25vl_3b_all_modalities_rerun/images/seq_0006__largest_target_drop_step__bar/bar/step_0003.png"", ""/results/yao314652/home/project/outputs/visual_benchmark/qwen25vl_3b_all_modalities_rerun/images/seq_0006__largest_target_drop_step__bar/bar/step_0004.png""]","[{""wavelength"": 450.0, ""concentration"": 4.0, ""path_length"": 4.0, ""absorbance"": 144.0}, {""wavelength"": 400.0, ""concentration"": 4.0, ""path_length"": 4.0, ""absorbance"": 128.0}, {""wavelength"": 400.0, ""concentration"": 4.0, ""path_length"": 3.0, ""absorbance"": 96.0}, {""wavelength"": 450.0, ""concentration"": 4.0, ""path_length"": 3.0, ""absorbance"": 108.0}, {""wavelength"": 500.0, ""concentration"": 4.0, ""path_length"": 3.0, ""absorbance"": 120.0}]"
seq_0006__largest_target_drop_step__line,seq_0006,largest_target_drop_step,largest_drop_step,line,line,"At which step does absorbance show the largest drop compared with the previous step? If it never drops, answer none.",2,step_or_none,3,False,,"```json
{
  ""answer"": ""3""
}
```","[""/results/yao314652/home/project/outputs/visual_benchmark/qwen25vl_3b_all_modalities_rerun/images/seq_0006__largest_target_drop_step__line/line/seq_0006__largest_target_drop_step__line_step_0000.png"", ""/results/yao314652/home/project/outputs/visual_benchmark/qwen25vl_3b_all_modalities_rerun/images/seq_0006__largest_target_drop_step__line/line/seq_0006__largest_target_drop_step__line_step_0001.png"", ""/results/yao314652/home/project/outputs/visual_benchmark/qwen25vl_3b_all_modalities_rerun/images/seq_0006__largest_target_drop_step__line/line/seq_0006__largest_target_drop_step__line_step_0002.png"", ""/results/yao314652/home/project/outputs/visual_benchmark/qwen25vl_3b_all_modalities_rerun/images/seq_0006__largest_target_drop_step__line/line/seq_0006__largest_target_drop_step__line_step_0003.png"", ""/results/yao314652/home/project/outputs/visual_benchmark/qwen25vl_3b_all_modalities_rerun/images/seq_0006__largest_target_drop_step__line/line/seq_0006__largest_target_drop_step__line_step_0004.png""]","[{""wavelength"": 450.0, ""concentration"": 4.0, ""path_length"": 4.0, ""absorbance"": 144.0}, {""wavelength"": 400.0, ""concentration"": 4.0, ""path_length"": 4.0, ""absorbance"": 128.0}, {""wavelength"": 400.0, ""concentration"": 4.0, ""path_length"": 3.0, ""absorbance"": 96.0}, {""wavelength"": 450.0, ""concentration"": 4.0, ""path_length"": 3.0, ""absorbance"": 108.0}, {""wavelength"": 500.0, ""concentration"": 4.0, ""path_length"": 3.0, ""absorbance"": 120.0}]"
seq_0006__largest_target_drop_step__scatter,seq_0006,largest_target_drop_step,largest_drop_step,scatter,scatter,"At which step does absorbance show the largest drop compared with the previous step? If it never drops, answer none.",2,step_or_none,2,True,,"```json
{
  ""answer"": ""2""
}
```","[""/results/yao314652/home/project/outputs/visual_benchmark/qwen25vl_3b_all_modalities_rerun/images/seq_0006__largest_target_drop_step__scatter/scatter/seq_0006__largest_target_drop_step__scatter_step_0000.png"", ""/results/yao314652/home/project/outputs/visual_benchmark/qwen25vl_3b_all_modalities_rerun/images/seq_0006__largest_target_drop_step__scatter/scatter/seq_0006__largest_target_drop_step__scatter_step_0001.png"", ""/results/yao314652/home/project/outputs/visual_benchmark/qwen25vl_3b_all_modalities_rerun/images/seq_0006__largest_target_drop_step__scatter/scatter/seq_0006__largest_target_drop_step__scatter_step_0002.png"", ""/results/yao314652/home/project/outputs/visual_benchmark/qwen25vl_3b_all_modalities_rerun/images/seq_0006__largest_target_drop_step__scatter/scatter/seq_0006__largest_target_drop_step__scatter_step_0003.png"", ""/results/yao314652/home/project/outputs/visual_benchmark/qwen25vl_3b_all_modalities_rerun/images/seq_0006__largest_target_drop_step__scatter/scatter/seq_0006__largest_target_drop_step__scatter_step_0004.png""]","[{""wavelength"": 450.0, ""concentration"": 4.0, ""path_length"": 4.0, ""absorbance"": 144.0}, {""wavelength"": 400.0, ""concentration"": 4.0, ""path_length"": 4.0, ""absorbance"": 128.0}, {""wavelength"": 400.0, ""concentration"": 4.0, ""path_length"": 3.0, ""absorbance"": 96.0}, {""wavelength"": 450.0, ""concentration"": 4.0, ""path_length"": 3.0, ""absorbance"": 108.0}, {""wavelength"": 500.0, ""concentration"": 4.0, ""path_length"": 3.0, ""absorbance"": 120.0}]"
seq_0006__largest_target_drop_step__simulation,seq_0006,largest_target_drop_step,largest_drop_step,simulation,simulation,"At which step does absorbance show the largest drop compared with the previous step? If it never drops, answer none.",2,step_or_none,2,True,,"```json
{
  ""answer"": ""2""
}
```","[""/results/yao314652/home/project/outputs/visual_benchmark/qwen25vl_3b_all_modalities_rerun/images/seq_0006__largest_target_drop_step__simulation/simulation/step_0000.png"", ""/results/yao314652/home/project/outputs/visual_benchmark/qwen25vl_3b_all_modalities_rerun/images/seq_0006__largest_target_drop_step__simulation/simulation/step_0001.png"", ""/results/yao314652/home/project/outputs/visual_benchmark/qwen25vl_3b_all_modalities_rerun/images/seq_0006__largest_target_drop_step__simulation/simulation/step_0002.png"", ""/results/yao314652/home/project/outputs/visual_benchmark/qwen25vl_3b_all_modalities_rerun/images/seq_0006__largest_target_drop_step__simulation/simulation/step_0003.png"", ""/results/yao314652/home/project/outputs/visual_benchmark/qwen25vl_3b_all_modalities_rerun/images/seq_0006__largest_target_drop_step__simulation/simulation/step_0004.png""]","[{""wavelength"": 450.0, ""concentration"": 4.0, ""path_length"": 4.0, ""absorbance"": 144.0}, {""wavelength"": 400.0, ""concentration"": 4.0, ""path_length"": 4.0, ""absorbance"": 128.0}, {""wavelength"": 400.0, ""concentration"": 4.0, ""path_length"": 3.0, ""absorbance"": 96.0}, {""wavelength"": 450.0, ""concentration"": 4.0, ""path_length"": 3.0, ""absorbance"": 108.0}, {""wavelength"": 500.0, ""concentration"": 4.0, ""path_length"": 3.0, ""absorbance"": 120.0}]"
seq_0007__read_last_target__text,seq_0007,read_last_target,value_at_step,text,none,What is the value of absorbance at step 4?,36.0,number,36,True,0.0,"```json
{
  ""answer"": 36
}
```",[],"[{""wavelength"": 450.0, ""concentration"": 2.0, ""path_length"": 5.0, ""absorbance"": 90.0}, {""wavelength"": 450.0, ""concentration"": 2.0, ""path_length"": 4.0, ""absorbance"": 72.0}, {""wavelength"": 450.0, ""concentration"": 1.0, ""path_length"": 4.0, ""absorbance"": 36.0}, {""wavelength"": 400.0, ""concentration"": 1.0, ""path_length"": 4.0, ""absorbance"": 32.0}, {""wavelength"": 450.0, ""concentration"": 1.0, ""path_length"": 4.0, ""absorbance"": 36.0}]"
seq_0007__read_last_target__bar,seq_0007,read_last_target,value_at_step,bar,bar,What is the value of absorbance at step 4?,36.0,number,0.839261731458283,False,35.160738268541714,"```json
{
    ""answer"": 0.839261731458283
}
```","[""/results/yao314652/home/project/outputs/visual_benchmark/qwen25vl_3b_all_modalities_rerun/images/seq_0007__read_last_target__bar/bar/step_0000.png"", ""/results/yao314652/home/project/outputs/visual_benchmark/qwen25vl_3b_all_modalities_rerun/images/seq_0007__read_last_target__bar/bar/step_0001.png"", ""/results/yao314652/home/project/outputs/visual_benchmark/qwen25vl_3b_all_modalities_rerun/images/seq_0007__read_last_target__bar/bar/step_0002.png"", ""/results/yao314652/home/project/outputs/visual_benchmark/qwen25vl_3b_all_modalities_rerun/images/seq_0007__read_last_target__bar/bar/step_0003.png"", ""/results/yao314652/home/project/outputs/visual_benchmark/qwen25vl_3b_all_modalities_rerun/images/seq_0007__read_last_target__bar/bar/step_0004.png""]","[{""wavelength"": 450.0, ""concentration"": 2.0, ""path_length"": 5.0, ""absorbance"": 90.0}, {""wavelength"": 450.0, ""concentration"": 2.0, ""path_length"": 4.0, ""absorbance"": 72.0}, {""wavelength"": 450.0, ""concentration"": 1.0, ""path_length"": 4.0, ""absorbance"": 36.0}, {""wavelength"": 400.0, ""concentration"": 1.0, ""path_length"": 4.0, ""absorbance"": 32.0}, {""wavelength"": 450.0, ""concentration"": 1.0, ""path_length"": 4.0, ""absorbance"": 36.0}]"
seq_0007__read_last_target__line,seq_0007,read_last_target,value_at_step,line,line,What is the value of absorbance at step 4?,36.0,number,0.327,False,35.673,"```json
{
  ""answer"": 0.327
}
```","[""/results/yao314652/home/project/outputs/visual_benchmark/qwen25vl_3b_all_modalities_rerun/images/seq_0007__read_last_target__line/line/seq_0007__read_last_target__line_step_0000.png"", ""/results/yao314652/home/project/outputs/visual_benchmark/qwen25vl_3b_all_modalities_rerun/images/seq_0007__read_last_target__line/line/seq_0007__read_last_target__line_step_0001.png"", ""/results/yao314652/home/project/outputs/visual_benchmark/qwen25vl_3b_all_modalities_rerun/images/seq_0007__read_last_target__line/line/seq_0007__read_last_target__line_step_0002.png"", ""/results/yao314652/home/project/outputs/visual_benchmark/qwen25vl_3b_all_modalities_rerun/images/seq_0007__read_last_target__line/line/seq_0007__read_last_target__line_step_0003.png"", ""/results/yao314652/home/project/outputs/visual_benchmark/qwen25vl_3b_all_modalities_rerun/images/seq_0007__read_last_target__line/line/seq_0007__read_last_target__line_step_0004.png""]","[{""wavelength"": 450.0, ""concentration"": 2.0, ""path_length"": 5.0, ""absorbance"": 90.0}, {""wavelength"": 450.0, ""concentration"": 2.0, ""path_length"": 4.0, ""absorbance"": 72.0}, {""wavelength"": 450.0, ""concentration"": 1.0, ""path_length"": 4.0, ""absorbance"": 36.0}, {""wavelength"": 400.0, ""concentration"": 1.0, ""path_length"": 4.0, ""absorbance"": 32.0}, {""wavelength"": 450.0, ""concentration"": 1.0, ""path_length"": 4.0, ""absorbance"": 36.0}]"
seq_0007__read_last_target__scatter,seq_0007,read_last_target,value_at_step,scatter,scatter,What is the value of absorbance at step 4?,36.0,number,0.386,False,35.614,"```json
{
  ""answer"": 0.386
}
```","[""/results/yao314652/home/project/outputs/visual_benchmark/qwen25vl_3b_all_modalities_rerun/images/seq_0007__read_last_target__scatter/scatter/seq_0007__read_last_target__scatter_step_0000.png"", ""/results/yao314652/home/project/outputs/visual_benchmark/qwen25vl_3b_all_modalities_rerun/images/seq_0007__read_last_target__scatter/scatter/seq_0007__read_last_target__scatter_step_0001.png"", ""/results/yao314652/home/project/outputs/visual_benchmark/qwen25vl_3b_all_modalities_rerun/images/seq_0007__read_last_target__scatter/scatter/seq_0007__read_last_target__scatter_step_0002.png"", ""/results/yao314652/home/project/outputs/visual_benchmark/qwen25vl_3b_all_modalities_rerun/images/seq_0007__read_last_target__scatter/scatter/seq_0007__read_last_target__scatter_step_0003.png"", ""/results/yao314652/home/project/outputs/visual_benchmark/qwen25vl_3b_all_modalities_rerun/images/seq_0007__read_last_target__scatter/scatter/seq_0007__read_last_target__scatter_step_0004.png""]","[{""wavelength"": 450.0, ""concentration"": 2.0, ""path_length"": 5.0, ""absorbance"": 90.0}, {""wavelength"": 450.0, ""concentration"": 2.0, ""path_length"": 4.0, ""absorbance"": 72.0}, {""wavelength"": 450.0, ""concentration"": 1.0, ""path_length"": 4.0, ""absorbance"": 36.0}, {""wavelength"": 400.0, ""concentration"": 1.0, ""path_length"": 4.0, ""absorbance"": 32.0}, {""wavelength"": 450.0, ""concentration"": 1.0, ""path_length"": 4.0, ""absorbance"": 36.0}]"
seq_0007__read_last_target__simulation,seq_0007,read_last_target,value_at_step,simulation,simulation,What is the value of absorbance at step 4?,36.0,number,0.371,False,35.629,"```json
{
    ""answer"": 0.371
}
```","[""/results/yao314652/home/project/outputs/visual_benchmark/qwen25vl_3b_all_modalities_rerun/images/seq_0007__read_last_target__simulation/simulation/step_0000.png"", ""/results/yao314652/home/project/outputs/visual_benchmark/qwen25vl_3b_all_modalities_rerun/images/seq_0007__read_last_target__simulation/simulation/step_0001.png"", ""/results/yao314652/home/project/outputs/visual_benchmark/qwen25vl_3b_all_modalities_rerun/images/seq_0007__read_last_target__simulation/simulation/step_0002.png"", ""/results/yao314652/home/project/outputs/visual_benchmark/qwen25vl_3b_all_modalities_rerun/images/seq_0007__read_last_target__simulation/simulation/step_0003.png"", ""/results/yao314652/home/project/outputs/visual_benchmark/qwen25vl_3b_all_modalities_rerun/images/seq_0007__read_last_target__simulation/simulation/step_0004.png""]","[{""wavelength"": 450.0, ""concentration"": 2.0, ""path_length"": 5.0, ""absorbance"": 90.0}, {""wavelength"": 450.0, ""concentration"": 2.0, ""path_length"": 4.0, ""absorbance"": 72.0}, {""wavelength"": 450.0, ""concentration"": 1.0, ""path_length"": 4.0, ""absorbance"": 36.0}, {""wavelength"": 400.0, ""concentration"": 1.0, ""path_length"": 4.0, ""absorbance"": 32.0}, {""wavelength"": 450.0, ""concentration"": 1.0, ""path_length"": 4.0, ""absorbance"": 36.0}]"
seq_0007__target_change_amount__text,seq_0007,target_change_amount,change_amount,text,none,By how much does absorbance change from step 0 to step 4?,-54.0,number,54,False,108.0,"```json
{
  ""answer"": 54
}
```",[],"[{""wavelength"": 450.0, ""concentration"": 2.0, ""path_length"": 5.0, ""absorbance"": 90.0}, {""wavelength"": 450.0, ""concentration"": 2.0, ""path_length"": 4.0, ""absorbance"": 72.0}, {""wavelength"": 450.0, ""concentration"": 1.0, ""path_length"": 4.0, ""absorbance"": 36.0}, {""wavelength"": 400.0, ""concentration"": 1.0, ""path_length"": 4.0, ""absorbance"": 32.0}, {""wavelength"": 450.0, ""concentration"": 1.0, ""path_length"": 4.0, ""absorbance"": 36.0}]"
seq_0007__target_change_amount__bar,seq_0007,target_change_amount,change_amount,bar,bar,By how much does absorbance change from step 0 to step 4?,-54.0,number,0.3,False,54.3,"```json
{
    ""answer"": 0.3
}
```","[""/results/yao314652/home/project/outputs/visual_benchmark/qwen25vl_3b_all_modalities_rerun/images/seq_0007__target_change_amount__bar/bar/step_0000.png"", ""/results/yao314652/home/project/outputs/visual_benchmark/qwen25vl_3b_all_modalities_rerun/images/seq_0007__target_change_amount__bar/bar/step_0001.png"", ""/results/yao314652/home/project/outputs/visual_benchmark/qwen25vl_3b_all_modalities_rerun/images/seq_0007__target_change_amount__bar/bar/step_0002.png"", ""/results/yao314652/home/project/outputs/visual_benchmark/qwen25vl_3b_all_modalities_rerun/images/seq_0007__target_change_amount__bar/bar/step_0003.png"", ""/results/yao314652/home/project/outputs/visual_benchmark/qwen25vl_3b_all_modalities_rerun/images/seq_0007__target_change_amount__bar/bar/step_0004.png""]","[{""wavelength"": 450.0, ""concentration"": 2.0, ""path_length"": 5.0, ""absorbance"": 90.0}, {""wavelength"": 450.0, ""concentration"": 2.0, ""path_length"": 4.0, ""absorbance"": 72.0}, {""wavelength"": 450.0, ""concentration"": 1.0, ""path_length"": 4.0, ""absorbance"": 36.0}, {""wavelength"": 400.0, ""concentration"": 1.0, ""path_length"": 4.0, ""absorbance"": 32.0}, {""wavelength"": 450.0, ""concentration"": 1.0, ""path_length"": 4.0, ""absorbance"": 36.0}]"
seq_0007__target_change_amount__line,seq_0007,target_change_amount,change_amount,line,line,By how much does absorbance change from step 0 to step 4?,-54.0,number,-1.67,False,52.33,"```json
{
  ""answer"": -1.67
}
```","[""/results/yao314652/home/project/outputs/visual_benchmark/qwen25vl_3b_all_modalities_rerun/images/seq_0007__target_change_amount__line/line/seq_0007__target_change_amount__line_step_0000.png"", ""/results/yao314652/home/project/outputs/visual_benchmark/qwen25vl_3b_all_modalities_rerun/images/seq_0007__target_change_amount__line/line/seq_0007__target_change_amount__line_step_0001.png"", ""/results/yao314652/home/project/outputs/visual_benchmark/qwen25vl_3b_all_modalities_rerun/images/seq_0007__target_change_amount__line/line/seq_0007__target_change_amount__line_step_0002.png"", ""/results/yao314652/home/project/outputs/visual_benchmark/qwen25vl_3b_all_modalities_rerun/images/seq_0007__target_change_amount__line/line/seq_0007__target_change_amount__line_step_0003.png"", ""/results/yao314652/home/project/outputs/visual_benchmark/qwen25vl_3b_all_modalities_rerun/images/seq_0007__target_change_amount__line/line/seq_0007__target_change_amount__line_step_0004.png""]","[{""wavelength"": 450.0, ""concentration"": 2.0, ""path_length"": 5.0, ""absorbance"": 90.0}, {""wavelength"": 450.0, ""concentration"": 2.0, ""path_length"": 4.0, ""absorbance"": 72.0}, {""wavelength"": 450.0, ""concentration"": 1.0, ""path_length"": 4.0, ""absorbance"": 36.0}, {""wavelength"": 400.0, ""concentration"": 1.0, ""path_length"": 4.0, ""absorbance"": 32.0}, {""wavelength"": 450.0, ""concentration"": 1.0, ""path_length"": 4.0, ""absorbance"": 36.0}]"
seq_0007__target_change_amount__scatter,seq_0007,target_change_amount,change_amount,scatter,scatter,By how much does absorbance change from step 0 to step 4?,-54.0,number,0.086,False,54.086,"```json
{
    ""answer"": 0.086
}
```","[""/results/yao314652/home/project/outputs/visual_benchmark/qwen25vl_3b_all_modalities_rerun/images/seq_0007__target_change_amount__scatter/scatter/seq_0007__target_change_amount__scatter_step_0000.png"", ""/results/yao314652/home/project/outputs/visual_benchmark/qwen25vl_3b_all_modalities_rerun/images/seq_0007__target_change_amount__scatter/scatter/seq_0007__target_change_amount__scatter_step_0001.png"", ""/results/yao314652/home/project/outputs/visual_benchmark/qwen25vl_3b_all_modalities_rerun/images/seq_0007__target_change_amount__scatter/scatter/seq_0007__target_change_amount__scatter_step_0002.png"", ""/results/yao314652/home/project/outputs/visual_benchmark/qwen25vl_3b_all_modalities_rerun/images/seq_0007__target_change_amount__scatter/scatter/seq_0007__target_change_amount__scatter_step_0003.png"", ""/results/yao314652/home/project/outputs/visual_benchmark/qwen25vl_3b_all_modalities_rerun/images/seq_0007__target_change_amount__scatter/scatter/seq_0007__target_change_amount__scatter_step_0004.png""]","[{""wavelength"": 450.0, ""concentration"": 2.0, ""path_length"": 5.0, ""absorbance"": 90.0}, {""wavelength"": 450.0, ""concentration"": 2.0, ""path_length"": 4.0, ""absorbance"": 72.0}, {""wavelength"": 450.0, ""concentration"": 1.0, ""path_length"": 4.0, ""absorbance"": 36.0}, {""wavelength"": 400.0, ""concentration"": 1.0, ""path_length"": 4.0, ""absorbance"": 32.0}, {""wavelength"": 450.0, ""concentration"": 1.0, ""path_length"": 4.0, ""absorbance"": 36.0}]"
seq_0007__target_change_amount__simulation,seq_0007,target_change_amount,change_amount,simulation,simulation,By how much does absorbance change from step 0 to step 4?,-54.0,number,1.0,False,55.0,"```json
{
  ""answer"": 1.0
}
```","[""/results/yao314652/home/project/outputs/visual_benchmark/qwen25vl_3b_all_modalities_rerun/images/seq_0007__target_change_amount__simulation/simulation/step_0000.png"", ""/results/yao314652/home/project/outputs/visual_benchmark/qwen25vl_3b_all_modalities_rerun/images/seq_0007__target_change_amount__simulation/simulation/step_0001.png"", ""/results/yao314652/home/project/outputs/visual_benchmark/qwen25vl_3b_all_modalities_rerun/images/seq_0007__target_change_amount__simulation/simulation/step_0002.png"", ""/results/yao314652/home/project/outputs/visual_benchmark/qwen25vl_3b_all_modalities_rerun/images/seq_0007__target_change_amount__simulation/simulation/step_0003.png"", ""/results/yao314652/home/project/outputs/visual_benchmark/qwen25vl_3b_all_modalities_rerun/images/seq_0007__target_change_amount__simulation/simulation/step_0004.png""]","[{""wavelength"": 450.0, ""concentration"": 2.0, ""path_length"": 5.0, ""absorbance"": 90.0}, {""wavelength"": 450.0, ""concentration"": 2.0, ""path_length"": 4.0, ""absorbance"": 72.0}, {""wavelength"": 450.0, ""concentration"": 1.0, ""path_length"": 4.0, ""absorbance"": 36.0}, {""wavelength"": 400.0, ""concentration"": 1.0, ""path_length"": 4.0, ""absorbance"": 32.0}, {""wavelength"": 450.0, ""concentration"": 1.0, ""path_length"": 4.0, ""absorbance"": 36.0}]"
seq_0007__target_change_direction__text,seq_0007,target_change_direction,change_direction,text,none,"Does absorbance increase, decrease, or stay the same from step 0 to step 4?",decrease,category,decrease,True,,"{""answer"": ""decrease""}",[],"[{""wavelength"": 450.0, ""concentration"": 2.0, ""path_length"": 5.0, ""absorbance"": 90.0}, {""wavelength"": 450.0, ""concentration"": 2.0, ""path_length"": 4.0, ""absorbance"": 72.0}, {""wavelength"": 450.0, ""concentration"": 1.0, ""path_length"": 4.0, ""absorbance"": 36.0}, {""wavelength"": 400.0, ""concentration"": 1.0, ""path_length"": 4.0, ""absorbance"": 32.0}, {""wavelength"": 450.0, ""concentration"": 1.0, ""path_length"": 4.0, ""absorbance"": 36.0}]"
seq_0007__target_change_direction__bar,seq_0007,target_change_direction,change_direction,bar,bar,"Does absorbance increase, decrease, or stay the same from step 0 to step 4?",decrease,category,decrease,True,,"{""answer"": ""decrease""}","[""/results/yao314652/home/project/outputs/visual_benchmark/qwen25vl_3b_all_modalities_rerun/images/seq_0007__target_change_direction__bar/bar/step_0000.png"", ""/results/yao314652/home/project/outputs/visual_benchmark/qwen25vl_3b_all_modalities_rerun/images/seq_0007__target_change_direction__bar/bar/step_0001.png"", ""/results/yao314652/home/project/outputs/visual_benchmark/qwen25vl_3b_all_modalities_rerun/images/seq_0007__target_change_direction__bar/bar/step_0002.png"", ""/results/yao314652/home/project/outputs/visual_benchmark/qwen25vl_3b_all_modalities_rerun/images/seq_0007__target_change_direction__bar/bar/step_0003.png"", ""/results/yao314652/home/project/outputs/visual_benchmark/qwen25vl_3b_all_modalities_rerun/images/seq_0007__target_change_direction__bar/bar/step_0004.png""]","[{""wavelength"": 450.0, ""concentration"": 2.0, ""path_length"": 5.0, ""absorbance"": 90.0}, {""wavelength"": 450.0, ""concentration"": 2.0, ""path_length"": 4.0, ""absorbance"": 72.0}, {""wavelength"": 450.0, ""concentration"": 1.0, ""path_length"": 4.0, ""absorbance"": 36.0}, {""wavelength"": 400.0, ""concentration"": 1.0, ""path_length"": 4.0, ""absorbance"": 32.0}, {""wavelength"": 450.0, ""concentration"": 1.0, ""path_length"": 4.0, ""absorbance"": 36.0}]"
seq_0007__target_change_direction__line,seq_0007,target_change_direction,change_direction,line,line,"Does absorbance increase, decrease, or stay the same from step 0 to step 4?",decrease,category,decrease,True,,"{""answer"": ""decrease""}","[""/results/yao314652/home/project/outputs/visual_benchmark/qwen25vl_3b_all_modalities_rerun/images/seq_0007__target_change_direction__line/line/seq_0007__target_change_direction__line_step_0000.png"", ""/results/yao314652/home/project/outputs/visual_benchmark/qwen25vl_3b_all_modalities_rerun/images/seq_0007__target_change_direction__line/line/seq_0007__target_change_direction__line_step_0001.png"", ""/results/yao314652/home/project/outputs/visual_benchmark/qwen25vl_3b_all_modalities_rerun/images/seq_0007__target_change_direction__line/line/seq_0007__target_change_direction__line_step_0002.png"", ""/results/yao314652/home/project/outputs/visual_benchmark/qwen25vl_3b_all_modalities_rerun/images/seq_0007__target_change_direction__line/line/seq_0007__target_change_direction__line_step_0003.png"", ""/results/yao314652/home/project/outputs/visual_benchmark/qwen25vl_3b_all_modalities_rerun/images/seq_0007__target_change_direction__line/line/seq_0007__target_change_direction__line_step_0004.png""]","[{""wavelength"": 450.0, ""concentration"": 2.0, ""path_length"": 5.0, ""absorbance"": 90.0}, {""wavelength"": 450.0, ""concentration"": 2.0, ""path_length"": 4.0, ""absorbance"": 72.0}, {""wavelength"": 450.0, ""concentration"": 1.0, ""path_length"": 4.0, ""absorbance"": 36.0}, {""wavelength"": 400.0, ""concentration"": 1.0, ""path_length"": 4.0, ""absorbance"": 32.0}, {""wavelength"": 450.0, ""concentration"": 1.0, ""path_length"": 4.0, ""absorbance"": 36.0}]"
seq_0007__target_change_direction__scatter,seq_0007,target_change_direction,change_direction,scatter,scatter,"Does absorbance increase, decrease, or stay the same from step 0 to step 4?",decrease,category,decrease,True,,"{""answer"": ""decrease""}","[""/results/yao314652/home/project/outputs/visual_benchmark/qwen25vl_3b_all_modalities_rerun/images/seq_0007__target_change_direction__scatter/scatter/seq_0007__target_change_direction__scatter_step_0000.png"", ""/results/yao314652/home/project/outputs/visual_benchmark/qwen25vl_3b_all_modalities_rerun/images/seq_0007__target_change_direction__scatter/scatter/seq_0007__target_change_direction__scatter_step_0001.png"", ""/results/yao314652/home/project/outputs/visual_benchmark/qwen25vl_3b_all_modalities_rerun/images/seq_0007__target_change_direction__scatter/scatter/seq_0007__target_change_direction__scatter_step_0002.png"", ""/results/yao314652/home/project/outputs/visual_benchmark/qwen25vl_3b_all_modalities_rerun/images/seq_0007__target_change_direction__scatter/scatter/seq_0007__target_change_direction__scatter_step_0003.png"", ""/results/yao314652/home/project/outputs/visual_benchmark/qwen25vl_3b_all_modalities_rerun/images/seq_0007__target_change_direction__scatter/scatter/seq_0007__target_change_direction__scatter_step_0004.png""]","[{""wavelength"": 450.0, ""concentration"": 2.0, ""path_length"": 5.0, ""absorbance"": 90.0}, {""wavelength"": 450.0, ""concentration"": 2.0, ""path_length"": 4.0, ""absorbance"": 72.0}, {""wavelength"": 450.0, ""concentration"": 1.0, ""path_length"": 4.0, ""absorbance"": 36.0}, {""wavelength"": 400.0, ""concentration"": 1.0, ""path_length"": 4.0, ""absorbance"": 32.0}, {""wavelength"": 450.0, ""concentration"": 1.0, ""path_length"": 4.0, ""absorbance"": 36.0}]"
seq_0007__target_change_direction__simulation,seq_0007,target_change_direction,change_direction,simulation,simulation,"Does absorbance increase, decrease, or stay the same from step 0 to step 4?",decrease,category,decrease,True,,"{""answer"": ""decrease""}","[""/results/yao314652/home/project/outputs/visual_benchmark/qwen25vl_3b_all_modalities_rerun/images/seq_0007__target_change_direction__simulation/simulation/step_0000.png"", ""/results/yao314652/home/project/outputs/visual_benchmark/qwen25vl_3b_all_modalities_rerun/images/seq_0007__target_change_direction__simulation/simulation/step_0001.png"", ""/results/yao314652/home/project/outputs/visual_benchmark/qwen25vl_3b_all_modalities_rerun/images/seq_0007__target_change_direction__simulation/simulation/step_0002.png"", ""/results/yao314652/home/project/outputs/visual_benchmark/qwen25vl_3b_all_modalities_rerun/images/seq_0007__target_change_direction__simulation/simulation/step_0003.png"", ""/results/yao314652/home/project/outputs/visual_benchmark/qwen25vl_3b_all_modalities_rerun/images/seq_0007__target_change_direction__simulation/simulation/step_0004.png""]","[{""wavelength"": 450.0, ""concentration"": 2.0, ""path_length"": 5.0, ""absorbance"": 90.0}, {""wavelength"": 450.0, ""concentration"": 2.0, ""path_length"": 4.0, ""absorbance"": 72.0}, {""wavelength"": 450.0, ""concentration"": 1.0, ""path_length"": 4.0, ""absorbance"": 36.0}, {""wavelength"": 400.0, ""concentration"": 1.0, ""path_length"": 4.0, ""absorbance"": 32.0}, {""wavelength"": 450.0, ""concentration"": 1.0, ""path_length"": 4.0, ""absorbance"": 36.0}]"
seq_0007__changed_variable_0_to_1__text,seq_0007,changed_variable_0_to_1,changed_variable,text,none,Which input variable changed from step 0 to step 1?,path_length,category,concentration,False,,"{
  ""answer"": ""concentration""
}",[],"[{""wavelength"": 450.0, ""concentration"": 2.0, ""path_length"": 5.0, ""absorbance"": 90.0}, {""wavelength"": 450.0, ""concentration"": 2.0, ""path_length"": 4.0, ""absorbance"": 72.0}, {""wavelength"": 450.0, ""concentration"": 1.0, ""path_length"": 4.0, ""absorbance"": 36.0}, {""wavelength"": 400.0, ""concentration"": 1.0, ""path_length"": 4.0, ""absorbance"": 32.0}, {""wavelength"": 450.0, ""concentration"": 1.0, ""path_length"": 4.0, ""absorbance"": 36.0}]"
seq_0007__changed_variable_0_to_1__bar,seq_0007,changed_variable_0_to_1,changed_variable,bar,bar,Which input variable changed from step 0 to step 1?,path_length,category,a,False,,"{""answer"": ""a""}","[""/results/yao314652/home/project/outputs/visual_benchmark/qwen25vl_3b_all_modalities_rerun/images/seq_0007__changed_variable_0_to_1__bar/bar/step_0000.png"", ""/results/yao314652/home/project/outputs/visual_benchmark/qwen25vl_3b_all_modalities_rerun/images/seq_0007__changed_variable_0_to_1__bar/bar/step_0001.png"", ""/results/yao314652/home/project/outputs/visual_benchmark/qwen25vl_3b_all_modalities_rerun/images/seq_0007__changed_variable_0_to_1__bar/bar/step_0002.png"", ""/results/yao314652/home/project/outputs/visual_benchmark/qwen25vl_3b_all_modalities_rerun/images/seq_0007__changed_variable_0_to_1__bar/bar/step_0003.png"", ""/results/yao314652/home/project/outputs/visual_benchmark/qwen25vl_3b_all_modalities_rerun/images/seq_0007__changed_variable_0_to_1__bar/bar/step_0004.png""]","[{""wavelength"": 450.0, ""concentration"": 2.0, ""path_length"": 5.0, ""absorbance"": 90.0}, {""wavelength"": 450.0, ""concentration"": 2.0, ""path_length"": 4.0, ""absorbance"": 72.0}, {""wavelength"": 450.0, ""concentration"": 1.0, ""path_length"": 4.0, ""absorbance"": 36.0}, {""wavelength"": 400.0, ""concentration"": 1.0, ""path_length"": 4.0, ""absorbance"": 32.0}, {""wavelength"": 450.0, ""concentration"": 1.0, ""path_length"": 4.0, ""absorbance"": 36.0}]"
seq_0007__changed_variable_0_to_1__line,seq_0007,changed_variable_0_to_1,changed_variable,line,line,Which input variable changed from step 0 to step 1?,path_length,category,y,False,,"{""answer"": ""y""}","[""/results/yao314652/home/project/outputs/visual_benchmark/qwen25vl_3b_all_modalities_rerun/images/seq_0007__changed_variable_0_to_1__line/line/seq_0007__changed_variable_0_to_1__line_step_0000.png"", ""/results/yao314652/home/project/outputs/visual_benchmark/qwen25vl_3b_all_modalities_rerun/images/seq_0007__changed_variable_0_to_1__line/line/seq_0007__changed_variable_0_to_1__line_step_0001.png"", ""/results/yao314652/home/project/outputs/visual_benchmark/qwen25vl_3b_all_modalities_rerun/images/seq_0007__changed_variable_0_to_1__line/line/seq_0007__changed_variable_0_to_1__line_step_0002.png"", ""/results/yao314652/home/project/outputs/visual_benchmark/qwen25vl_3b_all_modalities_rerun/images/seq_0007__changed_variable_0_to_1__line/line/seq_0007__changed_variable_0_to_1__line_step_0003.png"", ""/results/yao314652/home/project/outputs/visual_benchmark/qwen25vl_3b_all_modalities_rerun/images/seq_0007__changed_variable_0_to_1__line/line/seq_0007__changed_variable_0_to_1__line_step_0004.png""]","[{""wavelength"": 450.0, ""concentration"": 2.0, ""path_length"": 5.0, ""absorbance"": 90.0}, {""wavelength"": 450.0, ""concentration"": 2.0, ""path_length"": 4.0, ""absorbance"": 72.0}, {""wavelength"": 450.0, ""concentration"": 1.0, ""path_length"": 4.0, ""absorbance"": 36.0}, {""wavelength"": 400.0, ""concentration"": 1.0, ""path_length"": 4.0, ""absorbance"": 32.0}, {""wavelength"": 450.0, ""concentration"": 1.0, ""path_length"": 4.0, ""absorbance"": 36.0}]"
seq_0007__changed_variable_0_to_1__scatter,seq_0007,changed_variable_0_to_1,changed_variable,scatter,scatter,Which input variable changed from step 0 to step 1?,path_length,category,bias,False,,"{""answer"": ""bias""}","[""/results/yao314652/home/project/outputs/visual_benchmark/qwen25vl_3b_all_modalities_rerun/images/seq_0007__changed_variable_0_to_1__scatter/scatter/seq_0007__changed_variable_0_to_1__scatter_step_0000.png"", ""/results/yao314652/home/project/outputs/visual_benchmark/qwen25vl_3b_all_modalities_rerun/images/seq_0007__changed_variable_0_to_1__scatter/scatter/seq_0007__changed_variable_0_to_1__scatter_step_0001.png"", ""/results/yao314652/home/project/outputs/visual_benchmark/qwen25vl_3b_all_modalities_rerun/images/seq_0007__changed_variable_0_to_1__scatter/scatter/seq_0007__changed_variable_0_to_1__scatter_step_0002.png"", ""/results/yao314652/home/project/outputs/visual_benchmark/qwen25vl_3b_all_modalities_rerun/images/seq_0007__changed_variable_0_to_1__scatter/scatter/seq_0007__changed_variable_0_to_1__scatter_step_0003.png"", ""/results/yao314652/home/project/outputs/visual_benchmark/qwen25vl_3b_all_modalities_rerun/images/seq_0007__changed_variable_0_to_1__scatter/scatter/seq_0007__changed_variable_0_to_1__scatter_step_0004.png""]","[{""wavelength"": 450.0, ""concentration"": 2.0, ""path_length"": 5.0, ""absorbance"": 90.0}, {""wavelength"": 450.0, ""concentration"": 2.0, ""path_length"": 4.0, ""absorbance"": 72.0}, {""wavelength"": 450.0, ""concentration"": 1.0, ""path_length"": 4.0, ""absorbance"": 36.0}, {""wavelength"": 400.0, ""concentration"": 1.0, ""path_length"": 4.0, ""absorbance"": 32.0}, {""wavelength"": 450.0, ""concentration"": 1.0, ""path_length"": 4.0, ""absorbance"": 36.0}]"
seq_0007__changed_variable_0_to_1__simulation,seq_0007,changed_variable_0_to_1,changed_variable,simulation,simulation,Which input variable changed from step 0 to step 1?,path_length,category,output,False,,"{""answer"": ""output""}","[""/results/yao314652/home/project/outputs/visual_benchmark/qwen25vl_3b_all_modalities_rerun/images/seq_0007__changed_variable_0_to_1__simulation/simulation/step_0000.png"", ""/results/yao314652/home/project/outputs/visual_benchmark/qwen25vl_3b_all_modalities_rerun/images/seq_0007__changed_variable_0_to_1__simulation/simulation/step_0001.png"", ""/results/yao314652/home/project/outputs/visual_benchmark/qwen25vl_3b_all_modalities_rerun/images/seq_0007__changed_variable_0_to_1__simulation/simulation/step_0002.png"", ""/results/yao314652/home/project/outputs/visual_benchmark/qwen25vl_3b_all_modalities_rerun/images/seq_0007__changed_variable_0_to_1__simulation/simulation/step_0003.png"", ""/results/yao314652/home/project/outputs/visual_benchmark/qwen25vl_3b_all_modalities_rerun/images/seq_0007__changed_variable_0_to_1__simulation/simulation/step_0004.png""]","[{""wavelength"": 450.0, ""concentration"": 2.0, ""path_length"": 5.0, ""absorbance"": 90.0}, {""wavelength"": 450.0, ""concentration"": 2.0, ""path_length"": 4.0, ""absorbance"": 72.0}, {""wavelength"": 450.0, ""concentration"": 1.0, ""path_length"": 4.0, ""absorbance"": 36.0}, {""wavelength"": 400.0, ""concentration"": 1.0, ""path_length"": 4.0, ""absorbance"": 32.0}, {""wavelength"": 450.0, ""concentration"": 1.0, ""path_length"": 4.0, ""absorbance"": 36.0}]"
seq_0007__max_target_step__text,seq_0007,max_target_step,max_step,text,none,At which step is absorbance the highest?,0,step,0,True,,"```json
{
  ""answer"": 0
}
```",[],"[{""wavelength"": 450.0, ""concentration"": 2.0, ""path_length"": 5.0, ""absorbance"": 90.0}, {""wavelength"": 450.0, ""concentration"": 2.0, ""path_length"": 4.0, ""absorbance"": 72.0}, {""wavelength"": 450.0, ""concentration"": 1.0, ""path_length"": 4.0, ""absorbance"": 36.0}, {""wavelength"": 400.0, ""concentration"": 1.0, ""path_length"": 4.0, ""absorbance"": 32.0}, {""wavelength"": 450.0, ""concentration"": 1.0, ""path_length"": 4.0, ""absorbance"": 36.0}]"
seq_0007__max_target_step__bar,seq_0007,max_target_step,max_step,bar,bar,At which step is absorbance the highest?,0,step,3,False,,"```json
{
    ""answer"": 3
}
```","[""/results/yao314652/home/project/outputs/visual_benchmark/qwen25vl_3b_all_modalities_rerun/images/seq_0007__max_target_step__bar/bar/step_0000.png"", ""/results/yao314652/home/project/outputs/visual_benchmark/qwen25vl_3b_all_modalities_rerun/images/seq_0007__max_target_step__bar/bar/step_0001.png"", ""/results/yao314652/home/project/outputs/visual_benchmark/qwen25vl_3b_all_modalities_rerun/images/seq_0007__max_target_step__bar/bar/step_0002.png"", ""/results/yao314652/home/project/outputs/visual_benchmark/qwen25vl_3b_all_modalities_rerun/images/seq_0007__max_target_step__bar/bar/step_0003.png"", ""/results/yao314652/home/project/outputs/visual_benchmark/qwen25vl_3b_all_modalities_rerun/images/seq_0007__max_target_step__bar/bar/step_0004.png""]","[{""wavelength"": 450.0, ""concentration"": 2.0, ""path_length"": 5.0, ""absorbance"": 90.0}, {""wavelength"": 450.0, ""concentration"": 2.0, ""path_length"": 4.0, ""absorbance"": 72.0}, {""wavelength"": 450.0, ""concentration"": 1.0, ""path_length"": 4.0, ""absorbance"": 36.0}, {""wavelength"": 400.0, ""concentration"": 1.0, ""path_length"": 4.0, ""absorbance"": 32.0}, {""wavelength"": 450.0, ""concentration"": 1.0, ""path_length"": 4.0, ""absorbance"": 36.0}]"
seq_0007__max_target_step__line,seq_0007,max_target_step,max_step,line,line,At which step is absorbance the highest?,0,step,3,False,,"```json
{
    ""answer"": 3
}
```","[""/results/yao314652/home/project/outputs/visual_benchmark/qwen25vl_3b_all_modalities_rerun/images/seq_0007__max_target_step__line/line/seq_0007__max_target_step__line_step_0000.png"", ""/results/yao314652/home/project/outputs/visual_benchmark/qwen25vl_3b_all_modalities_rerun/images/seq_0007__max_target_step__line/line/seq_0007__max_target_step__line_step_0001.png"", ""/results/yao314652/home/project/outputs/visual_benchmark/qwen25vl_3b_all_modalities_rerun/images/seq_0007__max_target_step__line/line/seq_0007__max_target_step__line_step_0002.png"", ""/results/yao314652/home/project/outputs/visual_benchmark/qwen25vl_3b_all_modalities_rerun/images/seq_0007__max_target_step__line/line/seq_0007__max_target_step__line_step_0003.png"", ""/results/yao314652/home/project/outputs/visual_benchmark/qwen25vl_3b_all_modalities_rerun/images/seq_0007__max_target_step__line/line/seq_0007__max_target_step__line_step_0004.png""]","[{""wavelength"": 450.0, ""concentration"": 2.0, ""path_length"": 5.0, ""absorbance"": 90.0}, {""wavelength"": 450.0, ""concentration"": 2.0, ""path_length"": 4.0, ""absorbance"": 72.0}, {""wavelength"": 450.0, ""concentration"": 1.0, ""path_length"": 4.0, ""absorbance"": 36.0}, {""wavelength"": 400.0, ""concentration"": 1.0, ""path_length"": 4.0, ""absorbance"": 32.0}, {""wavelength"": 450.0, ""concentration"": 1.0, ""path_length"": 4.0, ""absorbance"": 36.0}]"
seq_0007__max_target_step__scatter,seq_0007,max_target_step,max_step,scatter,scatter,At which step is absorbance the highest?,0,step,4,False,,"```json
{
  ""answer"": 4
}
```","[""/results/yao314652/home/project/outputs/visual_benchmark/qwen25vl_3b_all_modalities_rerun/images/seq_0007__max_target_step__scatter/scatter/seq_0007__max_target_step__scatter_step_0000.png"", ""/results/yao314652/home/project/outputs/visual_benchmark/qwen25vl_3b_all_modalities_rerun/images/seq_0007__max_target_step__scatter/scatter/seq_0007__max_target_step__scatter_step_0001.png"", ""/results/yao314652/home/project/outputs/visual_benchmark/qwen25vl_3b_all_modalities_rerun/images/seq_0007__max_target_step__scatter/scatter/seq_0007__max_target_step__scatter_step_0002.png"", ""/results/yao314652/home/project/outputs/visual_benchmark/qwen25vl_3b_all_modalities_rerun/images/seq_0007__max_target_step__scatter/scatter/seq_0007__max_target_step__scatter_step_0003.png"", ""/results/yao314652/home/project/outputs/visual_benchmark/qwen25vl_3b_all_modalities_rerun/images/seq_0007__max_target_step__scatter/scatter/seq_0007__max_target_step__scatter_step_0004.png""]","[{""wavelength"": 450.0, ""concentration"": 2.0, ""path_length"": 5.0, ""absorbance"": 90.0}, {""wavelength"": 450.0, ""concentration"": 2.0, ""path_length"": 4.0, ""absorbance"": 72.0}, {""wavelength"": 450.0, ""concentration"": 1.0, ""path_length"": 4.0, ""absorbance"": 36.0}, {""wavelength"": 400.0, ""concentration"": 1.0, ""path_length"": 4.0, ""absorbance"": 32.0}, {""wavelength"": 450.0, ""concentration"": 1.0, ""path_length"": 4.0, ""absorbance"": 36.0}]"
seq_0007__max_target_step__simulation,seq_0007,max_target_step,max_step,simulation,simulation,At which step is absorbance the highest?,0,step,1,False,,"```json
{
    ""answer"": 1
}
```","[""/results/yao314652/home/project/outputs/visual_benchmark/qwen25vl_3b_all_modalities_rerun/images/seq_0007__max_target_step__simulation/simulation/step_0000.png"", ""/results/yao314652/home/project/outputs/visual_benchmark/qwen25vl_3b_all_modalities_rerun/images/seq_0007__max_target_step__simulation/simulation/step_0001.png"", ""/results/yao314652/home/project/outputs/visual_benchmark/qwen25vl_3b_all_modalities_rerun/images/seq_0007__max_target_step__simulation/simulation/step_0002.png"", ""/results/yao314652/home/project/outputs/visual_benchmark/qwen25vl_3b_all_modalities_rerun/images/seq_0007__max_target_step__simulation/simulation/step_0003.png"", ""/results/yao314652/home/project/outputs/visual_benchmark/qwen25vl_3b_all_modalities_rerun/images/seq_0007__max_target_step__simulation/simulation/step_0004.png""]","[{""wavelength"": 450.0, ""concentration"": 2.0, ""path_length"": 5.0, ""absorbance"": 90.0}, {""wavelength"": 450.0, ""concentration"": 2.0, ""path_length"": 4.0, ""absorbance"": 72.0}, {""wavelength"": 450.0, ""concentration"": 1.0, ""path_length"": 4.0, ""absorbance"": 36.0}, {""wavelength"": 400.0, ""concentration"": 1.0, ""path_length"": 4.0, ""absorbance"": 32.0}, {""wavelength"": 450.0, ""concentration"": 1.0, ""path_length"": 4.0, ""absorbance"": 36.0}]"
seq_0007__largest_target_drop_step__text,seq_0007,largest_target_drop_step,largest_drop_step,text,none,"At which step does absorbance show the largest drop compared with the previous step? If it never drops, answer none.",2,step_or_none,1,False,,"```json
{
  ""answer"": ""1""
}
```",[],"[{""wavelength"": 450.0, ""concentration"": 2.0, ""path_length"": 5.0, ""absorbance"": 90.0}, {""wavelength"": 450.0, ""concentration"": 2.0, ""path_length"": 4.0, ""absorbance"": 72.0}, {""wavelength"": 450.0, ""concentration"": 1.0, ""path_length"": 4.0, ""absorbance"": 36.0}, {""wavelength"": 400.0, ""concentration"": 1.0, ""path_length"": 4.0, ""absorbance"": 32.0}, {""wavelength"": 450.0, ""concentration"": 1.0, ""path_length"": 4.0, ""absorbance"": 36.0}]"
seq_0007__largest_target_drop_step__bar,seq_0007,largest_target_drop_step,largest_drop_step,bar,bar,"At which step does absorbance show the largest drop compared with the previous step? If it never drops, answer none.",2,step_or_none,3,False,,"```json
{
    ""answer"": ""3""
}
```","[""/results/yao314652/home/project/outputs/visual_benchmark/qwen25vl_3b_all_modalities_rerun/images/seq_0007__largest_target_drop_step__bar/bar/step_0000.png"", ""/results/yao314652/home/project/outputs/visual_benchmark/qwen25vl_3b_all_modalities_rerun/images/seq_0007__largest_target_drop_step__bar/bar/step_0001.png"", ""/results/yao314652/home/project/outputs/visual_benchmark/qwen25vl_3b_all_modalities_rerun/images/seq_0007__largest_target_drop_step__bar/bar/step_0002.png"", ""/results/yao314652/home/project/outputs/visual_benchmark/qwen25vl_3b_all_modalities_rerun/images/seq_0007__largest_target_drop_step__bar/bar/step_0003.png"", ""/results/yao314652/home/project/outputs/visual_benchmark/qwen25vl_3b_all_modalities_rerun/images/seq_0007__largest_target_drop_step__bar/bar/step_0004.png""]","[{""wavelength"": 450.0, ""concentration"": 2.0, ""path_length"": 5.0, ""absorbance"": 90.0}, {""wavelength"": 450.0, ""concentration"": 2.0, ""path_length"": 4.0, ""absorbance"": 72.0}, {""wavelength"": 450.0, ""concentration"": 1.0, ""path_length"": 4.0, ""absorbance"": 36.0}, {""wavelength"": 400.0, ""concentration"": 1.0, ""path_length"": 4.0, ""absorbance"": 32.0}, {""wavelength"": 450.0, ""concentration"": 1.0, ""path_length"": 4.0, ""absorbance"": 36.0}]"
seq_0007__largest_target_drop_step__line,seq_0007,largest_target_drop_step,largest_drop_step,line,line,"At which step does absorbance show the largest drop compared with the previous step? If it never drops, answer none.",2,step_or_none,4,False,,"```json
{
  ""answer"": ""4""
}
```","[""/results/yao314652/home/project/outputs/visual_benchmark/qwen25vl_3b_all_modalities_rerun/images/seq_0007__largest_target_drop_step__line/line/seq_0007__largest_target_drop_step__line_step_0000.png"", ""/results/yao314652/home/project/outputs/visual_benchmark/qwen25vl_3b_all_modalities_rerun/images/seq_0007__largest_target_drop_step__line/line/seq_0007__largest_target_drop_step__line_step_0001.png"", ""/results/yao314652/home/project/outputs/visual_benchmark/qwen25vl_3b_all_modalities_rerun/images/seq_0007__largest_target_drop_step__line/line/seq_0007__largest_target_drop_step__line_step_0002.png"", ""/results/yao314652/home/project/outputs/visual_benchmark/qwen25vl_3b_all_modalities_rerun/images/seq_0007__largest_target_drop_step__line/line/seq_0007__largest_target_drop_step__line_step_0003.png"", ""/results/yao314652/home/project/outputs/visual_benchmark/qwen25vl_3b_all_modalities_rerun/images/seq_0007__largest_target_drop_step__line/line/seq_0007__largest_target_drop_step__line_step_0004.png""]","[{""wavelength"": 450.0, ""concentration"": 2.0, ""path_length"": 5.0, ""absorbance"": 90.0}, {""wavelength"": 450.0, ""concentration"": 2.0, ""path_length"": 4.0, ""absorbance"": 72.0}, {""wavelength"": 450.0, ""concentration"": 1.0, ""path_length"": 4.0, ""absorbance"": 36.0}, {""wavelength"": 400.0, ""concentration"": 1.0, ""path_length"": 4.0, ""absorbance"": 32.0}, {""wavelength"": 450.0, ""concentration"": 1.0, ""path_length"": 4.0, ""absorbance"": 36.0}]"
seq_0007__largest_target_drop_step__scatter,seq_0007,largest_target_drop_step,largest_drop_step,scatter,scatter,"At which step does absorbance show the largest drop compared with the previous step? If it never drops, answer none.",2,step_or_none,3,False,,"```json
{
    ""answer"": ""3""
}
```","[""/results/yao314652/home/project/outputs/visual_benchmark/qwen25vl_3b_all_modalities_rerun/images/seq_0007__largest_target_drop_step__scatter/scatter/seq_0007__largest_target_drop_step__scatter_step_0000.png"", ""/results/yao314652/home/project/outputs/visual_benchmark/qwen25vl_3b_all_modalities_rerun/images/seq_0007__largest_target_drop_step__scatter/scatter/seq_0007__largest_target_drop_step__scatter_step_0001.png"", ""/results/yao314652/home/project/outputs/visual_benchmark/qwen25vl_3b_all_modalities_rerun/images/seq_0007__largest_target_drop_step__scatter/scatter/seq_0007__largest_target_drop_step__scatter_step_0002.png"", ""/results/yao314652/home/project/outputs/visual_benchmark/qwen25vl_3b_all_modalities_rerun/images/seq_0007__largest_target_drop_step__scatter/scatter/seq_0007__largest_target_drop_step__scatter_step_0003.png"", ""/results/yao314652/home/project/outputs/visual_benchmark/qwen25vl_3b_all_modalities_rerun/images/seq_0007__largest_target_drop_step__scatter/scatter/seq_0007__largest_target_drop_step__scatter_step_0004.png""]","[{""wavelength"": 450.0, ""concentration"": 2.0, ""path_length"": 5.0, ""absorbance"": 90.0}, {""wavelength"": 450.0, ""concentration"": 2.0, ""path_length"": 4.0, ""absorbance"": 72.0}, {""wavelength"": 450.0, ""concentration"": 1.0, ""path_length"": 4.0, ""absorbance"": 36.0}, {""wavelength"": 400.0, ""concentration"": 1.0, ""path_length"": 4.0, ""absorbance"": 32.0}, {""wavelength"": 450.0, ""concentration"": 1.0, ""path_length"": 4.0, ""absorbance"": 36.0}]"
seq_0007__largest_target_drop_step__simulation,seq_0007,largest_target_drop_step,largest_drop_step,simulation,simulation,"At which step does absorbance show the largest drop compared with the previous step? If it never drops, answer none.",2,step_or_none,2,True,,"{""answer"": 2}","[""/results/yao314652/home/project/outputs/visual_benchmark/qwen25vl_3b_all_modalities_rerun/images/seq_0007__largest_target_drop_step__simulation/simulation/step_0000.png"", ""/results/yao314652/home/project/outputs/visual_benchmark/qwen25vl_3b_all_modalities_rerun/images/seq_0007__largest_target_drop_step__simulation/simulation/step_0001.png"", ""/results/yao314652/home/project/outputs/visual_benchmark/qwen25vl_3b_all_modalities_rerun/images/seq_0007__largest_target_drop_step__simulation/simulation/step_0002.png"", ""/results/yao314652/home/project/outputs/visual_benchmark/qwen25vl_3b_all_modalities_rerun/images/seq_0007__largest_target_drop_step__simulation/simulation/step_0003.png"", ""/results/yao314652/home/project/outputs/visual_benchmark/qwen25vl_3b_all_modalities_rerun/images/seq_0007__largest_target_drop_step__simulation/simulation/step_0004.png""]","[{""wavelength"": 450.0, ""concentration"": 2.0, ""path_length"": 5.0, ""absorbance"": 90.0}, {""wavelength"": 450.0, ""concentration"": 2.0, ""path_length"": 4.0, ""absorbance"": 72.0}, {""wavelength"": 450.0, ""concentration"": 1.0, ""path_length"": 4.0, ""absorbance"": 36.0}, {""wavelength"": 400.0, ""concentration"": 1.0, ""path_length"": 4.0, ""absorbance"": 32.0}, {""wavelength"": 450.0, ""concentration"": 1.0, ""path_length"": 4.0, ""absorbance"": 36.0}]"
seq_0008__read_last_target__text,seq_0008,read_last_target,value_at_step,text,none,What is the value of absorbance at step 4?,160.0,number,160,True,0.0,"```json
{""answer"": 160}
```",[],"[{""wavelength"": 600.0, ""concentration"": 3.0, ""path_length"": 5.0, ""absorbance"": 180.0}, {""wavelength"": 600.0, ""concentration"": 4.0, ""path_length"": 5.0, ""absorbance"": 240.0}, {""wavelength"": 550.0, ""concentration"": 4.0, ""path_length"": 5.0, ""absorbance"": 220.0}, {""wavelength"": 500.0, ""concentration"": 4.0, ""path_length"": 5.0, ""absorbance"": 200.0}, {""wavelength"": 500.0, ""concentration"": 4.0, ""path_length"": 4.0, ""absorbance"": 160.0}]"
seq_0008__read_last_target__bar,seq_0008,read_last_target,value_at_step,bar,bar,What is the value of absorbance at step 4?,160.0,number,0.6789,False,159.3211,"```json
{
    ""answer"": 0.6789
}
```","[""/results/yao314652/home/project/outputs/visual_benchmark/qwen25vl_3b_all_modalities_rerun/images/seq_0008__read_last_target__bar/bar/step_0000.png"", ""/results/yao314652/home/project/outputs/visual_benchmark/qwen25vl_3b_all_modalities_rerun/images/seq_0008__read_last_target__bar/bar/step_0001.png"", ""/results/yao314652/home/project/outputs/visual_benchmark/qwen25vl_3b_all_modalities_rerun/images/seq_0008__read_last_target__bar/bar/step_0002.png"", ""/results/yao314652/home/project/outputs/visual_benchmark/qwen25vl_3b_all_modalities_rerun/images/seq_0008__read_last_target__bar/bar/step_0003.png"", ""/results/yao314652/home/project/outputs/visual_benchmark/qwen25vl_3b_all_modalities_rerun/images/seq_0008__read_last_target__bar/bar/step_0004.png""]","[{""wavelength"": 600.0, ""concentration"": 3.0, ""path_length"": 5.0, ""absorbance"": 180.0}, {""wavelength"": 600.0, ""concentration"": 4.0, ""path_length"": 5.0, ""absorbance"": 240.0}, {""wavelength"": 550.0, ""concentration"": 4.0, ""path_length"": 5.0, ""absorbance"": 220.0}, {""wavelength"": 500.0, ""concentration"": 4.0, ""path_length"": 5.0, ""absorbance"": 200.0}, {""wavelength"": 500.0, ""concentration"": 4.0, ""path_length"": 4.0, ""absorbance"": 160.0}]"
seq_0008__read_last_target__line,seq_0008,read_last_target,value_at_step,line,line,What is the value of absorbance at step 4?,160.0,number,0.83612,False,159.16388,"```json
{
  ""answer"": 0.83612
}
```","[""/results/yao314652/home/project/outputs/visual_benchmark/qwen25vl_3b_all_modalities_rerun/images/seq_0008__read_last_target__line/line/seq_0008__read_last_target__line_step_0000.png"", ""/results/yao314652/home/project/outputs/visual_benchmark/qwen25vl_3b_all_modalities_rerun/images/seq_0008__read_last_target__line/line/seq_0008__read_last_target__line_step_0001.png"", ""/results/yao314652/home/project/outputs/visual_benchmark/qwen25vl_3b_all_modalities_rerun/images/seq_0008__read_last_target__line/line/seq_0008__read_last_target__line_step_0002.png"", ""/results/yao314652/home/project/outputs/visual_benchmark/qwen25vl_3b_all_modalities_rerun/images/seq_0008__read_last_target__line/line/seq_0008__read_last_target__line_step_0003.png"", ""/results/yao314652/home/project/outputs/visual_benchmark/qwen25vl_3b_all_modalities_rerun/images/seq_0008__read_last_target__line/line/seq_0008__read_last_target__line_step_0004.png""]","[{""wavelength"": 600.0, ""concentration"": 3.0, ""path_length"": 5.0, ""absorbance"": 180.0}, {""wavelength"": 600.0, ""concentration"": 4.0, ""path_length"": 5.0, ""absorbance"": 240.0}, {""wavelength"": 550.0, ""concentration"": 4.0, ""path_length"": 5.0, ""absorbance"": 220.0}, {""wavelength"": 500.0, ""concentration"": 4.0, ""path_length"": 5.0, ""absorbance"": 200.0}, {""wavelength"": 500.0, ""concentration"": 4.0, ""path_length"": 4.0, ""absorbance"": 160.0}]"
seq_0008__read_last_target__scatter,seq_0008,read_last_target,value_at_step,scatter,scatter,What is the value of absorbance at step 4?,160.0,number,0.3617,False,159.6383,"```json
{
  ""answer"": 0.3617
}
```","[""/results/yao314652/home/project/outputs/visual_benchmark/qwen25vl_3b_all_modalities_rerun/images/seq_0008__read_last_target__scatter/scatter/seq_0008__read_last_target__scatter_step_0000.png"", ""/results/yao314652/home/project/outputs/visual_benchmark/qwen25vl_3b_all_modalities_rerun/images/seq_0008__read_last_target__scatter/scatter/seq_0008__read_last_target__scatter_step_0001.png"", ""/results/yao314652/home/project/outputs/visual_benchmark/qwen25vl_3b_all_modalities_rerun/images/seq_0008__read_last_target__scatter/scatter/seq_0008__read_last_target__scatter_step_0002.png"", ""/results/yao314652/home/project/outputs/visual_benchmark/qwen25vl_3b_all_modalities_rerun/images/seq_0008__read_last_target__scatter/scatter/seq_0008__read_last_target__scatter_step_0003.png"", ""/results/yao314652/home/project/outputs/visual_benchmark/qwen25vl_3b_all_modalities_rerun/images/seq_0008__read_last_target__scatter/scatter/seq_0008__read_last_target__scatter_step_0004.png""]","[{""wavelength"": 600.0, ""concentration"": 3.0, ""path_length"": 5.0, ""absorbance"": 180.0}, {""wavelength"": 600.0, ""concentration"": 4.0, ""path_length"": 5.0, ""absorbance"": 240.0}, {""wavelength"": 550.0, ""concentration"": 4.0, ""path_length"": 5.0, ""absorbance"": 220.0}, {""wavelength"": 500.0, ""concentration"": 4.0, ""path_length"": 5.0, ""absorbance"": 200.0}, {""wavelength"": 500.0, ""concentration"": 4.0, ""path_length"": 4.0, ""absorbance"": 160.0}]"
seq_0008__read_last_target__simulation,seq_0008,read_last_target,value_at_step,simulation,simulation,What is the value of absorbance at step 4?,160.0,number,0.179358823529412,False,159.8206411764706,"```json
{
    ""answer"": 0.179358823529412
}
```","[""/results/yao314652/home/project/outputs/visual_benchmark/qwen25vl_3b_all_modalities_rerun/images/seq_0008__read_last_target__simulation/simulation/step_0000.png"", ""/results/yao314652/home/project/outputs/visual_benchmark/qwen25vl_3b_all_modalities_rerun/images/seq_0008__read_last_target__simulation/simulation/step_0001.png"", ""/results/yao314652/home/project/outputs/visual_benchmark/qwen25vl_3b_all_modalities_rerun/images/seq_0008__read_last_target__simulation/simulation/step_0002.png"", ""/results/yao314652/home/project/outputs/visual_benchmark/qwen25vl_3b_all_modalities_rerun/images/seq_0008__read_last_target__simulation/simulation/step_0003.png"", ""/results/yao314652/home/project/outputs/visual_benchmark/qwen25vl_3b_all_modalities_rerun/images/seq_0008__read_last_target__simulation/simulation/step_0004.png""]","[{""wavelength"": 600.0, ""concentration"": 3.0, ""path_length"": 5.0, ""absorbance"": 180.0}, {""wavelength"": 600.0, ""concentration"": 4.0, ""path_length"": 5.0, ""absorbance"": 240.0}, {""wavelength"": 550.0, ""concentration"": 4.0, ""path_length"": 5.0, ""absorbance"": 220.0}, {""wavelength"": 500.0, ""concentration"": 4.0, ""path_length"": 5.0, ""absorbance"": 200.0}, {""wavelength"": 500.0, ""concentration"": 4.0, ""path_length"": 4.0, ""absorbance"": 160.0}]"
seq_0008__target_change_amount__text,seq_0008,target_change_amount,change_amount,text,none,By how much does absorbance change from step 0 to step 4?,-20.0,number,200,False,220.0,"```json
{
  ""answer"": 200
}
```",[],"[{""wavelength"": 600.0, ""concentration"": 3.0, ""path_length"": 5.0, ""absorbance"": 180.0}, {""wavelength"": 600.0, ""concentration"": 4.0, ""path_length"": 5.0, ""absorbance"": 240.0}, {""wavelength"": 550.0, ""concentration"": 4.0, ""path_length"": 5.0, ""absorbance"": 220.0}, {""wavelength"": 500.0, ""concentration"": 4.0, ""path_length"": 5.0, ""absorbance"": 200.0}, {""wavelength"": 500.0, ""concentration"": 4.0, ""path_length"": 4.0, ""absorbance"": 160.0}]"
seq_0008__target_change_amount__bar,seq_0008,target_change_amount,change_amount,bar,bar,By how much does absorbance change from step 0 to step 4?,-20.0,number,2.79,False,22.79,"```json
{
    ""answer"": 2.79
}
```","[""/results/yao314652/home/project/outputs/visual_benchmark/qwen25vl_3b_all_modalities_rerun/images/seq_0008__target_change_amount__bar/bar/step_0000.png"", ""/results/yao314652/home/project/outputs/visual_benchmark/qwen25vl_3b_all_modalities_rerun/images/seq_0008__target_change_amount__bar/bar/step_0001.png"", ""/results/yao314652/home/project/outputs/visual_benchmark/qwen25vl_3b_all_modalities_rerun/images/seq_0008__target_change_amount__bar/bar/step_0002.png"", ""/results/yao314652/home/project/outputs/visual_benchmark/qwen25vl_3b_all_modalities_rerun/images/seq_0008__target_change_amount__bar/bar/step_0003.png"", ""/results/yao314652/home/project/outputs/visual_benchmark/qwen25vl_3b_all_modalities_rerun/images/seq_0008__target_change_amount__bar/bar/step_0004.png""]","[{""wavelength"": 600.0, ""concentration"": 3.0, ""path_length"": 5.0, ""absorbance"": 180.0}, {""wavelength"": 600.0, ""concentration"": 4.0, ""path_length"": 5.0, ""absorbance"": 240.0}, {""wavelength"": 550.0, ""concentration"": 4.0, ""path_length"": 5.0, ""absorbance"": 220.0}, {""wavelength"": 500.0, ""concentration"": 4.0, ""path_length"": 5.0, ""absorbance"": 200.0}, {""wavelength"": 500.0, ""concentration"": 4.0, ""path_length"": 4.0, ""absorbance"": 160.0}]"
seq_0008__target_change_amount__line,seq_0008,target_change_amount,change_amount,line,line,By how much does absorbance change from step 0 to step 4?,-20.0,number,-1.3,False,18.7,"```json
{
  ""answer"": -1.3
}
```","[""/results/yao314652/home/project/outputs/visual_benchmark/qwen25vl_3b_all_modalities_rerun/images/seq_0008__target_change_amount__line/line/seq_0008__target_change_amount__line_step_0000.png"", ""/results/yao314652/home/project/outputs/visual_benchmark/qwen25vl_3b_all_modalities_rerun/images/seq_0008__target_change_amount__line/line/seq_0008__target_change_amount__line_step_0001.png"", ""/results/yao314652/home/project/outputs/visual_benchmark/qwen25vl_3b_all_modalities_rerun/images/seq_0008__target_change_amount__line/line/seq_0008__target_change_amount__line_step_0002.png"", ""/results/yao314652/home/project/outputs/visual_benchmark/qwen25vl_3b_all_modalities_rerun/images/seq_0008__target_change_amount__line/line/seq_0008__target_change_amount__line_step_0003.png"", ""/results/yao314652/home/project/outputs/visual_benchmark/qwen25vl_3b_all_modalities_rerun/images/seq_0008__target_change_amount__line/line/seq_0008__target_change_amount__line_step_0004.png""]","[{""wavelength"": 600.0, ""concentration"": 3.0, ""path_length"": 5.0, ""absorbance"": 180.0}, {""wavelength"": 600.0, ""concentration"": 4.0, ""path_length"": 5.0, ""absorbance"": 240.0}, {""wavelength"": 550.0, ""concentration"": 4.0, ""path_length"": 5.0, ""absorbance"": 220.0}, {""wavelength"": 500.0, ""concentration"": 4.0, ""path_length"": 5.0, ""absorbance"": 200.0}, {""wavelength"": 500.0, ""concentration"": 4.0, ""path_length"": 4.0, ""absorbance"": 160.0}]"
seq_0008__target_change_amount__scatter,seq_0008,target_change_amount,change_amount,scatter,scatter,By how much does absorbance change from step 0 to step 4?,-20.0,number,1.3627914285714284,False,21.362791428571427,"```json
{
    ""answer"": 1.3627914285714285
}
```","[""/results/yao314652/home/project/outputs/visual_benchmark/qwen25vl_3b_all_modalities_rerun/images/seq_0008__target_change_amount__scatter/scatter/seq_0008__target_change_amount__scatter_step_0000.png"", ""/results/yao314652/home/project/outputs/visual_benchmark/qwen25vl_3b_all_modalities_rerun/images/seq_0008__target_change_amount__scatter/scatter/seq_0008__target_change_amount__scatter_step_0001.png"", ""/results/yao314652/home/project/outputs/visual_benchmark/qwen25vl_3b_all_modalities_rerun/images/seq_0008__target_change_amount__scatter/scatter/seq_0008__target_change_amount__scatter_step_0002.png"", ""/results/yao314652/home/project/outputs/visual_benchmark/qwen25vl_3b_all_modalities_rerun/images/seq_0008__target_change_amount__scatter/scatter/seq_0008__target_change_amount__scatter_step_0003.png"", ""/results/yao314652/home/project/outputs/visual_benchmark/qwen25vl_3b_all_modalities_rerun/images/seq_0008__target_change_amount__scatter/scatter/seq_0008__target_change_amount__scatter_step_0004.png""]","[{""wavelength"": 600.0, ""concentration"": 3.0, ""path_length"": 5.0, ""absorbance"": 180.0}, {""wavelength"": 600.0, ""concentration"": 4.0, ""path_length"": 5.0, ""absorbance"": 240.0}, {""wavelength"": 550.0, ""concentration"": 4.0, ""path_length"": 5.0, ""absorbance"": 220.0}, {""wavelength"": 500.0, ""concentration"": 4.0, ""path_length"": 5.0, ""absorbance"": 200.0}, {""wavelength"": 500.0, ""concentration"": 4.0, ""path_length"": 4.0, ""absorbance"": 160.0}]"
seq_0008__target_change_amount__simulation,seq_0008,target_change_amount,change_amount,simulation,simulation,By how much does absorbance change from step 0 to step 4?,-20.0,number,0.1,False,20.1,"```json
{
    ""answer"": 0.1
}
```","[""/results/yao314652/home/project/outputs/visual_benchmark/qwen25vl_3b_all_modalities_rerun/images/seq_0008__target_change_amount__simulation/simulation/step_0000.png"", ""/results/yao314652/home/project/outputs/visual_benchmark/qwen25vl_3b_all_modalities_rerun/images/seq_0008__target_change_amount__simulation/simulation/step_0001.png"", ""/results/yao314652/home/project/outputs/visual_benchmark/qwen25vl_3b_all_modalities_rerun/images/seq_0008__target_change_amount__simulation/simulation/step_0002.png"", ""/results/yao314652/home/project/outputs/visual_benchmark/qwen25vl_3b_all_modalities_rerun/images/seq_0008__target_change_amount__simulation/simulation/step_0003.png"", ""/results/yao314652/home/project/outputs/visual_benchmark/qwen25vl_3b_all_modalities_rerun/images/seq_0008__target_change_amount__simulation/simulation/step_0004.png""]","[{""wavelength"": 600.0, ""concentration"": 3.0, ""path_length"": 5.0, ""absorbance"": 180.0}, {""wavelength"": 600.0, ""concentration"": 4.0, ""path_length"": 5.0, ""absorbance"": 240.0}, {""wavelength"": 550.0, ""concentration"": 4.0, ""path_length"": 5.0, ""absorbance"": 220.0}, {""wavelength"": 500.0, ""concentration"": 4.0, ""path_length"": 5.0, ""absorbance"": 200.0}, {""wavelength"": 500.0, ""concentration"": 4.0, ""path_length"": 4.0, ""absorbance"": 160.0}]"
seq_0008__target_change_direction__text,seq_0008,target_change_direction,change_direction,text,none,"Does absorbance increase, decrease, or stay the same from step 0 to step 4?",decrease,category,decrease,True,,"{
  ""answer"": ""decrease""
}",[],"[{""wavelength"": 600.0, ""concentration"": 3.0, ""path_length"": 5.0, ""absorbance"": 180.0}, {""wavelength"": 600.0, ""concentration"": 4.0, ""path_length"": 5.0, ""absorbance"": 240.0}, {""wavelength"": 550.0, ""concentration"": 4.0, ""path_length"": 5.0, ""absorbance"": 220.0}, {""wavelength"": 500.0, ""concentration"": 4.0, ""path_length"": 5.0, ""absorbance"": 200.0}, {""wavelength"": 500.0, ""concentration"": 4.0, ""path_length"": 4.0, ""absorbance"": 160.0}]"
seq_0008__target_change_direction__bar,seq_0008,target_change_direction,change_direction,bar,bar,"Does absorbance increase, decrease, or stay the same from step 0 to step 4?",decrease,category,increase,False,,"{
  ""answer"": ""increase""
}","[""/results/yao314652/home/project/outputs/visual_benchmark/qwen25vl_3b_all_modalities_rerun/images/seq_0008__target_change_direction__bar/bar/step_0000.png"", ""/results/yao314652/home/project/outputs/visual_benchmark/qwen25vl_3b_all_modalities_rerun/images/seq_0008__target_change_direction__bar/bar/step_0001.png"", ""/results/yao314652/home/project/outputs/visual_benchmark/qwen25vl_3b_all_modalities_rerun/images/seq_0008__target_change_direction__bar/bar/step_0002.png"", ""/results/yao314652/home/project/outputs/visual_benchmark/qwen25vl_3b_all_modalities_rerun/images/seq_0008__target_change_direction__bar/bar/step_0003.png"", ""/results/yao314652/home/project/outputs/visual_benchmark/qwen25vl_3b_all_modalities_rerun/images/seq_0008__target_change_direction__bar/bar/step_0004.png""]","[{""wavelength"": 600.0, ""concentration"": 3.0, ""path_length"": 5.0, ""absorbance"": 180.0}, {""wavelength"": 600.0, ""concentration"": 4.0, ""path_length"": 5.0, ""absorbance"": 240.0}, {""wavelength"": 550.0, ""concentration"": 4.0, ""path_length"": 5.0, ""absorbance"": 220.0}, {""wavelength"": 500.0, ""concentration"": 4.0, ""path_length"": 5.0, ""absorbance"": 200.0}, {""wavelength"": 500.0, ""concentration"": 4.0, ""path_length"": 4.0, ""absorbance"": 160.0}]"
seq_0008__target_change_direction__line,seq_0008,target_change_direction,change_direction,line,line,"Does absorbance increase, decrease, or stay the same from step 0 to step 4?",decrease,category,decrease,True,,"```json
{
  ""answer"": ""decrease""
}
```","[""/results/yao314652/home/project/outputs/visual_benchmark/qwen25vl_3b_all_modalities_rerun/images/seq_0008__target_change_direction__line/line/seq_0008__target_change_direction__line_step_0000.png"", ""/results/yao314652/home/project/outputs/visual_benchmark/qwen25vl_3b_all_modalities_rerun/images/seq_0008__target_change_direction__line/line/seq_0008__target_change_direction__line_step_0001.png"", ""/results/yao314652/home/project/outputs/visual_benchmark/qwen25vl_3b_all_modalities_rerun/images/seq_0008__target_change_direction__line/line/seq_0008__target_change_direction__line_step_0002.png"", ""/results/yao314652/home/project/outputs/visual_benchmark/qwen25vl_3b_all_modalities_rerun/images/seq_0008__target_change_direction__line/line/seq_0008__target_change_direction__line_step_0003.png"", ""/results/yao314652/home/project/outputs/visual_benchmark/qwen25vl_3b_all_modalities_rerun/images/seq_0008__target_change_direction__line/line/seq_0008__target_change_direction__line_step_0004.png""]","[{""wavelength"": 600.0, ""concentration"": 3.0, ""path_length"": 5.0, ""absorbance"": 180.0}, {""wavelength"": 600.0, ""concentration"": 4.0, ""path_length"": 5.0, ""absorbance"": 240.0}, {""wavelength"": 550.0, ""concentration"": 4.0, ""path_length"": 5.0, ""absorbance"": 220.0}, {""wavelength"": 500.0, ""concentration"": 4.0, ""path_length"": 5.0, ""absorbance"": 200.0}, {""wavelength"": 500.0, ""concentration"": 4.0, ""path_length"": 4.0, ""absorbance"": 160.0}]"
seq_0008__target_change_direction__scatter,seq_0008,target_change_direction,change_direction,scatter,scatter,"Does absorbance increase, decrease, or stay the same from step 0 to step 4?",decrease,category,decrease,True,,"{""answer"": ""decrease""}","[""/results/yao314652/home/project/outputs/visual_benchmark/qwen25vl_3b_all_modalities_rerun/images/seq_0008__target_change_direction__scatter/scatter/seq_0008__target_change_direction__scatter_step_0000.png"", ""/results/yao314652/home/project/outputs/visual_benchmark/qwen25vl_3b_all_modalities_rerun/images/seq_0008__target_change_direction__scatter/scatter/seq_0008__target_change_direction__scatter_step_0001.png"", ""/results/yao314652/home/project/outputs/visual_benchmark/qwen25vl_3b_all_modalities_rerun/images/seq_0008__target_change_direction__scatter/scatter/seq_0008__target_change_direction__scatter_step_0002.png"", ""/results/yao314652/home/project/outputs/visual_benchmark/qwen25vl_3b_all_modalities_rerun/images/seq_0008__target_change_direction__scatter/scatter/seq_0008__target_change_direction__scatter_step_0003.png"", ""/results/yao314652/home/project/outputs/visual_benchmark/qwen25vl_3b_all_modalities_rerun/images/seq_0008__target_change_direction__scatter/scatter/seq_0008__target_change_direction__scatter_step_0004.png""]","[{""wavelength"": 600.0, ""concentration"": 3.0, ""path_length"": 5.0, ""absorbance"": 180.0}, {""wavelength"": 600.0, ""concentration"": 4.0, ""path_length"": 5.0, ""absorbance"": 240.0}, {""wavelength"": 550.0, ""concentration"": 4.0, ""path_length"": 5.0, ""absorbance"": 220.0}, {""wavelength"": 500.0, ""concentration"": 4.0, ""path_length"": 5.0, ""absorbance"": 200.0}, {""wavelength"": 500.0, ""concentration"": 4.0, ""path_length"": 4.0, ""absorbance"": 160.0}]"
seq_0008__target_change_direction__simulation,seq_0008,target_change_direction,change_direction,simulation,simulation,"Does absorbance increase, decrease, or stay the same from step 0 to step 4?",decrease,category,decrease,True,,"{""answer"": ""decrease""}","[""/results/yao314652/home/project/outputs/visual_benchmark/qwen25vl_3b_all_modalities_rerun/images/seq_0008__target_change_direction__simulation/simulation/step_0000.png"", ""/results/yao314652/home/project/outputs/visual_benchmark/qwen25vl_3b_all_modalities_rerun/images/seq_0008__target_change_direction__simulation/simulation/step_0001.png"", ""/results/yao314652/home/project/outputs/visual_benchmark/qwen25vl_3b_all_modalities_rerun/images/seq_0008__target_change_direction__simulation/simulation/step_0002.png"", ""/results/yao314652/home/project/outputs/visual_benchmark/qwen25vl_3b_all_modalities_rerun/images/seq_0008__target_change_direction__simulation/simulation/step_0003.png"", ""/results/yao314652/home/project/outputs/visual_benchmark/qwen25vl_3b_all_modalities_rerun/images/seq_0008__target_change_direction__simulation/simulation/step_0004.png""]","[{""wavelength"": 600.0, ""concentration"": 3.0, ""path_length"": 5.0, ""absorbance"": 180.0}, {""wavelength"": 600.0, ""concentration"": 4.0, ""path_length"": 5.0, ""absorbance"": 240.0}, {""wavelength"": 550.0, ""concentration"": 4.0, ""path_length"": 5.0, ""absorbance"": 220.0}, {""wavelength"": 500.0, ""concentration"": 4.0, ""path_length"": 5.0, ""absorbance"": 200.0}, {""wavelength"": 500.0, ""concentration"": 4.0, ""path_length"": 4.0, ""absorbance"": 160.0}]"
seq_0008__changed_variable_0_to_1__text,seq_0008,changed_variable_0_to_1,changed_variable,text,none,Which input variable changed from step 0 to step 1?,concentration,category,concentration,True,,"```json
{
  ""answer"": ""concentration""
}
```",[],"[{""wavelength"": 600.0, ""concentration"": 3.0, ""path_length"": 5.0, ""absorbance"": 180.0}, {""wavelength"": 600.0, ""concentration"": 4.0, ""path_length"": 5.0, ""absorbance"": 240.0}, {""wavelength"": 550.0, ""concentration"": 4.0, ""path_length"": 5.0, ""absorbance"": 220.0}, {""wavelength"": 500.0, ""concentration"": 4.0, ""path_length"": 5.0, ""absorbance"": 200.0}, {""wavelength"": 500.0, ""concentration"": 4.0, ""path_length"": 4.0, ""absorbance"": 160.0}]"
seq_0008__changed_variable_0_to_1__bar,seq_0008,changed_variable_0_to_1,changed_variable,bar,bar,Which input variable changed from step 0 to step 1?,concentration,category,number_of_employees,False,,"{""answer"": ""number_of_employees""}","[""/results/yao314652/home/project/outputs/visual_benchmark/qwen25vl_3b_all_modalities_rerun/images/seq_0008__changed_variable_0_to_1__bar/bar/step_0000.png"", ""/results/yao314652/home/project/outputs/visual_benchmark/qwen25vl_3b_all_modalities_rerun/images/seq_0008__changed_variable_0_to_1__bar/bar/step_0001.png"", ""/results/yao314652/home/project/outputs/visual_benchmark/qwen25vl_3b_all_modalities_rerun/images/seq_0008__changed_variable_0_to_1__bar/bar/step_0002.png"", ""/results/yao314652/home/project/outputs/visual_benchmark/qwen25vl_3b_all_modalities_rerun/images/seq_0008__changed_variable_0_to_1__bar/bar/step_0003.png"", ""/results/yao314652/home/project/outputs/visual_benchmark/qwen25vl_3b_all_modalities_rerun/images/seq_0008__changed_variable_0_to_1__bar/bar/step_0004.png""]","[{""wavelength"": 600.0, ""concentration"": 3.0, ""path_length"": 5.0, ""absorbance"": 180.0}, {""wavelength"": 600.0, ""concentration"": 4.0, ""path_length"": 5.0, ""absorbance"": 240.0}, {""wavelength"": 550.0, ""concentration"": 4.0, ""path_length"": 5.0, ""absorbance"": 220.0}, {""wavelength"": 500.0, ""concentration"": 4.0, ""path_length"": 5.0, ""absorbance"": 200.0}, {""wavelength"": 500.0, ""concentration"": 4.0, ""path_length"": 4.0, ""absorbance"": 160.0}]"
seq_0008__changed_variable_0_to_1__line,seq_0008,changed_variable_0_to_1,changed_variable,line,line,Which input variable changed from step 0 to step 1?,concentration,category,temperature,False,,"{""answer"": ""temperature""}","[""/results/yao314652/home/project/outputs/visual_benchmark/qwen25vl_3b_all_modalities_rerun/images/seq_0008__changed_variable_0_to_1__line/line/seq_0008__changed_variable_0_to_1__line_step_0000.png"", ""/results/yao314652/home/project/outputs/visual_benchmark/qwen25vl_3b_all_modalities_rerun/images/seq_0008__changed_variable_0_to_1__line/line/seq_0008__changed_variable_0_to_1__line_step_0001.png"", ""/results/yao314652/home/project/outputs/visual_benchmark/qwen25vl_3b_all_modalities_rerun/images/seq_0008__changed_variable_0_to_1__line/line/seq_0008__changed_variable_0_to_1__line_step_0002.png"", ""/results/yao314652/home/project/outputs/visual_benchmark/qwen25vl_3b_all_modalities_rerun/images/seq_0008__changed_variable_0_to_1__line/line/seq_0008__changed_variable_0_to_1__line_step_0003.png"", ""/results/yao314652/home/project/outputs/visual_benchmark/qwen25vl_3b_all_modalities_rerun/images/seq_0008__changed_variable_0_to_1__line/line/seq_0008__changed_variable_0_to_1__line_step_0004.png""]","[{""wavelength"": 600.0, ""concentration"": 3.0, ""path_length"": 5.0, ""absorbance"": 180.0}, {""wavelength"": 600.0, ""concentration"": 4.0, ""path_length"": 5.0, ""absorbance"": 240.0}, {""wavelength"": 550.0, ""concentration"": 4.0, ""path_length"": 5.0, ""absorbance"": 220.0}, {""wavelength"": 500.0, ""concentration"": 4.0, ""path_length"": 5.0, ""absorbance"": 200.0}, {""wavelength"": 500.0, ""concentration"": 4.0, ""path_length"": 4.0, ""absorbance"": 160.0}]"
seq_0008__changed_variable_0_to_1__scatter,seq_0008,changed_variable_0_to_1,changed_variable,scatter,scatter,Which input variable changed from step 0 to step 1?,concentration,category,x,False,,"{""answer"": ""x""}","[""/results/yao314652/home/project/outputs/visual_benchmark/qwen25vl_3b_all_modalities_rerun/images/seq_0008__changed_variable_0_to_1__scatter/scatter/seq_0008__changed_variable_0_to_1__scatter_step_0000.png"", ""/results/yao314652/home/project/outputs/visual_benchmark/qwen25vl_3b_all_modalities_rerun/images/seq_0008__changed_variable_0_to_1__scatter/scatter/seq_0008__changed_variable_0_to_1__scatter_step_0001.png"", ""/results/yao314652/home/project/outputs/visual_benchmark/qwen25vl_3b_all_modalities_rerun/images/seq_0008__changed_variable_0_to_1__scatter/scatter/seq_0008__changed_variable_0_to_1__scatter_step_0002.png"", ""/results/yao314652/home/project/outputs/visual_benchmark/qwen25vl_3b_all_modalities_rerun/images/seq_0008__changed_variable_0_to_1__scatter/scatter/seq_0008__changed_variable_0_to_1__scatter_step_0003.png"", ""/results/yao314652/home/project/outputs/visual_benchmark/qwen25vl_3b_all_modalities_rerun/images/seq_0008__changed_variable_0_to_1__scatter/scatter/seq_0008__changed_variable_0_to_1__scatter_step_0004.png""]","[{""wavelength"": 600.0, ""concentration"": 3.0, ""path_length"": 5.0, ""absorbance"": 180.0}, {""wavelength"": 600.0, ""concentration"": 4.0, ""path_length"": 5.0, ""absorbance"": 240.0}, {""wavelength"": 550.0, ""concentration"": 4.0, ""path_length"": 5.0, ""absorbance"": 220.0}, {""wavelength"": 500.0, ""concentration"": 4.0, ""path_length"": 5.0, ""absorbance"": 200.0}, {""wavelength"": 500.0, ""concentration"": 4.0, ""path_length"": 4.0, ""absorbance"": 160.0}]"
seq_0008__changed_variable_0_to_1__simulation,seq_0008,changed_variable_0_to_1,changed_variable,simulation,simulation,Which input variable changed from step 0 to step 1?,concentration,category,strength,False,,"{""answer"": ""strength""}","[""/results/yao314652/home/project/outputs/visual_benchmark/qwen25vl_3b_all_modalities_rerun/images/seq_0008__changed_variable_0_to_1__simulation/simulation/step_0000.png"", ""/results/yao314652/home/project/outputs/visual_benchmark/qwen25vl_3b_all_modalities_rerun/images/seq_0008__changed_variable_0_to_1__simulation/simulation/step_0001.png"", ""/results/yao314652/home/project/outputs/visual_benchmark/qwen25vl_3b_all_modalities_rerun/images/seq_0008__changed_variable_0_to_1__simulation/simulation/step_0002.png"", ""/results/yao314652/home/project/outputs/visual_benchmark/qwen25vl_3b_all_modalities_rerun/images/seq_0008__changed_variable_0_to_1__simulation/simulation/step_0003.png"", ""/results/yao314652/home/project/outputs/visual_benchmark/qwen25vl_3b_all_modalities_rerun/images/seq_0008__changed_variable_0_to_1__simulation/simulation/step_0004.png""]","[{""wavelength"": 600.0, ""concentration"": 3.0, ""path_length"": 5.0, ""absorbance"": 180.0}, {""wavelength"": 600.0, ""concentration"": 4.0, ""path_length"": 5.0, ""absorbance"": 240.0}, {""wavelength"": 550.0, ""concentration"": 4.0, ""path_length"": 5.0, ""absorbance"": 220.0}, {""wavelength"": 500.0, ""concentration"": 4.0, ""path_length"": 5.0, ""absorbance"": 200.0}, {""wavelength"": 500.0, ""concentration"": 4.0, ""path_length"": 4.0, ""absorbance"": 160.0}]"
seq_0008__max_target_step__text,seq_0008,max_target_step,max_step,text,none,At which step is absorbance the highest?,1,step,1,True,,"```json
{
  ""answer"": 1
}
```",[],"[{""wavelength"": 600.0, ""concentration"": 3.0, ""path_length"": 5.0, ""absorbance"": 180.0}, {""wavelength"": 600.0, ""concentration"": 4.0, ""path_length"": 5.0, ""absorbance"": 240.0}, {""wavelength"": 550.0, ""concentration"": 4.0, ""path_length"": 5.0, ""absorbance"": 220.0}, {""wavelength"": 500.0, ""concentration"": 4.0, ""path_length"": 5.0, ""absorbance"": 200.0}, {""wavelength"": 500.0, ""concentration"": 4.0, ""path_length"": 4.0, ""absorbance"": 160.0}]"
seq_0008__max_target_step__bar,seq_0008,max_target_step,max_step,bar,bar,At which step is absorbance the highest?,1,step,[4],False,,"```json
{
    ""answer"": [4]
}
```","[""/results/yao314652/home/project/outputs/visual_benchmark/qwen25vl_3b_all_modalities_rerun/images/seq_0008__max_target_step__bar/bar/step_0000.png"", ""/results/yao314652/home/project/outputs/visual_benchmark/qwen25vl_3b_all_modalities_rerun/images/seq_0008__max_target_step__bar/bar/step_0001.png"", ""/results/yao314652/home/project/outputs/visual_benchmark/qwen25vl_3b_all_modalities_rerun/images/seq_0008__max_target_step__bar/bar/step_0002.png"", ""/results/yao314652/home/project/outputs/visual_benchmark/qwen25vl_3b_all_modalities_rerun/images/seq_0008__max_target_step__bar/bar/step_0003.png"", ""/results/yao314652/home/project/outputs/visual_benchmark/qwen25vl_3b_all_modalities_rerun/images/seq_0008__max_target_step__bar/bar/step_0004.png""]","[{""wavelength"": 600.0, ""concentration"": 3.0, ""path_length"": 5.0, ""absorbance"": 180.0}, {""wavelength"": 600.0, ""concentration"": 4.0, ""path_length"": 5.0, ""absorbance"": 240.0}, {""wavelength"": 550.0, ""concentration"": 4.0, ""path_length"": 5.0, ""absorbance"": 220.0}, {""wavelength"": 500.0, ""concentration"": 4.0, ""path_length"": 5.0, ""absorbance"": 200.0}, {""wavelength"": 500.0, ""concentration"": 4.0, ""path_length"": 4.0, ""absorbance"": 160.0}]"
seq_0008__max_target_step__line,seq_0008,max_target_step,max_step,line,line,At which step is absorbance the highest?,1,step,2,False,,"```json
{
    ""answer"": 2
}
```","[""/results/yao314652/home/project/outputs/visual_benchmark/qwen25vl_3b_all_modalities_rerun/images/seq_0008__max_target_step__line/line/seq_0008__max_target_step__line_step_0000.png"", ""/results/yao314652/home/project/outputs/visual_benchmark/qwen25vl_3b_all_modalities_rerun/images/seq_0008__max_target_step__line/line/seq_0008__max_target_step__line_step_0001.png"", ""/results/yao314652/home/project/outputs/visual_benchmark/qwen25vl_3b_all_modalities_rerun/images/seq_0008__max_target_step__line/line/seq_0008__max_target_step__line_step_0002.png"", ""/results/yao314652/home/project/outputs/visual_benchmark/qwen25vl_3b_all_modalities_rerun/images/seq_0008__max_target_step__line/line/seq_0008__max_target_step__line_step_0003.png"", ""/results/yao314652/home/project/outputs/visual_benchmark/qwen25vl_3b_all_modalities_rerun/images/seq_0008__max_target_step__line/line/seq_0008__max_target_step__line_step_0004.png""]","[{""wavelength"": 600.0, ""concentration"": 3.0, ""path_length"": 5.0, ""absorbance"": 180.0}, {""wavelength"": 600.0, ""concentration"": 4.0, ""path_length"": 5.0, ""absorbance"": 240.0}, {""wavelength"": 550.0, ""concentration"": 4.0, ""path_length"": 5.0, ""absorbance"": 220.0}, {""wavelength"": 500.0, ""concentration"": 4.0, ""path_length"": 5.0, ""absorbance"": 200.0}, {""wavelength"": 500.0, ""concentration"": 4.0, ""path_length"": 4.0, ""absorbance"": 160.0}]"
seq_0008__max_target_step__scatter,seq_0008,max_target_step,max_step,scatter,scatter,At which step is absorbance the highest?,1,step,4,False,,"```json
{
    ""answer"": 4
}
```","[""/results/yao314652/home/project/outputs/visual_benchmark/qwen25vl_3b_all_modalities_rerun/images/seq_0008__max_target_step__scatter/scatter/seq_0008__max_target_step__scatter_step_0000.png"", ""/results/yao314652/home/project/outputs/visual_benchmark/qwen25vl_3b_all_modalities_rerun/images/seq_0008__max_target_step__scatter/scatter/seq_0008__max_target_step__scatter_step_0001.png"", ""/results/yao314652/home/project/outputs/visual_benchmark/qwen25vl_3b_all_modalities_rerun/images/seq_0008__max_target_step__scatter/scatter/seq_0008__max_target_step__scatter_step_0002.png"", ""/results/yao314652/home/project/outputs/visual_benchmark/qwen25vl_3b_all_modalities_rerun/images/seq_0008__max_target_step__scatter/scatter/seq_0008__max_target_step__scatter_step_0003.png"", ""/results/yao314652/home/project/outputs/visual_benchmark/qwen25vl_3b_all_modalities_rerun/images/seq_0008__max_target_step__scatter/scatter/seq_0008__max_target_step__scatter_step_0004.png""]","[{""wavelength"": 600.0, ""concentration"": 3.0, ""path_length"": 5.0, ""absorbance"": 180.0}, {""wavelength"": 600.0, ""concentration"": 4.0, ""path_length"": 5.0, ""absorbance"": 240.0}, {""wavelength"": 550.0, ""concentration"": 4.0, ""path_length"": 5.0, ""absorbance"": 220.0}, {""wavelength"": 500.0, ""concentration"": 4.0, ""path_length"": 5.0, ""absorbance"": 200.0}, {""wavelength"": 500.0, ""concentration"": 4.0, ""path_length"": 4.0, ""absorbance"": 160.0}]"
seq_0008__max_target_step__simulation,seq_0008,max_target_step,max_step,simulation,simulation,At which step is absorbance the highest?,1,step,2,False,,"```json
{
    ""answer"": 2
}
```","[""/results/yao314652/home/project/outputs/visual_benchmark/qwen25vl_3b_all_modalities_rerun/images/seq_0008__max_target_step__simulation/simulation/step_0000.png"", ""/results/yao314652/home/project/outputs/visual_benchmark/qwen25vl_3b_all_modalities_rerun/images/seq_0008__max_target_step__simulation/simulation/step_0001.png"", ""/results/yao314652/home/project/outputs/visual_benchmark/qwen25vl_3b_all_modalities_rerun/images/seq_0008__max_target_step__simulation/simulation/step_0002.png"", ""/results/yao314652/home/project/outputs/visual_benchmark/qwen25vl_3b_all_modalities_rerun/images/seq_0008__max_target_step__simulation/simulation/step_0003.png"", ""/results/yao314652/home/project/outputs/visual_benchmark/qwen25vl_3b_all_modalities_rerun/images/seq_0008__max_target_step__simulation/simulation/step_0004.png""]","[{""wavelength"": 600.0, ""concentration"": 3.0, ""path_length"": 5.0, ""absorbance"": 180.0}, {""wavelength"": 600.0, ""concentration"": 4.0, ""path_length"": 5.0, ""absorbance"": 240.0}, {""wavelength"": 550.0, ""concentration"": 4.0, ""path_length"": 5.0, ""absorbance"": 220.0}, {""wavelength"": 500.0, ""concentration"": 4.0, ""path_length"": 5.0, ""absorbance"": 200.0}, {""wavelength"": 500.0, ""concentration"": 4.0, ""path_length"": 4.0, ""absorbance"": 160.0}]"
seq_0008__largest_target_drop_step__text,seq_0008,largest_target_drop_step,largest_drop_step,text,none,"At which step does absorbance show the largest drop compared with the previous step? If it never drops, answer none.",4,step_or_none,4,True,,"To determine at which step the absorbance shows the largest drop compared with the previous step, we need to calculate the difference in absorbance values for each consecutive step and identify the maximum difference.

Let's calculate the differences:

- Step 1 (600) - Step 0 (600): \(240 - 180 = 60\)
- Step 2 (550) - Step 1 (600): \(220 - 240 = -20\) (a drop of 20)
- Step 3 (500) - Step 2 (550): \(200 - 220 = -20\) (a drop of 20)
- Step 4 (500) - Step 3 (500): \(160 - 200 = -40\) (a drop of 40)

Now, let's compare these differences:
- The differences are: 60, -20, -20, -40

The largest drop occurs between Step 3 and Step 4, with a drop of 40 units.

Therefore, the answer is {""answer"": ""4""}.",[],"[{""wavelength"": 600.0, ""concentration"": 3.0, ""path_length"": 5.0, ""absorbance"": 180.0}, {""wavelength"": 600.0, ""concentration"": 4.0, ""path_length"": 5.0, ""absorbance"": 240.0}, {""wavelength"": 550.0, ""concentration"": 4.0, ""path_length"": 5.0, ""absorbance"": 220.0}, {""wavelength"": 500.0, ""concentration"": 4.0, ""path_length"": 5.0, ""absorbance"": 200.0}, {""wavelength"": 500.0, ""concentration"": 4.0, ""path_length"": 4.0, ""absorbance"": 160.0}]"
seq_0008__largest_target_drop_step__bar,seq_0008,largest_target_drop_step,largest_drop_step,bar,bar,"At which step does absorbance show the largest drop compared with the previous step? If it never drops, answer none.",4,step_or_none,3,False,,"```json
{
    ""answer"": ""3""
}
```","[""/results/yao314652/home/project/outputs/visual_benchmark/qwen25vl_3b_all_modalities_rerun/images/seq_0008__largest_target_drop_step__bar/bar/step_0000.png"", ""/results/yao314652/home/project/outputs/visual_benchmark/qwen25vl_3b_all_modalities_rerun/images/seq_0008__largest_target_drop_step__bar/bar/step_0001.png"", ""/results/yao314652/home/project/outputs/visual_benchmark/qwen25vl_3b_all_modalities_rerun/images/seq_0008__largest_target_drop_step__bar/bar/step_0002.png"", ""/results/yao314652/home/project/outputs/visual_benchmark/qwen25vl_3b_all_modalities_rerun/images/seq_0008__largest_target_drop_step__bar/bar/step_0003.png"", ""/results/yao314652/home/project/outputs/visual_benchmark/qwen25vl_3b_all_modalities_rerun/images/seq_0008__largest_target_drop_step__bar/bar/step_0004.png""]","[{""wavelength"": 600.0, ""concentration"": 3.0, ""path_length"": 5.0, ""absorbance"": 180.0}, {""wavelength"": 600.0, ""concentration"": 4.0, ""path_length"": 5.0, ""absorbance"": 240.0}, {""wavelength"": 550.0, ""concentration"": 4.0, ""path_length"": 5.0, ""absorbance"": 220.0}, {""wavelength"": 500.0, ""concentration"": 4.0, ""path_length"": 5.0, ""absorbance"": 200.0}, {""wavelength"": 500.0, ""concentration"": 4.0, ""path_length"": 4.0, ""absorbance"": 160.0}]"
seq_0008__largest_target_drop_step__line,seq_0008,largest_target_drop_step,largest_drop_step,line,line,"At which step does absorbance show the largest drop compared with the previous step? If it never drops, answer none.",4,step_or_none,3,False,,"```json
{
    ""answer"": ""3""
}
```","[""/results/yao314652/home/project/outputs/visual_benchmark/qwen25vl_3b_all_modalities_rerun/images/seq_0008__largest_target_drop_step__line/line/seq_0008__largest_target_drop_step__line_step_0000.png"", ""/results/yao314652/home/project/outputs/visual_benchmark/qwen25vl_3b_all_modalities_rerun/images/seq_0008__largest_target_drop_step__line/line/seq_0008__largest_target_drop_step__line_step_0001.png"", ""/results/yao314652/home/project/outputs/visual_benchmark/qwen25vl_3b_all_modalities_rerun/images/seq_0008__largest_target_drop_step__line/line/seq_0008__largest_target_drop_step__line_step_0002.png"", ""/results/yao314652/home/project/outputs/visual_benchmark/qwen25vl_3b_all_modalities_rerun/images/seq_0008__largest_target_drop_step__line/line/seq_0008__largest_target_drop_step__line_step_0003.png"", ""/results/yao314652/home/project/outputs/visual_benchmark/qwen25vl_3b_all_modalities_rerun/images/seq_0008__largest_target_drop_step__line/line/seq_0008__largest_target_drop_step__line_step_0004.png""]","[{""wavelength"": 600.0, ""concentration"": 3.0, ""path_length"": 5.0, ""absorbance"": 180.0}, {""wavelength"": 600.0, ""concentration"": 4.0, ""path_length"": 5.0, ""absorbance"": 240.0}, {""wavelength"": 550.0, ""concentration"": 4.0, ""path_length"": 5.0, ""absorbance"": 220.0}, {""wavelength"": 500.0, ""concentration"": 4.0, ""path_length"": 5.0, ""absorbance"": 200.0}, {""wavelength"": 500.0, ""concentration"": 4.0, ""path_length"": 4.0, ""absorbance"": 160.0}]"
seq_0008__largest_target_drop_step__scatter,seq_0008,largest_target_drop_step,largest_drop_step,scatter,scatter,"At which step does absorbance show the largest drop compared with the previous step? If it never drops, answer none.",4,step_or_none,3,False,,"```json
{
  ""answer"": ""3""
}
```","[""/results/yao314652/home/project/outputs/visual_benchmark/qwen25vl_3b_all_modalities_rerun/images/seq_0008__largest_target_drop_step__scatter/scatter/seq_0008__largest_target_drop_step__scatter_step_0000.png"", ""/results/yao314652/home/project/outputs/visual_benchmark/qwen25vl_3b_all_modalities_rerun/images/seq_0008__largest_target_drop_step__scatter/scatter/seq_0008__largest_target_drop_step__scatter_step_0001.png"", ""/results/yao314652/home/project/outputs/visual_benchmark/qwen25vl_3b_all_modalities_rerun/images/seq_0008__largest_target_drop_step__scatter/scatter/seq_0008__largest_target_drop_step__scatter_step_0002.png"", ""/results/yao314652/home/project/outputs/visual_benchmark/qwen25vl_3b_all_modalities_rerun/images/seq_0008__largest_target_drop_step__scatter/scatter/seq_0008__largest_target_drop_step__scatter_step_0003.png"", ""/results/yao314652/home/project/outputs/visual_benchmark/qwen25vl_3b_all_modalities_rerun/images/seq_0008__largest_target_drop_step__scatter/scatter/seq_0008__largest_target_drop_step__scatter_step_0004.png""]","[{""wavelength"": 600.0, ""concentration"": 3.0, ""path_length"": 5.0, ""absorbance"": 180.0}, {""wavelength"": 600.0, ""concentration"": 4.0, ""path_length"": 5.0, ""absorbance"": 240.0}, {""wavelength"": 550.0, ""concentration"": 4.0, ""path_length"": 5.0, ""absorbance"": 220.0}, {""wavelength"": 500.0, ""concentration"": 4.0, ""path_length"": 5.0, ""absorbance"": 200.0}, {""wavelength"": 500.0, ""concentration"": 4.0, ""path_length"": 4.0, ""absorbance"": 160.0}]"
seq_0008__largest_target_drop_step__simulation,seq_0008,largest_target_drop_step,largest_drop_step,simulation,simulation,"At which step does absorbance show the largest drop compared with the previous step? If it never drops, answer none.",4,step_or_none,1,False,,"{""answer"": 1}","[""/results/yao314652/home/project/outputs/visual_benchmark/qwen25vl_3b_all_modalities_rerun/images/seq_0008__largest_target_drop_step__simulation/simulation/step_0000.png"", ""/results/yao314652/home/project/outputs/visual_benchmark/qwen25vl_3b_all_modalities_rerun/images/seq_0008__largest_target_drop_step__simulation/simulation/step_0001.png"", ""/results/yao314652/home/project/outputs/visual_benchmark/qwen25vl_3b_all_modalities_rerun/images/seq_0008__largest_target_drop_step__simulation/simulation/step_0002.png"", ""/results/yao314652/home/project/outputs/visual_benchmark/qwen25vl_3b_all_modalities_rerun/images/seq_0008__largest_target_drop_step__simulation/simulation/step_0003.png"", ""/results/yao314652/home/project/outputs/visual_benchmark/qwen25vl_3b_all_modalities_rerun/images/seq_0008__largest_target_drop_step__simulation/simulation/step_0004.png""]","[{""wavelength"": 600.0, ""concentration"": 3.0, ""path_length"": 5.0, ""absorbance"": 180.0}, {""wavelength"": 600.0, ""concentration"": 4.0, ""path_length"": 5.0, ""absorbance"": 240.0}, {""wavelength"": 550.0, ""concentration"": 4.0, ""path_length"": 5.0, ""absorbance"": 220.0}, {""wavelength"": 500.0, ""concentration"": 4.0, ""path_length"": 5.0, ""absorbance"": 200.0}, {""wavelength"": 500.0, ""concentration"": 4.0, ""path_length"": 4.0, ""absorbance"": 160.0}]"
seq_0009__read_last_target__text,seq_0009,read_last_target,value_at_step,text,none,What is the value of absorbance at step 4?,72.0,number,72,True,0.0,"```json
{""answer"": 72}
```",[],"[{""wavelength"": 600.0, ""concentration"": 2.0, ""path_length"": 5.0, ""absorbance"": 120.0}, {""wavelength"": 600.0, ""concentration"": 2.0, ""path_length"": 4.0, ""absorbance"": 96.0}, {""wavelength"": 600.0, ""concentration"": 2.0, ""path_length"": 3.0, ""absorbance"": 72.0}, {""wavelength"": 600.0, ""concentration"": 3.0, ""path_length"": 3.0, ""absorbance"": 108.0}, {""wavelength"": 600.0, ""concentration"": 3.0, ""path_length"": 2.0, ""absorbance"": 72.0}]"
seq_0009__read_last_target__bar,seq_0009,read_last_target,value_at_step,bar,bar,What is the value of absorbance at step 4?,72.0,number,0.7,False,71.3,"```json
{
    ""answer"": 0.7
}
```","[""/results/yao314652/home/project/outputs/visual_benchmark/qwen25vl_3b_all_modalities_rerun/images/seq_0009__read_last_target__bar/bar/step_0000.png"", ""/results/yao314652/home/project/outputs/visual_benchmark/qwen25vl_3b_all_modalities_rerun/images/seq_0009__read_last_target__bar/bar/step_0001.png"", ""/results/yao314652/home/project/outputs/visual_benchmark/qwen25vl_3b_all_modalities_rerun/images/seq_0009__read_last_target__bar/bar/step_0002.png"", ""/results/yao314652/home/project/outputs/visual_benchmark/qwen25vl_3b_all_modalities_rerun/images/seq_0009__read_last_target__bar/bar/step_0003.png"", ""/results/yao314652/home/project/outputs/visual_benchmark/qwen25vl_3b_all_modalities_rerun/images/seq_0009__read_last_target__bar/bar/step_0004.png""]","[{""wavelength"": 600.0, ""concentration"": 2.0, ""path_length"": 5.0, ""absorbance"": 120.0}, {""wavelength"": 600.0, ""concentration"": 2.0, ""path_length"": 4.0, ""absorbance"": 96.0}, {""wavelength"": 600.0, ""concentration"": 2.0, ""path_length"": 3.0, ""absorbance"": 72.0}, {""wavelength"": 600.0, ""concentration"": 3.0, ""path_length"": 3.0, ""absorbance"": 108.0}, {""wavelength"": 600.0, ""concentration"": 3.0, ""path_length"": 2.0, ""absorbance"": 72.0}]"
seq_0009__read_last_target__line,seq_0009,read_last_target,value_at_step,line,line,What is the value of absorbance at step 4?,72.0,number,0.92,False,71.08,"```json
{
  ""answer"": 0.92
}
```","[""/results/yao314652/home/project/outputs/visual_benchmark/qwen25vl_3b_all_modalities_rerun/images/seq_0009__read_last_target__line/line/seq_0009__read_last_target__line_step_0000.png"", ""/results/yao314652/home/project/outputs/visual_benchmark/qwen25vl_3b_all_modalities_rerun/images/seq_0009__read_last_target__line/line/seq_0009__read_last_target__line_step_0001.png"", ""/results/yao314652/home/project/outputs/visual_benchmark/qwen25vl_3b_all_modalities_rerun/images/seq_0009__read_last_target__line/line/seq_0009__read_last_target__line_step_0002.png"", ""/results/yao314652/home/project/outputs/visual_benchmark/qwen25vl_3b_all_modalities_rerun/images/seq_0009__read_last_target__line/line/seq_0009__read_last_target__line_step_0003.png"", ""/results/yao314652/home/project/outputs/visual_benchmark/qwen25vl_3b_all_modalities_rerun/images/seq_0009__read_last_target__line/line/seq_0009__read_last_target__line_step_0004.png""]","[{""wavelength"": 600.0, ""concentration"": 2.0, ""path_length"": 5.0, ""absorbance"": 120.0}, {""wavelength"": 600.0, ""concentration"": 2.0, ""path_length"": 4.0, ""absorbance"": 96.0}, {""wavelength"": 600.0, ""concentration"": 2.0, ""path_length"": 3.0, ""absorbance"": 72.0}, {""wavelength"": 600.0, ""concentration"": 3.0, ""path_length"": 3.0, ""absorbance"": 108.0}, {""wavelength"": 600.0, ""concentration"": 3.0, ""path_length"": 2.0, ""absorbance"": 72.0}]"
seq_0009__read_last_target__scatter,seq_0009,read_last_target,value_at_step,scatter,scatter,What is the value of absorbance at step 4?,72.0,number,0.32196,False,71.67804,"```json
{
  ""answer"": 0.32196
}
```","[""/results/yao314652/home/project/outputs/visual_benchmark/qwen25vl_3b_all_modalities_rerun/images/seq_0009__read_last_target__scatter/scatter/seq_0009__read_last_target__scatter_step_0000.png"", ""/results/yao314652/home/project/outputs/visual_benchmark/qwen25vl_3b_all_modalities_rerun/images/seq_0009__read_last_target__scatter/scatter/seq_0009__read_last_target__scatter_step_0001.png"", ""/results/yao314652/home/project/outputs/visual_benchmark/qwen25vl_3b_all_modalities_rerun/images/seq_0009__read_last_target__scatter/scatter/seq_0009__read_last_target__scatter_step_0002.png"", ""/results/yao314652/home/project/outputs/visual_benchmark/qwen25vl_3b_all_modalities_rerun/images/seq_0009__read_last_target__scatter/scatter/seq_0009__read_last_target__scatter_step_0003.png"", ""/results/yao314652/home/project/outputs/visual_benchmark/qwen25vl_3b_all_modalities_rerun/images/seq_0009__read_last_target__scatter/scatter/seq_0009__read_last_target__scatter_step_0004.png""]","[{""wavelength"": 600.0, ""concentration"": 2.0, ""path_length"": 5.0, ""absorbance"": 120.0}, {""wavelength"": 600.0, ""concentration"": 2.0, ""path_length"": 4.0, ""absorbance"": 96.0}, {""wavelength"": 600.0, ""concentration"": 2.0, ""path_length"": 3.0, ""absorbance"": 72.0}, {""wavelength"": 600.0, ""concentration"": 3.0, ""path_length"": 3.0, ""absorbance"": 108.0}, {""wavelength"": 600.0, ""concentration"": 3.0, ""path_length"": 2.0, ""absorbance"": 72.0}]"
seq_0009__read_last_target__simulation,seq_0009,read_last_target,value_at_step,simulation,simulation,What is the value of absorbance at step 4?,72.0,number,0.916,False,71.084,"```json
{
  ""answer"": 0.916
}
```","[""/results/yao314652/home/project/outputs/visual_benchmark/qwen25vl_3b_all_modalities_rerun/images/seq_0009__read_last_target__simulation/simulation/step_0000.png"", ""/results/yao314652/home/project/outputs/visual_benchmark/qwen25vl_3b_all_modalities_rerun/images/seq_0009__read_last_target__simulation/simulation/step_0001.png"", ""/results/yao314652/home/project/outputs/visual_benchmark/qwen25vl_3b_all_modalities_rerun/images/seq_0009__read_last_target__simulation/simulation/step_0002.png"", ""/results/yao314652/home/project/outputs/visual_benchmark/qwen25vl_3b_all_modalities_rerun/images/seq_0009__read_last_target__simulation/simulation/step_0003.png"", ""/results/yao314652/home/project/outputs/visual_benchmark/qwen25vl_3b_all_modalities_rerun/images/seq_0009__read_last_target__simulation/simulation/step_0004.png""]","[{""wavelength"": 600.0, ""concentration"": 2.0, ""path_length"": 5.0, ""absorbance"": 120.0}, {""wavelength"": 600.0, ""concentration"": 2.0, ""path_length"": 4.0, ""absorbance"": 96.0}, {""wavelength"": 600.0, ""concentration"": 2.0, ""path_length"": 3.0, ""absorbance"": 72.0}, {""wavelength"": 600.0, ""concentration"": 3.0, ""path_length"": 3.0, ""absorbance"": 108.0}, {""wavelength"": 600.0, ""concentration"": 3.0, ""path_length"": 2.0, ""absorbance"": 72.0}]"
seq_0009__target_change_amount__text,seq_0009,target_change_amount,change_amount,text,none,By how much does absorbance change from step 0 to step 4?,-48.0,number,48,False,96.0,"```json
{
  ""answer"": 48
}
```",[],"[{""wavelength"": 600.0, ""concentration"": 2.0, ""path_length"": 5.0, ""absorbance"": 120.0}, {""wavelength"": 600.0, ""concentration"": 2.0, ""path_length"": 4.0, ""absorbance"": 96.0}, {""wavelength"": 600.0, ""concentration"": 2.0, ""path_length"": 3.0, ""absorbance"": 72.0}, {""wavelength"": 600.0, ""concentration"": 3.0, ""path_length"": 3.0, ""absorbance"": 108.0}, {""wavelength"": 600.0, ""concentration"": 3.0, ""path_length"": 2.0, ""absorbance"": 72.0}]"
seq_0009__target_change_amount__bar,seq_0009,target_change_amount,change_amount,bar,bar,By how much does absorbance change from step 0 to step 4?,-48.0,number,136.7,False,184.7,"```json
{
    ""answer"": 136.7
}
```","[""/results/yao314652/home/project/outputs/visual_benchmark/qwen25vl_3b_all_modalities_rerun/images/seq_0009__target_change_amount__bar/bar/step_0000.png"", ""/results/yao314652/home/project/outputs/visual_benchmark/qwen25vl_3b_all_modalities_rerun/images/seq_0009__target_change_amount__bar/bar/step_0001.png"", ""/results/yao314652/home/project/outputs/visual_benchmark/qwen25vl_3b_all_modalities_rerun/images/seq_0009__target_change_amount__bar/bar/step_0002.png"", ""/results/yao314652/home/project/outputs/visual_benchmark/qwen25vl_3b_all_modalities_rerun/images/seq_0009__target_change_amount__bar/bar/step_0003.png"", ""/results/yao314652/home/project/outputs/visual_benchmark/qwen25vl_3b_all_modalities_rerun/images/seq_0009__target_change_amount__bar/bar/step_0004.png""]","[{""wavelength"": 600.0, ""concentration"": 2.0, ""path_length"": 5.0, ""absorbance"": 120.0}, {""wavelength"": 600.0, ""concentration"": 2.0, ""path_length"": 4.0, ""absorbance"": 96.0}, {""wavelength"": 600.0, ""concentration"": 2.0, ""path_length"": 3.0, ""absorbance"": 72.0}, {""wavelength"": 600.0, ""concentration"": 3.0, ""path_length"": 3.0, ""absorbance"": 108.0}, {""wavelength"": 600.0, ""concentration"": 3.0, ""path_length"": 2.0, ""absorbance"": 72.0}]"
seq_0009__target_change_amount__line,seq_0009,target_change_amount,change_amount,line,line,By how much does absorbance change from step 0 to step 4?,-48.0,number,-0.13,False,47.87,"```json
{
  ""answer"": -0.13
}
```","[""/results/yao314652/home/project/outputs/visual_benchmark/qwen25vl_3b_all_modalities_rerun/images/seq_0009__target_change_amount__line/line/seq_0009__target_change_amount__line_step_0000.png"", ""/results/yao314652/home/project/outputs/visual_benchmark/qwen25vl_3b_all_modalities_rerun/images/seq_0009__target_change_amount__line/line/seq_0009__target_change_amount__line_step_0001.png"", ""/results/yao314652/home/project/outputs/visual_benchmark/qwen25vl_3b_all_modalities_rerun/images/seq_0009__target_change_amount__line/line/seq_0009__target_change_amount__line_step_0002.png"", ""/results/yao314652/home/project/outputs/visual_benchmark/qwen25vl_3b_all_modalities_rerun/images/seq_0009__target_change_amount__line/line/seq_0009__target_change_amount__line_step_0003.png"", ""/results/yao314652/home/project/outputs/visual_benchmark/qwen25vl_3b_all_modalities_rerun/images/seq_0009__target_change_amount__line/line/seq_0009__target_change_amount__line_step_0004.png""]","[{""wavelength"": 600.0, ""concentration"": 2.0, ""path_length"": 5.0, ""absorbance"": 120.0}, {""wavelength"": 600.0, ""concentration"": 2.0, ""path_length"": 4.0, ""absorbance"": 96.0}, {""wavelength"": 600.0, ""concentration"": 2.0, ""path_length"": 3.0, ""absorbance"": 72.0}, {""wavelength"": 600.0, ""concentration"": 3.0, ""path_length"": 3.0, ""absorbance"": 108.0}, {""wavelength"": 600.0, ""concentration"": 3.0, ""path_length"": 2.0, ""absorbance"": 72.0}]"
seq_0009__target_change_amount__scatter,seq_0009,target_change_amount,change_amount,scatter,scatter,By how much does absorbance change from step 0 to step 4?,-48.0,number,-0.189239746,False,47.810760254,"```json
{
  ""answer"": -0.189239746
}
```","[""/results/yao314652/home/project/outputs/visual_benchmark/qwen25vl_3b_all_modalities_rerun/images/seq_0009__target_change_amount__scatter/scatter/seq_0009__target_change_amount__scatter_step_0000.png"", ""/results/yao314652/home/project/outputs/visual_benchmark/qwen25vl_3b_all_modalities_rerun/images/seq_0009__target_change_amount__scatter/scatter/seq_0009__target_change_amount__scatter_step_0001.png"", ""/results/yao314652/home/project/outputs/visual_benchmark/qwen25vl_3b_all_modalities_rerun/images/seq_0009__target_change_amount__scatter/scatter/seq_0009__target_change_amount__scatter_step_0002.png"", ""/results/yao314652/home/project/outputs/visual_benchmark/qwen25vl_3b_all_modalities_rerun/images/seq_0009__target_change_amount__scatter/scatter/seq_0009__target_change_amount__scatter_step_0003.png"", ""/results/yao314652/home/project/outputs/visual_benchmark/qwen25vl_3b_all_modalities_rerun/images/seq_0009__target_change_amount__scatter/scatter/seq_0009__target_change_amount__scatter_step_0004.png""]","[{""wavelength"": 600.0, ""concentration"": 2.0, ""path_length"": 5.0, ""absorbance"": 120.0}, {""wavelength"": 600.0, ""concentration"": 2.0, ""path_length"": 4.0, ""absorbance"": 96.0}, {""wavelength"": 600.0, ""concentration"": 2.0, ""path_length"": 3.0, ""absorbance"": 72.0}, {""wavelength"": 600.0, ""concentration"": 3.0, ""path_length"": 3.0, ""absorbance"": 108.0}, {""wavelength"": 600.0, ""concentration"": 3.0, ""path_length"": 2.0, ""absorbance"": 72.0}]"
seq_0009__target_change_amount__simulation,seq_0009,target_change_amount,change_amount,simulation,simulation,By how much does absorbance change from step 0 to step 4?,-48.0,number,-0.01,False,47.99,"{""answer"": -0.01}","[""/results/yao314652/home/project/outputs/visual_benchmark/qwen25vl_3b_all_modalities_rerun/images/seq_0009__target_change_amount__simulation/simulation/step_0000.png"", ""/results/yao314652/home/project/outputs/visual_benchmark/qwen25vl_3b_all_modalities_rerun/images/seq_0009__target_change_amount__simulation/simulation/step_0001.png"", ""/results/yao314652/home/project/outputs/visual_benchmark/qwen25vl_3b_all_modalities_rerun/images/seq_0009__target_change_amount__simulation/simulation/step_0002.png"", ""/results/yao314652/home/project/outputs/visual_benchmark/qwen25vl_3b_all_modalities_rerun/images/seq_0009__target_change_amount__simulation/simulation/step_0003.png"", ""/results/yao314652/home/project/outputs/visual_benchmark/qwen25vl_3b_all_modalities_rerun/images/seq_0009__target_change_amount__simulation/simulation/step_0004.png""]","[{""wavelength"": 600.0, ""concentration"": 2.0, ""path_length"": 5.0, ""absorbance"": 120.0}, {""wavelength"": 600.0, ""concentration"": 2.0, ""path_length"": 4.0, ""absorbance"": 96.0}, {""wavelength"": 600.0, ""concentration"": 2.0, ""path_length"": 3.0, ""absorbance"": 72.0}, {""wavelength"": 600.0, ""concentration"": 3.0, ""path_length"": 3.0, ""absorbance"": 108.0}, {""wavelength"": 600.0, ""concentration"": 3.0, ""path_length"": 2.0, ""absorbance"": 72.0}]"
seq_0009__target_change_direction__text,seq_0009,target_change_direction,change_direction,text,none,"Does absorbance increase, decrease, or stay the same from step 0 to step 4?",decrease,category,decrease,True,,"```json
{""answer"": ""decrease""}
```",[],"[{""wavelength"": 600.0, ""concentration"": 2.0, ""path_length"": 5.0, ""absorbance"": 120.0}, {""wavelength"": 600.0, ""concentration"": 2.0, ""path_length"": 4.0, ""absorbance"": 96.0}, {""wavelength"": 600.0, ""concentration"": 2.0, ""path_length"": 3.0, ""absorbance"": 72.0}, {""wavelength"": 600.0, ""concentration"": 3.0, ""path_length"": 3.0, ""absorbance"": 108.0}, {""wavelength"": 600.0, ""concentration"": 3.0, ""path_length"": 2.0, ""absorbance"": 72.0}]"
seq_0009__target_change_direction__bar,seq_0009,target_change_direction,change_direction,bar,bar,"Does absorbance increase, decrease, or stay the same from step 0 to step 4?",decrease,category,decrease,True,,"{""answer"": ""decrease""}","[""/results/yao314652/home/project/outputs/visual_benchmark/qwen25vl_3b_all_modalities_rerun/images/seq_0009__target_change_direction__bar/bar/step_0000.png"", ""/results/yao314652/home/project/outputs/visual_benchmark/qwen25vl_3b_all_modalities_rerun/images/seq_0009__target_change_direction__bar/bar/step_0001.png"", ""/results/yao314652/home/project/outputs/visual_benchmark/qwen25vl_3b_all_modalities_rerun/images/seq_0009__target_change_direction__bar/bar/step_0002.png"", ""/results/yao314652/home/project/outputs/visual_benchmark/qwen25vl_3b_all_modalities_rerun/images/seq_0009__target_change_direction__bar/bar/step_0003.png"", ""/results/yao314652/home/project/outputs/visual_benchmark/qwen25vl_3b_all_modalities_rerun/images/seq_0009__target_change_direction__bar/bar/step_0004.png""]","[{""wavelength"": 600.0, ""concentration"": 2.0, ""path_length"": 5.0, ""absorbance"": 120.0}, {""wavelength"": 600.0, ""concentration"": 2.0, ""path_length"": 4.0, ""absorbance"": 96.0}, {""wavelength"": 600.0, ""concentration"": 2.0, ""path_length"": 3.0, ""absorbance"": 72.0}, {""wavelength"": 600.0, ""concentration"": 3.0, ""path_length"": 3.0, ""absorbance"": 108.0}, {""wavelength"": 600.0, ""concentration"": 3.0, ""path_length"": 2.0, ""absorbance"": 72.0}]"
seq_0009__target_change_direction__line,seq_0009,target_change_direction,change_direction,line,line,"Does absorbance increase, decrease, or stay the same from step 0 to step 4?",decrease,category,decrease,True,,"{""answer"": ""decrease""}","[""/results/yao314652/home/project/outputs/visual_benchmark/qwen25vl_3b_all_modalities_rerun/images/seq_0009__target_change_direction__line/line/seq_0009__target_change_direction__line_step_0000.png"", ""/results/yao314652/home/project/outputs/visual_benchmark/qwen25vl_3b_all_modalities_rerun/images/seq_0009__target_change_direction__line/line/seq_0009__target_change_direction__line_step_0001.png"", ""/results/yao314652/home/project/outputs/visual_benchmark/qwen25vl_3b_all_modalities_rerun/images/seq_0009__target_change_direction__line/line/seq_0009__target_change_direction__line_step_0002.png"", ""/results/yao314652/home/project/outputs/visual_benchmark/qwen25vl_3b_all_modalities_rerun/images/seq_0009__target_change_direction__line/line/seq_0009__target_change_direction__line_step_0003.png"", ""/results/yao314652/home/project/outputs/visual_benchmark/qwen25vl_3b_all_modalities_rerun/images/seq_0009__target_change_direction__line/line/seq_0009__target_change_direction__line_step_0004.png""]","[{""wavelength"": 600.0, ""concentration"": 2.0, ""path_length"": 5.0, ""absorbance"": 120.0}, {""wavelength"": 600.0, ""concentration"": 2.0, ""path_length"": 4.0, ""absorbance"": 96.0}, {""wavelength"": 600.0, ""concentration"": 2.0, ""path_length"": 3.0, ""absorbance"": 72.0}, {""wavelength"": 600.0, ""concentration"": 3.0, ""path_length"": 3.0, ""absorbance"": 108.0}, {""wavelength"": 600.0, ""concentration"": 3.0, ""path_length"": 2.0, ""absorbance"": 72.0}]"
seq_0009__target_change_direction__scatter,seq_0009,target_change_direction,change_direction,scatter,scatter,"Does absorbance increase, decrease, or stay the same from step 0 to step 4?",decrease,category,increase,False,,"{
  ""answer"": ""increase""
}","[""/results/yao314652/home/project/outputs/visual_benchmark/qwen25vl_3b_all_modalities_rerun/images/seq_0009__target_change_direction__scatter/scatter/seq_0009__target_change_direction__scatter_step_0000.png"", ""/results/yao314652/home/project/outputs/visual_benchmark/qwen25vl_3b_all_modalities_rerun/images/seq_0009__target_change_direction__scatter/scatter/seq_0009__target_change_direction__scatter_step_0001.png"", ""/results/yao314652/home/project/outputs/visual_benchmark/qwen25vl_3b_all_modalities_rerun/images/seq_0009__target_change_direction__scatter/scatter/seq_0009__target_change_direction__scatter_step_0002.png"", ""/results/yao314652/home/project/outputs/visual_benchmark/qwen25vl_3b_all_modalities_rerun/images/seq_0009__target_change_direction__scatter/scatter/seq_0009__target_change_direction__scatter_step_0003.png"", ""/results/yao314652/home/project/outputs/visual_benchmark/qwen25vl_3b_all_modalities_rerun/images/seq_0009__target_change_direction__scatter/scatter/seq_0009__target_change_direction__scatter_step_0004.png""]","[{""wavelength"": 600.0, ""concentration"": 2.0, ""path_length"": 5.0, ""absorbance"": 120.0}, {""wavelength"": 600.0, ""concentration"": 2.0, ""path_length"": 4.0, ""absorbance"": 96.0}, {""wavelength"": 600.0, ""concentration"": 2.0, ""path_length"": 3.0, ""absorbance"": 72.0}, {""wavelength"": 600.0, ""concentration"": 3.0, ""path_length"": 3.0, ""absorbance"": 108.0}, {""wavelength"": 600.0, ""concentration"": 3.0, ""path_length"": 2.0, ""absorbance"": 72.0}]"
seq_0009__target_change_direction__simulation,seq_0009,target_change_direction,change_direction,simulation,simulation,"Does absorbance increase, decrease, or stay the same from step 0 to step 4?",decrease,category,decrease,True,,"{""answer"": ""decrease""}","[""/results/yao314652/home/project/outputs/visual_benchmark/qwen25vl_3b_all_modalities_rerun/images/seq_0009__target_change_direction__simulation/simulation/step_0000.png"", ""/results/yao314652/home/project/outputs/visual_benchmark/qwen25vl_3b_all_modalities_rerun/images/seq_0009__target_change_direction__simulation/simulation/step_0001.png"", ""/results/yao314652/home/project/outputs/visual_benchmark/qwen25vl_3b_all_modalities_rerun/images/seq_0009__target_change_direction__simulation/simulation/step_0002.png"", ""/results/yao314652/home/project/outputs/visual_benchmark/qwen25vl_3b_all_modalities_rerun/images/seq_0009__target_change_direction__simulation/simulation/step_0003.png"", ""/results/yao314652/home/project/outputs/visual_benchmark/qwen25vl_3b_all_modalities_rerun/images/seq_0009__target_change_direction__simulation/simulation/step_0004.png""]","[{""wavelength"": 600.0, ""concentration"": 2.0, ""path_length"": 5.0, ""absorbance"": 120.0}, {""wavelength"": 600.0, ""concentration"": 2.0, ""path_length"": 4.0, ""absorbance"": 96.0}, {""wavelength"": 600.0, ""concentration"": 2.0, ""path_length"": 3.0, ""absorbance"": 72.0}, {""wavelength"": 600.0, ""concentration"": 3.0, ""path_length"": 3.0, ""absorbance"": 108.0}, {""wavelength"": 600.0, ""concentration"": 3.0, ""path_length"": 2.0, ""absorbance"": 72.0}]"
seq_0009__changed_variable_0_to_1__text,seq_0009,changed_variable_0_to_1,changed_variable,text,none,Which input variable changed from step 0 to step 1?,path_length,category,concentration,False,,"{
  ""answer"": ""concentration""
}",[],"[{""wavelength"": 600.0, ""concentration"": 2.0, ""path_length"": 5.0, ""absorbance"": 120.0}, {""wavelength"": 600.0, ""concentration"": 2.0, ""path_length"": 4.0, ""absorbance"": 96.0}, {""wavelength"": 600.0, ""concentration"": 2.0, ""path_length"": 3.0, ""absorbance"": 72.0}, {""wavelength"": 600.0, ""concentration"": 3.0, ""path_length"": 3.0, ""absorbance"": 108.0}, {""wavelength"": 600.0, ""concentration"": 3.0, ""path_length"": 2.0, ""absorbance"": 72.0}]"
seq_0009__changed_variable_0_to_1__bar,seq_0009,changed_variable_0_to_1,changed_variable,bar,bar,Which input variable changed from step 0 to step 1?,path_length,category,a,False,,"{""answer"": ""a""}","[""/results/yao314652/home/project/outputs/visual_benchmark/qwen25vl_3b_all_modalities_rerun/images/seq_0009__changed_variable_0_to_1__bar/bar/step_0000.png"", ""/results/yao314652/home/project/outputs/visual_benchmark/qwen25vl_3b_all_modalities_rerun/images/seq_0009__changed_variable_0_to_1__bar/bar/step_0001.png"", ""/results/yao314652/home/project/outputs/visual_benchmark/qwen25vl_3b_all_modalities_rerun/images/seq_0009__changed_variable_0_to_1__bar/bar/step_0002.png"", ""/results/yao314652/home/project/outputs/visual_benchmark/qwen25vl_3b_all_modalities_rerun/images/seq_0009__changed_variable_0_to_1__bar/bar/step_0003.png"", ""/results/yao314652/home/project/outputs/visual_benchmark/qwen25vl_3b_all_modalities_rerun/images/seq_0009__changed_variable_0_to_1__bar/bar/step_0004.png""]","[{""wavelength"": 600.0, ""concentration"": 2.0, ""path_length"": 5.0, ""absorbance"": 120.0}, {""wavelength"": 600.0, ""concentration"": 2.0, ""path_length"": 4.0, ""absorbance"": 96.0}, {""wavelength"": 600.0, ""concentration"": 2.0, ""path_length"": 3.0, ""absorbance"": 72.0}, {""wavelength"": 600.0, ""concentration"": 3.0, ""path_length"": 3.0, ""absorbance"": 108.0}, {""wavelength"": 600.0, ""concentration"": 3.0, ""path_length"": 2.0, ""absorbance"": 72.0}]"
seq_0009__changed_variable_0_to_1__line,seq_0009,changed_variable_0_to_1,changed_variable,line,line,Which input variable changed from step 0 to step 1?,path_length,category,input_variable_2,False,,"{""answer"": ""input_variable_2""}","[""/results/yao314652/home/project/outputs/visual_benchmark/qwen25vl_3b_all_modalities_rerun/images/seq_0009__changed_variable_0_to_1__line/line/seq_0009__changed_variable_0_to_1__line_step_0000.png"", ""/results/yao314652/home/project/outputs/visual_benchmark/qwen25vl_3b_all_modalities_rerun/images/seq_0009__changed_variable_0_to_1__line/line/seq_0009__changed_variable_0_to_1__line_step_0001.png"", ""/results/yao314652/home/project/outputs/visual_benchmark/qwen25vl_3b_all_modalities_rerun/images/seq_0009__changed_variable_0_to_1__line/line/seq_0009__changed_variable_0_to_1__line_step_0002.png"", ""/results/yao314652/home/project/outputs/visual_benchmark/qwen25vl_3b_all_modalities_rerun/images/seq_0009__changed_variable_0_to_1__line/line/seq_0009__changed_variable_0_to_1__line_step_0003.png"", ""/results/yao314652/home/project/outputs/visual_benchmark/qwen25vl_3b_all_modalities_rerun/images/seq_0009__changed_variable_0_to_1__line/line/seq_0009__changed_variable_0_to_1__line_step_0004.png""]","[{""wavelength"": 600.0, ""concentration"": 2.0, ""path_length"": 5.0, ""absorbance"": 120.0}, {""wavelength"": 600.0, ""concentration"": 2.0, ""path_length"": 4.0, ""absorbance"": 96.0}, {""wavelength"": 600.0, ""concentration"": 2.0, ""path_length"": 3.0, ""absorbance"": 72.0}, {""wavelength"": 600.0, ""concentration"": 3.0, ""path_length"": 3.0, ""absorbance"": 108.0}, {""wavelength"": 600.0, ""concentration"": 3.0, ""path_length"": 2.0, ""absorbance"": 72.0}]"
seq_0009__changed_variable_0_to_1__scatter,seq_0009,changed_variable_0_to_1,changed_variable,scatter,scatter,Which input variable changed from step 0 to step 1?,path_length,category,r,False,,"{""answer"": ""r""}","[""/results/yao314652/home/project/outputs/visual_benchmark/qwen25vl_3b_all_modalities_rerun/images/seq_0009__changed_variable_0_to_1__scatter/scatter/seq_0009__changed_variable_0_to_1__scatter_step_0000.png"", ""/results/yao314652/home/project/outputs/visual_benchmark/qwen25vl_3b_all_modalities_rerun/images/seq_0009__changed_variable_0_to_1__scatter/scatter/seq_0009__changed_variable_0_to_1__scatter_step_0001.png"", ""/results/yao314652/home/project/outputs/visual_benchmark/qwen25vl_3b_all_modalities_rerun/images/seq_0009__changed_variable_0_to_1__scatter/scatter/seq_0009__changed_variable_0_to_1__scatter_step_0002.png"", ""/results/yao314652/home/project/outputs/visual_benchmark/qwen25vl_3b_all_modalities_rerun/images/seq_0009__changed_variable_0_to_1__scatter/scatter/seq_0009__changed_variable_0_to_1__scatter_step_0003.png"", ""/results/yao314652/home/project/outputs/visual_benchmark/qwen25vl_3b_all_modalities_rerun/images/seq_0009__changed_variable_0_to_1__scatter/scatter/seq_0009__changed_variable_0_to_1__scatter_step_0004.png""]","[{""wavelength"": 600.0, ""concentration"": 2.0, ""path_length"": 5.0, ""absorbance"": 120.0}, {""wavelength"": 600.0, ""concentration"": 2.0, ""path_length"": 4.0, ""absorbance"": 96.0}, {""wavelength"": 600.0, ""concentration"": 2.0, ""path_length"": 3.0, ""absorbance"": 72.0}, {""wavelength"": 600.0, ""concentration"": 3.0, ""path_length"": 3.0, ""absorbance"": 108.0}, {""wavelength"": 600.0, ""concentration"": 3.0, ""path_length"": 2.0, ""absorbance"": 72.0}]"
seq_0009__changed_variable_0_to_1__simulation,seq_0009,changed_variable_0_to_1,changed_variable,simulation,simulation,Which input variable changed from step 0 to step 1?,path_length,category,input_value_1,False,,"{""answer"": ""input_value_1""}","[""/results/yao314652/home/project/outputs/visual_benchmark/qwen25vl_3b_all_modalities_rerun/images/seq_0009__changed_variable_0_to_1__simulation/simulation/step_0000.png"", ""/results/yao314652/home/project/outputs/visual_benchmark/qwen25vl_3b_all_modalities_rerun/images/seq_0009__changed_variable_0_to_1__simulation/simulation/step_0001.png"", ""/results/yao314652/home/project/outputs/visual_benchmark/qwen25vl_3b_all_modalities_rerun/images/seq_0009__changed_variable_0_to_1__simulation/simulation/step_0002.png"", ""/results/yao314652/home/project/outputs/visual_benchmark/qwen25vl_3b_all_modalities_rerun/images/seq_0009__changed_variable_0_to_1__simulation/simulation/step_0003.png"", ""/results/yao314652/home/project/outputs/visual_benchmark/qwen25vl_3b_all_modalities_rerun/images/seq_0009__changed_variable_0_to_1__simulation/simulation/step_0004.png""]","[{""wavelength"": 600.0, ""concentration"": 2.0, ""path_length"": 5.0, ""absorbance"": 120.0}, {""wavelength"": 600.0, ""concentration"": 2.0, ""path_length"": 4.0, ""absorbance"": 96.0}, {""wavelength"": 600.0, ""concentration"": 2.0, ""path_length"": 3.0, ""absorbance"": 72.0}, {""wavelength"": 600.0, ""concentration"": 3.0, ""path_length"": 3.0, ""absorbance"": 108.0}, {""wavelength"": 600.0, ""concentration"": 3.0, ""path_length"": 2.0, ""absorbance"": 72.0}]"
seq_0009__max_target_step__text,seq_0009,max_target_step,max_step,text,none,At which step is absorbance the highest?,0,step,3,False,,"```json
{
  ""answer"": 3
}
```",[],"[{""wavelength"": 600.0, ""concentration"": 2.0, ""path_length"": 5.0, ""absorbance"": 120.0}, {""wavelength"": 600.0, ""concentration"": 2.0, ""path_length"": 4.0, ""absorbance"": 96.0}, {""wavelength"": 600.0, ""concentration"": 2.0, ""path_length"": 3.0, ""absorbance"": 72.0}, {""wavelength"": 600.0, ""concentration"": 3.0, ""path_length"": 3.0, ""absorbance"": 108.0}, {""wavelength"": 600.0, ""concentration"": 3.0, ""path_length"": 2.0, ""absorbance"": 72.0}]"
seq_0009__max_target_step__bar,seq_0009,max_target_step,max_step,bar,bar,At which step is absorbance the highest?,0,step,0,True,,"```json
{
    ""answer"": 0
}
```","[""/results/yao314652/home/project/outputs/visual_benchmark/qwen25vl_3b_all_modalities_rerun/images/seq_0009__max_target_step__bar/bar/step_0000.png"", ""/results/yao314652/home/project/outputs/visual_benchmark/qwen25vl_3b_all_modalities_rerun/images/seq_0009__max_target_step__bar/bar/step_0001.png"", ""/results/yao314652/home/project/outputs/visual_benchmark/qwen25vl_3b_all_modalities_rerun/images/seq_0009__max_target_step__bar/bar/step_0002.png"", ""/results/yao314652/home/project/outputs/visual_benchmark/qwen25vl_3b_all_modalities_rerun/images/seq_0009__max_target_step__bar/bar/step_0003.png"", ""/results/yao314652/home/project/outputs/visual_benchmark/qwen25vl_3b_all_modalities_rerun/images/seq_0009__max_target_step__bar/bar/step_0004.png""]","[{""wavelength"": 600.0, ""concentration"": 2.0, ""path_length"": 5.0, ""absorbance"": 120.0}, {""wavelength"": 600.0, ""concentration"": 2.0, ""path_length"": 4.0, ""absorbance"": 96.0}, {""wavelength"": 600.0, ""concentration"": 2.0, ""path_length"": 3.0, ""absorbance"": 72.0}, {""wavelength"": 600.0, ""concentration"": 3.0, ""path_length"": 3.0, ""absorbance"": 108.0}, {""wavelength"": 600.0, ""concentration"": 3.0, ""path_length"": 2.0, ""absorbance"": 72.0}]"
seq_0009__max_target_step__line,seq_0009,max_target_step,max_step,line,line,At which step is absorbance the highest?,0,step,4,False,,"```json
{
  ""answer"": 4
}
```","[""/results/yao314652/home/project/outputs/visual_benchmark/qwen25vl_3b_all_modalities_rerun/images/seq_0009__max_target_step__line/line/seq_0009__max_target_step__line_step_0000.png"", ""/results/yao314652/home/project/outputs/visual_benchmark/qwen25vl_3b_all_modalities_rerun/images/seq_0009__max_target_step__line/line/seq_0009__max_target_step__line_step_0001.png"", ""/results/yao314652/home/project/outputs/visual_benchmark/qwen25vl_3b_all_modalities_rerun/images/seq_0009__max_target_step__line/line/seq_0009__max_target_step__line_step_0002.png"", ""/results/yao314652/home/project/outputs/visual_benchmark/qwen25vl_3b_all_modalities_rerun/images/seq_0009__max_target_step__line/line/seq_0009__max_target_step__line_step_0003.png"", ""/results/yao314652/home/project/outputs/visual_benchmark/qwen25vl_3b_all_modalities_rerun/images/seq_0009__max_target_step__line/line/seq_0009__max_target_step__line_step_0004.png""]","[{""wavelength"": 600.0, ""concentration"": 2.0, ""path_length"": 5.0, ""absorbance"": 120.0}, {""wavelength"": 600.0, ""concentration"": 2.0, ""path_length"": 4.0, ""absorbance"": 96.0}, {""wavelength"": 600.0, ""concentration"": 2.0, ""path_length"": 3.0, ""absorbance"": 72.0}, {""wavelength"": 600.0, ""concentration"": 3.0, ""path_length"": 3.0, ""absorbance"": 108.0}, {""wavelength"": 600.0, ""concentration"": 3.0, ""path_length"": 2.0, ""absorbance"": 72.0}]"
seq_0009__max_target_step__scatter,seq_0009,max_target_step,max_step,scatter,scatter,At which step is absorbance the highest?,0,step,4,False,,"```json
{
    ""answer"": 4
}
```","[""/results/yao314652/home/project/outputs/visual_benchmark/qwen25vl_3b_all_modalities_rerun/images/seq_0009__max_target_step__scatter/scatter/seq_0009__max_target_step__scatter_step_0000.png"", ""/results/yao314652/home/project/outputs/visual_benchmark/qwen25vl_3b_all_modalities_rerun/images/seq_0009__max_target_step__scatter/scatter/seq_0009__max_target_step__scatter_step_0001.png"", ""/results/yao314652/home/project/outputs/visual_benchmark/qwen25vl_3b_all_modalities_rerun/images/seq_0009__max_target_step__scatter/scatter/seq_0009__max_target_step__scatter_step_0002.png"", ""/results/yao314652/home/project/outputs/visual_benchmark/qwen25vl_3b_all_modalities_rerun/images/seq_0009__max_target_step__scatter/scatter/seq_0009__max_target_step__scatter_step_0003.png"", ""/results/yao314652/home/project/outputs/visual_benchmark/qwen25vl_3b_all_modalities_rerun/images/seq_0009__max_target_step__scatter/scatter/seq_0009__max_target_step__scatter_step_0004.png""]","[{""wavelength"": 600.0, ""concentration"": 2.0, ""path_length"": 5.0, ""absorbance"": 120.0}, {""wavelength"": 600.0, ""concentration"": 2.0, ""path_length"": 4.0, ""absorbance"": 96.0}, {""wavelength"": 600.0, ""concentration"": 2.0, ""path_length"": 3.0, ""absorbance"": 72.0}, {""wavelength"": 600.0, ""concentration"": 3.0, ""path_length"": 3.0, ""absorbance"": 108.0}, {""wavelength"": 600.0, ""concentration"": 3.0, ""path_length"": 2.0, ""absorbance"": 72.0}]"
seq_0009__max_target_step__simulation,seq_0009,max_target_step,max_step,simulation,simulation,At which step is absorbance the highest?,0,step,[1],False,,"```json
{
  ""answer"": [1]
}
```","[""/results/yao314652/home/project/outputs/visual_benchmark/qwen25vl_3b_all_modalities_rerun/images/seq_0009__max_target_step__simulation/simulation/step_0000.png"", ""/results/yao314652/home/project/outputs/visual_benchmark/qwen25vl_3b_all_modalities_rerun/images/seq_0009__max_target_step__simulation/simulation/step_0001.png"", ""/results/yao314652/home/project/outputs/visual_benchmark/qwen25vl_3b_all_modalities_rerun/images/seq_0009__max_target_step__simulation/simulation/step_0002.png"", ""/results/yao314652/home/project/outputs/visual_benchmark/qwen25vl_3b_all_modalities_rerun/images/seq_0009__max_target_step__simulation/simulation/step_0003.png"", ""/results/yao314652/home/project/outputs/visual_benchmark/qwen25vl_3b_all_modalities_rerun/images/seq_0009__max_target_step__simulation/simulation/step_0004.png""]","[{""wavelength"": 600.0, ""concentration"": 2.0, ""path_length"": 5.0, ""absorbance"": 120.0}, {""wavelength"": 600.0, ""concentration"": 2.0, ""path_length"": 4.0, ""absorbance"": 96.0}, {""wavelength"": 600.0, ""concentration"": 2.0, ""path_length"": 3.0, ""absorbance"": 72.0}, {""wavelength"": 600.0, ""concentration"": 3.0, ""path_length"": 3.0, ""absorbance"": 108.0}, {""wavelength"": 600.0, ""concentration"": 3.0, ""path_length"": 2.0, ""absorbance"": 72.0}]"
seq_0009__largest_target_drop_step__text,seq_0009,largest_target_drop_step,largest_drop_step,text,none,"At which step does absorbance show the largest drop compared with the previous step? If it never drops, answer none.",4,step_or_none,4,True,,"```json
{
  ""answer"": ""4""
}
```",[],"[{""wavelength"": 600.0, ""concentration"": 2.0, ""path_length"": 5.0, ""absorbance"": 120.0}, {""wavelength"": 600.0, ""concentration"": 2.0, ""path_length"": 4.0, ""absorbance"": 96.0}, {""wavelength"": 600.0, ""concentration"": 2.0, ""path_length"": 3.0, ""absorbance"": 72.0}, {""wavelength"": 600.0, ""concentration"": 3.0, ""path_length"": 3.0, ""absorbance"": 108.0}, {""wavelength"": 600.0, ""concentration"": 3.0, ""path_length"": 2.0, ""absorbance"": 72.0}]"
seq_0009__largest_target_drop_step__bar,seq_0009,largest_target_drop_step,largest_drop_step,bar,bar,"At which step does absorbance show the largest drop compared with the previous step? If it never drops, answer none.",4,step_or_none,3,False,,"```json
{
    ""answer"": ""3""
}
```","[""/results/yao314652/home/project/outputs/visual_benchmark/qwen25vl_3b_all_modalities_rerun/images/seq_0009__largest_target_drop_step__bar/bar/step_0000.png"", ""/results/yao314652/home/project/outputs/visual_benchmark/qwen25vl_3b_all_modalities_rerun/images/seq_0009__largest_target_drop_step__bar/bar/step_0001.png"", ""/results/yao314652/home/project/outputs/visual_benchmark/qwen25vl_3b_all_modalities_rerun/images/seq_0009__largest_target_drop_step__bar/bar/step_0002.png"", ""/results/yao314652/home/project/outputs/visual_benchmark/qwen25vl_3b_all_modalities_rerun/images/seq_0009__largest_target_drop_step__bar/bar/step_0003.png"", ""/results/yao314652/home/project/outputs/visual_benchmark/qwen25vl_3b_all_modalities_rerun/images/seq_0009__largest_target_drop_step__bar/bar/step_0004.png""]","[{""wavelength"": 600.0, ""concentration"": 2.0, ""path_length"": 5.0, ""absorbance"": 120.0}, {""wavelength"": 600.0, ""concentration"": 2.0, ""path_length"": 4.0, ""absorbance"": 96.0}, {""wavelength"": 600.0, ""concentration"": 2.0, ""path_length"": 3.0, ""absorbance"": 72.0}, {""wavelength"": 600.0, ""concentration"": 3.0, ""path_length"": 3.0, ""absorbance"": 108.0}, {""wavelength"": 600.0, ""concentration"": 3.0, ""path_length"": 2.0, ""absorbance"": 72.0}]"
seq_0009__largest_target_drop_step__line,seq_0009,largest_target_drop_step,largest_drop_step,line,line,"At which step does absorbance show the largest drop compared with the previous step? If it never drops, answer none.",4,step_or_none,2,False,,"```json
{
    ""answer"": ""2""
}
```","[""/results/yao314652/home/project/outputs/visual_benchmark/qwen25vl_3b_all_modalities_rerun/images/seq_0009__largest_target_drop_step__line/line/seq_0009__largest_target_drop_step__line_step_0000.png"", ""/results/yao314652/home/project/outputs/visual_benchmark/qwen25vl_3b_all_modalities_rerun/images/seq_0009__largest_target_drop_step__line/line/seq_0009__largest_target_drop_step__line_step_0001.png"", ""/results/yao314652/home/project/outputs/visual_benchmark/qwen25vl_3b_all_modalities_rerun/images/seq_0009__largest_target_drop_step__line/line/seq_0009__largest_target_drop_step__line_step_0002.png"", ""/results/yao314652/home/project/outputs/visual_benchmark/qwen25vl_3b_all_modalities_rerun/images/seq_0009__largest_target_drop_step__line/line/seq_0009__largest_target_drop_step__line_step_0003.png"", ""/results/yao314652/home/project/outputs/visual_benchmark/qwen25vl_3b_all_modalities_rerun/images/seq_0009__largest_target_drop_step__line/line/seq_0009__largest_target_drop_step__line_step_0004.png""]","[{""wavelength"": 600.0, ""concentration"": 2.0, ""path_length"": 5.0, ""absorbance"": 120.0}, {""wavelength"": 600.0, ""concentration"": 2.0, ""path_length"": 4.0, ""absorbance"": 96.0}, {""wavelength"": 600.0, ""concentration"": 2.0, ""path_length"": 3.0, ""absorbance"": 72.0}, {""wavelength"": 600.0, ""concentration"": 3.0, ""path_length"": 3.0, ""absorbance"": 108.0}, {""wavelength"": 600.0, ""concentration"": 3.0, ""path_length"": 2.0, ""absorbance"": 72.0}]"
seq_0009__largest_target_drop_step__scatter,seq_0009,largest_target_drop_step,largest_drop_step,scatter,scatter,"At which step does absorbance show the largest drop compared with the previous step? If it never drops, answer none.",4,step_or_none,2,False,,"```json
{
    ""answer"": ""2""
}
```","[""/results/yao314652/home/project/outputs/visual_benchmark/qwen25vl_3b_all_modalities_rerun/images/seq_0009__largest_target_drop_step__scatter/scatter/seq_0009__largest_target_drop_step__scatter_step_0000.png"", ""/results/yao314652/home/project/outputs/visual_benchmark/qwen25vl_3b_all_modalities_rerun/images/seq_0009__largest_target_drop_step__scatter/scatter/seq_0009__largest_target_drop_step__scatter_step_0001.png"", ""/results/yao314652/home/project/outputs/visual_benchmark/qwen25vl_3b_all_modalities_rerun/images/seq_0009__largest_target_drop_step__scatter/scatter/seq_0009__largest_target_drop_step__scatter_step_0002.png"", ""/results/yao314652/home/project/outputs/visual_benchmark/qwen25vl_3b_all_modalities_rerun/images/seq_0009__largest_target_drop_step__scatter/scatter/seq_0009__largest_target_drop_step__scatter_step_0003.png"", ""/results/yao314652/home/project/outputs/visual_benchmark/qwen25vl_3b_all_modalities_rerun/images/seq_0009__largest_target_drop_step__scatter/scatter/seq_0009__largest_target_drop_step__scatter_step_0004.png""]","[{""wavelength"": 600.0, ""concentration"": 2.0, ""path_length"": 5.0, ""absorbance"": 120.0}, {""wavelength"": 600.0, ""concentration"": 2.0, ""path_length"": 4.0, ""absorbance"": 96.0}, {""wavelength"": 600.0, ""concentration"": 2.0, ""path_length"": 3.0, ""absorbance"": 72.0}, {""wavelength"": 600.0, ""concentration"": 3.0, ""path_length"": 3.0, ""absorbance"": 108.0}, {""wavelength"": 600.0, ""concentration"": 3.0, ""path_length"": 2.0, ""absorbance"": 72.0}]"
seq_0009__largest_target_drop_step__simulation,seq_0009,largest_target_drop_step,largest_drop_step,simulation,simulation,"At which step does absorbance show the largest drop compared with the previous step? If it never drops, answer none.",4,step_or_none,3,False,,"{""answer"": ""3""}","[""/results/yao314652/home/project/outputs/visual_benchmark/qwen25vl_3b_all_modalities_rerun/images/seq_0009__largest_target_drop_step__simulation/simulation/step_0000.png"", ""/results/yao314652/home/project/outputs/visual_benchmark/qwen25vl_3b_all_modalities_rerun/images/seq_0009__largest_target_drop_step__simulation/simulation/step_0001.png"", ""/results/yao314652/home/project/outputs/visual_benchmark/qwen25vl_3b_all_modalities_rerun/images/seq_0009__largest_target_drop_step__simulation/simulation/step_0002.png"", ""/results/yao314652/home/project/outputs/visual_benchmark/qwen25vl_3b_all_modalities_rerun/images/seq_0009__largest_target_drop_step__simulation/simulation/step_0003.png"", ""/results/yao314652/home/project/outputs/visual_benchmark/qwen25vl_3b_all_modalities_rerun/images/seq_0009__largest_target_drop_step__simulation/simulation/step_0004.png""]","[{""wavelength"": 600.0, ""concentration"": 2.0, ""path_length"": 5.0, ""absorbance"": 120.0}, {""wavelength"": 600.0, ""concentration"": 2.0, ""path_length"": 4.0, ""absorbance"": 96.0}, {""wavelength"": 600.0, ""concentration"": 2.0, ""path_length"": 3.0, ""absorbance"": 72.0}, {""wavelength"": 600.0, ""concentration"": 3.0, ""path_length"": 3.0, ""absorbance"": 108.0}, {""wavelength"": 600.0, ""concentration"": 3.0, ""path_length"": 2.0, ""absorbance"": 72.0}]"
seq_0010__read_last_target__text,seq_0010,read_last_target,value_at_step,text,none,What is the value of absorbance at step 4?,9.0,number,9,True,0.0,"```json
{
  ""answer"": 9
}
```",[],"[{""wavelength"": 500.0, ""concentration"": 3.0, ""path_length"": 2.0, ""absorbance"": 60.0}, {""wavelength"": 500.0, ""concentration"": 2.0, ""path_length"": 2.0, ""absorbance"": 40.0}, {""wavelength"": 500.0, ""concentration"": 2.0, ""path_length"": 1.0, ""absorbance"": 20.0}, {""wavelength"": 500.0, ""concentration"": 1.0, ""path_length"": 1.0, ""absorbance"": 10.0}, {""wavelength"": 450.0, ""concentration"": 1.0, ""path_length"": 1.0, ""absorbance"": 9.0}]"
seq_0010__read_last_target__bar,seq_0010,read_last_target,value_at_step,bar,bar,What is the value of absorbance at step 4?,9.0,number,0.13687299478399892,False,8.863127005216,"```json
{
    ""answer"": 0.13687299478399892
}
```","[""/results/yao314652/home/project/outputs/visual_benchmark/qwen25vl_3b_all_modalities_rerun/images/seq_0010__read_last_target__bar/bar/step_0000.png"", ""/results/yao314652/home/project/outputs/visual_benchmark/qwen25vl_3b_all_modalities_rerun/images/seq_0010__read_last_target__bar/bar/step_0001.png"", ""/results/yao314652/home/project/outputs/visual_benchmark/qwen25vl_3b_all_modalities_rerun/images/seq_0010__read_last_target__bar/bar/step_0002.png"", ""/results/yao314652/home/project/outputs/visual_benchmark/qwen25vl_3b_all_modalities_rerun/images/seq_0010__read_last_target__bar/bar/step_0003.png"", ""/results/yao314652/home/project/outputs/visual_benchmark/qwen25vl_3b_all_modalities_rerun/images/seq_0010__read_last_target__bar/bar/step_0004.png""]","[{""wavelength"": 500.0, ""concentration"": 3.0, ""path_length"": 2.0, ""absorbance"": 60.0}, {""wavelength"": 500.0, ""concentration"": 2.0, ""path_length"": 2.0, ""absorbance"": 40.0}, {""wavelength"": 500.0, ""concentration"": 2.0, ""path_length"": 1.0, ""absorbance"": 20.0}, {""wavelength"": 500.0, ""concentration"": 1.0, ""path_length"": 1.0, ""absorbance"": 10.0}, {""wavelength"": 450.0, ""concentration"": 1.0, ""path_length"": 1.0, ""absorbance"": 9.0}]"
seq_0010__read_last_target__line,seq_0010,read_last_target,value_at_step,line,line,What is the value of absorbance at step 4?,9.0,number,0.92,False,8.08,"```json
{
    ""answer"": 0.92
}
```","[""/results/yao314652/home/project/outputs/visual_benchmark/qwen25vl_3b_all_modalities_rerun/images/seq_0010__read_last_target__line/line/seq_0010__read_last_target__line_step_0000.png"", ""/results/yao314652/home/project/outputs/visual_benchmark/qwen25vl_3b_all_modalities_rerun/images/seq_0010__read_last_target__line/line/seq_0010__read_last_target__line_step_0001.png"", ""/results/yao314652/home/project/outputs/visual_benchmark/qwen25vl_3b_all_modalities_rerun/images/seq_0010__read_last_target__line/line/seq_0010__read_last_target__line_step_0002.png"", ""/results/yao314652/home/project/outputs/visual_benchmark/qwen25vl_3b_all_modalities_rerun/images/seq_0010__read_last_target__line/line/seq_0010__read_last_target__line_step_0003.png"", ""/results/yao314652/home/project/outputs/visual_benchmark/qwen25vl_3b_all_modalities_rerun/images/seq_0010__read_last_target__line/line/seq_0010__read_last_target__line_step_0004.png""]","[{""wavelength"": 500.0, ""concentration"": 3.0, ""path_length"": 2.0, ""absorbance"": 60.0}, {""wavelength"": 500.0, ""concentration"": 2.0, ""path_length"": 2.0, ""absorbance"": 40.0}, {""wavelength"": 500.0, ""concentration"": 2.0, ""path_length"": 1.0, ""absorbance"": 20.0}, {""wavelength"": 500.0, ""concentration"": 1.0, ""path_length"": 1.0, ""absorbance"": 10.0}, {""wavelength"": 450.0, ""concentration"": 1.0, ""path_length"": 1.0, ""absorbance"": 9.0}]"
seq_0010__read_last_target__scatter,seq_0010,read_last_target,value_at_step,scatter,scatter,What is the value of absorbance at step 4?,9.0,number,1.386,False,7.614,"```json
{
  ""answer"": 1.386
}
```","[""/results/yao314652/home/project/outputs/visual_benchmark/qwen25vl_3b_all_modalities_rerun/images/seq_0010__read_last_target__scatter/scatter/seq_0010__read_last_target__scatter_step_0000.png"", ""/results/yao314652/home/project/outputs/visual_benchmark/qwen25vl_3b_all_modalities_rerun/images/seq_0010__read_last_target__scatter/scatter/seq_0010__read_last_target__scatter_step_0001.png"", ""/results/yao314652/home/project/outputs/visual_benchmark/qwen25vl_3b_all_modalities_rerun/images/seq_0010__read_last_target__scatter/scatter/seq_0010__read_last_target__scatter_step_0002.png"", ""/results/yao314652/home/project/outputs/visual_benchmark/qwen25vl_3b_all_modalities_rerun/images/seq_0010__read_last_target__scatter/scatter/seq_0010__read_last_target__scatter_step_0003.png"", ""/results/yao314652/home/project/outputs/visual_benchmark/qwen25vl_3b_all_modalities_rerun/images/seq_0010__read_last_target__scatter/scatter/seq_0010__read_last_target__scatter_step_0004.png""]","[{""wavelength"": 500.0, ""concentration"": 3.0, ""path_length"": 2.0, ""absorbance"": 60.0}, {""wavelength"": 500.0, ""concentration"": 2.0, ""path_length"": 2.0, ""absorbance"": 40.0}, {""wavelength"": 500.0, ""concentration"": 2.0, ""path_length"": 1.0, ""absorbance"": 20.0}, {""wavelength"": 500.0, ""concentration"": 1.0, ""path_length"": 1.0, ""absorbance"": 10.0}, {""wavelength"": 450.0, ""concentration"": 1.0, ""path_length"": 1.0, ""absorbance"": 9.0}]"
seq_0010__read_last_target__simulation,seq_0010,read_last_target,value_at_step,simulation,simulation,What is the value of absorbance at step 4?,9.0,number,0.386,False,8.614,"```json
{
  ""answer"": 0.386
}
```","[""/results/yao314652/home/project/outputs/visual_benchmark/qwen25vl_3b_all_modalities_rerun/images/seq_0010__read_last_target__simulation/simulation/step_0000.png"", ""/results/yao314652/home/project/outputs/visual_benchmark/qwen25vl_3b_all_modalities_rerun/images/seq_0010__read_last_target__simulation/simulation/step_0001.png"", ""/results/yao314652/home/project/outputs/visual_benchmark/qwen25vl_3b_all_modalities_rerun/images/seq_0010__read_last_target__simulation/simulation/step_0002.png"", ""/results/yao314652/home/project/outputs/visual_benchmark/qwen25vl_3b_all_modalities_rerun/images/seq_0010__read_last_target__simulation/simulation/step_0003.png"", ""/results/yao314652/home/project/outputs/visual_benchmark/qwen25vl_3b_all_modalities_rerun/images/seq_0010__read_last_target__simulation/simulation/step_0004.png""]","[{""wavelength"": 500.0, ""concentration"": 3.0, ""path_length"": 2.0, ""absorbance"": 60.0}, {""wavelength"": 500.0, ""concentration"": 2.0, ""path_length"": 2.0, ""absorbance"": 40.0}, {""wavelength"": 500.0, ""concentration"": 2.0, ""path_length"": 1.0, ""absorbance"": 20.0}, {""wavelength"": 500.0, ""concentration"": 1.0, ""path_length"": 1.0, ""absorbance"": 10.0}, {""wavelength"": 450.0, ""concentration"": 1.0, ""path_length"": 1.0, ""absorbance"": 9.0}]"
seq_0010__target_change_amount__text,seq_0010,target_change_amount,change_amount,text,none,By how much does absorbance change from step 0 to step 4?,-51.0,number,71,False,122.0,"```json
{
  ""answer"": 71
}
```",[],"[{""wavelength"": 500.0, ""concentration"": 3.0, ""path_length"": 2.0, ""absorbance"": 60.0}, {""wavelength"": 500.0, ""concentration"": 2.0, ""path_length"": 2.0, ""absorbance"": 40.0}, {""wavelength"": 500.0, ""concentration"": 2.0, ""path_length"": 1.0, ""absorbance"": 20.0}, {""wavelength"": 500.0, ""concentration"": 1.0, ""path_length"": 1.0, ""absorbance"": 10.0}, {""wavelength"": 450.0, ""concentration"": 1.0, ""path_length"": 1.0, ""absorbance"": 9.0}]"
seq_0010__target_change_amount__bar,seq_0010,target_change_amount,change_amount,bar,bar,By how much does absorbance change from step 0 to step 4?,-51.0,number,2.17,False,53.17,"```json
{
    ""answer"": 2.17
}
```","[""/results/yao314652/home/project/outputs/visual_benchmark/qwen25vl_3b_all_modalities_rerun/images/seq_0010__target_change_amount__bar/bar/step_0000.png"", ""/results/yao314652/home/project/outputs/visual_benchmark/qwen25vl_3b_all_modalities_rerun/images/seq_0010__target_change_amount__bar/bar/step_0001.png"", ""/results/yao314652/home/project/outputs/visual_benchmark/qwen25vl_3b_all_modalities_rerun/images/seq_0010__target_change_amount__bar/bar/step_0002.png"", ""/results/yao314652/home/project/outputs/visual_benchmark/qwen25vl_3b_all_modalities_rerun/images/seq_0010__target_change_amount__bar/bar/step_0003.png"", ""/results/yao314652/home/project/outputs/visual_benchmark/qwen25vl_3b_all_modalities_rerun/images/seq_0010__target_change_amount__bar/bar/step_0004.png""]","[{""wavelength"": 500.0, ""concentration"": 3.0, ""path_length"": 2.0, ""absorbance"": 60.0}, {""wavelength"": 500.0, ""concentration"": 2.0, ""path_length"": 2.0, ""absorbance"": 40.0}, {""wavelength"": 500.0, ""concentration"": 2.0, ""path_length"": 1.0, ""absorbance"": 20.0}, {""wavelength"": 500.0, ""concentration"": 1.0, ""path_length"": 1.0, ""absorbance"": 10.0}, {""wavelength"": 450.0, ""concentration"": 1.0, ""path_length"": 1.0, ""absorbance"": 9.0}]"
seq_0010__target_change_amount__line,seq_0010,target_change_amount,change_amount,line,line,By how much does absorbance change from step 0 to step 4?,-51.0,number,0.2381,False,51.2381,"```json
{
  ""answer"": 0.2381
}
```","[""/results/yao314652/home/project/outputs/visual_benchmark/qwen25vl_3b_all_modalities_rerun/images/seq_0010__target_change_amount__line/line/seq_0010__target_change_amount__line_step_0000.png"", ""/results/yao314652/home/project/outputs/visual_benchmark/qwen25vl_3b_all_modalities_rerun/images/seq_0010__target_change_amount__line/line/seq_0010__target_change_amount__line_step_0001.png"", ""/results/yao314652/home/project/outputs/visual_benchmark/qwen25vl_3b_all_modalities_rerun/images/seq_0010__target_change_amount__line/line/seq_0010__target_change_amount__line_step_0002.png"", ""/results/yao314652/home/project/outputs/visual_benchmark/qwen25vl_3b_all_modalities_rerun/images/seq_0010__target_change_amount__line/line/seq_0010__target_change_amount__line_step_0003.png"", ""/results/yao314652/home/project/outputs/visual_benchmark/qwen25vl_3b_all_modalities_rerun/images/seq_0010__target_change_amount__line/line/seq_0010__target_change_amount__line_step_0004.png""]","[{""wavelength"": 500.0, ""concentration"": 3.0, ""path_length"": 2.0, ""absorbance"": 60.0}, {""wavelength"": 500.0, ""concentration"": 2.0, ""path_length"": 2.0, ""absorbance"": 40.0}, {""wavelength"": 500.0, ""concentration"": 2.0, ""path_length"": 1.0, ""absorbance"": 20.0}, {""wavelength"": 500.0, ""concentration"": 1.0, ""path_length"": 1.0, ""absorbance"": 10.0}, {""wavelength"": 450.0, ""concentration"": 1.0, ""path_length"": 1.0, ""absorbance"": 9.0}]"
seq_0010__target_change_amount__scatter,seq_0010,target_change_amount,change_amount,scatter,scatter,By how much does absorbance change from step 0 to step 4?,-51.0,number,0.197817,False,51.197817,"```json
{
  ""answer"": 0.197817
}
```","[""/results/yao314652/home/project/outputs/visual_benchmark/qwen25vl_3b_all_modalities_rerun/images/seq_0010__target_change_amount__scatter/scatter/seq_0010__target_change_amount__scatter_step_0000.png"", ""/results/yao314652/home/project/outputs/visual_benchmark/qwen25vl_3b_all_modalities_rerun/images/seq_0010__target_change_amount__scatter/scatter/seq_0010__target_change_amount__scatter_step_0001.png"", ""/results/yao314652/home/project/outputs/visual_benchmark/qwen25vl_3b_all_modalities_rerun/images/seq_0010__target_change_amount__scatter/scatter/seq_0010__target_change_amount__scatter_step_0002.png"", ""/results/yao314652/home/project/outputs/visual_benchmark/qwen25vl_3b_all_modalities_rerun/images/seq_0010__target_change_amount__scatter/scatter/seq_0010__target_change_amount__scatter_step_0003.png"", ""/results/yao314652/home/project/outputs/visual_benchmark/qwen25vl_3b_all_modalities_rerun/images/seq_0010__target_change_amount__scatter/scatter/seq_0010__target_change_amount__scatter_step_0004.png""]","[{""wavelength"": 500.0, ""concentration"": 3.0, ""path_length"": 2.0, ""absorbance"": 60.0}, {""wavelength"": 500.0, ""concentration"": 2.0, ""path_length"": 2.0, ""absorbance"": 40.0}, {""wavelength"": 500.0, ""concentration"": 2.0, ""path_length"": 1.0, ""absorbance"": 20.0}, {""wavelength"": 500.0, ""concentration"": 1.0, ""path_length"": 1.0, ""absorbance"": 10.0}, {""wavelength"": 450.0, ""concentration"": 1.0, ""path_length"": 1.0, ""absorbance"": 9.0}]"
seq_0010__target_change_amount__simulation,seq_0010,target_change_amount,change_amount,simulation,simulation,By how much does absorbance change from step 0 to step 4?,-51.0,number,0.2,False,51.2,"```json
{
  ""answer"": 0.2
}
```","[""/results/yao314652/home/project/outputs/visual_benchmark/qwen25vl_3b_all_modalities_rerun/images/seq_0010__target_change_amount__simulation/simulation/step_0000.png"", ""/results/yao314652/home/project/outputs/visual_benchmark/qwen25vl_3b_all_modalities_rerun/images/seq_0010__target_change_amount__simulation/simulation/step_0001.png"", ""/results/yao314652/home/project/outputs/visual_benchmark/qwen25vl_3b_all_modalities_rerun/images/seq_0010__target_change_amount__simulation/simulation/step_0002.png"", ""/results/yao314652/home/project/outputs/visual_benchmark/qwen25vl_3b_all_modalities_rerun/images/seq_0010__target_change_amount__simulation/simulation/step_0003.png"", ""/results/yao314652/home/project/outputs/visual_benchmark/qwen25vl_3b_all_modalities_rerun/images/seq_0010__target_change_amount__simulation/simulation/step_0004.png""]","[{""wavelength"": 500.0, ""concentration"": 3.0, ""path_length"": 2.0, ""absorbance"": 60.0}, {""wavelength"": 500.0, ""concentration"": 2.0, ""path_length"": 2.0, ""absorbance"": 40.0}, {""wavelength"": 500.0, ""concentration"": 2.0, ""path_length"": 1.0, ""absorbance"": 20.0}, {""wavelength"": 500.0, ""concentration"": 1.0, ""path_length"": 1.0, ""absorbance"": 10.0}, {""wavelength"": 450.0, ""concentration"": 1.0, ""path_length"": 1.0, ""absorbance"": 9.0}]"
seq_0010__target_change_direction__text,seq_0010,target_change_direction,change_direction,text,none,"Does absorbance increase, decrease, or stay the same from step 0 to step 4?",decrease,category,decrease,True,,"```json
{
  ""answer"": ""decrease""
}
```",[],"[{""wavelength"": 500.0, ""concentration"": 3.0, ""path_length"": 2.0, ""absorbance"": 60.0}, {""wavelength"": 500.0, ""concentration"": 2.0, ""path_length"": 2.0, ""absorbance"": 40.0}, {""wavelength"": 500.0, ""concentration"": 2.0, ""path_length"": 1.0, ""absorbance"": 20.0}, {""wavelength"": 500.0, ""concentration"": 1.0, ""path_length"": 1.0, ""absorbance"": 10.0}, {""wavelength"": 450.0, ""concentration"": 1.0, ""path_length"": 1.0, ""absorbance"": 9.0}]"
seq_0010__target_change_direction__bar,seq_0010,target_change_direction,change_direction,bar,bar,"Does absorbance increase, decrease, or stay the same from step 0 to step 4?",decrease,category,decrease,True,,"{
  ""answer"": ""decrease""
}","[""/results/yao314652/home/project/outputs/visual_benchmark/qwen25vl_3b_all_modalities_rerun/images/seq_0010__target_change_direction__bar/bar/step_0000.png"", ""/results/yao314652/home/project/outputs/visual_benchmark/qwen25vl_3b_all_modalities_rerun/images/seq_0010__target_change_direction__bar/bar/step_0001.png"", ""/results/yao314652/home/project/outputs/visual_benchmark/qwen25vl_3b_all_modalities_rerun/images/seq_0010__target_change_direction__bar/bar/step_0002.png"", ""/results/yao314652/home/project/outputs/visual_benchmark/qwen25vl_3b_all_modalities_rerun/images/seq_0010__target_change_direction__bar/bar/step_0003.png"", ""/results/yao314652/home/project/outputs/visual_benchmark/qwen25vl_3b_all_modalities_rerun/images/seq_0010__target_change_direction__bar/bar/step_0004.png""]","[{""wavelength"": 500.0, ""concentration"": 3.0, ""path_length"": 2.0, ""absorbance"": 60.0}, {""wavelength"": 500.0, ""concentration"": 2.0, ""path_length"": 2.0, ""absorbance"": 40.0}, {""wavelength"": 500.0, ""concentration"": 2.0, ""path_length"": 1.0, ""absorbance"": 20.0}, {""wavelength"": 500.0, ""concentration"": 1.0, ""path_length"": 1.0, ""absorbance"": 10.0}, {""wavelength"": 450.0, ""concentration"": 1.0, ""path_length"": 1.0, ""absorbance"": 9.0}]"
seq_0010__target_change_direction__line,seq_0010,target_change_direction,change_direction,line,line,"Does absorbance increase, decrease, or stay the same from step 0 to step 4?",decrease,category,decrease,True,,"```json
{
  ""answer"": ""decrease""
}
```","[""/results/yao314652/home/project/outputs/visual_benchmark/qwen25vl_3b_all_modalities_rerun/images/seq_0010__target_change_direction__line/line/seq_0010__target_change_direction__line_step_0000.png"", ""/results/yao314652/home/project/outputs/visual_benchmark/qwen25vl_3b_all_modalities_rerun/images/seq_0010__target_change_direction__line/line/seq_0010__target_change_direction__line_step_0001.png"", ""/results/yao314652/home/project/outputs/visual_benchmark/qwen25vl_3b_all_modalities_rerun/images/seq_0010__target_change_direction__line/line/seq_0010__target_change_direction__line_step_0002.png"", ""/results/yao314652/home/project/outputs/visual_benchmark/qwen25vl_3b_all_modalities_rerun/images/seq_0010__target_change_direction__line/line/seq_0010__target_change_direction__line_step_0003.png"", ""/results/yao314652/home/project/outputs/visual_benchmark/qwen25vl_3b_all_modalities_rerun/images/seq_0010__target_change_direction__line/line/seq_0010__target_change_direction__line_step_0004.png""]","[{""wavelength"": 500.0, ""concentration"": 3.0, ""path_length"": 2.0, ""absorbance"": 60.0}, {""wavelength"": 500.0, ""concentration"": 2.0, ""path_length"": 2.0, ""absorbance"": 40.0}, {""wavelength"": 500.0, ""concentration"": 2.0, ""path_length"": 1.0, ""absorbance"": 20.0}, {""wavelength"": 500.0, ""concentration"": 1.0, ""path_length"": 1.0, ""absorbance"": 10.0}, {""wavelength"": 450.0, ""concentration"": 1.0, ""path_length"": 1.0, ""absorbance"": 9.0}]"
seq_0010__target_change_direction__scatter,seq_0010,target_change_direction,change_direction,scatter,scatter,"Does absorbance increase, decrease, or stay the same from step 0 to step 4?",decrease,category,decrease,True,,"{""answer"": ""decrease""}","[""/results/yao314652/home/project/outputs/visual_benchmark/qwen25vl_3b_all_modalities_rerun/images/seq_0010__target_change_direction__scatter/scatter/seq_0010__target_change_direction__scatter_step_0000.png"", ""/results/yao314652/home/project/outputs/visual_benchmark/qwen25vl_3b_all_modalities_rerun/images/seq_0010__target_change_direction__scatter/scatter/seq_0010__target_change_direction__scatter_step_0001.png"", ""/results/yao314652/home/project/outputs/visual_benchmark/qwen25vl_3b_all_modalities_rerun/images/seq_0010__target_change_direction__scatter/scatter/seq_0010__target_change_direction__scatter_step_0002.png"", ""/results/yao314652/home/project/outputs/visual_benchmark/qwen25vl_3b_all_modalities_rerun/images/seq_0010__target_change_direction__scatter/scatter/seq_0010__target_change_direction__scatter_step_0003.png"", ""/results/yao314652/home/project/outputs/visual_benchmark/qwen25vl_3b_all_modalities_rerun/images/seq_0010__target_change_direction__scatter/scatter/seq_0010__target_change_direction__scatter_step_0004.png""]","[{""wavelength"": 500.0, ""concentration"": 3.0, ""path_length"": 2.0, ""absorbance"": 60.0}, {""wavelength"": 500.0, ""concentration"": 2.0, ""path_length"": 2.0, ""absorbance"": 40.0}, {""wavelength"": 500.0, ""concentration"": 2.0, ""path_length"": 1.0, ""absorbance"": 20.0}, {""wavelength"": 500.0, ""concentration"": 1.0, ""path_length"": 1.0, ""absorbance"": 10.0}, {""wavelength"": 450.0, ""concentration"": 1.0, ""path_length"": 1.0, ""absorbance"": 9.0}]"
seq_0010__target_change_direction__simulation,seq_0010,target_change_direction,change_direction,simulation,simulation,"Does absorbance increase, decrease, or stay the same from step 0 to step 4?",decrease,category,decrease,True,,"{""answer"": ""decrease""}","[""/results/yao314652/home/project/outputs/visual_benchmark/qwen25vl_3b_all_modalities_rerun/images/seq_0010__target_change_direction__simulation/simulation/step_0000.png"", ""/results/yao314652/home/project/outputs/visual_benchmark/qwen25vl_3b_all_modalities_rerun/images/seq_0010__target_change_direction__simulation/simulation/step_0001.png"", ""/results/yao314652/home/project/outputs/visual_benchmark/qwen25vl_3b_all_modalities_rerun/images/seq_0010__target_change_direction__simulation/simulation/step_0002.png"", ""/results/yao314652/home/project/outputs/visual_benchmark/qwen25vl_3b_all_modalities_rerun/images/seq_0010__target_change_direction__simulation/simulation/step_0003.png"", ""/results/yao314652/home/project/outputs/visual_benchmark/qwen25vl_3b_all_modalities_rerun/images/seq_0010__target_change_direction__simulation/simulation/step_0004.png""]","[{""wavelength"": 500.0, ""concentration"": 3.0, ""path_length"": 2.0, ""absorbance"": 60.0}, {""wavelength"": 500.0, ""concentration"": 2.0, ""path_length"": 2.0, ""absorbance"": 40.0}, {""wavelength"": 500.0, ""concentration"": 2.0, ""path_length"": 1.0, ""absorbance"": 20.0}, {""wavelength"": 500.0, ""concentration"": 1.0, ""path_length"": 1.0, ""absorbance"": 10.0}, {""wavelength"": 450.0, ""concentration"": 1.0, ""path_length"": 1.0, ""absorbance"": 9.0}]"
seq_0010__changed_variable_0_to_1__text,seq_0010,changed_variable_0_to_1,changed_variable,text,none,Which input variable changed from step 0 to step 1?,concentration,category,concentration,True,,"{""answer"": ""concentration""}",[],"[{""wavelength"": 500.0, ""concentration"": 3.0, ""path_length"": 2.0, ""absorbance"": 60.0}, {""wavelength"": 500.0, ""concentration"": 2.0, ""path_length"": 2.0, ""absorbance"": 40.0}, {""wavelength"": 500.0, ""concentration"": 2.0, ""path_length"": 1.0, ""absorbance"": 20.0}, {""wavelength"": 500.0, ""concentration"": 1.0, ""path_length"": 1.0, ""absorbance"": 10.0}, {""wavelength"": 450.0, ""concentration"": 1.0, ""path_length"": 1.0, ""absorbance"": 9.0}]"
seq_0010__changed_variable_0_to_1__bar,seq_0010,changed_variable_0_to_1,changed_variable,bar,bar,Which input variable changed from step 0 to step 1?,concentration,category,variable2,False,,"{""answer"": ""variable2""}","[""/results/yao314652/home/project/outputs/visual_benchmark/qwen25vl_3b_all_modalities_rerun/images/seq_0010__changed_variable_0_to_1__bar/bar/step_0000.png"", ""/results/yao314652/home/project/outputs/visual_benchmark/qwen25vl_3b_all_modalities_rerun/images/seq_0010__changed_variable_0_to_1__bar/bar/step_0001.png"", ""/results/yao314652/home/project/outputs/visual_benchmark/qwen25vl_3b_all_modalities_rerun/images/seq_0010__changed_variable_0_to_1__bar/bar/step_0002.png"", ""/results/yao314652/home/project/outputs/visual_benchmark/qwen25vl_3b_all_modalities_rerun/images/seq_0010__changed_variable_0_to_1__bar/bar/step_0003.png"", ""/results/yao314652/home/project/outputs/visual_benchmark/qwen25vl_3b_all_modalities_rerun/images/seq_0010__changed_variable_0_to_1__bar/bar/step_0004.png""]","[{""wavelength"": 500.0, ""concentration"": 3.0, ""path_length"": 2.0, ""absorbance"": 60.0}, {""wavelength"": 500.0, ""concentration"": 2.0, ""path_length"": 2.0, ""absorbance"": 40.0}, {""wavelength"": 500.0, ""concentration"": 2.0, ""path_length"": 1.0, ""absorbance"": 20.0}, {""wavelength"": 500.0, ""concentration"": 1.0, ""path_length"": 1.0, ""absorbance"": 10.0}, {""wavelength"": 450.0, ""concentration"": 1.0, ""path_length"": 1.0, ""absorbance"": 9.0}]"
seq_0010__changed_variable_0_to_1__line,seq_0010,changed_variable_0_to_1,changed_variable,line,line,Which input variable changed from step 0 to step 1?,concentration,category,lambda,False,,"{""answer"": ""lambda""}","[""/results/yao314652/home/project/outputs/visual_benchmark/qwen25vl_3b_all_modalities_rerun/images/seq_0010__changed_variable_0_to_1__line/line/seq_0010__changed_variable_0_to_1__line_step_0000.png"", ""/results/yao314652/home/project/outputs/visual_benchmark/qwen25vl_3b_all_modalities_rerun/images/seq_0010__changed_variable_0_to_1__line/line/seq_0010__changed_variable_0_to_1__line_step_0001.png"", ""/results/yao314652/home/project/outputs/visual_benchmark/qwen25vl_3b_all_modalities_rerun/images/seq_0010__changed_variable_0_to_1__line/line/seq_0010__changed_variable_0_to_1__line_step_0002.png"", ""/results/yao314652/home/project/outputs/visual_benchmark/qwen25vl_3b_all_modalities_rerun/images/seq_0010__changed_variable_0_to_1__line/line/seq_0010__changed_variable_0_to_1__line_step_0003.png"", ""/results/yao314652/home/project/outputs/visual_benchmark/qwen25vl_3b_all_modalities_rerun/images/seq_0010__changed_variable_0_to_1__line/line/seq_0010__changed_variable_0_to_1__line_step_0004.png""]","[{""wavelength"": 500.0, ""concentration"": 3.0, ""path_length"": 2.0, ""absorbance"": 60.0}, {""wavelength"": 500.0, ""concentration"": 2.0, ""path_length"": 2.0, ""absorbance"": 40.0}, {""wavelength"": 500.0, ""concentration"": 2.0, ""path_length"": 1.0, ""absorbance"": 20.0}, {""wavelength"": 500.0, ""concentration"": 1.0, ""path_length"": 1.0, ""absorbance"": 10.0}, {""wavelength"": 450.0, ""concentration"": 1.0, ""path_length"": 1.0, ""absorbance"": 9.0}]"
seq_0010__changed_variable_0_to_1__scatter,seq_0010,changed_variable_0_to_1,changed_variable,scatter,scatter,Which input variable changed from step 0 to step 1?,concentration,category,labeled_variable,False,,"{""answer"": ""labeled_variable""}","[""/results/yao314652/home/project/outputs/visual_benchmark/qwen25vl_3b_all_modalities_rerun/images/seq_0010__changed_variable_0_to_1__scatter/scatter/seq_0010__changed_variable_0_to_1__scatter_step_0000.png"", ""/results/yao314652/home/project/outputs/visual_benchmark/qwen25vl_3b_all_modalities_rerun/images/seq_0010__changed_variable_0_to_1__scatter/scatter/seq_0010__changed_variable_0_to_1__scatter_step_0001.png"", ""/results/yao314652/home/project/outputs/visual_benchmark/qwen25vl_3b_all_modalities_rerun/images/seq_0010__changed_variable_0_to_1__scatter/scatter/seq_0010__changed_variable_0_to_1__scatter_step_0002.png"", ""/results/yao314652/home/project/outputs/visual_benchmark/qwen25vl_3b_all_modalities_rerun/images/seq_0010__changed_variable_0_to_1__scatter/scatter/seq_0010__changed_variable_0_to_1__scatter_step_0003.png"", ""/results/yao314652/home/project/outputs/visual_benchmark/qwen25vl_3b_all_modalities_rerun/images/seq_0010__changed_variable_0_to_1__scatter/scatter/seq_0010__changed_variable_0_to_1__scatter_step_0004.png""]","[{""wavelength"": 500.0, ""concentration"": 3.0, ""path_length"": 2.0, ""absorbance"": 60.0}, {""wavelength"": 500.0, ""concentration"": 2.0, ""path_length"": 2.0, ""absorbance"": 40.0}, {""wavelength"": 500.0, ""concentration"": 2.0, ""path_length"": 1.0, ""absorbance"": 20.0}, {""wavelength"": 500.0, ""concentration"": 1.0, ""path_length"": 1.0, ""absorbance"": 10.0}, {""wavelength"": 450.0, ""concentration"": 1.0, ""path_length"": 1.0, ""absorbance"": 9.0}]"
seq_0010__changed_variable_0_to_1__simulation,seq_0010,changed_variable_0_to_1,changed_variable,simulation,simulation,Which input variable changed from step 0 to step 1?,concentration,category,input_a,False,,"{""answer"": ""input_a""}","[""/results/yao314652/home/project/outputs/visual_benchmark/qwen25vl_3b_all_modalities_rerun/images/seq_0010__changed_variable_0_to_1__simulation/simulation/step_0000.png"", ""/results/yao314652/home/project/outputs/visual_benchmark/qwen25vl_3b_all_modalities_rerun/images/seq_0010__changed_variable_0_to_1__simulation/simulation/step_0001.png"", ""/results/yao314652/home/project/outputs/visual_benchmark/qwen25vl_3b_all_modalities_rerun/images/seq_0010__changed_variable_0_to_1__simulation/simulation/step_0002.png"", ""/results/yao314652/home/project/outputs/visual_benchmark/qwen25vl_3b_all_modalities_rerun/images/seq_0010__changed_variable_0_to_1__simulation/simulation/step_0003.png"", ""/results/yao314652/home/project/outputs/visual_benchmark/qwen25vl_3b_all_modalities_rerun/images/seq_0010__changed_variable_0_to_1__simulation/simulation/step_0004.png""]","[{""wavelength"": 500.0, ""concentration"": 3.0, ""path_length"": 2.0, ""absorbance"": 60.0}, {""wavelength"": 500.0, ""concentration"": 2.0, ""path_length"": 2.0, ""absorbance"": 40.0}, {""wavelength"": 500.0, ""concentration"": 2.0, ""path_length"": 1.0, ""absorbance"": 20.0}, {""wavelength"": 500.0, ""concentration"": 1.0, ""path_length"": 1.0, ""absorbance"": 10.0}, {""wavelength"": 450.0, ""concentration"": 1.0, ""path_length"": 1.0, ""absorbance"": 9.0}]"
seq_0010__max_target_step__text,seq_0010,max_target_step,max_step,text,none,At which step is absorbance the highest?,0,step,0,True,,"```json
{""answer"": 0}
```",[],"[{""wavelength"": 500.0, ""concentration"": 3.0, ""path_length"": 2.0, ""absorbance"": 60.0}, {""wavelength"": 500.0, ""concentration"": 2.0, ""path_length"": 2.0, ""absorbance"": 40.0}, {""wavelength"": 500.0, ""concentration"": 2.0, ""path_length"": 1.0, ""absorbance"": 20.0}, {""wavelength"": 500.0, ""concentration"": 1.0, ""path_length"": 1.0, ""absorbance"": 10.0}, {""wavelength"": 450.0, ""concentration"": 1.0, ""path_length"": 1.0, ""absorbance"": 9.0}]"
seq_0010__max_target_step__bar,seq_0010,max_target_step,max_step,bar,bar,At which step is absorbance the highest?,0,step,[4],False,,"```json
{
    ""answer"": [4]
}
```","[""/results/yao314652/home/project/outputs/visual_benchmark/qwen25vl_3b_all_modalities_rerun/images/seq_0010__max_target_step__bar/bar/step_0000.png"", ""/results/yao314652/home/project/outputs/visual_benchmark/qwen25vl_3b_all_modalities_rerun/images/seq_0010__max_target_step__bar/bar/step_0001.png"", ""/results/yao314652/home/project/outputs/visual_benchmark/qwen25vl_3b_all_modalities_rerun/images/seq_0010__max_target_step__bar/bar/step_0002.png"", ""/results/yao314652/home/project/outputs/visual_benchmark/qwen25vl_3b_all_modalities_rerun/images/seq_0010__max_target_step__bar/bar/step_0003.png"", ""/results/yao314652/home/project/outputs/visual_benchmark/qwen25vl_3b_all_modalities_rerun/images/seq_0010__max_target_step__bar/bar/step_0004.png""]","[{""wavelength"": 500.0, ""concentration"": 3.0, ""path_length"": 2.0, ""absorbance"": 60.0}, {""wavelength"": 500.0, ""concentration"": 2.0, ""path_length"": 2.0, ""absorbance"": 40.0}, {""wavelength"": 500.0, ""concentration"": 2.0, ""path_length"": 1.0, ""absorbance"": 20.0}, {""wavelength"": 500.0, ""concentration"": 1.0, ""path_length"": 1.0, ""absorbance"": 10.0}, {""wavelength"": 450.0, ""concentration"": 1.0, ""path_length"": 1.0, ""absorbance"": 9.0}]"
seq_0010__max_target_step__line,seq_0010,max_target_step,max_step,line,line,At which step is absorbance the highest?,0,step,1,False,,"```json
{
  ""answer"": 1
}
```","[""/results/yao314652/home/project/outputs/visual_benchmark/qwen25vl_3b_all_modalities_rerun/images/seq_0010__max_target_step__line/line/seq_0010__max_target_step__line_step_0000.png"", ""/results/yao314652/home/project/outputs/visual_benchmark/qwen25vl_3b_all_modalities_rerun/images/seq_0010__max_target_step__line/line/seq_0010__max_target_step__line_step_0001.png"", ""/results/yao314652/home/project/outputs/visual_benchmark/qwen25vl_3b_all_modalities_rerun/images/seq_0010__max_target_step__line/line/seq_0010__max_target_step__line_step_0002.png"", ""/results/yao314652/home/project/outputs/visual_benchmark/qwen25vl_3b_all_modalities_rerun/images/seq_0010__max_target_step__line/line/seq_0010__max_target_step__line_step_0003.png"", ""/results/yao314652/home/project/outputs/visual_benchmark/qwen25vl_3b_all_modalities_rerun/images/seq_0010__max_target_step__line/line/seq_0010__max_target_step__line_step_0004.png""]","[{""wavelength"": 500.0, ""concentration"": 3.0, ""path_length"": 2.0, ""absorbance"": 60.0}, {""wavelength"": 500.0, ""concentration"": 2.0, ""path_length"": 2.0, ""absorbance"": 40.0}, {""wavelength"": 500.0, ""concentration"": 2.0, ""path_length"": 1.0, ""absorbance"": 20.0}, {""wavelength"": 500.0, ""concentration"": 1.0, ""path_length"": 1.0, ""absorbance"": 10.0}, {""wavelength"": 450.0, ""concentration"": 1.0, ""path_length"": 1.0, ""absorbance"": 9.0}]"
seq_0010__max_target_step__scatter,seq_0010,max_target_step,max_step,scatter,scatter,At which step is absorbance the highest?,0,step,3,False,,"```json
{
    ""answer"": 3
}
```","[""/results/yao314652/home/project/outputs/visual_benchmark/qwen25vl_3b_all_modalities_rerun/images/seq_0010__max_target_step__scatter/scatter/seq_0010__max_target_step__scatter_step_0000.png"", ""/results/yao314652/home/project/outputs/visual_benchmark/qwen25vl_3b_all_modalities_rerun/images/seq_0010__max_target_step__scatter/scatter/seq_0010__max_target_step__scatter_step_0001.png"", ""/results/yao314652/home/project/outputs/visual_benchmark/qwen25vl_3b_all_modalities_rerun/images/seq_0010__max_target_step__scatter/scatter/seq_0010__max_target_step__scatter_step_0002.png"", ""/results/yao314652/home/project/outputs/visual_benchmark/qwen25vl_3b_all_modalities_rerun/images/seq_0010__max_target_step__scatter/scatter/seq_0010__max_target_step__scatter_step_0003.png"", ""/results/yao314652/home/project/outputs/visual_benchmark/qwen25vl_3b_all_modalities_rerun/images/seq_0010__max_target_step__scatter/scatter/seq_0010__max_target_step__scatter_step_0004.png""]","[{""wavelength"": 500.0, ""concentration"": 3.0, ""path_length"": 2.0, ""absorbance"": 60.0}, {""wavelength"": 500.0, ""concentration"": 2.0, ""path_length"": 2.0, ""absorbance"": 40.0}, {""wavelength"": 500.0, ""concentration"": 2.0, ""path_length"": 1.0, ""absorbance"": 20.0}, {""wavelength"": 500.0, ""concentration"": 1.0, ""path_length"": 1.0, ""absorbance"": 10.0}, {""wavelength"": 450.0, ""concentration"": 1.0, ""path_length"": 1.0, ""absorbance"": 9.0}]"
seq_0010__max_target_step__simulation,seq_0010,max_target_step,max_step,simulation,simulation,At which step is absorbance the highest?,0,step,1,False,,"```json
{
    ""answer"": 1
}
```","[""/results/yao314652/home/project/outputs/visual_benchmark/qwen25vl_3b_all_modalities_rerun/images/seq_0010__max_target_step__simulation/simulation/step_0000.png"", ""/results/yao314652/home/project/outputs/visual_benchmark/qwen25vl_3b_all_modalities_rerun/images/seq_0010__max_target_step__simulation/simulation/step_0001.png"", ""/results/yao314652/home/project/outputs/visual_benchmark/qwen25vl_3b_all_modalities_rerun/images/seq_0010__max_target_step__simulation/simulation/step_0002.png"", ""/results/yao314652/home/project/outputs/visual_benchmark/qwen25vl_3b_all_modalities_rerun/images/seq_0010__max_target_step__simulation/simulation/step_0003.png"", ""/results/yao314652/home/project/outputs/visual_benchmark/qwen25vl_3b_all_modalities_rerun/images/seq_0010__max_target_step__simulation/simulation/step_0004.png""]","[{""wavelength"": 500.0, ""concentration"": 3.0, ""path_length"": 2.0, ""absorbance"": 60.0}, {""wavelength"": 500.0, ""concentration"": 2.0, ""path_length"": 2.0, ""absorbance"": 40.0}, {""wavelength"": 500.0, ""concentration"": 2.0, ""path_length"": 1.0, ""absorbance"": 20.0}, {""wavelength"": 500.0, ""concentration"": 1.0, ""path_length"": 1.0, ""absorbance"": 10.0}, {""wavelength"": 450.0, ""concentration"": 1.0, ""path_length"": 1.0, ""absorbance"": 9.0}]"
seq_0010__largest_target_drop_step__text,seq_0010,largest_target_drop_step,largest_drop_step,text,none,"At which step does absorbance show the largest drop compared with the previous step? If it never drops, answer none.",1,step_or_none,0,False,,"To determine at which step the absorbance shows the largest drop compared with the previous step, we need to calculate the difference in absorbance between consecutive steps for each step where there is a change.

Let's analyze the data:

- Step 0: Absorbance = 60
- Step 1: Absorbance = 40 (60 - 40 = 20)
- Step 2: Absorbance = 20 (40 - 20 = 20)
- Step 3: Absorbance = 10 (20 - 10 = 10)
- Step 4: Absorbance = 9 (10 - 9 = 1)

Now, let's compare these differences:

- Between Step 0 and Step 1: 20 units drop
- Between Step 1 and Step 2: 20 units drop
- Between Step 2 and Step 3: 10 units drop
- Between Step 3 and Step 4: 1 unit drop

The largest drop occurs between Step 0 and Step 1 as well as between Step 1 and Step 2, both showing a 20-unit drop.

Since the question asks for the step where the absorbance shows the largest drop, we can choose either of these two steps. Let's select the first occurrence:

{""answer"": ""0""}",[],"[{""wavelength"": 500.0, ""concentration"": 3.0, ""path_length"": 2.0, ""absorbance"": 60.0}, {""wavelength"": 500.0, ""concentration"": 2.0, ""path_length"": 2.0, ""absorbance"": 40.0}, {""wavelength"": 500.0, ""concentration"": 2.0, ""path_length"": 1.0, ""absorbance"": 20.0}, {""wavelength"": 500.0, ""concentration"": 1.0, ""path_length"": 1.0, ""absorbance"": 10.0}, {""wavelength"": 450.0, ""concentration"": 1.0, ""path_length"": 1.0, ""absorbance"": 9.0}]"
seq_0010__largest_target_drop_step__bar,seq_0010,largest_target_drop_step,largest_drop_step,bar,bar,"At which step does absorbance show the largest drop compared with the previous step? If it never drops, answer none.",1,step_or_none,4,False,,"```json
{
    ""answer"": ""4""
}
```","[""/results/yao314652/home/project/outputs/visual_benchmark/qwen25vl_3b_all_modalities_rerun/images/seq_0010__largest_target_drop_step__bar/bar/step_0000.png"", ""/results/yao314652/home/project/outputs/visual_benchmark/qwen25vl_3b_all_modalities_rerun/images/seq_0010__largest_target_drop_step__bar/bar/step_0001.png"", ""/results/yao314652/home/project/outputs/visual_benchmark/qwen25vl_3b_all_modalities_rerun/images/seq_0010__largest_target_drop_step__bar/bar/step_0002.png"", ""/results/yao314652/home/project/outputs/visual_benchmark/qwen25vl_3b_all_modalities_rerun/images/seq_0010__largest_target_drop_step__bar/bar/step_0003.png"", ""/results/yao314652/home/project/outputs/visual_benchmark/qwen25vl_3b_all_modalities_rerun/images/seq_0010__largest_target_drop_step__bar/bar/step_0004.png""]","[{""wavelength"": 500.0, ""concentration"": 3.0, ""path_length"": 2.0, ""absorbance"": 60.0}, {""wavelength"": 500.0, ""concentration"": 2.0, ""path_length"": 2.0, ""absorbance"": 40.0}, {""wavelength"": 500.0, ""concentration"": 2.0, ""path_length"": 1.0, ""absorbance"": 20.0}, {""wavelength"": 500.0, ""concentration"": 1.0, ""path_length"": 1.0, ""absorbance"": 10.0}, {""wavelength"": 450.0, ""concentration"": 1.0, ""path_length"": 1.0, ""absorbance"": 9.0}]"
seq_0010__largest_target_drop_step__line,seq_0010,largest_target_drop_step,largest_drop_step,line,line,"At which step does absorbance show the largest drop compared with the previous step? If it never drops, answer none.",1,step_or_none,3,False,,"```json
{
  ""answer"": ""3""
}
```","[""/results/yao314652/home/project/outputs/visual_benchmark/qwen25vl_3b_all_modalities_rerun/images/seq_0010__largest_target_drop_step__line/line/seq_0010__largest_target_drop_step__line_step_0000.png"", ""/results/yao314652/home/project/outputs/visual_benchmark/qwen25vl_3b_all_modalities_rerun/images/seq_0010__largest_target_drop_step__line/line/seq_0010__largest_target_drop_step__line_step_0001.png"", ""/results/yao314652/home/project/outputs/visual_benchmark/qwen25vl_3b_all_modalities_rerun/images/seq_0010__largest_target_drop_step__line/line/seq_0010__largest_target_drop_step__line_step_0002.png"", ""/results/yao314652/home/project/outputs/visual_benchmark/qwen25vl_3b_all_modalities_rerun/images/seq_0010__largest_target_drop_step__line/line/seq_0010__largest_target_drop_step__line_step_0003.png"", ""/results/yao314652/home/project/outputs/visual_benchmark/qwen25vl_3b_all_modalities_rerun/images/seq_0010__largest_target_drop_step__line/line/seq_0010__largest_target_drop_step__line_step_0004.png""]","[{""wavelength"": 500.0, ""concentration"": 3.0, ""path_length"": 2.0, ""absorbance"": 60.0}, {""wavelength"": 500.0, ""concentration"": 2.0, ""path_length"": 2.0, ""absorbance"": 40.0}, {""wavelength"": 500.0, ""concentration"": 2.0, ""path_length"": 1.0, ""absorbance"": 20.0}, {""wavelength"": 500.0, ""concentration"": 1.0, ""path_length"": 1.0, ""absorbance"": 10.0}, {""wavelength"": 450.0, ""concentration"": 1.0, ""path_length"": 1.0, ""absorbance"": 9.0}]"
seq_0010__largest_target_drop_step__scatter,seq_0010,largest_target_drop_step,largest_drop_step,scatter,scatter,"At which step does absorbance show the largest drop compared with the previous step? If it never drops, answer none.",1,step_or_none,3,False,,"```json
{
  ""answer"": ""3""
}
```","[""/results/yao314652/home/project/outputs/visual_benchmark/qwen25vl_3b_all_modalities_rerun/images/seq_0010__largest_target_drop_step__scatter/scatter/seq_0010__largest_target_drop_step__scatter_step_0000.png"", ""/results/yao314652/home/project/outputs/visual_benchmark/qwen25vl_3b_all_modalities_rerun/images/seq_0010__largest_target_drop_step__scatter/scatter/seq_0010__largest_target_drop_step__scatter_step_0001.png"", ""/results/yao314652/home/project/outputs/visual_benchmark/qwen25vl_3b_all_modalities_rerun/images/seq_0010__largest_target_drop_step__scatter/scatter/seq_0010__largest_target_drop_step__scatter_step_0002.png"", ""/results/yao314652/home/project/outputs/visual_benchmark/qwen25vl_3b_all_modalities_rerun/images/seq_0010__largest_target_drop_step__scatter/scatter/seq_0010__largest_target_drop_step__scatter_step_0003.png"", ""/results/yao314652/home/project/outputs/visual_benchmark/qwen25vl_3b_all_modalities_rerun/images/seq_0010__largest_target_drop_step__scatter/scatter/seq_0010__largest_target_drop_step__scatter_step_0004.png""]","[{""wavelength"": 500.0, ""concentration"": 3.0, ""path_length"": 2.0, ""absorbance"": 60.0}, {""wavelength"": 500.0, ""concentration"": 2.0, ""path_length"": 2.0, ""absorbance"": 40.0}, {""wavelength"": 500.0, ""concentration"": 2.0, ""path_length"": 1.0, ""absorbance"": 20.0}, {""wavelength"": 500.0, ""concentration"": 1.0, ""path_length"": 1.0, ""absorbance"": 10.0}, {""wavelength"": 450.0, ""concentration"": 1.0, ""path_length"": 1.0, ""absorbance"": 9.0}]"
seq_0010__largest_target_drop_step__simulation,seq_0010,largest_target_drop_step,largest_drop_step,simulation,simulation,"At which step does absorbance show the largest drop compared with the previous step? If it never drops, answer none.",1,step_or_none,4,False,,"{""answer"": ""4""}","[""/results/yao314652/home/project/outputs/visual_benchmark/qwen25vl_3b_all_modalities_rerun/images/seq_0010__largest_target_drop_step__simulation/simulation/step_0000.png"", ""/results/yao314652/home/project/outputs/visual_benchmark/qwen25vl_3b_all_modalities_rerun/images/seq_0010__largest_target_drop_step__simulation/simulation/step_0001.png"", ""/results/yao314652/home/project/outputs/visual_benchmark/qwen25vl_3b_all_modalities_rerun/images/seq_0010__largest_target_drop_step__simulation/simulation/step_0002.png"", ""/results/yao314652/home/project/outputs/visual_benchmark/qwen25vl_3b_all_modalities_rerun/images/seq_0010__largest_target_drop_step__simulation/simulation/step_0003.png"", ""/results/yao314652/home/project/outputs/visual_benchmark/qwen25vl_3b_all_modalities_rerun/images/seq_0010__largest_target_drop_step__simulation/simulation/step_0004.png""]","[{""wavelength"": 500.0, ""concentration"": 3.0, ""path_length"": 2.0, ""absorbance"": 60.0}, {""wavelength"": 500.0, ""concentration"": 2.0, ""path_length"": 2.0, ""absorbance"": 40.0}, {""wavelength"": 500.0, ""concentration"": 2.0, ""path_length"": 1.0, ""absorbance"": 20.0}, {""wavelength"": 500.0, ""concentration"": 1.0, ""path_length"": 1.0, ""absorbance"": 10.0}, {""wavelength"": 450.0, ""concentration"": 1.0, ""path_length"": 1.0, ""absorbance"": 9.0}]"
seq_0011__read_last_target__text,seq_0011,read_last_target,value_at_step,text,none,What is the value of absorbance at step 4?,220.0,number,220,True,0.0,"```json
{
  ""answer"": 220
}
```",[],"[{""wavelength"": 500.0, ""concentration"": 5.0, ""path_length"": 5.0, ""absorbance"": 250.0}, {""wavelength"": 500.0, ""concentration"": 5.0, ""path_length"": 4.0, ""absorbance"": 200.0}, {""wavelength"": 550.0, ""concentration"": 5.0, ""path_length"": 4.0, ""absorbance"": 220.0}, {""wavelength"": 600.0, ""concentration"": 5.0, ""path_length"": 4.0, ""absorbance"": 240.0}, {""wavelength"": 550.0, ""concentration"": 5.0, ""path_length"": 4.0, ""absorbance"": 220.0}]"
seq_0011__read_last_target__bar,seq_0011,read_last_target,value_at_step,bar,bar,What is the value of absorbance at step 4?,220.0,number,0.173,False,219.827,"```json
{
    ""answer"": 0.173
}
```","[""/results/yao314652/home/project/outputs/visual_benchmark/qwen25vl_3b_all_modalities_rerun/images/seq_0011__read_last_target__bar/bar/step_0000.png"", ""/results/yao314652/home/project/outputs/visual_benchmark/qwen25vl_3b_all_modalities_rerun/images/seq_0011__read_last_target__bar/bar/step_0001.png"", ""/results/yao314652/home/project/outputs/visual_benchmark/qwen25vl_3b_all_modalities_rerun/images/seq_0011__read_last_target__bar/bar/step_0002.png"", ""/results/yao314652/home/project/outputs/visual_benchmark/qwen25vl_3b_all_modalities_rerun/images/seq_0011__read_last_target__bar/bar/step_0003.png"", ""/results/yao314652/home/project/outputs/visual_benchmark/qwen25vl_3b_all_modalities_rerun/images/seq_0011__read_last_target__bar/bar/step_0004.png""]","[{""wavelength"": 500.0, ""concentration"": 5.0, ""path_length"": 5.0, ""absorbance"": 250.0}, {""wavelength"": 500.0, ""concentration"": 5.0, ""path_length"": 4.0, ""absorbance"": 200.0}, {""wavelength"": 550.0, ""concentration"": 5.0, ""path_length"": 4.0, ""absorbance"": 220.0}, {""wavelength"": 600.0, ""concentration"": 5.0, ""path_length"": 4.0, ""absorbance"": 240.0}, {""wavelength"": 550.0, ""concentration"": 5.0, ""path_length"": 4.0, ""absorbance"": 220.0}]"
seq_0011__read_last_target__line,seq_0011,read_last_target,value_at_step,line,line,What is the value of absorbance at step 4?,220.0,number,0.82136,False,219.17864,"```json
{
  ""answer"": 0.82136
}
```","[""/results/yao314652/home/project/outputs/visual_benchmark/qwen25vl_3b_all_modalities_rerun/images/seq_0011__read_last_target__line/line/seq_0011__read_last_target__line_step_0000.png"", ""/results/yao314652/home/project/outputs/visual_benchmark/qwen25vl_3b_all_modalities_rerun/images/seq_0011__read_last_target__line/line/seq_0011__read_last_target__line_step_0001.png"", ""/results/yao314652/home/project/outputs/visual_benchmark/qwen25vl_3b_all_modalities_rerun/images/seq_0011__read_last_target__line/line/seq_0011__read_last_target__line_step_0002.png"", ""/results/yao314652/home/project/outputs/visual_benchmark/qwen25vl_3b_all_modalities_rerun/images/seq_0011__read_last_target__line/line/seq_0011__read_last_target__line_step_0003.png"", ""/results/yao314652/home/project/outputs/visual_benchmark/qwen25vl_3b_all_modalities_rerun/images/seq_0011__read_last_target__line/line/seq_0011__read_last_target__line_step_0004.png""]","[{""wavelength"": 500.0, ""concentration"": 5.0, ""path_length"": 5.0, ""absorbance"": 250.0}, {""wavelength"": 500.0, ""concentration"": 5.0, ""path_length"": 4.0, ""absorbance"": 200.0}, {""wavelength"": 550.0, ""concentration"": 5.0, ""path_length"": 4.0, ""absorbance"": 220.0}, {""wavelength"": 600.0, ""concentration"": 5.0, ""path_length"": 4.0, ""absorbance"": 240.0}, {""wavelength"": 550.0, ""concentration"": 5.0, ""path_length"": 4.0, ""absorbance"": 220.0}]"
seq_0011__read_last_target__scatter,seq_0011,read_last_target,value_at_step,scatter,scatter,What is the value of absorbance at step 4?,220.0,number,0.63,False,219.37,"```json
{
  ""answer"": 0.63
}
```","[""/results/yao314652/home/project/outputs/visual_benchmark/qwen25vl_3b_all_modalities_rerun/images/seq_0011__read_last_target__scatter/scatter/seq_0011__read_last_target__scatter_step_0000.png"", ""/results/yao314652/home/project/outputs/visual_benchmark/qwen25vl_3b_all_modalities_rerun/images/seq_0011__read_last_target__scatter/scatter/seq_0011__read_last_target__scatter_step_0001.png"", ""/results/yao314652/home/project/outputs/visual_benchmark/qwen25vl_3b_all_modalities_rerun/images/seq_0011__read_last_target__scatter/scatter/seq_0011__read_last_target__scatter_step_0002.png"", ""/results/yao314652/home/project/outputs/visual_benchmark/qwen25vl_3b_all_modalities_rerun/images/seq_0011__read_last_target__scatter/scatter/seq_0011__read_last_target__scatter_step_0003.png"", ""/results/yao314652/home/project/outputs/visual_benchmark/qwen25vl_3b_all_modalities_rerun/images/seq_0011__read_last_target__scatter/scatter/seq_0011__read_last_target__scatter_step_0004.png""]","[{""wavelength"": 500.0, ""concentration"": 5.0, ""path_length"": 5.0, ""absorbance"": 250.0}, {""wavelength"": 500.0, ""concentration"": 5.0, ""path_length"": 4.0, ""absorbance"": 200.0}, {""wavelength"": 550.0, ""concentration"": 5.0, ""path_length"": 4.0, ""absorbance"": 220.0}, {""wavelength"": 600.0, ""concentration"": 5.0, ""path_length"": 4.0, ""absorbance"": 240.0}, {""wavelength"": 550.0, ""concentration"": 5.0, ""path_length"": 4.0, ""absorbance"": 220.0}]"
seq_0011__read_last_target__simulation,seq_0011,read_last_target,value_at_step,simulation,simulation,What is the value of absorbance at step 4?,220.0,number,0.17538629691758367,False,219.8246137030824,"```json
{
  ""answer"": 0.17538629691758366
}
```","[""/results/yao314652/home/project/outputs/visual_benchmark/qwen25vl_3b_all_modalities_rerun/images/seq_0011__read_last_target__simulation/simulation/step_0000.png"", ""/results/yao314652/home/project/outputs/visual_benchmark/qwen25vl_3b_all_modalities_rerun/images/seq_0011__read_last_target__simulation/simulation/step_0001.png"", ""/results/yao314652/home/project/outputs/visual_benchmark/qwen25vl_3b_all_modalities_rerun/images/seq_0011__read_last_target__simulation/simulation/step_0002.png"", ""/results/yao314652/home/project/outputs/visual_benchmark/qwen25vl_3b_all_modalities_rerun/images/seq_0011__read_last_target__simulation/simulation/step_0003.png"", ""/results/yao314652/home/project/outputs/visual_benchmark/qwen25vl_3b_all_modalities_rerun/images/seq_0011__read_last_target__simulation/simulation/step_0004.png""]","[{""wavelength"": 500.0, ""concentration"": 5.0, ""path_length"": 5.0, ""absorbance"": 250.0}, {""wavelength"": 500.0, ""concentration"": 5.0, ""path_length"": 4.0, ""absorbance"": 200.0}, {""wavelength"": 550.0, ""concentration"": 5.0, ""path_length"": 4.0, ""absorbance"": 220.0}, {""wavelength"": 600.0, ""concentration"": 5.0, ""path_length"": 4.0, ""absorbance"": 240.0}, {""wavelength"": 550.0, ""concentration"": 5.0, ""path_length"": 4.0, ""absorbance"": 220.0}]"
seq_0011__target_change_amount__text,seq_0011,target_change_amount,change_amount,text,none,By how much does absorbance change from step 0 to step 4?,-30.0,number,30,False,60.0,"```json
{
  ""answer"": 30
}
```",[],"[{""wavelength"": 500.0, ""concentration"": 5.0, ""path_length"": 5.0, ""absorbance"": 250.0}, {""wavelength"": 500.0, ""concentration"": 5.0, ""path_length"": 4.0, ""absorbance"": 200.0}, {""wavelength"": 550.0, ""concentration"": 5.0, ""path_length"": 4.0, ""absorbance"": 220.0}, {""wavelength"": 600.0, ""concentration"": 5.0, ""path_length"": 4.0, ""absorbance"": 240.0}, {""wavelength"": 550.0, ""concentration"": 5.0, ""path_length"": 4.0, ""absorbance"": 220.0}]"
seq_0011__target_change_amount__bar,seq_0011,target_change_amount,change_amount,bar,bar,By how much does absorbance change from step 0 to step 4?,-30.0,number,1.2,False,31.2,"```json
{
    ""answer"": 1.2
}
```","[""/results/yao314652/home/project/outputs/visual_benchmark/qwen25vl_3b_all_modalities_rerun/images/seq_0011__target_change_amount__bar/bar/step_0000.png"", ""/results/yao314652/home/project/outputs/visual_benchmark/qwen25vl_3b_all_modalities_rerun/images/seq_0011__target_change_amount__bar/bar/step_0001.png"", ""/results/yao314652/home/project/outputs/visual_benchmark/qwen25vl_3b_all_modalities_rerun/images/seq_0011__target_change_amount__bar/bar/step_0002.png"", ""/results/yao314652/home/project/outputs/visual_benchmark/qwen25vl_3b_all_modalities_rerun/images/seq_0011__target_change_amount__bar/bar/step_0003.png"", ""/results/yao314652/home/project/outputs/visual_benchmark/qwen25vl_3b_all_modalities_rerun/images/seq_0011__target_change_amount__bar/bar/step_0004.png""]","[{""wavelength"": 500.0, ""concentration"": 5.0, ""path_length"": 5.0, ""absorbance"": 250.0}, {""wavelength"": 500.0, ""concentration"": 5.0, ""path_length"": 4.0, ""absorbance"": 200.0}, {""wavelength"": 550.0, ""concentration"": 5.0, ""path_length"": 4.0, ""absorbance"": 220.0}, {""wavelength"": 600.0, ""concentration"": 5.0, ""path_length"": 4.0, ""absorbance"": 240.0}, {""wavelength"": 550.0, ""concentration"": 5.0, ""path_length"": 4.0, ""absorbance"": 220.0}]"
seq_0011__target_change_amount__line,seq_0011,target_change_amount,change_amount,line,line,By how much does absorbance change from step 0 to step 4?,-30.0,number,1.23,False,31.23,"```json
{
  ""answer"": 1.23
}
```","[""/results/yao314652/home/project/outputs/visual_benchmark/qwen25vl_3b_all_modalities_rerun/images/seq_0011__target_change_amount__line/line/seq_0011__target_change_amount__line_step_0000.png"", ""/results/yao314652/home/project/outputs/visual_benchmark/qwen25vl_3b_all_modalities_rerun/images/seq_0011__target_change_amount__line/line/seq_0011__target_change_amount__line_step_0001.png"", ""/results/yao314652/home/project/outputs/visual_benchmark/qwen25vl_3b_all_modalities_rerun/images/seq_0011__target_change_amount__line/line/seq_0011__target_change_amount__line_step_0002.png"", ""/results/yao314652/home/project/outputs/visual_benchmark/qwen25vl_3b_all_modalities_rerun/images/seq_0011__target_change_amount__line/line/seq_0011__target_change_amount__line_step_0003.png"", ""/results/yao314652/home/project/outputs/visual_benchmark/qwen25vl_3b_all_modalities_rerun/images/seq_0011__target_change_amount__line/line/seq_0011__target_change_amount__line_step_0004.png""]","[{""wavelength"": 500.0, ""concentration"": 5.0, ""path_length"": 5.0, ""absorbance"": 250.0}, {""wavelength"": 500.0, ""concentration"": 5.0, ""path_length"": 4.0, ""absorbance"": 200.0}, {""wavelength"": 550.0, ""concentration"": 5.0, ""path_length"": 4.0, ""absorbance"": 220.0}, {""wavelength"": 600.0, ""concentration"": 5.0, ""path_length"": 4.0, ""absorbance"": 240.0}, {""wavelength"": 550.0, ""concentration"": 5.0, ""path_length"": 4.0, ""absorbance"": 220.0}]"
seq_0011__target_change_amount__scatter,seq_0011,target_change_amount,change_amount,scatter,scatter,By how much does absorbance change from step 0 to step 4?,-30.0,number,0.13862943610127565,False,30.138629436101276,"```json
{
  ""answer"": 0.13862943610127566
}
```","[""/results/yao314652/home/project/outputs/visual_benchmark/qwen25vl_3b_all_modalities_rerun/images/seq_0011__target_change_amount__scatter/scatter/seq_0011__target_change_amount__scatter_step_0000.png"", ""/results/yao314652/home/project/outputs/visual_benchmark/qwen25vl_3b_all_modalities_rerun/images/seq_0011__target_change_amount__scatter/scatter/seq_0011__target_change_amount__scatter_step_0001.png"", ""/results/yao314652/home/project/outputs/visual_benchmark/qwen25vl_3b_all_modalities_rerun/images/seq_0011__target_change_amount__scatter/scatter/seq_0011__target_change_amount__scatter_step_0002.png"", ""/results/yao314652/home/project/outputs/visual_benchmark/qwen25vl_3b_all_modalities_rerun/images/seq_0011__target_change_amount__scatter/scatter/seq_0011__target_change_amount__scatter_step_0003.png"", ""/results/yao314652/home/project/outputs/visual_benchmark/qwen25vl_3b_all_modalities_rerun/images/seq_0011__target_change_amount__scatter/scatter/seq_0011__target_change_amount__scatter_step_0004.png""]","[{""wavelength"": 500.0, ""concentration"": 5.0, ""path_length"": 5.0, ""absorbance"": 250.0}, {""wavelength"": 500.0, ""concentration"": 5.0, ""path_length"": 4.0, ""absorbance"": 200.0}, {""wavelength"": 550.0, ""concentration"": 5.0, ""path_length"": 4.0, ""absorbance"": 220.0}, {""wavelength"": 600.0, ""concentration"": 5.0, ""path_length"": 4.0, ""absorbance"": 240.0}, {""wavelength"": 550.0, ""concentration"": 5.0, ""path_length"": 4.0, ""absorbance"": 220.0}]"
seq_0011__target_change_amount__simulation,seq_0011,target_change_amount,change_amount,simulation,simulation,By how much does absorbance change from step 0 to step 4?,-30.0,number,1,False,31.0,"```json
{
    ""answer"": 1
}
```","[""/results/yao314652/home/project/outputs/visual_benchmark/qwen25vl_3b_all_modalities_rerun/images/seq_0011__target_change_amount__simulation/simulation/step_0000.png"", ""/results/yao314652/home/project/outputs/visual_benchmark/qwen25vl_3b_all_modalities_rerun/images/seq_0011__target_change_amount__simulation/simulation/step_0001.png"", ""/results/yao314652/home/project/outputs/visual_benchmark/qwen25vl_3b_all_modalities_rerun/images/seq_0011__target_change_amount__simulation/simulation/step_0002.png"", ""/results/yao314652/home/project/outputs/visual_benchmark/qwen25vl_3b_all_modalities_rerun/images/seq_0011__target_change_amount__simulation/simulation/step_0003.png"", ""/results/yao314652/home/project/outputs/visual_benchmark/qwen25vl_3b_all_modalities_rerun/images/seq_0011__target_change_amount__simulation/simulation/step_0004.png""]","[{""wavelength"": 500.0, ""concentration"": 5.0, ""path_length"": 5.0, ""absorbance"": 250.0}, {""wavelength"": 500.0, ""concentration"": 5.0, ""path_length"": 4.0, ""absorbance"": 200.0}, {""wavelength"": 550.0, ""concentration"": 5.0, ""path_length"": 4.0, ""absorbance"": 220.0}, {""wavelength"": 600.0, ""concentration"": 5.0, ""path_length"": 4.0, ""absorbance"": 240.0}, {""wavelength"": 550.0, ""concentration"": 5.0, ""path_length"": 4.0, ""absorbance"": 220.0}]"
seq_0011__target_change_direction__text,seq_0011,target_change_direction,change_direction,text,none,"Does absorbance increase, decrease, or stay the same from step 0 to step 4?",decrease,category,same,False,,"{
  ""answer"": ""same""
}",[],"[{""wavelength"": 500.0, ""concentration"": 5.0, ""path_length"": 5.0, ""absorbance"": 250.0}, {""wavelength"": 500.0, ""concentration"": 5.0, ""path_length"": 4.0, ""absorbance"": 200.0}, {""wavelength"": 550.0, ""concentration"": 5.0, ""path_length"": 4.0, ""absorbance"": 220.0}, {""wavelength"": 600.0, ""concentration"": 5.0, ""path_length"": 4.0, ""absorbance"": 240.0}, {""wavelength"": 550.0, ""concentration"": 5.0, ""path_length"": 4.0, ""absorbance"": 220.0}]"
seq_0011__target_change_direction__bar,seq_0011,target_change_direction,change_direction,bar,bar,"Does absorbance increase, decrease, or stay the same from step 0 to step 4?",decrease,category,increase,False,,"{""answer"": ""increase""}","[""/results/yao314652/home/project/outputs/visual_benchmark/qwen25vl_3b_all_modalities_rerun/images/seq_0011__target_change_direction__bar/bar/step_0000.png"", ""/results/yao314652/home/project/outputs/visual_benchmark/qwen25vl_3b_all_modalities_rerun/images/seq_0011__target_change_direction__bar/bar/step_0001.png"", ""/results/yao314652/home/project/outputs/visual_benchmark/qwen25vl_3b_all_modalities_rerun/images/seq_0011__target_change_direction__bar/bar/step_0002.png"", ""/results/yao314652/home/project/outputs/visual_benchmark/qwen25vl_3b_all_modalities_rerun/images/seq_0011__target_change_direction__bar/bar/step_0003.png"", ""/results/yao314652/home/project/outputs/visual_benchmark/qwen25vl_3b_all_modalities_rerun/images/seq_0011__target_change_direction__bar/bar/step_0004.png""]","[{""wavelength"": 500.0, ""concentration"": 5.0, ""path_length"": 5.0, ""absorbance"": 250.0}, {""wavelength"": 500.0, ""concentration"": 5.0, ""path_length"": 4.0, ""absorbance"": 200.0}, {""wavelength"": 550.0, ""concentration"": 5.0, ""path_length"": 4.0, ""absorbance"": 220.0}, {""wavelength"": 600.0, ""concentration"": 5.0, ""path_length"": 4.0, ""absorbance"": 240.0}, {""wavelength"": 550.0, ""concentration"": 5.0, ""path_length"": 4.0, ""absorbance"": 220.0}]"
seq_0011__target_change_direction__line,seq_0011,target_change_direction,change_direction,line,line,"Does absorbance increase, decrease, or stay the same from step 0 to step 4?",decrease,category,decrease,True,,"{""answer"": ""decrease""}","[""/results/yao314652/home/project/outputs/visual_benchmark/qwen25vl_3b_all_modalities_rerun/images/seq_0011__target_change_direction__line/line/seq_0011__target_change_direction__line_step_0000.png"", ""/results/yao314652/home/project/outputs/visual_benchmark/qwen25vl_3b_all_modalities_rerun/images/seq_0011__target_change_direction__line/line/seq_0011__target_change_direction__line_step_0001.png"", ""/results/yao314652/home/project/outputs/visual_benchmark/qwen25vl_3b_all_modalities_rerun/images/seq_0011__target_change_direction__line/line/seq_0011__target_change_direction__line_step_0002.png"", ""/results/yao314652/home/project/outputs/visual_benchmark/qwen25vl_3b_all_modalities_rerun/images/seq_0011__target_change_direction__line/line/seq_0011__target_change_direction__line_step_0003.png"", ""/results/yao314652/home/project/outputs/visual_benchmark/qwen25vl_3b_all_modalities_rerun/images/seq_0011__target_change_direction__line/line/seq_0011__target_change_direction__line_step_0004.png""]","[{""wavelength"": 500.0, ""concentration"": 5.0, ""path_length"": 5.0, ""absorbance"": 250.0}, {""wavelength"": 500.0, ""concentration"": 5.0, ""path_length"": 4.0, ""absorbance"": 200.0}, {""wavelength"": 550.0, ""concentration"": 5.0, ""path_length"": 4.0, ""absorbance"": 220.0}, {""wavelength"": 600.0, ""concentration"": 5.0, ""path_length"": 4.0, ""absorbance"": 240.0}, {""wavelength"": 550.0, ""concentration"": 5.0, ""path_length"": 4.0, ""absorbance"": 220.0}]"
seq_0011__target_change_direction__scatter,seq_0011,target_change_direction,change_direction,scatter,scatter,"Does absorbance increase, decrease, or stay the same from step 0 to step 4?",decrease,category,decrease,True,,"{""answer"": ""decrease""}","[""/results/yao314652/home/project/outputs/visual_benchmark/qwen25vl_3b_all_modalities_rerun/images/seq_0011__target_change_direction__scatter/scatter/seq_0011__target_change_direction__scatter_step_0000.png"", ""/results/yao314652/home/project/outputs/visual_benchmark/qwen25vl_3b_all_modalities_rerun/images/seq_0011__target_change_direction__scatter/scatter/seq_0011__target_change_direction__scatter_step_0001.png"", ""/results/yao314652/home/project/outputs/visual_benchmark/qwen25vl_3b_all_modalities_rerun/images/seq_0011__target_change_direction__scatter/scatter/seq_0011__target_change_direction__scatter_step_0002.png"", ""/results/yao314652/home/project/outputs/visual_benchmark/qwen25vl_3b_all_modalities_rerun/images/seq_0011__target_change_direction__scatter/scatter/seq_0011__target_change_direction__scatter_step_0003.png"", ""/results/yao314652/home/project/outputs/visual_benchmark/qwen25vl_3b_all_modalities_rerun/images/seq_0011__target_change_direction__scatter/scatter/seq_0011__target_change_direction__scatter_step_0004.png""]","[{""wavelength"": 500.0, ""concentration"": 5.0, ""path_length"": 5.0, ""absorbance"": 250.0}, {""wavelength"": 500.0, ""concentration"": 5.0, ""path_length"": 4.0, ""absorbance"": 200.0}, {""wavelength"": 550.0, ""concentration"": 5.0, ""path_length"": 4.0, ""absorbance"": 220.0}, {""wavelength"": 600.0, ""concentration"": 5.0, ""path_length"": 4.0, ""absorbance"": 240.0}, {""wavelength"": 550.0, ""concentration"": 5.0, ""path_length"": 4.0, ""absorbance"": 220.0}]"
seq_0011__target_change_direction__simulation,seq_0011,target_change_direction,change_direction,simulation,simulation,"Does absorbance increase, decrease, or stay the same from step 0 to step 4?",decrease,category,decrease,True,,"{""answer"": ""decrease""}","[""/results/yao314652/home/project/outputs/visual_benchmark/qwen25vl_3b_all_modalities_rerun/images/seq_0011__target_change_direction__simulation/simulation/step_0000.png"", ""/results/yao314652/home/project/outputs/visual_benchmark/qwen25vl_3b_all_modalities_rerun/images/seq_0011__target_change_direction__simulation/simulation/step_0001.png"", ""/results/yao314652/home/project/outputs/visual_benchmark/qwen25vl_3b_all_modalities_rerun/images/seq_0011__target_change_direction__simulation/simulation/step_0002.png"", ""/results/yao314652/home/project/outputs/visual_benchmark/qwen25vl_3b_all_modalities_rerun/images/seq_0011__target_change_direction__simulation/simulation/step_0003.png"", ""/results/yao314652/home/project/outputs/visual_benchmark/qwen25vl_3b_all_modalities_rerun/images/seq_0011__target_change_direction__simulation/simulation/step_0004.png""]","[{""wavelength"": 500.0, ""concentration"": 5.0, ""path_length"": 5.0, ""absorbance"": 250.0}, {""wavelength"": 500.0, ""concentration"": 5.0, ""path_length"": 4.0, ""absorbance"": 200.0}, {""wavelength"": 550.0, ""concentration"": 5.0, ""path_length"": 4.0, ""absorbance"": 220.0}, {""wavelength"": 600.0, ""concentration"": 5.0, ""path_length"": 4.0, ""absorbance"": 240.0}, {""wavelength"": 550.0, ""concentration"": 5.0, ""path_length"": 4.0, ""absorbance"": 220.0}]"
seq_0011__changed_variable_0_to_1__text,seq_0011,changed_variable_0_to_1,changed_variable,text,none,Which input variable changed from step 0 to step 1?,path_length,category,wavelength,False,,"{""answer"": ""wavelength""}",[],"[{""wavelength"": 500.0, ""concentration"": 5.0, ""path_length"": 5.0, ""absorbance"": 250.0}, {""wavelength"": 500.0, ""concentration"": 5.0, ""path_length"": 4.0, ""absorbance"": 200.0}, {""wavelength"": 550.0, ""concentration"": 5.0, ""path_length"": 4.0, ""absorbance"": 220.0}, {""wavelength"": 600.0, ""concentration"": 5.0, ""path_length"": 4.0, ""absorbance"": 240.0}, {""wavelength"": 550.0, ""concentration"": 5.0, ""path_length"": 4.0, ""absorbance"": 220.0}]"
seq_0011__changed_variable_0_to_1__bar,seq_0011,changed_variable_0_to_1,changed_variable,bar,bar,Which input variable changed from step 0 to step 1?,path_length,category,input_2,False,,"{""answer"": ""input_2""}","[""/results/yao314652/home/project/outputs/visual_benchmark/qwen25vl_3b_all_modalities_rerun/images/seq_0011__changed_variable_0_to_1__bar/bar/step_0000.png"", ""/results/yao314652/home/project/outputs/visual_benchmark/qwen25vl_3b_all_modalities_rerun/images/seq_0011__changed_variable_0_to_1__bar/bar/step_0001.png"", ""/results/yao314652/home/project/outputs/visual_benchmark/qwen25vl_3b_all_modalities_rerun/images/seq_0011__changed_variable_0_to_1__bar/bar/step_0002.png"", ""/results/yao314652/home/project/outputs/visual_benchmark/qwen25vl_3b_all_modalities_rerun/images/seq_0011__changed_variable_0_to_1__bar/bar/step_0003.png"", ""/results/yao314652/home/project/outputs/visual_benchmark/qwen25vl_3b_all_modalities_rerun/images/seq_0011__changed_variable_0_to_1__bar/bar/step_0004.png""]","[{""wavelength"": 500.0, ""concentration"": 5.0, ""path_length"": 5.0, ""absorbance"": 250.0}, {""wavelength"": 500.0, ""concentration"": 5.0, ""path_length"": 4.0, ""absorbance"": 200.0}, {""wavelength"": 550.0, ""concentration"": 5.0, ""path_length"": 4.0, ""absorbance"": 220.0}, {""wavelength"": 600.0, ""concentration"": 5.0, ""path_length"": 4.0, ""absorbance"": 240.0}, {""wavelength"": 550.0, ""concentration"": 5.0, ""path_length"": 4.0, ""absorbance"": 220.0}]"
seq_0011__changed_variable_0_to_1__line,seq_0011,changed_variable_0_to_1,changed_variable,line,line,Which input variable changed from step 0 to step 1?,path_length,category,step,False,,"{""answer"": ""step""}","[""/results/yao314652/home/project/outputs/visual_benchmark/qwen25vl_3b_all_modalities_rerun/images/seq_0011__changed_variable_0_to_1__line/line/seq_0011__changed_variable_0_to_1__line_step_0000.png"", ""/results/yao314652/home/project/outputs/visual_benchmark/qwen25vl_3b_all_modalities_rerun/images/seq_0011__changed_variable_0_to_1__line/line/seq_0011__changed_variable_0_to_1__line_step_0001.png"", ""/results/yao314652/home/project/outputs/visual_benchmark/qwen25vl_3b_all_modalities_rerun/images/seq_0011__changed_variable_0_to_1__line/line/seq_0011__changed_variable_0_to_1__line_step_0002.png"", ""/results/yao314652/home/project/outputs/visual_benchmark/qwen25vl_3b_all_modalities_rerun/images/seq_0011__changed_variable_0_to_1__line/line/seq_0011__changed_variable_0_to_1__line_step_0003.png"", ""/results/yao314652/home/project/outputs/visual_benchmark/qwen25vl_3b_all_modalities_rerun/images/seq_0011__changed_variable_0_to_1__line/line/seq_0011__changed_variable_0_to_1__line_step_0004.png""]","[{""wavelength"": 500.0, ""concentration"": 5.0, ""path_length"": 5.0, ""absorbance"": 250.0}, {""wavelength"": 500.0, ""concentration"": 5.0, ""path_length"": 4.0, ""absorbance"": 200.0}, {""wavelength"": 550.0, ""concentration"": 5.0, ""path_length"": 4.0, ""absorbance"": 220.0}, {""wavelength"": 600.0, ""concentration"": 5.0, ""path_length"": 4.0, ""absorbance"": 240.0}, {""wavelength"": 550.0, ""concentration"": 5.0, ""path_length"": 4.0, ""absorbance"": 220.0}]"
seq_0011__changed_variable_0_to_1__scatter,seq_0011,changed_variable_0_to_1,changed_variable,scatter,scatter,Which input variable changed from step 0 to step 1?,path_length,category,beta,False,,"{""answer"": ""beta""}","[""/results/yao314652/home/project/outputs/visual_benchmark/qwen25vl_3b_all_modalities_rerun/images/seq_0011__changed_variable_0_to_1__scatter/scatter/seq_0011__changed_variable_0_to_1__scatter_step_0000.png"", ""/results/yao314652/home/project/outputs/visual_benchmark/qwen25vl_3b_all_modalities_rerun/images/seq_0011__changed_variable_0_to_1__scatter/scatter/seq_0011__changed_variable_0_to_1__scatter_step_0001.png"", ""/results/yao314652/home/project/outputs/visual_benchmark/qwen25vl_3b_all_modalities_rerun/images/seq_0011__changed_variable_0_to_1__scatter/scatter/seq_0011__changed_variable_0_to_1__scatter_step_0002.png"", ""/results/yao314652/home/project/outputs/visual_benchmark/qwen25vl_3b_all_modalities_rerun/images/seq_0011__changed_variable_0_to_1__scatter/scatter/seq_0011__changed_variable_0_to_1__scatter_step_0003.png"", ""/results/yao314652/home/project/outputs/visual_benchmark/qwen25vl_3b_all_modalities_rerun/images/seq_0011__changed_variable_0_to_1__scatter/scatter/seq_0011__changed_variable_0_to_1__scatter_step_0004.png""]","[{""wavelength"": 500.0, ""concentration"": 5.0, ""path_length"": 5.0, ""absorbance"": 250.0}, {""wavelength"": 500.0, ""concentration"": 5.0, ""path_length"": 4.0, ""absorbance"": 200.0}, {""wavelength"": 550.0, ""concentration"": 5.0, ""path_length"": 4.0, ""absorbance"": 220.0}, {""wavelength"": 600.0, ""concentration"": 5.0, ""path_length"": 4.0, ""absorbance"": 240.0}, {""wavelength"": 550.0, ""concentration"": 5.0, ""path_length"": 4.0, ""absorbance"": 220.0}]"
seq_0011__changed_variable_0_to_1__simulation,seq_0011,changed_variable_0_to_1,changed_variable,simulation,simulation,Which input variable changed from step 0 to step 1?,path_length,category,input-1-color,False,,"{""answer"": ""input-1-color""}","[""/results/yao314652/home/project/outputs/visual_benchmark/qwen25vl_3b_all_modalities_rerun/images/seq_0011__changed_variable_0_to_1__simulation/simulation/step_0000.png"", ""/results/yao314652/home/project/outputs/visual_benchmark/qwen25vl_3b_all_modalities_rerun/images/seq_0011__changed_variable_0_to_1__simulation/simulation/step_0001.png"", ""/results/yao314652/home/project/outputs/visual_benchmark/qwen25vl_3b_all_modalities_rerun/images/seq_0011__changed_variable_0_to_1__simulation/simulation/step_0002.png"", ""/results/yao314652/home/project/outputs/visual_benchmark/qwen25vl_3b_all_modalities_rerun/images/seq_0011__changed_variable_0_to_1__simulation/simulation/step_0003.png"", ""/results/yao314652/home/project/outputs/visual_benchmark/qwen25vl_3b_all_modalities_rerun/images/seq_0011__changed_variable_0_to_1__simulation/simulation/step_0004.png""]","[{""wavelength"": 500.0, ""concentration"": 5.0, ""path_length"": 5.0, ""absorbance"": 250.0}, {""wavelength"": 500.0, ""concentration"": 5.0, ""path_length"": 4.0, ""absorbance"": 200.0}, {""wavelength"": 550.0, ""concentration"": 5.0, ""path_length"": 4.0, ""absorbance"": 220.0}, {""wavelength"": 600.0, ""concentration"": 5.0, ""path_length"": 4.0, ""absorbance"": 240.0}, {""wavelength"": 550.0, ""concentration"": 5.0, ""path_length"": 4.0, ""absorbance"": 220.0}]"
seq_0011__max_target_step__text,seq_0011,max_target_step,max_step,text,none,At which step is absorbance the highest?,0,step,3,False,,"```json
{
  ""answer"": 3
}
```",[],"[{""wavelength"": 500.0, ""concentration"": 5.0, ""path_length"": 5.0, ""absorbance"": 250.0}, {""wavelength"": 500.0, ""concentration"": 5.0, ""path_length"": 4.0, ""absorbance"": 200.0}, {""wavelength"": 550.0, ""concentration"": 5.0, ""path_length"": 4.0, ""absorbance"": 220.0}, {""wavelength"": 600.0, ""concentration"": 5.0, ""path_length"": 4.0, ""absorbance"": 240.0}, {""wavelength"": 550.0, ""concentration"": 5.0, ""path_length"": 4.0, ""absorbance"": 220.0}]"
seq_0011__max_target_step__bar,seq_0011,max_target_step,max_step,bar,bar,At which step is absorbance the highest?,0,step,3,False,,"```json
{
    ""answer"": 3
}
```","[""/results/yao314652/home/project/outputs/visual_benchmark/qwen25vl_3b_all_modalities_rerun/images/seq_0011__max_target_step__bar/bar/step_0000.png"", ""/results/yao314652/home/project/outputs/visual_benchmark/qwen25vl_3b_all_modalities_rerun/images/seq_0011__max_target_step__bar/bar/step_0001.png"", ""/results/yao314652/home/project/outputs/visual_benchmark/qwen25vl_3b_all_modalities_rerun/images/seq_0011__max_target_step__bar/bar/step_0002.png"", ""/results/yao314652/home/project/outputs/visual_benchmark/qwen25vl_3b_all_modalities_rerun/images/seq_0011__max_target_step__bar/bar/step_0003.png"", ""/results/yao314652/home/project/outputs/visual_benchmark/qwen25vl_3b_all_modalities_rerun/images/seq_0011__max_target_step__bar/bar/step_0004.png""]","[{""wavelength"": 500.0, ""concentration"": 5.0, ""path_length"": 5.0, ""absorbance"": 250.0}, {""wavelength"": 500.0, ""concentration"": 5.0, ""path_length"": 4.0, ""absorbance"": 200.0}, {""wavelength"": 550.0, ""concentration"": 5.0, ""path_length"": 4.0, ""absorbance"": 220.0}, {""wavelength"": 600.0, ""concentration"": 5.0, ""path_length"": 4.0, ""absorbance"": 240.0}, {""wavelength"": 550.0, ""concentration"": 5.0, ""path_length"": 4.0, ""absorbance"": 220.0}]"
seq_0011__max_target_step__line,seq_0011,max_target_step,max_step,line,line,At which step is absorbance the highest?,0,step,2,False,,"```json
{
    ""answer"": 2
}
```","[""/results/yao314652/home/project/outputs/visual_benchmark/qwen25vl_3b_all_modalities_rerun/images/seq_0011__max_target_step__line/line/seq_0011__max_target_step__line_step_0000.png"", ""/results/yao314652/home/project/outputs/visual_benchmark/qwen25vl_3b_all_modalities_rerun/images/seq_0011__max_target_step__line/line/seq_0011__max_target_step__line_step_0001.png"", ""/results/yao314652/home/project/outputs/visual_benchmark/qwen25vl_3b_all_modalities_rerun/images/seq_0011__max_target_step__line/line/seq_0011__max_target_step__line_step_0002.png"", ""/results/yao314652/home/project/outputs/visual_benchmark/qwen25vl_3b_all_modalities_rerun/images/seq_0011__max_target_step__line/line/seq_0011__max_target_step__line_step_0003.png"", ""/results/yao314652/home/project/outputs/visual_benchmark/qwen25vl_3b_all_modalities_rerun/images/seq_0011__max_target_step__line/line/seq_0011__max_target_step__line_step_0004.png""]","[{""wavelength"": 500.0, ""concentration"": 5.0, ""path_length"": 5.0, ""absorbance"": 250.0}, {""wavelength"": 500.0, ""concentration"": 5.0, ""path_length"": 4.0, ""absorbance"": 200.0}, {""wavelength"": 550.0, ""concentration"": 5.0, ""path_length"": 4.0, ""absorbance"": 220.0}, {""wavelength"": 600.0, ""concentration"": 5.0, ""path_length"": 4.0, ""absorbance"": 240.0}, {""wavelength"": 550.0, ""concentration"": 5.0, ""path_length"": 4.0, ""absorbance"": 220.0}]"
seq_0011__max_target_step__scatter,seq_0011,max_target_step,max_step,scatter,scatter,At which step is absorbance the highest?,0,step,2,False,,"```json
{
  ""answer"": 2
}
```","[""/results/yao314652/home/project/outputs/visual_benchmark/qwen25vl_3b_all_modalities_rerun/images/seq_0011__max_target_step__scatter/scatter/seq_0011__max_target_step__scatter_step_0000.png"", ""/results/yao314652/home/project/outputs/visual_benchmark/qwen25vl_3b_all_modalities_rerun/images/seq_0011__max_target_step__scatter/scatter/seq_0011__max_target_step__scatter_step_0001.png"", ""/results/yao314652/home/project/outputs/visual_benchmark/qwen25vl_3b_all_modalities_rerun/images/seq_0011__max_target_step__scatter/scatter/seq_0011__max_target_step__scatter_step_0002.png"", ""/results/yao314652/home/project/outputs/visual_benchmark/qwen25vl_3b_all_modalities_rerun/images/seq_0011__max_target_step__scatter/scatter/seq_0011__max_target_step__scatter_step_0003.png"", ""/results/yao314652/home/project/outputs/visual_benchmark/qwen25vl_3b_all_modalities_rerun/images/seq_0011__max_target_step__scatter/scatter/seq_0011__max_target_step__scatter_step_0004.png""]","[{""wavelength"": 500.0, ""concentration"": 5.0, ""path_length"": 5.0, ""absorbance"": 250.0}, {""wavelength"": 500.0, ""concentration"": 5.0, ""path_length"": 4.0, ""absorbance"": 200.0}, {""wavelength"": 550.0, ""concentration"": 5.0, ""path_length"": 4.0, ""absorbance"": 220.0}, {""wavelength"": 600.0, ""concentration"": 5.0, ""path_length"": 4.0, ""absorbance"": 240.0}, {""wavelength"": 550.0, ""concentration"": 5.0, ""path_length"": 4.0, ""absorbance"": 220.0}]"
seq_0011__max_target_step__simulation,seq_0011,max_target_step,max_step,simulation,simulation,At which step is absorbance the highest?,0,step,4,False,,"```json
{
    ""answer"": 4
}
```","[""/results/yao314652/home/project/outputs/visual_benchmark/qwen25vl_3b_all_modalities_rerun/images/seq_0011__max_target_step__simulation/simulation/step_0000.png"", ""/results/yao314652/home/project/outputs/visual_benchmark/qwen25vl_3b_all_modalities_rerun/images/seq_0011__max_target_step__simulation/simulation/step_0001.png"", ""/results/yao314652/home/project/outputs/visual_benchmark/qwen25vl_3b_all_modalities_rerun/images/seq_0011__max_target_step__simulation/simulation/step_0002.png"", ""/results/yao314652/home/project/outputs/visual_benchmark/qwen25vl_3b_all_modalities_rerun/images/seq_0011__max_target_step__simulation/simulation/step_0003.png"", ""/results/yao314652/home/project/outputs/visual_benchmark/qwen25vl_3b_all_modalities_rerun/images/seq_0011__max_target_step__simulation/simulation/step_0004.png""]","[{""wavelength"": 500.0, ""concentration"": 5.0, ""path_length"": 5.0, ""absorbance"": 250.0}, {""wavelength"": 500.0, ""concentration"": 5.0, ""path_length"": 4.0, ""absorbance"": 200.0}, {""wavelength"": 550.0, ""concentration"": 5.0, ""path_length"": 4.0, ""absorbance"": 220.0}, {""wavelength"": 600.0, ""concentration"": 5.0, ""path_length"": 4.0, ""absorbance"": 240.0}, {""wavelength"": 550.0, ""concentration"": 5.0, ""path_length"": 4.0, ""absorbance"": 220.0}]"
seq_0011__largest_target_drop_step__text,seq_0011,largest_target_drop_step,largest_drop_step,text,none,"At which step does absorbance show the largest drop compared with the previous step? If it never drops, answer none.",1,step_or_none,1,True,,"```json
{
  ""answer"": ""1""
}
```",[],"[{""wavelength"": 500.0, ""concentration"": 5.0, ""path_length"": 5.0, ""absorbance"": 250.0}, {""wavelength"": 500.0, ""concentration"": 5.0, ""path_length"": 4.0, ""absorbance"": 200.0}, {""wavelength"": 550.0, ""concentration"": 5.0, ""path_length"": 4.0, ""absorbance"": 220.0}, {""wavelength"": 600.0, ""concentration"": 5.0, ""path_length"": 4.0, ""absorbance"": 240.0}, {""wavelength"": 550.0, ""concentration"": 5.0, ""path_length"": 4.0, ""absorbance"": 220.0}]"
seq_0011__largest_target_drop_step__bar,seq_0011,largest_target_drop_step,largest_drop_step,bar,bar,"At which step does absorbance show the largest drop compared with the previous step? If it never drops, answer none.",1,step_or_none,3,False,,"```json
{
    ""answer"": ""3""
}
```","[""/results/yao314652/home/project/outputs/visual_benchmark/qwen25vl_3b_all_modalities_rerun/images/seq_0011__largest_target_drop_step__bar/bar/step_0000.png"", ""/results/yao314652/home/project/outputs/visual_benchmark/qwen25vl_3b_all_modalities_rerun/images/seq_0011__largest_target_drop_step__bar/bar/step_0001.png"", ""/results/yao314652/home/project/outputs/visual_benchmark/qwen25vl_3b_all_modalities_rerun/images/seq_0011__largest_target_drop_step__bar/bar/step_0002.png"", ""/results/yao314652/home/project/outputs/visual_benchmark/qwen25vl_3b_all_modalities_rerun/images/seq_0011__largest_target_drop_step__bar/bar/step_0003.png"", ""/results/yao314652/home/project/outputs/visual_benchmark/qwen25vl_3b_all_modalities_rerun/images/seq_0011__largest_target_drop_step__bar/bar/step_0004.png""]","[{""wavelength"": 500.0, ""concentration"": 5.0, ""path_length"": 5.0, ""absorbance"": 250.0}, {""wavelength"": 500.0, ""concentration"": 5.0, ""path_length"": 4.0, ""absorbance"": 200.0}, {""wavelength"": 550.0, ""concentration"": 5.0, ""path_length"": 4.0, ""absorbance"": 220.0}, {""wavelength"": 600.0, ""concentration"": 5.0, ""path_length"": 4.0, ""absorbance"": 240.0}, {""wavelength"": 550.0, ""concentration"": 5.0, ""path_length"": 4.0, ""absorbance"": 220.0}]"
seq_0011__largest_target_drop_step__line,seq_0011,largest_target_drop_step,largest_drop_step,line,line,"At which step does absorbance show the largest drop compared with the previous step? If it never drops, answer none.",1,step_or_none,4,False,,"```json
{
    ""answer"": ""4""
}
```","[""/results/yao314652/home/project/outputs/visual_benchmark/qwen25vl_3b_all_modalities_rerun/images/seq_0011__largest_target_drop_step__line/line/seq_0011__largest_target_drop_step__line_step_0000.png"", ""/results/yao314652/home/project/outputs/visual_benchmark/qwen25vl_3b_all_modalities_rerun/images/seq_0011__largest_target_drop_step__line/line/seq_0011__largest_target_drop_step__line_step_0001.png"", ""/results/yao314652/home/project/outputs/visual_benchmark/qwen25vl_3b_all_modalities_rerun/images/seq_0011__largest_target_drop_step__line/line/seq_0011__largest_target_drop_step__line_step_0002.png"", ""/results/yao314652/home/project/outputs/visual_benchmark/qwen25vl_3b_all_modalities_rerun/images/seq_0011__largest_target_drop_step__line/line/seq_0011__largest_target_drop_step__line_step_0003.png"", ""/results/yao314652/home/project/outputs/visual_benchmark/qwen25vl_3b_all_modalities_rerun/images/seq_0011__largest_target_drop_step__line/line/seq_0011__largest_target_drop_step__line_step_0004.png""]","[{""wavelength"": 500.0, ""concentration"": 5.0, ""path_length"": 5.0, ""absorbance"": 250.0}, {""wavelength"": 500.0, ""concentration"": 5.0, ""path_length"": 4.0, ""absorbance"": 200.0}, {""wavelength"": 550.0, ""concentration"": 5.0, ""path_length"": 4.0, ""absorbance"": 220.0}, {""wavelength"": 600.0, ""concentration"": 5.0, ""path_length"": 4.0, ""absorbance"": 240.0}, {""wavelength"": 550.0, ""concentration"": 5.0, ""path_length"": 4.0, ""absorbance"": 220.0}]"
seq_0011__largest_target_drop_step__scatter,seq_0011,largest_target_drop_step,largest_drop_step,scatter,scatter,"At which step does absorbance show the largest drop compared with the previous step? If it never drops, answer none.",1,step_or_none,2,False,,"```json
{
  ""answer"": ""2""
}
```","[""/results/yao314652/home/project/outputs/visual_benchmark/qwen25vl_3b_all_modalities_rerun/images/seq_0011__largest_target_drop_step__scatter/scatter/seq_0011__largest_target_drop_step__scatter_step_0000.png"", ""/results/yao314652/home/project/outputs/visual_benchmark/qwen25vl_3b_all_modalities_rerun/images/seq_0011__largest_target_drop_step__scatter/scatter/seq_0011__largest_target_drop_step__scatter_step_0001.png"", ""/results/yao314652/home/project/outputs/visual_benchmark/qwen25vl_3b_all_modalities_rerun/images/seq_0011__largest_target_drop_step__scatter/scatter/seq_0011__largest_target_drop_step__scatter_step_0002.png"", ""/results/yao314652/home/project/outputs/visual_benchmark/qwen25vl_3b_all_modalities_rerun/images/seq_0011__largest_target_drop_step__scatter/scatter/seq_0011__largest_target_drop_step__scatter_step_0003.png"", ""/results/yao314652/home/project/outputs/visual_benchmark/qwen25vl_3b_all_modalities_rerun/images/seq_0011__largest_target_drop_step__scatter/scatter/seq_0011__largest_target_drop_step__scatter_step_0004.png""]","[{""wavelength"": 500.0, ""concentration"": 5.0, ""path_length"": 5.0, ""absorbance"": 250.0}, {""wavelength"": 500.0, ""concentration"": 5.0, ""path_length"": 4.0, ""absorbance"": 200.0}, {""wavelength"": 550.0, ""concentration"": 5.0, ""path_length"": 4.0, ""absorbance"": 220.0}, {""wavelength"": 600.0, ""concentration"": 5.0, ""path_length"": 4.0, ""absorbance"": 240.0}, {""wavelength"": 550.0, ""concentration"": 5.0, ""path_length"": 4.0, ""absorbance"": 220.0}]"
seq_0011__largest_target_drop_step__simulation,seq_0011,largest_target_drop_step,largest_drop_step,simulation,simulation,"At which step does absorbance show the largest drop compared with the previous step? If it never drops, answer none.",1,step_or_none,4,False,,"```json
{
    ""answer"": ""4""
}
```","[""/results/yao314652/home/project/outputs/visual_benchmark/qwen25vl_3b_all_modalities_rerun/images/seq_0011__largest_target_drop_step__simulation/simulation/step_0000.png"", ""/results/yao314652/home/project/outputs/visual_benchmark/qwen25vl_3b_all_modalities_rerun/images/seq_0011__largest_target_drop_step__simulation/simulation/step_0001.png"", ""/results/yao314652/home/project/outputs/visual_benchmark/qwen25vl_3b_all_modalities_rerun/images/seq_0011__largest_target_drop_step__simulation/simulation/step_0002.png"", ""/results/yao314652/home/project/outputs/visual_benchmark/qwen25vl_3b_all_modalities_rerun/images/seq_0011__largest_target_drop_step__simulation/simulation/step_0003.png"", ""/results/yao314652/home/project/outputs/visual_benchmark/qwen25vl_3b_all_modalities_rerun/images/seq_0011__largest_target_drop_step__simulation/simulation/step_0004.png""]","[{""wavelength"": 500.0, ""concentration"": 5.0, ""path_length"": 5.0, ""absorbance"": 250.0}, {""wavelength"": 500.0, ""concentration"": 5.0, ""path_length"": 4.0, ""absorbance"": 200.0}, {""wavelength"": 550.0, ""concentration"": 5.0, ""path_length"": 4.0, ""absorbance"": 220.0}, {""wavelength"": 600.0, ""concentration"": 5.0, ""path_length"": 4.0, ""absorbance"": 240.0}, {""wavelength"": 550.0, ""concentration"": 5.0, ""path_length"": 4.0, ""absorbance"": 220.0}]"
seq_0012__read_last_target__text,seq_0012,read_last_target,value_at_step,text,none,What is the value of absorbance at step 4?,54.0,number,54,True,0.0,"```json
{
  ""answer"": 54
}
```",[],"[{""wavelength"": 450.0, ""concentration"": 2.0, ""path_length"": 1.0, ""absorbance"": 18.0}, {""wavelength"": 450.0, ""concentration"": 2.0, ""path_length"": 2.0, ""absorbance"": 36.0}, {""wavelength"": 450.0, ""concentration"": 1.0, ""path_length"": 2.0, ""absorbance"": 18.0}, {""wavelength"": 450.0, ""concentration"": 2.0, ""path_length"": 2.0, ""absorbance"": 36.0}, {""wavelength"": 450.0, ""concentration"": 3.0, ""path_length"": 2.0, ""absorbance"": 54.0}]"
seq_0012__read_last_target__bar,seq_0012,read_last_target,value_at_step,bar,bar,What is the value of absorbance at step 4?,54.0,number,0.312,False,53.688,"```json
{
  ""answer"": 0.312
}
```","[""/results/yao314652/home/project/outputs/visual_benchmark/qwen25vl_3b_all_modalities_rerun/images/seq_0012__read_last_target__bar/bar/step_0000.png"", ""/results/yao314652/home/project/outputs/visual_benchmark/qwen25vl_3b_all_modalities_rerun/images/seq_0012__read_last_target__bar/bar/step_0001.png"", ""/results/yao314652/home/project/outputs/visual_benchmark/qwen25vl_3b_all_modalities_rerun/images/seq_0012__read_last_target__bar/bar/step_0002.png"", ""/results/yao314652/home/project/outputs/visual_benchmark/qwen25vl_3b_all_modalities_rerun/images/seq_0012__read_last_target__bar/bar/step_0003.png"", ""/results/yao314652/home/project/outputs/visual_benchmark/qwen25vl_3b_all_modalities_rerun/images/seq_0012__read_last_target__bar/bar/step_0004.png""]","[{""wavelength"": 450.0, ""concentration"": 2.0, ""path_length"": 1.0, ""absorbance"": 18.0}, {""wavelength"": 450.0, ""concentration"": 2.0, ""path_length"": 2.0, ""absorbance"": 36.0}, {""wavelength"": 450.0, ""concentration"": 1.0, ""path_length"": 2.0, ""absorbance"": 18.0}, {""wavelength"": 450.0, ""concentration"": 2.0, ""path_length"": 2.0, ""absorbance"": 36.0}, {""wavelength"": 450.0, ""concentration"": 3.0, ""path_length"": 2.0, ""absorbance"": 54.0}]"
seq_0012__read_last_target__line,seq_0012,read_last_target,value_at_step,line,line,What is the value of absorbance at step 4?,54.0,number,0.98,False,53.02,"```json
{
  ""answer"": 0.98
}
```","[""/results/yao314652/home/project/outputs/visual_benchmark/qwen25vl_3b_all_modalities_rerun/images/seq_0012__read_last_target__line/line/seq_0012__read_last_target__line_step_0000.png"", ""/results/yao314652/home/project/outputs/visual_benchmark/qwen25vl_3b_all_modalities_rerun/images/seq_0012__read_last_target__line/line/seq_0012__read_last_target__line_step_0001.png"", ""/results/yao314652/home/project/outputs/visual_benchmark/qwen25vl_3b_all_modalities_rerun/images/seq_0012__read_last_target__line/line/seq_0012__read_last_target__line_step_0002.png"", ""/results/yao314652/home/project/outputs/visual_benchmark/qwen25vl_3b_all_modalities_rerun/images/seq_0012__read_last_target__line/line/seq_0012__read_last_target__line_step_0003.png"", ""/results/yao314652/home/project/outputs/visual_benchmark/qwen25vl_3b_all_modalities_rerun/images/seq_0012__read_last_target__line/line/seq_0012__read_last_target__line_step_0004.png""]","[{""wavelength"": 450.0, ""concentration"": 2.0, ""path_length"": 1.0, ""absorbance"": 18.0}, {""wavelength"": 450.0, ""concentration"": 2.0, ""path_length"": 2.0, ""absorbance"": 36.0}, {""wavelength"": 450.0, ""concentration"": 1.0, ""path_length"": 2.0, ""absorbance"": 18.0}, {""wavelength"": 450.0, ""concentration"": 2.0, ""path_length"": 2.0, ""absorbance"": 36.0}, {""wavelength"": 450.0, ""concentration"": 3.0, ""path_length"": 2.0, ""absorbance"": 54.0}]"
seq_0012__read_last_target__scatter,seq_0012,read_last_target,value_at_step,scatter,scatter,What is the value of absorbance at step 4?,54.0,number,1.903,False,52.097,"```json
{
  ""answer"": 1.903
}
```","[""/results/yao314652/home/project/outputs/visual_benchmark/qwen25vl_3b_all_modalities_rerun/images/seq_0012__read_last_target__scatter/scatter/seq_0012__read_last_target__scatter_step_0000.png"", ""/results/yao314652/home/project/outputs/visual_benchmark/qwen25vl_3b_all_modalities_rerun/images/seq_0012__read_last_target__scatter/scatter/seq_0012__read_last_target__scatter_step_0001.png"", ""/results/yao314652/home/project/outputs/visual_benchmark/qwen25vl_3b_all_modalities_rerun/images/seq_0012__read_last_target__scatter/scatter/seq_0012__read_last_target__scatter_step_0002.png"", ""/results/yao314652/home/project/outputs/visual_benchmark/qwen25vl_3b_all_modalities_rerun/images/seq_0012__read_last_target__scatter/scatter/seq_0012__read_last_target__scatter_step_0003.png"", ""/results/yao314652/home/project/outputs/visual_benchmark/qwen25vl_3b_all_modalities_rerun/images/seq_0012__read_last_target__scatter/scatter/seq_0012__read_last_target__scatter_step_0004.png""]","[{""wavelength"": 450.0, ""concentration"": 2.0, ""path_length"": 1.0, ""absorbance"": 18.0}, {""wavelength"": 450.0, ""concentration"": 2.0, ""path_length"": 2.0, ""absorbance"": 36.0}, {""wavelength"": 450.0, ""concentration"": 1.0, ""path_length"": 2.0, ""absorbance"": 18.0}, {""wavelength"": 450.0, ""concentration"": 2.0, ""path_length"": 2.0, ""absorbance"": 36.0}, {""wavelength"": 450.0, ""concentration"": 3.0, ""path_length"": 2.0, ""absorbance"": 54.0}]"
seq_0012__read_last_target__simulation,seq_0012,read_last_target,value_at_step,simulation,simulation,What is the value of absorbance at step 4?,54.0,number,0.7,False,53.3,"```json
{
    ""answer"": 0.7
}
```","[""/results/yao314652/home/project/outputs/visual_benchmark/qwen25vl_3b_all_modalities_rerun/images/seq_0012__read_last_target__simulation/simulation/step_0000.png"", ""/results/yao314652/home/project/outputs/visual_benchmark/qwen25vl_3b_all_modalities_rerun/images/seq_0012__read_last_target__simulation/simulation/step_0001.png"", ""/results/yao314652/home/project/outputs/visual_benchmark/qwen25vl_3b_all_modalities_rerun/images/seq_0012__read_last_target__simulation/simulation/step_0002.png"", ""/results/yao314652/home/project/outputs/visual_benchmark/qwen25vl_3b_all_modalities_rerun/images/seq_0012__read_last_target__simulation/simulation/step_0003.png"", ""/results/yao314652/home/project/outputs/visual_benchmark/qwen25vl_3b_all_modalities_rerun/images/seq_0012__read_last_target__simulation/simulation/step_0004.png""]","[{""wavelength"": 450.0, ""concentration"": 2.0, ""path_length"": 1.0, ""absorbance"": 18.0}, {""wavelength"": 450.0, ""concentration"": 2.0, ""path_length"": 2.0, ""absorbance"": 36.0}, {""wavelength"": 450.0, ""concentration"": 1.0, ""path_length"": 2.0, ""absorbance"": 18.0}, {""wavelength"": 450.0, ""concentration"": 2.0, ""path_length"": 2.0, ""absorbance"": 36.0}, {""wavelength"": 450.0, ""concentration"": 3.0, ""path_length"": 2.0, ""absorbance"": 54.0}]"
seq_0012__target_change_amount__text,seq_0012,target_change_amount,change_amount,text,none,By how much does absorbance change from step 0 to step 4?,36.0,number,36,True,0.0,"```json
{
  ""answer"": 36
}
```",[],"[{""wavelength"": 450.0, ""concentration"": 2.0, ""path_length"": 1.0, ""absorbance"": 18.0}, {""wavelength"": 450.0, ""concentration"": 2.0, ""path_length"": 2.0, ""absorbance"": 36.0}, {""wavelength"": 450.0, ""concentration"": 1.0, ""path_length"": 2.0, ""absorbance"": 18.0}, {""wavelength"": 450.0, ""concentration"": 2.0, ""path_length"": 2.0, ""absorbance"": 36.0}, {""wavelength"": 450.0, ""concentration"": 3.0, ""path_length"": 2.0, ""absorbance"": 54.0}]"
seq_0012__target_change_amount__bar,seq_0012,target_change_amount,change_amount,bar,bar,By how much does absorbance change from step 0 to step 4?,36.0,number,1,False,35.0,"```json
{
    ""answer"": 1
}
```","[""/results/yao314652/home/project/outputs/visual_benchmark/qwen25vl_3b_all_modalities_rerun/images/seq_0012__target_change_amount__bar/bar/step_0000.png"", ""/results/yao314652/home/project/outputs/visual_benchmark/qwen25vl_3b_all_modalities_rerun/images/seq_0012__target_change_amount__bar/bar/step_0001.png"", ""/results/yao314652/home/project/outputs/visual_benchmark/qwen25vl_3b_all_modalities_rerun/images/seq_0012__target_change_amount__bar/bar/step_0002.png"", ""/results/yao314652/home/project/outputs/visual_benchmark/qwen25vl_3b_all_modalities_rerun/images/seq_0012__target_change_amount__bar/bar/step_0003.png"", ""/results/yao314652/home/project/outputs/visual_benchmark/qwen25vl_3b_all_modalities_rerun/images/seq_0012__target_change_amount__bar/bar/step_0004.png""]","[{""wavelength"": 450.0, ""concentration"": 2.0, ""path_length"": 1.0, ""absorbance"": 18.0}, {""wavelength"": 450.0, ""concentration"": 2.0, ""path_length"": 2.0, ""absorbance"": 36.0}, {""wavelength"": 450.0, ""concentration"": 1.0, ""path_length"": 2.0, ""absorbance"": 18.0}, {""wavelength"": 450.0, ""concentration"": 2.0, ""path_length"": 2.0, ""absorbance"": 36.0}, {""wavelength"": 450.0, ""concentration"": 3.0, ""path_length"": 2.0, ""absorbance"": 54.0}]"
seq_0012__target_change_amount__line,seq_0012,target_change_amount,change_amount,line,line,By how much does absorbance change from step 0 to step 4?,36.0,number,1.9,False,34.1,"```json
{
  ""answer"": 1.9
}
```","[""/results/yao314652/home/project/outputs/visual_benchmark/qwen25vl_3b_all_modalities_rerun/images/seq_0012__target_change_amount__line/line/seq_0012__target_change_amount__line_step_0000.png"", ""/results/yao314652/home/project/outputs/visual_benchmark/qwen25vl_3b_all_modalities_rerun/images/seq_0012__target_change_amount__line/line/seq_0012__target_change_amount__line_step_0001.png"", ""/results/yao314652/home/project/outputs/visual_benchmark/qwen25vl_3b_all_modalities_rerun/images/seq_0012__target_change_amount__line/line/seq_0012__target_change_amount__line_step_0002.png"", ""/results/yao314652/home/project/outputs/visual_benchmark/qwen25vl_3b_all_modalities_rerun/images/seq_0012__target_change_amount__line/line/seq_0012__target_change_amount__line_step_0003.png"", ""/results/yao314652/home/project/outputs/visual_benchmark/qwen25vl_3b_all_modalities_rerun/images/seq_0012__target_change_amount__line/line/seq_0012__target_change_amount__line_step_0004.png""]","[{""wavelength"": 450.0, ""concentration"": 2.0, ""path_length"": 1.0, ""absorbance"": 18.0}, {""wavelength"": 450.0, ""concentration"": 2.0, ""path_length"": 2.0, ""absorbance"": 36.0}, {""wavelength"": 450.0, ""concentration"": 1.0, ""path_length"": 2.0, ""absorbance"": 18.0}, {""wavelength"": 450.0, ""concentration"": 2.0, ""path_length"": 2.0, ""absorbance"": 36.0}, {""wavelength"": 450.0, ""concentration"": 3.0, ""path_length"": 2.0, ""absorbance"": 54.0}]"
seq_0012__target_change_amount__scatter,seq_0012,target_change_amount,change_amount,scatter,scatter,By how much does absorbance change from step 0 to step 4?,36.0,number,-0.2389861435709382,False,36.23898614357094,"```json
{
  ""answer"": -0.2389861435709382
}
```","[""/results/yao314652/home/project/outputs/visual_benchmark/qwen25vl_3b_all_modalities_rerun/images/seq_0012__target_change_amount__scatter/scatter/seq_0012__target_change_amount__scatter_step_0000.png"", ""/results/yao314652/home/project/outputs/visual_benchmark/qwen25vl_3b_all_modalities_rerun/images/seq_0012__target_change_amount__scatter/scatter/seq_0012__target_change_amount__scatter_step_0001.png"", ""/results/yao314652/home/project/outputs/visual_benchmark/qwen25vl_3b_all_modalities_rerun/images/seq_0012__target_change_amount__scatter/scatter/seq_0012__target_change_amount__scatter_step_0002.png"", ""/results/yao314652/home/project/outputs/visual_benchmark/qwen25vl_3b_all_modalities_rerun/images/seq_0012__target_change_amount__scatter/scatter/seq_0012__target_change_amount__scatter_step_0003.png"", ""/results/yao314652/home/project/outputs/visual_benchmark/qwen25vl_3b_all_modalities_rerun/images/seq_0012__target_change_amount__scatter/scatter/seq_0012__target_change_amount__scatter_step_0004.png""]","[{""wavelength"": 450.0, ""concentration"": 2.0, ""path_length"": 1.0, ""absorbance"": 18.0}, {""wavelength"": 450.0, ""concentration"": 2.0, ""path_length"": 2.0, ""absorbance"": 36.0}, {""wavelength"": 450.0, ""concentration"": 1.0, ""path_length"": 2.0, ""absorbance"": 18.0}, {""wavelength"": 450.0, ""concentration"": 2.0, ""path_length"": 2.0, ""absorbance"": 36.0}, {""wavelength"": 450.0, ""concentration"": 3.0, ""path_length"": 2.0, ""absorbance"": 54.0}]"
seq_0012__target_change_amount__simulation,seq_0012,target_change_amount,change_amount,simulation,simulation,By how much does absorbance change from step 0 to step 4?,36.0,number,-0.02,False,36.02,"{""answer"": -0.02}","[""/results/yao314652/home/project/outputs/visual_benchmark/qwen25vl_3b_all_modalities_rerun/images/seq_0012__target_change_amount__simulation/simulation/step_0000.png"", ""/results/yao314652/home/project/outputs/visual_benchmark/qwen25vl_3b_all_modalities_rerun/images/seq_0012__target_change_amount__simulation/simulation/step_0001.png"", ""/results/yao314652/home/project/outputs/visual_benchmark/qwen25vl_3b_all_modalities_rerun/images/seq_0012__target_change_amount__simulation/simulation/step_0002.png"", ""/results/yao314652/home/project/outputs/visual_benchmark/qwen25vl_3b_all_modalities_rerun/images/seq_0012__target_change_amount__simulation/simulation/step_0003.png"", ""/results/yao314652/home/project/outputs/visual_benchmark/qwen25vl_3b_all_modalities_rerun/images/seq_0012__target_change_amount__simulation/simulation/step_0004.png""]","[{""wavelength"": 450.0, ""concentration"": 2.0, ""path_length"": 1.0, ""absorbance"": 18.0}, {""wavelength"": 450.0, ""concentration"": 2.0, ""path_length"": 2.0, ""absorbance"": 36.0}, {""wavelength"": 450.0, ""concentration"": 1.0, ""path_length"": 2.0, ""absorbance"": 18.0}, {""wavelength"": 450.0, ""concentration"": 2.0, ""path_length"": 2.0, ""absorbance"": 36.0}, {""wavelength"": 450.0, ""concentration"": 3.0, ""path_length"": 2.0, ""absorbance"": 54.0}]"
seq_0012__target_change_direction__text,seq_0012,target_change_direction,change_direction,text,none,"Does absorbance increase, decrease, or stay the same from step 0 to step 4?",increase,category,increase,True,,"```json
{
  ""answer"": ""increase""
}
```",[],"[{""wavelength"": 450.0, ""concentration"": 2.0, ""path_length"": 1.0, ""absorbance"": 18.0}, {""wavelength"": 450.0, ""concentration"": 2.0, ""path_length"": 2.0, ""absorbance"": 36.0}, {""wavelength"": 450.0, ""concentration"": 1.0, ""path_length"": 2.0, ""absorbance"": 18.0}, {""wavelength"": 450.0, ""concentration"": 2.0, ""path_length"": 2.0, ""absorbance"": 36.0}, {""wavelength"": 450.0, ""concentration"": 3.0, ""path_length"": 2.0, ""absorbance"": 54.0}]"
seq_0012__target_change_direction__bar,seq_0012,target_change_direction,change_direction,bar,bar,"Does absorbance increase, decrease, or stay the same from step 0 to step 4?",increase,category,decrease,False,,"```json
{
  ""answer"": ""decrease""
}
```","[""/results/yao314652/home/project/outputs/visual_benchmark/qwen25vl_3b_all_modalities_rerun/images/seq_0012__target_change_direction__bar/bar/step_0000.png"", ""/results/yao314652/home/project/outputs/visual_benchmark/qwen25vl_3b_all_modalities_rerun/images/seq_0012__target_change_direction__bar/bar/step_0001.png"", ""/results/yao314652/home/project/outputs/visual_benchmark/qwen25vl_3b_all_modalities_rerun/images/seq_0012__target_change_direction__bar/bar/step_0002.png"", ""/results/yao314652/home/project/outputs/visual_benchmark/qwen25vl_3b_all_modalities_rerun/images/seq_0012__target_change_direction__bar/bar/step_0003.png"", ""/results/yao314652/home/project/outputs/visual_benchmark/qwen25vl_3b_all_modalities_rerun/images/seq_0012__target_change_direction__bar/bar/step_0004.png""]","[{""wavelength"": 450.0, ""concentration"": 2.0, ""path_length"": 1.0, ""absorbance"": 18.0}, {""wavelength"": 450.0, ""concentration"": 2.0, ""path_length"": 2.0, ""absorbance"": 36.0}, {""wavelength"": 450.0, ""concentration"": 1.0, ""path_length"": 2.0, ""absorbance"": 18.0}, {""wavelength"": 450.0, ""concentration"": 2.0, ""path_length"": 2.0, ""absorbance"": 36.0}, {""wavelength"": 450.0, ""concentration"": 3.0, ""path_length"": 2.0, ""absorbance"": 54.0}]"
seq_0012__target_change_direction__line,seq_0012,target_change_direction,change_direction,line,line,"Does absorbance increase, decrease, or stay the same from step 0 to step 4?",increase,category,decrease,False,,"{""answer"": ""decrease""}","[""/results/yao314652/home/project/outputs/visual_benchmark/qwen25vl_3b_all_modalities_rerun/images/seq_0012__target_change_direction__line/line/seq_0012__target_change_direction__line_step_0000.png"", ""/results/yao314652/home/project/outputs/visual_benchmark/qwen25vl_3b_all_modalities_rerun/images/seq_0012__target_change_direction__line/line/seq_0012__target_change_direction__line_step_0001.png"", ""/results/yao314652/home/project/outputs/visual_benchmark/qwen25vl_3b_all_modalities_rerun/images/seq_0012__target_change_direction__line/line/seq_0012__target_change_direction__line_step_0002.png"", ""/results/yao314652/home/project/outputs/visual_benchmark/qwen25vl_3b_all_modalities_rerun/images/seq_0012__target_change_direction__line/line/seq_0012__target_change_direction__line_step_0003.png"", ""/results/yao314652/home/project/outputs/visual_benchmark/qwen25vl_3b_all_modalities_rerun/images/seq_0012__target_change_direction__line/line/seq_0012__target_change_direction__line_step_0004.png""]","[{""wavelength"": 450.0, ""concentration"": 2.0, ""path_length"": 1.0, ""absorbance"": 18.0}, {""wavelength"": 450.0, ""concentration"": 2.0, ""path_length"": 2.0, ""absorbance"": 36.0}, {""wavelength"": 450.0, ""concentration"": 1.0, ""path_length"": 2.0, ""absorbance"": 18.0}, {""wavelength"": 450.0, ""concentration"": 2.0, ""path_length"": 2.0, ""absorbance"": 36.0}, {""wavelength"": 450.0, ""concentration"": 3.0, ""path_length"": 2.0, ""absorbance"": 54.0}]"
seq_0012__target_change_direction__scatter,seq_0012,target_change_direction,change_direction,scatter,scatter,"Does absorbance increase, decrease, or stay the same from step 0 to step 4?",increase,category,decrease,False,,"{""answer"": ""decrease""}","[""/results/yao314652/home/project/outputs/visual_benchmark/qwen25vl_3b_all_modalities_rerun/images/seq_0012__target_change_direction__scatter/scatter/seq_0012__target_change_direction__scatter_step_0000.png"", ""/results/yao314652/home/project/outputs/visual_benchmark/qwen25vl_3b_all_modalities_rerun/images/seq_0012__target_change_direction__scatter/scatter/seq_0012__target_change_direction__scatter_step_0001.png"", ""/results/yao314652/home/project/outputs/visual_benchmark/qwen25vl_3b_all_modalities_rerun/images/seq_0012__target_change_direction__scatter/scatter/seq_0012__target_change_direction__scatter_step_0002.png"", ""/results/yao314652/home/project/outputs/visual_benchmark/qwen25vl_3b_all_modalities_rerun/images/seq_0012__target_change_direction__scatter/scatter/seq_0012__target_change_direction__scatter_step_0003.png"", ""/results/yao314652/home/project/outputs/visual_benchmark/qwen25vl_3b_all_modalities_rerun/images/seq_0012__target_change_direction__scatter/scatter/seq_0012__target_change_direction__scatter_step_0004.png""]","[{""wavelength"": 450.0, ""concentration"": 2.0, ""path_length"": 1.0, ""absorbance"": 18.0}, {""wavelength"": 450.0, ""concentration"": 2.0, ""path_length"": 2.0, ""absorbance"": 36.0}, {""wavelength"": 450.0, ""concentration"": 1.0, ""path_length"": 2.0, ""absorbance"": 18.0}, {""wavelength"": 450.0, ""concentration"": 2.0, ""path_length"": 2.0, ""absorbance"": 36.0}, {""wavelength"": 450.0, ""concentration"": 3.0, ""path_length"": 2.0, ""absorbance"": 54.0}]"
seq_0012__target_change_direction__simulation,seq_0012,target_change_direction,change_direction,simulation,simulation,"Does absorbance increase, decrease, or stay the same from step 0 to step 4?",increase,category,decrease,False,,"{""answer"": ""decrease""}","[""/results/yao314652/home/project/outputs/visual_benchmark/qwen25vl_3b_all_modalities_rerun/images/seq_0012__target_change_direction__simulation/simulation/step_0000.png"", ""/results/yao314652/home/project/outputs/visual_benchmark/qwen25vl_3b_all_modalities_rerun/images/seq_0012__target_change_direction__simulation/simulation/step_0001.png"", ""/results/yao314652/home/project/outputs/visual_benchmark/qwen25vl_3b_all_modalities_rerun/images/seq_0012__target_change_direction__simulation/simulation/step_0002.png"", ""/results/yao314652/home/project/outputs/visual_benchmark/qwen25vl_3b_all_modalities_rerun/images/seq_0012__target_change_direction__simulation/simulation/step_0003.png"", ""/results/yao314652/home/project/outputs/visual_benchmark/qwen25vl_3b_all_modalities_rerun/images/seq_0012__target_change_direction__simulation/simulation/step_0004.png""]","[{""wavelength"": 450.0, ""concentration"": 2.0, ""path_length"": 1.0, ""absorbance"": 18.0}, {""wavelength"": 450.0, ""concentration"": 2.0, ""path_length"": 2.0, ""absorbance"": 36.0}, {""wavelength"": 450.0, ""concentration"": 1.0, ""path_length"": 2.0, ""absorbance"": 18.0}, {""wavelength"": 450.0, ""concentration"": 2.0, ""path_length"": 2.0, ""absorbance"": 36.0}, {""wavelength"": 450.0, ""concentration"": 3.0, ""path_length"": 2.0, ""absorbance"": 54.0}]"
seq_0012__changed_variable_0_to_1__text,seq_0012,changed_variable_0_to_1,changed_variable,text,none,Which input variable changed from step 0 to step 1?,path_length,category,concentration,False,,"{""answer"": ""concentration""}",[],"[{""wavelength"": 450.0, ""concentration"": 2.0, ""path_length"": 1.0, ""absorbance"": 18.0}, {""wavelength"": 450.0, ""concentration"": 2.0, ""path_length"": 2.0, ""absorbance"": 36.0}, {""wavelength"": 450.0, ""concentration"": 1.0, ""path_length"": 2.0, ""absorbance"": 18.0}, {""wavelength"": 450.0, ""concentration"": 2.0, ""path_length"": 2.0, ""absorbance"": 36.0}, {""wavelength"": 450.0, ""concentration"": 3.0, ""path_length"": 2.0, ""absorbance"": 54.0}]"
seq_0012__changed_variable_0_to_1__bar,seq_0012,changed_variable_0_to_1,changed_variable,bar,bar,Which input variable changed from step 0 to step 1?,path_length,category,price,False,,"{""answer"": ""price""}","[""/results/yao314652/home/project/outputs/visual_benchmark/qwen25vl_3b_all_modalities_rerun/images/seq_0012__changed_variable_0_to_1__bar/bar/step_0000.png"", ""/results/yao314652/home/project/outputs/visual_benchmark/qwen25vl_3b_all_modalities_rerun/images/seq_0012__changed_variable_0_to_1__bar/bar/step_0001.png"", ""/results/yao314652/home/project/outputs/visual_benchmark/qwen25vl_3b_all_modalities_rerun/images/seq_0012__changed_variable_0_to_1__bar/bar/step_0002.png"", ""/results/yao314652/home/project/outputs/visual_benchmark/qwen25vl_3b_all_modalities_rerun/images/seq_0012__changed_variable_0_to_1__bar/bar/step_0003.png"", ""/results/yao314652/home/project/outputs/visual_benchmark/qwen25vl_3b_all_modalities_rerun/images/seq_0012__changed_variable_0_to_1__bar/bar/step_0004.png""]","[{""wavelength"": 450.0, ""concentration"": 2.0, ""path_length"": 1.0, ""absorbance"": 18.0}, {""wavelength"": 450.0, ""concentration"": 2.0, ""path_length"": 2.0, ""absorbance"": 36.0}, {""wavelength"": 450.0, ""concentration"": 1.0, ""path_length"": 2.0, ""absorbance"": 18.0}, {""wavelength"": 450.0, ""concentration"": 2.0, ""path_length"": 2.0, ""absorbance"": 36.0}, {""wavelength"": 450.0, ""concentration"": 3.0, ""path_length"": 2.0, ""absorbance"": 54.0}]"
seq_0012__changed_variable_0_to_1__line,seq_0012,changed_variable_0_to_1,changed_variable,line,line,Which input variable changed from step 0 to step 1?,path_length,category,m,False,,"{""answer"": ""m""}","[""/results/yao314652/home/project/outputs/visual_benchmark/qwen25vl_3b_all_modalities_rerun/images/seq_0012__changed_variable_0_to_1__line/line/seq_0012__changed_variable_0_to_1__line_step_0000.png"", ""/results/yao314652/home/project/outputs/visual_benchmark/qwen25vl_3b_all_modalities_rerun/images/seq_0012__changed_variable_0_to_1__line/line/seq_0012__changed_variable_0_to_1__line_step_0001.png"", ""/results/yao314652/home/project/outputs/visual_benchmark/qwen25vl_3b_all_modalities_rerun/images/seq_0012__changed_variable_0_to_1__line/line/seq_0012__changed_variable_0_to_1__line_step_0002.png"", ""/results/yao314652/home/project/outputs/visual_benchmark/qwen25vl_3b_all_modalities_rerun/images/seq_0012__changed_variable_0_to_1__line/line/seq_0012__changed_variable_0_to_1__line_step_0003.png"", ""/results/yao314652/home/project/outputs/visual_benchmark/qwen25vl_3b_all_modalities_rerun/images/seq_0012__changed_variable_0_to_1__line/line/seq_0012__changed_variable_0_to_1__line_step_0004.png""]","[{""wavelength"": 450.0, ""concentration"": 2.0, ""path_length"": 1.0, ""absorbance"": 18.0}, {""wavelength"": 450.0, ""concentration"": 2.0, ""path_length"": 2.0, ""absorbance"": 36.0}, {""wavelength"": 450.0, ""concentration"": 1.0, ""path_length"": 2.0, ""absorbance"": 18.0}, {""wavelength"": 450.0, ""concentration"": 2.0, ""path_length"": 2.0, ""absorbance"": 36.0}, {""wavelength"": 450.0, ""concentration"": 3.0, ""path_length"": 2.0, ""absorbance"": 54.0}]"
seq_0012__changed_variable_0_to_1__scatter,seq_0012,changed_variable_0_to_1,changed_variable,scatter,scatter,Which input variable changed from step 0 to step 1?,path_length,category,time,False,,"{""answer"": ""time""}","[""/results/yao314652/home/project/outputs/visual_benchmark/qwen25vl_3b_all_modalities_rerun/images/seq_0012__changed_variable_0_to_1__scatter/scatter/seq_0012__changed_variable_0_to_1__scatter_step_0000.png"", ""/results/yao314652/home/project/outputs/visual_benchmark/qwen25vl_3b_all_modalities_rerun/images/seq_0012__changed_variable_0_to_1__scatter/scatter/seq_0012__changed_variable_0_to_1__scatter_step_0001.png"", ""/results/yao314652/home/project/outputs/visual_benchmark/qwen25vl_3b_all_modalities_rerun/images/seq_0012__changed_variable_0_to_1__scatter/scatter/seq_0012__changed_variable_0_to_1__scatter_step_0002.png"", ""/results/yao314652/home/project/outputs/visual_benchmark/qwen25vl_3b_all_modalities_rerun/images/seq_0012__changed_variable_0_to_1__scatter/scatter/seq_0012__changed_variable_0_to_1__scatter_step_0003.png"", ""/results/yao314652/home/project/outputs/visual_benchmark/qwen25vl_3b_all_modalities_rerun/images/seq_0012__changed_variable_0_to_1__scatter/scatter/seq_0012__changed_variable_0_to_1__scatter_step_0004.png""]","[{""wavelength"": 450.0, ""concentration"": 2.0, ""path_length"": 1.0, ""absorbance"": 18.0}, {""wavelength"": 450.0, ""concentration"": 2.0, ""path_length"": 2.0, ""absorbance"": 36.0}, {""wavelength"": 450.0, ""concentration"": 1.0, ""path_length"": 2.0, ""absorbance"": 18.0}, {""wavelength"": 450.0, ""concentration"": 2.0, ""path_length"": 2.0, ""absorbance"": 36.0}, {""wavelength"": 450.0, ""concentration"": 3.0, ""path_length"": 2.0, ""absorbance"": 54.0}]"
seq_0012__changed_variable_0_to_1__simulation,seq_0012,changed_variable_0_to_1,changed_variable,simulation,simulation,Which input variable changed from step 0 to step 1?,path_length,category,voltage,False,,"{""answer"": ""voltage""}","[""/results/yao314652/home/project/outputs/visual_benchmark/qwen25vl_3b_all_modalities_rerun/images/seq_0012__changed_variable_0_to_1__simulation/simulation/step_0000.png"", ""/results/yao314652/home/project/outputs/visual_benchmark/qwen25vl_3b_all_modalities_rerun/images/seq_0012__changed_variable_0_to_1__simulation/simulation/step_0001.png"", ""/results/yao314652/home/project/outputs/visual_benchmark/qwen25vl_3b_all_modalities_rerun/images/seq_0012__changed_variable_0_to_1__simulation/simulation/step_0002.png"", ""/results/yao314652/home/project/outputs/visual_benchmark/qwen25vl_3b_all_modalities_rerun/images/seq_0012__changed_variable_0_to_1__simulation/simulation/step_0003.png"", ""/results/yao314652/home/project/outputs/visual_benchmark/qwen25vl_3b_all_modalities_rerun/images/seq_0012__changed_variable_0_to_1__simulation/simulation/step_0004.png""]","[{""wavelength"": 450.0, ""concentration"": 2.0, ""path_length"": 1.0, ""absorbance"": 18.0}, {""wavelength"": 450.0, ""concentration"": 2.0, ""path_length"": 2.0, ""absorbance"": 36.0}, {""wavelength"": 450.0, ""concentration"": 1.0, ""path_length"": 2.0, ""absorbance"": 18.0}, {""wavelength"": 450.0, ""concentration"": 2.0, ""path_length"": 2.0, ""absorbance"": 36.0}, {""wavelength"": 450.0, ""concentration"": 3.0, ""path_length"": 2.0, ""absorbance"": 54.0}]"
seq_0012__max_target_step__text,seq_0012,max_target_step,max_step,text,none,At which step is absorbance the highest?,4,step,4,True,,"```json
{
  ""answer"": 4
}
```",[],"[{""wavelength"": 450.0, ""concentration"": 2.0, ""path_length"": 1.0, ""absorbance"": 18.0}, {""wavelength"": 450.0, ""concentration"": 2.0, ""path_length"": 2.0, ""absorbance"": 36.0}, {""wavelength"": 450.0, ""concentration"": 1.0, ""path_length"": 2.0, ""absorbance"": 18.0}, {""wavelength"": 450.0, ""concentration"": 2.0, ""path_length"": 2.0, ""absorbance"": 36.0}, {""wavelength"": 450.0, ""concentration"": 3.0, ""path_length"": 2.0, ""absorbance"": 54.0}]"
seq_0012__max_target_step__bar,seq_0012,max_target_step,max_step,bar,bar,At which step is absorbance the highest?,4,step,4,True,,"```json
{
    ""answer"": 4
}
```","[""/results/yao314652/home/project/outputs/visual_benchmark/qwen25vl_3b_all_modalities_rerun/images/seq_0012__max_target_step__bar/bar/step_0000.png"", ""/results/yao314652/home/project/outputs/visual_benchmark/qwen25vl_3b_all_modalities_rerun/images/seq_0012__max_target_step__bar/bar/step_0001.png"", ""/results/yao314652/home/project/outputs/visual_benchmark/qwen25vl_3b_all_modalities_rerun/images/seq_0012__max_target_step__bar/bar/step_0002.png"", ""/results/yao314652/home/project/outputs/visual_benchmark/qwen25vl_3b_all_modalities_rerun/images/seq_0012__max_target_step__bar/bar/step_0003.png"", ""/results/yao314652/home/project/outputs/visual_benchmark/qwen25vl_3b_all_modalities_rerun/images/seq_0012__max_target_step__bar/bar/step_0004.png""]","[{""wavelength"": 450.0, ""concentration"": 2.0, ""path_length"": 1.0, ""absorbance"": 18.0}, {""wavelength"": 450.0, ""concentration"": 2.0, ""path_length"": 2.0, ""absorbance"": 36.0}, {""wavelength"": 450.0, ""concentration"": 1.0, ""path_length"": 2.0, ""absorbance"": 18.0}, {""wavelength"": 450.0, ""concentration"": 2.0, ""path_length"": 2.0, ""absorbance"": 36.0}, {""wavelength"": 450.0, ""concentration"": 3.0, ""path_length"": 2.0, ""absorbance"": 54.0}]"
seq_0012__max_target_step__line,seq_0012,max_target_step,max_step,line,line,At which step is absorbance the highest?,4,step,2,False,,"```json
{
    ""answer"": 2
}
```","[""/results/yao314652/home/project/outputs/visual_benchmark/qwen25vl_3b_all_modalities_rerun/images/seq_0012__max_target_step__line/line/seq_0012__max_target_step__line_step_0000.png"", ""/results/yao314652/home/project/outputs/visual_benchmark/qwen25vl_3b_all_modalities_rerun/images/seq_0012__max_target_step__line/line/seq_0012__max_target_step__line_step_0001.png"", ""/results/yao314652/home/project/outputs/visual_benchmark/qwen25vl_3b_all_modalities_rerun/images/seq_0012__max_target_step__line/line/seq_0012__max_target_step__line_step_0002.png"", ""/results/yao314652/home/project/outputs/visual_benchmark/qwen25vl_3b_all_modalities_rerun/images/seq_0012__max_target_step__line/line/seq_0012__max_target_step__line_step_0003.png"", ""/results/yao314652/home/project/outputs/visual_benchmark/qwen25vl_3b_all_modalities_rerun/images/seq_0012__max_target_step__line/line/seq_0012__max_target_step__line_step_0004.png""]","[{""wavelength"": 450.0, ""concentration"": 2.0, ""path_length"": 1.0, ""absorbance"": 18.0}, {""wavelength"": 450.0, ""concentration"": 2.0, ""path_length"": 2.0, ""absorbance"": 36.0}, {""wavelength"": 450.0, ""concentration"": 1.0, ""path_length"": 2.0, ""absorbance"": 18.0}, {""wavelength"": 450.0, ""concentration"": 2.0, ""path_length"": 2.0, ""absorbance"": 36.0}, {""wavelength"": 450.0, ""concentration"": 3.0, ""path_length"": 2.0, ""absorbance"": 54.0}]"
seq_0012__max_target_step__scatter,seq_0012,max_target_step,max_step,scatter,scatter,At which step is absorbance the highest?,4,step,4,True,,"```json
{
  ""answer"": 4
}
```","[""/results/yao314652/home/project/outputs/visual_benchmark/qwen25vl_3b_all_modalities_rerun/images/seq_0012__max_target_step__scatter/scatter/seq_0012__max_target_step__scatter_step_0000.png"", ""/results/yao314652/home/project/outputs/visual_benchmark/qwen25vl_3b_all_modalities_rerun/images/seq_0012__max_target_step__scatter/scatter/seq_0012__max_target_step__scatter_step_0001.png"", ""/results/yao314652/home/project/outputs/visual_benchmark/qwen25vl_3b_all_modalities_rerun/images/seq_0012__max_target_step__scatter/scatter/seq_0012__max_target_step__scatter_step_0002.png"", ""/results/yao314652/home/project/outputs/visual_benchmark/qwen25vl_3b_all_modalities_rerun/images/seq_0012__max_target_step__scatter/scatter/seq_0012__max_target_step__scatter_step_0003.png"", ""/results/yao314652/home/project/outputs/visual_benchmark/qwen25vl_3b_all_modalities_rerun/images/seq_0012__max_target_step__scatter/scatter/seq_0012__max_target_step__scatter_step_0004.png""]","[{""wavelength"": 450.0, ""concentration"": 2.0, ""path_length"": 1.0, ""absorbance"": 18.0}, {""wavelength"": 450.0, ""concentration"": 2.0, ""path_length"": 2.0, ""absorbance"": 36.0}, {""wavelength"": 450.0, ""concentration"": 1.0, ""path_length"": 2.0, ""absorbance"": 18.0}, {""wavelength"": 450.0, ""concentration"": 2.0, ""path_length"": 2.0, ""absorbance"": 36.0}, {""wavelength"": 450.0, ""concentration"": 3.0, ""path_length"": 2.0, ""absorbance"": 54.0}]"
seq_0012__max_target_step__simulation,seq_0012,max_target_step,max_step,simulation,simulation,At which step is absorbance the highest?,4,step,3,False,,"{""answer"": 3}","[""/results/yao314652/home/project/outputs/visual_benchmark/qwen25vl_3b_all_modalities_rerun/images/seq_0012__max_target_step__simulation/simulation/step_0000.png"", ""/results/yao314652/home/project/outputs/visual_benchmark/qwen25vl_3b_all_modalities_rerun/images/seq_0012__max_target_step__simulation/simulation/step_0001.png"", ""/results/yao314652/home/project/outputs/visual_benchmark/qwen25vl_3b_all_modalities_rerun/images/seq_0012__max_target_step__simulation/simulation/step_0002.png"", ""/results/yao314652/home/project/outputs/visual_benchmark/qwen25vl_3b_all_modalities_rerun/images/seq_0012__max_target_step__simulation/simulation/step_0003.png"", ""/results/yao314652/home/project/outputs/visual_benchmark/qwen25vl_3b_all_modalities_rerun/images/seq_0012__max_target_step__simulation/simulation/step_0004.png""]","[{""wavelength"": 450.0, ""concentration"": 2.0, ""path_length"": 1.0, ""absorbance"": 18.0}, {""wavelength"": 450.0, ""concentration"": 2.0, ""path_length"": 2.0, ""absorbance"": 36.0}, {""wavelength"": 450.0, ""concentration"": 1.0, ""path_length"": 2.0, ""absorbance"": 18.0}, {""wavelength"": 450.0, ""concentration"": 2.0, ""path_length"": 2.0, ""absorbance"": 36.0}, {""wavelength"": 450.0, ""concentration"": 3.0, ""path_length"": 2.0, ""absorbance"": 54.0}]"
seq_0012__largest_target_drop_step__text,seq_0012,largest_target_drop_step,largest_drop_step,text,none,"At which step does absorbance show the largest drop compared with the previous step? If it never drops, answer none.",2,step_or_none,2,True,,"```json
{
  ""answer"": ""2""
}
```",[],"[{""wavelength"": 450.0, ""concentration"": 2.0, ""path_length"": 1.0, ""absorbance"": 18.0}, {""wavelength"": 450.0, ""concentration"": 2.0, ""path_length"": 2.0, ""absorbance"": 36.0}, {""wavelength"": 450.0, ""concentration"": 1.0, ""path_length"": 2.0, ""absorbance"": 18.0}, {""wavelength"": 450.0, ""concentration"": 2.0, ""path_length"": 2.0, ""absorbance"": 36.0}, {""wavelength"": 450.0, ""concentration"": 3.0, ""path_length"": 2.0, ""absorbance"": 54.0}]"
seq_0012__largest_target_drop_step__bar,seq_0012,largest_target_drop_step,largest_drop_step,bar,bar,"At which step does absorbance show the largest drop compared with the previous step? If it never drops, answer none.",2,step_or_none,1,False,,"```json
{
    ""answer"": ""1""
}
```","[""/results/yao314652/home/project/outputs/visual_benchmark/qwen25vl_3b_all_modalities_rerun/images/seq_0012__largest_target_drop_step__bar/bar/step_0000.png"", ""/results/yao314652/home/project/outputs/visual_benchmark/qwen25vl_3b_all_modalities_rerun/images/seq_0012__largest_target_drop_step__bar/bar/step_0001.png"", ""/results/yao314652/home/project/outputs/visual_benchmark/qwen25vl_3b_all_modalities_rerun/images/seq_0012__largest_target_drop_step__bar/bar/step_0002.png"", ""/results/yao314652/home/project/outputs/visual_benchmark/qwen25vl_3b_all_modalities_rerun/images/seq_0012__largest_target_drop_step__bar/bar/step_0003.png"", ""/results/yao314652/home/project/outputs/visual_benchmark/qwen25vl_3b_all_modalities_rerun/images/seq_0012__largest_target_drop_step__bar/bar/step_0004.png""]","[{""wavelength"": 450.0, ""concentration"": 2.0, ""path_length"": 1.0, ""absorbance"": 18.0}, {""wavelength"": 450.0, ""concentration"": 2.0, ""path_length"": 2.0, ""absorbance"": 36.0}, {""wavelength"": 450.0, ""concentration"": 1.0, ""path_length"": 2.0, ""absorbance"": 18.0}, {""wavelength"": 450.0, ""concentration"": 2.0, ""path_length"": 2.0, ""absorbance"": 36.0}, {""wavelength"": 450.0, ""concentration"": 3.0, ""path_length"": 2.0, ""absorbance"": 54.0}]"
seq_0012__largest_target_drop_step__line,seq_0012,largest_target_drop_step,largest_drop_step,line,line,"At which step does absorbance show the largest drop compared with the previous step? If it never drops, answer none.",2,step_or_none,4,False,,"```json
{
    ""answer"": ""4""
}
```","[""/results/yao314652/home/project/outputs/visual_benchmark/qwen25vl_3b_all_modalities_rerun/images/seq_0012__largest_target_drop_step__line/line/seq_0012__largest_target_drop_step__line_step_0000.png"", ""/results/yao314652/home/project/outputs/visual_benchmark/qwen25vl_3b_all_modalities_rerun/images/seq_0012__largest_target_drop_step__line/line/seq_0012__largest_target_drop_step__line_step_0001.png"", ""/results/yao314652/home/project/outputs/visual_benchmark/qwen25vl_3b_all_modalities_rerun/images/seq_0012__largest_target_drop_step__line/line/seq_0012__largest_target_drop_step__line_step_0002.png"", ""/results/yao314652/home/project/outputs/visual_benchmark/qwen25vl_3b_all_modalities_rerun/images/seq_0012__largest_target_drop_step__line/line/seq_0012__largest_target_drop_step__line_step_0003.png"", ""/results/yao314652/home/project/outputs/visual_benchmark/qwen25vl_3b_all_modalities_rerun/images/seq_0012__largest_target_drop_step__line/line/seq_0012__largest_target_drop_step__line_step_0004.png""]","[{""wavelength"": 450.0, ""concentration"": 2.0, ""path_length"": 1.0, ""absorbance"": 18.0}, {""wavelength"": 450.0, ""concentration"": 2.0, ""path_length"": 2.0, ""absorbance"": 36.0}, {""wavelength"": 450.0, ""concentration"": 1.0, ""path_length"": 2.0, ""absorbance"": 18.0}, {""wavelength"": 450.0, ""concentration"": 2.0, ""path_length"": 2.0, ""absorbance"": 36.0}, {""wavelength"": 450.0, ""concentration"": 3.0, ""path_length"": 2.0, ""absorbance"": 54.0}]"
seq_0012__largest_target_drop_step__scatter,seq_0012,largest_target_drop_step,largest_drop_step,scatter,scatter,"At which step does absorbance show the largest drop compared with the previous step? If it never drops, answer none.",2,step_or_none,4,False,,"```json
{
    ""answer"": ""4""
}
```","[""/results/yao314652/home/project/outputs/visual_benchmark/qwen25vl_3b_all_modalities_rerun/images/seq_0012__largest_target_drop_step__scatter/scatter/seq_0012__largest_target_drop_step__scatter_step_0000.png"", ""/results/yao314652/home/project/outputs/visual_benchmark/qwen25vl_3b_all_modalities_rerun/images/seq_0012__largest_target_drop_step__scatter/scatter/seq_0012__largest_target_drop_step__scatter_step_0001.png"", ""/results/yao314652/home/project/outputs/visual_benchmark/qwen25vl_3b_all_modalities_rerun/images/seq_0012__largest_target_drop_step__scatter/scatter/seq_0012__largest_target_drop_step__scatter_step_0002.png"", ""/results/yao314652/home/project/outputs/visual_benchmark/qwen25vl_3b_all_modalities_rerun/images/seq_0012__largest_target_drop_step__scatter/scatter/seq_0012__largest_target_drop_step__scatter_step_0003.png"", ""/results/yao314652/home/project/outputs/visual_benchmark/qwen25vl_3b_all_modalities_rerun/images/seq_0012__largest_target_drop_step__scatter/scatter/seq_0012__largest_target_drop_step__scatter_step_0004.png""]","[{""wavelength"": 450.0, ""concentration"": 2.0, ""path_length"": 1.0, ""absorbance"": 18.0}, {""wavelength"": 450.0, ""concentration"": 2.0, ""path_length"": 2.0, ""absorbance"": 36.0}, {""wavelength"": 450.0, ""concentration"": 1.0, ""path_length"": 2.0, ""absorbance"": 18.0}, {""wavelength"": 450.0, ""concentration"": 2.0, ""path_length"": 2.0, ""absorbance"": 36.0}, {""wavelength"": 450.0, ""concentration"": 3.0, ""path_length"": 2.0, ""absorbance"": 54.0}]"
seq_0012__largest_target_drop_step__simulation,seq_0012,largest_target_drop_step,largest_drop_step,simulation,simulation,"At which step does absorbance show the largest drop compared with the previous step? If it never drops, answer none.",2,step_or_none,1,False,,"```json
{
  ""answer"": ""1""
}
```","[""/results/yao314652/home/project/outputs/visual_benchmark/qwen25vl_3b_all_modalities_rerun/images/seq_0012__largest_target_drop_step__simulation/simulation/step_0000.png"", ""/results/yao314652/home/project/outputs/visual_benchmark/qwen25vl_3b_all_modalities_rerun/images/seq_0012__largest_target_drop_step__simulation/simulation/step_0001.png"", ""/results/yao314652/home/project/outputs/visual_benchmark/qwen25vl_3b_all_modalities_rerun/images/seq_0012__largest_target_drop_step__simulation/simulation/step_0002.png"", ""/results/yao314652/home/project/outputs/visual_benchmark/qwen25vl_3b_all_modalities_rerun/images/seq_0012__largest_target_drop_step__simulation/simulation/step_0003.png"", ""/results/yao314652/home/project/outputs/visual_benchmark/qwen25vl_3b_all_modalities_rerun/images/seq_0012__largest_target_drop_step__simulation/simulation/step_0004.png""]","[{""wavelength"": 450.0, ""concentration"": 2.0, ""path_length"": 1.0, ""absorbance"": 18.0}, {""wavelength"": 450.0, ""concentration"": 2.0, ""path_length"": 2.0, ""absorbance"": 36.0}, {""wavelength"": 450.0, ""concentration"": 1.0, ""path_length"": 2.0, ""absorbance"": 18.0}, {""wavelength"": 450.0, ""concentration"": 2.0, ""path_length"": 2.0, ""absorbance"": 36.0}, {""wavelength"": 450.0, ""concentration"": 3.0, ""path_length"": 2.0, ""absorbance"": 54.0}]"
seq_0013__read_last_target__text,seq_0013,read_last_target,value_at_step,text,none,What is the value of absorbance at step 4?,81.0,number,81,True,0.0,"```json
{
  ""answer"": 81
}
```",[],"[{""wavelength"": 400.0, ""concentration"": 5.0, ""path_length"": 2.0, ""absorbance"": 80.0}, {""wavelength"": 450.0, ""concentration"": 5.0, ""path_length"": 2.0, ""absorbance"": 90.0}, {""wavelength"": 450.0, ""concentration"": 4.0, ""path_length"": 2.0, ""absorbance"": 72.0}, {""wavelength"": 450.0, ""concentration"": 4.0, ""path_length"": 3.0, ""absorbance"": 108.0}, {""wavelength"": 450.0, ""concentration"": 3.0, ""path_length"": 3.0, ""absorbance"": 81.0}]"
seq_0013__read_last_target__bar,seq_0013,read_last_target,value_at_step,bar,bar,What is the value of absorbance at step 4?,81.0,number,190,False,109.0,"```json
{
    ""answer"": 190
}
```","[""/results/yao314652/home/project/outputs/visual_benchmark/qwen25vl_3b_all_modalities_rerun/images/seq_0013__read_last_target__bar/bar/step_0000.png"", ""/results/yao314652/home/project/outputs/visual_benchmark/qwen25vl_3b_all_modalities_rerun/images/seq_0013__read_last_target__bar/bar/step_0001.png"", ""/results/yao314652/home/project/outputs/visual_benchmark/qwen25vl_3b_all_modalities_rerun/images/seq_0013__read_last_target__bar/bar/step_0002.png"", ""/results/yao314652/home/project/outputs/visual_benchmark/qwen25vl_3b_all_modalities_rerun/images/seq_0013__read_last_target__bar/bar/step_0003.png"", ""/results/yao314652/home/project/outputs/visual_benchmark/qwen25vl_3b_all_modalities_rerun/images/seq_0013__read_last_target__bar/bar/step_0004.png""]","[{""wavelength"": 400.0, ""concentration"": 5.0, ""path_length"": 2.0, ""absorbance"": 80.0}, {""wavelength"": 450.0, ""concentration"": 5.0, ""path_length"": 2.0, ""absorbance"": 90.0}, {""wavelength"": 450.0, ""concentration"": 4.0, ""path_length"": 2.0, ""absorbance"": 72.0}, {""wavelength"": 450.0, ""concentration"": 4.0, ""path_length"": 3.0, ""absorbance"": 108.0}, {""wavelength"": 450.0, ""concentration"": 3.0, ""path_length"": 3.0, ""absorbance"": 81.0}]"
seq_0013__read_last_target__line,seq_0013,read_last_target,value_at_step,line,line,What is the value of absorbance at step 4?,81.0,number,0.38,False,80.62,"```json
{
  ""answer"": 0.38
}
```","[""/results/yao314652/home/project/outputs/visual_benchmark/qwen25vl_3b_all_modalities_rerun/images/seq_0013__read_last_target__line/line/seq_0013__read_last_target__line_step_0000.png"", ""/results/yao314652/home/project/outputs/visual_benchmark/qwen25vl_3b_all_modalities_rerun/images/seq_0013__read_last_target__line/line/seq_0013__read_last_target__line_step_0001.png"", ""/results/yao314652/home/project/outputs/visual_benchmark/qwen25vl_3b_all_modalities_rerun/images/seq_0013__read_last_target__line/line/seq_0013__read_last_target__line_step_0002.png"", ""/results/yao314652/home/project/outputs/visual_benchmark/qwen25vl_3b_all_modalities_rerun/images/seq_0013__read_last_target__line/line/seq_0013__read_last_target__line_step_0003.png"", ""/results/yao314652/home/project/outputs/visual_benchmark/qwen25vl_3b_all_modalities_rerun/images/seq_0013__read_last_target__line/line/seq_0013__read_last_target__line_step_0004.png""]","[{""wavelength"": 400.0, ""concentration"": 5.0, ""path_length"": 2.0, ""absorbance"": 80.0}, {""wavelength"": 450.0, ""concentration"": 5.0, ""path_length"": 2.0, ""absorbance"": 90.0}, {""wavelength"": 450.0, ""concentration"": 4.0, ""path_length"": 2.0, ""absorbance"": 72.0}, {""wavelength"": 450.0, ""concentration"": 4.0, ""path_length"": 3.0, ""absorbance"": 108.0}, {""wavelength"": 450.0, ""concentration"": 3.0, ""path_length"": 3.0, ""absorbance"": 81.0}]"
seq_0013__read_last_target__scatter,seq_0013,read_last_target,value_at_step,scatter,scatter,What is the value of absorbance at step 4?,81.0,number,10,False,71.0,"```json
{
  ""answer"": 10
}
```","[""/results/yao314652/home/project/outputs/visual_benchmark/qwen25vl_3b_all_modalities_rerun/images/seq_0013__read_last_target__scatter/scatter/seq_0013__read_last_target__scatter_step_0000.png"", ""/results/yao314652/home/project/outputs/visual_benchmark/qwen25vl_3b_all_modalities_rerun/images/seq_0013__read_last_target__scatter/scatter/seq_0013__read_last_target__scatter_step_0001.png"", ""/results/yao314652/home/project/outputs/visual_benchmark/qwen25vl_3b_all_modalities_rerun/images/seq_0013__read_last_target__scatter/scatter/seq_0013__read_last_target__scatter_step_0002.png"", ""/results/yao314652/home/project/outputs/visual_benchmark/qwen25vl_3b_all_modalities_rerun/images/seq_0013__read_last_target__scatter/scatter/seq_0013__read_last_target__scatter_step_0003.png"", ""/results/yao314652/home/project/outputs/visual_benchmark/qwen25vl_3b_all_modalities_rerun/images/seq_0013__read_last_target__scatter/scatter/seq_0013__read_last_target__scatter_step_0004.png""]","[{""wavelength"": 400.0, ""concentration"": 5.0, ""path_length"": 2.0, ""absorbance"": 80.0}, {""wavelength"": 450.0, ""concentration"": 5.0, ""path_length"": 2.0, ""absorbance"": 90.0}, {""wavelength"": 450.0, ""concentration"": 4.0, ""path_length"": 2.0, ""absorbance"": 72.0}, {""wavelength"": 450.0, ""concentration"": 4.0, ""path_length"": 3.0, ""absorbance"": 108.0}, {""wavelength"": 450.0, ""concentration"": 3.0, ""path_length"": 3.0, ""absorbance"": 81.0}]"
seq_0013__read_last_target__simulation,seq_0013,read_last_target,value_at_step,simulation,simulation,What is the value of absorbance at step 4?,81.0,number,0.3,False,80.7,"```json
{
  ""answer"": 0.3
}
```","[""/results/yao314652/home/project/outputs/visual_benchmark/qwen25vl_3b_all_modalities_rerun/images/seq_0013__read_last_target__simulation/simulation/step_0000.png"", ""/results/yao314652/home/project/outputs/visual_benchmark/qwen25vl_3b_all_modalities_rerun/images/seq_0013__read_last_target__simulation/simulation/step_0001.png"", ""/results/yao314652/home/project/outputs/visual_benchmark/qwen25vl_3b_all_modalities_rerun/images/seq_0013__read_last_target__simulation/simulation/step_0002.png"", ""/results/yao314652/home/project/outputs/visual_benchmark/qwen25vl_3b_all_modalities_rerun/images/seq_0013__read_last_target__simulation/simulation/step_0003.png"", ""/results/yao314652/home/project/outputs/visual_benchmark/qwen25vl_3b_all_modalities_rerun/images/seq_0013__read_last_target__simulation/simulation/step_0004.png""]","[{""wavelength"": 400.0, ""concentration"": 5.0, ""path_length"": 2.0, ""absorbance"": 80.0}, {""wavelength"": 450.0, ""concentration"": 5.0, ""path_length"": 2.0, ""absorbance"": 90.0}, {""wavelength"": 450.0, ""concentration"": 4.0, ""path_length"": 2.0, ""absorbance"": 72.0}, {""wavelength"": 450.0, ""concentration"": 4.0, ""path_length"": 3.0, ""absorbance"": 108.0}, {""wavelength"": 450.0, ""concentration"": 3.0, ""path_length"": 3.0, ""absorbance"": 81.0}]"
seq_0013__target_change_amount__text,seq_0013,target_change_amount,change_amount,text,none,By how much does absorbance change from step 0 to step 4?,1.0,number,16,False,15.0,"```json
{
  ""answer"": 16
}
```",[],"[{""wavelength"": 400.0, ""concentration"": 5.0, ""path_length"": 2.0, ""absorbance"": 80.0}, {""wavelength"": 450.0, ""concentration"": 5.0, ""path_length"": 2.0, ""absorbance"": 90.0}, {""wavelength"": 450.0, ""concentration"": 4.0, ""path_length"": 2.0, ""absorbance"": 72.0}, {""wavelength"": 450.0, ""concentration"": 4.0, ""path_length"": 3.0, ""absorbance"": 108.0}, {""wavelength"": 450.0, ""concentration"": 3.0, ""path_length"": 3.0, ""absorbance"": 81.0}]"
seq_0013__target_change_amount__bar,seq_0013,target_change_amount,change_amount,bar,bar,By how much does absorbance change from step 0 to step 4?,1.0,number,132,False,131.0,"```json
{
    ""answer"": 132
}
```","[""/results/yao314652/home/project/outputs/visual_benchmark/qwen25vl_3b_all_modalities_rerun/images/seq_0013__target_change_amount__bar/bar/step_0000.png"", ""/results/yao314652/home/project/outputs/visual_benchmark/qwen25vl_3b_all_modalities_rerun/images/seq_0013__target_change_amount__bar/bar/step_0001.png"", ""/results/yao314652/home/project/outputs/visual_benchmark/qwen25vl_3b_all_modalities_rerun/images/seq_0013__target_change_amount__bar/bar/step_0002.png"", ""/results/yao314652/home/project/outputs/visual_benchmark/qwen25vl_3b_all_modalities_rerun/images/seq_0013__target_change_amount__bar/bar/step_0003.png"", ""/results/yao314652/home/project/outputs/visual_benchmark/qwen25vl_3b_all_modalities_rerun/images/seq_0013__target_change_amount__bar/bar/step_0004.png""]","[{""wavelength"": 400.0, ""concentration"": 5.0, ""path_length"": 2.0, ""absorbance"": 80.0}, {""wavelength"": 450.0, ""concentration"": 5.0, ""path_length"": 2.0, ""absorbance"": 90.0}, {""wavelength"": 450.0, ""concentration"": 4.0, ""path_length"": 2.0, ""absorbance"": 72.0}, {""wavelength"": 450.0, ""concentration"": 4.0, ""path_length"": 3.0, ""absorbance"": 108.0}, {""wavelength"": 450.0, ""concentration"": 3.0, ""path_length"": 3.0, ""absorbance"": 81.0}]"
seq_0013__target_change_amount__line,seq_0013,target_change_amount,change_amount,line,line,By how much does absorbance change from step 0 to step 4?,1.0,number,-1.37216,False,2.37216,"```json
{
    ""answer"": -1.37216
}
```","[""/results/yao314652/home/project/outputs/visual_benchmark/qwen25vl_3b_all_modalities_rerun/images/seq_0013__target_change_amount__line/line/seq_0013__target_change_amount__line_step_0000.png"", ""/results/yao314652/home/project/outputs/visual_benchmark/qwen25vl_3b_all_modalities_rerun/images/seq_0013__target_change_amount__line/line/seq_0013__target_change_amount__line_step_0001.png"", ""/results/yao314652/home/project/outputs/visual_benchmark/qwen25vl_3b_all_modalities_rerun/images/seq_0013__target_change_amount__line/line/seq_0013__target_change_amount__line_step_0002.png"", ""/results/yao314652/home/project/outputs/visual_benchmark/qwen25vl_3b_all_modalities_rerun/images/seq_0013__target_change_amount__line/line/seq_0013__target_change_amount__line_step_0003.png"", ""/results/yao314652/home/project/outputs/visual_benchmark/qwen25vl_3b_all_modalities_rerun/images/seq_0013__target_change_amount__line/line/seq_0013__target_change_amount__line_step_0004.png""]","[{""wavelength"": 400.0, ""concentration"": 5.0, ""path_length"": 2.0, ""absorbance"": 80.0}, {""wavelength"": 450.0, ""concentration"": 5.0, ""path_length"": 2.0, ""absorbance"": 90.0}, {""wavelength"": 450.0, ""concentration"": 4.0, ""path_length"": 2.0, ""absorbance"": 72.0}, {""wavelength"": 450.0, ""concentration"": 4.0, ""path_length"": 3.0, ""absorbance"": 108.0}, {""wavelength"": 450.0, ""concentration"": 3.0, ""path_length"": 3.0, ""absorbance"": 81.0}]"
seq_0013__target_change_amount__scatter,seq_0013,target_change_amount,change_amount,scatter,scatter,By how much does absorbance change from step 0 to step 4?,1.0,number,0.12,False,0.88,"```json
{
  ""answer"": 0.12
}
```","[""/results/yao314652/home/project/outputs/visual_benchmark/qwen25vl_3b_all_modalities_rerun/images/seq_0013__target_change_amount__scatter/scatter/seq_0013__target_change_amount__scatter_step_0000.png"", ""/results/yao314652/home/project/outputs/visual_benchmark/qwen25vl_3b_all_modalities_rerun/images/seq_0013__target_change_amount__scatter/scatter/seq_0013__target_change_amount__scatter_step_0001.png"", ""/results/yao314652/home/project/outputs/visual_benchmark/qwen25vl_3b_all_modalities_rerun/images/seq_0013__target_change_amount__scatter/scatter/seq_0013__target_change_amount__scatter_step_0002.png"", ""/results/yao314652/home/project/outputs/visual_benchmark/qwen25vl_3b_all_modalities_rerun/images/seq_0013__target_change_amount__scatter/scatter/seq_0013__target_change_amount__scatter_step_0003.png"", ""/results/yao314652/home/project/outputs/visual_benchmark/qwen25vl_3b_all_modalities_rerun/images/seq_0013__target_change_amount__scatter/scatter/seq_0013__target_change_amount__scatter_step_0004.png""]","[{""wavelength"": 400.0, ""concentration"": 5.0, ""path_length"": 2.0, ""absorbance"": 80.0}, {""wavelength"": 450.0, ""concentration"": 5.0, ""path_length"": 2.0, ""absorbance"": 90.0}, {""wavelength"": 450.0, ""concentration"": 4.0, ""path_length"": 2.0, ""absorbance"": 72.0}, {""wavelength"": 450.0, ""concentration"": 4.0, ""path_length"": 3.0, ""absorbance"": 108.0}, {""wavelength"": 450.0, ""concentration"": 3.0, ""path_length"": 3.0, ""absorbance"": 81.0}]"
seq_0013__target_change_amount__simulation,seq_0013,target_change_amount,change_amount,simulation,simulation,By how much does absorbance change from step 0 to step 4?,1.0,number,0.193,False,0.8069999999999999,"{
    ""answer"": 0.193
}","[""/results/yao314652/home/project/outputs/visual_benchmark/qwen25vl_3b_all_modalities_rerun/images/seq_0013__target_change_amount__simulation/simulation/step_0000.png"", ""/results/yao314652/home/project/outputs/visual_benchmark/qwen25vl_3b_all_modalities_rerun/images/seq_0013__target_change_amount__simulation/simulation/step_0001.png"", ""/results/yao314652/home/project/outputs/visual_benchmark/qwen25vl_3b_all_modalities_rerun/images/seq_0013__target_change_amount__simulation/simulation/step_0002.png"", ""/results/yao314652/home/project/outputs/visual_benchmark/qwen25vl_3b_all_modalities_rerun/images/seq_0013__target_change_amount__simulation/simulation/step_0003.png"", ""/results/yao314652/home/project/outputs/visual_benchmark/qwen25vl_3b_all_modalities_rerun/images/seq_0013__target_change_amount__simulation/simulation/step_0004.png""]","[{""wavelength"": 400.0, ""concentration"": 5.0, ""path_length"": 2.0, ""absorbance"": 80.0}, {""wavelength"": 450.0, ""concentration"": 5.0, ""path_length"": 2.0, ""absorbance"": 90.0}, {""wavelength"": 450.0, ""concentration"": 4.0, ""path_length"": 2.0, ""absorbance"": 72.0}, {""wavelength"": 450.0, ""concentration"": 4.0, ""path_length"": 3.0, ""absorbance"": 108.0}, {""wavelength"": 450.0, ""concentration"": 3.0, ""path_length"": 3.0, ""absorbance"": 81.0}]"
seq_0013__target_change_direction__text,seq_0013,target_change_direction,change_direction,text,none,"Does absorbance increase, decrease, or stay the same from step 0 to step 4?",increase,category,decrease,False,,"{
  ""answer"": ""decrease""
}",[],"[{""wavelength"": 400.0, ""concentration"": 5.0, ""path_length"": 2.0, ""absorbance"": 80.0}, {""wavelength"": 450.0, ""concentration"": 5.0, ""path_length"": 2.0, ""absorbance"": 90.0}, {""wavelength"": 450.0, ""concentration"": 4.0, ""path_length"": 2.0, ""absorbance"": 72.0}, {""wavelength"": 450.0, ""concentration"": 4.0, ""path_length"": 3.0, ""absorbance"": 108.0}, {""wavelength"": 450.0, ""concentration"": 3.0, ""path_length"": 3.0, ""absorbance"": 81.0}]"
seq_0013__target_change_direction__bar,seq_0013,target_change_direction,change_direction,bar,bar,"Does absorbance increase, decrease, or stay the same from step 0 to step 4?",increase,category,decrease,False,,"```json
{
  ""answer"": ""decrease""
}
```","[""/results/yao314652/home/project/outputs/visual_benchmark/qwen25vl_3b_all_modalities_rerun/images/seq_0013__target_change_direction__bar/bar/step_0000.png"", ""/results/yao314652/home/project/outputs/visual_benchmark/qwen25vl_3b_all_modalities_rerun/images/seq_0013__target_change_direction__bar/bar/step_0001.png"", ""/results/yao314652/home/project/outputs/visual_benchmark/qwen25vl_3b_all_modalities_rerun/images/seq_0013__target_change_direction__bar/bar/step_0002.png"", ""/results/yao314652/home/project/outputs/visual_benchmark/qwen25vl_3b_all_modalities_rerun/images/seq_0013__target_change_direction__bar/bar/step_0003.png"", ""/results/yao314652/home/project/outputs/visual_benchmark/qwen25vl_3b_all_modalities_rerun/images/seq_0013__target_change_direction__bar/bar/step_0004.png""]","[{""wavelength"": 400.0, ""concentration"": 5.0, ""path_length"": 2.0, ""absorbance"": 80.0}, {""wavelength"": 450.0, ""concentration"": 5.0, ""path_length"": 2.0, ""absorbance"": 90.0}, {""wavelength"": 450.0, ""concentration"": 4.0, ""path_length"": 2.0, ""absorbance"": 72.0}, {""wavelength"": 450.0, ""concentration"": 4.0, ""path_length"": 3.0, ""absorbance"": 108.0}, {""wavelength"": 450.0, ""concentration"": 3.0, ""path_length"": 3.0, ""absorbance"": 81.0}]"
seq_0013__target_change_direction__line,seq_0013,target_change_direction,change_direction,line,line,"Does absorbance increase, decrease, or stay the same from step 0 to step 4?",increase,category,decrease,False,,"{""answer"": ""decrease""}","[""/results/yao314652/home/project/outputs/visual_benchmark/qwen25vl_3b_all_modalities_rerun/images/seq_0013__target_change_direction__line/line/seq_0013__target_change_direction__line_step_0000.png"", ""/results/yao314652/home/project/outputs/visual_benchmark/qwen25vl_3b_all_modalities_rerun/images/seq_0013__target_change_direction__line/line/seq_0013__target_change_direction__line_step_0001.png"", ""/results/yao314652/home/project/outputs/visual_benchmark/qwen25vl_3b_all_modalities_rerun/images/seq_0013__target_change_direction__line/line/seq_0013__target_change_direction__line_step_0002.png"", ""/results/yao314652/home/project/outputs/visual_benchmark/qwen25vl_3b_all_modalities_rerun/images/seq_0013__target_change_direction__line/line/seq_0013__target_change_direction__line_step_0003.png"", ""/results/yao314652/home/project/outputs/visual_benchmark/qwen25vl_3b_all_modalities_rerun/images/seq_0013__target_change_direction__line/line/seq_0013__target_change_direction__line_step_0004.png""]","[{""wavelength"": 400.0, ""concentration"": 5.0, ""path_length"": 2.0, ""absorbance"": 80.0}, {""wavelength"": 450.0, ""concentration"": 5.0, ""path_length"": 2.0, ""absorbance"": 90.0}, {""wavelength"": 450.0, ""concentration"": 4.0, ""path_length"": 2.0, ""absorbance"": 72.0}, {""wavelength"": 450.0, ""concentration"": 4.0, ""path_length"": 3.0, ""absorbance"": 108.0}, {""wavelength"": 450.0, ""concentration"": 3.0, ""path_length"": 3.0, ""absorbance"": 81.0}]"
seq_0013__target_change_direction__scatter,seq_0013,target_change_direction,change_direction,scatter,scatter,"Does absorbance increase, decrease, or stay the same from step 0 to step 4?",increase,category,decrease,False,,"{""answer"": ""decrease""}","[""/results/yao314652/home/project/outputs/visual_benchmark/qwen25vl_3b_all_modalities_rerun/images/seq_0013__target_change_direction__scatter/scatter/seq_0013__target_change_direction__scatter_step_0000.png"", ""/results/yao314652/home/project/outputs/visual_benchmark/qwen25vl_3b_all_modalities_rerun/images/seq_0013__target_change_direction__scatter/scatter/seq_0013__target_change_direction__scatter_step_0001.png"", ""/results/yao314652/home/project/outputs/visual_benchmark/qwen25vl_3b_all_modalities_rerun/images/seq_0013__target_change_direction__scatter/scatter/seq_0013__target_change_direction__scatter_step_0002.png"", ""/results/yao314652/home/project/outputs/visual_benchmark/qwen25vl_3b_all_modalities_rerun/images/seq_0013__target_change_direction__scatter/scatter/seq_0013__target_change_direction__scatter_step_0003.png"", ""/results/yao314652/home/project/outputs/visual_benchmark/qwen25vl_3b_all_modalities_rerun/images/seq_0013__target_change_direction__scatter/scatter/seq_0013__target_change_direction__scatter_step_0004.png""]","[{""wavelength"": 400.0, ""concentration"": 5.0, ""path_length"": 2.0, ""absorbance"": 80.0}, {""wavelength"": 450.0, ""concentration"": 5.0, ""path_length"": 2.0, ""absorbance"": 90.0}, {""wavelength"": 450.0, ""concentration"": 4.0, ""path_length"": 2.0, ""absorbance"": 72.0}, {""wavelength"": 450.0, ""concentration"": 4.0, ""path_length"": 3.0, ""absorbance"": 108.0}, {""wavelength"": 450.0, ""concentration"": 3.0, ""path_length"": 3.0, ""absorbance"": 81.0}]"
seq_0013__target_change_direction__simulation,seq_0013,target_change_direction,change_direction,simulation,simulation,"Does absorbance increase, decrease, or stay the same from step 0 to step 4?",increase,category,decrease,False,,"{""answer"": ""decrease""}","[""/results/yao314652/home/project/outputs/visual_benchmark/qwen25vl_3b_all_modalities_rerun/images/seq_0013__target_change_direction__simulation/simulation/step_0000.png"", ""/results/yao314652/home/project/outputs/visual_benchmark/qwen25vl_3b_all_modalities_rerun/images/seq_0013__target_change_direction__simulation/simulation/step_0001.png"", ""/results/yao314652/home/project/outputs/visual_benchmark/qwen25vl_3b_all_modalities_rerun/images/seq_0013__target_change_direction__simulation/simulation/step_0002.png"", ""/results/yao314652/home/project/outputs/visual_benchmark/qwen25vl_3b_all_modalities_rerun/images/seq_0013__target_change_direction__simulation/simulation/step_0003.png"", ""/results/yao314652/home/project/outputs/visual_benchmark/qwen25vl_3b_all_modalities_rerun/images/seq_0013__target_change_direction__simulation/simulation/step_0004.png""]","[{""wavelength"": 400.0, ""concentration"": 5.0, ""path_length"": 2.0, ""absorbance"": 80.0}, {""wavelength"": 450.0, ""concentration"": 5.0, ""path_length"": 2.0, ""absorbance"": 90.0}, {""wavelength"": 450.0, ""concentration"": 4.0, ""path_length"": 2.0, ""absorbance"": 72.0}, {""wavelength"": 450.0, ""concentration"": 4.0, ""path_length"": 3.0, ""absorbance"": 108.0}, {""wavelength"": 450.0, ""concentration"": 3.0, ""path_length"": 3.0, ""absorbance"": 81.0}]"
seq_0013__changed_variable_0_to_1__text,seq_0013,changed_variable_0_to_1,changed_variable,text,none,Which input variable changed from step 0 to step 1?,wavelength,category,wavelength,True,,"```json
{
  ""answer"": ""wavelength""
}
```",[],"[{""wavelength"": 400.0, ""concentration"": 5.0, ""path_length"": 2.0, ""absorbance"": 80.0}, {""wavelength"": 450.0, ""concentration"": 5.0, ""path_length"": 2.0, ""absorbance"": 90.0}, {""wavelength"": 450.0, ""concentration"": 4.0, ""path_length"": 2.0, ""absorbance"": 72.0}, {""wavelength"": 450.0, ""concentration"": 4.0, ""path_length"": 3.0, ""absorbance"": 108.0}, {""wavelength"": 450.0, ""concentration"": 3.0, ""path_length"": 3.0, ""absorbance"": 81.0}]"
seq_0013__changed_variable_0_to_1__bar,seq_0013,changed_variable_0_to_1,changed_variable,bar,bar,Which input variable changed from step 0 to step 1?,wavelength,category,x,False,,"{""answer"": ""x""}","[""/results/yao314652/home/project/outputs/visual_benchmark/qwen25vl_3b_all_modalities_rerun/images/seq_0013__changed_variable_0_to_1__bar/bar/step_0000.png"", ""/results/yao314652/home/project/outputs/visual_benchmark/qwen25vl_3b_all_modalities_rerun/images/seq_0013__changed_variable_0_to_1__bar/bar/step_0001.png"", ""/results/yao314652/home/project/outputs/visual_benchmark/qwen25vl_3b_all_modalities_rerun/images/seq_0013__changed_variable_0_to_1__bar/bar/step_0002.png"", ""/results/yao314652/home/project/outputs/visual_benchmark/qwen25vl_3b_all_modalities_rerun/images/seq_0013__changed_variable_0_to_1__bar/bar/step_0003.png"", ""/results/yao314652/home/project/outputs/visual_benchmark/qwen25vl_3b_all_modalities_rerun/images/seq_0013__changed_variable_0_to_1__bar/bar/step_0004.png""]","[{""wavelength"": 400.0, ""concentration"": 5.0, ""path_length"": 2.0, ""absorbance"": 80.0}, {""wavelength"": 450.0, ""concentration"": 5.0, ""path_length"": 2.0, ""absorbance"": 90.0}, {""wavelength"": 450.0, ""concentration"": 4.0, ""path_length"": 2.0, ""absorbance"": 72.0}, {""wavelength"": 450.0, ""concentration"": 4.0, ""path_length"": 3.0, ""absorbance"": 108.0}, {""wavelength"": 450.0, ""concentration"": 3.0, ""path_length"": 3.0, ""absorbance"": 81.0}]"
seq_0013__changed_variable_0_to_1__line,seq_0013,changed_variable_0_to_1,changed_variable,line,line,Which input variable changed from step 0 to step 1?,wavelength,category,output,False,,"{""answer"": ""output""}","[""/results/yao314652/home/project/outputs/visual_benchmark/qwen25vl_3b_all_modalities_rerun/images/seq_0013__changed_variable_0_to_1__line/line/seq_0013__changed_variable_0_to_1__line_step_0000.png"", ""/results/yao314652/home/project/outputs/visual_benchmark/qwen25vl_3b_all_modalities_rerun/images/seq_0013__changed_variable_0_to_1__line/line/seq_0013__changed_variable_0_to_1__line_step_0001.png"", ""/results/yao314652/home/project/outputs/visual_benchmark/qwen25vl_3b_all_modalities_rerun/images/seq_0013__changed_variable_0_to_1__line/line/seq_0013__changed_variable_0_to_1__line_step_0002.png"", ""/results/yao314652/home/project/outputs/visual_benchmark/qwen25vl_3b_all_modalities_rerun/images/seq_0013__changed_variable_0_to_1__line/line/seq_0013__changed_variable_0_to_1__line_step_0003.png"", ""/results/yao314652/home/project/outputs/visual_benchmark/qwen25vl_3b_all_modalities_rerun/images/seq_0013__changed_variable_0_to_1__line/line/seq_0013__changed_variable_0_to_1__line_step_0004.png""]","[{""wavelength"": 400.0, ""concentration"": 5.0, ""path_length"": 2.0, ""absorbance"": 80.0}, {""wavelength"": 450.0, ""concentration"": 5.0, ""path_length"": 2.0, ""absorbance"": 90.0}, {""wavelength"": 450.0, ""concentration"": 4.0, ""path_length"": 2.0, ""absorbance"": 72.0}, {""wavelength"": 450.0, ""concentration"": 4.0, ""path_length"": 3.0, ""absorbance"": 108.0}, {""wavelength"": 450.0, ""concentration"": 3.0, ""path_length"": 3.0, ""absorbance"": 81.0}]"
seq_0013__changed_variable_0_to_1__scatter,seq_0013,changed_variable_0_to_1,changed_variable,scatter,scatter,Which input variable changed from step 0 to step 1?,wavelength,category,marginal,False,,"{""answer"": ""marginal""}","[""/results/yao314652/home/project/outputs/visual_benchmark/qwen25vl_3b_all_modalities_rerun/images/seq_0013__changed_variable_0_to_1__scatter/scatter/seq_0013__changed_variable_0_to_1__scatter_step_0000.png"", ""/results/yao314652/home/project/outputs/visual_benchmark/qwen25vl_3b_all_modalities_rerun/images/seq_0013__changed_variable_0_to_1__scatter/scatter/seq_0013__changed_variable_0_to_1__scatter_step_0001.png"", ""/results/yao314652/home/project/outputs/visual_benchmark/qwen25vl_3b_all_modalities_rerun/images/seq_0013__changed_variable_0_to_1__scatter/scatter/seq_0013__changed_variable_0_to_1__scatter_step_0002.png"", ""/results/yao314652/home/project/outputs/visual_benchmark/qwen25vl_3b_all_modalities_rerun/images/seq_0013__changed_variable_0_to_1__scatter/scatter/seq_0013__changed_variable_0_to_1__scatter_step_0003.png"", ""/results/yao314652/home/project/outputs/visual_benchmark/qwen25vl_3b_all_modalities_rerun/images/seq_0013__changed_variable_0_to_1__scatter/scatter/seq_0013__changed_variable_0_to_1__scatter_step_0004.png""]","[{""wavelength"": 400.0, ""concentration"": 5.0, ""path_length"": 2.0, ""absorbance"": 80.0}, {""wavelength"": 450.0, ""concentration"": 5.0, ""path_length"": 2.0, ""absorbance"": 90.0}, {""wavelength"": 450.0, ""concentration"": 4.0, ""path_length"": 2.0, ""absorbance"": 72.0}, {""wavelength"": 450.0, ""concentration"": 4.0, ""path_length"": 3.0, ""absorbance"": 108.0}, {""wavelength"": 450.0, ""concentration"": 3.0, ""path_length"": 3.0, ""absorbance"": 81.0}]"
seq_0013__changed_variable_0_to_1__simulation,seq_0013,changed_variable_0_to_1,changed_variable,simulation,simulation,Which input variable changed from step 0 to step 1?,wavelength,category,input-brightness,False,,"{""answer"": ""input-brightness""}","[""/results/yao314652/home/project/outputs/visual_benchmark/qwen25vl_3b_all_modalities_rerun/images/seq_0013__changed_variable_0_to_1__simulation/simulation/step_0000.png"", ""/results/yao314652/home/project/outputs/visual_benchmark/qwen25vl_3b_all_modalities_rerun/images/seq_0013__changed_variable_0_to_1__simulation/simulation/step_0001.png"", ""/results/yao314652/home/project/outputs/visual_benchmark/qwen25vl_3b_all_modalities_rerun/images/seq_0013__changed_variable_0_to_1__simulation/simulation/step_0002.png"", ""/results/yao314652/home/project/outputs/visual_benchmark/qwen25vl_3b_all_modalities_rerun/images/seq_0013__changed_variable_0_to_1__simulation/simulation/step_0003.png"", ""/results/yao314652/home/project/outputs/visual_benchmark/qwen25vl_3b_all_modalities_rerun/images/seq_0013__changed_variable_0_to_1__simulation/simulation/step_0004.png""]","[{""wavelength"": 400.0, ""concentration"": 5.0, ""path_length"": 2.0, ""absorbance"": 80.0}, {""wavelength"": 450.0, ""concentration"": 5.0, ""path_length"": 2.0, ""absorbance"": 90.0}, {""wavelength"": 450.0, ""concentration"": 4.0, ""path_length"": 2.0, ""absorbance"": 72.0}, {""wavelength"": 450.0, ""concentration"": 4.0, ""path_length"": 3.0, ""absorbance"": 108.0}, {""wavelength"": 450.0, ""concentration"": 3.0, ""path_length"": 3.0, ""absorbance"": 81.0}]"
seq_0013__max_target_step__text,seq_0013,max_target_step,max_step,text,none,At which step is absorbance the highest?,3,step,3,True,,"```json
{
  ""answer"": 3
}
```",[],"[{""wavelength"": 400.0, ""concentration"": 5.0, ""path_length"": 2.0, ""absorbance"": 80.0}, {""wavelength"": 450.0, ""concentration"": 5.0, ""path_length"": 2.0, ""absorbance"": 90.0}, {""wavelength"": 450.0, ""concentration"": 4.0, ""path_length"": 2.0, ""absorbance"": 72.0}, {""wavelength"": 450.0, ""concentration"": 4.0, ""path_length"": 3.0, ""absorbance"": 108.0}, {""wavelength"": 450.0, ""concentration"": 3.0, ""path_length"": 3.0, ""absorbance"": 81.0}]"
seq_0013__max_target_step__bar,seq_0013,max_target_step,max_step,bar,bar,At which step is absorbance the highest?,3,step,1,False,,"```json
{
    ""answer"": 1
}
```","[""/results/yao314652/home/project/outputs/visual_benchmark/qwen25vl_3b_all_modalities_rerun/images/seq_0013__max_target_step__bar/bar/step_0000.png"", ""/results/yao314652/home/project/outputs/visual_benchmark/qwen25vl_3b_all_modalities_rerun/images/seq_0013__max_target_step__bar/bar/step_0001.png"", ""/results/yao314652/home/project/outputs/visual_benchmark/qwen25vl_3b_all_modalities_rerun/images/seq_0013__max_target_step__bar/bar/step_0002.png"", ""/results/yao314652/home/project/outputs/visual_benchmark/qwen25vl_3b_all_modalities_rerun/images/seq_0013__max_target_step__bar/bar/step_0003.png"", ""/results/yao314652/home/project/outputs/visual_benchmark/qwen25vl_3b_all_modalities_rerun/images/seq_0013__max_target_step__bar/bar/step_0004.png""]","[{""wavelength"": 400.0, ""concentration"": 5.0, ""path_length"": 2.0, ""absorbance"": 80.0}, {""wavelength"": 450.0, ""concentration"": 5.0, ""path_length"": 2.0, ""absorbance"": 90.0}, {""wavelength"": 450.0, ""concentration"": 4.0, ""path_length"": 2.0, ""absorbance"": 72.0}, {""wavelength"": 450.0, ""concentration"": 4.0, ""path_length"": 3.0, ""absorbance"": 108.0}, {""wavelength"": 450.0, ""concentration"": 3.0, ""path_length"": 3.0, ""absorbance"": 81.0}]"
seq_0013__max_target_step__line,seq_0013,max_target_step,max_step,line,line,At which step is absorbance the highest?,3,step,[2],False,,"```json
{
  ""answer"": [2]
}
```","[""/results/yao314652/home/project/outputs/visual_benchmark/qwen25vl_3b_all_modalities_rerun/images/seq_0013__max_target_step__line/line/seq_0013__max_target_step__line_step_0000.png"", ""/results/yao314652/home/project/outputs/visual_benchmark/qwen25vl_3b_all_modalities_rerun/images/seq_0013__max_target_step__line/line/seq_0013__max_target_step__line_step_0001.png"", ""/results/yao314652/home/project/outputs/visual_benchmark/qwen25vl_3b_all_modalities_rerun/images/seq_0013__max_target_step__line/line/seq_0013__max_target_step__line_step_0002.png"", ""/results/yao314652/home/project/outputs/visual_benchmark/qwen25vl_3b_all_modalities_rerun/images/seq_0013__max_target_step__line/line/seq_0013__max_target_step__line_step_0003.png"", ""/results/yao314652/home/project/outputs/visual_benchmark/qwen25vl_3b_all_modalities_rerun/images/seq_0013__max_target_step__line/line/seq_0013__max_target_step__line_step_0004.png""]","[{""wavelength"": 400.0, ""concentration"": 5.0, ""path_length"": 2.0, ""absorbance"": 80.0}, {""wavelength"": 450.0, ""concentration"": 5.0, ""path_length"": 2.0, ""absorbance"": 90.0}, {""wavelength"": 450.0, ""concentration"": 4.0, ""path_length"": 2.0, ""absorbance"": 72.0}, {""wavelength"": 450.0, ""concentration"": 4.0, ""path_length"": 3.0, ""absorbance"": 108.0}, {""wavelength"": 450.0, ""concentration"": 3.0, ""path_length"": 3.0, ""absorbance"": 81.0}]"
seq_0013__max_target_step__scatter,seq_0013,max_target_step,max_step,scatter,scatter,At which step is absorbance the highest?,3,step,4,False,,"```json
{
    ""answer"": 4
}
```","[""/results/yao314652/home/project/outputs/visual_benchmark/qwen25vl_3b_all_modalities_rerun/images/seq_0013__max_target_step__scatter/scatter/seq_0013__max_target_step__scatter_step_0000.png"", ""/results/yao314652/home/project/outputs/visual_benchmark/qwen25vl_3b_all_modalities_rerun/images/seq_0013__max_target_step__scatter/scatter/seq_0013__max_target_step__scatter_step_0001.png"", ""/results/yao314652/home/project/outputs/visual_benchmark/qwen25vl_3b_all_modalities_rerun/images/seq_0013__max_target_step__scatter/scatter/seq_0013__max_target_step__scatter_step_0002.png"", ""/results/yao314652/home/project/outputs/visual_benchmark/qwen25vl_3b_all_modalities_rerun/images/seq_0013__max_target_step__scatter/scatter/seq_0013__max_target_step__scatter_step_0003.png"", ""/results/yao314652/home/project/outputs/visual_benchmark/qwen25vl_3b_all_modalities_rerun/images/seq_0013__max_target_step__scatter/scatter/seq_0013__max_target_step__scatter_step_0004.png""]","[{""wavelength"": 400.0, ""concentration"": 5.0, ""path_length"": 2.0, ""absorbance"": 80.0}, {""wavelength"": 450.0, ""concentration"": 5.0, ""path_length"": 2.0, ""absorbance"": 90.0}, {""wavelength"": 450.0, ""concentration"": 4.0, ""path_length"": 2.0, ""absorbance"": 72.0}, {""wavelength"": 450.0, ""concentration"": 4.0, ""path_length"": 3.0, ""absorbance"": 108.0}, {""wavelength"": 450.0, ""concentration"": 3.0, ""path_length"": 3.0, ""absorbance"": 81.0}]"
seq_0013__max_target_step__simulation,seq_0013,max_target_step,max_step,simulation,simulation,At which step is absorbance the highest?,3,step,3,True,,"```json
{
    ""answer"": 3
}
```","[""/results/yao314652/home/project/outputs/visual_benchmark/qwen25vl_3b_all_modalities_rerun/images/seq_0013__max_target_step__simulation/simulation/step_0000.png"", ""/results/yao314652/home/project/outputs/visual_benchmark/qwen25vl_3b_all_modalities_rerun/images/seq_0013__max_target_step__simulation/simulation/step_0001.png"", ""/results/yao314652/home/project/outputs/visual_benchmark/qwen25vl_3b_all_modalities_rerun/images/seq_0013__max_target_step__simulation/simulation/step_0002.png"", ""/results/yao314652/home/project/outputs/visual_benchmark/qwen25vl_3b_all_modalities_rerun/images/seq_0013__max_target_step__simulation/simulation/step_0003.png"", ""/results/yao314652/home/project/outputs/visual_benchmark/qwen25vl_3b_all_modalities_rerun/images/seq_0013__max_target_step__simulation/simulation/step_0004.png""]","[{""wavelength"": 400.0, ""concentration"": 5.0, ""path_length"": 2.0, ""absorbance"": 80.0}, {""wavelength"": 450.0, ""concentration"": 5.0, ""path_length"": 2.0, ""absorbance"": 90.0}, {""wavelength"": 450.0, ""concentration"": 4.0, ""path_length"": 2.0, ""absorbance"": 72.0}, {""wavelength"": 450.0, ""concentration"": 4.0, ""path_length"": 3.0, ""absorbance"": 108.0}, {""wavelength"": 450.0, ""concentration"": 3.0, ""path_length"": 3.0, ""absorbance"": 81.0}]"
seq_0013__largest_target_drop_step__text,seq_0013,largest_target_drop_step,largest_drop_step,text,none,"At which step does absorbance show the largest drop compared with the previous step? If it never drops, answer none.",4,step_or_none,4,True,,"```json
{
  ""answer"": ""4""
}
```",[],"[{""wavelength"": 400.0, ""concentration"": 5.0, ""path_length"": 2.0, ""absorbance"": 80.0}, {""wavelength"": 450.0, ""concentration"": 5.0, ""path_length"": 2.0, ""absorbance"": 90.0}, {""wavelength"": 450.0, ""concentration"": 4.0, ""path_length"": 2.0, ""absorbance"": 72.0}, {""wavelength"": 450.0, ""concentration"": 4.0, ""path_length"": 3.0, ""absorbance"": 108.0}, {""wavelength"": 450.0, ""concentration"": 3.0, ""path_length"": 3.0, ""absorbance"": 81.0}]"
seq_0013__largest_target_drop_step__bar,seq_0013,largest_target_drop_step,largest_drop_step,bar,bar,"At which step does absorbance show the largest drop compared with the previous step? If it never drops, answer none.",4,step_or_none,4,True,,"```json
{
    ""answer"": ""4""
}
```","[""/results/yao314652/home/project/outputs/visual_benchmark/qwen25vl_3b_all_modalities_rerun/images/seq_0013__largest_target_drop_step__bar/bar/step_0000.png"", ""/results/yao314652/home/project/outputs/visual_benchmark/qwen25vl_3b_all_modalities_rerun/images/seq_0013__largest_target_drop_step__bar/bar/step_0001.png"", ""/results/yao314652/home/project/outputs/visual_benchmark/qwen25vl_3b_all_modalities_rerun/images/seq_0013__largest_target_drop_step__bar/bar/step_0002.png"", ""/results/yao314652/home/project/outputs/visual_benchmark/qwen25vl_3b_all_modalities_rerun/images/seq_0013__largest_target_drop_step__bar/bar/step_0003.png"", ""/results/yao314652/home/project/outputs/visual_benchmark/qwen25vl_3b_all_modalities_rerun/images/seq_0013__largest_target_drop_step__bar/bar/step_0004.png""]","[{""wavelength"": 400.0, ""concentration"": 5.0, ""path_length"": 2.0, ""absorbance"": 80.0}, {""wavelength"": 450.0, ""concentration"": 5.0, ""path_length"": 2.0, ""absorbance"": 90.0}, {""wavelength"": 450.0, ""concentration"": 4.0, ""path_length"": 2.0, ""absorbance"": 72.0}, {""wavelength"": 450.0, ""concentration"": 4.0, ""path_length"": 3.0, ""absorbance"": 108.0}, {""wavelength"": 450.0, ""concentration"": 3.0, ""path_length"": 3.0, ""absorbance"": 81.0}]"
seq_0013__largest_target_drop_step__line,seq_0013,largest_target_drop_step,largest_drop_step,line,line,"At which step does absorbance show the largest drop compared with the previous step? If it never drops, answer none.",4,step_or_none,3,False,,"```json
{
  ""answer"": ""3""
}
```","[""/results/yao314652/home/project/outputs/visual_benchmark/qwen25vl_3b_all_modalities_rerun/images/seq_0013__largest_target_drop_step__line/line/seq_0013__largest_target_drop_step__line_step_0000.png"", ""/results/yao314652/home/project/outputs/visual_benchmark/qwen25vl_3b_all_modalities_rerun/images/seq_0013__largest_target_drop_step__line/line/seq_0013__largest_target_drop_step__line_step_0001.png"", ""/results/yao314652/home/project/outputs/visual_benchmark/qwen25vl_3b_all_modalities_rerun/images/seq_0013__largest_target_drop_step__line/line/seq_0013__largest_target_drop_step__line_step_0002.png"", ""/results/yao314652/home/project/outputs/visual_benchmark/qwen25vl_3b_all_modalities_rerun/images/seq_0013__largest_target_drop_step__line/line/seq_0013__largest_target_drop_step__line_step_0003.png"", ""/results/yao314652/home/project/outputs/visual_benchmark/qwen25vl_3b_all_modalities_rerun/images/seq_0013__largest_target_drop_step__line/line/seq_0013__largest_target_drop_step__line_step_0004.png""]","[{""wavelength"": 400.0, ""concentration"": 5.0, ""path_length"": 2.0, ""absorbance"": 80.0}, {""wavelength"": 450.0, ""concentration"": 5.0, ""path_length"": 2.0, ""absorbance"": 90.0}, {""wavelength"": 450.0, ""concentration"": 4.0, ""path_length"": 2.0, ""absorbance"": 72.0}, {""wavelength"": 450.0, ""concentration"": 4.0, ""path_length"": 3.0, ""absorbance"": 108.0}, {""wavelength"": 450.0, ""concentration"": 3.0, ""path_length"": 3.0, ""absorbance"": 81.0}]"
seq_0013__largest_target_drop_step__scatter,seq_0013,largest_target_drop_step,largest_drop_step,scatter,scatter,"At which step does absorbance show the largest drop compared with the previous step? If it never drops, answer none.",4,step_or_none,1,False,,"```json
{""answer"": 1}
```","[""/results/yao314652/home/project/outputs/visual_benchmark/qwen25vl_3b_all_modalities_rerun/images/seq_0013__largest_target_drop_step__scatter/scatter/seq_0013__largest_target_drop_step__scatter_step_0000.png"", ""/results/yao314652/home/project/outputs/visual_benchmark/qwen25vl_3b_all_modalities_rerun/images/seq_0013__largest_target_drop_step__scatter/scatter/seq_0013__largest_target_drop_step__scatter_step_0001.png"", ""/results/yao314652/home/project/outputs/visual_benchmark/qwen25vl_3b_all_modalities_rerun/images/seq_0013__largest_target_drop_step__scatter/scatter/seq_0013__largest_target_drop_step__scatter_step_0002.png"", ""/results/yao314652/home/project/outputs/visual_benchmark/qwen25vl_3b_all_modalities_rerun/images/seq_0013__largest_target_drop_step__scatter/scatter/seq_0013__largest_target_drop_step__scatter_step_0003.png"", ""/results/yao314652/home/project/outputs/visual_benchmark/qwen25vl_3b_all_modalities_rerun/images/seq_0013__largest_target_drop_step__scatter/scatter/seq_0013__largest_target_drop_step__scatter_step_0004.png""]","[{""wavelength"": 400.0, ""concentration"": 5.0, ""path_length"": 2.0, ""absorbance"": 80.0}, {""wavelength"": 450.0, ""concentration"": 5.0, ""path_length"": 2.0, ""absorbance"": 90.0}, {""wavelength"": 450.0, ""concentration"": 4.0, ""path_length"": 2.0, ""absorbance"": 72.0}, {""wavelength"": 450.0, ""concentration"": 4.0, ""path_length"": 3.0, ""absorbance"": 108.0}, {""wavelength"": 450.0, ""concentration"": 3.0, ""path_length"": 3.0, ""absorbance"": 81.0}]"
seq_0013__largest_target_drop_step__simulation,seq_0013,largest_target_drop_step,largest_drop_step,simulation,simulation,"At which step does absorbance show the largest drop compared with the previous step? If it never drops, answer none.",4,step_or_none,1,False,,"{""answer"": 1}","[""/results/yao314652/home/project/outputs/visual_benchmark/qwen25vl_3b_all_modalities_rerun/images/seq_0013__largest_target_drop_step__simulation/simulation/step_0000.png"", ""/results/yao314652/home/project/outputs/visual_benchmark/qwen25vl_3b_all_modalities_rerun/images/seq_0013__largest_target_drop_step__simulation/simulation/step_0001.png"", ""/results/yao314652/home/project/outputs/visual_benchmark/qwen25vl_3b_all_modalities_rerun/images/seq_0013__largest_target_drop_step__simulation/simulation/step_0002.png"", ""/results/yao314652/home/project/outputs/visual_benchmark/qwen25vl_3b_all_modalities_rerun/images/seq_0013__largest_target_drop_step__simulation/simulation/step_0003.png"", ""/results/yao314652/home/project/outputs/visual_benchmark/qwen25vl_3b_all_modalities_rerun/images/seq_0013__largest_target_drop_step__simulation/simulation/step_0004.png""]","[{""wavelength"": 400.0, ""concentration"": 5.0, ""path_length"": 2.0, ""absorbance"": 80.0}, {""wavelength"": 450.0, ""concentration"": 5.0, ""path_length"": 2.0, ""absorbance"": 90.0}, {""wavelength"": 450.0, ""concentration"": 4.0, ""path_length"": 2.0, ""absorbance"": 72.0}, {""wavelength"": 450.0, ""concentration"": 4.0, ""path_length"": 3.0, ""absorbance"": 108.0}, {""wavelength"": 450.0, ""concentration"": 3.0, ""path_length"": 3.0, ""absorbance"": 81.0}]"
seq_0014__read_last_target__text,seq_0014,read_last_target,value_at_step,text,none,What is the value of absorbance at step 4?,112.0,number,112,True,0.0,"```json
{
  ""answer"": 112
}
```",[],"[{""wavelength"": 650.0, ""concentration"": 4.0, ""path_length"": 3.0, ""absorbance"": 156.0}, {""wavelength"": 700.0, ""concentration"": 4.0, ""path_length"": 3.0, ""absorbance"": 168.0}, {""wavelength"": 700.0, ""concentration"": 3.0, ""path_length"": 3.0, ""absorbance"": 126.0}, {""wavelength"": 700.0, ""concentration"": 3.0, ""path_length"": 4.0, ""absorbance"": 168.0}, {""wavelength"": 700.0, ""concentration"": 2.0, ""path_length"": 4.0, ""absorbance"": 112.0}]"
seq_0014__read_last_target__bar,seq_0014,read_last_target,value_at_step,bar,bar,What is the value of absorbance at step 4?,112.0,number,0.768139,False,111.231861,"```json
{
    ""answer"": 0.768139
}
```","[""/results/yao314652/home/project/outputs/visual_benchmark/qwen25vl_3b_all_modalities_rerun/images/seq_0014__read_last_target__bar/bar/step_0000.png"", ""/results/yao314652/home/project/outputs/visual_benchmark/qwen25vl_3b_all_modalities_rerun/images/seq_0014__read_last_target__bar/bar/step_0001.png"", ""/results/yao314652/home/project/outputs/visual_benchmark/qwen25vl_3b_all_modalities_rerun/images/seq_0014__read_last_target__bar/bar/step_0002.png"", ""/results/yao314652/home/project/outputs/visual_benchmark/qwen25vl_3b_all_modalities_rerun/images/seq_0014__read_last_target__bar/bar/step_0003.png"", ""/results/yao314652/home/project/outputs/visual_benchmark/qwen25vl_3b_all_modalities_rerun/images/seq_0014__read_last_target__bar/bar/step_0004.png""]","[{""wavelength"": 650.0, ""concentration"": 4.0, ""path_length"": 3.0, ""absorbance"": 156.0}, {""wavelength"": 700.0, ""concentration"": 4.0, ""path_length"": 3.0, ""absorbance"": 168.0}, {""wavelength"": 700.0, ""concentration"": 3.0, ""path_length"": 3.0, ""absorbance"": 126.0}, {""wavelength"": 700.0, ""concentration"": 3.0, ""path_length"": 4.0, ""absorbance"": 168.0}, {""wavelength"": 700.0, ""concentration"": 2.0, ""path_length"": 4.0, ""absorbance"": 112.0}]"
seq_0014__read_last_target__line,seq_0014,read_last_target,value_at_step,line,line,What is the value of absorbance at step 4?,112.0,number,0.987,False,111.013,"```json
{
  ""answer"": 0.987
}
```","[""/results/yao314652/home/project/outputs/visual_benchmark/qwen25vl_3b_all_modalities_rerun/images/seq_0014__read_last_target__line/line/seq_0014__read_last_target__line_step_0000.png"", ""/results/yao314652/home/project/outputs/visual_benchmark/qwen25vl_3b_all_modalities_rerun/images/seq_0014__read_last_target__line/line/seq_0014__read_last_target__line_step_0001.png"", ""/results/yao314652/home/project/outputs/visual_benchmark/qwen25vl_3b_all_modalities_rerun/images/seq_0014__read_last_target__line/line/seq_0014__read_last_target__line_step_0002.png"", ""/results/yao314652/home/project/outputs/visual_benchmark/qwen25vl_3b_all_modalities_rerun/images/seq_0014__read_last_target__line/line/seq_0014__read_last_target__line_step_0003.png"", ""/results/yao314652/home/project/outputs/visual_benchmark/qwen25vl_3b_all_modalities_rerun/images/seq_0014__read_last_target__line/line/seq_0014__read_last_target__line_step_0004.png""]","[{""wavelength"": 650.0, ""concentration"": 4.0, ""path_length"": 3.0, ""absorbance"": 156.0}, {""wavelength"": 700.0, ""concentration"": 4.0, ""path_length"": 3.0, ""absorbance"": 168.0}, {""wavelength"": 700.0, ""concentration"": 3.0, ""path_length"": 3.0, ""absorbance"": 126.0}, {""wavelength"": 700.0, ""concentration"": 3.0, ""path_length"": 4.0, ""absorbance"": 168.0}, {""wavelength"": 700.0, ""concentration"": 2.0, ""path_length"": 4.0, ""absorbance"": 112.0}]"
seq_0014__read_last_target__scatter,seq_0014,read_last_target,value_at_step,scatter,scatter,What is the value of absorbance at step 4?,112.0,number,1.867,False,110.133,"```json
{
  ""answer"": 1.867
}
```","[""/results/yao314652/home/project/outputs/visual_benchmark/qwen25vl_3b_all_modalities_rerun/images/seq_0014__read_last_target__scatter/scatter/seq_0014__read_last_target__scatter_step_0000.png"", ""/results/yao314652/home/project/outputs/visual_benchmark/qwen25vl_3b_all_modalities_rerun/images/seq_0014__read_last_target__scatter/scatter/seq_0014__read_last_target__scatter_step_0001.png"", ""/results/yao314652/home/project/outputs/visual_benchmark/qwen25vl_3b_all_modalities_rerun/images/seq_0014__read_last_target__scatter/scatter/seq_0014__read_last_target__scatter_step_0002.png"", ""/results/yao314652/home/project/outputs/visual_benchmark/qwen25vl_3b_all_modalities_rerun/images/seq_0014__read_last_target__scatter/scatter/seq_0014__read_last_target__scatter_step_0003.png"", ""/results/yao314652/home/project/outputs/visual_benchmark/qwen25vl_3b_all_modalities_rerun/images/seq_0014__read_last_target__scatter/scatter/seq_0014__read_last_target__scatter_step_0004.png""]","[{""wavelength"": 650.0, ""concentration"": 4.0, ""path_length"": 3.0, ""absorbance"": 156.0}, {""wavelength"": 700.0, ""concentration"": 4.0, ""path_length"": 3.0, ""absorbance"": 168.0}, {""wavelength"": 700.0, ""concentration"": 3.0, ""path_length"": 3.0, ""absorbance"": 126.0}, {""wavelength"": 700.0, ""concentration"": 3.0, ""path_length"": 4.0, ""absorbance"": 168.0}, {""wavelength"": 700.0, ""concentration"": 2.0, ""path_length"": 4.0, ""absorbance"": 112.0}]"
seq_0014__read_last_target__simulation,seq_0014,read_last_target,value_at_step,simulation,simulation,What is the value of absorbance at step 4?,112.0,number,0.2,False,111.8,"```json
{
    ""answer"": 0.2
}
```","[""/results/yao314652/home/project/outputs/visual_benchmark/qwen25vl_3b_all_modalities_rerun/images/seq_0014__read_last_target__simulation/simulation/step_0000.png"", ""/results/yao314652/home/project/outputs/visual_benchmark/qwen25vl_3b_all_modalities_rerun/images/seq_0014__read_last_target__simulation/simulation/step_0001.png"", ""/results/yao314652/home/project/outputs/visual_benchmark/qwen25vl_3b_all_modalities_rerun/images/seq_0014__read_last_target__simulation/simulation/step_0002.png"", ""/results/yao314652/home/project/outputs/visual_benchmark/qwen25vl_3b_all_modalities_rerun/images/seq_0014__read_last_target__simulation/simulation/step_0003.png"", ""/results/yao314652/home/project/outputs/visual_benchmark/qwen25vl_3b_all_modalities_rerun/images/seq_0014__read_last_target__simulation/simulation/step_0004.png""]","[{""wavelength"": 650.0, ""concentration"": 4.0, ""path_length"": 3.0, ""absorbance"": 156.0}, {""wavelength"": 700.0, ""concentration"": 4.0, ""path_length"": 3.0, ""absorbance"": 168.0}, {""wavelength"": 700.0, ""concentration"": 3.0, ""path_length"": 3.0, ""absorbance"": 126.0}, {""wavelength"": 700.0, ""concentration"": 3.0, ""path_length"": 4.0, ""absorbance"": 168.0}, {""wavelength"": 700.0, ""concentration"": 2.0, ""path_length"": 4.0, ""absorbance"": 112.0}]"
seq_0014__target_change_amount__text,seq_0014,target_change_amount,change_amount,text,none,By how much does absorbance change from step 0 to step 4?,-44.0,number,44,False,88.0,"```json
{""answer"": 44}
```",[],"[{""wavelength"": 650.0, ""concentration"": 4.0, ""path_length"": 3.0, ""absorbance"": 156.0}, {""wavelength"": 700.0, ""concentration"": 4.0, ""path_length"": 3.0, ""absorbance"": 168.0}, {""wavelength"": 700.0, ""concentration"": 3.0, ""path_length"": 3.0, ""absorbance"": 126.0}, {""wavelength"": 700.0, ""concentration"": 3.0, ""path_length"": 4.0, ""absorbance"": 168.0}, {""wavelength"": 700.0, ""concentration"": 2.0, ""path_length"": 4.0, ""absorbance"": 112.0}]"
seq_0014__target_change_amount__bar,seq_0014,target_change_amount,change_amount,bar,bar,By how much does absorbance change from step 0 to step 4?,-44.0,number,1,False,45.0,"```json
{
    ""answer"": 1
}
```","[""/results/yao314652/home/project/outputs/visual_benchmark/qwen25vl_3b_all_modalities_rerun/images/seq_0014__target_change_amount__bar/bar/step_0000.png"", ""/results/yao314652/home/project/outputs/visual_benchmark/qwen25vl_3b_all_modalities_rerun/images/seq_0014__target_change_amount__bar/bar/step_0001.png"", ""/results/yao314652/home/project/outputs/visual_benchmark/qwen25vl_3b_all_modalities_rerun/images/seq_0014__target_change_amount__bar/bar/step_0002.png"", ""/results/yao314652/home/project/outputs/visual_benchmark/qwen25vl_3b_all_modalities_rerun/images/seq_0014__target_change_amount__bar/bar/step_0003.png"", ""/results/yao314652/home/project/outputs/visual_benchmark/qwen25vl_3b_all_modalities_rerun/images/seq_0014__target_change_amount__bar/bar/step_0004.png""]","[{""wavelength"": 650.0, ""concentration"": 4.0, ""path_length"": 3.0, ""absorbance"": 156.0}, {""wavelength"": 700.0, ""concentration"": 4.0, ""path_length"": 3.0, ""absorbance"": 168.0}, {""wavelength"": 700.0, ""concentration"": 3.0, ""path_length"": 3.0, ""absorbance"": 126.0}, {""wavelength"": 700.0, ""concentration"": 3.0, ""path_length"": 4.0, ""absorbance"": 168.0}, {""wavelength"": 700.0, ""concentration"": 2.0, ""path_length"": 4.0, ""absorbance"": 112.0}]"
seq_0014__target_change_amount__line,seq_0014,target_change_amount,change_amount,line,line,By how much does absorbance change from step 0 to step 4?,-44.0,number,-0.1397,False,43.8603,"```json
{
  ""answer"": -0.1397
}
```","[""/results/yao314652/home/project/outputs/visual_benchmark/qwen25vl_3b_all_modalities_rerun/images/seq_0014__target_change_amount__line/line/seq_0014__target_change_amount__line_step_0000.png"", ""/results/yao314652/home/project/outputs/visual_benchmark/qwen25vl_3b_all_modalities_rerun/images/seq_0014__target_change_amount__line/line/seq_0014__target_change_amount__line_step_0001.png"", ""/results/yao314652/home/project/outputs/visual_benchmark/qwen25vl_3b_all_modalities_rerun/images/seq_0014__target_change_amount__line/line/seq_0014__target_change_amount__line_step_0002.png"", ""/results/yao314652/home/project/outputs/visual_benchmark/qwen25vl_3b_all_modalities_rerun/images/seq_0014__target_change_amount__line/line/seq_0014__target_change_amount__line_step_0003.png"", ""/results/yao314652/home/project/outputs/visual_benchmark/qwen25vl_3b_all_modalities_rerun/images/seq_0014__target_change_amount__line/line/seq_0014__target_change_amount__line_step_0004.png""]","[{""wavelength"": 650.0, ""concentration"": 4.0, ""path_length"": 3.0, ""absorbance"": 156.0}, {""wavelength"": 700.0, ""concentration"": 4.0, ""path_length"": 3.0, ""absorbance"": 168.0}, {""wavelength"": 700.0, ""concentration"": 3.0, ""path_length"": 3.0, ""absorbance"": 126.0}, {""wavelength"": 700.0, ""concentration"": 3.0, ""path_length"": 4.0, ""absorbance"": 168.0}, {""wavelength"": 700.0, ""concentration"": 2.0, ""path_length"": 4.0, ""absorbance"": 112.0}]"
seq_0014__target_change_amount__scatter,seq_0014,target_change_amount,change_amount,scatter,scatter,By how much does absorbance change from step 0 to step 4?,-44.0,number,0.237178,False,44.237178,"```json
{
  ""answer"": 0.237178
}
```","[""/results/yao314652/home/project/outputs/visual_benchmark/qwen25vl_3b_all_modalities_rerun/images/seq_0014__target_change_amount__scatter/scatter/seq_0014__target_change_amount__scatter_step_0000.png"", ""/results/yao314652/home/project/outputs/visual_benchmark/qwen25vl_3b_all_modalities_rerun/images/seq_0014__target_change_amount__scatter/scatter/seq_0014__target_change_amount__scatter_step_0001.png"", ""/results/yao314652/home/project/outputs/visual_benchmark/qwen25vl_3b_all_modalities_rerun/images/seq_0014__target_change_amount__scatter/scatter/seq_0014__target_change_amount__scatter_step_0002.png"", ""/results/yao314652/home/project/outputs/visual_benchmark/qwen25vl_3b_all_modalities_rerun/images/seq_0014__target_change_amount__scatter/scatter/seq_0014__target_change_amount__scatter_step_0003.png"", ""/results/yao314652/home/project/outputs/visual_benchmark/qwen25vl_3b_all_modalities_rerun/images/seq_0014__target_change_amount__scatter/scatter/seq_0014__target_change_amount__scatter_step_0004.png""]","[{""wavelength"": 650.0, ""concentration"": 4.0, ""path_length"": 3.0, ""absorbance"": 156.0}, {""wavelength"": 700.0, ""concentration"": 4.0, ""path_length"": 3.0, ""absorbance"": 168.0}, {""wavelength"": 700.0, ""concentration"": 3.0, ""path_length"": 3.0, ""absorbance"": 126.0}, {""wavelength"": 700.0, ""concentration"": 3.0, ""path_length"": 4.0, ""absorbance"": 168.0}, {""wavelength"": 700.0, ""concentration"": 2.0, ""path_length"": 4.0, ""absorbance"": 112.0}]"
seq_0014__target_change_amount__simulation,seq_0014,target_change_amount,change_amount,simulation,simulation,By how much does absorbance change from step 0 to step 4?,-44.0,number,-0.1,False,43.9,"```json
{
  ""answer"": -0.1
}
```","[""/results/yao314652/home/project/outputs/visual_benchmark/qwen25vl_3b_all_modalities_rerun/images/seq_0014__target_change_amount__simulation/simulation/step_0000.png"", ""/results/yao314652/home/project/outputs/visual_benchmark/qwen25vl_3b_all_modalities_rerun/images/seq_0014__target_change_amount__simulation/simulation/step_0001.png"", ""/results/yao314652/home/project/outputs/visual_benchmark/qwen25vl_3b_all_modalities_rerun/images/seq_0014__target_change_amount__simulation/simulation/step_0002.png"", ""/results/yao314652/home/project/outputs/visual_benchmark/qwen25vl_3b_all_modalities_rerun/images/seq_0014__target_change_amount__simulation/simulation/step_0003.png"", ""/results/yao314652/home/project/outputs/visual_benchmark/qwen25vl_3b_all_modalities_rerun/images/seq_0014__target_change_amount__simulation/simulation/step_0004.png""]","[{""wavelength"": 650.0, ""concentration"": 4.0, ""path_length"": 3.0, ""absorbance"": 156.0}, {""wavelength"": 700.0, ""concentration"": 4.0, ""path_length"": 3.0, ""absorbance"": 168.0}, {""wavelength"": 700.0, ""concentration"": 3.0, ""path_length"": 3.0, ""absorbance"": 126.0}, {""wavelength"": 700.0, ""concentration"": 3.0, ""path_length"": 4.0, ""absorbance"": 168.0}, {""wavelength"": 700.0, ""concentration"": 2.0, ""path_length"": 4.0, ""absorbance"": 112.0}]"
seq_0014__target_change_direction__text,seq_0014,target_change_direction,change_direction,text,none,"Does absorbance increase, decrease, or stay the same from step 0 to step 4?",decrease,category,decrease,True,,"```json
{
  ""answer"": ""decrease""
}
```",[],"[{""wavelength"": 650.0, ""concentration"": 4.0, ""path_length"": 3.0, ""absorbance"": 156.0}, {""wavelength"": 700.0, ""concentration"": 4.0, ""path_length"": 3.0, ""absorbance"": 168.0}, {""wavelength"": 700.0, ""concentration"": 3.0, ""path_length"": 3.0, ""absorbance"": 126.0}, {""wavelength"": 700.0, ""concentration"": 3.0, ""path_length"": 4.0, ""absorbance"": 168.0}, {""wavelength"": 700.0, ""concentration"": 2.0, ""path_length"": 4.0, ""absorbance"": 112.0}]"
seq_0014__target_change_direction__bar,seq_0014,target_change_direction,change_direction,bar,bar,"Does absorbance increase, decrease, or stay the same from step 0 to step 4?",decrease,category,decrease,True,,"```json
{
  ""answer"": ""decrease""
}
```","[""/results/yao314652/home/project/outputs/visual_benchmark/qwen25vl_3b_all_modalities_rerun/images/seq_0014__target_change_direction__bar/bar/step_0000.png"", ""/results/yao314652/home/project/outputs/visual_benchmark/qwen25vl_3b_all_modalities_rerun/images/seq_0014__target_change_direction__bar/bar/step_0001.png"", ""/results/yao314652/home/project/outputs/visual_benchmark/qwen25vl_3b_all_modalities_rerun/images/seq_0014__target_change_direction__bar/bar/step_0002.png"", ""/results/yao314652/home/project/outputs/visual_benchmark/qwen25vl_3b_all_modalities_rerun/images/seq_0014__target_change_direction__bar/bar/step_0003.png"", ""/results/yao314652/home/project/outputs/visual_benchmark/qwen25vl_3b_all_modalities_rerun/images/seq_0014__target_change_direction__bar/bar/step_0004.png""]","[{""wavelength"": 650.0, ""concentration"": 4.0, ""path_length"": 3.0, ""absorbance"": 156.0}, {""wavelength"": 700.0, ""concentration"": 4.0, ""path_length"": 3.0, ""absorbance"": 168.0}, {""wavelength"": 700.0, ""concentration"": 3.0, ""path_length"": 3.0, ""absorbance"": 126.0}, {""wavelength"": 700.0, ""concentration"": 3.0, ""path_length"": 4.0, ""absorbance"": 168.0}, {""wavelength"": 700.0, ""concentration"": 2.0, ""path_length"": 4.0, ""absorbance"": 112.0}]"
seq_0014__target_change_direction__line,seq_0014,target_change_direction,change_direction,line,line,"Does absorbance increase, decrease, or stay the same from step 0 to step 4?",decrease,category,decrease,True,,"{""answer"": ""decrease""}","[""/results/yao314652/home/project/outputs/visual_benchmark/qwen25vl_3b_all_modalities_rerun/images/seq_0014__target_change_direction__line/line/seq_0014__target_change_direction__line_step_0000.png"", ""/results/yao314652/home/project/outputs/visual_benchmark/qwen25vl_3b_all_modalities_rerun/images/seq_0014__target_change_direction__line/line/seq_0014__target_change_direction__line_step_0001.png"", ""/results/yao314652/home/project/outputs/visual_benchmark/qwen25vl_3b_all_modalities_rerun/images/seq_0014__target_change_direction__line/line/seq_0014__target_change_direction__line_step_0002.png"", ""/results/yao314652/home/project/outputs/visual_benchmark/qwen25vl_3b_all_modalities_rerun/images/seq_0014__target_change_direction__line/line/seq_0014__target_change_direction__line_step_0003.png"", ""/results/yao314652/home/project/outputs/visual_benchmark/qwen25vl_3b_all_modalities_rerun/images/seq_0014__target_change_direction__line/line/seq_0014__target_change_direction__line_step_0004.png""]","[{""wavelength"": 650.0, ""concentration"": 4.0, ""path_length"": 3.0, ""absorbance"": 156.0}, {""wavelength"": 700.0, ""concentration"": 4.0, ""path_length"": 3.0, ""absorbance"": 168.0}, {""wavelength"": 700.0, ""concentration"": 3.0, ""path_length"": 3.0, ""absorbance"": 126.0}, {""wavelength"": 700.0, ""concentration"": 3.0, ""path_length"": 4.0, ""absorbance"": 168.0}, {""wavelength"": 700.0, ""concentration"": 2.0, ""path_length"": 4.0, ""absorbance"": 112.0}]"
seq_0014__target_change_direction__scatter,seq_0014,target_change_direction,change_direction,scatter,scatter,"Does absorbance increase, decrease, or stay the same from step 0 to step 4?",decrease,category,decrease,True,,"{""answer"": ""decrease""}","[""/results/yao314652/home/project/outputs/visual_benchmark/qwen25vl_3b_all_modalities_rerun/images/seq_0014__target_change_direction__scatter/scatter/seq_0014__target_change_direction__scatter_step_0000.png"", ""/results/yao314652/home/project/outputs/visual_benchmark/qwen25vl_3b_all_modalities_rerun/images/seq_0014__target_change_direction__scatter/scatter/seq_0014__target_change_direction__scatter_step_0001.png"", ""/results/yao314652/home/project/outputs/visual_benchmark/qwen25vl_3b_all_modalities_rerun/images/seq_0014__target_change_direction__scatter/scatter/seq_0014__target_change_direction__scatter_step_0002.png"", ""/results/yao314652/home/project/outputs/visual_benchmark/qwen25vl_3b_all_modalities_rerun/images/seq_0014__target_change_direction__scatter/scatter/seq_0014__target_change_direction__scatter_step_0003.png"", ""/results/yao314652/home/project/outputs/visual_benchmark/qwen25vl_3b_all_modalities_rerun/images/seq_0014__target_change_direction__scatter/scatter/seq_0014__target_change_direction__scatter_step_0004.png""]","[{""wavelength"": 650.0, ""concentration"": 4.0, ""path_length"": 3.0, ""absorbance"": 156.0}, {""wavelength"": 700.0, ""concentration"": 4.0, ""path_length"": 3.0, ""absorbance"": 168.0}, {""wavelength"": 700.0, ""concentration"": 3.0, ""path_length"": 3.0, ""absorbance"": 126.0}, {""wavelength"": 700.0, ""concentration"": 3.0, ""path_length"": 4.0, ""absorbance"": 168.0}, {""wavelength"": 700.0, ""concentration"": 2.0, ""path_length"": 4.0, ""absorbance"": 112.0}]"
seq_0014__target_change_direction__simulation,seq_0014,target_change_direction,change_direction,simulation,simulation,"Does absorbance increase, decrease, or stay the same from step 0 to step 4?",decrease,category,decrease,True,,"{""answer"": ""decrease""}","[""/results/yao314652/home/project/outputs/visual_benchmark/qwen25vl_3b_all_modalities_rerun/images/seq_0014__target_change_direction__simulation/simulation/step_0000.png"", ""/results/yao314652/home/project/outputs/visual_benchmark/qwen25vl_3b_all_modalities_rerun/images/seq_0014__target_change_direction__simulation/simulation/step_0001.png"", ""/results/yao314652/home/project/outputs/visual_benchmark/qwen25vl_3b_all_modalities_rerun/images/seq_0014__target_change_direction__simulation/simulation/step_0002.png"", ""/results/yao314652/home/project/outputs/visual_benchmark/qwen25vl_3b_all_modalities_rerun/images/seq_0014__target_change_direction__simulation/simulation/step_0003.png"", ""/results/yao314652/home/project/outputs/visual_benchmark/qwen25vl_3b_all_modalities_rerun/images/seq_0014__target_change_direction__simulation/simulation/step_0004.png""]","[{""wavelength"": 650.0, ""concentration"": 4.0, ""path_length"": 3.0, ""absorbance"": 156.0}, {""wavelength"": 700.0, ""concentration"": 4.0, ""path_length"": 3.0, ""absorbance"": 168.0}, {""wavelength"": 700.0, ""concentration"": 3.0, ""path_length"": 3.0, ""absorbance"": 126.0}, {""wavelength"": 700.0, ""concentration"": 3.0, ""path_length"": 4.0, ""absorbance"": 168.0}, {""wavelength"": 700.0, ""concentration"": 2.0, ""path_length"": 4.0, ""absorbance"": 112.0}]"
seq_0014__changed_variable_0_to_1__text,seq_0014,changed_variable_0_to_1,changed_variable,text,none,Which input variable changed from step 0 to step 1?,wavelength,category,wavelength,True,,"{
  ""answer"": ""wavelength""
}",[],"[{""wavelength"": 650.0, ""concentration"": 4.0, ""path_length"": 3.0, ""absorbance"": 156.0}, {""wavelength"": 700.0, ""concentration"": 4.0, ""path_length"": 3.0, ""absorbance"": 168.0}, {""wavelength"": 700.0, ""concentration"": 3.0, ""path_length"": 3.0, ""absorbance"": 126.0}, {""wavelength"": 700.0, ""concentration"": 3.0, ""path_length"": 4.0, ""absorbance"": 168.0}, {""wavelength"": 700.0, ""concentration"": 2.0, ""path_length"": 4.0, ""absorbance"": 112.0}]"
seq_0014__changed_variable_0_to_1__bar,seq_0014,changed_variable_0_to_1,changed_variable,bar,bar,Which input variable changed from step 0 to step 1?,wavelength,category,funding,False,,"{""answer"": ""funding""}","[""/results/yao314652/home/project/outputs/visual_benchmark/qwen25vl_3b_all_modalities_rerun/images/seq_0014__changed_variable_0_to_1__bar/bar/step_0000.png"", ""/results/yao314652/home/project/outputs/visual_benchmark/qwen25vl_3b_all_modalities_rerun/images/seq_0014__changed_variable_0_to_1__bar/bar/step_0001.png"", ""/results/yao314652/home/project/outputs/visual_benchmark/qwen25vl_3b_all_modalities_rerun/images/seq_0014__changed_variable_0_to_1__bar/bar/step_0002.png"", ""/results/yao314652/home/project/outputs/visual_benchmark/qwen25vl_3b_all_modalities_rerun/images/seq_0014__changed_variable_0_to_1__bar/bar/step_0003.png"", ""/results/yao314652/home/project/outputs/visual_benchmark/qwen25vl_3b_all_modalities_rerun/images/seq_0014__changed_variable_0_to_1__bar/bar/step_0004.png""]","[{""wavelength"": 650.0, ""concentration"": 4.0, ""path_length"": 3.0, ""absorbance"": 156.0}, {""wavelength"": 700.0, ""concentration"": 4.0, ""path_length"": 3.0, ""absorbance"": 168.0}, {""wavelength"": 700.0, ""concentration"": 3.0, ""path_length"": 3.0, ""absorbance"": 126.0}, {""wavelength"": 700.0, ""concentration"": 3.0, ""path_length"": 4.0, ""absorbance"": 168.0}, {""wavelength"": 700.0, ""concentration"": 2.0, ""path_length"": 4.0, ""absorbance"": 112.0}]"
seq_0014__changed_variable_0_to_1__line,seq_0014,changed_variable_0_to_1,changed_variable,line,line,Which input variable changed from step 0 to step 1?,wavelength,category,lambda,False,,"{""answer"": ""lambda""}","[""/results/yao314652/home/project/outputs/visual_benchmark/qwen25vl_3b_all_modalities_rerun/images/seq_0014__changed_variable_0_to_1__line/line/seq_0014__changed_variable_0_to_1__line_step_0000.png"", ""/results/yao314652/home/project/outputs/visual_benchmark/qwen25vl_3b_all_modalities_rerun/images/seq_0014__changed_variable_0_to_1__line/line/seq_0014__changed_variable_0_to_1__line_step_0001.png"", ""/results/yao314652/home/project/outputs/visual_benchmark/qwen25vl_3b_all_modalities_rerun/images/seq_0014__changed_variable_0_to_1__line/line/seq_0014__changed_variable_0_to_1__line_step_0002.png"", ""/results/yao314652/home/project/outputs/visual_benchmark/qwen25vl_3b_all_modalities_rerun/images/seq_0014__changed_variable_0_to_1__line/line/seq_0014__changed_variable_0_to_1__line_step_0003.png"", ""/results/yao314652/home/project/outputs/visual_benchmark/qwen25vl_3b_all_modalities_rerun/images/seq_0014__changed_variable_0_to_1__line/line/seq_0014__changed_variable_0_to_1__line_step_0004.png""]","[{""wavelength"": 650.0, ""concentration"": 4.0, ""path_length"": 3.0, ""absorbance"": 156.0}, {""wavelength"": 700.0, ""concentration"": 4.0, ""path_length"": 3.0, ""absorbance"": 168.0}, {""wavelength"": 700.0, ""concentration"": 3.0, ""path_length"": 3.0, ""absorbance"": 126.0}, {""wavelength"": 700.0, ""concentration"": 3.0, ""path_length"": 4.0, ""absorbance"": 168.0}, {""wavelength"": 700.0, ""concentration"": 2.0, ""path_length"": 4.0, ""absorbance"": 112.0}]"
seq_0014__changed_variable_0_to_1__scatter,seq_0014,changed_variable_0_to_1,changed_variable,scatter,scatter,Which input variable changed from step 0 to step 1?,wavelength,category,temperature,False,,"{""answer"": ""temperature""}","[""/results/yao314652/home/project/outputs/visual_benchmark/qwen25vl_3b_all_modalities_rerun/images/seq_0014__changed_variable_0_to_1__scatter/scatter/seq_0014__changed_variable_0_to_1__scatter_step_0000.png"", ""/results/yao314652/home/project/outputs/visual_benchmark/qwen25vl_3b_all_modalities_rerun/images/seq_0014__changed_variable_0_to_1__scatter/scatter/seq_0014__changed_variable_0_to_1__scatter_step_0001.png"", ""/results/yao314652/home/project/outputs/visual_benchmark/qwen25vl_3b_all_modalities_rerun/images/seq_0014__changed_variable_0_to_1__scatter/scatter/seq_0014__changed_variable_0_to_1__scatter_step_0002.png"", ""/results/yao314652/home/project/outputs/visual_benchmark/qwen25vl_3b_all_modalities_rerun/images/seq_0014__changed_variable_0_to_1__scatter/scatter/seq_0014__changed_variable_0_to_1__scatter_step_0003.png"", ""/results/yao314652/home/project/outputs/visual_benchmark/qwen25vl_3b_all_modalities_rerun/images/seq_0014__changed_variable_0_to_1__scatter/scatter/seq_0014__changed_variable_0_to_1__scatter_step_0004.png""]","[{""wavelength"": 650.0, ""concentration"": 4.0, ""path_length"": 3.0, ""absorbance"": 156.0}, {""wavelength"": 700.0, ""concentration"": 4.0, ""path_length"": 3.0, ""absorbance"": 168.0}, {""wavelength"": 700.0, ""concentration"": 3.0, ""path_length"": 3.0, ""absorbance"": 126.0}, {""wavelength"": 700.0, ""concentration"": 3.0, ""path_length"": 4.0, ""absorbance"": 168.0}, {""wavelength"": 700.0, ""concentration"": 2.0, ""path_length"": 4.0, ""absorbance"": 112.0}]"
seq_0014__changed_variable_0_to_1__simulation,seq_0014,changed_variable_0_to_1,changed_variable,simulation,simulation,Which input variable changed from step 0 to step 1?,wavelength,category,value,False,,"{""answer"": ""value""}","[""/results/yao314652/home/project/outputs/visual_benchmark/qwen25vl_3b_all_modalities_rerun/images/seq_0014__changed_variable_0_to_1__simulation/simulation/step_0000.png"", ""/results/yao314652/home/project/outputs/visual_benchmark/qwen25vl_3b_all_modalities_rerun/images/seq_0014__changed_variable_0_to_1__simulation/simulation/step_0001.png"", ""/results/yao314652/home/project/outputs/visual_benchmark/qwen25vl_3b_all_modalities_rerun/images/seq_0014__changed_variable_0_to_1__simulation/simulation/step_0002.png"", ""/results/yao314652/home/project/outputs/visual_benchmark/qwen25vl_3b_all_modalities_rerun/images/seq_0014__changed_variable_0_to_1__simulation/simulation/step_0003.png"", ""/results/yao314652/home/project/outputs/visual_benchmark/qwen25vl_3b_all_modalities_rerun/images/seq_0014__changed_variable_0_to_1__simulation/simulation/step_0004.png""]","[{""wavelength"": 650.0, ""concentration"": 4.0, ""path_length"": 3.0, ""absorbance"": 156.0}, {""wavelength"": 700.0, ""concentration"": 4.0, ""path_length"": 3.0, ""absorbance"": 168.0}, {""wavelength"": 700.0, ""concentration"": 3.0, ""path_length"": 3.0, ""absorbance"": 126.0}, {""wavelength"": 700.0, ""concentration"": 3.0, ""path_length"": 4.0, ""absorbance"": 168.0}, {""wavelength"": 700.0, ""concentration"": 2.0, ""path_length"": 4.0, ""absorbance"": 112.0}]"
seq_0014__max_target_step__text,seq_0014,max_target_step,max_step,text,none,At which step is absorbance the highest?,1,step,1,True,,"```json
{
  ""answer"": 1
}
```",[],"[{""wavelength"": 650.0, ""concentration"": 4.0, ""path_length"": 3.0, ""absorbance"": 156.0}, {""wavelength"": 700.0, ""concentration"": 4.0, ""path_length"": 3.0, ""absorbance"": 168.0}, {""wavelength"": 700.0, ""concentration"": 3.0, ""path_length"": 3.0, ""absorbance"": 126.0}, {""wavelength"": 700.0, ""concentration"": 3.0, ""path_length"": 4.0, ""absorbance"": 168.0}, {""wavelength"": 700.0, ""concentration"": 2.0, ""path_length"": 4.0, ""absorbance"": 112.0}]"
seq_0014__max_target_step__bar,seq_0014,max_target_step,max_step,bar,bar,At which step is absorbance the highest?,1,step,[0],False,,"```json
{
    ""answer"": [0]
}
```","[""/results/yao314652/home/project/outputs/visual_benchmark/qwen25vl_3b_all_modalities_rerun/images/seq_0014__max_target_step__bar/bar/step_0000.png"", ""/results/yao314652/home/project/outputs/visual_benchmark/qwen25vl_3b_all_modalities_rerun/images/seq_0014__max_target_step__bar/bar/step_0001.png"", ""/results/yao314652/home/project/outputs/visual_benchmark/qwen25vl_3b_all_modalities_rerun/images/seq_0014__max_target_step__bar/bar/step_0002.png"", ""/results/yao314652/home/project/outputs/visual_benchmark/qwen25vl_3b_all_modalities_rerun/images/seq_0014__max_target_step__bar/bar/step_0003.png"", ""/results/yao314652/home/project/outputs/visual_benchmark/qwen25vl_3b_all_modalities_rerun/images/seq_0014__max_target_step__bar/bar/step_0004.png""]","[{""wavelength"": 650.0, ""concentration"": 4.0, ""path_length"": 3.0, ""absorbance"": 156.0}, {""wavelength"": 700.0, ""concentration"": 4.0, ""path_length"": 3.0, ""absorbance"": 168.0}, {""wavelength"": 700.0, ""concentration"": 3.0, ""path_length"": 3.0, ""absorbance"": 126.0}, {""wavelength"": 700.0, ""concentration"": 3.0, ""path_length"": 4.0, ""absorbance"": 168.0}, {""wavelength"": 700.0, ""concentration"": 2.0, ""path_length"": 4.0, ""absorbance"": 112.0}]"
seq_0014__max_target_step__line,seq_0014,max_target_step,max_step,line,line,At which step is absorbance the highest?,1,step,2,False,,"```json
{
    ""answer"": 2
}
```","[""/results/yao314652/home/project/outputs/visual_benchmark/qwen25vl_3b_all_modalities_rerun/images/seq_0014__max_target_step__line/line/seq_0014__max_target_step__line_step_0000.png"", ""/results/yao314652/home/project/outputs/visual_benchmark/qwen25vl_3b_all_modalities_rerun/images/seq_0014__max_target_step__line/line/seq_0014__max_target_step__line_step_0001.png"", ""/results/yao314652/home/project/outputs/visual_benchmark/qwen25vl_3b_all_modalities_rerun/images/seq_0014__max_target_step__line/line/seq_0014__max_target_step__line_step_0002.png"", ""/results/yao314652/home/project/outputs/visual_benchmark/qwen25vl_3b_all_modalities_rerun/images/seq_0014__max_target_step__line/line/seq_0014__max_target_step__line_step_0003.png"", ""/results/yao314652/home/project/outputs/visual_benchmark/qwen25vl_3b_all_modalities_rerun/images/seq_0014__max_target_step__line/line/seq_0014__max_target_step__line_step_0004.png""]","[{""wavelength"": 650.0, ""concentration"": 4.0, ""path_length"": 3.0, ""absorbance"": 156.0}, {""wavelength"": 700.0, ""concentration"": 4.0, ""path_length"": 3.0, ""absorbance"": 168.0}, {""wavelength"": 700.0, ""concentration"": 3.0, ""path_length"": 3.0, ""absorbance"": 126.0}, {""wavelength"": 700.0, ""concentration"": 3.0, ""path_length"": 4.0, ""absorbance"": 168.0}, {""wavelength"": 700.0, ""concentration"": 2.0, ""path_length"": 4.0, ""absorbance"": 112.0}]"
seq_0014__max_target_step__scatter,seq_0014,max_target_step,max_step,scatter,scatter,At which step is absorbance the highest?,1,step,0,False,,"```json
{
  ""answer"": 0
}
```","[""/results/yao314652/home/project/outputs/visual_benchmark/qwen25vl_3b_all_modalities_rerun/images/seq_0014__max_target_step__scatter/scatter/seq_0014__max_target_step__scatter_step_0000.png"", ""/results/yao314652/home/project/outputs/visual_benchmark/qwen25vl_3b_all_modalities_rerun/images/seq_0014__max_target_step__scatter/scatter/seq_0014__max_target_step__scatter_step_0001.png"", ""/results/yao314652/home/project/outputs/visual_benchmark/qwen25vl_3b_all_modalities_rerun/images/seq_0014__max_target_step__scatter/scatter/seq_0014__max_target_step__scatter_step_0002.png"", ""/results/yao314652/home/project/outputs/visual_benchmark/qwen25vl_3b_all_modalities_rerun/images/seq_0014__max_target_step__scatter/scatter/seq_0014__max_target_step__scatter_step_0003.png"", ""/results/yao314652/home/project/outputs/visual_benchmark/qwen25vl_3b_all_modalities_rerun/images/seq_0014__max_target_step__scatter/scatter/seq_0014__max_target_step__scatter_step_0004.png""]","[{""wavelength"": 650.0, ""concentration"": 4.0, ""path_length"": 3.0, ""absorbance"": 156.0}, {""wavelength"": 700.0, ""concentration"": 4.0, ""path_length"": 3.0, ""absorbance"": 168.0}, {""wavelength"": 700.0, ""concentration"": 3.0, ""path_length"": 3.0, ""absorbance"": 126.0}, {""wavelength"": 700.0, ""concentration"": 3.0, ""path_length"": 4.0, ""absorbance"": 168.0}, {""wavelength"": 700.0, ""concentration"": 2.0, ""path_length"": 4.0, ""absorbance"": 112.0}]"
seq_0014__max_target_step__simulation,seq_0014,max_target_step,max_step,simulation,simulation,At which step is absorbance the highest?,1,step,1,True,,"{""answer"": 1}","[""/results/yao314652/home/project/outputs/visual_benchmark/qwen25vl_3b_all_modalities_rerun/images/seq_0014__max_target_step__simulation/simulation/step_0000.png"", ""/results/yao314652/home/project/outputs/visual_benchmark/qwen25vl_3b_all_modalities_rerun/images/seq_0014__max_target_step__simulation/simulation/step_0001.png"", ""/results/yao314652/home/project/outputs/visual_benchmark/qwen25vl_3b_all_modalities_rerun/images/seq_0014__max_target_step__simulation/simulation/step_0002.png"", ""/results/yao314652/home/project/outputs/visual_benchmark/qwen25vl_3b_all_modalities_rerun/images/seq_0014__max_target_step__simulation/simulation/step_0003.png"", ""/results/yao314652/home/project/outputs/visual_benchmark/qwen25vl_3b_all_modalities_rerun/images/seq_0014__max_target_step__simulation/simulation/step_0004.png""]","[{""wavelength"": 650.0, ""concentration"": 4.0, ""path_length"": 3.0, ""absorbance"": 156.0}, {""wavelength"": 700.0, ""concentration"": 4.0, ""path_length"": 3.0, ""absorbance"": 168.0}, {""wavelength"": 700.0, ""concentration"": 3.0, ""path_length"": 3.0, ""absorbance"": 126.0}, {""wavelength"": 700.0, ""concentration"": 3.0, ""path_length"": 4.0, ""absorbance"": 168.0}, {""wavelength"": 700.0, ""concentration"": 2.0, ""path_length"": 4.0, ""absorbance"": 112.0}]"
seq_0014__largest_target_drop_step__text,seq_0014,largest_target_drop_step,largest_drop_step,text,none,"At which step does absorbance show the largest drop compared with the previous step? If it never drops, answer none.",4,step_or_none,2,False,,"```json
{""answer"": ""2""}
```",[],"[{""wavelength"": 650.0, ""concentration"": 4.0, ""path_length"": 3.0, ""absorbance"": 156.0}, {""wavelength"": 700.0, ""concentration"": 4.0, ""path_length"": 3.0, ""absorbance"": 168.0}, {""wavelength"": 700.0, ""concentration"": 3.0, ""path_length"": 3.0, ""absorbance"": 126.0}, {""wavelength"": 700.0, ""concentration"": 3.0, ""path_length"": 4.0, ""absorbance"": 168.0}, {""wavelength"": 700.0, ""concentration"": 2.0, ""path_length"": 4.0, ""absorbance"": 112.0}]"
seq_0014__largest_target_drop_step__bar,seq_0014,largest_target_drop_step,largest_drop_step,bar,bar,"At which step does absorbance show the largest drop compared with the previous step? If it never drops, answer none.",4,step_or_none,0,False,,"```json
{
    ""answer"": ""0""
}
```","[""/results/yao314652/home/project/outputs/visual_benchmark/qwen25vl_3b_all_modalities_rerun/images/seq_0014__largest_target_drop_step__bar/bar/step_0000.png"", ""/results/yao314652/home/project/outputs/visual_benchmark/qwen25vl_3b_all_modalities_rerun/images/seq_0014__largest_target_drop_step__bar/bar/step_0001.png"", ""/results/yao314652/home/project/outputs/visual_benchmark/qwen25vl_3b_all_modalities_rerun/images/seq_0014__largest_target_drop_step__bar/bar/step_0002.png"", ""/results/yao314652/home/project/outputs/visual_benchmark/qwen25vl_3b_all_modalities_rerun/images/seq_0014__largest_target_drop_step__bar/bar/step_0003.png"", ""/results/yao314652/home/project/outputs/visual_benchmark/qwen25vl_3b_all_modalities_rerun/images/seq_0014__largest_target_drop_step__bar/bar/step_0004.png""]","[{""wavelength"": 650.0, ""concentration"": 4.0, ""path_length"": 3.0, ""absorbance"": 156.0}, {""wavelength"": 700.0, ""concentration"": 4.0, ""path_length"": 3.0, ""absorbance"": 168.0}, {""wavelength"": 700.0, ""concentration"": 3.0, ""path_length"": 3.0, ""absorbance"": 126.0}, {""wavelength"": 700.0, ""concentration"": 3.0, ""path_length"": 4.0, ""absorbance"": 168.0}, {""wavelength"": 700.0, ""concentration"": 2.0, ""path_length"": 4.0, ""absorbance"": 112.0}]"
seq_0014__largest_target_drop_step__line,seq_0014,largest_target_drop_step,largest_drop_step,line,line,"At which step does absorbance show the largest drop compared with the previous step? If it never drops, answer none.",4,step_or_none,4,True,,"```json
{
  ""answer"": ""4""
}
```","[""/results/yao314652/home/project/outputs/visual_benchmark/qwen25vl_3b_all_modalities_rerun/images/seq_0014__largest_target_drop_step__line/line/seq_0014__largest_target_drop_step__line_step_0000.png"", ""/results/yao314652/home/project/outputs/visual_benchmark/qwen25vl_3b_all_modalities_rerun/images/seq_0014__largest_target_drop_step__line/line/seq_0014__largest_target_drop_step__line_step_0001.png"", ""/results/yao314652/home/project/outputs/visual_benchmark/qwen25vl_3b_all_modalities_rerun/images/seq_0014__largest_target_drop_step__line/line/seq_0014__largest_target_drop_step__line_step_0002.png"", ""/results/yao314652/home/project/outputs/visual_benchmark/qwen25vl_3b_all_modalities_rerun/images/seq_0014__largest_target_drop_step__line/line/seq_0014__largest_target_drop_step__line_step_0003.png"", ""/results/yao314652/home/project/outputs/visual_benchmark/qwen25vl_3b_all_modalities_rerun/images/seq_0014__largest_target_drop_step__line/line/seq_0014__largest_target_drop_step__line_step_0004.png""]","[{""wavelength"": 650.0, ""concentration"": 4.0, ""path_length"": 3.0, ""absorbance"": 156.0}, {""wavelength"": 700.0, ""concentration"": 4.0, ""path_length"": 3.0, ""absorbance"": 168.0}, {""wavelength"": 700.0, ""concentration"": 3.0, ""path_length"": 3.0, ""absorbance"": 126.0}, {""wavelength"": 700.0, ""concentration"": 3.0, ""path_length"": 4.0, ""absorbance"": 168.0}, {""wavelength"": 700.0, ""concentration"": 2.0, ""path_length"": 4.0, ""absorbance"": 112.0}]"
seq_0014__largest_target_drop_step__scatter,seq_0014,largest_target_drop_step,largest_drop_step,scatter,scatter,"At which step does absorbance show the largest drop compared with the previous step? If it never drops, answer none.",4,step_or_none,1,False,,"```json
{
    ""answer"": ""1""
}
```","[""/results/yao314652/home/project/outputs/visual_benchmark/qwen25vl_3b_all_modalities_rerun/images/seq_0014__largest_target_drop_step__scatter/scatter/seq_0014__largest_target_drop_step__scatter_step_0000.png"", ""/results/yao314652/home/project/outputs/visual_benchmark/qwen25vl_3b_all_modalities_rerun/images/seq_0014__largest_target_drop_step__scatter/scatter/seq_0014__largest_target_drop_step__scatter_step_0001.png"", ""/results/yao314652/home/project/outputs/visual_benchmark/qwen25vl_3b_all_modalities_rerun/images/seq_0014__largest_target_drop_step__scatter/scatter/seq_0014__largest_target_drop_step__scatter_step_0002.png"", ""/results/yao314652/home/project/outputs/visual_benchmark/qwen25vl_3b_all_modalities_rerun/images/seq_0014__largest_target_drop_step__scatter/scatter/seq_0014__largest_target_drop_step__scatter_step_0003.png"", ""/results/yao314652/home/project/outputs/visual_benchmark/qwen25vl_3b_all_modalities_rerun/images/seq_0014__largest_target_drop_step__scatter/scatter/seq_0014__largest_target_drop_step__scatter_step_0004.png""]","[{""wavelength"": 650.0, ""concentration"": 4.0, ""path_length"": 3.0, ""absorbance"": 156.0}, {""wavelength"": 700.0, ""concentration"": 4.0, ""path_length"": 3.0, ""absorbance"": 168.0}, {""wavelength"": 700.0, ""concentration"": 3.0, ""path_length"": 3.0, ""absorbance"": 126.0}, {""wavelength"": 700.0, ""concentration"": 3.0, ""path_length"": 4.0, ""absorbance"": 168.0}, {""wavelength"": 700.0, ""concentration"": 2.0, ""path_length"": 4.0, ""absorbance"": 112.0}]"
seq_0014__largest_target_drop_step__simulation,seq_0014,largest_target_drop_step,largest_drop_step,simulation,simulation,"At which step does absorbance show the largest drop compared with the previous step? If it never drops, answer none.",4,step_or_none,3,False,,"```json
{
  ""answer"": ""3""
}
```","[""/results/yao314652/home/project/outputs/visual_benchmark/qwen25vl_3b_all_modalities_rerun/images/seq_0014__largest_target_drop_step__simulation/simulation/step_0000.png"", ""/results/yao314652/home/project/outputs/visual_benchmark/qwen25vl_3b_all_modalities_rerun/images/seq_0014__largest_target_drop_step__simulation/simulation/step_0001.png"", ""/results/yao314652/home/project/outputs/visual_benchmark/qwen25vl_3b_all_modalities_rerun/images/seq_0014__largest_target_drop_step__simulation/simulation/step_0002.png"", ""/results/yao314652/home/project/outputs/visual_benchmark/qwen25vl_3b_all_modalities_rerun/images/seq_0014__largest_target_drop_step__simulation/simulation/step_0003.png"", ""/results/yao314652/home/project/outputs/visual_benchmark/qwen25vl_3b_all_modalities_rerun/images/seq_0014__largest_target_drop_step__simulation/simulation/step_0004.png""]","[{""wavelength"": 650.0, ""concentration"": 4.0, ""path_length"": 3.0, ""absorbance"": 156.0}, {""wavelength"": 700.0, ""concentration"": 4.0, ""path_length"": 3.0, ""absorbance"": 168.0}, {""wavelength"": 700.0, ""concentration"": 3.0, ""path_length"": 3.0, ""absorbance"": 126.0}, {""wavelength"": 700.0, ""concentration"": 3.0, ""path_length"": 4.0, ""absorbance"": 168.0}, {""wavelength"": 700.0, ""concentration"": 2.0, ""path_length"": 4.0, ""absorbance"": 112.0}]"
seq_0015__read_last_target__text,seq_0015,read_last_target,value_at_step,text,none,What is the value of absorbance at step 4?,64.0,number,64,True,0.0,"```json
{
  ""answer"": 64
}
```",[],"[{""wavelength"": 450.0, ""concentration"": 5.0, ""path_length"": 4.0, ""absorbance"": 180.0}, {""wavelength"": 450.0, ""concentration"": 5.0, ""path_length"": 3.0, ""absorbance"": 135.0}, {""wavelength"": 400.0, ""concentration"": 5.0, ""path_length"": 3.0, ""absorbance"": 120.0}, {""wavelength"": 400.0, ""concentration"": 5.0, ""path_length"": 2.0, ""absorbance"": 80.0}, {""wavelength"": 400.0, ""concentration"": 4.0, ""path_length"": 2.0, ""absorbance"": 64.0}]"
seq_0015__read_last_target__bar,seq_0015,read_last_target,value_at_step,bar,bar,What is the value of absorbance at step 4?,64.0,number,0.27183,False,63.72817,"```json
{
    ""answer"": 0.27183
}
```","[""/results/yao314652/home/project/outputs/visual_benchmark/qwen25vl_3b_all_modalities_rerun/images/seq_0015__read_last_target__bar/bar/step_0000.png"", ""/results/yao314652/home/project/outputs/visual_benchmark/qwen25vl_3b_all_modalities_rerun/images/seq_0015__read_last_target__bar/bar/step_0001.png"", ""/results/yao314652/home/project/outputs/visual_benchmark/qwen25vl_3b_all_modalities_rerun/images/seq_0015__read_last_target__bar/bar/step_0002.png"", ""/results/yao314652/home/project/outputs/visual_benchmark/qwen25vl_3b_all_modalities_rerun/images/seq_0015__read_last_target__bar/bar/step_0003.png"", ""/results/yao314652/home/project/outputs/visual_benchmark/qwen25vl_3b_all_modalities_rerun/images/seq_0015__read_last_target__bar/bar/step_0004.png""]","[{""wavelength"": 450.0, ""concentration"": 5.0, ""path_length"": 4.0, ""absorbance"": 180.0}, {""wavelength"": 450.0, ""concentration"": 5.0, ""path_length"": 3.0, ""absorbance"": 135.0}, {""wavelength"": 400.0, ""concentration"": 5.0, ""path_length"": 3.0, ""absorbance"": 120.0}, {""wavelength"": 400.0, ""concentration"": 5.0, ""path_length"": 2.0, ""absorbance"": 80.0}, {""wavelength"": 400.0, ""concentration"": 4.0, ""path_length"": 2.0, ""absorbance"": 64.0}]"
seq_0015__read_last_target__line,seq_0015,read_last_target,value_at_step,line,line,What is the value of absorbance at step 4?,64.0,number,0.28,False,63.72,"```json
{
  ""answer"": 0.28
}
```","[""/results/yao314652/home/project/outputs/visual_benchmark/qwen25vl_3b_all_modalities_rerun/images/seq_0015__read_last_target__line/line/seq_0015__read_last_target__line_step_0000.png"", ""/results/yao314652/home/project/outputs/visual_benchmark/qwen25vl_3b_all_modalities_rerun/images/seq_0015__read_last_target__line/line/seq_0015__read_last_target__line_step_0001.png"", ""/results/yao314652/home/project/outputs/visual_benchmark/qwen25vl_3b_all_modalities_rerun/images/seq_0015__read_last_target__line/line/seq_0015__read_last_target__line_step_0002.png"", ""/results/yao314652/home/project/outputs/visual_benchmark/qwen25vl_3b_all_modalities_rerun/images/seq_0015__read_last_target__line/line/seq_0015__read_last_target__line_step_0003.png"", ""/results/yao314652/home/project/outputs/visual_benchmark/qwen25vl_3b_all_modalities_rerun/images/seq_0015__read_last_target__line/line/seq_0015__read_last_target__line_step_0004.png""]","[{""wavelength"": 450.0, ""concentration"": 5.0, ""path_length"": 4.0, ""absorbance"": 180.0}, {""wavelength"": 450.0, ""concentration"": 5.0, ""path_length"": 3.0, ""absorbance"": 135.0}, {""wavelength"": 400.0, ""concentration"": 5.0, ""path_length"": 3.0, ""absorbance"": 120.0}, {""wavelength"": 400.0, ""concentration"": 5.0, ""path_length"": 2.0, ""absorbance"": 80.0}, {""wavelength"": 400.0, ""concentration"": 4.0, ""path_length"": 2.0, ""absorbance"": 64.0}]"
seq_0015__read_last_target__scatter,seq_0015,read_last_target,value_at_step,scatter,scatter,What is the value of absorbance at step 4?,64.0,number,0.712,False,63.288,"```json
{
    ""answer"": 0.712
}
```","[""/results/yao314652/home/project/outputs/visual_benchmark/qwen25vl_3b_all_modalities_rerun/images/seq_0015__read_last_target__scatter/scatter/seq_0015__read_last_target__scatter_step_0000.png"", ""/results/yao314652/home/project/outputs/visual_benchmark/qwen25vl_3b_all_modalities_rerun/images/seq_0015__read_last_target__scatter/scatter/seq_0015__read_last_target__scatter_step_0001.png"", ""/results/yao314652/home/project/outputs/visual_benchmark/qwen25vl_3b_all_modalities_rerun/images/seq_0015__read_last_target__scatter/scatter/seq_0015__read_last_target__scatter_step_0002.png"", ""/results/yao314652/home/project/outputs/visual_benchmark/qwen25vl_3b_all_modalities_rerun/images/seq_0015__read_last_target__scatter/scatter/seq_0015__read_last_target__scatter_step_0003.png"", ""/results/yao314652/home/project/outputs/visual_benchmark/qwen25vl_3b_all_modalities_rerun/images/seq_0015__read_last_target__scatter/scatter/seq_0015__read_last_target__scatter_step_0004.png""]","[{""wavelength"": 450.0, ""concentration"": 5.0, ""path_length"": 4.0, ""absorbance"": 180.0}, {""wavelength"": 450.0, ""concentration"": 5.0, ""path_length"": 3.0, ""absorbance"": 135.0}, {""wavelength"": 400.0, ""concentration"": 5.0, ""path_length"": 3.0, ""absorbance"": 120.0}, {""wavelength"": 400.0, ""concentration"": 5.0, ""path_length"": 2.0, ""absorbance"": 80.0}, {""wavelength"": 400.0, ""concentration"": 4.0, ""path_length"": 2.0, ""absorbance"": 64.0}]"
seq_0015__read_last_target__simulation,seq_0015,read_last_target,value_at_step,simulation,simulation,What is the value of absorbance at step 4?,64.0,number,120,False,56.0,"```json
{
    ""answer"": 120
}
```","[""/results/yao314652/home/project/outputs/visual_benchmark/qwen25vl_3b_all_modalities_rerun/images/seq_0015__read_last_target__simulation/simulation/step_0000.png"", ""/results/yao314652/home/project/outputs/visual_benchmark/qwen25vl_3b_all_modalities_rerun/images/seq_0015__read_last_target__simulation/simulation/step_0001.png"", ""/results/yao314652/home/project/outputs/visual_benchmark/qwen25vl_3b_all_modalities_rerun/images/seq_0015__read_last_target__simulation/simulation/step_0002.png"", ""/results/yao314652/home/project/outputs/visual_benchmark/qwen25vl_3b_all_modalities_rerun/images/seq_0015__read_last_target__simulation/simulation/step_0003.png"", ""/results/yao314652/home/project/outputs/visual_benchmark/qwen25vl_3b_all_modalities_rerun/images/seq_0015__read_last_target__simulation/simulation/step_0004.png""]","[{""wavelength"": 450.0, ""concentration"": 5.0, ""path_length"": 4.0, ""absorbance"": 180.0}, {""wavelength"": 450.0, ""concentration"": 5.0, ""path_length"": 3.0, ""absorbance"": 135.0}, {""wavelength"": 400.0, ""concentration"": 5.0, ""path_length"": 3.0, ""absorbance"": 120.0}, {""wavelength"": 400.0, ""concentration"": 5.0, ""path_length"": 2.0, ""absorbance"": 80.0}, {""wavelength"": 400.0, ""concentration"": 4.0, ""path_length"": 2.0, ""absorbance"": 64.0}]"
seq_0015__target_change_amount__text,seq_0015,target_change_amount,change_amount,text,none,By how much does absorbance change from step 0 to step 4?,-116.0,number,116,False,232.0,"```json
{""answer"": 116}
```",[],"[{""wavelength"": 450.0, ""concentration"": 5.0, ""path_length"": 4.0, ""absorbance"": 180.0}, {""wavelength"": 450.0, ""concentration"": 5.0, ""path_length"": 3.0, ""absorbance"": 135.0}, {""wavelength"": 400.0, ""concentration"": 5.0, ""path_length"": 3.0, ""absorbance"": 120.0}, {""wavelength"": 400.0, ""concentration"": 5.0, ""path_length"": 2.0, ""absorbance"": 80.0}, {""wavelength"": 400.0, ""concentration"": 4.0, ""path_length"": 2.0, ""absorbance"": 64.0}]"
seq_0015__target_change_amount__bar,seq_0015,target_change_amount,change_amount,bar,bar,By how much does absorbance change from step 0 to step 4?,-116.0,number,0.738,False,116.738,"```json
{
    ""answer"": 0.738
}
```","[""/results/yao314652/home/project/outputs/visual_benchmark/qwen25vl_3b_all_modalities_rerun/images/seq_0015__target_change_amount__bar/bar/step_0000.png"", ""/results/yao314652/home/project/outputs/visual_benchmark/qwen25vl_3b_all_modalities_rerun/images/seq_0015__target_change_amount__bar/bar/step_0001.png"", ""/results/yao314652/home/project/outputs/visual_benchmark/qwen25vl_3b_all_modalities_rerun/images/seq_0015__target_change_amount__bar/bar/step_0002.png"", ""/results/yao314652/home/project/outputs/visual_benchmark/qwen25vl_3b_all_modalities_rerun/images/seq_0015__target_change_amount__bar/bar/step_0003.png"", ""/results/yao314652/home/project/outputs/visual_benchmark/qwen25vl_3b_all_modalities_rerun/images/seq_0015__target_change_amount__bar/bar/step_0004.png""]","[{""wavelength"": 450.0, ""concentration"": 5.0, ""path_length"": 4.0, ""absorbance"": 180.0}, {""wavelength"": 450.0, ""concentration"": 5.0, ""path_length"": 3.0, ""absorbance"": 135.0}, {""wavelength"": 400.0, ""concentration"": 5.0, ""path_length"": 3.0, ""absorbance"": 120.0}, {""wavelength"": 400.0, ""concentration"": 5.0, ""path_length"": 2.0, ""absorbance"": 80.0}, {""wavelength"": 400.0, ""concentration"": 4.0, ""path_length"": 2.0, ""absorbance"": 64.0}]"
seq_0015__target_change_amount__line,seq_0015,target_change_amount,change_amount,line,line,By how much does absorbance change from step 0 to step 4?,-116.0,number,1.09,False,117.09,"```json
{
  ""answer"": 1.09
}
```","[""/results/yao314652/home/project/outputs/visual_benchmark/qwen25vl_3b_all_modalities_rerun/images/seq_0015__target_change_amount__line/line/seq_0015__target_change_amount__line_step_0000.png"", ""/results/yao314652/home/project/outputs/visual_benchmark/qwen25vl_3b_all_modalities_rerun/images/seq_0015__target_change_amount__line/line/seq_0015__target_change_amount__line_step_0001.png"", ""/results/yao314652/home/project/outputs/visual_benchmark/qwen25vl_3b_all_modalities_rerun/images/seq_0015__target_change_amount__line/line/seq_0015__target_change_amount__line_step_0002.png"", ""/results/yao314652/home/project/outputs/visual_benchmark/qwen25vl_3b_all_modalities_rerun/images/seq_0015__target_change_amount__line/line/seq_0015__target_change_amount__line_step_0003.png"", ""/results/yao314652/home/project/outputs/visual_benchmark/qwen25vl_3b_all_modalities_rerun/images/seq_0015__target_change_amount__line/line/seq_0015__target_change_amount__line_step_0004.png""]","[{""wavelength"": 450.0, ""concentration"": 5.0, ""path_length"": 4.0, ""absorbance"": 180.0}, {""wavelength"": 450.0, ""concentration"": 5.0, ""path_length"": 3.0, ""absorbance"": 135.0}, {""wavelength"": 400.0, ""concentration"": 5.0, ""path_length"": 3.0, ""absorbance"": 120.0}, {""wavelength"": 400.0, ""concentration"": 5.0, ""path_length"": 2.0, ""absorbance"": 80.0}, {""wavelength"": 400.0, ""concentration"": 4.0, ""path_length"": 2.0, ""absorbance"": 64.0}]"
seq_0015__target_change_amount__scatter,seq_0015,target_change_amount,change_amount,scatter,scatter,By how much does absorbance change from step 0 to step 4?,-116.0,number,0.3268957910831414,False,116.32689579108315,"```json
{
  ""answer"": 0.3268957910831414
}
```","[""/results/yao314652/home/project/outputs/visual_benchmark/qwen25vl_3b_all_modalities_rerun/images/seq_0015__target_change_amount__scatter/scatter/seq_0015__target_change_amount__scatter_step_0000.png"", ""/results/yao314652/home/project/outputs/visual_benchmark/qwen25vl_3b_all_modalities_rerun/images/seq_0015__target_change_amount__scatter/scatter/seq_0015__target_change_amount__scatter_step_0001.png"", ""/results/yao314652/home/project/outputs/visual_benchmark/qwen25vl_3b_all_modalities_rerun/images/seq_0015__target_change_amount__scatter/scatter/seq_0015__target_change_amount__scatter_step_0002.png"", ""/results/yao314652/home/project/outputs/visual_benchmark/qwen25vl_3b_all_modalities_rerun/images/seq_0015__target_change_amount__scatter/scatter/seq_0015__target_change_amount__scatter_step_0003.png"", ""/results/yao314652/home/project/outputs/visual_benchmark/qwen25vl_3b_all_modalities_rerun/images/seq_0015__target_change_amount__scatter/scatter/seq_0015__target_change_amount__scatter_step_0004.png""]","[{""wavelength"": 450.0, ""concentration"": 5.0, ""path_length"": 4.0, ""absorbance"": 180.0}, {""wavelength"": 450.0, ""concentration"": 5.0, ""path_length"": 3.0, ""absorbance"": 135.0}, {""wavelength"": 400.0, ""concentration"": 5.0, ""path_length"": 3.0, ""absorbance"": 120.0}, {""wavelength"": 400.0, ""concentration"": 5.0, ""path_length"": 2.0, ""absorbance"": 80.0}, {""wavelength"": 400.0, ""concentration"": 4.0, ""path_length"": 2.0, ""absorbance"": 64.0}]"
seq_0015__target_change_amount__simulation,seq_0015,target_change_amount,change_amount,simulation,simulation,By how much does absorbance change from step 0 to step 4?,-116.0,number,0.32,False,116.32,"```json
{
  ""answer"": 0.32
}
```","[""/results/yao314652/home/project/outputs/visual_benchmark/qwen25vl_3b_all_modalities_rerun/images/seq_0015__target_change_amount__simulation/simulation/step_0000.png"", ""/results/yao314652/home/project/outputs/visual_benchmark/qwen25vl_3b_all_modalities_rerun/images/seq_0015__target_change_amount__simulation/simulation/step_0001.png"", ""/results/yao314652/home/project/outputs/visual_benchmark/qwen25vl_3b_all_modalities_rerun/images/seq_0015__target_change_amount__simulation/simulation/step_0002.png"", ""/results/yao314652/home/project/outputs/visual_benchmark/qwen25vl_3b_all_modalities_rerun/images/seq_0015__target_change_amount__simulation/simulation/step_0003.png"", ""/results/yao314652/home/project/outputs/visual_benchmark/qwen25vl_3b_all_modalities_rerun/images/seq_0015__target_change_amount__simulation/simulation/step_0004.png""]","[{""wavelength"": 450.0, ""concentration"": 5.0, ""path_length"": 4.0, ""absorbance"": 180.0}, {""wavelength"": 450.0, ""concentration"": 5.0, ""path_length"": 3.0, ""absorbance"": 135.0}, {""wavelength"": 400.0, ""concentration"": 5.0, ""path_length"": 3.0, ""absorbance"": 120.0}, {""wavelength"": 400.0, ""concentration"": 5.0, ""path_length"": 2.0, ""absorbance"": 80.0}, {""wavelength"": 400.0, ""concentration"": 4.0, ""path_length"": 2.0, ""absorbance"": 64.0}]"
seq_0015__target_change_direction__text,seq_0015,target_change_direction,change_direction,text,none,"Does absorbance increase, decrease, or stay the same from step 0 to step 4?",decrease,category,decrease,True,,"```json
{
  ""answer"": ""decrease""
}
```",[],"[{""wavelength"": 450.0, ""concentration"": 5.0, ""path_length"": 4.0, ""absorbance"": 180.0}, {""wavelength"": 450.0, ""concentration"": 5.0, ""path_length"": 3.0, ""absorbance"": 135.0}, {""wavelength"": 400.0, ""concentration"": 5.0, ""path_length"": 3.0, ""absorbance"": 120.0}, {""wavelength"": 400.0, ""concentration"": 5.0, ""path_length"": 2.0, ""absorbance"": 80.0}, {""wavelength"": 400.0, ""concentration"": 4.0, ""path_length"": 2.0, ""absorbance"": 64.0}]"
seq_0015__target_change_direction__bar,seq_0015,target_change_direction,change_direction,bar,bar,"Does absorbance increase, decrease, or stay the same from step 0 to step 4?",decrease,category,decrease,True,,"{""answer"": ""decrease""}","[""/results/yao314652/home/project/outputs/visual_benchmark/qwen25vl_3b_all_modalities_rerun/images/seq_0015__target_change_direction__bar/bar/step_0000.png"", ""/results/yao314652/home/project/outputs/visual_benchmark/qwen25vl_3b_all_modalities_rerun/images/seq_0015__target_change_direction__bar/bar/step_0001.png"", ""/results/yao314652/home/project/outputs/visual_benchmark/qwen25vl_3b_all_modalities_rerun/images/seq_0015__target_change_direction__bar/bar/step_0002.png"", ""/results/yao314652/home/project/outputs/visual_benchmark/qwen25vl_3b_all_modalities_rerun/images/seq_0015__target_change_direction__bar/bar/step_0003.png"", ""/results/yao314652/home/project/outputs/visual_benchmark/qwen25vl_3b_all_modalities_rerun/images/seq_0015__target_change_direction__bar/bar/step_0004.png""]","[{""wavelength"": 450.0, ""concentration"": 5.0, ""path_length"": 4.0, ""absorbance"": 180.0}, {""wavelength"": 450.0, ""concentration"": 5.0, ""path_length"": 3.0, ""absorbance"": 135.0}, {""wavelength"": 400.0, ""concentration"": 5.0, ""path_length"": 3.0, ""absorbance"": 120.0}, {""wavelength"": 400.0, ""concentration"": 5.0, ""path_length"": 2.0, ""absorbance"": 80.0}, {""wavelength"": 400.0, ""concentration"": 4.0, ""path_length"": 2.0, ""absorbance"": 64.0}]"
seq_0015__target_change_direction__line,seq_0015,target_change_direction,change_direction,line,line,"Does absorbance increase, decrease, or stay the same from step 0 to step 4?",decrease,category,decrease,True,,"{""answer"": ""decrease""}","[""/results/yao314652/home/project/outputs/visual_benchmark/qwen25vl_3b_all_modalities_rerun/images/seq_0015__target_change_direction__line/line/seq_0015__target_change_direction__line_step_0000.png"", ""/results/yao314652/home/project/outputs/visual_benchmark/qwen25vl_3b_all_modalities_rerun/images/seq_0015__target_change_direction__line/line/seq_0015__target_change_direction__line_step_0001.png"", ""/results/yao314652/home/project/outputs/visual_benchmark/qwen25vl_3b_all_modalities_rerun/images/seq_0015__target_change_direction__line/line/seq_0015__target_change_direction__line_step_0002.png"", ""/results/yao314652/home/project/outputs/visual_benchmark/qwen25vl_3b_all_modalities_rerun/images/seq_0015__target_change_direction__line/line/seq_0015__target_change_direction__line_step_0003.png"", ""/results/yao314652/home/project/outputs/visual_benchmark/qwen25vl_3b_all_modalities_rerun/images/seq_0015__target_change_direction__line/line/seq_0015__target_change_direction__line_step_0004.png""]","[{""wavelength"": 450.0, ""concentration"": 5.0, ""path_length"": 4.0, ""absorbance"": 180.0}, {""wavelength"": 450.0, ""concentration"": 5.0, ""path_length"": 3.0, ""absorbance"": 135.0}, {""wavelength"": 400.0, ""concentration"": 5.0, ""path_length"": 3.0, ""absorbance"": 120.0}, {""wavelength"": 400.0, ""concentration"": 5.0, ""path_length"": 2.0, ""absorbance"": 80.0}, {""wavelength"": 400.0, ""concentration"": 4.0, ""path_length"": 2.0, ""absorbance"": 64.0}]"
seq_0015__target_change_direction__scatter,seq_0015,target_change_direction,change_direction,scatter,scatter,"Does absorbance increase, decrease, or stay the same from step 0 to step 4?",decrease,category,decrease,True,,"{""answer"": ""decrease""}","[""/results/yao314652/home/project/outputs/visual_benchmark/qwen25vl_3b_all_modalities_rerun/images/seq_0015__target_change_direction__scatter/scatter/seq_0015__target_change_direction__scatter_step_0000.png"", ""/results/yao314652/home/project/outputs/visual_benchmark/qwen25vl_3b_all_modalities_rerun/images/seq_0015__target_change_direction__scatter/scatter/seq_0015__target_change_direction__scatter_step_0001.png"", ""/results/yao314652/home/project/outputs/visual_benchmark/qwen25vl_3b_all_modalities_rerun/images/seq_0015__target_change_direction__scatter/scatter/seq_0015__target_change_direction__scatter_step_0002.png"", ""/results/yao314652/home/project/outputs/visual_benchmark/qwen25vl_3b_all_modalities_rerun/images/seq_0015__target_change_direction__scatter/scatter/seq_0015__target_change_direction__scatter_step_0003.png"", ""/results/yao314652/home/project/outputs/visual_benchmark/qwen25vl_3b_all_modalities_rerun/images/seq_0015__target_change_direction__scatter/scatter/seq_0015__target_change_direction__scatter_step_0004.png""]","[{""wavelength"": 450.0, ""concentration"": 5.0, ""path_length"": 4.0, ""absorbance"": 180.0}, {""wavelength"": 450.0, ""concentration"": 5.0, ""path_length"": 3.0, ""absorbance"": 135.0}, {""wavelength"": 400.0, ""concentration"": 5.0, ""path_length"": 3.0, ""absorbance"": 120.0}, {""wavelength"": 400.0, ""concentration"": 5.0, ""path_length"": 2.0, ""absorbance"": 80.0}, {""wavelength"": 400.0, ""concentration"": 4.0, ""path_length"": 2.0, ""absorbance"": 64.0}]"
seq_0015__target_change_direction__simulation,seq_0015,target_change_direction,change_direction,simulation,simulation,"Does absorbance increase, decrease, or stay the same from step 0 to step 4?",decrease,category,decrease,True,,"{""answer"": ""decrease""}","[""/results/yao314652/home/project/outputs/visual_benchmark/qwen25vl_3b_all_modalities_rerun/images/seq_0015__target_change_direction__simulation/simulation/step_0000.png"", ""/results/yao314652/home/project/outputs/visual_benchmark/qwen25vl_3b_all_modalities_rerun/images/seq_0015__target_change_direction__simulation/simulation/step_0001.png"", ""/results/yao314652/home/project/outputs/visual_benchmark/qwen25vl_3b_all_modalities_rerun/images/seq_0015__target_change_direction__simulation/simulation/step_0002.png"", ""/results/yao314652/home/project/outputs/visual_benchmark/qwen25vl_3b_all_modalities_rerun/images/seq_0015__target_change_direction__simulation/simulation/step_0003.png"", ""/results/yao314652/home/project/outputs/visual_benchmark/qwen25vl_3b_all_modalities_rerun/images/seq_0015__target_change_direction__simulation/simulation/step_0004.png""]","[{""wavelength"": 450.0, ""concentration"": 5.0, ""path_length"": 4.0, ""absorbance"": 180.0}, {""wavelength"": 450.0, ""concentration"": 5.0, ""path_length"": 3.0, ""absorbance"": 135.0}, {""wavelength"": 400.0, ""concentration"": 5.0, ""path_length"": 3.0, ""absorbance"": 120.0}, {""wavelength"": 400.0, ""concentration"": 5.0, ""path_length"": 2.0, ""absorbance"": 80.0}, {""wavelength"": 400.0, ""concentration"": 4.0, ""path_length"": 2.0, ""absorbance"": 64.0}]"
seq_0015__changed_variable_0_to_1__text,seq_0015,changed_variable_0_to_1,changed_variable,text,none,Which input variable changed from step 0 to step 1?,path_length,category,path_length,True,,"```json
{
  ""answer"": ""path_length""
}
```",[],"[{""wavelength"": 450.0, ""concentration"": 5.0, ""path_length"": 4.0, ""absorbance"": 180.0}, {""wavelength"": 450.0, ""concentration"": 5.0, ""path_length"": 3.0, ""absorbance"": 135.0}, {""wavelength"": 400.0, ""concentration"": 5.0, ""path_length"": 3.0, ""absorbance"": 120.0}, {""wavelength"": 400.0, ""concentration"": 5.0, ""path_length"": 2.0, ""absorbance"": 80.0}, {""wavelength"": 400.0, ""concentration"": 4.0, ""path_length"": 2.0, ""absorbance"": 64.0}]"
seq_0015__changed_variable_0_to_1__bar,seq_0015,changed_variable_0_to_1,changed_variable,bar,bar,Which input variable changed from step 0 to step 1?,path_length,category,number_of_students,False,,"{""answer"": ""number_of_students""}","[""/results/yao314652/home/project/outputs/visual_benchmark/qwen25vl_3b_all_modalities_rerun/images/seq_0015__changed_variable_0_to_1__bar/bar/step_0000.png"", ""/results/yao314652/home/project/outputs/visual_benchmark/qwen25vl_3b_all_modalities_rerun/images/seq_0015__changed_variable_0_to_1__bar/bar/step_0001.png"", ""/results/yao314652/home/project/outputs/visual_benchmark/qwen25vl_3b_all_modalities_rerun/images/seq_0015__changed_variable_0_to_1__bar/bar/step_0002.png"", ""/results/yao314652/home/project/outputs/visual_benchmark/qwen25vl_3b_all_modalities_rerun/images/seq_0015__changed_variable_0_to_1__bar/bar/step_0003.png"", ""/results/yao314652/home/project/outputs/visual_benchmark/qwen25vl_3b_all_modalities_rerun/images/seq_0015__changed_variable_0_to_1__bar/bar/step_0004.png""]","[{""wavelength"": 450.0, ""concentration"": 5.0, ""path_length"": 4.0, ""absorbance"": 180.0}, {""wavelength"": 450.0, ""concentration"": 5.0, ""path_length"": 3.0, ""absorbance"": 135.0}, {""wavelength"": 400.0, ""concentration"": 5.0, ""path_length"": 3.0, ""absorbance"": 120.0}, {""wavelength"": 400.0, ""concentration"": 5.0, ""path_length"": 2.0, ""absorbance"": 80.0}, {""wavelength"": 400.0, ""concentration"": 4.0, ""path_length"": 2.0, ""absorbance"": 64.0}]"
seq_0015__changed_variable_0_to_1__line,seq_0015,changed_variable_0_to_1,changed_variable,line,line,Which input variable changed from step 0 to step 1?,path_length,category,x,False,,"{""answer"": ""x""}","[""/results/yao314652/home/project/outputs/visual_benchmark/qwen25vl_3b_all_modalities_rerun/images/seq_0015__changed_variable_0_to_1__line/line/seq_0015__changed_variable_0_to_1__line_step_0000.png"", ""/results/yao314652/home/project/outputs/visual_benchmark/qwen25vl_3b_all_modalities_rerun/images/seq_0015__changed_variable_0_to_1__line/line/seq_0015__changed_variable_0_to_1__line_step_0001.png"", ""/results/yao314652/home/project/outputs/visual_benchmark/qwen25vl_3b_all_modalities_rerun/images/seq_0015__changed_variable_0_to_1__line/line/seq_0015__changed_variable_0_to_1__line_step_0002.png"", ""/results/yao314652/home/project/outputs/visual_benchmark/qwen25vl_3b_all_modalities_rerun/images/seq_0015__changed_variable_0_to_1__line/line/seq_0015__changed_variable_0_to_1__line_step_0003.png"", ""/results/yao314652/home/project/outputs/visual_benchmark/qwen25vl_3b_all_modalities_rerun/images/seq_0015__changed_variable_0_to_1__line/line/seq_0015__changed_variable_0_to_1__line_step_0004.png""]","[{""wavelength"": 450.0, ""concentration"": 5.0, ""path_length"": 4.0, ""absorbance"": 180.0}, {""wavelength"": 450.0, ""concentration"": 5.0, ""path_length"": 3.0, ""absorbance"": 135.0}, {""wavelength"": 400.0, ""concentration"": 5.0, ""path_length"": 3.0, ""absorbance"": 120.0}, {""wavelength"": 400.0, ""concentration"": 5.0, ""path_length"": 2.0, ""absorbance"": 80.0}, {""wavelength"": 400.0, ""concentration"": 4.0, ""path_length"": 2.0, ""absorbance"": 64.0}]"
seq_0015__changed_variable_0_to_1__scatter,seq_0015,changed_variable_0_to_1,changed_variable,scatter,scatter,Which input variable changed from step 0 to step 1?,path_length,category,wavelength,False,,"{""answer"": ""wavelength""}","[""/results/yao314652/home/project/outputs/visual_benchmark/qwen25vl_3b_all_modalities_rerun/images/seq_0015__changed_variable_0_to_1__scatter/scatter/seq_0015__changed_variable_0_to_1__scatter_step_0000.png"", ""/results/yao314652/home/project/outputs/visual_benchmark/qwen25vl_3b_all_modalities_rerun/images/seq_0015__changed_variable_0_to_1__scatter/scatter/seq_0015__changed_variable_0_to_1__scatter_step_0001.png"", ""/results/yao314652/home/project/outputs/visual_benchmark/qwen25vl_3b_all_modalities_rerun/images/seq_0015__changed_variable_0_to_1__scatter/scatter/seq_0015__changed_variable_0_to_1__scatter_step_0002.png"", ""/results/yao314652/home/project/outputs/visual_benchmark/qwen25vl_3b_all_modalities_rerun/images/seq_0015__changed_variable_0_to_1__scatter/scatter/seq_0015__changed_variable_0_to_1__scatter_step_0003.png"", ""/results/yao314652/home/project/outputs/visual_benchmark/qwen25vl_3b_all_modalities_rerun/images/seq_0015__changed_variable_0_to_1__scatter/scatter/seq_0015__changed_variable_0_to_1__scatter_step_0004.png""]","[{""wavelength"": 450.0, ""concentration"": 5.0, ""path_length"": 4.0, ""absorbance"": 180.0}, {""wavelength"": 450.0, ""concentration"": 5.0, ""path_length"": 3.0, ""absorbance"": 135.0}, {""wavelength"": 400.0, ""concentration"": 5.0, ""path_length"": 3.0, ""absorbance"": 120.0}, {""wavelength"": 400.0, ""concentration"": 5.0, ""path_length"": 2.0, ""absorbance"": 80.0}, {""wavelength"": 400.0, ""concentration"": 4.0, ""path_length"": 2.0, ""absorbance"": 64.0}]"
seq_0015__changed_variable_0_to_1__simulation,seq_0015,changed_variable_0_to_1,changed_variable,simulation,simulation,Which input variable changed from step 0 to step 1?,path_length,category,input1,False,,"{""answer"": ""input1""}","[""/results/yao314652/home/project/outputs/visual_benchmark/qwen25vl_3b_all_modalities_rerun/images/seq_0015__changed_variable_0_to_1__simulation/simulation/step_0000.png"", ""/results/yao314652/home/project/outputs/visual_benchmark/qwen25vl_3b_all_modalities_rerun/images/seq_0015__changed_variable_0_to_1__simulation/simulation/step_0001.png"", ""/results/yao314652/home/project/outputs/visual_benchmark/qwen25vl_3b_all_modalities_rerun/images/seq_0015__changed_variable_0_to_1__simulation/simulation/step_0002.png"", ""/results/yao314652/home/project/outputs/visual_benchmark/qwen25vl_3b_all_modalities_rerun/images/seq_0015__changed_variable_0_to_1__simulation/simulation/step_0003.png"", ""/results/yao314652/home/project/outputs/visual_benchmark/qwen25vl_3b_all_modalities_rerun/images/seq_0015__changed_variable_0_to_1__simulation/simulation/step_0004.png""]","[{""wavelength"": 450.0, ""concentration"": 5.0, ""path_length"": 4.0, ""absorbance"": 180.0}, {""wavelength"": 450.0, ""concentration"": 5.0, ""path_length"": 3.0, ""absorbance"": 135.0}, {""wavelength"": 400.0, ""concentration"": 5.0, ""path_length"": 3.0, ""absorbance"": 120.0}, {""wavelength"": 400.0, ""concentration"": 5.0, ""path_length"": 2.0, ""absorbance"": 80.0}, {""wavelength"": 400.0, ""concentration"": 4.0, ""path_length"": 2.0, ""absorbance"": 64.0}]"
seq_0015__max_target_step__text,seq_0015,max_target_step,max_step,text,none,At which step is absorbance the highest?,0,step,0,True,,"```json
{""answer"": 0}
```",[],"[{""wavelength"": 450.0, ""concentration"": 5.0, ""path_length"": 4.0, ""absorbance"": 180.0}, {""wavelength"": 450.0, ""concentration"": 5.0, ""path_length"": 3.0, ""absorbance"": 135.0}, {""wavelength"": 400.0, ""concentration"": 5.0, ""path_length"": 3.0, ""absorbance"": 120.0}, {""wavelength"": 400.0, ""concentration"": 5.0, ""path_length"": 2.0, ""absorbance"": 80.0}, {""wavelength"": 400.0, ""concentration"": 4.0, ""path_length"": 2.0, ""absorbance"": 64.0}]"
seq_0015__max_target_step__bar,seq_0015,max_target_step,max_step,bar,bar,At which step is absorbance the highest?,0,step,0,True,,"```json
{
    ""answer"": 0
}
```","[""/results/yao314652/home/project/outputs/visual_benchmark/qwen25vl_3b_all_modalities_rerun/images/seq_0015__max_target_step__bar/bar/step_0000.png"", ""/results/yao314652/home/project/outputs/visual_benchmark/qwen25vl_3b_all_modalities_rerun/images/seq_0015__max_target_step__bar/bar/step_0001.png"", ""/results/yao314652/home/project/outputs/visual_benchmark/qwen25vl_3b_all_modalities_rerun/images/seq_0015__max_target_step__bar/bar/step_0002.png"", ""/results/yao314652/home/project/outputs/visual_benchmark/qwen25vl_3b_all_modalities_rerun/images/seq_0015__max_target_step__bar/bar/step_0003.png"", ""/results/yao314652/home/project/outputs/visual_benchmark/qwen25vl_3b_all_modalities_rerun/images/seq_0015__max_target_step__bar/bar/step_0004.png""]","[{""wavelength"": 450.0, ""concentration"": 5.0, ""path_length"": 4.0, ""absorbance"": 180.0}, {""wavelength"": 450.0, ""concentration"": 5.0, ""path_length"": 3.0, ""absorbance"": 135.0}, {""wavelength"": 400.0, ""concentration"": 5.0, ""path_length"": 3.0, ""absorbance"": 120.0}, {""wavelength"": 400.0, ""concentration"": 5.0, ""path_length"": 2.0, ""absorbance"": 80.0}, {""wavelength"": 400.0, ""concentration"": 4.0, ""path_length"": 2.0, ""absorbance"": 64.0}]"
seq_0015__max_target_step__line,seq_0015,max_target_step,max_step,line,line,At which step is absorbance the highest?,0,step,[0],False,,"```json
{
    ""answer"": [0]
}
```","[""/results/yao314652/home/project/outputs/visual_benchmark/qwen25vl_3b_all_modalities_rerun/images/seq_0015__max_target_step__line/line/seq_0015__max_target_step__line_step_0000.png"", ""/results/yao314652/home/project/outputs/visual_benchmark/qwen25vl_3b_all_modalities_rerun/images/seq_0015__max_target_step__line/line/seq_0015__max_target_step__line_step_0001.png"", ""/results/yao314652/home/project/outputs/visual_benchmark/qwen25vl_3b_all_modalities_rerun/images/seq_0015__max_target_step__line/line/seq_0015__max_target_step__line_step_0002.png"", ""/results/yao314652/home/project/outputs/visual_benchmark/qwen25vl_3b_all_modalities_rerun/images/seq_0015__max_target_step__line/line/seq_0015__max_target_step__line_step_0003.png"", ""/results/yao314652/home/project/outputs/visual_benchmark/qwen25vl_3b_all_modalities_rerun/images/seq_0015__max_target_step__line/line/seq_0015__max_target_step__line_step_0004.png""]","[{""wavelength"": 450.0, ""concentration"": 5.0, ""path_length"": 4.0, ""absorbance"": 180.0}, {""wavelength"": 450.0, ""concentration"": 5.0, ""path_length"": 3.0, ""absorbance"": 135.0}, {""wavelength"": 400.0, ""concentration"": 5.0, ""path_length"": 3.0, ""absorbance"": 120.0}, {""wavelength"": 400.0, ""concentration"": 5.0, ""path_length"": 2.0, ""absorbance"": 80.0}, {""wavelength"": 400.0, ""concentration"": 4.0, ""path_length"": 2.0, ""absorbance"": 64.0}]"
seq_0015__max_target_step__scatter,seq_0015,max_target_step,max_step,scatter,scatter,At which step is absorbance the highest?,0,step,4,False,,"```json
{
    ""answer"": 4
}
```","[""/results/yao314652/home/project/outputs/visual_benchmark/qwen25vl_3b_all_modalities_rerun/images/seq_0015__max_target_step__scatter/scatter/seq_0015__max_target_step__scatter_step_0000.png"", ""/results/yao314652/home/project/outputs/visual_benchmark/qwen25vl_3b_all_modalities_rerun/images/seq_0015__max_target_step__scatter/scatter/seq_0015__max_target_step__scatter_step_0001.png"", ""/results/yao314652/home/project/outputs/visual_benchmark/qwen25vl_3b_all_modalities_rerun/images/seq_0015__max_target_step__scatter/scatter/seq_0015__max_target_step__scatter_step_0002.png"", ""/results/yao314652/home/project/outputs/visual_benchmark/qwen25vl_3b_all_modalities_rerun/images/seq_0015__max_target_step__scatter/scatter/seq_0015__max_target_step__scatter_step_0003.png"", ""/results/yao314652/home/project/outputs/visual_benchmark/qwen25vl_3b_all_modalities_rerun/images/seq_0015__max_target_step__scatter/scatter/seq_0015__max_target_step__scatter_step_0004.png""]","[{""wavelength"": 450.0, ""concentration"": 5.0, ""path_length"": 4.0, ""absorbance"": 180.0}, {""wavelength"": 450.0, ""concentration"": 5.0, ""path_length"": 3.0, ""absorbance"": 135.0}, {""wavelength"": 400.0, ""concentration"": 5.0, ""path_length"": 3.0, ""absorbance"": 120.0}, {""wavelength"": 400.0, ""concentration"": 5.0, ""path_length"": 2.0, ""absorbance"": 80.0}, {""wavelength"": 400.0, ""concentration"": 4.0, ""path_length"": 2.0, ""absorbance"": 64.0}]"
seq_0015__max_target_step__simulation,seq_0015,max_target_step,max_step,simulation,simulation,At which step is absorbance the highest?,0,step,[2],False,,"```json
{
    ""answer"": [2]
}
```","[""/results/yao314652/home/project/outputs/visual_benchmark/qwen25vl_3b_all_modalities_rerun/images/seq_0015__max_target_step__simulation/simulation/step_0000.png"", ""/results/yao314652/home/project/outputs/visual_benchmark/qwen25vl_3b_all_modalities_rerun/images/seq_0015__max_target_step__simulation/simulation/step_0001.png"", ""/results/yao314652/home/project/outputs/visual_benchmark/qwen25vl_3b_all_modalities_rerun/images/seq_0015__max_target_step__simulation/simulation/step_0002.png"", ""/results/yao314652/home/project/outputs/visual_benchmark/qwen25vl_3b_all_modalities_rerun/images/seq_0015__max_target_step__simulation/simulation/step_0003.png"", ""/results/yao314652/home/project/outputs/visual_benchmark/qwen25vl_3b_all_modalities_rerun/images/seq_0015__max_target_step__simulation/simulation/step_0004.png""]","[{""wavelength"": 450.0, ""concentration"": 5.0, ""path_length"": 4.0, ""absorbance"": 180.0}, {""wavelength"": 450.0, ""concentration"": 5.0, ""path_length"": 3.0, ""absorbance"": 135.0}, {""wavelength"": 400.0, ""concentration"": 5.0, ""path_length"": 3.0, ""absorbance"": 120.0}, {""wavelength"": 400.0, ""concentration"": 5.0, ""path_length"": 2.0, ""absorbance"": 80.0}, {""wavelength"": 400.0, ""concentration"": 4.0, ""path_length"": 2.0, ""absorbance"": 64.0}]"
seq_0015__largest_target_drop_step__text,seq_0015,largest_target_drop_step,largest_drop_step,text,none,"At which step does absorbance show the largest drop compared with the previous step? If it never drops, answer none.",1,step_or_none,1,True,,"```json
{
  ""answer"": ""1""
}
```",[],"[{""wavelength"": 450.0, ""concentration"": 5.0, ""path_length"": 4.0, ""absorbance"": 180.0}, {""wavelength"": 450.0, ""concentration"": 5.0, ""path_length"": 3.0, ""absorbance"": 135.0}, {""wavelength"": 400.0, ""concentration"": 5.0, ""path_length"": 3.0, ""absorbance"": 120.0}, {""wavelength"": 400.0, ""concentration"": 5.0, ""path_length"": 2.0, ""absorbance"": 80.0}, {""wavelength"": 400.0, ""concentration"": 4.0, ""path_length"": 2.0, ""absorbance"": 64.0}]"
seq_0015__largest_target_drop_step__bar,seq_0015,largest_target_drop_step,largest_drop_step,bar,bar,"At which step does absorbance show the largest drop compared with the previous step? If it never drops, answer none.",1,step_or_none,0,False,,"```json
{
    ""answer"": ""0""
}
```","[""/results/yao314652/home/project/outputs/visual_benchmark/qwen25vl_3b_all_modalities_rerun/images/seq_0015__largest_target_drop_step__bar/bar/step_0000.png"", ""/results/yao314652/home/project/outputs/visual_benchmark/qwen25vl_3b_all_modalities_rerun/images/seq_0015__largest_target_drop_step__bar/bar/step_0001.png"", ""/results/yao314652/home/project/outputs/visual_benchmark/qwen25vl_3b_all_modalities_rerun/images/seq_0015__largest_target_drop_step__bar/bar/step_0002.png"", ""/results/yao314652/home/project/outputs/visual_benchmark/qwen25vl_3b_all_modalities_rerun/images/seq_0015__largest_target_drop_step__bar/bar/step_0003.png"", ""/results/yao314652/home/project/outputs/visual_benchmark/qwen25vl_3b_all_modalities_rerun/images/seq_0015__largest_target_drop_step__bar/bar/step_0004.png""]","[{""wavelength"": 450.0, ""concentration"": 5.0, ""path_length"": 4.0, ""absorbance"": 180.0}, {""wavelength"": 450.0, ""concentration"": 5.0, ""path_length"": 3.0, ""absorbance"": 135.0}, {""wavelength"": 400.0, ""concentration"": 5.0, ""path_length"": 3.0, ""absorbance"": 120.0}, {""wavelength"": 400.0, ""concentration"": 5.0, ""path_length"": 2.0, ""absorbance"": 80.0}, {""wavelength"": 400.0, ""concentration"": 4.0, ""path_length"": 2.0, ""absorbance"": 64.0}]"
seq_0015__largest_target_drop_step__line,seq_0015,largest_target_drop_step,largest_drop_step,line,line,"At which step does absorbance show the largest drop compared with the previous step? If it never drops, answer none.",1,step_or_none,2,False,,"```json
{
    ""answer"": ""2""
}
```","[""/results/yao314652/home/project/outputs/visual_benchmark/qwen25vl_3b_all_modalities_rerun/images/seq_0015__largest_target_drop_step__line/line/seq_0015__largest_target_drop_step__line_step_0000.png"", ""/results/yao314652/home/project/outputs/visual_benchmark/qwen25vl_3b_all_modalities_rerun/images/seq_0015__largest_target_drop_step__line/line/seq_0015__largest_target_drop_step__line_step_0001.png"", ""/results/yao314652/home/project/outputs/visual_benchmark/qwen25vl_3b_all_modalities_rerun/images/seq_0015__largest_target_drop_step__line/line/seq_0015__largest_target_drop_step__line_step_0002.png"", ""/results/yao314652/home/project/outputs/visual_benchmark/qwen25vl_3b_all_modalities_rerun/images/seq_0015__largest_target_drop_step__line/line/seq_0015__largest_target_drop_step__line_step_0003.png"", ""/results/yao314652/home/project/outputs/visual_benchmark/qwen25vl_3b_all_modalities_rerun/images/seq_0015__largest_target_drop_step__line/line/seq_0015__largest_target_drop_step__line_step_0004.png""]","[{""wavelength"": 450.0, ""concentration"": 5.0, ""path_length"": 4.0, ""absorbance"": 180.0}, {""wavelength"": 450.0, ""concentration"": 5.0, ""path_length"": 3.0, ""absorbance"": 135.0}, {""wavelength"": 400.0, ""concentration"": 5.0, ""path_length"": 3.0, ""absorbance"": 120.0}, {""wavelength"": 400.0, ""concentration"": 5.0, ""path_length"": 2.0, ""absorbance"": 80.0}, {""wavelength"": 400.0, ""concentration"": 4.0, ""path_length"": 2.0, ""absorbance"": 64.0}]"
seq_0015__largest_target_drop_step__scatter,seq_0015,largest_target_drop_step,largest_drop_step,scatter,scatter,"At which step does absorbance show the largest drop compared with the previous step? If it never drops, answer none.",1,step_or_none,3,False,,"```json
{
  ""answer"": ""3""
}
```","[""/results/yao314652/home/project/outputs/visual_benchmark/qwen25vl_3b_all_modalities_rerun/images/seq_0015__largest_target_drop_step__scatter/scatter/seq_0015__largest_target_drop_step__scatter_step_0000.png"", ""/results/yao314652/home/project/outputs/visual_benchmark/qwen25vl_3b_all_modalities_rerun/images/seq_0015__largest_target_drop_step__scatter/scatter/seq_0015__largest_target_drop_step__scatter_step_0001.png"", ""/results/yao314652/home/project/outputs/visual_benchmark/qwen25vl_3b_all_modalities_rerun/images/seq_0015__largest_target_drop_step__scatter/scatter/seq_0015__largest_target_drop_step__scatter_step_0002.png"", ""/results/yao314652/home/project/outputs/visual_benchmark/qwen25vl_3b_all_modalities_rerun/images/seq_0015__largest_target_drop_step__scatter/scatter/seq_0015__largest_target_drop_step__scatter_step_0003.png"", ""/results/yao314652/home/project/outputs/visual_benchmark/qwen25vl_3b_all_modalities_rerun/images/seq_0015__largest_target_drop_step__scatter/scatter/seq_0015__largest_target_drop_step__scatter_step_0004.png""]","[{""wavelength"": 450.0, ""concentration"": 5.0, ""path_length"": 4.0, ""absorbance"": 180.0}, {""wavelength"": 450.0, ""concentration"": 5.0, ""path_length"": 3.0, ""absorbance"": 135.0}, {""wavelength"": 400.0, ""concentration"": 5.0, ""path_length"": 3.0, ""absorbance"": 120.0}, {""wavelength"": 400.0, ""concentration"": 5.0, ""path_length"": 2.0, ""absorbance"": 80.0}, {""wavelength"": 400.0, ""concentration"": 4.0, ""path_length"": 2.0, ""absorbance"": 64.0}]"
seq_0015__largest_target_drop_step__simulation,seq_0015,largest_target_drop_step,largest_drop_step,simulation,simulation,"At which step does absorbance show the largest drop compared with the previous step? If it never drops, answer none.",1,step_or_none,3,False,,"```json
{
  ""answer"": ""3""
}
```","[""/results/yao314652/home/project/outputs/visual_benchmark/qwen25vl_3b_all_modalities_rerun/images/seq_0015__largest_target_drop_step__simulation/simulation/step_0000.png"", ""/results/yao314652/home/project/outputs/visual_benchmark/qwen25vl_3b_all_modalities_rerun/images/seq_0015__largest_target_drop_step__simulation/simulation/step_0001.png"", ""/results/yao314652/home/project/outputs/visual_benchmark/qwen25vl_3b_all_modalities_rerun/images/seq_0015__largest_target_drop_step__simulation/simulation/step_0002.png"", ""/results/yao314652/home/project/outputs/visual_benchmark/qwen25vl_3b_all_modalities_rerun/images/seq_0015__largest_target_drop_step__simulation/simulation/step_0003.png"", ""/results/yao314652/home/project/outputs/visual_benchmark/qwen25vl_3b_all_modalities_rerun/images/seq_0015__largest_target_drop_step__simulation/simulation/step_0004.png""]","[{""wavelength"": 450.0, ""concentration"": 5.0, ""path_length"": 4.0, ""absorbance"": 180.0}, {""wavelength"": 450.0, ""concentration"": 5.0, ""path_length"": 3.0, ""absorbance"": 135.0}, {""wavelength"": 400.0, ""concentration"": 5.0, ""path_length"": 3.0, ""absorbance"": 120.0}, {""wavelength"": 400.0, ""concentration"": 5.0, ""path_length"": 2.0, ""absorbance"": 80.0}, {""wavelength"": 400.0, ""concentration"": 4.0, ""path_length"": 2.0, ""absorbance"": 64.0}]"
seq_0016__read_last_target__text,seq_0016,read_last_target,value_at_step,text,none,What is the value of absorbance at step 4?,56.0,number,56,True,0.0,"```json
{
  ""answer"": 56
}
```",[],"[{""wavelength"": 700.0, ""concentration"": 2.0, ""path_length"": 2.0, ""absorbance"": 56.0}, {""wavelength"": 650.0, ""concentration"": 2.0, ""path_length"": 2.0, ""absorbance"": 52.0}, {""wavelength"": 650.0, ""concentration"": 2.0, ""path_length"": 1.0, ""absorbance"": 26.0}, {""wavelength"": 650.0, ""concentration"": 2.0, ""path_length"": 2.0, ""absorbance"": 52.0}, {""wavelength"": 700.0, ""concentration"": 2.0, ""path_length"": 2.0, ""absorbance"": 56.0}]"
seq_0016__read_last_target__bar,seq_0016,read_last_target,value_at_step,bar,bar,What is the value of absorbance at step 4?,56.0,number,178,False,122.0,"```json
{
    ""answer"": 178
}
```","[""/results/yao314652/home/project/outputs/visual_benchmark/qwen25vl_3b_all_modalities_rerun/images/seq_0016__read_last_target__bar/bar/step_0000.png"", ""/results/yao314652/home/project/outputs/visual_benchmark/qwen25vl_3b_all_modalities_rerun/images/seq_0016__read_last_target__bar/bar/step_0001.png"", ""/results/yao314652/home/project/outputs/visual_benchmark/qwen25vl_3b_all_modalities_rerun/images/seq_0016__read_last_target__bar/bar/step_0002.png"", ""/results/yao314652/home/project/outputs/visual_benchmark/qwen25vl_3b_all_modalities_rerun/images/seq_0016__read_last_target__bar/bar/step_0003.png"", ""/results/yao314652/home/project/outputs/visual_benchmark/qwen25vl_3b_all_modalities_rerun/images/seq_0016__read_last_target__bar/bar/step_0004.png""]","[{""wavelength"": 700.0, ""concentration"": 2.0, ""path_length"": 2.0, ""absorbance"": 56.0}, {""wavelength"": 650.0, ""concentration"": 2.0, ""path_length"": 2.0, ""absorbance"": 52.0}, {""wavelength"": 650.0, ""concentration"": 2.0, ""path_length"": 1.0, ""absorbance"": 26.0}, {""wavelength"": 650.0, ""concentration"": 2.0, ""path_length"": 2.0, ""absorbance"": 52.0}, {""wavelength"": 700.0, ""concentration"": 2.0, ""path_length"": 2.0, ""absorbance"": 56.0}]"
seq_0016__read_last_target__line,seq_0016,read_last_target,value_at_step,line,line,What is the value of absorbance at step 4?,56.0,number,0.31,False,55.69,"```json
{
    ""answer"": 0.31
}
```","[""/results/yao314652/home/project/outputs/visual_benchmark/qwen25vl_3b_all_modalities_rerun/images/seq_0016__read_last_target__line/line/seq_0016__read_last_target__line_step_0000.png"", ""/results/yao314652/home/project/outputs/visual_benchmark/qwen25vl_3b_all_modalities_rerun/images/seq_0016__read_last_target__line/line/seq_0016__read_last_target__line_step_0001.png"", ""/results/yao314652/home/project/outputs/visual_benchmark/qwen25vl_3b_all_modalities_rerun/images/seq_0016__read_last_target__line/line/seq_0016__read_last_target__line_step_0002.png"", ""/results/yao314652/home/project/outputs/visual_benchmark/qwen25vl_3b_all_modalities_rerun/images/seq_0016__read_last_target__line/line/seq_0016__read_last_target__line_step_0003.png"", ""/results/yao314652/home/project/outputs/visual_benchmark/qwen25vl_3b_all_modalities_rerun/images/seq_0016__read_last_target__line/line/seq_0016__read_last_target__line_step_0004.png""]","[{""wavelength"": 700.0, ""concentration"": 2.0, ""path_length"": 2.0, ""absorbance"": 56.0}, {""wavelength"": 650.0, ""concentration"": 2.0, ""path_length"": 2.0, ""absorbance"": 52.0}, {""wavelength"": 650.0, ""concentration"": 2.0, ""path_length"": 1.0, ""absorbance"": 26.0}, {""wavelength"": 650.0, ""concentration"": 2.0, ""path_length"": 2.0, ""absorbance"": 52.0}, {""wavelength"": 700.0, ""concentration"": 2.0, ""path_length"": 2.0, ""absorbance"": 56.0}]"
seq_0016__read_last_target__scatter,seq_0016,read_last_target,value_at_step,scatter,scatter,What is the value of absorbance at step 4?,56.0,number,0.623,False,55.377,"```json
{
  ""answer"": 0.623
}
```","[""/results/yao314652/home/project/outputs/visual_benchmark/qwen25vl_3b_all_modalities_rerun/images/seq_0016__read_last_target__scatter/scatter/seq_0016__read_last_target__scatter_step_0000.png"", ""/results/yao314652/home/project/outputs/visual_benchmark/qwen25vl_3b_all_modalities_rerun/images/seq_0016__read_last_target__scatter/scatter/seq_0016__read_last_target__scatter_step_0001.png"", ""/results/yao314652/home/project/outputs/visual_benchmark/qwen25vl_3b_all_modalities_rerun/images/seq_0016__read_last_target__scatter/scatter/seq_0016__read_last_target__scatter_step_0002.png"", ""/results/yao314652/home/project/outputs/visual_benchmark/qwen25vl_3b_all_modalities_rerun/images/seq_0016__read_last_target__scatter/scatter/seq_0016__read_last_target__scatter_step_0003.png"", ""/results/yao314652/home/project/outputs/visual_benchmark/qwen25vl_3b_all_modalities_rerun/images/seq_0016__read_last_target__scatter/scatter/seq_0016__read_last_target__scatter_step_0004.png""]","[{""wavelength"": 700.0, ""concentration"": 2.0, ""path_length"": 2.0, ""absorbance"": 56.0}, {""wavelength"": 650.0, ""concentration"": 2.0, ""path_length"": 2.0, ""absorbance"": 52.0}, {""wavelength"": 650.0, ""concentration"": 2.0, ""path_length"": 1.0, ""absorbance"": 26.0}, {""wavelength"": 650.0, ""concentration"": 2.0, ""path_length"": 2.0, ""absorbance"": 52.0}, {""wavelength"": 700.0, ""concentration"": 2.0, ""path_length"": 2.0, ""absorbance"": 56.0}]"
seq_0016__read_last_target__simulation,seq_0016,read_last_target,value_at_step,simulation,simulation,What is the value of absorbance at step 4?,56.0,number,360,False,304.0,"```json
{
    ""answer"": 360
}
```","[""/results/yao314652/home/project/outputs/visual_benchmark/qwen25vl_3b_all_modalities_rerun/images/seq_0016__read_last_target__simulation/simulation/step_0000.png"", ""/results/yao314652/home/project/outputs/visual_benchmark/qwen25vl_3b_all_modalities_rerun/images/seq_0016__read_last_target__simulation/simulation/step_0001.png"", ""/results/yao314652/home/project/outputs/visual_benchmark/qwen25vl_3b_all_modalities_rerun/images/seq_0016__read_last_target__simulation/simulation/step_0002.png"", ""/results/yao314652/home/project/outputs/visual_benchmark/qwen25vl_3b_all_modalities_rerun/images/seq_0016__read_last_target__simulation/simulation/step_0003.png"", ""/results/yao314652/home/project/outputs/visual_benchmark/qwen25vl_3b_all_modalities_rerun/images/seq_0016__read_last_target__simulation/simulation/step_0004.png""]","[{""wavelength"": 700.0, ""concentration"": 2.0, ""path_length"": 2.0, ""absorbance"": 56.0}, {""wavelength"": 650.0, ""concentration"": 2.0, ""path_length"": 2.0, ""absorbance"": 52.0}, {""wavelength"": 650.0, ""concentration"": 2.0, ""path_length"": 1.0, ""absorbance"": 26.0}, {""wavelength"": 650.0, ""concentration"": 2.0, ""path_length"": 2.0, ""absorbance"": 52.0}, {""wavelength"": 700.0, ""concentration"": 2.0, ""path_length"": 2.0, ""absorbance"": 56.0}]"
seq_0016__target_change_amount__text,seq_0016,target_change_amount,change_amount,text,none,By how much does absorbance change from step 0 to step 4?,0.0,number,0,True,0.0,"```json
{
  ""answer"": 0
}
```",[],"[{""wavelength"": 700.0, ""concentration"": 2.0, ""path_length"": 2.0, ""absorbance"": 56.0}, {""wavelength"": 650.0, ""concentration"": 2.0, ""path_length"": 2.0, ""absorbance"": 52.0}, {""wavelength"": 650.0, ""concentration"": 2.0, ""path_length"": 1.0, ""absorbance"": 26.0}, {""wavelength"": 650.0, ""concentration"": 2.0, ""path_length"": 2.0, ""absorbance"": 52.0}, {""wavelength"": 700.0, ""concentration"": 2.0, ""path_length"": 2.0, ""absorbance"": 56.0}]"
seq_0016__target_change_amount__bar,seq_0016,target_change_amount,change_amount,bar,bar,By how much does absorbance change from step 0 to step 4?,0.0,number,3.0,False,3.0,"```json
{
    ""answer"": 3.0
}
```","[""/results/yao314652/home/project/outputs/visual_benchmark/qwen25vl_3b_all_modalities_rerun/images/seq_0016__target_change_amount__bar/bar/step_0000.png"", ""/results/yao314652/home/project/outputs/visual_benchmark/qwen25vl_3b_all_modalities_rerun/images/seq_0016__target_change_amount__bar/bar/step_0001.png"", ""/results/yao314652/home/project/outputs/visual_benchmark/qwen25vl_3b_all_modalities_rerun/images/seq_0016__target_change_amount__bar/bar/step_0002.png"", ""/results/yao314652/home/project/outputs/visual_benchmark/qwen25vl_3b_all_modalities_rerun/images/seq_0016__target_change_amount__bar/bar/step_0003.png"", ""/results/yao314652/home/project/outputs/visual_benchmark/qwen25vl_3b_all_modalities_rerun/images/seq_0016__target_change_amount__bar/bar/step_0004.png""]","[{""wavelength"": 700.0, ""concentration"": 2.0, ""path_length"": 2.0, ""absorbance"": 56.0}, {""wavelength"": 650.0, ""concentration"": 2.0, ""path_length"": 2.0, ""absorbance"": 52.0}, {""wavelength"": 650.0, ""concentration"": 2.0, ""path_length"": 1.0, ""absorbance"": 26.0}, {""wavelength"": 650.0, ""concentration"": 2.0, ""path_length"": 2.0, ""absorbance"": 52.0}, {""wavelength"": 700.0, ""concentration"": 2.0, ""path_length"": 2.0, ""absorbance"": 56.0}]"
seq_0016__target_change_amount__line,seq_0016,target_change_amount,change_amount,line,line,By how much does absorbance change from step 0 to step 4?,0.0,number,-0.239679,False,0.239679,"```json
{
    ""answer"": -0.239679
}
```","[""/results/yao314652/home/project/outputs/visual_benchmark/qwen25vl_3b_all_modalities_rerun/images/seq_0016__target_change_amount__line/line/seq_0016__target_change_amount__line_step_0000.png"", ""/results/yao314652/home/project/outputs/visual_benchmark/qwen25vl_3b_all_modalities_rerun/images/seq_0016__target_change_amount__line/line/seq_0016__target_change_amount__line_step_0001.png"", ""/results/yao314652/home/project/outputs/visual_benchmark/qwen25vl_3b_all_modalities_rerun/images/seq_0016__target_change_amount__line/line/seq_0016__target_change_amount__line_step_0002.png"", ""/results/yao314652/home/project/outputs/visual_benchmark/qwen25vl_3b_all_modalities_rerun/images/seq_0016__target_change_amount__line/line/seq_0016__target_change_amount__line_step_0003.png"", ""/results/yao314652/home/project/outputs/visual_benchmark/qwen25vl_3b_all_modalities_rerun/images/seq_0016__target_change_amount__line/line/seq_0016__target_change_amount__line_step_0004.png""]","[{""wavelength"": 700.0, ""concentration"": 2.0, ""path_length"": 2.0, ""absorbance"": 56.0}, {""wavelength"": 650.0, ""concentration"": 2.0, ""path_length"": 2.0, ""absorbance"": 52.0}, {""wavelength"": 650.0, ""concentration"": 2.0, ""path_length"": 1.0, ""absorbance"": 26.0}, {""wavelength"": 650.0, ""concentration"": 2.0, ""path_length"": 2.0, ""absorbance"": 52.0}, {""wavelength"": 700.0, ""concentration"": 2.0, ""path_length"": 2.0, ""absorbance"": 56.0}]"
seq_0016__target_change_amount__scatter,seq_0016,target_change_amount,change_amount,scatter,scatter,By how much does absorbance change from step 0 to step 4?,0.0,number,1.76,False,1.76,"```json
{
  ""answer"": 1.76
}
```","[""/results/yao314652/home/project/outputs/visual_benchmark/qwen25vl_3b_all_modalities_rerun/images/seq_0016__target_change_amount__scatter/scatter/seq_0016__target_change_amount__scatter_step_0000.png"", ""/results/yao314652/home/project/outputs/visual_benchmark/qwen25vl_3b_all_modalities_rerun/images/seq_0016__target_change_amount__scatter/scatter/seq_0016__target_change_amount__scatter_step_0001.png"", ""/results/yao314652/home/project/outputs/visual_benchmark/qwen25vl_3b_all_modalities_rerun/images/seq_0016__target_change_amount__scatter/scatter/seq_0016__target_change_amount__scatter_step_0002.png"", ""/results/yao314652/home/project/outputs/visual_benchmark/qwen25vl_3b_all_modalities_rerun/images/seq_0016__target_change_amount__scatter/scatter/seq_0016__target_change_amount__scatter_step_0003.png"", ""/results/yao314652/home/project/outputs/visual_benchmark/qwen25vl_3b_all_modalities_rerun/images/seq_0016__target_change_amount__scatter/scatter/seq_0016__target_change_amount__scatter_step_0004.png""]","[{""wavelength"": 700.0, ""concentration"": 2.0, ""path_length"": 2.0, ""absorbance"": 56.0}, {""wavelength"": 650.0, ""concentration"": 2.0, ""path_length"": 2.0, ""absorbance"": 52.0}, {""wavelength"": 650.0, ""concentration"": 2.0, ""path_length"": 1.0, ""absorbance"": 26.0}, {""wavelength"": 650.0, ""concentration"": 2.0, ""path_length"": 2.0, ""absorbance"": 52.0}, {""wavelength"": 700.0, ""concentration"": 2.0, ""path_length"": 2.0, ""absorbance"": 56.0}]"
seq_0016__target_change_amount__simulation,seq_0016,target_change_amount,change_amount,simulation,simulation,By how much does absorbance change from step 0 to step 4?,0.0,number,1.8,False,1.8,"{""answer"": 1.8}","[""/results/yao314652/home/project/outputs/visual_benchmark/qwen25vl_3b_all_modalities_rerun/images/seq_0016__target_change_amount__simulation/simulation/step_0000.png"", ""/results/yao314652/home/project/outputs/visual_benchmark/qwen25vl_3b_all_modalities_rerun/images/seq_0016__target_change_amount__simulation/simulation/step_0001.png"", ""/results/yao314652/home/project/outputs/visual_benchmark/qwen25vl_3b_all_modalities_rerun/images/seq_0016__target_change_amount__simulation/simulation/step_0002.png"", ""/results/yao314652/home/project/outputs/visual_benchmark/qwen25vl_3b_all_modalities_rerun/images/seq_0016__target_change_amount__simulation/simulation/step_0003.png"", ""/results/yao314652/home/project/outputs/visual_benchmark/qwen25vl_3b_all_modalities_rerun/images/seq_0016__target_change_amount__simulation/simulation/step_0004.png""]","[{""wavelength"": 700.0, ""concentration"": 2.0, ""path_length"": 2.0, ""absorbance"": 56.0}, {""wavelength"": 650.0, ""concentration"": 2.0, ""path_length"": 2.0, ""absorbance"": 52.0}, {""wavelength"": 650.0, ""concentration"": 2.0, ""path_length"": 1.0, ""absorbance"": 26.0}, {""wavelength"": 650.0, ""concentration"": 2.0, ""path_length"": 2.0, ""absorbance"": 52.0}, {""wavelength"": 700.0, ""concentration"": 2.0, ""path_length"": 2.0, ""absorbance"": 56.0}]"
seq_0016__target_change_direction__text,seq_0016,target_change_direction,change_direction,text,none,"Does absorbance increase, decrease, or stay the same from step 0 to step 4?",same,category,same,True,,"{""answer"": ""same""}",[],"[{""wavelength"": 700.0, ""concentration"": 2.0, ""path_length"": 2.0, ""absorbance"": 56.0}, {""wavelength"": 650.0, ""concentration"": 2.0, ""path_length"": 2.0, ""absorbance"": 52.0}, {""wavelength"": 650.0, ""concentration"": 2.0, ""path_length"": 1.0, ""absorbance"": 26.0}, {""wavelength"": 650.0, ""concentration"": 2.0, ""path_length"": 2.0, ""absorbance"": 52.0}, {""wavelength"": 700.0, ""concentration"": 2.0, ""path_length"": 2.0, ""absorbance"": 56.0}]"
seq_0016__target_change_direction__bar,seq_0016,target_change_direction,change_direction,bar,bar,"Does absorbance increase, decrease, or stay the same from step 0 to step 4?",same,category,decrease,False,,"{""answer"": ""decrease""}","[""/results/yao314652/home/project/outputs/visual_benchmark/qwen25vl_3b_all_modalities_rerun/images/seq_0016__target_change_direction__bar/bar/step_0000.png"", ""/results/yao314652/home/project/outputs/visual_benchmark/qwen25vl_3b_all_modalities_rerun/images/seq_0016__target_change_direction__bar/bar/step_0001.png"", ""/results/yao314652/home/project/outputs/visual_benchmark/qwen25vl_3b_all_modalities_rerun/images/seq_0016__target_change_direction__bar/bar/step_0002.png"", ""/results/yao314652/home/project/outputs/visual_benchmark/qwen25vl_3b_all_modalities_rerun/images/seq_0016__target_change_direction__bar/bar/step_0003.png"", ""/results/yao314652/home/project/outputs/visual_benchmark/qwen25vl_3b_all_modalities_rerun/images/seq_0016__target_change_direction__bar/bar/step_0004.png""]","[{""wavelength"": 700.0, ""concentration"": 2.0, ""path_length"": 2.0, ""absorbance"": 56.0}, {""wavelength"": 650.0, ""concentration"": 2.0, ""path_length"": 2.0, ""absorbance"": 52.0}, {""wavelength"": 650.0, ""concentration"": 2.0, ""path_length"": 1.0, ""absorbance"": 26.0}, {""wavelength"": 650.0, ""concentration"": 2.0, ""path_length"": 2.0, ""absorbance"": 52.0}, {""wavelength"": 700.0, ""concentration"": 2.0, ""path_length"": 2.0, ""absorbance"": 56.0}]"
seq_0016__target_change_direction__line,seq_0016,target_change_direction,change_direction,line,line,"Does absorbance increase, decrease, or stay the same from step 0 to step 4?",same,category,decrease,False,,"{""answer"": ""decrease""}","[""/results/yao314652/home/project/outputs/visual_benchmark/qwen25vl_3b_all_modalities_rerun/images/seq_0016__target_change_direction__line/line/seq_0016__target_change_direction__line_step_0000.png"", ""/results/yao314652/home/project/outputs/visual_benchmark/qwen25vl_3b_all_modalities_rerun/images/seq_0016__target_change_direction__line/line/seq_0016__target_change_direction__line_step_0001.png"", ""/results/yao314652/home/project/outputs/visual_benchmark/qwen25vl_3b_all_modalities_rerun/images/seq_0016__target_change_direction__line/line/seq_0016__target_change_direction__line_step_0002.png"", ""/results/yao314652/home/project/outputs/visual_benchmark/qwen25vl_3b_all_modalities_rerun/images/seq_0016__target_change_direction__line/line/seq_0016__target_change_direction__line_step_0003.png"", ""/results/yao314652/home/project/outputs/visual_benchmark/qwen25vl_3b_all_modalities_rerun/images/seq_0016__target_change_direction__line/line/seq_0016__target_change_direction__line_step_0004.png""]","[{""wavelength"": 700.0, ""concentration"": 2.0, ""path_length"": 2.0, ""absorbance"": 56.0}, {""wavelength"": 650.0, ""concentration"": 2.0, ""path_length"": 2.0, ""absorbance"": 52.0}, {""wavelength"": 650.0, ""concentration"": 2.0, ""path_length"": 1.0, ""absorbance"": 26.0}, {""wavelength"": 650.0, ""concentration"": 2.0, ""path_length"": 2.0, ""absorbance"": 52.0}, {""wavelength"": 700.0, ""concentration"": 2.0, ""path_length"": 2.0, ""absorbance"": 56.0}]"
seq_0016__target_change_direction__scatter,seq_0016,target_change_direction,change_direction,scatter,scatter,"Does absorbance increase, decrease, or stay the same from step 0 to step 4?",same,category,decrease,False,,"```json
{""answer"": ""decrease""}
```","[""/results/yao314652/home/project/outputs/visual_benchmark/qwen25vl_3b_all_modalities_rerun/images/seq_0016__target_change_direction__scatter/scatter/seq_0016__target_change_direction__scatter_step_0000.png"", ""/results/yao314652/home/project/outputs/visual_benchmark/qwen25vl_3b_all_modalities_rerun/images/seq_0016__target_change_direction__scatter/scatter/seq_0016__target_change_direction__scatter_step_0001.png"", ""/results/yao314652/home/project/outputs/visual_benchmark/qwen25vl_3b_all_modalities_rerun/images/seq_0016__target_change_direction__scatter/scatter/seq_0016__target_change_direction__scatter_step_0002.png"", ""/results/yao314652/home/project/outputs/visual_benchmark/qwen25vl_3b_all_modalities_rerun/images/seq_0016__target_change_direction__scatter/scatter/seq_0016__target_change_direction__scatter_step_0003.png"", ""/results/yao314652/home/project/outputs/visual_benchmark/qwen25vl_3b_all_modalities_rerun/images/seq_0016__target_change_direction__scatter/scatter/seq_0016__target_change_direction__scatter_step_0004.png""]","[{""wavelength"": 700.0, ""concentration"": 2.0, ""path_length"": 2.0, ""absorbance"": 56.0}, {""wavelength"": 650.0, ""concentration"": 2.0, ""path_length"": 2.0, ""absorbance"": 52.0}, {""wavelength"": 650.0, ""concentration"": 2.0, ""path_length"": 1.0, ""absorbance"": 26.0}, {""wavelength"": 650.0, ""concentration"": 2.0, ""path_length"": 2.0, ""absorbance"": 52.0}, {""wavelength"": 700.0, ""concentration"": 2.0, ""path_length"": 2.0, ""absorbance"": 56.0}]"
seq_0016__target_change_direction__simulation,seq_0016,target_change_direction,change_direction,simulation,simulation,"Does absorbance increase, decrease, or stay the same from step 0 to step 4?",same,category,decrease,False,,"{""answer"": ""decrease""}","[""/results/yao314652/home/project/outputs/visual_benchmark/qwen25vl_3b_all_modalities_rerun/images/seq_0016__target_change_direction__simulation/simulation/step_0000.png"", ""/results/yao314652/home/project/outputs/visual_benchmark/qwen25vl_3b_all_modalities_rerun/images/seq_0016__target_change_direction__simulation/simulation/step_0001.png"", ""/results/yao314652/home/project/outputs/visual_benchmark/qwen25vl_3b_all_modalities_rerun/images/seq_0016__target_change_direction__simulation/simulation/step_0002.png"", ""/results/yao314652/home/project/outputs/visual_benchmark/qwen25vl_3b_all_modalities_rerun/images/seq_0016__target_change_direction__simulation/simulation/step_0003.png"", ""/results/yao314652/home/project/outputs/visual_benchmark/qwen25vl_3b_all_modalities_rerun/images/seq_0016__target_change_direction__simulation/simulation/step_0004.png""]","[{""wavelength"": 700.0, ""concentration"": 2.0, ""path_length"": 2.0, ""absorbance"": 56.0}, {""wavelength"": 650.0, ""concentration"": 2.0, ""path_length"": 2.0, ""absorbance"": 52.0}, {""wavelength"": 650.0, ""concentration"": 2.0, ""path_length"": 1.0, ""absorbance"": 26.0}, {""wavelength"": 650.0, ""concentration"": 2.0, ""path_length"": 2.0, ""absorbance"": 52.0}, {""wavelength"": 700.0, ""concentration"": 2.0, ""path_length"": 2.0, ""absorbance"": 56.0}]"
seq_0016__changed_variable_0_to_1__text,seq_0016,changed_variable_0_to_1,changed_variable,text,none,Which input variable changed from step 0 to step 1?,wavelength,category,wavelength,True,,"{""answer"": ""wavelength""}",[],"[{""wavelength"": 700.0, ""concentration"": 2.0, ""path_length"": 2.0, ""absorbance"": 56.0}, {""wavelength"": 650.0, ""concentration"": 2.0, ""path_length"": 2.0, ""absorbance"": 52.0}, {""wavelength"": 650.0, ""concentration"": 2.0, ""path_length"": 1.0, ""absorbance"": 26.0}, {""wavelength"": 650.0, ""concentration"": 2.0, ""path_length"": 2.0, ""absorbance"": 52.0}, {""wavelength"": 700.0, ""concentration"": 2.0, ""path_length"": 2.0, ""absorbance"": 56.0}]"
seq_0016__changed_variable_0_to_1__bar,seq_0016,changed_variable_0_to_1,changed_variable,bar,bar,Which input variable changed from step 0 to step 1?,wavelength,category,input_variable_2,False,,"{""answer"": ""input_variable_2""}","[""/results/yao314652/home/project/outputs/visual_benchmark/qwen25vl_3b_all_modalities_rerun/images/seq_0016__changed_variable_0_to_1__bar/bar/step_0000.png"", ""/results/yao314652/home/project/outputs/visual_benchmark/qwen25vl_3b_all_modalities_rerun/images/seq_0016__changed_variable_0_to_1__bar/bar/step_0001.png"", ""/results/yao314652/home/project/outputs/visual_benchmark/qwen25vl_3b_all_modalities_rerun/images/seq_0016__changed_variable_0_to_1__bar/bar/step_0002.png"", ""/results/yao314652/home/project/outputs/visual_benchmark/qwen25vl_3b_all_modalities_rerun/images/seq_0016__changed_variable_0_to_1__bar/bar/step_0003.png"", ""/results/yao314652/home/project/outputs/visual_benchmark/qwen25vl_3b_all_modalities_rerun/images/seq_0016__changed_variable_0_to_1__bar/bar/step_0004.png""]","[{""wavelength"": 700.0, ""concentration"": 2.0, ""path_length"": 2.0, ""absorbance"": 56.0}, {""wavelength"": 650.0, ""concentration"": 2.0, ""path_length"": 2.0, ""absorbance"": 52.0}, {""wavelength"": 650.0, ""concentration"": 2.0, ""path_length"": 1.0, ""absorbance"": 26.0}, {""wavelength"": 650.0, ""concentration"": 2.0, ""path_length"": 2.0, ""absorbance"": 52.0}, {""wavelength"": 700.0, ""concentration"": 2.0, ""path_length"": 2.0, ""absorbance"": 56.0}]"
seq_0016__changed_variable_0_to_1__line,seq_0016,changed_variable_0_to_1,changed_variable,line,line,Which input variable changed from step 0 to step 1?,wavelength,category,beta,False,,"{""answer"": ""beta""}","[""/results/yao314652/home/project/outputs/visual_benchmark/qwen25vl_3b_all_modalities_rerun/images/seq_0016__changed_variable_0_to_1__line/line/seq_0016__changed_variable_0_to_1__line_step_0000.png"", ""/results/yao314652/home/project/outputs/visual_benchmark/qwen25vl_3b_all_modalities_rerun/images/seq_0016__changed_variable_0_to_1__line/line/seq_0016__changed_variable_0_to_1__line_step_0001.png"", ""/results/yao314652/home/project/outputs/visual_benchmark/qwen25vl_3b_all_modalities_rerun/images/seq_0016__changed_variable_0_to_1__line/line/seq_0016__changed_variable_0_to_1__line_step_0002.png"", ""/results/yao314652/home/project/outputs/visual_benchmark/qwen25vl_3b_all_modalities_rerun/images/seq_0016__changed_variable_0_to_1__line/line/seq_0016__changed_variable_0_to_1__line_step_0003.png"", ""/results/yao314652/home/project/outputs/visual_benchmark/qwen25vl_3b_all_modalities_rerun/images/seq_0016__changed_variable_0_to_1__line/line/seq_0016__changed_variable_0_to_1__line_step_0004.png""]","[{""wavelength"": 700.0, ""concentration"": 2.0, ""path_length"": 2.0, ""absorbance"": 56.0}, {""wavelength"": 650.0, ""concentration"": 2.0, ""path_length"": 2.0, ""absorbance"": 52.0}, {""wavelength"": 650.0, ""concentration"": 2.0, ""path_length"": 1.0, ""absorbance"": 26.0}, {""wavelength"": 650.0, ""concentration"": 2.0, ""path_length"": 2.0, ""absorbance"": 52.0}, {""wavelength"": 700.0, ""concentration"": 2.0, ""path_length"": 2.0, ""absorbance"": 56.0}]"
seq_0016__changed_variable_0_to_1__scatter,seq_0016,changed_variable_0_to_1,changed_variable,scatter,scatter,Which input variable changed from step 0 to step 1?,wavelength,category,input_x,False,,"{""answer"": ""input_x""}","[""/results/yao314652/home/project/outputs/visual_benchmark/qwen25vl_3b_all_modalities_rerun/images/seq_0016__changed_variable_0_to_1__scatter/scatter/seq_0016__changed_variable_0_to_1__scatter_step_0000.png"", ""/results/yao314652/home/project/outputs/visual_benchmark/qwen25vl_3b_all_modalities_rerun/images/seq_0016__changed_variable_0_to_1__scatter/scatter/seq_0016__changed_variable_0_to_1__scatter_step_0001.png"", ""/results/yao314652/home/project/outputs/visual_benchmark/qwen25vl_3b_all_modalities_rerun/images/seq_0016__changed_variable_0_to_1__scatter/scatter/seq_0016__changed_variable_0_to_1__scatter_step_0002.png"", ""/results/yao314652/home/project/outputs/visual_benchmark/qwen25vl_3b_all_modalities_rerun/images/seq_0016__changed_variable_0_to_1__scatter/scatter/seq_0016__changed_variable_0_to_1__scatter_step_0003.png"", ""/results/yao314652/home/project/outputs/visual_benchmark/qwen25vl_3b_all_modalities_rerun/images/seq_0016__changed_variable_0_to_1__scatter/scatter/seq_0016__changed_variable_0_to_1__scatter_step_0004.png""]","[{""wavelength"": 700.0, ""concentration"": 2.0, ""path_length"": 2.0, ""absorbance"": 56.0}, {""wavelength"": 650.0, ""concentration"": 2.0, ""path_length"": 2.0, ""absorbance"": 52.0}, {""wavelength"": 650.0, ""concentration"": 2.0, ""path_length"": 1.0, ""absorbance"": 26.0}, {""wavelength"": 650.0, ""concentration"": 2.0, ""path_length"": 2.0, ""absorbance"": 52.0}, {""wavelength"": 700.0, ""concentration"": 2.0, ""path_length"": 2.0, ""absorbance"": 56.0}]"
seq_0016__changed_variable_0_to_1__simulation,seq_0016,changed_variable_0_to_1,changed_variable,simulation,simulation,Which input variable changed from step 0 to step 1?,wavelength,category,rate,False,,"{""answer"": ""rate""}","[""/results/yao314652/home/project/outputs/visual_benchmark/qwen25vl_3b_all_modalities_rerun/images/seq_0016__changed_variable_0_to_1__simulation/simulation/step_0000.png"", ""/results/yao314652/home/project/outputs/visual_benchmark/qwen25vl_3b_all_modalities_rerun/images/seq_0016__changed_variable_0_to_1__simulation/simulation/step_0001.png"", ""/results/yao314652/home/project/outputs/visual_benchmark/qwen25vl_3b_all_modalities_rerun/images/seq_0016__changed_variable_0_to_1__simulation/simulation/step_0002.png"", ""/results/yao314652/home/project/outputs/visual_benchmark/qwen25vl_3b_all_modalities_rerun/images/seq_0016__changed_variable_0_to_1__simulation/simulation/step_0003.png"", ""/results/yao314652/home/project/outputs/visual_benchmark/qwen25vl_3b_all_modalities_rerun/images/seq_0016__changed_variable_0_to_1__simulation/simulation/step_0004.png""]","[{""wavelength"": 700.0, ""concentration"": 2.0, ""path_length"": 2.0, ""absorbance"": 56.0}, {""wavelength"": 650.0, ""concentration"": 2.0, ""path_length"": 2.0, ""absorbance"": 52.0}, {""wavelength"": 650.0, ""concentration"": 2.0, ""path_length"": 1.0, ""absorbance"": 26.0}, {""wavelength"": 650.0, ""concentration"": 2.0, ""path_length"": 2.0, ""absorbance"": 52.0}, {""wavelength"": 700.0, ""concentration"": 2.0, ""path_length"": 2.0, ""absorbance"": 56.0}]"
seq_0016__max_target_step__text,seq_0016,max_target_step,max_step,text,none,At which step is absorbance the highest?,0,step,0,True,,"```json
{
  ""answer"": 0
}
```",[],"[{""wavelength"": 700.0, ""concentration"": 2.0, ""path_length"": 2.0, ""absorbance"": 56.0}, {""wavelength"": 650.0, ""concentration"": 2.0, ""path_length"": 2.0, ""absorbance"": 52.0}, {""wavelength"": 650.0, ""concentration"": 2.0, ""path_length"": 1.0, ""absorbance"": 26.0}, {""wavelength"": 650.0, ""concentration"": 2.0, ""path_length"": 2.0, ""absorbance"": 52.0}, {""wavelength"": 700.0, ""concentration"": 2.0, ""path_length"": 2.0, ""absorbance"": 56.0}]"
seq_0016__max_target_step__bar,seq_0016,max_target_step,max_step,bar,bar,At which step is absorbance the highest?,0,step,0,True,,"```json
{
    ""answer"": 0
}
```","[""/results/yao314652/home/project/outputs/visual_benchmark/qwen25vl_3b_all_modalities_rerun/images/seq_0016__max_target_step__bar/bar/step_0000.png"", ""/results/yao314652/home/project/outputs/visual_benchmark/qwen25vl_3b_all_modalities_rerun/images/seq_0016__max_target_step__bar/bar/step_0001.png"", ""/results/yao314652/home/project/outputs/visual_benchmark/qwen25vl_3b_all_modalities_rerun/images/seq_0016__max_target_step__bar/bar/step_0002.png"", ""/results/yao314652/home/project/outputs/visual_benchmark/qwen25vl_3b_all_modalities_rerun/images/seq_0016__max_target_step__bar/bar/step_0003.png"", ""/results/yao314652/home/project/outputs/visual_benchmark/qwen25vl_3b_all_modalities_rerun/images/seq_0016__max_target_step__bar/bar/step_0004.png""]","[{""wavelength"": 700.0, ""concentration"": 2.0, ""path_length"": 2.0, ""absorbance"": 56.0}, {""wavelength"": 650.0, ""concentration"": 2.0, ""path_length"": 2.0, ""absorbance"": 52.0}, {""wavelength"": 650.0, ""concentration"": 2.0, ""path_length"": 1.0, ""absorbance"": 26.0}, {""wavelength"": 650.0, ""concentration"": 2.0, ""path_length"": 2.0, ""absorbance"": 52.0}, {""wavelength"": 700.0, ""concentration"": 2.0, ""path_length"": 2.0, ""absorbance"": 56.0}]"
seq_0016__max_target_step__line,seq_0016,max_target_step,max_step,line,line,At which step is absorbance the highest?,0,step,0,True,,"```json
{
    ""answer"": 0
}
```","[""/results/yao314652/home/project/outputs/visual_benchmark/qwen25vl_3b_all_modalities_rerun/images/seq_0016__max_target_step__line/line/seq_0016__max_target_step__line_step_0000.png"", ""/results/yao314652/home/project/outputs/visual_benchmark/qwen25vl_3b_all_modalities_rerun/images/seq_0016__max_target_step__line/line/seq_0016__max_target_step__line_step_0001.png"", ""/results/yao314652/home/project/outputs/visual_benchmark/qwen25vl_3b_all_modalities_rerun/images/seq_0016__max_target_step__line/line/seq_0016__max_target_step__line_step_0002.png"", ""/results/yao314652/home/project/outputs/visual_benchmark/qwen25vl_3b_all_modalities_rerun/images/seq_0016__max_target_step__line/line/seq_0016__max_target_step__line_step_0003.png"", ""/results/yao314652/home/project/outputs/visual_benchmark/qwen25vl_3b_all_modalities_rerun/images/seq_0016__max_target_step__line/line/seq_0016__max_target_step__line_step_0004.png""]","[{""wavelength"": 700.0, ""concentration"": 2.0, ""path_length"": 2.0, ""absorbance"": 56.0}, {""wavelength"": 650.0, ""concentration"": 2.0, ""path_length"": 2.0, ""absorbance"": 52.0}, {""wavelength"": 650.0, ""concentration"": 2.0, ""path_length"": 1.0, ""absorbance"": 26.0}, {""wavelength"": 650.0, ""concentration"": 2.0, ""path_length"": 2.0, ""absorbance"": 52.0}, {""wavelength"": 700.0, ""concentration"": 2.0, ""path_length"": 2.0, ""absorbance"": 56.0}]"
seq_0016__max_target_step__scatter,seq_0016,max_target_step,max_step,scatter,scatter,At which step is absorbance the highest?,0,step,0,True,,"```json
{
  ""answer"": 0
}
```","[""/results/yao314652/home/project/outputs/visual_benchmark/qwen25vl_3b_all_modalities_rerun/images/seq_0016__max_target_step__scatter/scatter/seq_0016__max_target_step__scatter_step_0000.png"", ""/results/yao314652/home/project/outputs/visual_benchmark/qwen25vl_3b_all_modalities_rerun/images/seq_0016__max_target_step__scatter/scatter/seq_0016__max_target_step__scatter_step_0001.png"", ""/results/yao314652/home/project/outputs/visual_benchmark/qwen25vl_3b_all_modalities_rerun/images/seq_0016__max_target_step__scatter/scatter/seq_0016__max_target_step__scatter_step_0002.png"", ""/results/yao314652/home/project/outputs/visual_benchmark/qwen25vl_3b_all_modalities_rerun/images/seq_0016__max_target_step__scatter/scatter/seq_0016__max_target_step__scatter_step_0003.png"", ""/results/yao314652/home/project/outputs/visual_benchmark/qwen25vl_3b_all_modalities_rerun/images/seq_0016__max_target_step__scatter/scatter/seq_0016__max_target_step__scatter_step_0004.png""]","[{""wavelength"": 700.0, ""concentration"": 2.0, ""path_length"": 2.0, ""absorbance"": 56.0}, {""wavelength"": 650.0, ""concentration"": 2.0, ""path_length"": 2.0, ""absorbance"": 52.0}, {""wavelength"": 650.0, ""concentration"": 2.0, ""path_length"": 1.0, ""absorbance"": 26.0}, {""wavelength"": 650.0, ""concentration"": 2.0, ""path_length"": 2.0, ""absorbance"": 52.0}, {""wavelength"": 700.0, ""concentration"": 2.0, ""path_length"": 2.0, ""absorbance"": 56.0}]"
seq_0016__max_target_step__simulation,seq_0016,max_target_step,max_step,simulation,simulation,At which step is absorbance the highest?,0,step,1,False,,"{""answer"": 1}","[""/results/yao314652/home/project/outputs/visual_benchmark/qwen25vl_3b_all_modalities_rerun/images/seq_0016__max_target_step__simulation/simulation/step_0000.png"", ""/results/yao314652/home/project/outputs/visual_benchmark/qwen25vl_3b_all_modalities_rerun/images/seq_0016__max_target_step__simulation/simulation/step_0001.png"", ""/results/yao314652/home/project/outputs/visual_benchmark/qwen25vl_3b_all_modalities_rerun/images/seq_0016__max_target_step__simulation/simulation/step_0002.png"", ""/results/yao314652/home/project/outputs/visual_benchmark/qwen25vl_3b_all_modalities_rerun/images/seq_0016__max_target_step__simulation/simulation/step_0003.png"", ""/results/yao314652/home/project/outputs/visual_benchmark/qwen25vl_3b_all_modalities_rerun/images/seq_0016__max_target_step__simulation/simulation/step_0004.png""]","[{""wavelength"": 700.0, ""concentration"": 2.0, ""path_length"": 2.0, ""absorbance"": 56.0}, {""wavelength"": 650.0, ""concentration"": 2.0, ""path_length"": 2.0, ""absorbance"": 52.0}, {""wavelength"": 650.0, ""concentration"": 2.0, ""path_length"": 1.0, ""absorbance"": 26.0}, {""wavelength"": 650.0, ""concentration"": 2.0, ""path_length"": 2.0, ""absorbance"": 52.0}, {""wavelength"": 700.0, ""concentration"": 2.0, ""path_length"": 2.0, ""absorbance"": 56.0}]"
seq_0016__largest_target_drop_step__text,seq_0016,largest_target_drop_step,largest_drop_step,text,none,"At which step does absorbance show the largest drop compared with the previous step? If it never drops, answer none.",2,step_or_none,3,False,,"```json
{
  ""answer"": ""3""
}
```",[],"[{""wavelength"": 700.0, ""concentration"": 2.0, ""path_length"": 2.0, ""absorbance"": 56.0}, {""wavelength"": 650.0, ""concentration"": 2.0, ""path_length"": 2.0, ""absorbance"": 52.0}, {""wavelength"": 650.0, ""concentration"": 2.0, ""path_length"": 1.0, ""absorbance"": 26.0}, {""wavelength"": 650.0, ""concentration"": 2.0, ""path_length"": 2.0, ""absorbance"": 52.0}, {""wavelength"": 700.0, ""concentration"": 2.0, ""path_length"": 2.0, ""absorbance"": 56.0}]"
seq_0016__largest_target_drop_step__bar,seq_0016,largest_target_drop_step,largest_drop_step,bar,bar,"At which step does absorbance show the largest drop compared with the previous step? If it never drops, answer none.",2,step_or_none,0,False,,"```json
{
    ""answer"": ""0""
}
```","[""/results/yao314652/home/project/outputs/visual_benchmark/qwen25vl_3b_all_modalities_rerun/images/seq_0016__largest_target_drop_step__bar/bar/step_0000.png"", ""/results/yao314652/home/project/outputs/visual_benchmark/qwen25vl_3b_all_modalities_rerun/images/seq_0016__largest_target_drop_step__bar/bar/step_0001.png"", ""/results/yao314652/home/project/outputs/visual_benchmark/qwen25vl_3b_all_modalities_rerun/images/seq_0016__largest_target_drop_step__bar/bar/step_0002.png"", ""/results/yao314652/home/project/outputs/visual_benchmark/qwen25vl_3b_all_modalities_rerun/images/seq_0016__largest_target_drop_step__bar/bar/step_0003.png"", ""/results/yao314652/home/project/outputs/visual_benchmark/qwen25vl_3b_all_modalities_rerun/images/seq_0016__largest_target_drop_step__bar/bar/step_0004.png""]","[{""wavelength"": 700.0, ""concentration"": 2.0, ""path_length"": 2.0, ""absorbance"": 56.0}, {""wavelength"": 650.0, ""concentration"": 2.0, ""path_length"": 2.0, ""absorbance"": 52.0}, {""wavelength"": 650.0, ""concentration"": 2.0, ""path_length"": 1.0, ""absorbance"": 26.0}, {""wavelength"": 650.0, ""concentration"": 2.0, ""path_length"": 2.0, ""absorbance"": 52.0}, {""wavelength"": 700.0, ""concentration"": 2.0, ""path_length"": 2.0, ""absorbance"": 56.0}]"
seq_0016__largest_target_drop_step__line,seq_0016,largest_target_drop_step,largest_drop_step,line,line,"At which step does absorbance show the largest drop compared with the previous step? If it never drops, answer none.",2,step_or_none,3,False,,"```json
{
  ""answer"": ""3""
}
```","[""/results/yao314652/home/project/outputs/visual_benchmark/qwen25vl_3b_all_modalities_rerun/images/seq_0016__largest_target_drop_step__line/line/seq_0016__largest_target_drop_step__line_step_0000.png"", ""/results/yao314652/home/project/outputs/visual_benchmark/qwen25vl_3b_all_modalities_rerun/images/seq_0016__largest_target_drop_step__line/line/seq_0016__largest_target_drop_step__line_step_0001.png"", ""/results/yao314652/home/project/outputs/visual_benchmark/qwen25vl_3b_all_modalities_rerun/images/seq_0016__largest_target_drop_step__line/line/seq_0016__largest_target_drop_step__line_step_0002.png"", ""/results/yao314652/home/project/outputs/visual_benchmark/qwen25vl_3b_all_modalities_rerun/images/seq_0016__largest_target_drop_step__line/line/seq_0016__largest_target_drop_step__line_step_0003.png"", ""/results/yao314652/home/project/outputs/visual_benchmark/qwen25vl_3b_all_modalities_rerun/images/seq_0016__largest_target_drop_step__line/line/seq_0016__largest_target_drop_step__line_step_0004.png""]","[{""wavelength"": 700.0, ""concentration"": 2.0, ""path_length"": 2.0, ""absorbance"": 56.0}, {""wavelength"": 650.0, ""concentration"": 2.0, ""path_length"": 2.0, ""absorbance"": 52.0}, {""wavelength"": 650.0, ""concentration"": 2.0, ""path_length"": 1.0, ""absorbance"": 26.0}, {""wavelength"": 650.0, ""concentration"": 2.0, ""path_length"": 2.0, ""absorbance"": 52.0}, {""wavelength"": 700.0, ""concentration"": 2.0, ""path_length"": 2.0, ""absorbance"": 56.0}]"
seq_0016__largest_target_drop_step__scatter,seq_0016,largest_target_drop_step,largest_drop_step,scatter,scatter,"At which step does absorbance show the largest drop compared with the previous step? If it never drops, answer none.",2,step_or_none,0,False,,"```json
{
    ""answer"": ""0""
}
```","[""/results/yao314652/home/project/outputs/visual_benchmark/qwen25vl_3b_all_modalities_rerun/images/seq_0016__largest_target_drop_step__scatter/scatter/seq_0016__largest_target_drop_step__scatter_step_0000.png"", ""/results/yao314652/home/project/outputs/visual_benchmark/qwen25vl_3b_all_modalities_rerun/images/seq_0016__largest_target_drop_step__scatter/scatter/seq_0016__largest_target_drop_step__scatter_step_0001.png"", ""/results/yao314652/home/project/outputs/visual_benchmark/qwen25vl_3b_all_modalities_rerun/images/seq_0016__largest_target_drop_step__scatter/scatter/seq_0016__largest_target_drop_step__scatter_step_0002.png"", ""/results/yao314652/home/project/outputs/visual_benchmark/qwen25vl_3b_all_modalities_rerun/images/seq_0016__largest_target_drop_step__scatter/scatter/seq_0016__largest_target_drop_step__scatter_step_0003.png"", ""/results/yao314652/home/project/outputs/visual_benchmark/qwen25vl_3b_all_modalities_rerun/images/seq_0016__largest_target_drop_step__scatter/scatter/seq_0016__largest_target_drop_step__scatter_step_0004.png""]","[{""wavelength"": 700.0, ""concentration"": 2.0, ""path_length"": 2.0, ""absorbance"": 56.0}, {""wavelength"": 650.0, ""concentration"": 2.0, ""path_length"": 2.0, ""absorbance"": 52.0}, {""wavelength"": 650.0, ""concentration"": 2.0, ""path_length"": 1.0, ""absorbance"": 26.0}, {""wavelength"": 650.0, ""concentration"": 2.0, ""path_length"": 2.0, ""absorbance"": 52.0}, {""wavelength"": 700.0, ""concentration"": 2.0, ""path_length"": 2.0, ""absorbance"": 56.0}]"
seq_0016__largest_target_drop_step__simulation,seq_0016,largest_target_drop_step,largest_drop_step,simulation,simulation,"At which step does absorbance show the largest drop compared with the previous step? If it never drops, answer none.",2,step_or_none,3,False,,"```json
{
  ""answer"": ""3""
}
```","[""/results/yao314652/home/project/outputs/visual_benchmark/qwen25vl_3b_all_modalities_rerun/images/seq_0016__largest_target_drop_step__simulation/simulation/step_0000.png"", ""/results/yao314652/home/project/outputs/visual_benchmark/qwen25vl_3b_all_modalities_rerun/images/seq_0016__largest_target_drop_step__simulation/simulation/step_0001.png"", ""/results/yao314652/home/project/outputs/visual_benchmark/qwen25vl_3b_all_modalities_rerun/images/seq_0016__largest_target_drop_step__simulation/simulation/step_0002.png"", ""/results/yao314652/home/project/outputs/visual_benchmark/qwen25vl_3b_all_modalities_rerun/images/seq_0016__largest_target_drop_step__simulation/simulation/step_0003.png"", ""/results/yao314652/home/project/outputs/visual_benchmark/qwen25vl_3b_all_modalities_rerun/images/seq_0016__largest_target_drop_step__simulation/simulation/step_0004.png""]","[{""wavelength"": 700.0, ""concentration"": 2.0, ""path_length"": 2.0, ""absorbance"": 56.0}, {""wavelength"": 650.0, ""concentration"": 2.0, ""path_length"": 2.0, ""absorbance"": 52.0}, {""wavelength"": 650.0, ""concentration"": 2.0, ""path_length"": 1.0, ""absorbance"": 26.0}, {""wavelength"": 650.0, ""concentration"": 2.0, ""path_length"": 2.0, ""absorbance"": 52.0}, {""wavelength"": 700.0, ""concentration"": 2.0, ""path_length"": 2.0, ""absorbance"": 56.0}]"
seq_0017__read_last_target__text,seq_0017,read_last_target,value_at_step,text,none,What is the value of absorbance at step 4?,144.0,number,144,True,0.0,"```json
{
  ""answer"": 144
}
```",[],"[{""wavelength"": 500.0, ""concentration"": 4.0, ""path_length"": 5.0, ""absorbance"": 200.0}, {""wavelength"": 450.0, ""concentration"": 4.0, ""path_length"": 5.0, ""absorbance"": 180.0}, {""wavelength"": 450.0, ""concentration"": 4.0, ""path_length"": 4.0, ""absorbance"": 144.0}, {""wavelength"": 450.0, ""concentration"": 5.0, ""path_length"": 4.0, ""absorbance"": 180.0}, {""wavelength"": 450.0, ""concentration"": 4.0, ""path_length"": 4.0, ""absorbance"": 144.0}]"
seq_0017__read_last_target__bar,seq_0017,read_last_target,value_at_step,bar,bar,What is the value of absorbance at step 4?,144.0,number,300,False,156.0,"```json
{
    ""answer"": 300
}
```","[""/results/yao314652/home/project/outputs/visual_benchmark/qwen25vl_3b_all_modalities_rerun/images/seq_0017__read_last_target__bar/bar/step_0000.png"", ""/results/yao314652/home/project/outputs/visual_benchmark/qwen25vl_3b_all_modalities_rerun/images/seq_0017__read_last_target__bar/bar/step_0001.png"", ""/results/yao314652/home/project/outputs/visual_benchmark/qwen25vl_3b_all_modalities_rerun/images/seq_0017__read_last_target__bar/bar/step_0002.png"", ""/results/yao314652/home/project/outputs/visual_benchmark/qwen25vl_3b_all_modalities_rerun/images/seq_0017__read_last_target__bar/bar/step_0003.png"", ""/results/yao314652/home/project/outputs/visual_benchmark/qwen25vl_3b_all_modalities_rerun/images/seq_0017__read_last_target__bar/bar/step_0004.png""]","[{""wavelength"": 500.0, ""concentration"": 4.0, ""path_length"": 5.0, ""absorbance"": 200.0}, {""wavelength"": 450.0, ""concentration"": 4.0, ""path_length"": 5.0, ""absorbance"": 180.0}, {""wavelength"": 450.0, ""concentration"": 4.0, ""path_length"": 4.0, ""absorbance"": 144.0}, {""wavelength"": 450.0, ""concentration"": 5.0, ""path_length"": 4.0, ""absorbance"": 180.0}, {""wavelength"": 450.0, ""concentration"": 4.0, ""path_length"": 4.0, ""absorbance"": 144.0}]"
seq_0017__read_last_target__line,seq_0017,read_last_target,value_at_step,line,line,What is the value of absorbance at step 4?,144.0,number,2.6,False,141.4,"```json
{
  ""answer"": 2.6
}
```","[""/results/yao314652/home/project/outputs/visual_benchmark/qwen25vl_3b_all_modalities_rerun/images/seq_0017__read_last_target__line/line/seq_0017__read_last_target__line_step_0000.png"", ""/results/yao314652/home/project/outputs/visual_benchmark/qwen25vl_3b_all_modalities_rerun/images/seq_0017__read_last_target__line/line/seq_0017__read_last_target__line_step_0001.png"", ""/results/yao314652/home/project/outputs/visual_benchmark/qwen25vl_3b_all_modalities_rerun/images/seq_0017__read_last_target__line/line/seq_0017__read_last_target__line_step_0002.png"", ""/results/yao314652/home/project/outputs/visual_benchmark/qwen25vl_3b_all_modalities_rerun/images/seq_0017__read_last_target__line/line/seq_0017__read_last_target__line_step_0003.png"", ""/results/yao314652/home/project/outputs/visual_benchmark/qwen25vl_3b_all_modalities_rerun/images/seq_0017__read_last_target__line/line/seq_0017__read_last_target__line_step_0004.png""]","[{""wavelength"": 500.0, ""concentration"": 4.0, ""path_length"": 5.0, ""absorbance"": 200.0}, {""wavelength"": 450.0, ""concentration"": 4.0, ""path_length"": 5.0, ""absorbance"": 180.0}, {""wavelength"": 450.0, ""concentration"": 4.0, ""path_length"": 4.0, ""absorbance"": 144.0}, {""wavelength"": 450.0, ""concentration"": 5.0, ""path_length"": 4.0, ""absorbance"": 180.0}, {""wavelength"": 450.0, ""concentration"": 4.0, ""path_length"": 4.0, ""absorbance"": 144.0}]"
seq_0017__read_last_target__scatter,seq_0017,read_last_target,value_at_step,scatter,scatter,What is the value of absorbance at step 4?,144.0,number,0.768,False,143.232,"```json
{
  ""answer"": 0.768
}
```","[""/results/yao314652/home/project/outputs/visual_benchmark/qwen25vl_3b_all_modalities_rerun/images/seq_0017__read_last_target__scatter/scatter/seq_0017__read_last_target__scatter_step_0000.png"", ""/results/yao314652/home/project/outputs/visual_benchmark/qwen25vl_3b_all_modalities_rerun/images/seq_0017__read_last_target__scatter/scatter/seq_0017__read_last_target__scatter_step_0001.png"", ""/results/yao314652/home/project/outputs/visual_benchmark/qwen25vl_3b_all_modalities_rerun/images/seq_0017__read_last_target__scatter/scatter/seq_0017__read_last_target__scatter_step_0002.png"", ""/results/yao314652/home/project/outputs/visual_benchmark/qwen25vl_3b_all_modalities_rerun/images/seq_0017__read_last_target__scatter/scatter/seq_0017__read_last_target__scatter_step_0003.png"", ""/results/yao314652/home/project/outputs/visual_benchmark/qwen25vl_3b_all_modalities_rerun/images/seq_0017__read_last_target__scatter/scatter/seq_0017__read_last_target__scatter_step_0004.png""]","[{""wavelength"": 500.0, ""concentration"": 4.0, ""path_length"": 5.0, ""absorbance"": 200.0}, {""wavelength"": 450.0, ""concentration"": 4.0, ""path_length"": 5.0, ""absorbance"": 180.0}, {""wavelength"": 450.0, ""concentration"": 4.0, ""path_length"": 4.0, ""absorbance"": 144.0}, {""wavelength"": 450.0, ""concentration"": 5.0, ""path_length"": 4.0, ""absorbance"": 180.0}, {""wavelength"": 450.0, ""concentration"": 4.0, ""path_length"": 4.0, ""absorbance"": 144.0}]"
seq_0017__read_last_target__simulation,seq_0017,read_last_target,value_at_step,simulation,simulation,What is the value of absorbance at step 4?,144.0,number,0.6,False,143.4,"```json
{
  ""answer"": 0.6
}
```","[""/results/yao314652/home/project/outputs/visual_benchmark/qwen25vl_3b_all_modalities_rerun/images/seq_0017__read_last_target__simulation/simulation/step_0000.png"", ""/results/yao314652/home/project/outputs/visual_benchmark/qwen25vl_3b_all_modalities_rerun/images/seq_0017__read_last_target__simulation/simulation/step_0001.png"", ""/results/yao314652/home/project/outputs/visual_benchmark/qwen25vl_3b_all_modalities_rerun/images/seq_0017__read_last_target__simulation/simulation/step_0002.png"", ""/results/yao314652/home/project/outputs/visual_benchmark/qwen25vl_3b_all_modalities_rerun/images/seq_0017__read_last_target__simulation/simulation/step_0003.png"", ""/results/yao314652/home/project/outputs/visual_benchmark/qwen25vl_3b_all_modalities_rerun/images/seq_0017__read_last_target__simulation/simulation/step_0004.png""]","[{""wavelength"": 500.0, ""concentration"": 4.0, ""path_length"": 5.0, ""absorbance"": 200.0}, {""wavelength"": 450.0, ""concentration"": 4.0, ""path_length"": 5.0, ""absorbance"": 180.0}, {""wavelength"": 450.0, ""concentration"": 4.0, ""path_length"": 4.0, ""absorbance"": 144.0}, {""wavelength"": 450.0, ""concentration"": 5.0, ""path_length"": 4.0, ""absorbance"": 180.0}, {""wavelength"": 450.0, ""concentration"": 4.0, ""path_length"": 4.0, ""absorbance"": 144.0}]"
seq_0017__target_change_amount__text,seq_0017,target_change_amount,change_amount,text,none,By how much does absorbance change from step 0 to step 4?,-56.0,number,56,False,112.0,"```json
{
  ""answer"": 56
}
```",[],"[{""wavelength"": 500.0, ""concentration"": 4.0, ""path_length"": 5.0, ""absorbance"": 200.0}, {""wavelength"": 450.0, ""concentration"": 4.0, ""path_length"": 5.0, ""absorbance"": 180.0}, {""wavelength"": 450.0, ""concentration"": 4.0, ""path_length"": 4.0, ""absorbance"": 144.0}, {""wavelength"": 450.0, ""concentration"": 5.0, ""path_length"": 4.0, ""absorbance"": 180.0}, {""wavelength"": 450.0, ""concentration"": 4.0, ""path_length"": 4.0, ""absorbance"": 144.0}]"
seq_0017__target_change_amount__bar,seq_0017,target_change_amount,change_amount,bar,bar,By how much does absorbance change from step 0 to step 4?,-56.0,number,2.68,False,58.68,"```json
{
    ""answer"": 2.68
}
```","[""/results/yao314652/home/project/outputs/visual_benchmark/qwen25vl_3b_all_modalities_rerun/images/seq_0017__target_change_amount__bar/bar/step_0000.png"", ""/results/yao314652/home/project/outputs/visual_benchmark/qwen25vl_3b_all_modalities_rerun/images/seq_0017__target_change_amount__bar/bar/step_0001.png"", ""/results/yao314652/home/project/outputs/visual_benchmark/qwen25vl_3b_all_modalities_rerun/images/seq_0017__target_change_amount__bar/bar/step_0002.png"", ""/results/yao314652/home/project/outputs/visual_benchmark/qwen25vl_3b_all_modalities_rerun/images/seq_0017__target_change_amount__bar/bar/step_0003.png"", ""/results/yao314652/home/project/outputs/visual_benchmark/qwen25vl_3b_all_modalities_rerun/images/seq_0017__target_change_amount__bar/bar/step_0004.png""]","[{""wavelength"": 500.0, ""concentration"": 4.0, ""path_length"": 5.0, ""absorbance"": 200.0}, {""wavelength"": 450.0, ""concentration"": 4.0, ""path_length"": 5.0, ""absorbance"": 180.0}, {""wavelength"": 450.0, ""concentration"": 4.0, ""path_length"": 4.0, ""absorbance"": 144.0}, {""wavelength"": 450.0, ""concentration"": 5.0, ""path_length"": 4.0, ""absorbance"": 180.0}, {""wavelength"": 450.0, ""concentration"": 4.0, ""path_length"": 4.0, ""absorbance"": 144.0}]"
seq_0017__target_change_amount__line,seq_0017,target_change_amount,change_amount,line,line,By how much does absorbance change from step 0 to step 4?,-56.0,number,-2.7,False,53.3,"```json
{
    ""answer"": -2.7
}
```","[""/results/yao314652/home/project/outputs/visual_benchmark/qwen25vl_3b_all_modalities_rerun/images/seq_0017__target_change_amount__line/line/seq_0017__target_change_amount__line_step_0000.png"", ""/results/yao314652/home/project/outputs/visual_benchmark/qwen25vl_3b_all_modalities_rerun/images/seq_0017__target_change_amount__line/line/seq_0017__target_change_amount__line_step_0001.png"", ""/results/yao314652/home/project/outputs/visual_benchmark/qwen25vl_3b_all_modalities_rerun/images/seq_0017__target_change_amount__line/line/seq_0017__target_change_amount__line_step_0002.png"", ""/results/yao314652/home/project/outputs/visual_benchmark/qwen25vl_3b_all_modalities_rerun/images/seq_0017__target_change_amount__line/line/seq_0017__target_change_amount__line_step_0003.png"", ""/results/yao314652/home/project/outputs/visual_benchmark/qwen25vl_3b_all_modalities_rerun/images/seq_0017__target_change_amount__line/line/seq_0017__target_change_amount__line_step_0004.png""]","[{""wavelength"": 500.0, ""concentration"": 4.0, ""path_length"": 5.0, ""absorbance"": 200.0}, {""wavelength"": 450.0, ""concentration"": 4.0, ""path_length"": 5.0, ""absorbance"": 180.0}, {""wavelength"": 450.0, ""concentration"": 4.0, ""path_length"": 4.0, ""absorbance"": 144.0}, {""wavelength"": 450.0, ""concentration"": 5.0, ""path_length"": 4.0, ""absorbance"": 180.0}, {""wavelength"": 450.0, ""concentration"": 4.0, ""path_length"": 4.0, ""absorbance"": 144.0}]"
seq_0017__target_change_amount__scatter,seq_0017,target_change_amount,change_amount,scatter,scatter,By how much does absorbance change from step 0 to step 4?,-56.0,number,0.2,False,56.2,"```json
{
  ""answer"": 0.2
}
```","[""/results/yao314652/home/project/outputs/visual_benchmark/qwen25vl_3b_all_modalities_rerun/images/seq_0017__target_change_amount__scatter/scatter/seq_0017__target_change_amount__scatter_step_0000.png"", ""/results/yao314652/home/project/outputs/visual_benchmark/qwen25vl_3b_all_modalities_rerun/images/seq_0017__target_change_amount__scatter/scatter/seq_0017__target_change_amount__scatter_step_0001.png"", ""/results/yao314652/home/project/outputs/visual_benchmark/qwen25vl_3b_all_modalities_rerun/images/seq_0017__target_change_amount__scatter/scatter/seq_0017__target_change_amount__scatter_step_0002.png"", ""/results/yao314652/home/project/outputs/visual_benchmark/qwen25vl_3b_all_modalities_rerun/images/seq_0017__target_change_amount__scatter/scatter/seq_0017__target_change_amount__scatter_step_0003.png"", ""/results/yao314652/home/project/outputs/visual_benchmark/qwen25vl_3b_all_modalities_rerun/images/seq_0017__target_change_amount__scatter/scatter/seq_0017__target_change_amount__scatter_step_0004.png""]","[{""wavelength"": 500.0, ""concentration"": 4.0, ""path_length"": 5.0, ""absorbance"": 200.0}, {""wavelength"": 450.0, ""concentration"": 4.0, ""path_length"": 5.0, ""absorbance"": 180.0}, {""wavelength"": 450.0, ""concentration"": 4.0, ""path_length"": 4.0, ""absorbance"": 144.0}, {""wavelength"": 450.0, ""concentration"": 5.0, ""path_length"": 4.0, ""absorbance"": 180.0}, {""wavelength"": 450.0, ""concentration"": 4.0, ""path_length"": 4.0, ""absorbance"": 144.0}]"
seq_0017__target_change_amount__simulation,seq_0017,target_change_amount,change_amount,simulation,simulation,By how much does absorbance change from step 0 to step 4?,-56.0,number,0.16,False,56.16,"{""answer"": 0.16}","[""/results/yao314652/home/project/outputs/visual_benchmark/qwen25vl_3b_all_modalities_rerun/images/seq_0017__target_change_amount__simulation/simulation/step_0000.png"", ""/results/yao314652/home/project/outputs/visual_benchmark/qwen25vl_3b_all_modalities_rerun/images/seq_0017__target_change_amount__simulation/simulation/step_0001.png"", ""/results/yao314652/home/project/outputs/visual_benchmark/qwen25vl_3b_all_modalities_rerun/images/seq_0017__target_change_amount__simulation/simulation/step_0002.png"", ""/results/yao314652/home/project/outputs/visual_benchmark/qwen25vl_3b_all_modalities_rerun/images/seq_0017__target_change_amount__simulation/simulation/step_0003.png"", ""/results/yao314652/home/project/outputs/visual_benchmark/qwen25vl_3b_all_modalities_rerun/images/seq_0017__target_change_amount__simulation/simulation/step_0004.png""]","[{""wavelength"": 500.0, ""concentration"": 4.0, ""path_length"": 5.0, ""absorbance"": 200.0}, {""wavelength"": 450.0, ""concentration"": 4.0, ""path_length"": 5.0, ""absorbance"": 180.0}, {""wavelength"": 450.0, ""concentration"": 4.0, ""path_length"": 4.0, ""absorbance"": 144.0}, {""wavelength"": 450.0, ""concentration"": 5.0, ""path_length"": 4.0, ""absorbance"": 180.0}, {""wavelength"": 450.0, ""concentration"": 4.0, ""path_length"": 4.0, ""absorbance"": 144.0}]"
seq_0017__target_change_direction__text,seq_0017,target_change_direction,change_direction,text,none,"Does absorbance increase, decrease, or stay the same from step 0 to step 4?",decrease,category,decrease,True,,"```json
{""answer"":""decrease""}
```",[],"[{""wavelength"": 500.0, ""concentration"": 4.0, ""path_length"": 5.0, ""absorbance"": 200.0}, {""wavelength"": 450.0, ""concentration"": 4.0, ""path_length"": 5.0, ""absorbance"": 180.0}, {""wavelength"": 450.0, ""concentration"": 4.0, ""path_length"": 4.0, ""absorbance"": 144.0}, {""wavelength"": 450.0, ""concentration"": 5.0, ""path_length"": 4.0, ""absorbance"": 180.0}, {""wavelength"": 450.0, ""concentration"": 4.0, ""path_length"": 4.0, ""absorbance"": 144.0}]"
seq_0017__target_change_direction__bar,seq_0017,target_change_direction,change_direction,bar,bar,"Does absorbance increase, decrease, or stay the same from step 0 to step 4?",decrease,category,decrease,True,,"{""answer"": ""decrease""}","[""/results/yao314652/home/project/outputs/visual_benchmark/qwen25vl_3b_all_modalities_rerun/images/seq_0017__target_change_direction__bar/bar/step_0000.png"", ""/results/yao314652/home/project/outputs/visual_benchmark/qwen25vl_3b_all_modalities_rerun/images/seq_0017__target_change_direction__bar/bar/step_0001.png"", ""/results/yao314652/home/project/outputs/visual_benchmark/qwen25vl_3b_all_modalities_rerun/images/seq_0017__target_change_direction__bar/bar/step_0002.png"", ""/results/yao314652/home/project/outputs/visual_benchmark/qwen25vl_3b_all_modalities_rerun/images/seq_0017__target_change_direction__bar/bar/step_0003.png"", ""/results/yao314652/home/project/outputs/visual_benchmark/qwen25vl_3b_all_modalities_rerun/images/seq_0017__target_change_direction__bar/bar/step_0004.png""]","[{""wavelength"": 500.0, ""concentration"": 4.0, ""path_length"": 5.0, ""absorbance"": 200.0}, {""wavelength"": 450.0, ""concentration"": 4.0, ""path_length"": 5.0, ""absorbance"": 180.0}, {""wavelength"": 450.0, ""concentration"": 4.0, ""path_length"": 4.0, ""absorbance"": 144.0}, {""wavelength"": 450.0, ""concentration"": 5.0, ""path_length"": 4.0, ""absorbance"": 180.0}, {""wavelength"": 450.0, ""concentration"": 4.0, ""path_length"": 4.0, ""absorbance"": 144.0}]"
seq_0017__target_change_direction__line,seq_0017,target_change_direction,change_direction,line,line,"Does absorbance increase, decrease, or stay the same from step 0 to step 4?",decrease,category,decrease,True,,"{""answer"": ""decrease""}","[""/results/yao314652/home/project/outputs/visual_benchmark/qwen25vl_3b_all_modalities_rerun/images/seq_0017__target_change_direction__line/line/seq_0017__target_change_direction__line_step_0000.png"", ""/results/yao314652/home/project/outputs/visual_benchmark/qwen25vl_3b_all_modalities_rerun/images/seq_0017__target_change_direction__line/line/seq_0017__target_change_direction__line_step_0001.png"", ""/results/yao314652/home/project/outputs/visual_benchmark/qwen25vl_3b_all_modalities_rerun/images/seq_0017__target_change_direction__line/line/seq_0017__target_change_direction__line_step_0002.png"", ""/results/yao314652/home/project/outputs/visual_benchmark/qwen25vl_3b_all_modalities_rerun/images/seq_0017__target_change_direction__line/line/seq_0017__target_change_direction__line_step_0003.png"", ""/results/yao314652/home/project/outputs/visual_benchmark/qwen25vl_3b_all_modalities_rerun/images/seq_0017__target_change_direction__line/line/seq_0017__target_change_direction__line_step_0004.png""]","[{""wavelength"": 500.0, ""concentration"": 4.0, ""path_length"": 5.0, ""absorbance"": 200.0}, {""wavelength"": 450.0, ""concentration"": 4.0, ""path_length"": 5.0, ""absorbance"": 180.0}, {""wavelength"": 450.0, ""concentration"": 4.0, ""path_length"": 4.0, ""absorbance"": 144.0}, {""wavelength"": 450.0, ""concentration"": 5.0, ""path_length"": 4.0, ""absorbance"": 180.0}, {""wavelength"": 450.0, ""concentration"": 4.0, ""path_length"": 4.0, ""absorbance"": 144.0}]"
seq_0017__target_change_direction__scatter,seq_0017,target_change_direction,change_direction,scatter,scatter,"Does absorbance increase, decrease, or stay the same from step 0 to step 4?",decrease,category,decrease,True,,"{""answer"": ""decrease""}","[""/results/yao314652/home/project/outputs/visual_benchmark/qwen25vl_3b_all_modalities_rerun/images/seq_0017__target_change_direction__scatter/scatter/seq_0017__target_change_direction__scatter_step_0000.png"", ""/results/yao314652/home/project/outputs/visual_benchmark/qwen25vl_3b_all_modalities_rerun/images/seq_0017__target_change_direction__scatter/scatter/seq_0017__target_change_direction__scatter_step_0001.png"", ""/results/yao314652/home/project/outputs/visual_benchmark/qwen25vl_3b_all_modalities_rerun/images/seq_0017__target_change_direction__scatter/scatter/seq_0017__target_change_direction__scatter_step_0002.png"", ""/results/yao314652/home/project/outputs/visual_benchmark/qwen25vl_3b_all_modalities_rerun/images/seq_0017__target_change_direction__scatter/scatter/seq_0017__target_change_direction__scatter_step_0003.png"", ""/results/yao314652/home/project/outputs/visual_benchmark/qwen25vl_3b_all_modalities_rerun/images/seq_0017__target_change_direction__scatter/scatter/seq_0017__target_change_direction__scatter_step_0004.png""]","[{""wavelength"": 500.0, ""concentration"": 4.0, ""path_length"": 5.0, ""absorbance"": 200.0}, {""wavelength"": 450.0, ""concentration"": 4.0, ""path_length"": 5.0, ""absorbance"": 180.0}, {""wavelength"": 450.0, ""concentration"": 4.0, ""path_length"": 4.0, ""absorbance"": 144.0}, {""wavelength"": 450.0, ""concentration"": 5.0, ""path_length"": 4.0, ""absorbance"": 180.0}, {""wavelength"": 450.0, ""concentration"": 4.0, ""path_length"": 4.0, ""absorbance"": 144.0}]"
seq_0017__target_change_direction__simulation,seq_0017,target_change_direction,change_direction,simulation,simulation,"Does absorbance increase, decrease, or stay the same from step 0 to step 4?",decrease,category,decrease,True,,"{""answer"": ""decrease""}","[""/results/yao314652/home/project/outputs/visual_benchmark/qwen25vl_3b_all_modalities_rerun/images/seq_0017__target_change_direction__simulation/simulation/step_0000.png"", ""/results/yao314652/home/project/outputs/visual_benchmark/qwen25vl_3b_all_modalities_rerun/images/seq_0017__target_change_direction__simulation/simulation/step_0001.png"", ""/results/yao314652/home/project/outputs/visual_benchmark/qwen25vl_3b_all_modalities_rerun/images/seq_0017__target_change_direction__simulation/simulation/step_0002.png"", ""/results/yao314652/home/project/outputs/visual_benchmark/qwen25vl_3b_all_modalities_rerun/images/seq_0017__target_change_direction__simulation/simulation/step_0003.png"", ""/results/yao314652/home/project/outputs/visual_benchmark/qwen25vl_3b_all_modalities_rerun/images/seq_0017__target_change_direction__simulation/simulation/step_0004.png""]","[{""wavelength"": 500.0, ""concentration"": 4.0, ""path_length"": 5.0, ""absorbance"": 200.0}, {""wavelength"": 450.0, ""concentration"": 4.0, ""path_length"": 5.0, ""absorbance"": 180.0}, {""wavelength"": 450.0, ""concentration"": 4.0, ""path_length"": 4.0, ""absorbance"": 144.0}, {""wavelength"": 450.0, ""concentration"": 5.0, ""path_length"": 4.0, ""absorbance"": 180.0}, {""wavelength"": 450.0, ""concentration"": 4.0, ""path_length"": 4.0, ""absorbance"": 144.0}]"
seq_0017__changed_variable_0_to_1__text,seq_0017,changed_variable_0_to_1,changed_variable,text,none,Which input variable changed from step 0 to step 1?,wavelength,category,concentration,False,,"{
  ""answer"": ""concentration""
}",[],"[{""wavelength"": 500.0, ""concentration"": 4.0, ""path_length"": 5.0, ""absorbance"": 200.0}, {""wavelength"": 450.0, ""concentration"": 4.0, ""path_length"": 5.0, ""absorbance"": 180.0}, {""wavelength"": 450.0, ""concentration"": 4.0, ""path_length"": 4.0, ""absorbance"": 144.0}, {""wavelength"": 450.0, ""concentration"": 5.0, ""path_length"": 4.0, ""absorbance"": 180.0}, {""wavelength"": 450.0, ""concentration"": 4.0, ""path_length"": 4.0, ""absorbance"": 144.0}]"
seq_0017__changed_variable_0_to_1__bar,seq_0017,changed_variable_0_to_1,changed_variable,bar,bar,Which input variable changed from step 0 to step 1?,wavelength,category,output_variable,False,,"{""answer"": ""output_variable""}","[""/results/yao314652/home/project/outputs/visual_benchmark/qwen25vl_3b_all_modalities_rerun/images/seq_0017__changed_variable_0_to_1__bar/bar/step_0000.png"", ""/results/yao314652/home/project/outputs/visual_benchmark/qwen25vl_3b_all_modalities_rerun/images/seq_0017__changed_variable_0_to_1__bar/bar/step_0001.png"", ""/results/yao314652/home/project/outputs/visual_benchmark/qwen25vl_3b_all_modalities_rerun/images/seq_0017__changed_variable_0_to_1__bar/bar/step_0002.png"", ""/results/yao314652/home/project/outputs/visual_benchmark/qwen25vl_3b_all_modalities_rerun/images/seq_0017__changed_variable_0_to_1__bar/bar/step_0003.png"", ""/results/yao314652/home/project/outputs/visual_benchmark/qwen25vl_3b_all_modalities_rerun/images/seq_0017__changed_variable_0_to_1__bar/bar/step_0004.png""]","[{""wavelength"": 500.0, ""concentration"": 4.0, ""path_length"": 5.0, ""absorbance"": 200.0}, {""wavelength"": 450.0, ""concentration"": 4.0, ""path_length"": 5.0, ""absorbance"": 180.0}, {""wavelength"": 450.0, ""concentration"": 4.0, ""path_length"": 4.0, ""absorbance"": 144.0}, {""wavelength"": 450.0, ""concentration"": 5.0, ""path_length"": 4.0, ""absorbance"": 180.0}, {""wavelength"": 450.0, ""concentration"": 4.0, ""path_length"": 4.0, ""absorbance"": 144.0}]"
seq_0017__changed_variable_0_to_1__line,seq_0017,changed_variable_0_to_1,changed_variable,line,line,Which input variable changed from step 0 to step 1?,wavelength,category,temperature,False,,"{""answer"": ""temperature""}","[""/results/yao314652/home/project/outputs/visual_benchmark/qwen25vl_3b_all_modalities_rerun/images/seq_0017__changed_variable_0_to_1__line/line/seq_0017__changed_variable_0_to_1__line_step_0000.png"", ""/results/yao314652/home/project/outputs/visual_benchmark/qwen25vl_3b_all_modalities_rerun/images/seq_0017__changed_variable_0_to_1__line/line/seq_0017__changed_variable_0_to_1__line_step_0001.png"", ""/results/yao314652/home/project/outputs/visual_benchmark/qwen25vl_3b_all_modalities_rerun/images/seq_0017__changed_variable_0_to_1__line/line/seq_0017__changed_variable_0_to_1__line_step_0002.png"", ""/results/yao314652/home/project/outputs/visual_benchmark/qwen25vl_3b_all_modalities_rerun/images/seq_0017__changed_variable_0_to_1__line/line/seq_0017__changed_variable_0_to_1__line_step_0003.png"", ""/results/yao314652/home/project/outputs/visual_benchmark/qwen25vl_3b_all_modalities_rerun/images/seq_0017__changed_variable_0_to_1__line/line/seq_0017__changed_variable_0_to_1__line_step_0004.png""]","[{""wavelength"": 500.0, ""concentration"": 4.0, ""path_length"": 5.0, ""absorbance"": 200.0}, {""wavelength"": 450.0, ""concentration"": 4.0, ""path_length"": 5.0, ""absorbance"": 180.0}, {""wavelength"": 450.0, ""concentration"": 4.0, ""path_length"": 4.0, ""absorbance"": 144.0}, {""wavelength"": 450.0, ""concentration"": 5.0, ""path_length"": 4.0, ""absorbance"": 180.0}, {""wavelength"": 450.0, ""concentration"": 4.0, ""path_length"": 4.0, ""absorbance"": 144.0}]"
seq_0017__changed_variable_0_to_1__scatter,seq_0017,changed_variable_0_to_1,changed_variable,scatter,scatter,Which input variable changed from step 0 to step 1?,wavelength,category,x,False,,"{""answer"": ""x""}","[""/results/yao314652/home/project/outputs/visual_benchmark/qwen25vl_3b_all_modalities_rerun/images/seq_0017__changed_variable_0_to_1__scatter/scatter/seq_0017__changed_variable_0_to_1__scatter_step_0000.png"", ""/results/yao314652/home/project/outputs/visual_benchmark/qwen25vl_3b_all_modalities_rerun/images/seq_0017__changed_variable_0_to_1__scatter/scatter/seq_0017__changed_variable_0_to_1__scatter_step_0001.png"", ""/results/yao314652/home/project/outputs/visual_benchmark/qwen25vl_3b_all_modalities_rerun/images/seq_0017__changed_variable_0_to_1__scatter/scatter/seq_0017__changed_variable_0_to_1__scatter_step_0002.png"", ""/results/yao314652/home/project/outputs/visual_benchmark/qwen25vl_3b_all_modalities_rerun/images/seq_0017__changed_variable_0_to_1__scatter/scatter/seq_0017__changed_variable_0_to_1__scatter_step_0003.png"", ""/results/yao314652/home/project/outputs/visual_benchmark/qwen25vl_3b_all_modalities_rerun/images/seq_0017__changed_variable_0_to_1__scatter/scatter/seq_0017__changed_variable_0_to_1__scatter_step_0004.png""]","[{""wavelength"": 500.0, ""concentration"": 4.0, ""path_length"": 5.0, ""absorbance"": 200.0}, {""wavelength"": 450.0, ""concentration"": 4.0, ""path_length"": 5.0, ""absorbance"": 180.0}, {""wavelength"": 450.0, ""concentration"": 4.0, ""path_length"": 4.0, ""absorbance"": 144.0}, {""wavelength"": 450.0, ""concentration"": 5.0, ""path_length"": 4.0, ""absorbance"": 180.0}, {""wavelength"": 450.0, ""concentration"": 4.0, ""path_length"": 4.0, ""absorbance"": 144.0}]"
seq_0017__changed_variable_0_to_1__simulation,seq_0017,changed_variable_0_to_1,changed_variable,simulation,simulation,Which input variable changed from step 0 to step 1?,wavelength,category,volume,False,,"{""answer"": ""volume""}","[""/results/yao314652/home/project/outputs/visual_benchmark/qwen25vl_3b_all_modalities_rerun/images/seq_0017__changed_variable_0_to_1__simulation/simulation/step_0000.png"", ""/results/yao314652/home/project/outputs/visual_benchmark/qwen25vl_3b_all_modalities_rerun/images/seq_0017__changed_variable_0_to_1__simulation/simulation/step_0001.png"", ""/results/yao314652/home/project/outputs/visual_benchmark/qwen25vl_3b_all_modalities_rerun/images/seq_0017__changed_variable_0_to_1__simulation/simulation/step_0002.png"", ""/results/yao314652/home/project/outputs/visual_benchmark/qwen25vl_3b_all_modalities_rerun/images/seq_0017__changed_variable_0_to_1__simulation/simulation/step_0003.png"", ""/results/yao314652/home/project/outputs/visual_benchmark/qwen25vl_3b_all_modalities_rerun/images/seq_0017__changed_variable_0_to_1__simulation/simulation/step_0004.png""]","[{""wavelength"": 500.0, ""concentration"": 4.0, ""path_length"": 5.0, ""absorbance"": 200.0}, {""wavelength"": 450.0, ""concentration"": 4.0, ""path_length"": 5.0, ""absorbance"": 180.0}, {""wavelength"": 450.0, ""concentration"": 4.0, ""path_length"": 4.0, ""absorbance"": 144.0}, {""wavelength"": 450.0, ""concentration"": 5.0, ""path_length"": 4.0, ""absorbance"": 180.0}, {""wavelength"": 450.0, ""concentration"": 4.0, ""path_length"": 4.0, ""absorbance"": 144.0}]"
seq_0017__max_target_step__text,seq_0017,max_target_step,max_step,text,none,At which step is absorbance the highest?,0,step,0,True,,"```json
{
  ""answer"": 0
}
```",[],"[{""wavelength"": 500.0, ""concentration"": 4.0, ""path_length"": 5.0, ""absorbance"": 200.0}, {""wavelength"": 450.0, ""concentration"": 4.0, ""path_length"": 5.0, ""absorbance"": 180.0}, {""wavelength"": 450.0, ""concentration"": 4.0, ""path_length"": 4.0, ""absorbance"": 144.0}, {""wavelength"": 450.0, ""concentration"": 5.0, ""path_length"": 4.0, ""absorbance"": 180.0}, {""wavelength"": 450.0, ""concentration"": 4.0, ""path_length"": 4.0, ""absorbance"": 144.0}]"
seq_0017__max_target_step__bar,seq_0017,max_target_step,max_step,bar,bar,At which step is absorbance the highest?,0,step,1,False,,"```json
{
    ""answer"": 1
}
```","[""/results/yao314652/home/project/outputs/visual_benchmark/qwen25vl_3b_all_modalities_rerun/images/seq_0017__max_target_step__bar/bar/step_0000.png"", ""/results/yao314652/home/project/outputs/visual_benchmark/qwen25vl_3b_all_modalities_rerun/images/seq_0017__max_target_step__bar/bar/step_0001.png"", ""/results/yao314652/home/project/outputs/visual_benchmark/qwen25vl_3b_all_modalities_rerun/images/seq_0017__max_target_step__bar/bar/step_0002.png"", ""/results/yao314652/home/project/outputs/visual_benchmark/qwen25vl_3b_all_modalities_rerun/images/seq_0017__max_target_step__bar/bar/step_0003.png"", ""/results/yao314652/home/project/outputs/visual_benchmark/qwen25vl_3b_all_modalities_rerun/images/seq_0017__max_target_step__bar/bar/step_0004.png""]","[{""wavelength"": 500.0, ""concentration"": 4.0, ""path_length"": 5.0, ""absorbance"": 200.0}, {""wavelength"": 450.0, ""concentration"": 4.0, ""path_length"": 5.0, ""absorbance"": 180.0}, {""wavelength"": 450.0, ""concentration"": 4.0, ""path_length"": 4.0, ""absorbance"": 144.0}, {""wavelength"": 450.0, ""concentration"": 5.0, ""path_length"": 4.0, ""absorbance"": 180.0}, {""wavelength"": 450.0, ""concentration"": 4.0, ""path_length"": 4.0, ""absorbance"": 144.0}]"
seq_0017__max_target_step__line,seq_0017,max_target_step,max_step,line,line,At which step is absorbance the highest?,0,step,2,False,,"```json
{
    ""answer"": 2
}
```","[""/results/yao314652/home/project/outputs/visual_benchmark/qwen25vl_3b_all_modalities_rerun/images/seq_0017__max_target_step__line/line/seq_0017__max_target_step__line_step_0000.png"", ""/results/yao314652/home/project/outputs/visual_benchmark/qwen25vl_3b_all_modalities_rerun/images/seq_0017__max_target_step__line/line/seq_0017__max_target_step__line_step_0001.png"", ""/results/yao314652/home/project/outputs/visual_benchmark/qwen25vl_3b_all_modalities_rerun/images/seq_0017__max_target_step__line/line/seq_0017__max_target_step__line_step_0002.png"", ""/results/yao314652/home/project/outputs/visual_benchmark/qwen25vl_3b_all_modalities_rerun/images/seq_0017__max_target_step__line/line/seq_0017__max_target_step__line_step_0003.png"", ""/results/yao314652/home/project/outputs/visual_benchmark/qwen25vl_3b_all_modalities_rerun/images/seq_0017__max_target_step__line/line/seq_0017__max_target_step__line_step_0004.png""]","[{""wavelength"": 500.0, ""concentration"": 4.0, ""path_length"": 5.0, ""absorbance"": 200.0}, {""wavelength"": 450.0, ""concentration"": 4.0, ""path_length"": 5.0, ""absorbance"": 180.0}, {""wavelength"": 450.0, ""concentration"": 4.0, ""path_length"": 4.0, ""absorbance"": 144.0}, {""wavelength"": 450.0, ""concentration"": 5.0, ""path_length"": 4.0, ""absorbance"": 180.0}, {""wavelength"": 450.0, ""concentration"": 4.0, ""path_length"": 4.0, ""absorbance"": 144.0}]"
seq_0017__max_target_step__scatter,seq_0017,max_target_step,max_step,scatter,scatter,At which step is absorbance the highest?,0,step,3,False,,"```json
{
    ""answer"": 3
}
```","[""/results/yao314652/home/project/outputs/visual_benchmark/qwen25vl_3b_all_modalities_rerun/images/seq_0017__max_target_step__scatter/scatter/seq_0017__max_target_step__scatter_step_0000.png"", ""/results/yao314652/home/project/outputs/visual_benchmark/qwen25vl_3b_all_modalities_rerun/images/seq_0017__max_target_step__scatter/scatter/seq_0017__max_target_step__scatter_step_0001.png"", ""/results/yao314652/home/project/outputs/visual_benchmark/qwen25vl_3b_all_modalities_rerun/images/seq_0017__max_target_step__scatter/scatter/seq_0017__max_target_step__scatter_step_0002.png"", ""/results/yao314652/home/project/outputs/visual_benchmark/qwen25vl_3b_all_modalities_rerun/images/seq_0017__max_target_step__scatter/scatter/seq_0017__max_target_step__scatter_step_0003.png"", ""/results/yao314652/home/project/outputs/visual_benchmark/qwen25vl_3b_all_modalities_rerun/images/seq_0017__max_target_step__scatter/scatter/seq_0017__max_target_step__scatter_step_0004.png""]","[{""wavelength"": 500.0, ""concentration"": 4.0, ""path_length"": 5.0, ""absorbance"": 200.0}, {""wavelength"": 450.0, ""concentration"": 4.0, ""path_length"": 5.0, ""absorbance"": 180.0}, {""wavelength"": 450.0, ""concentration"": 4.0, ""path_length"": 4.0, ""absorbance"": 144.0}, {""wavelength"": 450.0, ""concentration"": 5.0, ""path_length"": 4.0, ""absorbance"": 180.0}, {""wavelength"": 450.0, ""concentration"": 4.0, ""path_length"": 4.0, ""absorbance"": 144.0}]"
seq_0017__max_target_step__simulation,seq_0017,max_target_step,max_step,simulation,simulation,At which step is absorbance the highest?,0,step,2,False,,"```json
{
    ""answer"": 2
}
```","[""/results/yao314652/home/project/outputs/visual_benchmark/qwen25vl_3b_all_modalities_rerun/images/seq_0017__max_target_step__simulation/simulation/step_0000.png"", ""/results/yao314652/home/project/outputs/visual_benchmark/qwen25vl_3b_all_modalities_rerun/images/seq_0017__max_target_step__simulation/simulation/step_0001.png"", ""/results/yao314652/home/project/outputs/visual_benchmark/qwen25vl_3b_all_modalities_rerun/images/seq_0017__max_target_step__simulation/simulation/step_0002.png"", ""/results/yao314652/home/project/outputs/visual_benchmark/qwen25vl_3b_all_modalities_rerun/images/seq_0017__max_target_step__simulation/simulation/step_0003.png"", ""/results/yao314652/home/project/outputs/visual_benchmark/qwen25vl_3b_all_modalities_rerun/images/seq_0017__max_target_step__simulation/simulation/step_0004.png""]","[{""wavelength"": 500.0, ""concentration"": 4.0, ""path_length"": 5.0, ""absorbance"": 200.0}, {""wavelength"": 450.0, ""concentration"": 4.0, ""path_length"": 5.0, ""absorbance"": 180.0}, {""wavelength"": 450.0, ""concentration"": 4.0, ""path_length"": 4.0, ""absorbance"": 144.0}, {""wavelength"": 450.0, ""concentration"": 5.0, ""path_length"": 4.0, ""absorbance"": 180.0}, {""wavelength"": 450.0, ""concentration"": 4.0, ""path_length"": 4.0, ""absorbance"": 144.0}]"
seq_0017__largest_target_drop_step__text,seq_0017,largest_target_drop_step,largest_drop_step,text,none,"At which step does absorbance show the largest drop compared with the previous step? If it never drops, answer none.",2,step_or_none,none,False,,"```json
{
  ""answer"": ""none""
}
```",[],"[{""wavelength"": 500.0, ""concentration"": 4.0, ""path_length"": 5.0, ""absorbance"": 200.0}, {""wavelength"": 450.0, ""concentration"": 4.0, ""path_length"": 5.0, ""absorbance"": 180.0}, {""wavelength"": 450.0, ""concentration"": 4.0, ""path_length"": 4.0, ""absorbance"": 144.0}, {""wavelength"": 450.0, ""concentration"": 5.0, ""path_length"": 4.0, ""absorbance"": 180.0}, {""wavelength"": 450.0, ""concentration"": 4.0, ""path_length"": 4.0, ""absorbance"": 144.0}]"
seq_0017__largest_target_drop_step__bar,seq_0017,largest_target_drop_step,largest_drop_step,bar,bar,"At which step does absorbance show the largest drop compared with the previous step? If it never drops, answer none.",2,step_or_none,2,True,,"```json
{
    ""answer"": ""2""
}
```","[""/results/yao314652/home/project/outputs/visual_benchmark/qwen25vl_3b_all_modalities_rerun/images/seq_0017__largest_target_drop_step__bar/bar/step_0000.png"", ""/results/yao314652/home/project/outputs/visual_benchmark/qwen25vl_3b_all_modalities_rerun/images/seq_0017__largest_target_drop_step__bar/bar/step_0001.png"", ""/results/yao314652/home/project/outputs/visual_benchmark/qwen25vl_3b_all_modalities_rerun/images/seq_0017__largest_target_drop_step__bar/bar/step_0002.png"", ""/results/yao314652/home/project/outputs/visual_benchmark/qwen25vl_3b_all_modalities_rerun/images/seq_0017__largest_target_drop_step__bar/bar/step_0003.png"", ""/results/yao314652/home/project/outputs/visual_benchmark/qwen25vl_3b_all_modalities_rerun/images/seq_0017__largest_target_drop_step__bar/bar/step_0004.png""]","[{""wavelength"": 500.0, ""concentration"": 4.0, ""path_length"": 5.0, ""absorbance"": 200.0}, {""wavelength"": 450.0, ""concentration"": 4.0, ""path_length"": 5.0, ""absorbance"": 180.0}, {""wavelength"": 450.0, ""concentration"": 4.0, ""path_length"": 4.0, ""absorbance"": 144.0}, {""wavelength"": 450.0, ""concentration"": 5.0, ""path_length"": 4.0, ""absorbance"": 180.0}, {""wavelength"": 450.0, ""concentration"": 4.0, ""path_length"": 4.0, ""absorbance"": 144.0}]"
seq_0017__largest_target_drop_step__line,seq_0017,largest_target_drop_step,largest_drop_step,line,line,"At which step does absorbance show the largest drop compared with the previous step? If it never drops, answer none.",2,step_or_none,4,False,,"```json
{
  ""answer"": ""4""
}
```","[""/results/yao314652/home/project/outputs/visual_benchmark/qwen25vl_3b_all_modalities_rerun/images/seq_0017__largest_target_drop_step__line/line/seq_0017__largest_target_drop_step__line_step_0000.png"", ""/results/yao314652/home/project/outputs/visual_benchmark/qwen25vl_3b_all_modalities_rerun/images/seq_0017__largest_target_drop_step__line/line/seq_0017__largest_target_drop_step__line_step_0001.png"", ""/results/yao314652/home/project/outputs/visual_benchmark/qwen25vl_3b_all_modalities_rerun/images/seq_0017__largest_target_drop_step__line/line/seq_0017__largest_target_drop_step__line_step_0002.png"", ""/results/yao314652/home/project/outputs/visual_benchmark/qwen25vl_3b_all_modalities_rerun/images/seq_0017__largest_target_drop_step__line/line/seq_0017__largest_target_drop_step__line_step_0003.png"", ""/results/yao314652/home/project/outputs/visual_benchmark/qwen25vl_3b_all_modalities_rerun/images/seq_0017__largest_target_drop_step__line/line/seq_0017__largest_target_drop_step__line_step_0004.png""]","[{""wavelength"": 500.0, ""concentration"": 4.0, ""path_length"": 5.0, ""absorbance"": 200.0}, {""wavelength"": 450.0, ""concentration"": 4.0, ""path_length"": 5.0, ""absorbance"": 180.0}, {""wavelength"": 450.0, ""concentration"": 4.0, ""path_length"": 4.0, ""absorbance"": 144.0}, {""wavelength"": 450.0, ""concentration"": 5.0, ""path_length"": 4.0, ""absorbance"": 180.0}, {""wavelength"": 450.0, ""concentration"": 4.0, ""path_length"": 4.0, ""absorbance"": 144.0}]"
seq_0017__largest_target_drop_step__scatter,seq_0017,largest_target_drop_step,largest_drop_step,scatter,scatter,"At which step does absorbance show the largest drop compared with the previous step? If it never drops, answer none.",2,step_or_none,3,False,,"```json
{
  ""answer"": ""3""
}
```","[""/results/yao314652/home/project/outputs/visual_benchmark/qwen25vl_3b_all_modalities_rerun/images/seq_0017__largest_target_drop_step__scatter/scatter/seq_0017__largest_target_drop_step__scatter_step_0000.png"", ""/results/yao314652/home/project/outputs/visual_benchmark/qwen25vl_3b_all_modalities_rerun/images/seq_0017__largest_target_drop_step__scatter/scatter/seq_0017__largest_target_drop_step__scatter_step_0001.png"", ""/results/yao314652/home/project/outputs/visual_benchmark/qwen25vl_3b_all_modalities_rerun/images/seq_0017__largest_target_drop_step__scatter/scatter/seq_0017__largest_target_drop_step__scatter_step_0002.png"", ""/results/yao314652/home/project/outputs/visual_benchmark/qwen25vl_3b_all_modalities_rerun/images/seq_0017__largest_target_drop_step__scatter/scatter/seq_0017__largest_target_drop_step__scatter_step_0003.png"", ""/results/yao314652/home/project/outputs/visual_benchmark/qwen25vl_3b_all_modalities_rerun/images/seq_0017__largest_target_drop_step__scatter/scatter/seq_0017__largest_target_drop_step__scatter_step_0004.png""]","[{""wavelength"": 500.0, ""concentration"": 4.0, ""path_length"": 5.0, ""absorbance"": 200.0}, {""wavelength"": 450.0, ""concentration"": 4.0, ""path_length"": 5.0, ""absorbance"": 180.0}, {""wavelength"": 450.0, ""concentration"": 4.0, ""path_length"": 4.0, ""absorbance"": 144.0}, {""wavelength"": 450.0, ""concentration"": 5.0, ""path_length"": 4.0, ""absorbance"": 180.0}, {""wavelength"": 450.0, ""concentration"": 4.0, ""path_length"": 4.0, ""absorbance"": 144.0}]"
seq_0017__largest_target_drop_step__simulation,seq_0017,largest_target_drop_step,largest_drop_step,simulation,simulation,"At which step does absorbance show the largest drop compared with the previous step? If it never drops, answer none.",2,step_or_none,2,True,,"{""answer"": ""2""}","[""/results/yao314652/home/project/outputs/visual_benchmark/qwen25vl_3b_all_modalities_rerun/images/seq_0017__largest_target_drop_step__simulation/simulation/step_0000.png"", ""/results/yao314652/home/project/outputs/visual_benchmark/qwen25vl_3b_all_modalities_rerun/images/seq_0017__largest_target_drop_step__simulation/simulation/step_0001.png"", ""/results/yao314652/home/project/outputs/visual_benchmark/qwen25vl_3b_all_modalities_rerun/images/seq_0017__largest_target_drop_step__simulation/simulation/step_0002.png"", ""/results/yao314652/home/project/outputs/visual_benchmark/qwen25vl_3b_all_modalities_rerun/images/seq_0017__largest_target_drop_step__simulation/simulation/step_0003.png"", ""/results/yao314652/home/project/outputs/visual_benchmark/qwen25vl_3b_all_modalities_rerun/images/seq_0017__largest_target_drop_step__simulation/simulation/step_0004.png""]","[{""wavelength"": 500.0, ""concentration"": 4.0, ""path_length"": 5.0, ""absorbance"": 200.0}, {""wavelength"": 450.0, ""concentration"": 4.0, ""path_length"": 5.0, ""absorbance"": 180.0}, {""wavelength"": 450.0, ""concentration"": 4.0, ""path_length"": 4.0, ""absorbance"": 144.0}, {""wavelength"": 450.0, ""concentration"": 5.0, ""path_length"": 4.0, ""absorbance"": 180.0}, {""wavelength"": 450.0, ""concentration"": 4.0, ""path_length"": 4.0, ""absorbance"": 144.0}]"
seq_0018__read_last_target__text,seq_0018,read_last_target,value_at_step,text,none,What is the value of absorbance at step 4?,24.0,number,24,True,0.0,"```json
{""answer"": 24}
```",[],"[{""wavelength"": 600.0, ""concentration"": 5.0, ""path_length"": 2.0, ""absorbance"": 120.0}, {""wavelength"": 600.0, ""concentration"": 4.0, ""path_length"": 2.0, ""absorbance"": 96.0}, {""wavelength"": 600.0, ""concentration"": 3.0, ""path_length"": 2.0, ""absorbance"": 72.0}, {""wavelength"": 600.0, ""concentration"": 3.0, ""path_length"": 1.0, ""absorbance"": 36.0}, {""wavelength"": 600.0, ""concentration"": 2.0, ""path_length"": 1.0, ""absorbance"": 24.0}]"
seq_0018__read_last_target__bar,seq_0018,read_last_target,value_at_step,bar,bar,What is the value of absorbance at step 4?,24.0,number,0.2,False,23.8,"```json
{
    ""answer"": 0.2
}
```","[""/results/yao314652/home/project/outputs/visual_benchmark/qwen25vl_3b_all_modalities_rerun/images/seq_0018__read_last_target__bar/bar/step_0000.png"", ""/results/yao314652/home/project/outputs/visual_benchmark/qwen25vl_3b_all_modalities_rerun/images/seq_0018__read_last_target__bar/bar/step_0001.png"", ""/results/yao314652/home/project/outputs/visual_benchmark/qwen25vl_3b_all_modalities_rerun/images/seq_0018__read_last_target__bar/bar/step_0002.png"", ""/results/yao314652/home/project/outputs/visual_benchmark/qwen25vl_3b_all_modalities_rerun/images/seq_0018__read_last_target__bar/bar/step_0003.png"", ""/results/yao314652/home/project/outputs/visual_benchmark/qwen25vl_3b_all_modalities_rerun/images/seq_0018__read_last_target__bar/bar/step_0004.png""]","[{""wavelength"": 600.0, ""concentration"": 5.0, ""path_length"": 2.0, ""absorbance"": 120.0}, {""wavelength"": 600.0, ""concentration"": 4.0, ""path_length"": 2.0, ""absorbance"": 96.0}, {""wavelength"": 600.0, ""concentration"": 3.0, ""path_length"": 2.0, ""absorbance"": 72.0}, {""wavelength"": 600.0, ""concentration"": 3.0, ""path_length"": 1.0, ""absorbance"": 36.0}, {""wavelength"": 600.0, ""concentration"": 2.0, ""path_length"": 1.0, ""absorbance"": 24.0}]"
seq_0018__read_last_target__line,seq_0018,read_last_target,value_at_step,line,line,What is the value of absorbance at step 4?,24.0,number,0.89,False,23.11,"```json
{
    ""answer"": 0.89
}
```","[""/results/yao314652/home/project/outputs/visual_benchmark/qwen25vl_3b_all_modalities_rerun/images/seq_0018__read_last_target__line/line/seq_0018__read_last_target__line_step_0000.png"", ""/results/yao314652/home/project/outputs/visual_benchmark/qwen25vl_3b_all_modalities_rerun/images/seq_0018__read_last_target__line/line/seq_0018__read_last_target__line_step_0001.png"", ""/results/yao314652/home/project/outputs/visual_benchmark/qwen25vl_3b_all_modalities_rerun/images/seq_0018__read_last_target__line/line/seq_0018__read_last_target__line_step_0002.png"", ""/results/yao314652/home/project/outputs/visual_benchmark/qwen25vl_3b_all_modalities_rerun/images/seq_0018__read_last_target__line/line/seq_0018__read_last_target__line_step_0003.png"", ""/results/yao314652/home/project/outputs/visual_benchmark/qwen25vl_3b_all_modalities_rerun/images/seq_0018__read_last_target__line/line/seq_0018__read_last_target__line_step_0004.png""]","[{""wavelength"": 600.0, ""concentration"": 5.0, ""path_length"": 2.0, ""absorbance"": 120.0}, {""wavelength"": 600.0, ""concentration"": 4.0, ""path_length"": 2.0, ""absorbance"": 96.0}, {""wavelength"": 600.0, ""concentration"": 3.0, ""path_length"": 2.0, ""absorbance"": 72.0}, {""wavelength"": 600.0, ""concentration"": 3.0, ""path_length"": 1.0, ""absorbance"": 36.0}, {""wavelength"": 600.0, ""concentration"": 2.0, ""path_length"": 1.0, ""absorbance"": 24.0}]"
seq_0018__read_last_target__scatter,seq_0018,read_last_target,value_at_step,scatter,scatter,What is the value of absorbance at step 4?,24.0,number,0.75,False,23.25,"```json
{
  ""answer"": 0.75
}
```","[""/results/yao314652/home/project/outputs/visual_benchmark/qwen25vl_3b_all_modalities_rerun/images/seq_0018__read_last_target__scatter/scatter/seq_0018__read_last_target__scatter_step_0000.png"", ""/results/yao314652/home/project/outputs/visual_benchmark/qwen25vl_3b_all_modalities_rerun/images/seq_0018__read_last_target__scatter/scatter/seq_0018__read_last_target__scatter_step_0001.png"", ""/results/yao314652/home/project/outputs/visual_benchmark/qwen25vl_3b_all_modalities_rerun/images/seq_0018__read_last_target__scatter/scatter/seq_0018__read_last_target__scatter_step_0002.png"", ""/results/yao314652/home/project/outputs/visual_benchmark/qwen25vl_3b_all_modalities_rerun/images/seq_0018__read_last_target__scatter/scatter/seq_0018__read_last_target__scatter_step_0003.png"", ""/results/yao314652/home/project/outputs/visual_benchmark/qwen25vl_3b_all_modalities_rerun/images/seq_0018__read_last_target__scatter/scatter/seq_0018__read_last_target__scatter_step_0004.png""]","[{""wavelength"": 600.0, ""concentration"": 5.0, ""path_length"": 2.0, ""absorbance"": 120.0}, {""wavelength"": 600.0, ""concentration"": 4.0, ""path_length"": 2.0, ""absorbance"": 96.0}, {""wavelength"": 600.0, ""concentration"": 3.0, ""path_length"": 2.0, ""absorbance"": 72.0}, {""wavelength"": 600.0, ""concentration"": 3.0, ""path_length"": 1.0, ""absorbance"": 36.0}, {""wavelength"": 600.0, ""concentration"": 2.0, ""path_length"": 1.0, ""absorbance"": 24.0}]"
seq_0018__read_last_target__simulation,seq_0018,read_last_target,value_at_step,simulation,simulation,What is the value of absorbance at step 4?,24.0,number,0.2,False,23.8,"```json
{
    ""answer"": 0.2
}
```","[""/results/yao314652/home/project/outputs/visual_benchmark/qwen25vl_3b_all_modalities_rerun/images/seq_0018__read_last_target__simulation/simulation/step_0000.png"", ""/results/yao314652/home/project/outputs/visual_benchmark/qwen25vl_3b_all_modalities_rerun/images/seq_0018__read_last_target__simulation/simulation/step_0001.png"", ""/results/yao314652/home/project/outputs/visual_benchmark/qwen25vl_3b_all_modalities_rerun/images/seq_0018__read_last_target__simulation/simulation/step_0002.png"", ""/results/yao314652/home/project/outputs/visual_benchmark/qwen25vl_3b_all_modalities_rerun/images/seq_0018__read_last_target__simulation/simulation/step_0003.png"", ""/results/yao314652/home/project/outputs/visual_benchmark/qwen25vl_3b_all_modalities_rerun/images/seq_0018__read_last_target__simulation/simulation/step_0004.png""]","[{""wavelength"": 600.0, ""concentration"": 5.0, ""path_length"": 2.0, ""absorbance"": 120.0}, {""wavelength"": 600.0, ""concentration"": 4.0, ""path_length"": 2.0, ""absorbance"": 96.0}, {""wavelength"": 600.0, ""concentration"": 3.0, ""path_length"": 2.0, ""absorbance"": 72.0}, {""wavelength"": 600.0, ""concentration"": 3.0, ""path_length"": 1.0, ""absorbance"": 36.0}, {""wavelength"": 600.0, ""concentration"": 2.0, ""path_length"": 1.0, ""absorbance"": 24.0}]"
seq_0018__target_change_amount__text,seq_0018,target_change_amount,change_amount,text,none,By how much does absorbance change from step 0 to step 4?,-96.0,number,96,False,192.0,"```json
{
  ""answer"": 96
}
```",[],"[{""wavelength"": 600.0, ""concentration"": 5.0, ""path_length"": 2.0, ""absorbance"": 120.0}, {""wavelength"": 600.0, ""concentration"": 4.0, ""path_length"": 2.0, ""absorbance"": 96.0}, {""wavelength"": 600.0, ""concentration"": 3.0, ""path_length"": 2.0, ""absorbance"": 72.0}, {""wavelength"": 600.0, ""concentration"": 3.0, ""path_length"": 1.0, ""absorbance"": 36.0}, {""wavelength"": 600.0, ""concentration"": 2.0, ""path_length"": 1.0, ""absorbance"": 24.0}]"
seq_0018__target_change_amount__bar,seq_0018,target_change_amount,change_amount,bar,bar,By how much does absorbance change from step 0 to step 4?,-96.0,number,-2.0896,False,93.9104,"```json
{
    ""answer"": -2.0896
}
```","[""/results/yao314652/home/project/outputs/visual_benchmark/qwen25vl_3b_all_modalities_rerun/images/seq_0018__target_change_amount__bar/bar/step_0000.png"", ""/results/yao314652/home/project/outputs/visual_benchmark/qwen25vl_3b_all_modalities_rerun/images/seq_0018__target_change_amount__bar/bar/step_0001.png"", ""/results/yao314652/home/project/outputs/visual_benchmark/qwen25vl_3b_all_modalities_rerun/images/seq_0018__target_change_amount__bar/bar/step_0002.png"", ""/results/yao314652/home/project/outputs/visual_benchmark/qwen25vl_3b_all_modalities_rerun/images/seq_0018__target_change_amount__bar/bar/step_0003.png"", ""/results/yao314652/home/project/outputs/visual_benchmark/qwen25vl_3b_all_modalities_rerun/images/seq_0018__target_change_amount__bar/bar/step_0004.png""]","[{""wavelength"": 600.0, ""concentration"": 5.0, ""path_length"": 2.0, ""absorbance"": 120.0}, {""wavelength"": 600.0, ""concentration"": 4.0, ""path_length"": 2.0, ""absorbance"": 96.0}, {""wavelength"": 600.0, ""concentration"": 3.0, ""path_length"": 2.0, ""absorbance"": 72.0}, {""wavelength"": 600.0, ""concentration"": 3.0, ""path_length"": 1.0, ""absorbance"": 36.0}, {""wavelength"": 600.0, ""concentration"": 2.0, ""path_length"": 1.0, ""absorbance"": 24.0}]"
seq_0018__target_change_amount__line,seq_0018,target_change_amount,change_amount,line,line,By how much does absorbance change from step 0 to step 4?,-96.0,number,-0.0287,False,95.9713,"```json
{
  ""answer"": -0.0287
}
```","[""/results/yao314652/home/project/outputs/visual_benchmark/qwen25vl_3b_all_modalities_rerun/images/seq_0018__target_change_amount__line/line/seq_0018__target_change_amount__line_step_0000.png"", ""/results/yao314652/home/project/outputs/visual_benchmark/qwen25vl_3b_all_modalities_rerun/images/seq_0018__target_change_amount__line/line/seq_0018__target_change_amount__line_step_0001.png"", ""/results/yao314652/home/project/outputs/visual_benchmark/qwen25vl_3b_all_modalities_rerun/images/seq_0018__target_change_amount__line/line/seq_0018__target_change_amount__line_step_0002.png"", ""/results/yao314652/home/project/outputs/visual_benchmark/qwen25vl_3b_all_modalities_rerun/images/seq_0018__target_change_amount__line/line/seq_0018__target_change_amount__line_step_0003.png"", ""/results/yao314652/home/project/outputs/visual_benchmark/qwen25vl_3b_all_modalities_rerun/images/seq_0018__target_change_amount__line/line/seq_0018__target_change_amount__line_step_0004.png""]","[{""wavelength"": 600.0, ""concentration"": 5.0, ""path_length"": 2.0, ""absorbance"": 120.0}, {""wavelength"": 600.0, ""concentration"": 4.0, ""path_length"": 2.0, ""absorbance"": 96.0}, {""wavelength"": 600.0, ""concentration"": 3.0, ""path_length"": 2.0, ""absorbance"": 72.0}, {""wavelength"": 600.0, ""concentration"": 3.0, ""path_length"": 1.0, ""absorbance"": 36.0}, {""wavelength"": 600.0, ""concentration"": 2.0, ""path_length"": 1.0, ""absorbance"": 24.0}]"
seq_0018__target_change_amount__scatter,seq_0018,target_change_amount,change_amount,scatter,scatter,By how much does absorbance change from step 0 to step 4?,-96.0,number,-0.1,False,95.9,"```json
{
  ""answer"": -0.1
}
```","[""/results/yao314652/home/project/outputs/visual_benchmark/qwen25vl_3b_all_modalities_rerun/images/seq_0018__target_change_amount__scatter/scatter/seq_0018__target_change_amount__scatter_step_0000.png"", ""/results/yao314652/home/project/outputs/visual_benchmark/qwen25vl_3b_all_modalities_rerun/images/seq_0018__target_change_amount__scatter/scatter/seq_0018__target_change_amount__scatter_step_0001.png"", ""/results/yao314652/home/project/outputs/visual_benchmark/qwen25vl_3b_all_modalities_rerun/images/seq_0018__target_change_amount__scatter/scatter/seq_0018__target_change_amount__scatter_step_0002.png"", ""/results/yao314652/home/project/outputs/visual_benchmark/qwen25vl_3b_all_modalities_rerun/images/seq_0018__target_change_amount__scatter/scatter/seq_0018__target_change_amount__scatter_step_0003.png"", ""/results/yao314652/home/project/outputs/visual_benchmark/qwen25vl_3b_all_modalities_rerun/images/seq_0018__target_change_amount__scatter/scatter/seq_0018__target_change_amount__scatter_step_0004.png""]","[{""wavelength"": 600.0, ""concentration"": 5.0, ""path_length"": 2.0, ""absorbance"": 120.0}, {""wavelength"": 600.0, ""concentration"": 4.0, ""path_length"": 2.0, ""absorbance"": 96.0}, {""wavelength"": 600.0, ""concentration"": 3.0, ""path_length"": 2.0, ""absorbance"": 72.0}, {""wavelength"": 600.0, ""concentration"": 3.0, ""path_length"": 1.0, ""absorbance"": 36.0}, {""wavelength"": 600.0, ""concentration"": 2.0, ""path_length"": 1.0, ""absorbance"": 24.0}]"
seq_0018__target_change_amount__simulation,seq_0018,target_change_amount,change_amount,simulation,simulation,By how much does absorbance change from step 0 to step 4?,-96.0,number,13.28,False,109.28,"```json
{
  ""answer"": 13.28
}
```","[""/results/yao314652/home/project/outputs/visual_benchmark/qwen25vl_3b_all_modalities_rerun/images/seq_0018__target_change_amount__simulation/simulation/step_0000.png"", ""/results/yao314652/home/project/outputs/visual_benchmark/qwen25vl_3b_all_modalities_rerun/images/seq_0018__target_change_amount__simulation/simulation/step_0001.png"", ""/results/yao314652/home/project/outputs/visual_benchmark/qwen25vl_3b_all_modalities_rerun/images/seq_0018__target_change_amount__simulation/simulation/step_0002.png"", ""/results/yao314652/home/project/outputs/visual_benchmark/qwen25vl_3b_all_modalities_rerun/images/seq_0018__target_change_amount__simulation/simulation/step_0003.png"", ""/results/yao314652/home/project/outputs/visual_benchmark/qwen25vl_3b_all_modalities_rerun/images/seq_0018__target_change_amount__simulation/simulation/step_0004.png""]","[{""wavelength"": 600.0, ""concentration"": 5.0, ""path_length"": 2.0, ""absorbance"": 120.0}, {""wavelength"": 600.0, ""concentration"": 4.0, ""path_length"": 2.0, ""absorbance"": 96.0}, {""wavelength"": 600.0, ""concentration"": 3.0, ""path_length"": 2.0, ""absorbance"": 72.0}, {""wavelength"": 600.0, ""concentration"": 3.0, ""path_length"": 1.0, ""absorbance"": 36.0}, {""wavelength"": 600.0, ""concentration"": 2.0, ""path_length"": 1.0, ""absorbance"": 24.0}]"
seq_0018__target_change_direction__text,seq_0018,target_change_direction,change_direction,text,none,"Does absorbance increase, decrease, or stay the same from step 0 to step 4?",decrease,category,decrease,True,,"```json
{""answer"": ""decrease""}
```",[],"[{""wavelength"": 600.0, ""concentration"": 5.0, ""path_length"": 2.0, ""absorbance"": 120.0}, {""wavelength"": 600.0, ""concentration"": 4.0, ""path_length"": 2.0, ""absorbance"": 96.0}, {""wavelength"": 600.0, ""concentration"": 3.0, ""path_length"": 2.0, ""absorbance"": 72.0}, {""wavelength"": 600.0, ""concentration"": 3.0, ""path_length"": 1.0, ""absorbance"": 36.0}, {""wavelength"": 600.0, ""concentration"": 2.0, ""path_length"": 1.0, ""absorbance"": 24.0}]"
seq_0018__target_change_direction__bar,seq_0018,target_change_direction,change_direction,bar,bar,"Does absorbance increase, decrease, or stay the same from step 0 to step 4?",decrease,category,decrease,True,,"{""answer"": ""decrease""}","[""/results/yao314652/home/project/outputs/visual_benchmark/qwen25vl_3b_all_modalities_rerun/images/seq_0018__target_change_direction__bar/bar/step_0000.png"", ""/results/yao314652/home/project/outputs/visual_benchmark/qwen25vl_3b_all_modalities_rerun/images/seq_0018__target_change_direction__bar/bar/step_0001.png"", ""/results/yao314652/home/project/outputs/visual_benchmark/qwen25vl_3b_all_modalities_rerun/images/seq_0018__target_change_direction__bar/bar/step_0002.png"", ""/results/yao314652/home/project/outputs/visual_benchmark/qwen25vl_3b_all_modalities_rerun/images/seq_0018__target_change_direction__bar/bar/step_0003.png"", ""/results/yao314652/home/project/outputs/visual_benchmark/qwen25vl_3b_all_modalities_rerun/images/seq_0018__target_change_direction__bar/bar/step_0004.png""]","[{""wavelength"": 600.0, ""concentration"": 5.0, ""path_length"": 2.0, ""absorbance"": 120.0}, {""wavelength"": 600.0, ""concentration"": 4.0, ""path_length"": 2.0, ""absorbance"": 96.0}, {""wavelength"": 600.0, ""concentration"": 3.0, ""path_length"": 2.0, ""absorbance"": 72.0}, {""wavelength"": 600.0, ""concentration"": 3.0, ""path_length"": 1.0, ""absorbance"": 36.0}, {""wavelength"": 600.0, ""concentration"": 2.0, ""path_length"": 1.0, ""absorbance"": 24.0}]"
seq_0018__target_change_direction__line,seq_0018,target_change_direction,change_direction,line,line,"Does absorbance increase, decrease, or stay the same from step 0 to step 4?",decrease,category,decrease,True,,"{""answer"": ""decrease""}","[""/results/yao314652/home/project/outputs/visual_benchmark/qwen25vl_3b_all_modalities_rerun/images/seq_0018__target_change_direction__line/line/seq_0018__target_change_direction__line_step_0000.png"", ""/results/yao314652/home/project/outputs/visual_benchmark/qwen25vl_3b_all_modalities_rerun/images/seq_0018__target_change_direction__line/line/seq_0018__target_change_direction__line_step_0001.png"", ""/results/yao314652/home/project/outputs/visual_benchmark/qwen25vl_3b_all_modalities_rerun/images/seq_0018__target_change_direction__line/line/seq_0018__target_change_direction__line_step_0002.png"", ""/results/yao314652/home/project/outputs/visual_benchmark/qwen25vl_3b_all_modalities_rerun/images/seq_0018__target_change_direction__line/line/seq_0018__target_change_direction__line_step_0003.png"", ""/results/yao314652/home/project/outputs/visual_benchmark/qwen25vl_3b_all_modalities_rerun/images/seq_0018__target_change_direction__line/line/seq_0018__target_change_direction__line_step_0004.png""]","[{""wavelength"": 600.0, ""concentration"": 5.0, ""path_length"": 2.0, ""absorbance"": 120.0}, {""wavelength"": 600.0, ""concentration"": 4.0, ""path_length"": 2.0, ""absorbance"": 96.0}, {""wavelength"": 600.0, ""concentration"": 3.0, ""path_length"": 2.0, ""absorbance"": 72.0}, {""wavelength"": 600.0, ""concentration"": 3.0, ""path_length"": 1.0, ""absorbance"": 36.0}, {""wavelength"": 600.0, ""concentration"": 2.0, ""path_length"": 1.0, ""absorbance"": 24.0}]"
seq_0018__target_change_direction__scatter,seq_0018,target_change_direction,change_direction,scatter,scatter,"Does absorbance increase, decrease, or stay the same from step 0 to step 4?",decrease,category,decrease,True,,"```json
{
  ""answer"": ""decrease""
}
```","[""/results/yao314652/home/project/outputs/visual_benchmark/qwen25vl_3b_all_modalities_rerun/images/seq_0018__target_change_direction__scatter/scatter/seq_0018__target_change_direction__scatter_step_0000.png"", ""/results/yao314652/home/project/outputs/visual_benchmark/qwen25vl_3b_all_modalities_rerun/images/seq_0018__target_change_direction__scatter/scatter/seq_0018__target_change_direction__scatter_step_0001.png"", ""/results/yao314652/home/project/outputs/visual_benchmark/qwen25vl_3b_all_modalities_rerun/images/seq_0018__target_change_direction__scatter/scatter/seq_0018__target_change_direction__scatter_step_0002.png"", ""/results/yao314652/home/project/outputs/visual_benchmark/qwen25vl_3b_all_modalities_rerun/images/seq_0018__target_change_direction__scatter/scatter/seq_0018__target_change_direction__scatter_step_0003.png"", ""/results/yao314652/home/project/outputs/visual_benchmark/qwen25vl_3b_all_modalities_rerun/images/seq_0018__target_change_direction__scatter/scatter/seq_0018__target_change_direction__scatter_step_0004.png""]","[{""wavelength"": 600.0, ""concentration"": 5.0, ""path_length"": 2.0, ""absorbance"": 120.0}, {""wavelength"": 600.0, ""concentration"": 4.0, ""path_length"": 2.0, ""absorbance"": 96.0}, {""wavelength"": 600.0, ""concentration"": 3.0, ""path_length"": 2.0, ""absorbance"": 72.0}, {""wavelength"": 600.0, ""concentration"": 3.0, ""path_length"": 1.0, ""absorbance"": 36.0}, {""wavelength"": 600.0, ""concentration"": 2.0, ""path_length"": 1.0, ""absorbance"": 24.0}]"
seq_0018__target_change_direction__simulation,seq_0018,target_change_direction,change_direction,simulation,simulation,"Does absorbance increase, decrease, or stay the same from step 0 to step 4?",decrease,category,decrease,True,,"{""answer"": ""decrease""}","[""/results/yao314652/home/project/outputs/visual_benchmark/qwen25vl_3b_all_modalities_rerun/images/seq_0018__target_change_direction__simulation/simulation/step_0000.png"", ""/results/yao314652/home/project/outputs/visual_benchmark/qwen25vl_3b_all_modalities_rerun/images/seq_0018__target_change_direction__simulation/simulation/step_0001.png"", ""/results/yao314652/home/project/outputs/visual_benchmark/qwen25vl_3b_all_modalities_rerun/images/seq_0018__target_change_direction__simulation/simulation/step_0002.png"", ""/results/yao314652/home/project/outputs/visual_benchmark/qwen25vl_3b_all_modalities_rerun/images/seq_0018__target_change_direction__simulation/simulation/step_0003.png"", ""/results/yao314652/home/project/outputs/visual_benchmark/qwen25vl_3b_all_modalities_rerun/images/seq_0018__target_change_direction__simulation/simulation/step_0004.png""]","[{""wavelength"": 600.0, ""concentration"": 5.0, ""path_length"": 2.0, ""absorbance"": 120.0}, {""wavelength"": 600.0, ""concentration"": 4.0, ""path_length"": 2.0, ""absorbance"": 96.0}, {""wavelength"": 600.0, ""concentration"": 3.0, ""path_length"": 2.0, ""absorbance"": 72.0}, {""wavelength"": 600.0, ""concentration"": 3.0, ""path_length"": 1.0, ""absorbance"": 36.0}, {""wavelength"": 600.0, ""concentration"": 2.0, ""path_length"": 1.0, ""absorbance"": 24.0}]"
seq_0018__changed_variable_0_to_1__text,seq_0018,changed_variable_0_to_1,changed_variable,text,none,Which input variable changed from step 0 to step 1?,concentration,category,concentration,True,,"{""answer"": ""concentration""}",[],"[{""wavelength"": 600.0, ""concentration"": 5.0, ""path_length"": 2.0, ""absorbance"": 120.0}, {""wavelength"": 600.0, ""concentration"": 4.0, ""path_length"": 2.0, ""absorbance"": 96.0}, {""wavelength"": 600.0, ""concentration"": 3.0, ""path_length"": 2.0, ""absorbance"": 72.0}, {""wavelength"": 600.0, ""concentration"": 3.0, ""path_length"": 1.0, ""absorbance"": 36.0}, {""wavelength"": 600.0, ""concentration"": 2.0, ""path_length"": 1.0, ""absorbance"": 24.0}]"
seq_0018__changed_variable_0_to_1__bar,seq_0018,changed_variable_0_to_1,changed_variable,bar,bar,Which input variable changed from step 0 to step 1?,concentration,category,d,False,,"{""answer"": ""d""}","[""/results/yao314652/home/project/outputs/visual_benchmark/qwen25vl_3b_all_modalities_rerun/images/seq_0018__changed_variable_0_to_1__bar/bar/step_0000.png"", ""/results/yao314652/home/project/outputs/visual_benchmark/qwen25vl_3b_all_modalities_rerun/images/seq_0018__changed_variable_0_to_1__bar/bar/step_0001.png"", ""/results/yao314652/home/project/outputs/visual_benchmark/qwen25vl_3b_all_modalities_rerun/images/seq_0018__changed_variable_0_to_1__bar/bar/step_0002.png"", ""/results/yao314652/home/project/outputs/visual_benchmark/qwen25vl_3b_all_modalities_rerun/images/seq_0018__changed_variable_0_to_1__bar/bar/step_0003.png"", ""/results/yao314652/home/project/outputs/visual_benchmark/qwen25vl_3b_all_modalities_rerun/images/seq_0018__changed_variable_0_to_1__bar/bar/step_0004.png""]","[{""wavelength"": 600.0, ""concentration"": 5.0, ""path_length"": 2.0, ""absorbance"": 120.0}, {""wavelength"": 600.0, ""concentration"": 4.0, ""path_length"": 2.0, ""absorbance"": 96.0}, {""wavelength"": 600.0, ""concentration"": 3.0, ""path_length"": 2.0, ""absorbance"": 72.0}, {""wavelength"": 600.0, ""concentration"": 3.0, ""path_length"": 1.0, ""absorbance"": 36.0}, {""wavelength"": 600.0, ""concentration"": 2.0, ""path_length"": 1.0, ""absorbance"": 24.0}]"
seq_0018__changed_variable_0_to_1__line,seq_0018,changed_variable_0_to_1,changed_variable,line,line,Which input variable changed from step 0 to step 1?,concentration,category,input_variable_2,False,,"{""answer"": ""input_variable_2""}","[""/results/yao314652/home/project/outputs/visual_benchmark/qwen25vl_3b_all_modalities_rerun/images/seq_0018__changed_variable_0_to_1__line/line/seq_0018__changed_variable_0_to_1__line_step_0000.png"", ""/results/yao314652/home/project/outputs/visual_benchmark/qwen25vl_3b_all_modalities_rerun/images/seq_0018__changed_variable_0_to_1__line/line/seq_0018__changed_variable_0_to_1__line_step_0001.png"", ""/results/yao314652/home/project/outputs/visual_benchmark/qwen25vl_3b_all_modalities_rerun/images/seq_0018__changed_variable_0_to_1__line/line/seq_0018__changed_variable_0_to_1__line_step_0002.png"", ""/results/yao314652/home/project/outputs/visual_benchmark/qwen25vl_3b_all_modalities_rerun/images/seq_0018__changed_variable_0_to_1__line/line/seq_0018__changed_variable_0_to_1__line_step_0003.png"", ""/results/yao314652/home/project/outputs/visual_benchmark/qwen25vl_3b_all_modalities_rerun/images/seq_0018__changed_variable_0_to_1__line/line/seq_0018__changed_variable_0_to_1__line_step_0004.png""]","[{""wavelength"": 600.0, ""concentration"": 5.0, ""path_length"": 2.0, ""absorbance"": 120.0}, {""wavelength"": 600.0, ""concentration"": 4.0, ""path_length"": 2.0, ""absorbance"": 96.0}, {""wavelength"": 600.0, ""concentration"": 3.0, ""path_length"": 2.0, ""absorbance"": 72.0}, {""wavelength"": 600.0, ""concentration"": 3.0, ""path_length"": 1.0, ""absorbance"": 36.0}, {""wavelength"": 600.0, ""concentration"": 2.0, ""path_length"": 1.0, ""absorbance"": 24.0}]"
seq_0018__changed_variable_0_to_1__scatter,seq_0018,changed_variable_0_to_1,changed_variable,scatter,scatter,Which input variable changed from step 0 to step 1?,concentration,category,input_variable_2,False,,"{""answer"": ""input_variable_2""}","[""/results/yao314652/home/project/outputs/visual_benchmark/qwen25vl_3b_all_modalities_rerun/images/seq_0018__changed_variable_0_to_1__scatter/scatter/seq_0018__changed_variable_0_to_1__scatter_step_0000.png"", ""/results/yao314652/home/project/outputs/visual_benchmark/qwen25vl_3b_all_modalities_rerun/images/seq_0018__changed_variable_0_to_1__scatter/scatter/seq_0018__changed_variable_0_to_1__scatter_step_0001.png"", ""/results/yao314652/home/project/outputs/visual_benchmark/qwen25vl_3b_all_modalities_rerun/images/seq_0018__changed_variable_0_to_1__scatter/scatter/seq_0018__changed_variable_0_to_1__scatter_step_0002.png"", ""/results/yao314652/home/project/outputs/visual_benchmark/qwen25vl_3b_all_modalities_rerun/images/seq_0018__changed_variable_0_to_1__scatter/scatter/seq_0018__changed_variable_0_to_1__scatter_step_0003.png"", ""/results/yao314652/home/project/outputs/visual_benchmark/qwen25vl_3b_all_modalities_rerun/images/seq_0018__changed_variable_0_to_1__scatter/scatter/seq_0018__changed_variable_0_to_1__scatter_step_0004.png""]","[{""wavelength"": 600.0, ""concentration"": 5.0, ""path_length"": 2.0, ""absorbance"": 120.0}, {""wavelength"": 600.0, ""concentration"": 4.0, ""path_length"": 2.0, ""absorbance"": 96.0}, {""wavelength"": 600.0, ""concentration"": 3.0, ""path_length"": 2.0, ""absorbance"": 72.0}, {""wavelength"": 600.0, ""concentration"": 3.0, ""path_length"": 1.0, ""absorbance"": 36.0}, {""wavelength"": 600.0, ""concentration"": 2.0, ""path_length"": 1.0, ""absorbance"": 24.0}]"
seq_0018__changed_variable_0_to_1__simulation,seq_0018,changed_variable_0_to_1,changed_variable,simulation,simulation,Which input variable changed from step 0 to step 1?,concentration,category,speed,False,,"{""answer"": ""speed""}","[""/results/yao314652/home/project/outputs/visual_benchmark/qwen25vl_3b_all_modalities_rerun/images/seq_0018__changed_variable_0_to_1__simulation/simulation/step_0000.png"", ""/results/yao314652/home/project/outputs/visual_benchmark/qwen25vl_3b_all_modalities_rerun/images/seq_0018__changed_variable_0_to_1__simulation/simulation/step_0001.png"", ""/results/yao314652/home/project/outputs/visual_benchmark/qwen25vl_3b_all_modalities_rerun/images/seq_0018__changed_variable_0_to_1__simulation/simulation/step_0002.png"", ""/results/yao314652/home/project/outputs/visual_benchmark/qwen25vl_3b_all_modalities_rerun/images/seq_0018__changed_variable_0_to_1__simulation/simulation/step_0003.png"", ""/results/yao314652/home/project/outputs/visual_benchmark/qwen25vl_3b_all_modalities_rerun/images/seq_0018__changed_variable_0_to_1__simulation/simulation/step_0004.png""]","[{""wavelength"": 600.0, ""concentration"": 5.0, ""path_length"": 2.0, ""absorbance"": 120.0}, {""wavelength"": 600.0, ""concentration"": 4.0, ""path_length"": 2.0, ""absorbance"": 96.0}, {""wavelength"": 600.0, ""concentration"": 3.0, ""path_length"": 2.0, ""absorbance"": 72.0}, {""wavelength"": 600.0, ""concentration"": 3.0, ""path_length"": 1.0, ""absorbance"": 36.0}, {""wavelength"": 600.0, ""concentration"": 2.0, ""path_length"": 1.0, ""absorbance"": 24.0}]"
seq_0018__max_target_step__text,seq_0018,max_target_step,max_step,text,none,At which step is absorbance the highest?,0,step,0,True,,"```json
{
  ""answer"": 0
}
```",[],"[{""wavelength"": 600.0, ""concentration"": 5.0, ""path_length"": 2.0, ""absorbance"": 120.0}, {""wavelength"": 600.0, ""concentration"": 4.0, ""path_length"": 2.0, ""absorbance"": 96.0}, {""wavelength"": 600.0, ""concentration"": 3.0, ""path_length"": 2.0, ""absorbance"": 72.0}, {""wavelength"": 600.0, ""concentration"": 3.0, ""path_length"": 1.0, ""absorbance"": 36.0}, {""wavelength"": 600.0, ""concentration"": 2.0, ""path_length"": 1.0, ""absorbance"": 24.0}]"
seq_0018__max_target_step__bar,seq_0018,max_target_step,max_step,bar,bar,At which step is absorbance the highest?,0,step,2,False,,"```json
{
    ""answer"": 2
}
```","[""/results/yao314652/home/project/outputs/visual_benchmark/qwen25vl_3b_all_modalities_rerun/images/seq_0018__max_target_step__bar/bar/step_0000.png"", ""/results/yao314652/home/project/outputs/visual_benchmark/qwen25vl_3b_all_modalities_rerun/images/seq_0018__max_target_step__bar/bar/step_0001.png"", ""/results/yao314652/home/project/outputs/visual_benchmark/qwen25vl_3b_all_modalities_rerun/images/seq_0018__max_target_step__bar/bar/step_0002.png"", ""/results/yao314652/home/project/outputs/visual_benchmark/qwen25vl_3b_all_modalities_rerun/images/seq_0018__max_target_step__bar/bar/step_0003.png"", ""/results/yao314652/home/project/outputs/visual_benchmark/qwen25vl_3b_all_modalities_rerun/images/seq_0018__max_target_step__bar/bar/step_0004.png""]","[{""wavelength"": 600.0, ""concentration"": 5.0, ""path_length"": 2.0, ""absorbance"": 120.0}, {""wavelength"": 600.0, ""concentration"": 4.0, ""path_length"": 2.0, ""absorbance"": 96.0}, {""wavelength"": 600.0, ""concentration"": 3.0, ""path_length"": 2.0, ""absorbance"": 72.0}, {""wavelength"": 600.0, ""concentration"": 3.0, ""path_length"": 1.0, ""absorbance"": 36.0}, {""wavelength"": 600.0, ""concentration"": 2.0, ""path_length"": 1.0, ""absorbance"": 24.0}]"
seq_0018__max_target_step__line,seq_0018,max_target_step,max_step,line,line,At which step is absorbance the highest?,0,step,[1],False,,"```json
{
    ""answer"": [1]
}
```","[""/results/yao314652/home/project/outputs/visual_benchmark/qwen25vl_3b_all_modalities_rerun/images/seq_0018__max_target_step__line/line/seq_0018__max_target_step__line_step_0000.png"", ""/results/yao314652/home/project/outputs/visual_benchmark/qwen25vl_3b_all_modalities_rerun/images/seq_0018__max_target_step__line/line/seq_0018__max_target_step__line_step_0001.png"", ""/results/yao314652/home/project/outputs/visual_benchmark/qwen25vl_3b_all_modalities_rerun/images/seq_0018__max_target_step__line/line/seq_0018__max_target_step__line_step_0002.png"", ""/results/yao314652/home/project/outputs/visual_benchmark/qwen25vl_3b_all_modalities_rerun/images/seq_0018__max_target_step__line/line/seq_0018__max_target_step__line_step_0003.png"", ""/results/yao314652/home/project/outputs/visual_benchmark/qwen25vl_3b_all_modalities_rerun/images/seq_0018__max_target_step__line/line/seq_0018__max_target_step__line_step_0004.png""]","[{""wavelength"": 600.0, ""concentration"": 5.0, ""path_length"": 2.0, ""absorbance"": 120.0}, {""wavelength"": 600.0, ""concentration"": 4.0, ""path_length"": 2.0, ""absorbance"": 96.0}, {""wavelength"": 600.0, ""concentration"": 3.0, ""path_length"": 2.0, ""absorbance"": 72.0}, {""wavelength"": 600.0, ""concentration"": 3.0, ""path_length"": 1.0, ""absorbance"": 36.0}, {""wavelength"": 600.0, ""concentration"": 2.0, ""path_length"": 1.0, ""absorbance"": 24.0}]"
seq_0018__max_target_step__scatter,seq_0018,max_target_step,max_step,scatter,scatter,At which step is absorbance the highest?,0,step,0,True,,"```json
{
  ""answer"": 0
}
```","[""/results/yao314652/home/project/outputs/visual_benchmark/qwen25vl_3b_all_modalities_rerun/images/seq_0018__max_target_step__scatter/scatter/seq_0018__max_target_step__scatter_step_0000.png"", ""/results/yao314652/home/project/outputs/visual_benchmark/qwen25vl_3b_all_modalities_rerun/images/seq_0018__max_target_step__scatter/scatter/seq_0018__max_target_step__scatter_step_0001.png"", ""/results/yao314652/home/project/outputs/visual_benchmark/qwen25vl_3b_all_modalities_rerun/images/seq_0018__max_target_step__scatter/scatter/seq_0018__max_target_step__scatter_step_0002.png"", ""/results/yao314652/home/project/outputs/visual_benchmark/qwen25vl_3b_all_modalities_rerun/images/seq_0018__max_target_step__scatter/scatter/seq_0018__max_target_step__scatter_step_0003.png"", ""/results/yao314652/home/project/outputs/visual_benchmark/qwen25vl_3b_all_modalities_rerun/images/seq_0018__max_target_step__scatter/scatter/seq_0018__max_target_step__scatter_step_0004.png""]","[{""wavelength"": 600.0, ""concentration"": 5.0, ""path_length"": 2.0, ""absorbance"": 120.0}, {""wavelength"": 600.0, ""concentration"": 4.0, ""path_length"": 2.0, ""absorbance"": 96.0}, {""wavelength"": 600.0, ""concentration"": 3.0, ""path_length"": 2.0, ""absorbance"": 72.0}, {""wavelength"": 600.0, ""concentration"": 3.0, ""path_length"": 1.0, ""absorbance"": 36.0}, {""wavelength"": 600.0, ""concentration"": 2.0, ""path_length"": 1.0, ""absorbance"": 24.0}]"
seq_0018__max_target_step__simulation,seq_0018,max_target_step,max_step,simulation,simulation,At which step is absorbance the highest?,0,step,1,False,,"```json
{
    ""answer"": 1
}
```","[""/results/yao314652/home/project/outputs/visual_benchmark/qwen25vl_3b_all_modalities_rerun/images/seq_0018__max_target_step__simulation/simulation/step_0000.png"", ""/results/yao314652/home/project/outputs/visual_benchmark/qwen25vl_3b_all_modalities_rerun/images/seq_0018__max_target_step__simulation/simulation/step_0001.png"", ""/results/yao314652/home/project/outputs/visual_benchmark/qwen25vl_3b_all_modalities_rerun/images/seq_0018__max_target_step__simulation/simulation/step_0002.png"", ""/results/yao314652/home/project/outputs/visual_benchmark/qwen25vl_3b_all_modalities_rerun/images/seq_0018__max_target_step__simulation/simulation/step_0003.png"", ""/results/yao314652/home/project/outputs/visual_benchmark/qwen25vl_3b_all_modalities_rerun/images/seq_0018__max_target_step__simulation/simulation/step_0004.png""]","[{""wavelength"": 600.0, ""concentration"": 5.0, ""path_length"": 2.0, ""absorbance"": 120.0}, {""wavelength"": 600.0, ""concentration"": 4.0, ""path_length"": 2.0, ""absorbance"": 96.0}, {""wavelength"": 600.0, ""concentration"": 3.0, ""path_length"": 2.0, ""absorbance"": 72.0}, {""wavelength"": 600.0, ""concentration"": 3.0, ""path_length"": 1.0, ""absorbance"": 36.0}, {""wavelength"": 600.0, ""concentration"": 2.0, ""path_length"": 1.0, ""absorbance"": 24.0}]"
seq_0018__largest_target_drop_step__text,seq_0018,largest_target_drop_step,largest_drop_step,text,none,"At which step does absorbance show the largest drop compared with the previous step? If it never drops, answer none.",3,step_or_none,3,True,,"To determine at which step the absorbance shows the largest drop compared with the previous step, we need to calculate the difference in absorbance between consecutive steps and identify the step where this difference is the largest.

Let's calculate the differences:

- Step 1: \( 96 - 120 = -24 \)
- Step 2: \( 72 - 96 = -24 \)
- Step 3: \( 36 - 72 = -36 \)
- Step 4: \( 24 - 36 = -12 \)

Now, let's compare these differences:
- Step 1: -24
- Step 2: -24
- Step 3: -36
- Step 4: -12

The largest drop occurs at Step 3, where the absorbance decreases by 36 units compared to the previous step (Step 2).

Therefore, the answer is {""answer"": 3}.

```json
{""answer"": 3}
```",[],"[{""wavelength"": 600.0, ""concentration"": 5.0, ""path_length"": 2.0, ""absorbance"": 120.0}, {""wavelength"": 600.0, ""concentration"": 4.0, ""path_length"": 2.0, ""absorbance"": 96.0}, {""wavelength"": 600.0, ""concentration"": 3.0, ""path_length"": 2.0, ""absorbance"": 72.0}, {""wavelength"": 600.0, ""concentration"": 3.0, ""path_length"": 1.0, ""absorbance"": 36.0}, {""wavelength"": 600.0, ""concentration"": 2.0, ""path_length"": 1.0, ""absorbance"": 24.0}]"
seq_0018__largest_target_drop_step__bar,seq_0018,largest_target_drop_step,largest_drop_step,bar,bar,"At which step does absorbance show the largest drop compared with the previous step? If it never drops, answer none.",3,step_or_none,4,False,,"```json
{
    ""answer"": ""4""
}
```","[""/results/yao314652/home/project/outputs/visual_benchmark/qwen25vl_3b_all_modalities_rerun/images/seq_0018__largest_target_drop_step__bar/bar/step_0000.png"", ""/results/yao314652/home/project/outputs/visual_benchmark/qwen25vl_3b_all_modalities_rerun/images/seq_0018__largest_target_drop_step__bar/bar/step_0001.png"", ""/results/yao314652/home/project/outputs/visual_benchmark/qwen25vl_3b_all_modalities_rerun/images/seq_0018__largest_target_drop_step__bar/bar/step_0002.png"", ""/results/yao314652/home/project/outputs/visual_benchmark/qwen25vl_3b_all_modalities_rerun/images/seq_0018__largest_target_drop_step__bar/bar/step_0003.png"", ""/results/yao314652/home/project/outputs/visual_benchmark/qwen25vl_3b_all_modalities_rerun/images/seq_0018__largest_target_drop_step__bar/bar/step_0004.png""]","[{""wavelength"": 600.0, ""concentration"": 5.0, ""path_length"": 2.0, ""absorbance"": 120.0}, {""wavelength"": 600.0, ""concentration"": 4.0, ""path_length"": 2.0, ""absorbance"": 96.0}, {""wavelength"": 600.0, ""concentration"": 3.0, ""path_length"": 2.0, ""absorbance"": 72.0}, {""wavelength"": 600.0, ""concentration"": 3.0, ""path_length"": 1.0, ""absorbance"": 36.0}, {""wavelength"": 600.0, ""concentration"": 2.0, ""path_length"": 1.0, ""absorbance"": 24.0}]"
seq_0018__largest_target_drop_step__line,seq_0018,largest_target_drop_step,largest_drop_step,line,line,"At which step does absorbance show the largest drop compared with the previous step? If it never drops, answer none.",3,step_or_none,3,True,,"```json
{
  ""answer"": ""3""
}
```","[""/results/yao314652/home/project/outputs/visual_benchmark/qwen25vl_3b_all_modalities_rerun/images/seq_0018__largest_target_drop_step__line/line/seq_0018__largest_target_drop_step__line_step_0000.png"", ""/results/yao314652/home/project/outputs/visual_benchmark/qwen25vl_3b_all_modalities_rerun/images/seq_0018__largest_target_drop_step__line/line/seq_0018__largest_target_drop_step__line_step_0001.png"", ""/results/yao314652/home/project/outputs/visual_benchmark/qwen25vl_3b_all_modalities_rerun/images/seq_0018__largest_target_drop_step__line/line/seq_0018__largest_target_drop_step__line_step_0002.png"", ""/results/yao314652/home/project/outputs/visual_benchmark/qwen25vl_3b_all_modalities_rerun/images/seq_0018__largest_target_drop_step__line/line/seq_0018__largest_target_drop_step__line_step_0003.png"", ""/results/yao314652/home/project/outputs/visual_benchmark/qwen25vl_3b_all_modalities_rerun/images/seq_0018__largest_target_drop_step__line/line/seq_0018__largest_target_drop_step__line_step_0004.png""]","[{""wavelength"": 600.0, ""concentration"": 5.0, ""path_length"": 2.0, ""absorbance"": 120.0}, {""wavelength"": 600.0, ""concentration"": 4.0, ""path_length"": 2.0, ""absorbance"": 96.0}, {""wavelength"": 600.0, ""concentration"": 3.0, ""path_length"": 2.0, ""absorbance"": 72.0}, {""wavelength"": 600.0, ""concentration"": 3.0, ""path_length"": 1.0, ""absorbance"": 36.0}, {""wavelength"": 600.0, ""concentration"": 2.0, ""path_length"": 1.0, ""absorbance"": 24.0}]"
seq_0018__largest_target_drop_step__scatter,seq_0018,largest_target_drop_step,largest_drop_step,scatter,scatter,"At which step does absorbance show the largest drop compared with the previous step? If it never drops, answer none.",3,step_or_none,4,False,,"```json
{
  ""answer"": ""4""
}
```","[""/results/yao314652/home/project/outputs/visual_benchmark/qwen25vl_3b_all_modalities_rerun/images/seq_0018__largest_target_drop_step__scatter/scatter/seq_0018__largest_target_drop_step__scatter_step_0000.png"", ""/results/yao314652/home/project/outputs/visual_benchmark/qwen25vl_3b_all_modalities_rerun/images/seq_0018__largest_target_drop_step__scatter/scatter/seq_0018__largest_target_drop_step__scatter_step_0001.png"", ""/results/yao314652/home/project/outputs/visual_benchmark/qwen25vl_3b_all_modalities_rerun/images/seq_0018__largest_target_drop_step__scatter/scatter/seq_0018__largest_target_drop_step__scatter_step_0002.png"", ""/results/yao314652/home/project/outputs/visual_benchmark/qwen25vl_3b_all_modalities_rerun/images/seq_0018__largest_target_drop_step__scatter/scatter/seq_0018__largest_target_drop_step__scatter_step_0003.png"", ""/results/yao314652/home/project/outputs/visual_benchmark/qwen25vl_3b_all_modalities_rerun/images/seq_0018__largest_target_drop_step__scatter/scatter/seq_0018__largest_target_drop_step__scatter_step_0004.png""]","[{""wavelength"": 600.0, ""concentration"": 5.0, ""path_length"": 2.0, ""absorbance"": 120.0}, {""wavelength"": 600.0, ""concentration"": 4.0, ""path_length"": 2.0, ""absorbance"": 96.0}, {""wavelength"": 600.0, ""concentration"": 3.0, ""path_length"": 2.0, ""absorbance"": 72.0}, {""wavelength"": 600.0, ""concentration"": 3.0, ""path_length"": 1.0, ""absorbance"": 36.0}, {""wavelength"": 600.0, ""concentration"": 2.0, ""path_length"": 1.0, ""absorbance"": 24.0}]"
seq_0018__largest_target_drop_step__simulation,seq_0018,largest_target_drop_step,largest_drop_step,simulation,simulation,"At which step does absorbance show the largest drop compared with the previous step? If it never drops, answer none.",3,step_or_none,4,False,,"```json
{
    ""answer"": ""4""
}
```","[""/results/yao314652/home/project/outputs/visual_benchmark/qwen25vl_3b_all_modalities_rerun/images/seq_0018__largest_target_drop_step__simulation/simulation/step_0000.png"", ""/results/yao314652/home/project/outputs/visual_benchmark/qwen25vl_3b_all_modalities_rerun/images/seq_0018__largest_target_drop_step__simulation/simulation/step_0001.png"", ""/results/yao314652/home/project/outputs/visual_benchmark/qwen25vl_3b_all_modalities_rerun/images/seq_0018__largest_target_drop_step__simulation/simulation/step_0002.png"", ""/results/yao314652/home/project/outputs/visual_benchmark/qwen25vl_3b_all_modalities_rerun/images/seq_0018__largest_target_drop_step__simulation/simulation/step_0003.png"", ""/results/yao314652/home/project/outputs/visual_benchmark/qwen25vl_3b_all_modalities_rerun/images/seq_0018__largest_target_drop_step__simulation/simulation/step_0004.png""]","[{""wavelength"": 600.0, ""concentration"": 5.0, ""path_length"": 2.0, ""absorbance"": 120.0}, {""wavelength"": 600.0, ""concentration"": 4.0, ""path_length"": 2.0, ""absorbance"": 96.0}, {""wavelength"": 600.0, ""concentration"": 3.0, ""path_length"": 2.0, ""absorbance"": 72.0}, {""wavelength"": 600.0, ""concentration"": 3.0, ""path_length"": 1.0, ""absorbance"": 36.0}, {""wavelength"": 600.0, ""concentration"": 2.0, ""path_length"": 1.0, ""absorbance"": 24.0}]"
seq_0019__read_last_target__text,seq_0019,read_last_target,value_at_step,text,none,What is the value of absorbance at step 4?,240.0,number,240,True,0.0,"```json
{""answer"": 240}
```",[],"[{""wavelength"": 550.0, ""concentration"": 5.0, ""path_length"": 5.0, ""absorbance"": 275.0}, {""wavelength"": 600.0, ""concentration"": 5.0, ""path_length"": 5.0, ""absorbance"": 300.0}, {""wavelength"": 600.0, ""concentration"": 5.0, ""path_length"": 4.0, ""absorbance"": 240.0}, {""wavelength"": 550.0, ""concentration"": 5.0, ""path_length"": 4.0, ""absorbance"": 220.0}, {""wavelength"": 600.0, ""concentration"": 5.0, ""path_length"": 4.0, ""absorbance"": 240.0}]"
seq_0019__read_last_target__bar,seq_0019,read_last_target,value_at_step,bar,bar,What is the value of absorbance at step 4?,240.0,number,0.986,False,239.014,"```json
{
    ""answer"": 0.986
}
```","[""/results/yao314652/home/project/outputs/visual_benchmark/qwen25vl_3b_all_modalities_rerun/images/seq_0019__read_last_target__bar/bar/step_0000.png"", ""/results/yao314652/home/project/outputs/visual_benchmark/qwen25vl_3b_all_modalities_rerun/images/seq_0019__read_last_target__bar/bar/step_0001.png"", ""/results/yao314652/home/project/outputs/visual_benchmark/qwen25vl_3b_all_modalities_rerun/images/seq_0019__read_last_target__bar/bar/step_0002.png"", ""/results/yao314652/home/project/outputs/visual_benchmark/qwen25vl_3b_all_modalities_rerun/images/seq_0019__read_last_target__bar/bar/step_0003.png"", ""/results/yao314652/home/project/outputs/visual_benchmark/qwen25vl_3b_all_modalities_rerun/images/seq_0019__read_last_target__bar/bar/step_0004.png""]","[{""wavelength"": 550.0, ""concentration"": 5.0, ""path_length"": 5.0, ""absorbance"": 275.0}, {""wavelength"": 600.0, ""concentration"": 5.0, ""path_length"": 5.0, ""absorbance"": 300.0}, {""wavelength"": 600.0, ""concentration"": 5.0, ""path_length"": 4.0, ""absorbance"": 240.0}, {""wavelength"": 550.0, ""concentration"": 5.0, ""path_length"": 4.0, ""absorbance"": 220.0}, {""wavelength"": 600.0, ""concentration"": 5.0, ""path_length"": 4.0, ""absorbance"": 240.0}]"
seq_0019__read_last_target__line,seq_0019,read_last_target,value_at_step,line,line,What is the value of absorbance at step 4?,240.0,number,0.876319,False,239.123681,"```json
{
    ""answer"": 0.876319
}
```","[""/results/yao314652/home/project/outputs/visual_benchmark/qwen25vl_3b_all_modalities_rerun/images/seq_0019__read_last_target__line/line/seq_0019__read_last_target__line_step_0000.png"", ""/results/yao314652/home/project/outputs/visual_benchmark/qwen25vl_3b_all_modalities_rerun/images/seq_0019__read_last_target__line/line/seq_0019__read_last_target__line_step_0001.png"", ""/results/yao314652/home/project/outputs/visual_benchmark/qwen25vl_3b_all_modalities_rerun/images/seq_0019__read_last_target__line/line/seq_0019__read_last_target__line_step_0002.png"", ""/results/yao314652/home/project/outputs/visual_benchmark/qwen25vl_3b_all_modalities_rerun/images/seq_0019__read_last_target__line/line/seq_0019__read_last_target__line_step_0003.png"", ""/results/yao314652/home/project/outputs/visual_benchmark/qwen25vl_3b_all_modalities_rerun/images/seq_0019__read_last_target__line/line/seq_0019__read_last_target__line_step_0004.png""]","[{""wavelength"": 550.0, ""concentration"": 5.0, ""path_length"": 5.0, ""absorbance"": 275.0}, {""wavelength"": 600.0, ""concentration"": 5.0, ""path_length"": 5.0, ""absorbance"": 300.0}, {""wavelength"": 600.0, ""concentration"": 5.0, ""path_length"": 4.0, ""absorbance"": 240.0}, {""wavelength"": 550.0, ""concentration"": 5.0, ""path_length"": 4.0, ""absorbance"": 220.0}, {""wavelength"": 600.0, ""concentration"": 5.0, ""path_length"": 4.0, ""absorbance"": 240.0}]"
seq_0019__read_last_target__scatter,seq_0019,read_last_target,value_at_step,scatter,scatter,What is the value of absorbance at step 4?,240.0,number,0.91829,False,239.08171,"```json
{
    ""answer"": 0.91829
}
```","[""/results/yao314652/home/project/outputs/visual_benchmark/qwen25vl_3b_all_modalities_rerun/images/seq_0019__read_last_target__scatter/scatter/seq_0019__read_last_target__scatter_step_0000.png"", ""/results/yao314652/home/project/outputs/visual_benchmark/qwen25vl_3b_all_modalities_rerun/images/seq_0019__read_last_target__scatter/scatter/seq_0019__read_last_target__scatter_step_0001.png"", ""/results/yao314652/home/project/outputs/visual_benchmark/qwen25vl_3b_all_modalities_rerun/images/seq_0019__read_last_target__scatter/scatter/seq_0019__read_last_target__scatter_step_0002.png"", ""/results/yao314652/home/project/outputs/visual_benchmark/qwen25vl_3b_all_modalities_rerun/images/seq_0019__read_last_target__scatter/scatter/seq_0019__read_last_target__scatter_step_0003.png"", ""/results/yao314652/home/project/outputs/visual_benchmark/qwen25vl_3b_all_modalities_rerun/images/seq_0019__read_last_target__scatter/scatter/seq_0019__read_last_target__scatter_step_0004.png""]","[{""wavelength"": 550.0, ""concentration"": 5.0, ""path_length"": 5.0, ""absorbance"": 275.0}, {""wavelength"": 600.0, ""concentration"": 5.0, ""path_length"": 5.0, ""absorbance"": 300.0}, {""wavelength"": 600.0, ""concentration"": 5.0, ""path_length"": 4.0, ""absorbance"": 240.0}, {""wavelength"": 550.0, ""concentration"": 5.0, ""path_length"": 4.0, ""absorbance"": 220.0}, {""wavelength"": 600.0, ""concentration"": 5.0, ""path_length"": 4.0, ""absorbance"": 240.0}]"
seq_0019__read_last_target__simulation,seq_0019,read_last_target,value_at_step,simulation,simulation,What is the value of absorbance at step 4?,240.0,number,2,False,238.0,"```json
{
  ""answer"": 2
}
```","[""/results/yao314652/home/project/outputs/visual_benchmark/qwen25vl_3b_all_modalities_rerun/images/seq_0019__read_last_target__simulation/simulation/step_0000.png"", ""/results/yao314652/home/project/outputs/visual_benchmark/qwen25vl_3b_all_modalities_rerun/images/seq_0019__read_last_target__simulation/simulation/step_0001.png"", ""/results/yao314652/home/project/outputs/visual_benchmark/qwen25vl_3b_all_modalities_rerun/images/seq_0019__read_last_target__simulation/simulation/step_0002.png"", ""/results/yao314652/home/project/outputs/visual_benchmark/qwen25vl_3b_all_modalities_rerun/images/seq_0019__read_last_target__simulation/simulation/step_0003.png"", ""/results/yao314652/home/project/outputs/visual_benchmark/qwen25vl_3b_all_modalities_rerun/images/seq_0019__read_last_target__simulation/simulation/step_0004.png""]","[{""wavelength"": 550.0, ""concentration"": 5.0, ""path_length"": 5.0, ""absorbance"": 275.0}, {""wavelength"": 600.0, ""concentration"": 5.0, ""path_length"": 5.0, ""absorbance"": 300.0}, {""wavelength"": 600.0, ""concentration"": 5.0, ""path_length"": 4.0, ""absorbance"": 240.0}, {""wavelength"": 550.0, ""concentration"": 5.0, ""path_length"": 4.0, ""absorbance"": 220.0}, {""wavelength"": 600.0, ""concentration"": 5.0, ""path_length"": 4.0, ""absorbance"": 240.0}]"
seq_0019__target_change_amount__text,seq_0019,target_change_amount,change_amount,text,none,By how much does absorbance change from step 0 to step 4?,-35.0,number,-35,True,0.0,"```json
{
  ""answer"": -35
}
```",[],"[{""wavelength"": 550.0, ""concentration"": 5.0, ""path_length"": 5.0, ""absorbance"": 275.0}, {""wavelength"": 600.0, ""concentration"": 5.0, ""path_length"": 5.0, ""absorbance"": 300.0}, {""wavelength"": 600.0, ""concentration"": 5.0, ""path_length"": 4.0, ""absorbance"": 240.0}, {""wavelength"": 550.0, ""concentration"": 5.0, ""path_length"": 4.0, ""absorbance"": 220.0}, {""wavelength"": 600.0, ""concentration"": 5.0, ""path_length"": 4.0, ""absorbance"": 240.0}]"
seq_0019__target_change_amount__bar,seq_0019,target_change_amount,change_amount,bar,bar,By how much does absorbance change from step 0 to step 4?,-35.0,number,1326.8179775,False,1361.8179775,"```json
{
    ""answer"": 1326.8179775
}
```","[""/results/yao314652/home/project/outputs/visual_benchmark/qwen25vl_3b_all_modalities_rerun/images/seq_0019__target_change_amount__bar/bar/step_0000.png"", ""/results/yao314652/home/project/outputs/visual_benchmark/qwen25vl_3b_all_modalities_rerun/images/seq_0019__target_change_amount__bar/bar/step_0001.png"", ""/results/yao314652/home/project/outputs/visual_benchmark/qwen25vl_3b_all_modalities_rerun/images/seq_0019__target_change_amount__bar/bar/step_0002.png"", ""/results/yao314652/home/project/outputs/visual_benchmark/qwen25vl_3b_all_modalities_rerun/images/seq_0019__target_change_amount__bar/bar/step_0003.png"", ""/results/yao314652/home/project/outputs/visual_benchmark/qwen25vl_3b_all_modalities_rerun/images/seq_0019__target_change_amount__bar/bar/step_0004.png""]","[{""wavelength"": 550.0, ""concentration"": 5.0, ""path_length"": 5.0, ""absorbance"": 275.0}, {""wavelength"": 600.0, ""concentration"": 5.0, ""path_length"": 5.0, ""absorbance"": 300.0}, {""wavelength"": 600.0, ""concentration"": 5.0, ""path_length"": 4.0, ""absorbance"": 240.0}, {""wavelength"": 550.0, ""concentration"": 5.0, ""path_length"": 4.0, ""absorbance"": 220.0}, {""wavelength"": 600.0, ""concentration"": 5.0, ""path_length"": 4.0, ""absorbance"": 240.0}]"
seq_0019__target_change_amount__line,seq_0019,target_change_amount,change_amount,line,line,By how much does absorbance change from step 0 to step 4?,-35.0,number,0.12,False,35.12,"```json
{
    ""answer"": 0.12
}
```","[""/results/yao314652/home/project/outputs/visual_benchmark/qwen25vl_3b_all_modalities_rerun/images/seq_0019__target_change_amount__line/line/seq_0019__target_change_amount__line_step_0000.png"", ""/results/yao314652/home/project/outputs/visual_benchmark/qwen25vl_3b_all_modalities_rerun/images/seq_0019__target_change_amount__line/line/seq_0019__target_change_amount__line_step_0001.png"", ""/results/yao314652/home/project/outputs/visual_benchmark/qwen25vl_3b_all_modalities_rerun/images/seq_0019__target_change_amount__line/line/seq_0019__target_change_amount__line_step_0002.png"", ""/results/yao314652/home/project/outputs/visual_benchmark/qwen25vl_3b_all_modalities_rerun/images/seq_0019__target_change_amount__line/line/seq_0019__target_change_amount__line_step_0003.png"", ""/results/yao314652/home/project/outputs/visual_benchmark/qwen25vl_3b_all_modalities_rerun/images/seq_0019__target_change_amount__line/line/seq_0019__target_change_amount__line_step_0004.png""]","[{""wavelength"": 550.0, ""concentration"": 5.0, ""path_length"": 5.0, ""absorbance"": 275.0}, {""wavelength"": 600.0, ""concentration"": 5.0, ""path_length"": 5.0, ""absorbance"": 300.0}, {""wavelength"": 600.0, ""concentration"": 5.0, ""path_length"": 4.0, ""absorbance"": 240.0}, {""wavelength"": 550.0, ""concentration"": 5.0, ""path_length"": 4.0, ""absorbance"": 220.0}, {""wavelength"": 600.0, ""concentration"": 5.0, ""path_length"": 4.0, ""absorbance"": 240.0}]"
seq_0019__target_change_amount__scatter,seq_0019,target_change_amount,change_amount,scatter,scatter,By how much does absorbance change from step 0 to step 4?,-35.0,number,1.6,False,36.6,"```json
{
    ""answer"": 1.6
}
```","[""/results/yao314652/home/project/outputs/visual_benchmark/qwen25vl_3b_all_modalities_rerun/images/seq_0019__target_change_amount__scatter/scatter/seq_0019__target_change_amount__scatter_step_0000.png"", ""/results/yao314652/home/project/outputs/visual_benchmark/qwen25vl_3b_all_modalities_rerun/images/seq_0019__target_change_amount__scatter/scatter/seq_0019__target_change_amount__scatter_step_0001.png"", ""/results/yao314652/home/project/outputs/visual_benchmark/qwen25vl_3b_all_modalities_rerun/images/seq_0019__target_change_amount__scatter/scatter/seq_0019__target_change_amount__scatter_step_0002.png"", ""/results/yao314652/home/project/outputs/visual_benchmark/qwen25vl_3b_all_modalities_rerun/images/seq_0019__target_change_amount__scatter/scatter/seq_0019__target_change_amount__scatter_step_0003.png"", ""/results/yao314652/home/project/outputs/visual_benchmark/qwen25vl_3b_all_modalities_rerun/images/seq_0019__target_change_amount__scatter/scatter/seq_0019__target_change_amount__scatter_step_0004.png""]","[{""wavelength"": 550.0, ""concentration"": 5.0, ""path_length"": 5.0, ""absorbance"": 275.0}, {""wavelength"": 600.0, ""concentration"": 5.0, ""path_length"": 5.0, ""absorbance"": 300.0}, {""wavelength"": 600.0, ""concentration"": 5.0, ""path_length"": 4.0, ""absorbance"": 240.0}, {""wavelength"": 550.0, ""concentration"": 5.0, ""path_length"": 4.0, ""absorbance"": 220.0}, {""wavelength"": 600.0, ""concentration"": 5.0, ""path_length"": 4.0, ""absorbance"": 240.0}]"
seq_0019__target_change_amount__simulation,seq_0019,target_change_amount,change_amount,simulation,simulation,By how much does absorbance change from step 0 to step 4?,-35.0,number,0.1,False,35.1,"```json
{
  ""answer"": 0.1
}
```","[""/results/yao314652/home/project/outputs/visual_benchmark/qwen25vl_3b_all_modalities_rerun/images/seq_0019__target_change_amount__simulation/simulation/step_0000.png"", ""/results/yao314652/home/project/outputs/visual_benchmark/qwen25vl_3b_all_modalities_rerun/images/seq_0019__target_change_amount__simulation/simulation/step_0001.png"", ""/results/yao314652/home/project/outputs/visual_benchmark/qwen25vl_3b_all_modalities_rerun/images/seq_0019__target_change_amount__simulation/simulation/step_0002.png"", ""/results/yao314652/home/project/outputs/visual_benchmark/qwen25vl_3b_all_modalities_rerun/images/seq_0019__target_change_amount__simulation/simulation/step_0003.png"", ""/results/yao314652/home/project/outputs/visual_benchmark/qwen25vl_3b_all_modalities_rerun/images/seq_0019__target_change_amount__simulation/simulation/step_0004.png""]","[{""wavelength"": 550.0, ""concentration"": 5.0, ""path_length"": 5.0, ""absorbance"": 275.0}, {""wavelength"": 600.0, ""concentration"": 5.0, ""path_length"": 5.0, ""absorbance"": 300.0}, {""wavelength"": 600.0, ""concentration"": 5.0, ""path_length"": 4.0, ""absorbance"": 240.0}, {""wavelength"": 550.0, ""concentration"": 5.0, ""path_length"": 4.0, ""absorbance"": 220.0}, {""wavelength"": 600.0, ""concentration"": 5.0, ""path_length"": 4.0, ""absorbance"": 240.0}]"
seq_0019__target_change_direction__text,seq_0019,target_change_direction,change_direction,text,none,"Does absorbance increase, decrease, or stay the same from step 0 to step 4?",decrease,category,same,False,,"{""answer"": ""same""}",[],"[{""wavelength"": 550.0, ""concentration"": 5.0, ""path_length"": 5.0, ""absorbance"": 275.0}, {""wavelength"": 600.0, ""concentration"": 5.0, ""path_length"": 5.0, ""absorbance"": 300.0}, {""wavelength"": 600.0, ""concentration"": 5.0, ""path_length"": 4.0, ""absorbance"": 240.0}, {""wavelength"": 550.0, ""concentration"": 5.0, ""path_length"": 4.0, ""absorbance"": 220.0}, {""wavelength"": 600.0, ""concentration"": 5.0, ""path_length"": 4.0, ""absorbance"": 240.0}]"
seq_0019__target_change_direction__bar,seq_0019,target_change_direction,change_direction,bar,bar,"Does absorbance increase, decrease, or stay the same from step 0 to step 4?",decrease,category,increase,False,,"{
  ""answer"": ""increase""
}","[""/results/yao314652/home/project/outputs/visual_benchmark/qwen25vl_3b_all_modalities_rerun/images/seq_0019__target_change_direction__bar/bar/step_0000.png"", ""/results/yao314652/home/project/outputs/visual_benchmark/qwen25vl_3b_all_modalities_rerun/images/seq_0019__target_change_direction__bar/bar/step_0001.png"", ""/results/yao314652/home/project/outputs/visual_benchmark/qwen25vl_3b_all_modalities_rerun/images/seq_0019__target_change_direction__bar/bar/step_0002.png"", ""/results/yao314652/home/project/outputs/visual_benchmark/qwen25vl_3b_all_modalities_rerun/images/seq_0019__target_change_direction__bar/bar/step_0003.png"", ""/results/yao314652/home/project/outputs/visual_benchmark/qwen25vl_3b_all_modalities_rerun/images/seq_0019__target_change_direction__bar/bar/step_0004.png""]","[{""wavelength"": 550.0, ""concentration"": 5.0, ""path_length"": 5.0, ""absorbance"": 275.0}, {""wavelength"": 600.0, ""concentration"": 5.0, ""path_length"": 5.0, ""absorbance"": 300.0}, {""wavelength"": 600.0, ""concentration"": 5.0, ""path_length"": 4.0, ""absorbance"": 240.0}, {""wavelength"": 550.0, ""concentration"": 5.0, ""path_length"": 4.0, ""absorbance"": 220.0}, {""wavelength"": 600.0, ""concentration"": 5.0, ""path_length"": 4.0, ""absorbance"": 240.0}]"
seq_0019__target_change_direction__line,seq_0019,target_change_direction,change_direction,line,line,"Does absorbance increase, decrease, or stay the same from step 0 to step 4?",decrease,category,decrease,True,,"```json
{
  ""answer"": ""decrease""
}
```","[""/results/yao314652/home/project/outputs/visual_benchmark/qwen25vl_3b_all_modalities_rerun/images/seq_0019__target_change_direction__line/line/seq_0019__target_change_direction__line_step_0000.png"", ""/results/yao314652/home/project/outputs/visual_benchmark/qwen25vl_3b_all_modalities_rerun/images/seq_0019__target_change_direction__line/line/seq_0019__target_change_direction__line_step_0001.png"", ""/results/yao314652/home/project/outputs/visual_benchmark/qwen25vl_3b_all_modalities_rerun/images/seq_0019__target_change_direction__line/line/seq_0019__target_change_direction__line_step_0002.png"", ""/results/yao314652/home/project/outputs/visual_benchmark/qwen25vl_3b_all_modalities_rerun/images/seq_0019__target_change_direction__line/line/seq_0019__target_change_direction__line_step_0003.png"", ""/results/yao314652/home/project/outputs/visual_benchmark/qwen25vl_3b_all_modalities_rerun/images/seq_0019__target_change_direction__line/line/seq_0019__target_change_direction__line_step_0004.png""]","[{""wavelength"": 550.0, ""concentration"": 5.0, ""path_length"": 5.0, ""absorbance"": 275.0}, {""wavelength"": 600.0, ""concentration"": 5.0, ""path_length"": 5.0, ""absorbance"": 300.0}, {""wavelength"": 600.0, ""concentration"": 5.0, ""path_length"": 4.0, ""absorbance"": 240.0}, {""wavelength"": 550.0, ""concentration"": 5.0, ""path_length"": 4.0, ""absorbance"": 220.0}, {""wavelength"": 600.0, ""concentration"": 5.0, ""path_length"": 4.0, ""absorbance"": 240.0}]"
seq_0019__target_change_direction__scatter,seq_0019,target_change_direction,change_direction,scatter,scatter,"Does absorbance increase, decrease, or stay the same from step 0 to step 4?",decrease,category,increase,False,,"```json
{
  ""answer"": ""increase""
}
```","[""/results/yao314652/home/project/outputs/visual_benchmark/qwen25vl_3b_all_modalities_rerun/images/seq_0019__target_change_direction__scatter/scatter/seq_0019__target_change_direction__scatter_step_0000.png"", ""/results/yao314652/home/project/outputs/visual_benchmark/qwen25vl_3b_all_modalities_rerun/images/seq_0019__target_change_direction__scatter/scatter/seq_0019__target_change_direction__scatter_step_0001.png"", ""/results/yao314652/home/project/outputs/visual_benchmark/qwen25vl_3b_all_modalities_rerun/images/seq_0019__target_change_direction__scatter/scatter/seq_0019__target_change_direction__scatter_step_0002.png"", ""/results/yao314652/home/project/outputs/visual_benchmark/qwen25vl_3b_all_modalities_rerun/images/seq_0019__target_change_direction__scatter/scatter/seq_0019__target_change_direction__scatter_step_0003.png"", ""/results/yao314652/home/project/outputs/visual_benchmark/qwen25vl_3b_all_modalities_rerun/images/seq_0019__target_change_direction__scatter/scatter/seq_0019__target_change_direction__scatter_step_0004.png""]","[{""wavelength"": 550.0, ""concentration"": 5.0, ""path_length"": 5.0, ""absorbance"": 275.0}, {""wavelength"": 600.0, ""concentration"": 5.0, ""path_length"": 5.0, ""absorbance"": 300.0}, {""wavelength"": 600.0, ""concentration"": 5.0, ""path_length"": 4.0, ""absorbance"": 240.0}, {""wavelength"": 550.0, ""concentration"": 5.0, ""path_length"": 4.0, ""absorbance"": 220.0}, {""wavelength"": 600.0, ""concentration"": 5.0, ""path_length"": 4.0, ""absorbance"": 240.0}]"
seq_0019__target_change_direction__simulation,seq_0019,target_change_direction,change_direction,simulation,simulation,"Does absorbance increase, decrease, or stay the same from step 0 to step 4?",decrease,category,decrease,True,,"{""answer"": ""decrease""}","[""/results/yao314652/home/project/outputs/visual_benchmark/qwen25vl_3b_all_modalities_rerun/images/seq_0019__target_change_direction__simulation/simulation/step_0000.png"", ""/results/yao314652/home/project/outputs/visual_benchmark/qwen25vl_3b_all_modalities_rerun/images/seq_0019__target_change_direction__simulation/simulation/step_0001.png"", ""/results/yao314652/home/project/outputs/visual_benchmark/qwen25vl_3b_all_modalities_rerun/images/seq_0019__target_change_direction__simulation/simulation/step_0002.png"", ""/results/yao314652/home/project/outputs/visual_benchmark/qwen25vl_3b_all_modalities_rerun/images/seq_0019__target_change_direction__simulation/simulation/step_0003.png"", ""/results/yao314652/home/project/outputs/visual_benchmark/qwen25vl_3b_all_modalities_rerun/images/seq_0019__target_change_direction__simulation/simulation/step_0004.png""]","[{""wavelength"": 550.0, ""concentration"": 5.0, ""path_length"": 5.0, ""absorbance"": 275.0}, {""wavelength"": 600.0, ""concentration"": 5.0, ""path_length"": 5.0, ""absorbance"": 300.0}, {""wavelength"": 600.0, ""concentration"": 5.0, ""path_length"": 4.0, ""absorbance"": 240.0}, {""wavelength"": 550.0, ""concentration"": 5.0, ""path_length"": 4.0, ""absorbance"": 220.0}, {""wavelength"": 600.0, ""concentration"": 5.0, ""path_length"": 4.0, ""absorbance"": 240.0}]"
seq_0019__changed_variable_0_to_1__text,seq_0019,changed_variable_0_to_1,changed_variable,text,none,Which input variable changed from step 0 to step 1?,wavelength,category,wavelength,True,,"{""answer"": ""wavelength""}",[],"[{""wavelength"": 550.0, ""concentration"": 5.0, ""path_length"": 5.0, ""absorbance"": 275.0}, {""wavelength"": 600.0, ""concentration"": 5.0, ""path_length"": 5.0, ""absorbance"": 300.0}, {""wavelength"": 600.0, ""concentration"": 5.0, ""path_length"": 4.0, ""absorbance"": 240.0}, {""wavelength"": 550.0, ""concentration"": 5.0, ""path_length"": 4.0, ""absorbance"": 220.0}, {""wavelength"": 600.0, ""concentration"": 5.0, ""path_length"": 4.0, ""absorbance"": 240.0}]"
seq_0019__changed_variable_0_to_1__bar,seq_0019,changed_variable_0_to_1,changed_variable,bar,bar,Which input variable changed from step 0 to step 1?,wavelength,category,quantity,False,,"{""answer"": ""quantity""}","[""/results/yao314652/home/project/outputs/visual_benchmark/qwen25vl_3b_all_modalities_rerun/images/seq_0019__changed_variable_0_to_1__bar/bar/step_0000.png"", ""/results/yao314652/home/project/outputs/visual_benchmark/qwen25vl_3b_all_modalities_rerun/images/seq_0019__changed_variable_0_to_1__bar/bar/step_0001.png"", ""/results/yao314652/home/project/outputs/visual_benchmark/qwen25vl_3b_all_modalities_rerun/images/seq_0019__changed_variable_0_to_1__bar/bar/step_0002.png"", ""/results/yao314652/home/project/outputs/visual_benchmark/qwen25vl_3b_all_modalities_rerun/images/seq_0019__changed_variable_0_to_1__bar/bar/step_0003.png"", ""/results/yao314652/home/project/outputs/visual_benchmark/qwen25vl_3b_all_modalities_rerun/images/seq_0019__changed_variable_0_to_1__bar/bar/step_0004.png""]","[{""wavelength"": 550.0, ""concentration"": 5.0, ""path_length"": 5.0, ""absorbance"": 275.0}, {""wavelength"": 600.0, ""concentration"": 5.0, ""path_length"": 5.0, ""absorbance"": 300.0}, {""wavelength"": 600.0, ""concentration"": 5.0, ""path_length"": 4.0, ""absorbance"": 240.0}, {""wavelength"": 550.0, ""concentration"": 5.0, ""path_length"": 4.0, ""absorbance"": 220.0}, {""wavelength"": 600.0, ""concentration"": 5.0, ""path_length"": 4.0, ""absorbance"": 240.0}]"
seq_0019__changed_variable_0_to_1__line,seq_0019,changed_variable_0_to_1,changed_variable,line,line,Which input variable changed from step 0 to step 1?,wavelength,category,input_variable_3,False,,"{""answer"": ""input_variable_3""}","[""/results/yao314652/home/project/outputs/visual_benchmark/qwen25vl_3b_all_modalities_rerun/images/seq_0019__changed_variable_0_to_1__line/line/seq_0019__changed_variable_0_to_1__line_step_0000.png"", ""/results/yao314652/home/project/outputs/visual_benchmark/qwen25vl_3b_all_modalities_rerun/images/seq_0019__changed_variable_0_to_1__line/line/seq_0019__changed_variable_0_to_1__line_step_0001.png"", ""/results/yao314652/home/project/outputs/visual_benchmark/qwen25vl_3b_all_modalities_rerun/images/seq_0019__changed_variable_0_to_1__line/line/seq_0019__changed_variable_0_to_1__line_step_0002.png"", ""/results/yao314652/home/project/outputs/visual_benchmark/qwen25vl_3b_all_modalities_rerun/images/seq_0019__changed_variable_0_to_1__line/line/seq_0019__changed_variable_0_to_1__line_step_0003.png"", ""/results/yao314652/home/project/outputs/visual_benchmark/qwen25vl_3b_all_modalities_rerun/images/seq_0019__changed_variable_0_to_1__line/line/seq_0019__changed_variable_0_to_1__line_step_0004.png""]","[{""wavelength"": 550.0, ""concentration"": 5.0, ""path_length"": 5.0, ""absorbance"": 275.0}, {""wavelength"": 600.0, ""concentration"": 5.0, ""path_length"": 5.0, ""absorbance"": 300.0}, {""wavelength"": 600.0, ""concentration"": 5.0, ""path_length"": 4.0, ""absorbance"": 240.0}, {""wavelength"": 550.0, ""concentration"": 5.0, ""path_length"": 4.0, ""absorbance"": 220.0}, {""wavelength"": 600.0, ""concentration"": 5.0, ""path_length"": 4.0, ""absorbance"": 240.0}]"
seq_0019__changed_variable_0_to_1__scatter,seq_0019,changed_variable_0_to_1,changed_variable,scatter,scatter,Which input variable changed from step 0 to step 1?,wavelength,category,y,False,,"{""answer"": ""y""}","[""/results/yao314652/home/project/outputs/visual_benchmark/qwen25vl_3b_all_modalities_rerun/images/seq_0019__changed_variable_0_to_1__scatter/scatter/seq_0019__changed_variable_0_to_1__scatter_step_0000.png"", ""/results/yao314652/home/project/outputs/visual_benchmark/qwen25vl_3b_all_modalities_rerun/images/seq_0019__changed_variable_0_to_1__scatter/scatter/seq_0019__changed_variable_0_to_1__scatter_step_0001.png"", ""/results/yao314652/home/project/outputs/visual_benchmark/qwen25vl_3b_all_modalities_rerun/images/seq_0019__changed_variable_0_to_1__scatter/scatter/seq_0019__changed_variable_0_to_1__scatter_step_0002.png"", ""/results/yao314652/home/project/outputs/visual_benchmark/qwen25vl_3b_all_modalities_rerun/images/seq_0019__changed_variable_0_to_1__scatter/scatter/seq_0019__changed_variable_0_to_1__scatter_step_0003.png"", ""/results/yao314652/home/project/outputs/visual_benchmark/qwen25vl_3b_all_modalities_rerun/images/seq_0019__changed_variable_0_to_1__scatter/scatter/seq_0019__changed_variable_0_to_1__scatter_step_0004.png""]","[{""wavelength"": 550.0, ""concentration"": 5.0, ""path_length"": 5.0, ""absorbance"": 275.0}, {""wavelength"": 600.0, ""concentration"": 5.0, ""path_length"": 5.0, ""absorbance"": 300.0}, {""wavelength"": 600.0, ""concentration"": 5.0, ""path_length"": 4.0, ""absorbance"": 240.0}, {""wavelength"": 550.0, ""concentration"": 5.0, ""path_length"": 4.0, ""absorbance"": 220.0}, {""wavelength"": 600.0, ""concentration"": 5.0, ""path_length"": 4.0, ""absorbance"": 240.0}]"
seq_0019__changed_variable_0_to_1__simulation,seq_0019,changed_variable_0_to_1,changed_variable,simulation,simulation,Which input variable changed from step 0 to step 1?,wavelength,category,input brightness,False,,"{""answer"": ""input brightness""}","[""/results/yao314652/home/project/outputs/visual_benchmark/qwen25vl_3b_all_modalities_rerun/images/seq_0019__changed_variable_0_to_1__simulation/simulation/step_0000.png"", ""/results/yao314652/home/project/outputs/visual_benchmark/qwen25vl_3b_all_modalities_rerun/images/seq_0019__changed_variable_0_to_1__simulation/simulation/step_0001.png"", ""/results/yao314652/home/project/outputs/visual_benchmark/qwen25vl_3b_all_modalities_rerun/images/seq_0019__changed_variable_0_to_1__simulation/simulation/step_0002.png"", ""/results/yao314652/home/project/outputs/visual_benchmark/qwen25vl_3b_all_modalities_rerun/images/seq_0019__changed_variable_0_to_1__simulation/simulation/step_0003.png"", ""/results/yao314652/home/project/outputs/visual_benchmark/qwen25vl_3b_all_modalities_rerun/images/seq_0019__changed_variable_0_to_1__simulation/simulation/step_0004.png""]","[{""wavelength"": 550.0, ""concentration"": 5.0, ""path_length"": 5.0, ""absorbance"": 275.0}, {""wavelength"": 600.0, ""concentration"": 5.0, ""path_length"": 5.0, ""absorbance"": 300.0}, {""wavelength"": 600.0, ""concentration"": 5.0, ""path_length"": 4.0, ""absorbance"": 240.0}, {""wavelength"": 550.0, ""concentration"": 5.0, ""path_length"": 4.0, ""absorbance"": 220.0}, {""wavelength"": 600.0, ""concentration"": 5.0, ""path_length"": 4.0, ""absorbance"": 240.0}]"
seq_0019__max_target_step__text,seq_0019,max_target_step,max_step,text,none,At which step is absorbance the highest?,1,step,1,True,,"```json
{
  ""answer"": 1
}
```",[],"[{""wavelength"": 550.0, ""concentration"": 5.0, ""path_length"": 5.0, ""absorbance"": 275.0}, {""wavelength"": 600.0, ""concentration"": 5.0, ""path_length"": 5.0, ""absorbance"": 300.0}, {""wavelength"": 600.0, ""concentration"": 5.0, ""path_length"": 4.0, ""absorbance"": 240.0}, {""wavelength"": 550.0, ""concentration"": 5.0, ""path_length"": 4.0, ""absorbance"": 220.0}, {""wavelength"": 600.0, ""concentration"": 5.0, ""path_length"": 4.0, ""absorbance"": 240.0}]"
seq_0019__max_target_step__bar,seq_0019,max_target_step,max_step,bar,bar,At which step is absorbance the highest?,1,step,1,True,,"```json
{
    ""answer"": 1
}
```","[""/results/yao314652/home/project/outputs/visual_benchmark/qwen25vl_3b_all_modalities_rerun/images/seq_0019__max_target_step__bar/bar/step_0000.png"", ""/results/yao314652/home/project/outputs/visual_benchmark/qwen25vl_3b_all_modalities_rerun/images/seq_0019__max_target_step__bar/bar/step_0001.png"", ""/results/yao314652/home/project/outputs/visual_benchmark/qwen25vl_3b_all_modalities_rerun/images/seq_0019__max_target_step__bar/bar/step_0002.png"", ""/results/yao314652/home/project/outputs/visual_benchmark/qwen25vl_3b_all_modalities_rerun/images/seq_0019__max_target_step__bar/bar/step_0003.png"", ""/results/yao314652/home/project/outputs/visual_benchmark/qwen25vl_3b_all_modalities_rerun/images/seq_0019__max_target_step__bar/bar/step_0004.png""]","[{""wavelength"": 550.0, ""concentration"": 5.0, ""path_length"": 5.0, ""absorbance"": 275.0}, {""wavelength"": 600.0, ""concentration"": 5.0, ""path_length"": 5.0, ""absorbance"": 300.0}, {""wavelength"": 600.0, ""concentration"": 5.0, ""path_length"": 4.0, ""absorbance"": 240.0}, {""wavelength"": 550.0, ""concentration"": 5.0, ""path_length"": 4.0, ""absorbance"": 220.0}, {""wavelength"": 600.0, ""concentration"": 5.0, ""path_length"": 4.0, ""absorbance"": 240.0}]"
seq_0019__max_target_step__line,seq_0019,max_target_step,max_step,line,line,At which step is absorbance the highest?,1,step,[1],False,,"```json
{
    ""answer"": [1]
}
```","[""/results/yao314652/home/project/outputs/visual_benchmark/qwen25vl_3b_all_modalities_rerun/images/seq_0019__max_target_step__line/line/seq_0019__max_target_step__line_step_0000.png"", ""/results/yao314652/home/project/outputs/visual_benchmark/qwen25vl_3b_all_modalities_rerun/images/seq_0019__max_target_step__line/line/seq_0019__max_target_step__line_step_0001.png"", ""/results/yao314652/home/project/outputs/visual_benchmark/qwen25vl_3b_all_modalities_rerun/images/seq_0019__max_target_step__line/line/seq_0019__max_target_step__line_step_0002.png"", ""/results/yao314652/home/project/outputs/visual_benchmark/qwen25vl_3b_all_modalities_rerun/images/seq_0019__max_target_step__line/line/seq_0019__max_target_step__line_step_0003.png"", ""/results/yao314652/home/project/outputs/visual_benchmark/qwen25vl_3b_all_modalities_rerun/images/seq_0019__max_target_step__line/line/seq_0019__max_target_step__line_step_0004.png""]","[{""wavelength"": 550.0, ""concentration"": 5.0, ""path_length"": 5.0, ""absorbance"": 275.0}, {""wavelength"": 600.0, ""concentration"": 5.0, ""path_length"": 5.0, ""absorbance"": 300.0}, {""wavelength"": 600.0, ""concentration"": 5.0, ""path_length"": 4.0, ""absorbance"": 240.0}, {""wavelength"": 550.0, ""concentration"": 5.0, ""path_length"": 4.0, ""absorbance"": 220.0}, {""wavelength"": 600.0, ""concentration"": 5.0, ""path_length"": 4.0, ""absorbance"": 240.0}]"
seq_0019__max_target_step__scatter,seq_0019,max_target_step,max_step,scatter,scatter,At which step is absorbance the highest?,1,step,1,True,,"```json
{
    ""answer"": 1
}
```","[""/results/yao314652/home/project/outputs/visual_benchmark/qwen25vl_3b_all_modalities_rerun/images/seq_0019__max_target_step__scatter/scatter/seq_0019__max_target_step__scatter_step_0000.png"", ""/results/yao314652/home/project/outputs/visual_benchmark/qwen25vl_3b_all_modalities_rerun/images/seq_0019__max_target_step__scatter/scatter/seq_0019__max_target_step__scatter_step_0001.png"", ""/results/yao314652/home/project/outputs/visual_benchmark/qwen25vl_3b_all_modalities_rerun/images/seq_0019__max_target_step__scatter/scatter/seq_0019__max_target_step__scatter_step_0002.png"", ""/results/yao314652/home/project/outputs/visual_benchmark/qwen25vl_3b_all_modalities_rerun/images/seq_0019__max_target_step__scatter/scatter/seq_0019__max_target_step__scatter_step_0003.png"", ""/results/yao314652/home/project/outputs/visual_benchmark/qwen25vl_3b_all_modalities_rerun/images/seq_0019__max_target_step__scatter/scatter/seq_0019__max_target_step__scatter_step_0004.png""]","[{""wavelength"": 550.0, ""concentration"": 5.0, ""path_length"": 5.0, ""absorbance"": 275.0}, {""wavelength"": 600.0, ""concentration"": 5.0, ""path_length"": 5.0, ""absorbance"": 300.0}, {""wavelength"": 600.0, ""concentration"": 5.0, ""path_length"": 4.0, ""absorbance"": 240.0}, {""wavelength"": 550.0, ""concentration"": 5.0, ""path_length"": 4.0, ""absorbance"": 220.0}, {""wavelength"": 600.0, ""concentration"": 5.0, ""path_length"": 4.0, ""absorbance"": 240.0}]"
seq_0019__max_target_step__simulation,seq_0019,max_target_step,max_step,simulation,simulation,At which step is absorbance the highest?,1,step,[2],False,,"```json
{
    ""answer"": [2]
}
```","[""/results/yao314652/home/project/outputs/visual_benchmark/qwen25vl_3b_all_modalities_rerun/images/seq_0019__max_target_step__simulation/simulation/step_0000.png"", ""/results/yao314652/home/project/outputs/visual_benchmark/qwen25vl_3b_all_modalities_rerun/images/seq_0019__max_target_step__simulation/simulation/step_0001.png"", ""/results/yao314652/home/project/outputs/visual_benchmark/qwen25vl_3b_all_modalities_rerun/images/seq_0019__max_target_step__simulation/simulation/step_0002.png"", ""/results/yao314652/home/project/outputs/visual_benchmark/qwen25vl_3b_all_modalities_rerun/images/seq_0019__max_target_step__simulation/simulation/step_0003.png"", ""/results/yao314652/home/project/outputs/visual_benchmark/qwen25vl_3b_all_modalities_rerun/images/seq_0019__max_target_step__simulation/simulation/step_0004.png""]","[{""wavelength"": 550.0, ""concentration"": 5.0, ""path_length"": 5.0, ""absorbance"": 275.0}, {""wavelength"": 600.0, ""concentration"": 5.0, ""path_length"": 5.0, ""absorbance"": 300.0}, {""wavelength"": 600.0, ""concentration"": 5.0, ""path_length"": 4.0, ""absorbance"": 240.0}, {""wavelength"": 550.0, ""concentration"": 5.0, ""path_length"": 4.0, ""absorbance"": 220.0}, {""wavelength"": 600.0, ""concentration"": 5.0, ""path_length"": 4.0, ""absorbance"": 240.0}]"
seq_0019__largest_target_drop_step__text,seq_0019,largest_target_drop_step,largest_drop_step,text,none,"At which step does absorbance show the largest drop compared with the previous step? If it never drops, answer none.",2,step_or_none,3,False,,"```json
{
  ""answer"": ""3""
}
```",[],"[{""wavelength"": 550.0, ""concentration"": 5.0, ""path_length"": 5.0, ""absorbance"": 275.0}, {""wavelength"": 600.0, ""concentration"": 5.0, ""path_length"": 5.0, ""absorbance"": 300.0}, {""wavelength"": 600.0, ""concentration"": 5.0, ""path_length"": 4.0, ""absorbance"": 240.0}, {""wavelength"": 550.0, ""concentration"": 5.0, ""path_length"": 4.0, ""absorbance"": 220.0}, {""wavelength"": 600.0, ""concentration"": 5.0, ""path_length"": 4.0, ""absorbance"": 240.0}]"
seq_0019__largest_target_drop_step__bar,seq_0019,largest_target_drop_step,largest_drop_step,bar,bar,"At which step does absorbance show the largest drop compared with the previous step? If it never drops, answer none.",2,step_or_none,4,False,,"```json
{
    ""answer"": ""4""
}
```","[""/results/yao314652/home/project/outputs/visual_benchmark/qwen25vl_3b_all_modalities_rerun/images/seq_0019__largest_target_drop_step__bar/bar/step_0000.png"", ""/results/yao314652/home/project/outputs/visual_benchmark/qwen25vl_3b_all_modalities_rerun/images/seq_0019__largest_target_drop_step__bar/bar/step_0001.png"", ""/results/yao314652/home/project/outputs/visual_benchmark/qwen25vl_3b_all_modalities_rerun/images/seq_0019__largest_target_drop_step__bar/bar/step_0002.png"", ""/results/yao314652/home/project/outputs/visual_benchmark/qwen25vl_3b_all_modalities_rerun/images/seq_0019__largest_target_drop_step__bar/bar/step_0003.png"", ""/results/yao314652/home/project/outputs/visual_benchmark/qwen25vl_3b_all_modalities_rerun/images/seq_0019__largest_target_drop_step__bar/bar/step_0004.png""]","[{""wavelength"": 550.0, ""concentration"": 5.0, ""path_length"": 5.0, ""absorbance"": 275.0}, {""wavelength"": 600.0, ""concentration"": 5.0, ""path_length"": 5.0, ""absorbance"": 300.0}, {""wavelength"": 600.0, ""concentration"": 5.0, ""path_length"": 4.0, ""absorbance"": 240.0}, {""wavelength"": 550.0, ""concentration"": 5.0, ""path_length"": 4.0, ""absorbance"": 220.0}, {""wavelength"": 600.0, ""concentration"": 5.0, ""path_length"": 4.0, ""absorbance"": 240.0}]"
seq_0019__largest_target_drop_step__line,seq_0019,largest_target_drop_step,largest_drop_step,line,line,"At which step does absorbance show the largest drop compared with the previous step? If it never drops, answer none.",2,step_or_none,2,True,,"```json
{
    ""answer"": ""2""
}
```","[""/results/yao314652/home/project/outputs/visual_benchmark/qwen25vl_3b_all_modalities_rerun/images/seq_0019__largest_target_drop_step__line/line/seq_0019__largest_target_drop_step__line_step_0000.png"", ""/results/yao314652/home/project/outputs/visual_benchmark/qwen25vl_3b_all_modalities_rerun/images/seq_0019__largest_target_drop_step__line/line/seq_0019__largest_target_drop_step__line_step_0001.png"", ""/results/yao314652/home/project/outputs/visual_benchmark/qwen25vl_3b_all_modalities_rerun/images/seq_0019__largest_target_drop_step__line/line/seq_0019__largest_target_drop_step__line_step_0002.png"", ""/results/yao314652/home/project/outputs/visual_benchmark/qwen25vl_3b_all_modalities_rerun/images/seq_0019__largest_target_drop_step__line/line/seq_0019__largest_target_drop_step__line_step_0003.png"", ""/results/yao314652/home/project/outputs/visual_benchmark/qwen25vl_3b_all_modalities_rerun/images/seq_0019__largest_target_drop_step__line/line/seq_0019__largest_target_drop_step__line_step_0004.png""]","[{""wavelength"": 550.0, ""concentration"": 5.0, ""path_length"": 5.0, ""absorbance"": 275.0}, {""wavelength"": 600.0, ""concentration"": 5.0, ""path_length"": 5.0, ""absorbance"": 300.0}, {""wavelength"": 600.0, ""concentration"": 5.0, ""path_length"": 4.0, ""absorbance"": 240.0}, {""wavelength"": 550.0, ""concentration"": 5.0, ""path_length"": 4.0, ""absorbance"": 220.0}, {""wavelength"": 600.0, ""concentration"": 5.0, ""path_length"": 4.0, ""absorbance"": 240.0}]"
seq_0019__largest_target_drop_step__scatter,seq_0019,largest_target_drop_step,largest_drop_step,scatter,scatter,"At which step does absorbance show the largest drop compared with the previous step? If it never drops, answer none.",2,step_or_none,2,True,,"```json
{
  ""answer"": ""2""
}
```","[""/results/yao314652/home/project/outputs/visual_benchmark/qwen25vl_3b_all_modalities_rerun/images/seq_0019__largest_target_drop_step__scatter/scatter/seq_0019__largest_target_drop_step__scatter_step_0000.png"", ""/results/yao314652/home/project/outputs/visual_benchmark/qwen25vl_3b_all_modalities_rerun/images/seq_0019__largest_target_drop_step__scatter/scatter/seq_0019__largest_target_drop_step__scatter_step_0001.png"", ""/results/yao314652/home/project/outputs/visual_benchmark/qwen25vl_3b_all_modalities_rerun/images/seq_0019__largest_target_drop_step__scatter/scatter/seq_0019__largest_target_drop_step__scatter_step_0002.png"", ""/results/yao314652/home/project/outputs/visual_benchmark/qwen25vl_3b_all_modalities_rerun/images/seq_0019__largest_target_drop_step__scatter/scatter/seq_0019__largest_target_drop_step__scatter_step_0003.png"", ""/results/yao314652/home/project/outputs/visual_benchmark/qwen25vl_3b_all_modalities_rerun/images/seq_0019__largest_target_drop_step__scatter/scatter/seq_0019__largest_target_drop_step__scatter_step_0004.png""]","[{""wavelength"": 550.0, ""concentration"": 5.0, ""path_length"": 5.0, ""absorbance"": 275.0}, {""wavelength"": 600.0, ""concentration"": 5.0, ""path_length"": 5.0, ""absorbance"": 300.0}, {""wavelength"": 600.0, ""concentration"": 5.0, ""path_length"": 4.0, ""absorbance"": 240.0}, {""wavelength"": 550.0, ""concentration"": 5.0, ""path_length"": 4.0, ""absorbance"": 220.0}, {""wavelength"": 600.0, ""concentration"": 5.0, ""path_length"": 4.0, ""absorbance"": 240.0}]"
seq_0019__largest_target_drop_step__simulation,seq_0019,largest_target_drop_step,largest_drop_step,simulation,simulation,"At which step does absorbance show the largest drop compared with the previous step? If it never drops, answer none.",2,step_or_none,4,False,,"{""answer"": ""4""}","[""/results/yao314652/home/project/outputs/visual_benchmark/qwen25vl_3b_all_modalities_rerun/images/seq_0019__largest_target_drop_step__simulation/simulation/step_0000.png"", ""/results/yao314652/home/project/outputs/visual_benchmark/qwen25vl_3b_all_modalities_rerun/images/seq_0019__largest_target_drop_step__simulation/simulation/step_0001.png"", ""/results/yao314652/home/project/outputs/visual_benchmark/qwen25vl_3b_all_modalities_rerun/images/seq_0019__largest_target_drop_step__simulation/simulation/step_0002.png"", ""/results/yao314652/home/project/outputs/visual_benchmark/qwen25vl_3b_all_modalities_rerun/images/seq_0019__largest_target_drop_step__simulation/simulation/step_0003.png"", ""/results/yao314652/home/project/outputs/visual_benchmark/qwen25vl_3b_all_modalities_rerun/images/seq_0019__largest_target_drop_step__simulation/simulation/step_0004.png""]","[{""wavelength"": 550.0, ""concentration"": 5.0, ""path_length"": 5.0, ""absorbance"": 275.0}, {""wavelength"": 600.0, ""concentration"": 5.0, ""path_length"": 5.0, ""absorbance"": 300.0}, {""wavelength"": 600.0, ""concentration"": 5.0, ""path_length"": 4.0, ""absorbance"": 240.0}, {""wavelength"": 550.0, ""concentration"": 5.0, ""path_length"": 4.0, ""absorbance"": 220.0}, {""wavelength"": 600.0, ""concentration"": 5.0, ""path_length"": 4.0, ""absorbance"": 240.0}]"
